start_s,end_s,active,predicted,confidence
0.0,9.8,True,baseload,0.9999000128447235
5.0,14.8,True,baseload,0.9999045520712293
10.0,19.8,True,baseload,0.9999045538874399
15.0,24.8,True,baseload,0.9999045520711708
20.0,29.8,True,baseload,0.9999045520712282
25.0,34.8,True,baseload,0.9999045512676064
30.0,39.8,True,baseload,0.9999045538874393
35.0,44.8,True,baseload,0.9999045512676032
40.0,49.8,True,baseload,0.9999045520712289
45.0,54.8,True,baseload,0.9999045530837721
50.0,59.8,True,baseload,0.9999045530837661
55.0,64.8,True,baseload,0.9999045515411933
60.0,69.8,True,baseload,0.9999043114749603
65.0,74.8,True,baseload,0.999904551541194
70.0,79.8,True,baseload,0.9999045530838139
75.0,84.8,True,baseload,0.9999045538873895
80.0,89.8,True,baseload,0.9999045512675458
85.0,94.8,True,baseload,0.9999045530837661
90.0,99.8,True,baseload,0.9999045538874386
95.0,104.8,True,baseload,0.9999045520712326
100.0,109.8,True,baseload,0.9999045520712286
105.0,114.8,True,baseload,0.9999045538873897
110.0,119.8,True,baseload,0.9999045538873933
115.0,124.8,True,baseload,0.9999045538873897
120.0,129.8,True,baseload,0.9999045515411953
125.0,134.8,True,baseload,0.9999045515411935
130.0,139.8,True,baseload,0.9999045538874393
135.0,144.8,True,baseload,0.99990455388739
140.0,149.8,True,baseload,0.999904553083765
145.0,154.8,True,baseload,0.99990455388739
150.0,159.8,True,baseload,0.999904553083767
155.0,164.8,True,baseload,0.9999045538874395
160.0,169.8,True,baseload,0.9999045512676048
165.0,174.8,True,baseload,0.9999045512676175
170.0,179.8,True,baseload,0.9999045520712282
175.0,184.8,True,baseload,0.999904552071228
180.0,189.8,True,baseload,0.9999045538873966
185.0,194.8,True,baseload,0.9999045538873897
190.0,199.8,True,baseload,0.9999045533574035
195.0,204.8,True,baseload,0.9999045512676088
200.0,209.8,True,baseload,0.9999045515411933
205.0,214.8,True,baseload,0.9999045530837724
210.0,219.8,True,baseload,0.9999045538874395
215.0,224.8,True,baseload,0.9999045538873904
220.0,229.8,True,baseload,0.9999045538873911
225.0,234.8,True,baseload,0.9999045520712293
230.0,239.8,True,baseload,0.9999045512676032
235.0,244.8,True,baseload,0.999904553083779
240.0,249.8,True,baseload,0.9999045512676081
245.0,254.8,True,baseload,0.999904551267611
250.0,259.8,True,baseload,0.9999045530837686
255.0,264.8,True,baseload,0.9999045512676052
260.0,269.8,True,baseload,0.9999000128447346
265.0,274.8,True,baseload,0.9999000136483347
270.0,279.8,True,baseload,0.9999045520712282
275.0,284.8,True,baseload,0.9999045520712286
280.0,289.8,True,baseload,0.9999045520712286
285.0,294.8,True,baseload,0.9999045533573537
290.0,299.8,True,baseload,0.9999045520712342
295.0,304.8,True,baseload,0.9999000128447346
300.0,309.8,True,baseload,0.999896004556539
305.0,314.8,True,baseload,0.9999045533573537
310.0,319.8,True,baseload,0.9999000136483347
315.0,324.8,True,baseload,0.999900053478229
320.0,329.8,True,baseload,0.9999045512676106
325.0,334.8,True,baseload,0.9999045533573537
330.0,339.8,True,baseload,0.9999045520711706
335.0,344.8,True,baseload,0.999904551267611
340.0,349.8,True,baseload,0.9999045530838281
345.0,354.8,True,baseload,0.99990455388739
350.0,359.8,True,baseload,0.9999045533573542
355.0,364.8,True,baseload,0.9999045530838139
360.0,369.8,True,baseload,0.9999045520712402
365.0,374.8,True,baseload,0.9999045520712488
370.0,379.8,True,baseload,0.9999045520712284
375.0,384.8,True,baseload,0.9999045520712291
380.0,389.8,True,baseload,0.9999045538874393
385.0,394.8,True,baseload,0.9999045530837726
390.0,399.8,True,baseload,0.9999045520712291
395.0,404.8,True,baseload,0.9999045538874393
400.0,409.8,True,baseload,0.9999045530837688
405.0,414.8,True,baseload,0.9999045530837744
410.0,419.8,True,baseload,0.99990001284472
415.0,424.8,True,baseload,0.999900053478229
420.0,429.8,True,baseload,0.9999000128447217
425.0,434.8,True,baseload,0.9999045512676072
430.0,439.8,True,baseload,0.9999045530837657
435.0,444.8,True,baseload,0.9999045520712286
440.0,449.8,True,baseload,0.9999045512676126
445.0,454.8,True,baseload,0.9999045520712311
450.0,459.8,True,baseload,0.9999045530838159
455.0,464.8,True,baseload,0.999904553357403
460.0,469.8,True,baseload,0.9999045530838212
465.0,474.8,True,baseload,0.99990455388739
470.0,479.8,True,baseload,0.9999045520712355
475.0,484.8,True,baseload,0.9999045520712282
480.0,489.8,True,baseload,0.9999045533573537
485.0,494.8,True,baseload,0.9999045515411928
490.0,499.8,True,baseload,0.9999045515411933
495.0,504.8,True,baseload,0.99990455388739
500.0,509.8,True,baseload,0.999904551267613
505.0,514.8,True,baseload,0.9999045512676092
510.0,519.8,True,baseload,0.999904552071232
515.0,524.8,True,baseload,0.9999045512676052
520.0,529.8,True,baseload,0.9999045530837648
525.0,534.8,True,baseload,0.9999045530837664
530.0,539.8,True,baseload,0.9999045533573537
535.0,544.8,True,baseload,0.9999045533573537
540.0,549.8,True,baseload,0.9999045533573537
545.0,554.8,True,baseload,0.999904553083767
550.0,559.8,True,baseload,0.9999045533573533
555.0,564.8,True,baseload,0.9999045530837721
560.0,569.8,True,baseload,0.9999045530837706
565.0,574.8,True,baseload,0.999904553083769
570.0,579.8,True,baseload,0.9999045533573533
575.0,584.8,True,baseload,0.9999045530837726
580.0,589.8,True,baseload,0.9999045520712293
585.0,594.8,True,baseload,0.9999045512676177
590.0,599.8,True,baseload,0.9999045512676092
595.0,604.8,True,baseload,0.9999045512676052
600.0,609.8,True,baseload,0.9999045512676166
605.0,614.8,True,baseload,0.99990455207123
610.0,619.8,True,baseload,0.9999045538874395
615.0,624.8,True,baseload,0.9999045520712291
620.0,629.8,True,baseload,0.9999045512676097
625.0,634.8,True,baseload,0.9999045512676032
630.0,639.8,True,baseload,0.99990455388739
635.0,644.8,True,baseload,0.9999045515411342
640.0,649.8,True,baseload,0.9999045515412008
645.0,654.8,True,baseload,0.9999045512676081
650.0,659.8,True,baseload,0.9999045512676052
655.0,664.8,True,baseload,0.9999045530837715
660.0,669.8,True,baseload,0.9999045530837652
665.0,674.8,True,baseload,0.9999045515411928
670.0,679.8,True,baseload,0.9999045515411928
675.0,684.8,True,baseload,0.9999045533573537
680.0,689.8,True,baseload,0.9999045530838154
685.0,694.8,True,baseload,0.9999045512676048
690.0,699.8,True,baseload,0.9999045538873906
695.0,704.8,True,baseload,0.9999045538873895
700.0,709.8,True,baseload,0.9999000136631785
705.0,714.8,True,baseload,0.9999000544558809
710.0,719.8,True,baseload,0.9999000144664925
715.0,724.8,True,baseload,0.9999045515412002
720.0,729.8,True,baseload,0.9999045512676032
725.0,734.8,True,baseload,0.9999045520712309
730.0,739.8,True,baseload,0.9999045520712362
735.0,744.8,True,baseload,0.9999045533573542
740.0,749.8,True,baseload,0.9999045530837646
745.0,754.8,True,baseload,0.9999045538873904
750.0,759.8,True,baseload,0.999904553083767
755.0,764.8,True,baseload,0.9999045512676048
760.0,769.8,True,baseload,0.9999045520712362
765.0,774.8,True,baseload,0.9999045538873904
770.0,779.8,True,baseload,0.9999045538873893
775.0,784.8,True,baseload,0.9999045530837661
780.0,789.8,True,baseload,0.9999045538873897
785.0,794.8,True,baseload,0.9999045538874006
790.0,799.8,True,baseload,0.9999045538874011
795.0,804.8,True,baseload,0.9999045538873904
800.0,809.8,True,baseload,0.999904553083773
805.0,814.8,True,baseload,0.9999045530837832
810.0,819.8,True,baseload,0.9999045530837666
815.0,824.8,True,baseload,0.999904553357403
820.0,829.8,True,baseload,0.9999045512676121
825.0,834.8,True,baseload,0.999904551267611
830.0,839.8,True,baseload,0.9999045512676081
835.0,844.8,True,baseload,0.9999045512676281
840.0,849.8,True,baseload,0.9999045512676126
845.0,854.8,True,baseload,0.9999045538874388
850.0,859.8,True,baseload,0.9999045538873897
855.0,864.8,True,baseload,0.9999045538873895
860.0,869.8,True,baseload,0.9999045538873897
865.0,874.8,True,baseload,0.9999045538873904
870.0,879.8,True,baseload,0.9999045512676101
875.0,884.8,True,baseload,0.9999045520712326
880.0,889.8,True,baseload,0.9999045538873897
885.0,894.8,True,baseload,0.999904553083843
890.0,899.8,True,baseload,0.9999045530838281
895.0,904.8,True,baseload,0.9999045515411928
900.0,909.8,True,baseload,0.9999045520712291
905.0,914.8,True,baseload,0.9999045530837661
910.0,919.8,True,baseload,0.999904553083767
915.0,924.8,True,baseload,0.999904551267607
920.0,929.8,True,baseload,0.9999045533573533
925.0,934.8,True,baseload,0.9999045538873904
930.0,939.8,True,baseload,0.9999045530837664
935.0,944.8,True,baseload,0.9999045530837744
940.0,949.8,True,baseload,0.999904553083767
945.0,954.8,True,baseload,0.9999045530838425
950.0,959.8,True,baseload,0.9999045515411944
955.0,964.8,True,baseload,0.9999045520712282
960.0,969.8,True,baseload,0.9999045538874393
965.0,974.8,True,baseload,0.9999045530837837
970.0,979.8,True,baseload,0.9999045538874399
975.0,984.8,True,baseload,0.9999000136631765
980.0,989.8,True,baseload,0.9999000544558789
985.0,994.8,True,baseload,0.9999000139375472
990.0,999.8,True,baseload,0.9999045512676039
995.0,1004.8,True,baseload,0.9999045533573546
1000.0,1009.8,True,baseload,0.9999045530837644
1005.0,1014.8,True,baseload,0.9999045530838212
1010.0,1019.8,True,baseload,0.9999045530837661
1015.0,1024.8,True,baseload,0.9999045538873904
1020.0,1029.8,True,baseload,0.999904553083767
1025.0,1034.8,True,baseload,0.9999045530837788
1030.0,1039.8,True,baseload,0.9999045530837724
1035.0,1044.8,True,baseload,0.9999045530837666
1040.0,1049.8,True,baseload,0.9999045533573537
1045.0,1054.8,True,baseload,0.9999045538873937
1050.0,1059.8,True,baseload,0.9999045538873904
1055.0,1064.8,True,baseload,0.9999045512676221
1060.0,1069.8,True,baseload,0.9999045520712302
1065.0,1074.8,True,baseload,0.9999045530837661
1070.0,1079.8,True,baseload,0.9999045530837755
1075.0,1084.8,True,baseload,0.9999045530837688
1080.0,1089.8,True,baseload,0.999904551541196
1085.0,1094.8,True,baseload,0.9999045520712422
1090.0,1099.8,True,baseload,0.9999045520712286
1095.0,1104.8,True,baseload,0.9999045530837721
1100.0,1109.8,True,baseload,0.999904553083781
1105.0,1114.8,True,baseload,0.9999045530837664
1110.0,1119.8,True,baseload,0.9999045530838216
1115.0,1124.8,True,baseload,0.9999045530837724
1120.0,1129.8,True,baseload,0.9999045538873897
1125.0,1134.8,True,baseload,0.99990455388739
1130.0,1139.8,True,baseload,0.9999045538874393
1135.0,1144.8,True,baseload,0.9999045530837726
1140.0,1149.8,True,baseload,0.9999045538873904
1145.0,1154.8,True,baseload,0.9999045538873897
1150.0,1159.8,True,baseload,0.9999045520712395
1155.0,1164.8,True,baseload,0.9999045512676301
1160.0,1169.8,True,baseload,0.9999045520712291
1165.0,1174.8,True,baseload,0.9999045530837728
1170.0,1179.8,True,baseload,0.9999045530838199
1175.0,1184.8,True,baseload,0.9999045530837684
1180.0,1189.8,True,baseload,0.999904553357356
1185.0,1194.8,True,baseload,0.9999045533573533
1190.0,1199.8,True,baseload,0.999904551267611
1195.0,1204.8,True,baseload,0.9999045538873904
1200.0,1209.8,True,baseload,0.9999045530837657
1205.0,1214.8,True,baseload,0.9999045512676052
1210.0,1219.8,True,baseload,0.9999045530837666
1215.0,1224.8,True,baseload,0.9999045530838199
1220.0,1229.8,True,baseload,0.9999045520712422
1225.0,1234.8,True,baseload,0.9999045512676223
1230.0,1239.8,True,baseload,0.9999045515411933
1235.0,1244.8,True,baseload,0.99990455388739
1240.0,1249.8,True,baseload,0.9999045530837744
1245.0,1254.8,True,baseload,0.9999045512676086
1250.0,1259.8,True,baseload,0.9999000131183039
1255.0,1264.8,True,baseload,0.999900053478229
1260.0,1269.8,True,baseload,0.9999000136483343
1265.0,1274.8,True,baseload,0.9999045538873897
1270.0,1279.8,True,baseload,0.9999045533573533
1275.0,1284.8,True,baseload,0.9999045538873897
1280.0,1289.8,True,baseload,0.9999045530837664
1285.0,1294.8,True,baseload,0.9999045530837648
1290.0,1299.8,True,baseload,0.9999045530837648
1295.0,1304.8,True,baseload,0.9999045530837664
1300.0,1309.8,True,baseload,0.9999045530838407
1305.0,1314.8,True,baseload,0.9999045530837719
1310.0,1319.8,True,baseload,0.9999045538874388
1315.0,1324.8,True,baseload,0.9999045512676052
1320.0,1329.8,True,baseload,0.9999045520712286
1325.0,1334.8,True,baseload,0.9999045520712293
1330.0,1339.8,True,baseload,0.9999045538873904
1335.0,1344.8,True,baseload,0.9999045530837664
1340.0,1349.8,True,baseload,0.9999045512676066
1345.0,1354.8,True,baseload,0.9999045512676048
1350.0,1359.8,True,baseload,0.9999045538873895
1355.0,1364.8,True,baseload,0.9999045538873897
1360.0,1369.8,True,baseload,0.9999045538873962
1365.0,1374.8,True,baseload,0.9999045533573604
1370.0,1379.8,True,baseload,0.9999045530837664
1375.0,1384.8,True,baseload,0.9999045512676032
1380.0,1389.8,True,baseload,0.999904553083767
1385.0,1394.8,True,baseload,0.9999045512676175
1390.0,1399.8,True,baseload,0.9999045512676108
1395.0,1404.8,True,baseload,0.9999045512675538
1400.0,1409.8,True,baseload,0.9999045530838159
1405.0,1414.8,True,baseload,0.9999045512676141
1410.0,1419.8,True,baseload,0.9999045512676241
1415.0,1424.8,True,baseload,0.9999045530838212
1420.0,1429.8,True,baseload,0.9999045530837664
1425.0,1434.8,True,baseload,0.9999006207719359
1430.0,1439.8,True,baseload,0.9999045530837686
1435.0,1444.8,True,baseload,0.9999045538874393
1440.0,1449.8,True,baseload,0.9999000136483347
1445.0,1454.8,True,baseload,0.999900053478229
1450.0,1459.8,True,baseload,0.9999000136483347
1455.0,1464.8,True,baseload,0.9999045533573551
1460.0,1469.8,True,baseload,0.9999045538873906
1465.0,1474.8,True,baseload,0.999904551267607
1470.0,1479.8,True,baseload,0.9999045515412084
1475.0,1484.8,True,baseload,0.999904551541194
1480.0,1489.8,True,baseload,0.9999045520712286
1485.0,1494.8,True,baseload,0.9999045512676814
1490.0,1499.8,True,baseload,0.9999045512676106
1495.0,1504.8,True,baseload,0.9999045512676119
1500.0,1509.8,True,baseload,0.9999045515411342
1505.0,1514.8,True,baseload,0.9999045538874393
1510.0,1519.8,True,baseload,0.9999045512675452
1515.0,1524.8,True,baseload,0.9999045533573537
1520.0,1529.8,True,baseload,0.9999045530837648
1525.0,1534.8,True,baseload,0.9999045530837699
1530.0,1539.8,True,baseload,0.9999000136483347
1535.0,1544.8,True,baseload,0.999900053478229
1540.0,1549.8,True,baseload,0.9999000128447348
1545.0,1554.8,True,baseload,0.9999045530837706
1550.0,1559.8,True,baseload,0.999904553083769
1555.0,1564.8,True,baseload,0.9999045530838281
1560.0,1569.8,True,baseload,0.9999045530838139
1565.0,1574.8,True,baseload,0.999904552071232
1570.0,1579.8,True,baseload,0.999904551541213
1575.0,1584.8,True,baseload,0.9999045520712282
1580.0,1589.8,True,baseload,0.9999045538873897
1585.0,1594.8,True,baseload,0.9999045533573533
1590.0,1599.8,True,baseload,0.9999045538873904
1595.0,1604.8,True,baseload,0.9999045530837666
1600.0,1609.8,True,baseload,0.999904553083767
1605.0,1614.8,True,baseload,0.999904553083767
1610.0,1619.8,True,baseload,0.9999045533573542
1615.0,1624.8,True,baseload,0.9999045515411964
1620.0,1629.8,True,baseload,0.9999045533574035
1625.0,1634.8,True,baseload,0.9999045533573542
1630.0,1639.8,True,baseload,0.9999045533573548
1635.0,1644.8,True,baseload,0.9999045520712309
1640.0,1649.8,True,baseload,0.9999045520712342
1645.0,1654.8,True,baseload,0.9999045512676039
1650.0,1659.8,True,baseload,0.9999045512676032
1655.0,1664.8,True,baseload,0.9999045520712335
1660.0,1669.8,True,baseload,0.9999045512676241
1665.0,1674.8,True,baseload,0.9999045512676097
1670.0,1679.8,True,baseload,0.9999045530838199
1675.0,1684.8,True,baseload,0.9999045538874388
1680.0,1689.8,True,baseload,0.9999045520712335
1685.0,1694.8,True,fridge,0.6877719571599856
1690.0,1699.8,True,fridge,0.2575860538822615
1695.0,1704.8,True,fridge,0.29041088095141054
1700.0,1709.8,True,fridge,0.29022115070916915
1705.0,1714.8,True,fridge,0.2904108806166674
1710.0,1719.8,True,fridge,0.29041082462136647
1715.0,1724.8,True,fridge,0.2904108806166674
1720.0,1729.8,True,fridge,0.2902058003677088
1725.0,1734.8,True,fridge,0.2902057952814967
1730.0,1739.8,True,fridge,0.2904108806166674
1735.0,1744.8,True,fridge,0.29039550544067977
1740.0,1749.8,True,fridge,0.2902211509075364
1745.0,1754.8,True,fridge,0.2902211541944366
1750.0,1759.8,True,fridge,0.2902211541944366
1755.0,1764.8,True,fridge,0.2902211513616449
1760.0,1769.8,True,fridge,0.2904108806166674
1765.0,1774.8,True,fridge,0.2904108806166674
1770.0,1779.8,True,fridge,0.2904108806166674
1775.0,1784.8,True,fridge,0.29039550544067977
1780.0,1789.8,True,fridge,0.29022115070916915
1785.0,1794.8,True,fridge,0.2874638404376581
1790.0,1799.8,True,fridge,0.287463841144742
1795.0,1804.8,True,fridge,0.2877101846590508
1800.0,1809.8,True,fridge,0.29022115070916915
1805.0,1814.8,True,fridge,0.29041088095141054
1810.0,1819.8,True,fridge,0.2904108806166674
1815.0,1824.8,True,fridge,0.2904108806166674
1820.0,1829.8,True,fridge,0.2904108806166674
1825.0,1834.8,True,fridge,0.2904108806166674
1830.0,1839.8,True,fridge,0.29041088095141054
1835.0,1844.8,True,fridge,0.2902211360150391
1840.0,1849.8,True,fridge,0.29022113552693946
1845.0,1854.8,True,fridge,0.2872926007605521
1850.0,1859.8,True,fridge,0.28742582866919536
1855.0,1864.8,True,fridge,0.28742582906214215
1860.0,1869.8,True,fridge,0.29022115187958003
1865.0,1874.8,True,fridge,0.2904108806166674
1870.0,1879.8,True,fridge,0.3013210363316491
1875.0,1884.8,True,fridge,0.30112660398641805
1880.0,1889.8,True,fridge,0.3011108659290313
1885.0,1894.8,True,fridge,0.3013210366746892
1890.0,1899.8,True,fridge,0.3013210363316491
1895.0,1904.8,True,fridge,0.3013210366746892
1900.0,1909.8,True,fridge,0.3011266047604292
1905.0,1914.8,True,fridge,0.3011266020312207
1910.0,1919.8,True,fridge,0.3013210363316491
1915.0,1924.8,True,fridge,0.30130527969862636
1920.0,1929.8,True,fridge,0.3013210363316491
1925.0,1934.8,True,fridge,0.30112660398641805
1930.0,1939.8,True,fridge,0.3011266136018277
1935.0,1944.8,True,fridge,0.2902211533723242
1940.0,1949.8,True,fridge,0.29041088095141054
1945.0,1954.8,True,fridge,0.29041088095141054
1950.0,1959.8,True,fridge,0.2904108806166674
1955.0,1964.8,True,fridge,0.2904108806166674
1960.0,1969.8,True,fridge,0.29022115070916915
1965.0,1974.8,True,fridge,0.3013210366746892
1970.0,1979.8,True,fridge,0.29825182043148296
1975.0,1984.8,True,fridge,0.2982538133339354
1980.0,1989.8,True,fridge,0.2982538127734061
1985.0,1994.8,True,fridge,0.3013210363316491
1990.0,1999.8,True,fridge,0.3013210363316491
1995.0,2004.8,True,fridge,0.3013210363316491
2000.0,2009.8,True,fridge,0.3011108727542969
2005.0,2014.8,True,fridge,0.3011266072440743
2010.0,2019.8,True,fridge,0.30130528004163265
2015.0,2024.8,True,fridge,0.3011108664830202
2020.0,2029.8,True,fridge,0.3011266032306611
2025.0,2034.8,True,fridge,0.3013210366746892
2030.0,2039.8,True,fridge,0.3011266020312207
2035.0,2044.8,True,fridge,0.3011266020312207
2040.0,2049.8,True,fridge,0.3013210363316491
2045.0,2054.8,True,fridge,0.3013210363316491
2050.0,2059.8,True,fridge,0.3013210363316491
2055.0,2064.8,True,fridge,0.3013210363316491
2060.0,2069.8,True,fridge,0.3013210363316491
2065.0,2074.8,True,fridge,0.3013210366746892
2070.0,2079.8,True,fridge,0.3013210366746892
2075.0,2084.8,True,fridge,0.30130528004163265
2080.0,2089.8,True,fridge,0.30111086572576506
2085.0,2094.8,True,fridge,0.3013210363316491
2090.0,2099.8,True,fridge,0.3013210363316491
2095.0,2104.8,True,fridge,0.3011266020312207
2100.0,2109.8,True,fridge,0.30130527969862636
2105.0,2114.8,True,fridge,0.3013210363316491
2110.0,2119.8,True,fridge,0.3011266056029322
2115.0,2124.8,True,fridge,0.3011266136018277
2120.0,2129.8,True,fridge,0.29041088095141054
2125.0,2134.8,True,fridge,0.2874186642859281
2130.0,2139.8,True,fridge,0.2874186644073327
2135.0,2144.8,True,fridge,0.28741866380017356
2140.0,2149.8,True,fridge,0.2874167210374553
2145.0,2154.8,True,fridge,0.30130528004163265
2150.0,2159.8,True,fridge,0.3011108664830202
2155.0,2164.8,True,fridge,0.3011266027885198
2160.0,2169.8,True,fridge,0.29041088095141054
2165.0,2174.8,True,fridge,0.2902211509075364
2170.0,2179.8,True,fridge,0.2904108806166674
2175.0,2184.8,True,fridge,0.29041082462136647
2180.0,2189.8,True,fridge,0.2903955051059702
2185.0,2194.8,True,fridge,0.2904108806166674
2190.0,2199.8,True,fridge,0.2902211509075364
2195.0,2204.8,True,fridge,0.2902211514481396
2200.0,2209.8,True,fridge,0.29041088095141054
2205.0,2214.8,True,fridge,0.29022115070916915
2210.0,2219.8,True,fridge,0.29022115070916915
2215.0,2224.8,True,fridge,0.2902211526170459
2220.0,2229.8,True,fridge,0.2902211526170459
2225.0,2234.8,True,fridge,0.29041088095141054
2230.0,2239.8,True,fridge,0.2904108806166674
2235.0,2244.8,True,fridge,0.2904108806166674
2240.0,2249.8,True,fridge,0.2903955051059702
2245.0,2254.8,True,fridge,0.2904108806166674
2250.0,2259.8,True,fridge,0.29022115070916915
2255.0,2264.8,True,fridge,0.2902211360150391
2260.0,2269.8,True,fridge,0.2902057805869022
2265.0,2274.8,True,fridge,0.2902211509075364
2270.0,2279.8,True,fridge,0.2902211509075364
2275.0,2284.8,True,fridge,0.29041088095141054
2280.0,2289.8,True,fridge,0.2874167210374553
2285.0,2294.8,True,fridge,0.28741866380017356
2290.0,2299.8,True,fridge,0.2874167210374553
2295.0,2304.8,True,fridge,0.2904108806166674
2300.0,2309.8,True,fridge,0.2904108806166674
2305.0,2314.8,True,fridge,0.2904108806166674
2310.0,2319.8,True,fridge,0.2902211360150391
2315.0,2324.8,True,fridge,0.2902211360150391
2320.0,2329.8,True,fridge,0.2902211541944366
2325.0,2334.8,True,fridge,0.2902211575682402
2330.0,2339.8,True,fridge,0.29022115579585933
2335.0,2344.8,True,fridge,0.2902211513616449
2340.0,2349.8,True,fridge,0.2904108806166674
2345.0,2354.8,True,fridge,0.2903955051059702
2350.0,2359.8,True,fridge,0.29041088095141054
2355.0,2364.8,True,fridge,0.2904108806166674
2360.0,2369.8,True,fridge,0.2903955051059702
2365.0,2374.8,True,fridge,0.2904108806166674
2370.0,2379.8,True,fridge,0.2902211509075364
2375.0,2384.8,True,fridge,0.29022115579585933
2380.0,2389.8,True,fridge,0.2903955051059702
2385.0,2394.8,True,fridge,0.2904108806166674
2390.0,2399.8,True,fridge,0.29041088095141054
2395.0,2404.8,True,fridge,0.29041088095141054
2400.0,2409.8,True,fridge,0.29041088095141054
2405.0,2414.8,True,fridge,0.29041088095141054
2410.0,2419.8,True,fridge,0.2903955051059702
2415.0,2424.8,True,fridge,0.29041088095141054
2420.0,2429.8,True,fridge,0.29041088095141054
2425.0,2434.8,True,fridge,0.29041088095141054
2430.0,2439.8,True,fridge,0.3011266047604292
2435.0,2444.8,True,fridge,0.3011266020312207
2440.0,2449.8,True,fridge,0.30112658706324275
2445.0,2454.8,True,fridge,0.29945411176704423
2450.0,2459.8,True,fridge,0.6913239500047593
2455.0,2464.8,True,baseload,0.9999045530837666
2460.0,2469.8,True,baseload,0.9999045538874011
2465.0,2474.8,True,baseload,0.9999045530837755
2470.0,2479.8,True,baseload,0.9999045530837666
2475.0,2484.8,True,baseload,0.9999045512675467
2480.0,2489.8,True,baseload,0.99990455388739
2485.0,2494.8,True,baseload,0.9999045530837688
2490.0,2499.8,True,baseload,0.9999045538873906
2495.0,2504.8,True,baseload,0.9999045530837648
2500.0,2509.8,True,baseload,0.9999045530837741
2505.0,2514.8,True,baseload,0.9999045512676032
2510.0,2519.8,True,baseload,0.9999043114750102
2515.0,2524.8,True,baseload,0.9999045520711701
2520.0,2529.8,True,baseload,0.999904552071228
2525.0,2534.8,True,baseload,0.9999045530838159
2530.0,2539.8,True,baseload,0.9999045515411928
2535.0,2544.8,True,baseload,0.9999045538874388
2540.0,2549.8,True,baseload,0.9999045533573537
2545.0,2554.8,True,baseload,0.9999045515412073
2550.0,2559.8,True,baseload,0.9999045512676199
2555.0,2564.8,True,baseload,0.99990455388739
2560.0,2569.8,True,baseload,0.9999045538873895
2565.0,2574.8,True,baseload,0.9999045538874388
2570.0,2579.8,True,baseload,0.9999045512676052
2575.0,2584.8,True,baseload,0.9999045515411944
2580.0,2589.8,True,baseload,0.9999045533573537
2585.0,2594.8,True,baseload,0.999904553083773
2590.0,2599.8,True,baseload,0.9999045530837646
2595.0,2604.8,True,baseload,0.9999045520712286
2600.0,2609.8,True,baseload,0.9999045538873897
2605.0,2614.8,True,baseload,0.9999045538874395
2610.0,2619.8,True,baseload,0.9999045530838154
2615.0,2624.8,True,baseload,0.9999045520712293
2620.0,2629.8,True,baseload,0.9999045520712282
2625.0,2634.8,True,baseload,0.9999045530837661
2630.0,2639.8,True,baseload,0.9999045520712286
2635.0,2644.8,True,baseload,0.9999000128448032
2640.0,2649.8,True,baseload,0.999900012844801
2645.0,2654.8,True,baseload,0.9999045530837721
2650.0,2659.8,True,baseload,0.9999045533573553
2655.0,2664.8,True,baseload,0.99990455388739
2660.0,2669.8,True,baseload,0.9999045530837646
2665.0,2674.8,True,baseload,0.9999045538873897
2670.0,2679.8,True,baseload,0.9999045530837706
2675.0,2684.8,True,baseload,0.9999045538874388
2680.0,2689.8,True,baseload,0.9999045515411933
2685.0,2694.8,True,baseload,0.9999045538874393
2690.0,2699.8,True,baseload,0.9999045530837648
2695.0,2704.8,True,baseload,0.9999045530837666
2700.0,2709.8,True,baseload,0.9999000131183039
2705.0,2714.8,True,baseload,0.999900053478229
2710.0,2719.8,True,baseload,0.9999000136483343
2715.0,2724.8,True,baseload,0.999904551267615
2720.0,2729.8,True,baseload,0.9999045515412051
2725.0,2734.8,True,baseload,0.9999045538874388
2730.0,2739.8,True,baseload,0.9999045538874393
2735.0,2744.8,True,baseload,0.9999045515411933
2740.0,2749.8,True,baseload,0.9999045515411948
2745.0,2754.8,True,baseload,0.9999045538873911
2750.0,2759.8,True,baseload,0.9999045520712286
2755.0,2764.8,True,baseload,0.9999045520712382
2760.0,2769.8,True,baseload,0.9999045520712286
2765.0,2774.8,True,baseload,0.9999045530837744
2770.0,2779.8,True,baseload,0.9999045538873897
2775.0,2784.8,True,baseload,0.999904553083779
2780.0,2789.8,True,baseload,0.9999045530837664
2785.0,2794.8,True,baseload,0.9999045538873893
2790.0,2799.8,True,baseload,0.9999045538874388
2795.0,2804.8,True,baseload,0.9999045530837719
2800.0,2809.8,True,baseload,0.9999045538874393
2805.0,2814.8,True,baseload,0.9999045515411928
2810.0,2819.8,True,baseload,0.9999045530837832
2815.0,2824.8,True,baseload,0.9999045530837648
2820.0,2829.8,True,baseload,0.9999045512676119
2825.0,2834.8,True,baseload,0.9999045512676081
2830.0,2839.8,True,baseload,0.9999045530837664
2835.0,2844.8,True,baseload,0.9999045530837777
2840.0,2849.8,True,baseload,0.9999045530837664
2845.0,2854.8,True,baseload,0.9999045530837786
2850.0,2859.8,True,baseload,0.9999045538873895
2855.0,2864.8,True,baseload,0.9999045530837746
2860.0,2869.8,True,baseload,0.9999045512676048
2865.0,2874.8,True,baseload,0.9999045512676108
2870.0,2879.8,True,baseload,0.9999045520712282
2875.0,2884.8,True,baseload,0.9999045512676032
2880.0,2889.8,True,baseload,0.999904551267613
2885.0,2894.8,True,baseload,0.9999045538873906
2890.0,2899.8,True,baseload,0.9999045530837837
2895.0,2904.8,True,baseload,0.9999045530837661
2900.0,2909.8,True,baseload,0.9999045520712293
2905.0,2914.8,True,baseload,0.9999045533573542
2910.0,2919.8,True,baseload,0.9999045538873895
2915.0,2924.8,True,baseload,0.999904551267611
2920.0,2929.8,True,baseload,0.9999045520712382
2925.0,2934.8,True,baseload,0.9999045512676092
2930.0,2939.8,True,baseload,0.9999045533573537
2935.0,2944.8,True,baseload,0.9999045512676048
2940.0,2949.8,True,baseload,0.9999045520712282
2945.0,2954.8,True,baseload,0.9999000136631709
2950.0,2959.8,True,baseload,0.9999000544558789
2955.0,2964.8,True,baseload,0.9999000136631718
2960.0,2969.8,True,baseload,0.9999045530837666
2965.0,2974.8,True,baseload,0.999904553083767
2970.0,2979.8,True,baseload,0.9999045530837661
2975.0,2984.8,True,baseload,0.9999045530837646
2980.0,2989.8,True,baseload,0.999904553083765
2985.0,2994.8,True,baseload,0.9999045530837719
2990.0,2999.8,True,baseload,0.9999045530838225
2995.0,3004.8,True,baseload,0.9999045515411991
3000.0,3009.8,True,baseload,0.9999045520712282
3005.0,3014.8,True,baseload,0.9999045538873897
3010.0,3019.8,True,baseload,0.999904553083767
3015.0,3024.8,True,baseload,0.9999045530838281
3020.0,3029.8,True,baseload,0.9999045512676119
3025.0,3034.8,True,baseload,0.999904551267611
3030.0,3039.8,True,baseload,0.9999045512676126
3035.0,3044.8,True,baseload,0.9999000136631765
3040.0,3049.8,True,baseload,0.9999000544558787
3045.0,3054.8,True,baseload,0.9999000144664931
3050.0,3059.8,True,baseload,0.9999045538874386
3055.0,3064.8,True,baseload,0.9999045533573533
3060.0,3069.8,True,baseload,0.9999045512676052
3065.0,3074.8,True,baseload,0.9999045515411928
3070.0,3079.8,True,baseload,0.99990455388739
3075.0,3084.8,True,baseload,0.9999045512676814
3080.0,3089.8,True,baseload,0.9999045512676292
3085.0,3094.8,True,baseload,0.9999045512676106
3090.0,3099.8,True,baseload,0.99990455388739
3095.0,3104.8,True,baseload,0.9999045533573533
3100.0,3109.8,True,baseload,0.9999045533573548
3105.0,3114.8,True,baseload,0.9999045533573542
3110.0,3119.8,True,baseload,0.99990455388739
3115.0,3124.8,True,baseload,0.9999000128447191
3120.0,3129.8,True,baseload,0.9999000544558789
3125.0,3134.8,True,baseload,0.9999000136631776
3130.0,3139.8,True,baseload,0.9999045512676092
3135.0,3144.8,True,baseload,0.9999045530837803
3140.0,3149.8,True,baseload,0.9999045538873904
3145.0,3154.8,True,baseload,0.9999045520712289
3150.0,3159.8,True,baseload,0.9999045538873904
3155.0,3164.8,True,baseload,0.9999045512676106
3160.0,3169.8,True,baseload,0.999904553357403
3165.0,3174.8,True,baseload,0.9999045530837664
3170.0,3179.8,True,baseload,0.9999045530837726
3175.0,3184.8,True,baseload,0.9999045530837657
3180.0,3189.8,True,baseload,0.9999045520711706
3185.0,3194.8,True,baseload,0.9999045530838199
3190.0,3199.8,True,baseload,0.9999045538873895
3195.0,3204.8,True,baseload,0.9999045538873904
3200.0,3209.8,True,baseload,0.9999045533573537
3205.0,3214.8,True,baseload,0.999904553083769
3210.0,3219.8,True,baseload,0.999900053478229
3215.0,3224.8,True,baseload,0.9999000136483347
3220.0,3229.8,True,baseload,0.9999045520712282
3225.0,3234.8,True,baseload,0.9999045515411933
3230.0,3239.8,True,baseload,0.9999045512676175
3235.0,3244.8,True,baseload,0.9999045538873911
3240.0,3249.8,True,baseload,0.9999045515411928
3245.0,3254.8,True,baseload,0.99990455388739
3250.0,3259.8,True,baseload,0.9999045512676159
3255.0,3264.8,True,baseload,0.999904552071234
3260.0,3269.8,True,baseload,0.9999045530837657
3265.0,3274.8,True,baseload,0.9999045530837664
3270.0,3279.8,True,baseload,0.9999045530837666
3275.0,3284.8,True,baseload,0.9999045530838199
3280.0,3289.8,True,baseload,0.9999045538873909
3285.0,3294.8,True,baseload,0.9999045530837724
3290.0,3299.8,True,baseload,0.9999045512676052
3295.0,3304.8,True,baseload,0.9999045538874388
3300.0,3309.8,True,baseload,0.9999045538873904
3305.0,3314.8,True,washing_machine,0.9216221742574119
3310.0,3319.8,True,washing_machine,0.9223399854703884
3315.0,3324.8,True,baseload,0.9999045512676275
3320.0,3329.8,True,baseload,0.9999045512676175
3325.0,3334.8,True,baseload,0.9999045530838179
3330.0,3339.8,True,baseload,0.9999045530838139
3335.0,3344.8,True,baseload,0.9999045533573537
3340.0,3349.8,True,baseload,0.9999045520712382
3345.0,3354.8,True,baseload,0.9999045512676183
3350.0,3359.8,True,baseload,0.9999045533574035
3355.0,3364.8,True,baseload,0.9999045538873904
3360.0,3369.8,True,baseload,0.9999045538873895
3365.0,3374.8,True,baseload,0.9999045530838212
3370.0,3379.8,True,baseload,0.9999045512676141
3375.0,3384.8,True,baseload,0.9999045520712291
3380.0,3389.8,True,baseload,0.999904551267613
3385.0,3394.8,True,baseload,0.9999045530838327
3390.0,3399.8,True,baseload,0.9999045530837837
3395.0,3404.8,True,baseload,0.9999045512676179
3400.0,3409.8,True,baseload,0.9999045512676081
3405.0,3414.8,True,baseload,0.9999045530837661
3410.0,3419.8,True,baseload,0.99990001284473
3415.0,3424.8,True,baseload,0.999896004556539
3420.0,3429.8,True,baseload,0.9999045530837646
3425.0,3434.8,True,baseload,0.9999045538873904
3430.0,3439.8,True,baseload,0.9999045538873986
3435.0,3444.8,True,baseload,0.9999045530837746
3440.0,3449.8,True,baseload,0.9999045538873897
3445.0,3454.8,True,baseload,0.9999045520712282
3450.0,3459.8,True,baseload,0.9999045515411933
3455.0,3464.8,True,baseload,0.9999045520712282
3460.0,3469.8,True,baseload,0.9999045512676157
3465.0,3474.8,True,baseload,0.9999045520712282
3470.0,3479.8,True,baseload,0.99990455388739
3475.0,3484.8,True,baseload,0.9999045530837666
3480.0,3489.8,True,baseload,0.9999045512676188
3485.0,3494.8,True,baseload,0.9999045520712302
3490.0,3499.8,True,baseload,0.9999045520711706
3495.0,3504.8,True,baseload,0.9999045520712282
3500.0,3509.8,True,baseload,0.9999045520712284
3505.0,3514.8,True,baseload,0.9999045512676188
3510.0,3519.8,True,washing_machine,0.9223399854570646
3515.0,3524.8,True,washing_machine,0.9216221742574119
3520.0,3529.8,True,washing_machine,0.9223625737304229
3525.0,3534.8,True,baseload,0.9999045530837724
3530.0,3539.8,True,baseload,0.9999045533573551
3535.0,3544.8,True,baseload,0.99990455388739
3540.0,3549.8,True,baseload,0.9999045530837724
3545.0,3554.8,True,baseload,0.9999045530837644
3550.0,3559.8,True,baseload,0.9999045512676052
3555.0,3564.8,True,baseload,0.9999045512676052
3560.0,3569.8,True,baseload,0.9999045538873911
3565.0,3574.8,True,baseload,0.9999045538873895
3570.0,3579.8,True,baseload,0.9999045530837657
3575.0,3584.8,True,baseload,0.9999045538874393
3580.0,3589.8,True,baseload,0.9999045530838212
3585.0,3594.8,True,baseload,0.9999045512676032
3590.0,3599.8,True,baseload,0.999904551267603
3595.0,3604.8,True,baseload,0.9999045512676048
3600.0,3609.8,True,baseload,0.9999045530837646
3605.0,3614.8,True,baseload,0.9999045538874388
3610.0,3619.8,True,baseload,0.9999045512675472
3615.0,3624.8,True,baseload,0.9999045538873906
3620.0,3629.8,True,baseload,0.999904553083767
3625.0,3634.8,True,baseload,0.999904551267553
3630.0,3639.8,True,baseload,0.9999045520712302
3635.0,3644.8,True,baseload,0.999904551541194
3640.0,3649.8,True,baseload,0.9999045515411356
3645.0,3654.8,True,baseload,0.9999045512676032
3650.0,3659.8,True,baseload,0.9999045533574035
3655.0,3664.8,True,baseload,0.9999045530837726
3660.0,3669.8,True,baseload,0.9999045530837724
3665.0,3674.8,True,baseload,0.999904553887392
3670.0,3679.8,True,baseload,0.9999045538873897
3675.0,3684.8,True,baseload,0.9999000136483343
3680.0,3689.8,True,baseload,0.999900053478229
3685.0,3694.8,True,baseload,0.9999000128447182
3690.0,3699.8,True,baseload,0.9999045538874393
3695.0,3704.8,True,baseload,0.99990455388739
3700.0,3709.8,True,baseload,0.9999045512676106
3705.0,3714.8,True,baseload,0.9999045533573537
3710.0,3719.8,True,baseload,0.9999045512676052
3715.0,3724.8,True,baseload,0.9999045512676092
3720.0,3729.8,True,baseload,0.99990455388739
3725.0,3734.8,True,baseload,0.9999045520712282
3730.0,3739.8,True,baseload,0.9999045530837646
3735.0,3744.8,True,baseload,0.9999045538873897
3740.0,3749.8,True,baseload,0.999904553357403
3745.0,3754.8,True,baseload,0.9999045520712293
3750.0,3759.8,True,baseload,0.9999045533573533
3755.0,3764.8,True,baseload,0.9999045512675467
3760.0,3769.8,True,baseload,0.999904552071228
3765.0,3774.8,True,baseload,0.9999045538873924
3770.0,3779.8,True,baseload,0.9999045538873986
3775.0,3784.8,True,baseload,0.9999045538873897
3780.0,3789.8,True,baseload,0.9999045538873904
3785.0,3794.8,True,baseload,0.9999045538873895
3790.0,3799.8,True,baseload,0.9999045512676032
3795.0,3804.8,True,baseload,0.9999045512676121
3800.0,3809.8,True,baseload,0.9999045515411955
3805.0,3814.8,True,baseload,0.9999045520712293
3810.0,3819.8,True,baseload,0.999904552071234
3815.0,3824.8,True,baseload,0.999904552071232
3820.0,3829.8,True,baseload,0.999904553083767
3825.0,3834.8,True,baseload,0.9999045530837646
3830.0,3839.8,True,baseload,0.9999045530837684
3835.0,3844.8,True,baseload,0.9999045538873897
3840.0,3849.8,True,baseload,0.9999045530837648
3845.0,3854.8,True,baseload,0.9999045530837724
3850.0,3859.8,True,baseload,0.9999045530837646
3855.0,3864.8,True,baseload,0.9999045530837664
3860.0,3869.8,True,baseload,0.999900053478229
3865.0,3874.8,True,baseload,0.9999000128447346
3870.0,3879.8,True,baseload,0.9999000128447233
3875.0,3884.8,True,baseload,0.999900053478229
3880.0,3889.8,True,baseload,0.9999000136483347
3885.0,3894.8,True,baseload,0.9999045520711712
3890.0,3899.8,True,baseload,0.9999045533573542
3895.0,3904.8,True,baseload,0.9999045538873904
3900.0,3909.8,True,baseload,0.9999045520712286
3905.0,3914.8,True,washing_machine,0.9223699548336599
3910.0,3919.8,True,washing_machine,0.9216221742574119
3915.0,3924.8,True,washing_machine,0.9223399854570646
3920.0,3929.8,True,baseload,0.999900053478229
3925.0,3934.8,True,baseload,0.999900012844716
3930.0,3939.8,True,baseload,0.9999045515411942
3935.0,3944.8,True,baseload,0.9999045515411928
3940.0,3949.8,True,baseload,0.999904553083767
3945.0,3954.8,True,baseload,0.999904551267611
3950.0,3959.8,True,baseload,0.9999045520712286
3955.0,3964.8,True,baseload,0.9999045533573537
3960.0,3969.8,True,baseload,0.9999045533574046
3965.0,3974.8,True,baseload,0.999904552071236
3970.0,3979.8,True,baseload,0.999904551267631
3975.0,3984.8,True,baseload,0.9999045520712493
3980.0,3989.8,True,baseload,0.9999045530837746
3985.0,3994.8,True,baseload,0.9999045530837708
3990.0,3999.8,True,baseload,0.9999045538873904
3995.0,4004.8,True,washing_machine,0.9223399861179752
4000.0,4009.8,True,washing_machine,0.9223399855735949
4005.0,4014.8,True,baseload,0.9999045530837726
4010.0,4019.8,True,baseload,0.9999045530837646
4015.0,4024.8,True,baseload,0.9999045530837726
4020.0,4029.8,True,baseload,0.9999045530837664
4025.0,4034.8,True,baseload,0.9999045538873897
4030.0,4039.8,True,baseload,0.9999045533573633
4035.0,4044.8,True,baseload,0.9999045533573537
4040.0,4049.8,True,baseload,0.999904551267607
4045.0,4054.8,True,baseload,0.9999045538873909
4050.0,4059.8,True,baseload,0.9999045530837664
4055.0,4064.8,True,baseload,0.99990455388739
4060.0,4069.8,True,baseload,0.9999045512675492
4065.0,4074.8,True,baseload,0.9999045530837666
4070.0,4079.8,True,baseload,0.9999045530837724
4075.0,4084.8,True,baseload,0.9999045530837724
4080.0,4089.8,True,baseload,0.999904553083765
4085.0,4094.8,True,baseload,0.9999045533573537
4090.0,4099.8,True,baseload,0.9999045515411942
4095.0,4104.8,True,baseload,0.9999045515412031
4100.0,4109.8,True,baseload,0.9999045520712324
4105.0,4114.8,True,baseload,0.9999045538874388
4110.0,4119.8,True,baseload,0.999904551267609
4115.0,4124.8,True,baseload,0.9999045530838216
4120.0,4129.8,True,baseload,0.9999045530837686
4125.0,4134.8,True,baseload,0.9999045515411928
4130.0,4139.8,True,baseload,0.9999045520712286
4135.0,4144.8,True,baseload,0.999904553083767
4140.0,4149.8,True,baseload,0.99990455388739
4145.0,4154.8,True,baseload,0.9999045520712286
4150.0,4159.8,True,baseload,0.9999000128447169
4155.0,4164.8,True,baseload,0.9999045520712453
4160.0,4169.8,True,baseload,0.9999045530837726
4165.0,4174.8,True,baseload,0.9999045530837648
4170.0,4179.8,True,baseload,0.9999045530837646
4175.0,4184.8,True,baseload,0.9999045538873897
4180.0,4189.8,True,baseload,0.9999045530838145
4185.0,4194.8,True,baseload,0.999904551267613
4190.0,4199.8,True,baseload,0.9999045530837735
4195.0,4204.8,True,baseload,0.9999045530837735
4200.0,4209.8,True,baseload,0.999904551267611
4205.0,4214.8,True,baseload,0.999900012844716
4210.0,4219.8,True,baseload,0.999900053478229
4215.0,4224.8,True,baseload,0.9999000128447244
4220.0,4229.8,True,baseload,0.9999045512676166
4225.0,4234.8,True,baseload,0.9999045512676097
4230.0,4239.8,True,baseload,0.9999045530838225
4235.0,4244.8,True,baseload,0.9999045530838216
4240.0,4249.8,True,baseload,0.999904553083771
4245.0,4254.8,True,baseload,0.9999045530837763
4250.0,4259.8,True,baseload,0.9999045530837657
4255.0,4264.8,True,baseload,0.99990455388739
4260.0,4269.8,True,baseload,0.9999045538873897
4265.0,4274.8,True,baseload,0.9999045530837721
4270.0,4279.8,True,baseload,0.999904553357403
4275.0,4284.8,True,baseload,0.9999045512676119
4280.0,4289.8,True,baseload,0.9999045520712335
4285.0,4294.8,True,baseload,0.9999045520712375
4290.0,4299.8,True,baseload,0.9999045520712286
4295.0,4304.8,True,baseload,0.9999045512676052
4300.0,4309.8,True,baseload,0.9999045538873904
4305.0,4314.8,True,baseload,0.9999045530837646
4310.0,4319.8,True,baseload,0.9999045530837724
4315.0,4324.8,True,baseload,0.9999045520712326
4320.0,4329.8,True,baseload,0.9999045520712375
4325.0,4334.8,True,baseload,0.9999045515411928
4330.0,4339.8,True,baseload,0.99990455388739
4335.0,4344.8,True,baseload,0.999904553083767
4340.0,4349.8,True,baseload,0.9999045538873904
4345.0,4354.8,True,baseload,0.9999045538873906
4350.0,4359.8,True,baseload,0.9999045520712293
4355.0,4364.8,True,baseload,0.9999045538874388
4360.0,4369.8,True,baseload,0.9999045538873895
4365.0,4374.8,True,baseload,0.9999045520711706
4370.0,4379.8,True,baseload,0.9999045512676126
4375.0,4384.8,True,baseload,0.9999045512676032
4380.0,4389.8,True,baseload,0.99990455388739
4385.0,4394.8,True,baseload,0.9999045533573537
4390.0,4399.8,True,baseload,0.9999045520712306
4395.0,4404.8,True,baseload,0.9999045530838139
4400.0,4409.8,True,baseload,0.9999045530837646
4405.0,4414.8,True,baseload,0.9999045520712286
4410.0,4419.8,True,baseload,0.9999045512676092
4415.0,4424.8,True,baseload,0.9999045520712286
4420.0,4429.8,True,baseload,0.9999045512675525
4425.0,4434.8,True,baseload,0.9999045538874393
4430.0,4439.8,True,baseload,0.9999045533573533
4435.0,4444.8,True,baseload,0.9999045530837688
4440.0,4449.8,True,baseload,0.9999045530837648
4445.0,4454.8,True,baseload,0.999904553083779
4450.0,4459.8,True,baseload,0.9999045538873904
4455.0,4464.8,True,baseload,0.9999045530837648
4460.0,4469.8,True,baseload,0.9999045530837724
4465.0,4474.8,True,baseload,0.9999045530837741
4470.0,4479.8,True,baseload,0.999904551267603
4475.0,4484.8,True,baseload,0.9999045515411933
4480.0,4489.8,True,baseload,0.9999045538873897
4485.0,4494.8,True,baseload,0.9999045538873904
4490.0,4499.8,True,baseload,0.9999045530837684
4495.0,4504.8,True,baseload,0.9999045530837692
4500.0,4509.8,True,baseload,0.9999045538873904
4505.0,4514.8,True,baseload,0.9999045530837644
4510.0,4519.8,True,baseload,0.9999045533573537
4515.0,4524.8,True,baseload,0.9999045538873924
4520.0,4529.8,True,baseload,0.9999000136631765
4525.0,4534.8,True,baseload,0.9998960053218235
4530.0,4539.8,True,baseload,0.9999045530837741
4535.0,4544.8,True,baseload,0.99990455388739
4540.0,4549.8,True,baseload,0.9999045512676052
4545.0,4554.8,True,baseload,0.9999045520712326
4550.0,4559.8,True,baseload,0.9999045512676032
4555.0,4564.8,True,baseload,0.9999000136632473
4560.0,4569.8,True,baseload,0.9999000544558787
4565.0,4574.8,True,baseload,0.9999000136631732
4570.0,4579.8,True,baseload,0.9999045520712375
4575.0,4584.8,True,baseload,0.9999045520712326
4580.0,4589.8,True,baseload,0.9999000144664933
4585.0,4594.8,True,baseload,0.9999000544558787
4590.0,4599.8,True,baseload,0.9999000136631765
4595.0,4604.8,True,baseload,0.9999045530837661
4600.0,4609.8,True,baseload,0.99990455388739
4605.0,4614.8,True,baseload,0.999904551267607
4610.0,4619.8,True,baseload,0.9999045512676032
4615.0,4624.8,True,baseload,0.9999045512676052
4620.0,4629.8,True,baseload,0.9999045512676221
4625.0,4634.8,True,baseload,0.9999045520712282
4630.0,4639.8,True,baseload,0.9999045520712286
4635.0,4644.8,True,baseload,0.9999045538873904
4640.0,4649.8,True,baseload,0.9999045538873933
4645.0,4654.8,True,baseload,0.9999045530837648
4650.0,4659.8,True,baseload,0.9999045530838407
4655.0,4664.8,True,baseload,0.9999045512676032
4660.0,4669.8,True,baseload,0.9999045538873937
4665.0,4674.8,True,baseload,0.9999045530837752
4670.0,4679.8,True,baseload,0.9999000128447235
4675.0,4684.8,True,baseload,0.999900053478229
4680.0,4689.8,True,baseload,0.9999000136483347
4685.0,4694.8,True,baseload,0.9999045515411928
4690.0,4699.8,True,baseload,0.9999045538874388
4695.0,4704.8,True,baseload,0.9999045520712286
4700.0,4709.8,True,baseload,0.999904551267611
4705.0,4714.8,True,baseload,0.9999045538873895
4710.0,4719.8,True,baseload,0.9999045538873897
4715.0,4724.8,True,baseload,0.9999045538873895
4720.0,4729.8,True,baseload,0.9999045530837728
4725.0,4734.8,True,baseload,0.9999045530837788
4730.0,4739.8,True,baseload,0.9999045533573542
4735.0,4744.8,True,baseload,0.9999045530837646
4740.0,4749.8,True,baseload,0.9999000136483343
4745.0,4754.8,True,baseload,0.999900053478229
4750.0,4759.8,True,baseload,0.9999000136483347
4755.0,4764.8,True,baseload,0.9999045530837644
4760.0,4769.8,True,baseload,0.999904553083771
4765.0,4774.8,True,baseload,0.999904553357403
4770.0,4779.8,True,baseload,0.9999000144664929
4775.0,4784.8,True,baseload,0.9999000544558789
4780.0,4789.8,True,baseload,0.9999000136631767
4785.0,4794.8,True,baseload,0.9999045520712286
4790.0,4799.8,True,baseload,0.9999045520712422
4795.0,4804.8,True,baseload,0.9999000128447197
4800.0,4809.8,True,baseload,0.9999045512676101
4805.0,4814.8,True,baseload,0.9999045538873986
4810.0,4819.8,True,baseload,0.9999045538873895
4815.0,4824.8,True,baseload,0.9999045515411347
4820.0,4829.8,True,baseload,0.9999045520712286
4825.0,4834.8,True,baseload,0.9999045530838154
4830.0,4839.8,True,baseload,0.9999045530837664
4835.0,4844.8,True,baseload,0.9999045538873897
4840.0,4849.8,True,baseload,0.9999045515412024
4845.0,4854.8,True,baseload,0.9999045520712355
4850.0,4859.8,True,baseload,0.9999045530837786
4855.0,4864.8,True,baseload,0.999904553083767
4860.0,4869.8,True,baseload,0.9999045520712293
4865.0,4874.8,True,baseload,0.9999045520712286
4870.0,4879.8,True,baseload,0.9999045538873904
4875.0,4884.8,True,baseload,0.9999045538874388
4880.0,4889.8,True,baseload,0.9999045530837721
4885.0,4894.8,True,baseload,0.9999045530837744
4890.0,4899.8,True,baseload,0.9999045530837708
4895.0,4904.8,True,baseload,0.9999045530837648
4900.0,4909.8,True,baseload,0.999904553083765
4905.0,4914.8,True,baseload,0.99990455388739
4910.0,4919.8,True,baseload,0.9999045538874393
4915.0,4924.8,True,baseload,0.9999045520712282
4920.0,4929.8,True,baseload,0.99990455388739
4925.0,4934.8,True,baseload,0.9999045520711706
4930.0,4939.8,True,baseload,0.9999045533573542
4935.0,4944.8,True,baseload,0.9999045530838139
4940.0,4949.8,True,baseload,0.9999045512676032
4945.0,4954.8,True,baseload,0.9999045512675472
4950.0,4959.8,True,baseload,0.9999045515411928
4955.0,4964.8,True,baseload,0.99990455388739
4960.0,4969.8,True,baseload,0.9999045530837726
4965.0,4974.8,True,baseload,0.9999045530837724
4970.0,4979.8,True,baseload,0.9999045530837664
4975.0,4984.8,True,baseload,0.99990455388739
4980.0,4989.8,True,fridge,0.6878114193822507
4985.0,4994.8,True,fridge,0.2678676345911853
4990.0,4999.8,True,fridge,0.30112658706324275
4995.0,5004.8,True,fridge,0.30112658656264873
5000.0,5009.8,True,fridge,0.30112658656264873
5005.0,5014.8,True,fridge,0.3011266136018277
5010.0,5019.8,True,fridge,0.3013210363316491
5015.0,5024.8,True,fridge,0.3013052743713927
5020.0,5029.8,True,fridge,0.3013209789484293
5025.0,5034.8,True,fridge,0.3013210363316491
5030.0,5039.8,True,fridge,0.3011266022345082
5035.0,5044.8,True,fridge,0.30111086768080036
5040.0,5049.8,True,fridge,0.3011266022345082
5045.0,5054.8,True,fridge,0.3013210366746892
5050.0,5059.8,True,fridge,0.3013210363316491
5055.0,5064.8,True,fridge,0.3013210363316491
5060.0,5069.8,True,fridge,0.3013210366746892
5065.0,5074.8,True,fridge,0.30111086572576506
5070.0,5079.8,True,fridge,0.30112660398641805
5075.0,5084.8,True,fridge,0.30111086572576506
5080.0,5089.8,True,fridge,0.30130527969862636
5085.0,5094.8,True,fridge,0.30112658656264873
5090.0,5099.8,True,fridge,0.30112658706324275
5095.0,5104.8,True,fridge,0.3013210366746892
5100.0,5109.8,True,fridge,0.3013210363316491
5105.0,5114.8,True,fridge,0.3013210363316491
5110.0,5119.8,True,fridge,0.3011108659290313
5115.0,5124.8,True,fridge,0.3011266032306611
5120.0,5129.8,True,fridge,0.3013210363316491
5125.0,5134.8,True,fridge,0.3013210363316491
5130.0,5139.8,True,fridge,0.3013210363316491
5135.0,5144.8,True,fridge,0.30112658706324275
5140.0,5149.8,True,fridge,0.3011108502567006
5145.0,5154.8,True,fridge,0.2982363891823362
5150.0,5159.8,True,fridge,0.2982538133339354
5155.0,5164.8,True,fridge,0.2982518228919826
5160.0,5169.8,True,fridge,0.3011266020312207
5165.0,5174.8,True,fridge,0.3013210366746892
5170.0,5179.8,True,fridge,0.3013210366746892
5175.0,5184.8,True,fridge,0.3011108669251179
5180.0,5189.8,True,fridge,0.30112660398641805
5185.0,5194.8,True,fridge,0.3011266020312207
5190.0,5199.8,True,fridge,0.3011266020312207
5195.0,5204.8,True,fridge,0.3011266056029322
5200.0,5209.8,True,fridge,0.30112660269987973
5205.0,5214.8,True,fridge,0.3011266022345082
5210.0,5219.8,True,fridge,0.3011266020312207
5215.0,5224.8,True,fridge,0.3011266027885198
5220.0,5229.8,True,fridge,0.30112661127949486
5225.0,5234.8,True,fridge,0.30112658706324275
5230.0,5239.8,True,fridge,0.30112658706324275
5235.0,5244.8,True,fridge,0.30111086572576506
5240.0,5249.8,True,fridge,0.3013210363316491
5245.0,5254.8,True,fridge,0.3013210366746892
5250.0,5259.8,True,fridge,0.3013210363316491
5255.0,5264.8,True,fridge,0.3011266020312207
5260.0,5269.8,True,fridge,0.3011266027885198
5265.0,5274.8,True,fridge,0.3013210363316491
5270.0,5279.8,True,fridge,0.3013209789484293
5275.0,5284.8,True,fridge,0.3013209789484293
5280.0,5289.8,True,fridge,0.30132103100580787
5285.0,5294.8,True,fridge,0.3013210366746892
5290.0,5299.8,True,fridge,0.3011266022345082
5295.0,5304.8,True,fridge,0.30112660269987973
5300.0,5309.8,True,fridge,0.3013210366746892
5305.0,5314.8,True,fridge,0.2902211360150391
5310.0,5319.8,True,fridge,0.29022113552693946
5315.0,5324.8,True,fridge,0.2902211360150391
5320.0,5329.8,True,fridge,0.2904108806166674
5325.0,5334.8,True,fridge,0.30130527969862636
5330.0,5339.8,True,fridge,0.30112658706324275
5335.0,5344.8,True,fridge,0.2902211360150391
5340.0,5349.8,True,fridge,0.2904108806166674
5345.0,5354.8,True,fridge,0.2902057952814967
5350.0,5359.8,True,fridge,0.2902211509075364
5355.0,5364.8,True,fridge,0.29041088095141054
5360.0,5369.8,True,fridge,0.2902057952814967
5365.0,5374.8,True,fridge,0.29022115070916915
5370.0,5379.8,True,fridge,0.29039550544067977
5375.0,5384.8,True,fridge,0.2902057971892129
5380.0,5389.8,True,fridge,0.2872926007605521
5385.0,5394.8,True,fridge,0.28741866380017356
5390.0,5399.8,True,fridge,0.2874186642859281
5395.0,5404.8,True,fridge,0.2904108806166674
5400.0,5409.8,True,fridge,0.2904108806166674
5405.0,5414.8,True,fridge,0.2902057805869022
5410.0,5419.8,True,fridge,0.28727755316937115
5415.0,5424.8,True,fridge,0.2874167195844965
5420.0,5429.8,True,fridge,0.2902211509075364
5425.0,5434.8,True,fridge,0.2902211533723242
5430.0,5439.8,True,fridge,0.29022115070916915
5435.0,5444.8,True,fridge,0.2904108806166674
5440.0,5449.8,True,fridge,0.29041088095141054
5445.0,5454.8,True,fridge,0.2904108806166674
5450.0,5459.8,True,fridge,0.29022115070916915
5455.0,5464.8,True,fridge,0.2902211360150391
5460.0,5469.8,True,fridge,0.29022113552693946
5465.0,5474.8,True,fridge,0.2902211526170459
5470.0,5479.8,True,fridge,0.2904108806166674
5475.0,5484.8,True,fridge,0.2902211509075364
5480.0,5489.8,True,fridge,0.2902211513616449
5485.0,5494.8,True,fridge,0.2902211533723242
5490.0,5499.8,True,fridge,0.2902211541944366
5495.0,5504.8,True,fridge,0.290205795479843
5500.0,5509.8,True,fridge,0.29041088095141054
5505.0,5514.8,True,fridge,0.29041088095141054
5510.0,5519.8,True,fridge,0.2902211509075364
5515.0,5524.8,True,fridge,0.2902211575682402
5520.0,5529.8,True,fridge,0.2902211514481396
5525.0,5534.8,True,fridge,0.2904108806166674
5530.0,5539.8,True,fridge,0.29041087541964467
5535.0,5544.8,True,fridge,0.2874186642859281
5540.0,5549.8,True,fridge,0.28740360986379626
5545.0,5554.8,True,fridge,0.29041088095141054
5550.0,5559.8,True,fridge,0.2903955051059702
5555.0,5564.8,True,fridge,0.29022115070916915
5560.0,5569.8,True,fridge,0.29041088095141054
5565.0,5574.8,True,fridge,0.2904108779999023
5570.0,5579.8,True,fridge,0.29039550544067977
5575.0,5584.8,True,fridge,0.2902057959339061
5580.0,5589.8,True,fridge,0.2904108806166674
5585.0,5594.8,True,fridge,0.29041088095141054
5590.0,5599.8,True,fridge,0.2902211526170459
5595.0,5604.8,True,fridge,0.2903955051059702
5600.0,5609.8,True,fridge,0.2903955051059702
5605.0,5614.8,True,fridge,0.2902057805869022
5610.0,5619.8,True,fridge,0.2902211360150391
5615.0,5624.8,True,fridge,0.2904108806166674
5620.0,5629.8,True,fridge,0.29041088095141054
5625.0,5634.8,True,fridge,0.2904108806166674
5630.0,5639.8,True,fridge,0.2904108806166674
5635.0,5644.8,True,fridge,0.29041088095141054
5640.0,5649.8,True,fridge,0.29041088095141054
5645.0,5654.8,True,fridge,0.2904108806166674
5650.0,5659.8,True,fridge,0.29041088095141054
5655.0,5664.8,True,fridge,0.29041088095141054
5660.0,5669.8,True,fridge,0.2904108806166674
5665.0,5674.8,True,fridge,0.2904108806166674
5670.0,5679.8,True,fridge,0.2904108806166674
5675.0,5684.8,True,fridge,0.29022115070916915
5680.0,5689.8,True,fridge,0.2904108806166674
5685.0,5694.8,True,fridge,0.29041082462136647
5690.0,5699.8,True,fridge,0.29041082462136647
5695.0,5704.8,True,fridge,0.29041087541964467
5700.0,5709.8,True,fridge,0.29041087541964467
5705.0,5714.8,True,fridge,0.29041088095141054
5710.0,5719.8,True,fridge,0.2902211509075364
5715.0,5724.8,True,fridge,0.29041088095141054
5720.0,5729.8,True,fridge,0.2872926007605521
5725.0,5734.8,True,fridge,0.28741866380017356
5730.0,5739.8,True,fridge,0.2874186642859281
5735.0,5744.8,True,fridge,0.29022115070916915
5740.0,5749.8,True,fridge,0.2902211533723242
5745.0,5754.8,True,fridge,0.29020580430506937
5750.0,5759.8,True,fridge,0.29022115070916915
5755.0,5764.8,True,fridge,0.2904108806166674
5760.0,5769.8,True,fridge,0.2904108806166674
5765.0,5774.8,True,fridge,0.2904108806166674
5770.0,5779.8,True,fridge,0.29041088095141054
5775.0,5784.8,True,fridge,0.2903955051059702
5780.0,5789.8,True,fridge,0.2874638414336992
5785.0,5794.8,True,fridge,0.2874638414336992
5790.0,5799.8,True,fridge,0.2904108806166674
5795.0,5804.8,True,fridge,0.2902211509075364
5800.0,5809.8,True,fridge,0.2884553093831093
5805.0,5814.8,True,fridge,0.7150437737695431
5810.0,5819.8,True,baseload,0.9999045520712304
5815.0,5824.8,True,baseload,0.9999045512676263
5820.0,5829.8,True,baseload,0.9999045520712426
5825.0,5834.8,True,baseload,0.9999045520712302
5830.0,5839.8,True,baseload,0.9999045520712309
5835.0,5844.8,True,baseload,0.9999045533573551
5840.0,5849.8,True,baseload,0.9999045530837648
5845.0,5854.8,True,baseload,0.9999000128447182
5850.0,5859.8,True,baseload,0.9998997597311192
5855.0,5864.8,True,baseload,0.9999000136483343
5860.0,5869.8,True,baseload,0.9999045512676032
5865.0,5874.8,True,baseload,0.9999045512676048
5870.0,5879.8,True,baseload,0.9999045530837688
5875.0,5884.8,True,baseload,0.999904551267683
5880.0,5889.8,True,baseload,0.999904551267605
5885.0,5894.8,True,baseload,0.9999045530838212
5890.0,5899.8,True,baseload,0.999904553083773
5895.0,5904.8,True,baseload,0.9999045538873904
5900.0,5909.8,True,baseload,0.9999045520712293
5905.0,5914.8,True,baseload,0.9999045520712302
5910.0,5919.8,True,baseload,0.999904551267553
5915.0,5924.8,True,baseload,0.9999045530837661
5920.0,5929.8,True,baseload,0.9999045530837657
5925.0,5934.8,True,baseload,0.9999045515411933
5930.0,5939.8,True,baseload,0.9999045533574035
5935.0,5944.8,True,baseload,0.9999000128447235
5940.0,5949.8,True,baseload,0.999900053478229
5945.0,5954.8,True,baseload,0.9999000136483347
5950.0,5959.8,True,baseload,0.999904553083771
5955.0,5964.8,True,baseload,0.9999000136483343
5960.0,5969.8,True,baseload,0.999900053478229
5965.0,5974.8,True,baseload,0.9999000131183055
5970.0,5979.8,True,baseload,0.9998960053218235
5975.0,5984.8,True,baseload,0.9999000537969065
5980.0,5989.8,True,baseload,0.9999000136631694
5985.0,5994.8,True,baseload,0.9999045530837664
5990.0,5999.8,True,baseload,0.9999045530837646
5995.0,6004.8,True,baseload,0.9999045538873897
6000.0,6009.8,True,baseload,0.9999045530837755
6005.0,6014.8,True,baseload,0.9999045538873904
6010.0,6019.8,True,baseload,0.9999045512676195
6015.0,6024.8,True,baseload,0.9999045515412
6020.0,6029.8,True,baseload,0.9999045533573553
6025.0,6034.8,True,baseload,0.999904551267605
6030.0,6039.8,True,baseload,0.9999045530838214
6035.0,6044.8,True,baseload,0.999904551267613
6040.0,6049.8,True,baseload,0.9999045512676048
6045.0,6054.8,True,baseload,0.9999045530837666
6050.0,6059.8,True,baseload,0.9999045512676081
6055.0,6064.8,True,baseload,0.999904553083767
6060.0,6069.8,True,baseload,0.999904553083769
6065.0,6074.8,True,baseload,0.9999045538873986
6070.0,6079.8,True,baseload,0.999900012844716
6075.0,6084.8,True,baseload,0.999900053478229
6080.0,6089.8,True,baseload,0.9999000131183039
6085.0,6094.8,True,baseload,0.9999045538874399
6090.0,6099.8,True,baseload,0.9999045512676052
6095.0,6104.8,True,baseload,0.9999045530837648
6100.0,6109.8,True,baseload,0.9999045530837661
6105.0,6114.8,True,baseload,0.9999045530837724
6110.0,6119.8,True,baseload,0.9999045538874388
6115.0,6124.8,True,baseload,0.999904551267603
6120.0,6129.8,True,baseload,0.99990455388739
6125.0,6134.8,True,baseload,0.9999045530837719
6130.0,6139.8,True,baseload,0.9999045538874399
6135.0,6144.8,True,baseload,0.99990455388739
6140.0,6149.8,True,baseload,0.9999045530837746
6145.0,6154.8,True,baseload,0.9999045530837746
6150.0,6159.8,True,baseload,0.9999045530838139
6155.0,6164.8,True,baseload,0.9999045512676032
6160.0,6169.8,True,baseload,0.9999045520712293
6165.0,6174.8,True,baseload,0.9999000128447244
6170.0,6179.8,True,baseload,0.999900053478229
6175.0,6184.8,True,baseload,0.9999000128447313
6180.0,6189.8,True,baseload,0.9999045533574044
6185.0,6194.8,True,baseload,0.9999045512676938
6190.0,6199.8,True,baseload,0.9999045512676097
6195.0,6204.8,True,baseload,0.9999000136631692
6200.0,6209.8,True,baseload,0.9999000544558809
6205.0,6214.8,True,baseload,0.9999000144664929
6210.0,6219.8,True,baseload,0.9999045538874395
6215.0,6224.8,True,baseload,0.9999045520712291
6220.0,6229.8,True,baseload,0.9999045512676148
6225.0,6234.8,True,baseload,0.9999045520712293
6230.0,6239.8,True,baseload,0.999904553083779
6235.0,6244.8,True,baseload,0.99990455388739
6240.0,6249.8,True,baseload,0.9999045530837648
6245.0,6254.8,True,baseload,0.9999045515411928
6250.0,6259.8,True,baseload,0.9999045515411944
6255.0,6264.8,True,baseload,0.9999045515411933
6260.0,6269.8,True,baseload,0.9999045538873906
6265.0,6274.8,True,baseload,0.9999045538873897
6270.0,6279.8,True,baseload,0.9999000136631709
6275.0,6284.8,True,baseload,0.9999000544558787
6280.0,6289.8,True,baseload,0.9998960053218235
6285.0,6294.8,True,baseload,0.9999000136631767
6290.0,6299.8,True,baseload,0.9999045530837837
6295.0,6304.8,True,baseload,0.9999045533574035
6300.0,6309.8,True,baseload,0.9999045512676039
6305.0,6314.8,True,baseload,0.9999045530838214
6310.0,6319.8,True,baseload,0.9999045520712282
6315.0,6324.8,True,baseload,0.9999045520712342
6320.0,6329.8,True,baseload,0.9999045520712293
6325.0,6334.8,True,baseload,0.99990455388739
6330.0,6339.8,True,baseload,0.9999045512676117
6335.0,6344.8,True,baseload,0.9999045515412024
6340.0,6349.8,True,baseload,0.9999045530837724
6345.0,6354.8,True,baseload,0.9999000128447941
6350.0,6359.8,True,baseload,0.999900053478229
6355.0,6364.8,True,baseload,0.9999045512676117
6360.0,6369.8,True,baseload,0.99990455388739
6365.0,6374.8,True,baseload,0.9999045538873926
6370.0,6379.8,True,baseload,0.9999045538874393
6375.0,6384.8,True,baseload,0.9999045520712342
6380.0,6389.8,True,baseload,0.9999045515411347
6385.0,6394.8,True,baseload,0.9999045515412008
6390.0,6399.8,True,baseload,0.9999045512676172
6395.0,6404.8,True,baseload,0.9999045533573537
6400.0,6409.8,True,baseload,0.9999045530837664
6405.0,6414.8,True,baseload,0.999896004556539
6410.0,6419.8,True,baseload,0.9999000128447346
6415.0,6424.8,True,baseload,0.9999045520712302
6420.0,6429.8,True,baseload,0.9999045520712355
6425.0,6434.8,True,baseload,0.9999045530838139
6430.0,6439.8,True,baseload,0.9999045530837657
6435.0,6444.8,True,baseload,0.999900053478229
6440.0,6449.8,True,baseload,0.9999000128447348
6445.0,6454.8,True,baseload,0.9999045530837726
6450.0,6459.8,True,baseload,0.9999045530838212
6455.0,6464.8,True,baseload,0.9999045512676152
6460.0,6469.8,True,baseload,0.9999045512676161
6465.0,6474.8,True,baseload,0.9999000136483347
6470.0,6479.8,True,baseload,0.999900053478229
6475.0,6484.8,True,baseload,0.999900012844716
6480.0,6489.8,True,baseload,0.9999045530837726
6485.0,6494.8,True,baseload,0.9999045530837688
6490.0,6499.8,True,baseload,0.9999045533574035
6495.0,6504.8,True,baseload,0.9999045520711706
6500.0,6509.8,True,baseload,0.9999045515411347
6505.0,6514.8,True,baseload,0.9999045533573542
6510.0,6519.8,True,baseload,0.999904553887392
6515.0,6524.8,True,baseload,0.9999045538873904
6520.0,6529.8,True,baseload,0.999896004556539
6525.0,6534.8,True,baseload,0.9999000128447255
6530.0,6539.8,True,baseload,0.9999045530837646
6535.0,6544.8,True,baseload,0.9999045533573542
6540.0,6549.8,True,baseload,0.9999045520712293
6545.0,6554.8,True,baseload,0.9999045538874393
6550.0,6559.8,True,baseload,0.9999045512676052
6555.0,6564.8,True,baseload,0.9999045538874399
6560.0,6569.8,True,baseload,0.9999045530837666
6565.0,6574.8,True,baseload,0.9999045538873904
6570.0,6579.8,True,baseload,0.9999045530837724
6575.0,6584.8,True,baseload,0.9999045533573537
6580.0,6589.8,True,baseload,0.9999045538873897
6585.0,6594.8,True,baseload,0.9999045533573537
6590.0,6599.8,True,baseload,0.9999045530837652
6595.0,6604.8,True,baseload,0.999904553083773
6600.0,6609.8,True,baseload,0.999904553083767
6605.0,6614.8,True,baseload,0.9999045512675452
6610.0,6619.8,True,baseload,0.9999000144664931
6615.0,6624.8,True,baseload,0.9999000544558809
6620.0,6629.8,True,baseload,0.9999000136631716
6625.0,6634.8,True,baseload,0.9999045530837726
6630.0,6639.8,True,washing_machine,0.922362567314127
6635.0,6644.8,True,washing_machine,0.9216221742574119
6640.0,6649.8,True,washing_machine,0.9223473661772806
6645.0,6654.8,True,baseload,0.999904553083769
6650.0,6659.8,True,baseload,0.9999045538873911
6655.0,6664.8,True,baseload,0.9999045515411928
6660.0,6669.8,True,baseload,0.9999045512675527
6665.0,6674.8,True,baseload,0.9999045520712302
6670.0,6679.8,True,baseload,0.999896004556539
6675.0,6684.8,True,baseload,0.999896004556539
6680.0,6689.8,True,baseload,0.9999045533573537
6685.0,6694.8,True,baseload,0.9999045530837648
6690.0,6699.8,True,baseload,0.9999045533573537
6695.0,6704.8,True,baseload,0.9999045530837721
6700.0,6709.8,True,washing_machine,0.9223473661776475
6705.0,6714.8,True,washing_machine,0.9216221742574119
6710.0,6719.8,True,washing_machine,0.9223625672975319
6715.0,6724.8,True,baseload,0.9999045538873897
6720.0,6729.8,True,baseload,0.9999045512676197
6725.0,6734.8,True,baseload,0.9999045512676366
6730.0,6739.8,True,baseload,0.9999045512676901
6735.0,6744.8,True,baseload,0.9999045512676241
6740.0,6749.8,True,baseload,0.99990455388739
6745.0,6754.8,True,baseload,0.9999045530837688
6750.0,6759.8,True,baseload,0.9999000144664929
6755.0,6764.8,True,washing_machine,0.9216447206123586
6760.0,6769.8,True,washing_machine,0.9223699483843869
6765.0,6774.8,True,baseload,0.9999045520712293
6770.0,6779.8,True,baseload,0.9999045515411342
6775.0,6784.8,True,baseload,0.9999045530838216
6780.0,6789.8,True,baseload,0.9999045520712309
6785.0,6794.8,True,baseload,0.9999045520712293
6790.0,6799.8,True,baseload,0.99990455388739
6795.0,6804.8,True,baseload,0.9999045530837644
6800.0,6809.8,True,baseload,0.9999045512676092
6805.0,6814.8,True,baseload,0.9999045512676072
6810.0,6819.8,True,baseload,0.9999045530837666
6815.0,6824.8,True,baseload,0.9999045520711701
6820.0,6829.8,True,baseload,0.9999045530838216
6825.0,6834.8,True,baseload,0.9999045520711701
6830.0,6839.8,True,baseload,0.9999045520712355
6835.0,6844.8,True,baseload,0.9999045520712289
6840.0,6849.8,True,baseload,0.9999045520711701
6845.0,6854.8,True,baseload,0.9999045520712282
6850.0,6859.8,True,baseload,0.9999045530837661
6855.0,6864.8,True,baseload,0.9999045520711706
6860.0,6869.8,True,baseload,0.9999045530837803
6865.0,6874.8,True,baseload,0.999904553083767
6870.0,6879.8,True,baseload,0.9999045512676052
6875.0,6884.8,True,baseload,0.9999045530838154
6880.0,6889.8,True,baseload,0.999904551267611
6885.0,6894.8,True,baseload,0.9999045512676135
6890.0,6899.8,True,baseload,0.999904551541196
6895.0,6904.8,True,baseload,0.9999045512676092
6900.0,6909.8,True,baseload,0.9999045530837708
6905.0,6914.8,True,baseload,0.9999045538873966
6910.0,6919.8,True,baseload,0.9999000136631718
6915.0,6924.8,True,baseload,0.9999000544558789
6920.0,6929.8,True,baseload,0.9999000136631692
6925.0,6934.8,True,baseload,0.9999045512676139
6930.0,6939.8,True,baseload,0.9999045520712302
6935.0,6944.8,True,baseload,0.999904553887392
6940.0,6949.8,True,baseload,0.9999045530837661
6945.0,6954.8,True,baseload,0.9999045530838145
6950.0,6959.8,True,baseload,0.9999045512676108
6955.0,6964.8,True,baseload,0.9999045520712402
6960.0,6969.8,True,baseload,0.9999045512675458
6965.0,6974.8,True,baseload,0.9999045515411933
6970.0,6979.8,True,baseload,0.9999045538874386
6975.0,6984.8,True,baseload,0.9999000136631712
6980.0,6989.8,True,baseload,0.9999000136632535
6985.0,6994.8,True,baseload,0.9999045520712335
6990.0,6999.8,True,baseload,0.9999045512676117
6995.0,7004.8,True,baseload,0.9999000136631716
7000.0,7009.8,True,baseload,0.9999000544558789
7005.0,7014.8,True,baseload,0.9999000136631716
7010.0,7019.8,True,baseload,0.9999045530837719
7015.0,7024.8,True,baseload,0.9999045530837726
7020.0,7029.8,True,baseload,0.9999045538874388
7025.0,7034.8,True,baseload,0.9999045520712355
7030.0,7039.8,True,baseload,0.9999045512676052
7035.0,7044.8,True,baseload,0.9999045538874393
7040.0,7049.8,True,baseload,0.9999045538874388
7045.0,7054.8,True,baseload,0.9999045512676072
7050.0,7059.8,True,baseload,0.9999045520712293
7055.0,7064.8,True,baseload,0.9999045520712302
7060.0,7069.8,True,baseload,0.9999045512676141
7065.0,7074.8,True,baseload,0.9999045530838216
7070.0,7079.8,True,baseload,0.9999045520712286
7075.0,7084.8,True,baseload,0.9999045520712293
7080.0,7089.8,True,baseload,0.9999045512676048
7085.0,7094.8,True,baseload,0.9999045520711699
7090.0,7099.8,True,baseload,0.9999045530837652
7095.0,7104.8,True,baseload,0.9999045530838139
7100.0,7109.8,True,baseload,0.9999045520712293
7105.0,7114.8,True,baseload,0.999904551267603
7110.0,7119.8,True,baseload,0.9999045530837644
7115.0,7124.8,True,baseload,0.9999045530837726
7120.0,7129.8,True,baseload,0.9999045530837746
7125.0,7134.8,True,baseload,0.9999045520712286
7130.0,7139.8,True,baseload,0.9999045530837666
7135.0,7144.8,True,baseload,0.9999045538873986
7140.0,7149.8,True,baseload,0.99990455388739
7145.0,7154.8,True,baseload,0.9999045512676215
7150.0,7159.8,True,baseload,0.9999045512676217
7155.0,7164.8,True,baseload,0.9999045530837644
7160.0,7169.8,True,baseload,0.9999045520712286
7165.0,7174.8,True,baseload,0.9999045520712342
7170.0,7179.8,True,baseload,0.9999045512676146
7175.0,7184.8,True,baseload,0.9999045512676048
7180.0,7189.8,True,baseload,0.9999045512676177
7185.0,7194.8,True,baseload,0.999896004556539
7190.0,7199.8,True,baseload,0.999900053478229
7195.0,7204.8,True,baseload,0.9999000128447999
7200.0,7209.8,True,baseload,0.9999045538873897
7205.0,7214.8,True,baseload,0.9999045530837644
7210.0,7219.8,True,baseload,0.9999045533573542
7215.0,7224.8,True,baseload,0.9999000139375468
7220.0,7229.8,True,baseload,0.9999000544558787
7225.0,7234.8,True,baseload,0.9999000136631709
7230.0,7239.8,True,baseload,0.9999045530837721
7235.0,7244.8,True,baseload,0.9999045530837684
7240.0,7249.8,True,baseload,0.9999000128447941
7245.0,7254.8,True,baseload,0.999896004556539
7250.0,7259.8,True,baseload,0.9999045538873904
7255.0,7264.8,True,baseload,0.9999045533573537
7260.0,7269.8,True,baseload,0.9999045530837744
7265.0,7274.8,True,baseload,0.9999045530837748
7270.0,7279.8,True,baseload,0.999904551267605
7275.0,7284.8,True,baseload,0.999900012844716
7280.0,7289.8,True,baseload,0.999900053478229
7285.0,7294.8,True,washing_machine,0.9216282263214269
7290.0,7299.8,True,washing_machine,0.9223399861179752
7295.0,7304.8,True,baseload,0.9999045520712286
7300.0,7309.8,True,baseload,0.999904551267607
7305.0,7314.8,True,baseload,0.9999045538873895
7310.0,7319.8,True,baseload,0.999904553083771
7315.0,7324.8,True,baseload,0.9999045533574035
7320.0,7329.8,True,baseload,0.9999045538874388
7325.0,7334.8,True,baseload,0.99990455388739
7330.0,7339.8,True,baseload,0.9999045538873904
7335.0,7344.8,True,baseload,0.9999045538874393
7340.0,7349.8,True,baseload,0.9999045520712335
7345.0,7354.8,True,baseload,0.9999000136631747
7350.0,7359.8,True,baseload,0.9999000537969063
7355.0,7364.8,True,baseload,0.9999000544558789
7360.0,7369.8,True,baseload,0.9999045538873902
7365.0,7374.8,True,baseload,0.9999045530837724
7370.0,7379.8,True,baseload,0.9999045512676052
7375.0,7384.8,True,baseload,0.9999045530837661
7380.0,7389.8,True,baseload,0.9999045530837721
7385.0,7394.8,True,baseload,0.9999045530837661
7390.0,7399.8,True,baseload,0.999904553083765
7395.0,7404.8,True,baseload,0.9999045520712375
7400.0,7409.8,True,baseload,0.9999045538874388
7405.0,7414.8,True,baseload,0.9999045538873897
7410.0,7419.8,True,baseload,0.9999045538874393
7415.0,7424.8,True,baseload,0.999904551267611
7420.0,7429.8,True,baseload,0.9999000136483343
7425.0,7434.8,True,baseload,0.9999000544558783
7430.0,7439.8,True,baseload,0.9999000144664922
7435.0,7444.8,True,baseload,0.999904553083767
7440.0,7449.8,True,baseload,0.9999000136632535
7445.0,7454.8,True,baseload,0.9999000136631832
7450.0,7459.8,True,baseload,0.9999045512676052
7455.0,7464.8,True,baseload,0.9999045520712326
7460.0,7469.8,True,baseload,0.9999045520712291
7465.0,7474.8,True,baseload,0.999904552071236
7470.0,7479.8,True,baseload,0.9999045520712289
7475.0,7484.8,True,baseload,0.9999045512676048
7480.0,7489.8,True,baseload,0.9999045512676203
7485.0,7494.8,True,baseload,0.9999045533573537
7490.0,7499.8,True,baseload,0.9999045538873904
7495.0,7504.8,True,baseload,0.9999045538874393
7500.0,7509.8,True,baseload,0.999896004556539
7505.0,7514.8,True,baseload,0.999896004556539
7510.0,7519.8,True,baseload,0.999900053478229
7515.0,7524.8,True,baseload,0.9999045512676226
7520.0,7529.8,True,baseload,0.9999045520712293
7525.0,7534.8,True,baseload,0.9999045530838236
7530.0,7539.8,True,baseload,0.999904553083765
7535.0,7544.8,True,baseload,0.9999045533573546
7540.0,7549.8,True,baseload,0.99990001284473
7545.0,7554.8,True,baseload,0.9999000544558789
7550.0,7559.8,True,baseload,0.9999000544558787
7555.0,7564.8,True,baseload,0.9999000136631716
7560.0,7569.8,True,baseload,0.9999045533573577
7565.0,7574.8,True,baseload,0.9999000136631692
7570.0,7579.8,True,baseload,0.9999000537969063
7575.0,7584.8,True,baseload,0.9998960053218235
7580.0,7589.8,True,baseload,0.9999045520712293
7585.0,7594.8,True,baseload,0.9999045512676166
7590.0,7599.8,True,baseload,0.9999045530838225
7595.0,7604.8,True,baseload,0.9999045538873895
7600.0,7609.8,True,baseload,0.999904551267613
7605.0,7614.8,True,baseload,0.9999045530838159
7610.0,7619.8,True,baseload,0.9999045538873897
7615.0,7624.8,True,baseload,0.9999045530837724
7620.0,7629.8,True,baseload,0.9998960053218235
7625.0,7634.8,True,baseload,0.9999000136631765
7630.0,7639.8,True,baseload,0.9999000144664931
7635.0,7644.8,True,baseload,0.9999000544558789
7640.0,7649.8,True,baseload,0.9999045530837664
7645.0,7654.8,True,baseload,0.999904551267607
7650.0,7659.8,True,baseload,0.9999045512676221
7655.0,7664.8,True,baseload,0.9999045512676177
7660.0,7669.8,True,baseload,0.9999045515411933
7665.0,7674.8,True,baseload,0.9999045530837661
7670.0,7679.8,True,baseload,0.999904551267611
7675.0,7684.8,True,baseload,0.9999045520712402
7680.0,7689.8,True,baseload,0.9999045512676137
7685.0,7694.8,True,baseload,0.9999045520712282
7690.0,7699.8,True,baseload,0.99990001284472
7695.0,7704.8,True,baseload,0.999900053478229
7700.0,7709.8,True,baseload,0.9999000128447255
7705.0,7714.8,True,baseload,0.9999045538874388
7710.0,7719.8,True,baseload,0.9999045520712293
7715.0,7724.8,True,baseload,0.9999045512676121
7720.0,7729.8,True,baseload,0.999904551267613
7725.0,7734.8,True,baseload,0.999900053478229
7730.0,7739.8,True,baseload,0.9999000136483347
7735.0,7744.8,True,baseload,0.9999045538873897
7740.0,7749.8,True,baseload,0.9999045530837726
7745.0,7754.8,True,baseload,0.99990455388739
7750.0,7759.8,True,baseload,0.9999000136631749
7755.0,7764.8,True,baseload,0.9999000537969251
7760.0,7769.8,True,baseload,0.9999000544558789
7765.0,7774.8,True,baseload,0.9999000139375475
7770.0,7779.8,True,baseload,0.9999000128448041
7775.0,7784.8,True,baseload,0.999900012844716
7780.0,7789.8,True,baseload,0.9999045520712286
7785.0,7794.8,True,baseload,0.9999045530837666
7790.0,7799.8,True,baseload,0.9999045530837788
7795.0,7804.8,True,washing_machine,0.999982032305932
7800.0,7809.8,True,washing_machine,0.9999818463857504
7805.0,7814.8,True,washing_machine,0.9223473661776475
7810.0,7819.8,True,baseload,0.9999045538873966
7815.0,7824.8,True,baseload,0.9999045512676048
7820.0,7829.8,True,baseload,0.9999045520712375
7825.0,7834.8,True,baseload,0.9999045512676221
7830.0,7839.8,True,baseload,0.9999045520712286
7835.0,7844.8,True,baseload,0.9999000136631767
7840.0,7849.8,True,baseload,0.9999000136632473
7845.0,7854.8,True,baseload,0.9999045530838145
7850.0,7859.8,True,baseload,0.9999045520712293
7855.0,7864.8,True,baseload,0.999904551267611
7860.0,7869.8,True,baseload,0.9999000136631692
7865.0,7874.8,True,baseload,0.9999000544558789
7870.0,7879.8,True,baseload,0.9998997605524385
7875.0,7884.8,True,baseload,0.9999045520711706
7880.0,7889.8,True,baseload,0.999904553083767
7885.0,7894.8,True,baseload,0.9999045530837708
7890.0,7899.8,True,baseload,0.9999045533573537
7895.0,7904.8,True,baseload,0.9999000128447166
7900.0,7909.8,True,baseload,0.999900053478229
7905.0,7914.8,True,baseload,0.9999000136483343
7910.0,7919.8,True,baseload,0.9999045530838176
7915.0,7924.8,True,baseload,0.99990455388739
7920.0,7929.8,True,baseload,0.9999045538873904
7925.0,7934.8,True,baseload,0.9999045530837684
7930.0,7939.8,True,baseload,0.9999045538874011
7935.0,7944.8,True,baseload,0.9999045530837721
7940.0,7949.8,True,baseload,0.999904553083773
7945.0,7954.8,True,baseload,0.9999000128447169
7950.0,7959.8,True,baseload,0.9999000537969063
7955.0,7964.8,True,baseload,0.9999000544558789
7960.0,7969.8,True,baseload,0.9999045520712482
7965.0,7974.8,True,baseload,0.9999045533573537
7970.0,7979.8,True,baseload,0.9999045512676188
7975.0,7984.8,True,baseload,0.9999045515411948
7980.0,7989.8,True,baseload,0.999896004556539
7985.0,7994.8,True,baseload,0.9999000128448032
7990.0,7999.8,True,baseload,0.999904553083767
7995.0,8004.8,True,baseload,0.9999045530837646
8000.0,8009.8,True,baseload,0.9999045538873933
8005.0,8014.8,True,baseload,0.9999045533573551
8010.0,8019.8,True,baseload,0.9999045512676092
8015.0,8024.8,True,baseload,0.9999045530838327
8020.0,8029.8,True,baseload,0.9999045538874395
8025.0,8034.8,True,baseload,0.9999045533574046
8030.0,8039.8,True,baseload,0.9999045520712375
8035.0,8044.8,True,baseload,0.9999045512676101
8040.0,8049.8,True,baseload,0.9999045520712289
8045.0,8054.8,True,baseload,0.9999045512676188
8050.0,8059.8,True,baseload,0.9999045520712309
8055.0,8064.8,True,baseload,0.9999045512676141
8060.0,8069.8,True,baseload,0.9999045512676092
8065.0,8074.8,True,baseload,0.9999045530837735
8070.0,8079.8,True,baseload,0.9999045512676048
8075.0,8084.8,True,baseload,0.9999045520712426
8080.0,8089.8,True,baseload,0.9999045520712293
8085.0,8094.8,True,baseload,0.9999045533573546
8090.0,8099.8,True,baseload,0.9999000136483343
8095.0,8104.8,True,baseload,0.9999000544558789
8100.0,8109.8,True,baseload,0.9998960053218235
8105.0,8114.8,True,baseload,0.9999000136483343
8110.0,8119.8,True,baseload,0.999900053478229
8115.0,8124.8,True,baseload,0.9999000128447177
8120.0,8129.8,True,baseload,0.9999045512676241
8125.0,8134.8,True,baseload,0.9999045520712309
8130.0,8139.8,True,baseload,0.9999000128447235
8135.0,8144.8,True,baseload,0.999896004556539
8140.0,8149.8,True,baseload,0.9999045538874393
8145.0,8154.8,True,baseload,0.9999045515411342
8150.0,8159.8,True,baseload,0.99990455388739
8155.0,8164.8,True,baseload,0.9999045530837724
8160.0,8169.8,True,baseload,0.99990455388739
8165.0,8174.8,True,baseload,0.9999045533573537
8170.0,8179.8,True,baseload,0.9999045533573542
8175.0,8184.8,True,baseload,0.9999045530837646
8180.0,8189.8,True,baseload,0.9999045533573542
8185.0,8194.8,True,baseload,0.9999045530837724
8190.0,8199.8,True,baseload,0.99990455388739
8195.0,8204.8,True,baseload,0.9999045538873904
8200.0,8209.8,True,baseload,0.9999045533573542
8205.0,8214.8,True,baseload,0.999900012844716
8210.0,8219.8,True,baseload,0.999900053478229
8215.0,8224.8,True,baseload,0.9999000131183055
8220.0,8229.8,True,baseload,0.9999045530837661
8225.0,8234.8,True,baseload,0.9999000128447244
8230.0,8239.8,True,baseload,0.999900053478229
8235.0,8244.8,True,baseload,0.9999000136483343
8240.0,8249.8,True,baseload,0.999904551541194
8245.0,8254.8,True,baseload,0.9999045520712291
8250.0,8259.8,True,baseload,0.9999000136483343
8255.0,8264.8,True,baseload,0.999900053478229
8260.0,8269.8,True,baseload,0.9999000128447255
8265.0,8274.8,True,baseload,0.9999045538873897
8270.0,8279.8,True,baseload,0.9999045538873924
8275.0,8284.8,True,baseload,0.9999045530837797
8280.0,8289.8,True,baseload,0.9999045530838154
8285.0,8294.8,True,baseload,0.9999045520712291
8290.0,8299.8,True,baseload,0.9999045538873904
8295.0,8304.8,True,baseload,0.9999045530838145
8300.0,8309.8,True,baseload,0.999904553083843
8305.0,8314.8,True,baseload,0.9999045533573533
8310.0,8319.8,True,baseload,0.999900053478229
8315.0,8324.8,True,baseload,0.999900012844716
8320.0,8329.8,True,baseload,0.9999045520712362
8325.0,8334.8,True,baseload,0.9999000136483347
8330.0,8339.8,True,baseload,0.999900053478229
8335.0,8344.8,True,baseload,0.999900012844716
8340.0,8349.8,True,baseload,0.9999045538873904
8345.0,8354.8,True,baseload,0.9999045515411968
8350.0,8359.8,True,baseload,0.9999045515411948
8355.0,8364.8,True,baseload,0.9999045520712282
8360.0,8369.8,True,baseload,0.9999000128447235
8365.0,8374.8,True,baseload,0.999900053478229
8370.0,8379.8,True,baseload,0.999896004556539
8375.0,8384.8,True,baseload,0.999896004556539
8380.0,8389.8,True,baseload,0.999896004556539
8385.0,8394.8,True,baseload,0.999900053478229
8390.0,8399.8,True,baseload,0.999900012844716
8395.0,8404.8,True,baseload,0.9999045512676135
8400.0,8409.8,True,baseload,0.9999045512676241
8405.0,8414.8,True,baseload,0.9999045512676252
8410.0,8419.8,True,baseload,0.999900053478229
8415.0,8424.8,True,baseload,0.99990001284473
8420.0,8429.8,True,baseload,0.9999045538873904
8425.0,8434.8,True,baseload,0.9999045538873937
8430.0,8439.8,True,baseload,0.9999045538873897
8435.0,8444.8,True,baseload,0.9999000136631878
8440.0,8449.8,True,baseload,0.9998960053218235
8445.0,8454.8,True,baseload,0.9999045538873902
8450.0,8459.8,True,baseload,0.99990455388739
8455.0,8464.8,True,baseload,0.9999045533573537
8460.0,8469.8,True,baseload,0.9999000131183043
8465.0,8474.8,True,baseload,0.999900053478229
8470.0,8479.8,True,baseload,0.9999000128447169
8475.0,8484.8,True,baseload,0.9999045533573648
8480.0,8489.8,True,baseload,0.9999045533573537
8485.0,8494.8,True,baseload,0.9999000136631765
8490.0,8499.8,True,fridge,0.6596378250795365
8495.0,8504.8,True,fridge,0.26788755534376457
8500.0,8509.8,True,fridge,0.29825381383223537
8505.0,8514.8,True,fridge,0.2982538133339354
8510.0,8519.8,True,fridge,0.2982518219188185
8515.0,8524.8,True,fridge,0.3011266020312207
8520.0,8529.8,True,fridge,0.3013210366746892
8525.0,8534.8,True,fridge,0.30130527969862636
8530.0,8539.8,True,fridge,0.29825182043148296
8535.0,8544.8,True,fridge,0.2982383818782997
8540.0,8549.8,True,fridge,0.2982363904786865
8545.0,8554.8,True,fridge,0.30130527969862636
8550.0,8559.8,True,fridge,0.3013210366746892
8555.0,8564.8,True,fridge,0.3011266020312207
8560.0,8569.8,True,fridge,0.3013210366746892
8565.0,8574.8,True,fridge,0.3013210363316491
8570.0,8579.8,True,fridge,0.3013210363316491
8575.0,8584.8,True,fridge,0.3013210363316491
8580.0,8589.8,True,fridge,0.3013210363316491
8585.0,8594.8,True,fridge,0.3011266020312207
8590.0,8599.8,True,fridge,0.3013210363316491
8595.0,8604.8,True,fridge,0.3013210363316491
8600.0,8609.8,True,fridge,0.3013210366746892
8605.0,8614.8,True,fridge,0.3011266020312207
8610.0,8619.8,True,fridge,0.30112658706324275
8615.0,8624.8,True,fridge,0.30112658656264873
8620.0,8629.8,True,fridge,0.30112658706324275
8625.0,8634.8,True,fridge,0.3013210366746892
8630.0,8639.8,True,fridge,0.3013210366746892
8635.0,8644.8,True,fridge,0.3013210363316491
8640.0,8649.8,True,fridge,0.3011266020312207
8645.0,8654.8,True,fridge,0.30112658706324275
8650.0,8659.8,True,fridge,0.30112658706324275
8655.0,8664.8,True,fridge,0.3013210363316491
8660.0,8669.8,True,fridge,0.30130527969862636
8665.0,8674.8,True,fridge,0.30130527969862636
8670.0,8679.8,True,fridge,0.3013209789484293
8675.0,8684.8,True,fridge,0.30111085075728206
8680.0,8689.8,True,fridge,0.30112658706324275
8685.0,8694.8,True,fridge,0.30112658706324275
8690.0,8699.8,True,fridge,0.30112658656264873
8695.0,8704.8,True,fridge,0.30112658706324275
8700.0,8709.8,True,fridge,0.30132103100580787
8705.0,8714.8,True,fridge,0.3013052743713927
8710.0,8719.8,True,fridge,0.3013210363316491
8715.0,8724.8,True,fridge,0.3013210363316491
8720.0,8729.8,True,fridge,0.3011266020312207
8725.0,8734.8,True,fridge,0.3011266022345082
8730.0,8739.8,True,fridge,0.3013210363316491
8735.0,8744.8,True,fridge,0.3013210366746892
8740.0,8749.8,True,fridge,0.3013210366746892
8745.0,8754.8,True,fridge,0.3013210366746892
8750.0,8759.8,True,fridge,0.30130527969862636
8755.0,8764.8,True,fridge,0.3013210366746892
8760.0,8769.8,True,fridge,0.2983000622439643
8765.0,8774.8,True,fridge,0.2983000622439643
8770.0,8779.8,True,fridge,0.30112661127949486
8775.0,8784.8,True,fridge,0.3011266090604149
8780.0,8789.8,True,fridge,0.3013210366746892
8785.0,8794.8,True,fridge,0.3013210363316491
8790.0,8799.8,True,fridge,0.3011266022345082
8795.0,8804.8,True,fridge,0.3011266047604292
8800.0,8809.8,True,fridge,0.3013210363316491
8805.0,8814.8,True,fridge,0.30112660269987973
8810.0,8819.8,True,fridge,0.3011108664830202
8815.0,8824.8,True,fridge,0.3013210363316491
8820.0,8829.8,True,fridge,0.30112658706324275
8825.0,8834.8,True,fridge,0.2982518199331845
8830.0,8839.8,True,fridge,0.2981250411157976
8835.0,8844.8,True,fridge,0.29825182142052004
8840.0,8849.8,True,fridge,0.2982538133339354
8845.0,8854.8,True,fridge,0.2982518219188185
8850.0,8859.8,True,fridge,0.3013210366746892
8855.0,8864.8,True,fridge,0.29825182172787107
8860.0,8869.8,True,fridge,0.2982538133339354
8865.0,8874.8,True,fridge,0.2982518219188185
8870.0,8879.8,True,fridge,0.30112658706324275
8875.0,8884.8,True,fridge,0.30112658656264873
8880.0,8889.8,True,fridge,0.29825381383223537
8885.0,8894.8,True,fridge,0.2982538122751061
8890.0,8899.8,True,fridge,0.298109616450383
8895.0,8904.8,True,fridge,0.3011108502567006
8900.0,8909.8,True,fridge,0.3013210366746892
8905.0,8914.8,True,fridge,0.3013210366746892
8910.0,8919.8,True,fridge,0.3011108659290313
8915.0,8924.8,True,fridge,0.30112658656264873
8920.0,8929.8,True,fridge,0.30112658706324275
8925.0,8934.8,True,fridge,0.30112660269987973
8930.0,8939.8,True,fridge,0.3013210366746892
8935.0,8944.8,True,fridge,0.30130527969862636
8940.0,8949.8,True,fridge,0.3013210363316491
8945.0,8954.8,True,fridge,0.3013210363316491
8950.0,8959.8,True,fridge,0.30112658706324275
8955.0,8964.8,True,fridge,0.30112658656264873
8960.0,8969.8,True,fridge,0.30111085075728206
8965.0,8974.8,True,fridge,0.3011266032306611
8970.0,8979.8,True,fridge,0.30112658706324275
8975.0,8984.8,True,fridge,0.30112658656264873
8980.0,8989.8,True,fridge,0.30112658706324275
8985.0,8994.8,True,fridge,0.30112660398641805
8990.0,8999.8,True,fridge,0.29825381383223537
8995.0,9004.8,True,fridge,0.29825381383223537
9000.0,9009.8,True,fridge,0.3011266027885198
9005.0,9014.8,True,fridge,0.301110866394357
9010.0,9019.8,True,fridge,0.301110866394357
9015.0,9024.8,True,fridge,0.30112658656264873
9020.0,9029.8,True,fridge,0.30111085075728206
9025.0,9034.8,True,fridge,0.3013210363316491
9030.0,9039.8,True,fridge,0.30112658706324275
9035.0,9044.8,True,fridge,0.30112658706324275
9040.0,9049.8,True,fridge,0.30112658706324275
9045.0,9054.8,True,fridge,0.30112658706324275
9050.0,9059.8,True,fridge,0.3013210363316491
9055.0,9064.8,True,fridge,0.3013210363316491
9060.0,9069.8,True,fridge,0.30112658706324275
9065.0,9074.8,True,fridge,0.30112658656264873
9070.0,9079.8,True,fridge,0.30112658656264873
9075.0,9084.8,True,fridge,0.30112658706324275
9080.0,9089.8,True,fridge,0.3011266020312207
9085.0,9094.8,True,fridge,0.3011266032306611
9090.0,9099.8,True,fridge,0.30111086572576506
9095.0,9104.8,True,fridge,0.3013210366746892
9100.0,9109.8,True,fridge,0.3013210363316491
9105.0,9114.8,True,fridge,0.30112658706324275
9110.0,9119.8,True,fridge,0.30112658706324275
9115.0,9124.8,True,fridge,0.29951365423200116
9120.0,9129.8,True,fridge,0.6892136578414547
9125.0,9134.8,True,baseload,0.9999000128447235
9130.0,9139.8,True,baseload,0.999900053478229
9135.0,9144.8,True,baseload,0.999900053478229
9140.0,9149.8,True,baseload,0.999896004556539
9145.0,9154.8,True,baseload,0.9999045530837661
9150.0,9159.8,True,baseload,0.9999045538873962
9155.0,9164.8,True,baseload,0.99990001284473
9160.0,9169.8,True,baseload,0.99990001284473
9165.0,9174.8,True,baseload,0.9999045538873911
9170.0,9179.8,True,baseload,0.9999045512676072
9175.0,9184.8,True,baseload,0.9999000128447231
9180.0,9189.8,True,baseload,0.999900053478229
9185.0,9194.8,True,baseload,0.9999000136483354
9190.0,9199.8,True,baseload,0.9999045533573542
9195.0,9204.8,True,baseload,0.9999045538873897
9200.0,9209.8,True,baseload,0.9999045530837657
9205.0,9214.8,True,baseload,0.9999000128447182
9210.0,9219.8,True,baseload,0.999900053478229
9215.0,9224.8,True,baseload,0.999896004556539
9220.0,9229.8,True,baseload,0.9999045530838225
9225.0,9234.8,True,baseload,0.9999045538873924
9230.0,9239.8,True,baseload,0.999904553083777
9235.0,9244.8,True,baseload,0.999904551267611
9240.0,9249.8,True,baseload,0.9999000544558789
9245.0,9254.8,True,baseload,0.9999000544558789
9250.0,9259.8,True,baseload,0.999900053478229
9255.0,9264.8,True,baseload,0.9999000128447197
9260.0,9269.8,True,baseload,0.9999000136483347
9265.0,9274.8,True,baseload,0.9998997597311192
9270.0,9279.8,True,baseload,0.999900012844716
9275.0,9284.8,True,baseload,0.9999045530838154
9280.0,9289.8,True,baseload,0.9999045512676092
9285.0,9294.8,True,baseload,0.9999045515411955
9290.0,9299.8,True,baseload,0.999904551267611
9295.0,9304.8,True,baseload,0.9999045530838225
9300.0,9309.8,True,baseload,0.99990001284473
9305.0,9314.8,True,baseload,0.9999000128447941
9310.0,9319.8,True,baseload,0.9999000144664929
9315.0,9324.8,True,baseload,0.9999000544558789
9320.0,9329.8,True,baseload,0.999900014466492
9325.0,9334.8,True,baseload,0.9999045530838214
9330.0,9339.8,True,baseload,0.9999045530838214
9335.0,9344.8,True,baseload,0.9999045530837706
9340.0,9349.8,True,baseload,0.9999045520712282
9345.0,9354.8,True,baseload,0.9999045538874395
9350.0,9359.8,True,baseload,0.9999045533573537
9355.0,9364.8,True,baseload,0.9999045538873895
9360.0,9369.8,True,baseload,0.9999045530837664
9365.0,9374.8,True,baseload,0.9999045512676052
9370.0,9379.8,True,baseload,0.999900053478229
9375.0,9384.8,True,baseload,0.9999000128447235
9380.0,9389.8,True,baseload,0.9999000136631776
9385.0,9394.8,True,baseload,0.9999000544558807
9390.0,9399.8,True,baseload,0.999900013663176
9395.0,9404.8,True,baseload,0.9999045512676128
9400.0,9409.8,True,baseload,0.9999045512676117
9405.0,9414.8,True,baseload,0.9999045512676032
9410.0,9419.8,True,baseload,0.9999000136631767
9415.0,9424.8,True,baseload,0.9999000544558789
9420.0,9429.8,True,baseload,0.9999000131183039
9425.0,9434.8,True,baseload,0.999900053478229
9430.0,9439.8,True,baseload,0.9999000136483343
9435.0,9444.8,True,baseload,0.9999000128447169
9440.0,9449.8,True,baseload,0.9999000136631692
9445.0,9454.8,True,baseload,0.9999000544558809
9450.0,9459.8,True,baseload,0.9999000136631765
9455.0,9464.8,True,baseload,0.9999000128447244
9460.0,9469.8,True,baseload,0.999896004556539
9465.0,9474.8,True,baseload,0.9999045530837741
9470.0,9479.8,True,baseload,0.9999045512675512
9475.0,9484.8,True,baseload,0.9999045530838425
9480.0,9489.8,True,baseload,0.9999045530837721
9485.0,9494.8,True,baseload,0.9999000128447177
9490.0,9499.8,True,washing_machine,0.9216507797654057
9495.0,9504.8,True,washing_machine,0.9216221742574119
9500.0,9509.8,True,washing_machine,0.9223473662357025
9505.0,9514.8,True,baseload,0.999904553357403
9510.0,9519.8,True,baseload,0.9999045520711701
9515.0,9524.8,True,baseload,0.9999045538873897
9520.0,9529.8,True,baseload,0.9999045512676814
9525.0,9534.8,True,baseload,0.9999045512676226
9530.0,9539.8,True,baseload,0.9999000128448032
9535.0,9544.8,True,baseload,0.999896004556539
9540.0,9549.8,True,baseload,0.9999045512676086
9545.0,9554.8,True,baseload,0.9999045512676183
9550.0,9559.8,True,baseload,0.9999045520712335
9555.0,9564.8,True,baseload,0.999904551267605
9560.0,9569.8,True,baseload,0.9999045512676052
9565.0,9574.8,True,baseload,0.9999045515411984
9570.0,9579.8,True,baseload,0.9999000128447231
9575.0,9584.8,True,baseload,0.999900053478229
9580.0,9589.8,True,baseload,0.9999000136483347
9585.0,9594.8,True,baseload,0.9999045538873909
9590.0,9599.8,True,baseload,0.9999045530837686
9595.0,9604.8,True,baseload,0.9999000136632535
9600.0,9609.8,True,baseload,0.9998960053218235
9605.0,9614.8,True,baseload,0.9999045512676119
9610.0,9619.8,True,baseload,0.9999045538874393
9615.0,9624.8,True,baseload,0.9999000131183048
9620.0,9629.8,True,baseload,0.9999000537969065
9625.0,9634.8,True,baseload,0.9998960053218235
9630.0,9639.8,True,baseload,0.999904553083845
9635.0,9644.8,True,baseload,0.9999045533573553
9640.0,9649.8,True,baseload,0.999904552071236
9645.0,9654.8,True,baseload,0.9999045512676175
9650.0,9659.8,True,baseload,0.9999045520712311
9655.0,9664.8,True,baseload,0.9999045512676052
9660.0,9669.8,True,baseload,0.99990455388739
9665.0,9674.8,True,baseload,0.9999045530837661
9670.0,9679.8,True,baseload,0.999904551541194
9675.0,9684.8,True,baseload,0.999896004556539
9680.0,9689.8,True,baseload,0.9999000136483354
9685.0,9694.8,True,baseload,0.9999045512676135
9690.0,9699.8,True,baseload,0.999904551267625
9695.0,9704.8,True,baseload,0.9999045520711706
9700.0,9709.8,True,baseload,0.9999000136631692
9705.0,9714.8,True,baseload,0.9999000537969065
9710.0,9719.8,True,baseload,0.9999000544558789
9715.0,9724.8,True,baseload,0.999900053478229
9720.0,9729.8,True,baseload,0.9999000136483343
9725.0,9734.8,True,baseload,0.999900053478229
9730.0,9739.8,True,baseload,0.9999000128447231
9735.0,9744.8,True,baseload,0.9999045512676179
9740.0,9749.8,True,baseload,0.9999045530838179
9745.0,9754.8,True,baseload,0.9999045538873895
9750.0,9759.8,True,baseload,0.9999045515411964
9755.0,9764.8,True,baseload,0.999904551267607
9760.0,9769.8,True,baseload,0.999896004556539
9765.0,9774.8,True,baseload,0.9999000128447235
9770.0,9779.8,True,baseload,0.999904551267549
9775.0,9784.8,True,baseload,0.9999045538873906
9780.0,9789.8,True,baseload,0.9999045530837688
9785.0,9794.8,True,baseload,0.9999045530837708
9790.0,9799.8,True,baseload,0.9999045530838159
9795.0,9804.8,True,baseload,0.9999000136632566
9800.0,9809.8,True,baseload,0.9998960053218235
9805.0,9814.8,True,baseload,0.999900012844716
9810.0,9819.8,True,baseload,0.999900053478229
9815.0,9824.8,True,baseload,0.9998960053218235
9820.0,9829.8,True,baseload,0.9999000544558789
9825.0,9834.8,True,baseload,0.999896004556539
9830.0,9839.8,True,baseload,0.999896004556539
9835.0,9844.8,True,baseload,0.999900053478229
9840.0,9849.8,True,baseload,0.9999000128447244
9845.0,9854.8,True,baseload,0.9999045538873902
9850.0,9859.8,True,baseload,0.9999045538873893
9855.0,9864.8,True,baseload,0.9999045530838216
9860.0,9869.8,True,baseload,0.9999045538873904
9865.0,9874.8,True,baseload,0.99990455388739
9870.0,9879.8,True,baseload,0.9999045538873904
9875.0,9884.8,True,baseload,0.999904553083767
9880.0,9889.8,True,baseload,0.99990455388739
9885.0,9894.8,True,baseload,0.9999045538873904
9890.0,9899.8,True,baseload,0.9999045530837666
9895.0,9904.8,True,baseload,0.9999045520712362
9900.0,9909.8,True,baseload,0.9999045538873904
9905.0,9914.8,True,baseload,0.9999045530837648
9910.0,9919.8,True,baseload,0.9999045530837706
9915.0,9924.8,True,baseload,0.9999045530837837
9920.0,9929.8,True,baseload,0.9999045530837661
9925.0,9934.8,True,baseload,0.9999045520712286
9930.0,9939.8,True,baseload,0.9999045538874393
9935.0,9944.8,True,baseload,0.9999045538873904
9940.0,9949.8,True,baseload,0.99990001284473
9945.0,9954.8,True,baseload,0.9999000128447941
9950.0,9959.8,True,baseload,0.9999045520712482
9955.0,9964.8,True,baseload,0.9999045512676141
9960.0,9969.8,True,baseload,0.9999045530837726
9965.0,9974.8,True,baseload,0.9999045530837688
9970.0,9979.8,True,baseload,0.9999045530837699
9975.0,9984.8,True,baseload,0.999904553083767
9980.0,9989.8,True,baseload,0.9999045530837786
9985.0,9994.8,True,baseload,0.9999045530837721
9990.0,9999.8,True,baseload,0.9999000136631834
9995.0,10004.8,True,baseload,0.9999000544558787
10000.0,10009.8,True,baseload,0.9999000144664922
10005.0,10014.8,True,baseload,0.9999045520712293
10010.0,10019.8,True,baseload,0.9999045512676064
10015.0,10024.8,True,baseload,0.999904553357403
10020.0,10029.8,True,baseload,0.9999045530837721
10025.0,10034.8,True,baseload,0.9999000136632473
10030.0,10039.8,True,baseload,0.9998960053218235
10035.0,10044.8,True,baseload,0.9999045520712309
10040.0,10049.8,True,baseload,0.9999045520712326
10045.0,10054.8,True,baseload,0.9999045538874393
10050.0,10059.8,True,baseload,0.9999045530837684
10055.0,10064.8,True,baseload,0.9999045538873897
10060.0,10069.8,True,baseload,0.9999000136631765
10065.0,10074.8,True,baseload,0.9999000544558809
10070.0,10079.8,True,baseload,0.9999000136631709
10075.0,10084.8,True,baseload,0.9999000128447346
10080.0,10089.8,True,baseload,0.9999000128447346
10085.0,10094.8,True,baseload,0.9999045530837744
10090.0,10099.8,True,baseload,0.9999000144664925
10095.0,10104.8,True,baseload,0.9999000544558787
10100.0,10109.8,True,baseload,0.9999000136631785
10105.0,10114.8,True,baseload,0.9999000128447244
10110.0,10119.8,True,baseload,0.999900053478229
10115.0,10124.8,True,baseload,0.9999000136631878
10120.0,10129.8,True,baseload,0.9998960053218235
10125.0,10134.8,True,baseload,0.999904552071228
10130.0,10139.8,True,baseload,0.9999045538873897
10135.0,10144.8,True,baseload,0.99990455388739
10140.0,10149.8,True,baseload,0.9999045520711701
10145.0,10154.8,True,baseload,0.9999045512676064
10150.0,10159.8,True,baseload,0.9999045512676146
10155.0,10164.8,True,baseload,0.9999045512676032
10160.0,10169.8,True,baseload,0.9999045515411984
10165.0,10174.8,True,baseload,0.9999045520712482
10170.0,10179.8,True,baseload,0.9999045512676108
10175.0,10184.8,True,baseload,0.9999045538873966
10180.0,10189.8,True,baseload,0.9999045530837724
10185.0,10194.8,True,baseload,0.9999045530837741
10190.0,10199.8,True,baseload,0.9999045530837646
10195.0,10204.8,True,baseload,0.9999045520712293
10200.0,10209.8,True,baseload,0.9999000128447235
10205.0,10214.8,True,baseload,0.999900053478229
10210.0,10219.8,True,baseload,0.9999045512676283
10215.0,10224.8,True,baseload,0.9999045530837728
10220.0,10229.8,True,baseload,0.9999045538873895
10225.0,10234.8,True,baseload,0.9999045520712293
10230.0,10239.8,True,baseload,0.9999045512676052
10235.0,10244.8,True,baseload,0.9999045520711699
10240.0,10249.8,True,baseload,0.9999000139375468
10245.0,10254.8,True,baseload,0.9999000544558787
10250.0,10259.8,True,baseload,0.9999000136632473
10255.0,10264.8,True,baseload,0.9999045512676032
10260.0,10269.8,True,baseload,0.99990455388739
10265.0,10274.8,True,baseload,0.9999045533573537
10270.0,10279.8,True,baseload,0.9999045530837744
10275.0,10284.8,True,baseload,0.9999045512676086
10280.0,10289.8,True,baseload,0.9999000136483347
10285.0,10294.8,True,baseload,0.999900053478229
10290.0,10299.8,True,baseload,0.9999000128447177
10295.0,10304.8,True,baseload,0.9999045538874388
10300.0,10309.8,True,baseload,0.9999045530837721
10305.0,10314.8,True,baseload,0.9999045533573533
10310.0,10319.8,True,baseload,0.99990455388739
10315.0,10324.8,True,baseload,0.999900012844716
10320.0,10329.8,True,baseload,0.9998997597311192
10325.0,10334.8,True,baseload,0.9999000128447182
10330.0,10339.8,True,baseload,0.9999045512676814
10335.0,10344.8,True,baseload,0.999904553083767
10340.0,10349.8,True,baseload,0.9999045538873904
10345.0,10354.8,True,baseload,0.9999000128447177
10350.0,10359.8,True,baseload,0.999900053478229
10355.0,10364.8,True,baseload,0.999900053478229
10360.0,10369.8,True,baseload,0.999900012844716
10365.0,10374.8,True,baseload,0.999900053478229
10370.0,10379.8,True,baseload,0.9999000144664929
10375.0,10384.8,True,baseload,0.9999000544558789
10380.0,10389.8,True,baseload,0.9999000144664933
10385.0,10394.8,True,baseload,0.999904551267607
10390.0,10399.8,True,baseload,0.9999045512676108
10395.0,10404.8,True,baseload,0.9999000136631763
10400.0,10409.8,True,baseload,0.999900053478229
10405.0,10414.8,True,baseload,0.9999000128447346
10410.0,10419.8,True,baseload,0.9999045538873897
10415.0,10424.8,True,baseload,0.9999045538873904
10420.0,10429.8,True,washing_machine,0.9223399854368235
10425.0,10434.8,True,washing_machine,0.9216221742574119
10430.0,10439.8,True,washing_machine,0.9216507731452177
10435.0,10444.8,True,baseload,0.9999000537969065
10440.0,10449.8,True,baseload,0.9998960053218235
10445.0,10454.8,True,baseload,0.9999045520712286
10450.0,10459.8,True,baseload,0.9999045520712311
10455.0,10464.8,True,baseload,0.9999045520712286
10460.0,10469.8,True,washing_machine,0.9242323185357196
10465.0,10474.8,True,washing_machine,0.9223399861179752
10470.0,10479.8,True,baseload,0.9999000136483347
10475.0,10484.8,True,baseload,0.999900053478229
10480.0,10489.8,True,fridge,0.6881372788818667
10485.0,10494.8,True,fridge,0.2576331217944316
10490.0,10499.8,True,fridge,0.2902211360150391
10495.0,10504.8,True,fridge,0.2904108806166674
10500.0,10509.8,True,fridge,0.2904108806166674
10505.0,10514.8,True,fridge,0.28769552425818573
10510.0,10519.8,True,fridge,0.2877101846695985
10515.0,10524.8,True,fridge,0.2904108806166674
10520.0,10529.8,True,fridge,0.2902211360150391
10525.0,10534.8,True,fridge,0.2902211360150391
10530.0,10539.8,True,fridge,0.29041088095141054
10535.0,10544.8,True,fridge,0.2902211509075364
10540.0,10549.8,True,fridge,0.2902211360150391
10545.0,10554.8,True,fridge,0.2902211360150391
10550.0,10559.8,True,fridge,0.2904108806166674
10555.0,10564.8,True,fridge,0.2904108806166674
10560.0,10569.8,True,fridge,0.2904108806166674
10565.0,10574.8,True,fridge,0.2904108806166674
10570.0,10579.8,True,fridge,0.2902057805869022
10575.0,10584.8,True,fridge,0.2902057800988155
10580.0,10589.8,True,fridge,0.2902057805869022
10585.0,10594.8,True,fridge,0.2902211509075364
10590.0,10599.8,True,fridge,0.2902211360150391
10595.0,10604.8,True,fridge,0.29022113552693946
10600.0,10609.8,True,fridge,0.2902211509075364
10605.0,10614.8,True,fridge,0.2874167195844965
10610.0,10619.8,True,fridge,0.2874167190987436
10615.0,10624.8,True,fridge,0.2872926007605521
10620.0,10629.8,True,fridge,0.2904108806166674
10625.0,10634.8,True,fridge,0.2904108806166674
10630.0,10639.8,True,fridge,0.2902211509075364
10635.0,10644.8,True,fridge,0.2903955051059702
10640.0,10649.8,True,fridge,0.2904108779999023
10645.0,10654.8,True,fridge,0.2904108806166674
10650.0,10659.8,True,fridge,0.29041088095141054
10655.0,10664.8,True,fridge,0.29039550544067977
10660.0,10669.8,True,fridge,0.2904108806166674
10665.0,10674.8,True,fridge,0.2904108806166674
10670.0,10679.8,True,fridge,0.28740166536630524
10675.0,10684.8,True,fridge,0.2874167190987436
10680.0,10689.8,True,fridge,0.2902211360150391
10685.0,10694.8,True,fridge,0.2902211360150391
10690.0,10699.8,True,fridge,0.2874167210374553
10695.0,10704.8,True,fridge,0.28741866380017356
10700.0,10709.8,True,fridge,0.2874167210374553
10705.0,10714.8,True,fridge,0.2902211509075364
10710.0,10719.8,True,fridge,0.29022115070916915
10715.0,10724.8,True,fridge,0.2902211360150391
10720.0,10729.8,True,fridge,0.2902057805869022
10725.0,10734.8,True,fridge,0.2874258289477658
10730.0,10739.8,True,fridge,0.28742582865882776
10735.0,10744.8,True,fridge,0.2872926007605521
10740.0,10749.8,True,fridge,0.29041088095141054
10745.0,10754.8,True,fridge,0.2902211509075364
10750.0,10759.8,True,fridge,0.29022115070916915
10755.0,10764.8,True,fridge,0.2902211360150391
10760.0,10769.8,True,fridge,0.29022113552693946
10765.0,10774.8,True,fridge,0.2902211360150391
10770.0,10779.8,True,fridge,0.2904108806166674
10775.0,10784.8,True,fridge,0.2903955051059702
10780.0,10789.8,True,fridge,0.29022113552693946
10785.0,10794.8,True,fridge,0.29022113552693946
10790.0,10799.8,True,fridge,0.2902211360150391
10795.0,10804.8,True,fridge,0.29022115070916915
10800.0,10809.8,True,fridge,0.29022115070916915
10805.0,10814.8,True,fridge,0.2902211513616449
10810.0,10819.8,True,fridge,0.29041088095141054
10815.0,10824.8,True,fridge,0.3013210363316491
10820.0,10829.8,True,fridge,0.30132103100580787
10825.0,10834.8,True,fridge,0.3013210366746892
10830.0,10839.8,True,fridge,0.30112660269987973
10835.0,10844.8,True,fridge,0.3013210363316491
10840.0,10849.8,True,fridge,0.3013210363316491
10845.0,10854.8,True,fridge,0.3011266022345082
10850.0,10859.8,True,fridge,0.30112658706324275
10855.0,10864.8,True,fridge,0.30112658656264873
10860.0,10869.8,True,fridge,0.30112658706324275
10865.0,10874.8,True,fridge,0.2982538127734061
10870.0,10879.8,True,fridge,0.2982538133339354
10875.0,10884.8,True,fridge,0.29825182043148296
10880.0,10889.8,True,fridge,0.30112658706324275
10885.0,10894.8,True,fridge,0.3011108502567006
10890.0,10899.8,True,fridge,0.30112658656264873
10895.0,10904.8,True,fridge,0.30112661127949486
10900.0,10909.8,True,fridge,0.3011266022345082
10905.0,10914.8,True,fridge,0.3011266020312207
10910.0,10919.8,True,fridge,0.3013210363316491
10915.0,10924.8,True,fridge,0.3013210363316491
10920.0,10929.8,True,fridge,0.3013210363316491
10925.0,10934.8,True,fridge,0.30112658706324275
10930.0,10939.8,True,fridge,0.30112658656264873
10935.0,10944.8,True,fridge,0.30111085075728206
10940.0,10949.8,True,fridge,0.3013210363316491
10945.0,10954.8,True,fridge,0.3013210363316491
10950.0,10959.8,True,fridge,0.29825381383223537
10955.0,10964.8,True,fridge,0.29825381383223537
10960.0,10969.8,True,fridge,0.30112660269987973
10965.0,10974.8,True,fridge,0.30112660398641805
10970.0,10979.8,True,fridge,0.29825381383223537
10975.0,10984.8,True,fridge,0.2982538133339354
10980.0,10989.8,True,fridge,0.2981250411157976
10985.0,10994.8,True,fridge,0.30112658656264873
10990.0,10999.8,True,fridge,0.30112658656264873
10995.0,11004.8,True,fridge,0.30112658706324275
11000.0,11009.8,True,fridge,0.3011266020312207
11005.0,11014.8,True,fridge,0.2981250411157976
11010.0,11019.8,True,fridge,0.298109616450383
11015.0,11024.8,True,fridge,0.30112658706324275
11020.0,11029.8,True,fridge,0.3011266020312207
11025.0,11034.8,True,fridge,0.29830006194853403
11030.0,11039.8,True,fridge,0.29828505962991175
11035.0,11044.8,True,fridge,0.30112658656264873
11040.0,11049.8,True,fridge,0.3011266020312207
11045.0,11054.8,True,fridge,0.30132103100580787
11050.0,11059.8,True,fridge,0.30130527969862636
11055.0,11064.8,True,fridge,0.2982591659831385
11060.0,11069.8,True,fridge,0.2983000627411102
11065.0,11074.8,True,fridge,0.2983000630365405
11070.0,11079.8,True,fridge,0.3013209789484293
11075.0,11084.8,True,fridge,0.3013210363316491
11080.0,11089.8,True,fridge,0.3011266020312207
11085.0,11094.8,True,fridge,0.3011266020312207
11090.0,11099.8,True,fridge,0.3011266072440743
11095.0,11104.8,True,fridge,0.3011266022345082
11100.0,11109.8,True,fridge,0.3011266022345082
11105.0,11114.8,True,fridge,0.29825381383223537
11110.0,11119.8,True,fridge,0.29825381383223537
11115.0,11124.8,True,fridge,0.3013210366746892
11120.0,11129.8,True,fridge,0.3011266022345082
11125.0,11134.8,True,fridge,0.30112658706324275
11130.0,11139.8,True,fridge,0.30111085075728206
11135.0,11144.8,True,fridge,0.3013210366746892
11140.0,11149.8,True,fridge,0.30112658706324275
11145.0,11154.8,True,fridge,0.30112658656264873
11150.0,11159.8,True,fridge,0.30112658706324275
11155.0,11164.8,True,fridge,0.3013210363316491
11160.0,11169.8,True,fridge,0.3013210366746892
11165.0,11174.8,True,fridge,0.2995136215872981
11170.0,11179.8,True,fridge,0.7220471044160316
11175.0,11184.8,True,baseload,0.999896004556539
11180.0,11189.8,True,baseload,0.9999000128447941
11185.0,11194.8,True,baseload,0.9999045515411928
11190.0,11199.8,True,baseload,0.9998960053218235
11195.0,11204.8,True,baseload,0.9999000537969065
11200.0,11209.8,True,baseload,0.9999000136631776
11205.0,11214.8,True,baseload,0.999904551267611
11210.0,11219.8,True,baseload,0.9999045530838145
11215.0,11224.8,True,baseload,0.9999045530837648
11220.0,11229.8,True,baseload,0.9999045520712286
11225.0,11234.8,True,baseload,0.9999000136483347
11230.0,11239.8,True,baseload,0.999900053478229
11235.0,11244.8,True,baseload,0.9999000128447346
11240.0,11249.8,True,baseload,0.9999045520712326
11245.0,11254.8,True,baseload,0.9999045530838137
11250.0,11259.8,True,baseload,0.9999045538874011
11255.0,11264.8,True,baseload,0.9999045538873904
11260.0,11269.8,True,baseload,0.999896004556539
11265.0,11274.8,True,baseload,0.9999000128448032
11270.0,11279.8,True,baseload,0.9999000136483349
11275.0,11284.8,True,baseload,0.999900053478229
11280.0,11289.8,True,baseload,0.9999000136632473
11285.0,11294.8,True,baseload,0.9999000544558787
11290.0,11299.8,True,baseload,0.9999000136631692
11295.0,11304.8,True,baseload,0.9999045530837664
11300.0,11309.8,True,baseload,0.9999045530837786
11305.0,11314.8,True,baseload,0.9999045520712286
11310.0,11319.8,True,baseload,0.9999045512676121
11315.0,11324.8,True,baseload,0.9999045512676175
11320.0,11329.8,True,baseload,0.9999045512676137
11325.0,11334.8,True,baseload,0.99990001284473
11330.0,11339.8,True,baseload,0.999896004556539
11335.0,11344.8,True,baseload,0.9999045530837686
11340.0,11349.8,True,baseload,0.9999045538874388
11345.0,11354.8,True,baseload,0.999904553083765
11350.0,11359.8,True,washing_machine,0.9999825009300332
11355.0,11364.8,True,washing_machine,0.9999907475171234
11360.0,11369.8,True,washing_machine,0.9223650882847817
11365.0,11374.8,True,baseload,0.9999000128447355
11370.0,11379.8,True,baseload,0.9999000544558787
11375.0,11384.8,True,baseload,0.9998960053218235
11380.0,11389.8,True,baseload,0.999900053478229
11385.0,11394.8,True,baseload,0.9999000128447177
11390.0,11399.8,True,baseload,0.99990455388739
11395.0,11404.8,True,baseload,0.9999045538873904
11400.0,11409.8,True,baseload,0.9999045530837726
11405.0,11414.8,True,baseload,0.9999045538873897
11410.0,11419.8,True,baseload,0.9999045533573542
11415.0,11424.8,True,baseload,0.9999000144664929
11420.0,11429.8,True,baseload,0.9999000544558787
11425.0,11434.8,True,baseload,0.9999000144664929
11430.0,11439.8,True,baseload,0.9999045512675538
11435.0,11444.8,True,baseload,0.9999000128447177
11440.0,11449.8,True,baseload,0.999900053478229
11445.0,11454.8,True,baseload,0.9999000136483349
11450.0,11459.8,True,baseload,0.9999045530838216
11455.0,11464.8,True,baseload,0.999900053478229
11460.0,11469.8,True,baseload,0.999900012844801
11465.0,11474.8,True,baseload,0.999900053478229
11470.0,11479.8,True,baseload,0.9999000128447255
11475.0,11484.8,True,baseload,0.9999000128448041
11480.0,11489.8,True,baseload,0.999896004556539
11485.0,11494.8,True,baseload,0.9999045520712402
11490.0,11499.8,True,baseload,0.9999045520712317
11495.0,11504.8,True,baseload,0.9999045512676203
11500.0,11509.8,True,baseload,0.9999045512676121
11505.0,11514.8,True,baseload,0.9999045538873904
11510.0,11519.8,True,baseload,0.9999000128447169
11515.0,11524.8,True,baseload,0.999900053478229
11520.0,11529.8,True,baseload,0.999900053478229
11525.0,11534.8,True,baseload,0.99990001284473
11530.0,11539.8,True,baseload,0.9999045520712282
11535.0,11544.8,True,baseload,0.9998960053218235
11540.0,11549.8,True,baseload,0.9999000537969063
11545.0,11554.8,True,baseload,0.9999000144664929
11550.0,11559.8,True,baseload,0.999900053478229
11555.0,11564.8,True,baseload,0.999900053478229
11560.0,11569.8,True,baseload,0.9999000128447177
11565.0,11574.8,True,baseload,0.9999045515411933
11570.0,11579.8,True,baseload,0.9999045530838145
11575.0,11584.8,True,baseload,0.9998960053218235
11580.0,11589.8,True,baseload,0.9999000544558809
11585.0,11594.8,True,baseload,0.9999045530837724
11590.0,11599.8,True,baseload,0.9999045520712282
11595.0,11604.8,True,baseload,0.9999000128447941
11600.0,11609.8,True,baseload,0.9999000544558789
11605.0,11614.8,True,baseload,0.9998960053218235
11610.0,11619.8,True,baseload,0.9999045538874395
11615.0,11624.8,True,baseload,0.9999000128447177
11620.0,11629.8,True,baseload,0.999900053478229
11625.0,11634.8,True,baseload,0.999900053478229
11630.0,11639.8,True,baseload,0.999896004556539
11635.0,11644.8,True,baseload,0.9999045512676226
11640.0,11649.8,True,baseload,0.9999000128448032
11645.0,11654.8,True,baseload,0.99990001284473
11650.0,11659.8,True,baseload,0.9999045520711708
11655.0,11664.8,True,baseload,0.9999045512676217
11660.0,11669.8,True,baseload,0.9999045512676124
11665.0,11674.8,True,baseload,0.9999045530837721
11670.0,11679.8,True,baseload,0.9999000128447346
11675.0,11684.8,True,baseload,0.999896004556539
11680.0,11689.8,True,baseload,0.9999045512676141
11685.0,11694.8,True,washing_machine,0.9223473661765582
11690.0,11699.8,True,washing_machine,0.9216221742574119
11695.0,11704.8,True,washing_machine,0.9223699546254666
11700.0,11709.8,True,baseload,0.999904553083892
11705.0,11714.8,True,baseload,0.9999045530837719
11710.0,11719.8,True,baseload,0.9999000136483343
11715.0,11724.8,True,baseload,0.999900053478229
11720.0,11729.8,True,baseload,0.9999000128447235
11725.0,11734.8,True,baseload,0.9999045512676239
11730.0,11739.8,True,baseload,0.9999045512676048
11735.0,11744.8,True,baseload,0.9999045530838176
11740.0,11749.8,True,baseload,0.9999045530838216
11745.0,11754.8,True,baseload,0.9999000136483343
11750.0,11759.8,True,baseload,0.999900053478229
11755.0,11764.8,True,baseload,0.9999000136632473
11760.0,11769.8,True,baseload,0.9999000136632473
11765.0,11774.8,True,baseload,0.9999045530837728
11770.0,11779.8,True,baseload,0.9999045533573533
11775.0,11784.8,True,baseload,0.999900012844716
11780.0,11789.8,True,baseload,0.999900053478229
11785.0,11794.8,True,baseload,0.999896004556539
11790.0,11799.8,True,baseload,0.9999000136483347
11795.0,11804.8,True,baseload,0.9999000544558783
11800.0,11809.8,True,washing_machine,0.9223399854682448
11805.0,11814.8,True,washing_machine,0.9584554406570144
11810.0,11819.8,True,washing_machine,0.9223625680259802
11815.0,11824.8,True,baseload,0.999900053478229
11820.0,11829.8,True,baseload,0.999900012844716
11825.0,11834.8,True,washing_machine,0.9216221742574119
11830.0,11839.8,True,washing_machine,0.9223399861179752
11835.0,11844.8,True,baseload,0.9999000128447177
11840.0,11849.8,True,baseload,0.999900053478229
11845.0,11854.8,True,baseload,0.9999000136483343
11850.0,11859.8,True,baseload,0.9999000144664929
11855.0,11864.8,True,baseload,0.9999000544558789
11860.0,11869.8,True,baseload,0.9999000136631709
11865.0,11874.8,True,baseload,0.9999045530837666
11870.0,11879.8,True,baseload,0.9999045530837706
11875.0,11884.8,True,baseload,0.9999045512676119
11880.0,11889.8,True,washing_machine,0.9223399855735949
11885.0,11894.8,True,washing_machine,0.9216221742574119
11890.0,11899.8,True,baseload,0.9999045533573537
11895.0,11904.8,True,baseload,0.9999000128447177
11900.0,11909.8,True,baseload,0.999900053478229
11905.0,11914.8,True,baseload,0.9999000136483343
11910.0,11919.8,True,baseload,0.9999045538874388
11915.0,11924.8,True,baseload,0.9999045520712453
11920.0,11929.8,True,baseload,0.999896004556539
11925.0,11934.8,True,baseload,0.9999000128447233
11930.0,11939.8,True,baseload,0.9999045538873895
11935.0,11944.8,True,baseload,0.9999045538873906
11940.0,11949.8,True,baseload,0.9999045530837666
11945.0,11954.8,True,baseload,0.9999045530837646
11950.0,11959.8,True,baseload,0.9999045530837661
11955.0,11964.8,True,baseload,0.999904551267605
11960.0,11969.8,True,baseload,0.9999045512676032
11965.0,11974.8,True,baseload,0.9999045530837648
11970.0,11979.8,True,baseload,0.9999045512676032
11975.0,11984.8,True,baseload,0.999900053478229
11980.0,11989.8,True,baseload,0.999896004556539
11985.0,11994.8,True,baseload,0.9999045530838159
11990.0,11999.8,True,baseload,0.9999000128447177
11995.0,12004.8,True,baseload,0.999900053478229
12000.0,12009.8,True,baseload,0.999896004556539
12005.0,12014.8,True,baseload,0.99990455388739
12010.0,12019.8,True,baseload,0.9999000128447177
12015.0,12024.8,True,baseload,0.999900053478229
12020.0,12029.8,True,baseload,0.9999000128447177
12025.0,12034.8,True,baseload,0.9999045530837706
12030.0,12039.8,True,baseload,0.9999045512676412
12035.0,12044.8,True,baseload,0.9999045512676139
12040.0,12049.8,True,baseload,0.999904553887392
12045.0,12054.8,True,baseload,0.99990455388739
12050.0,12059.8,True,baseload,0.999896004556539
12055.0,12064.8,True,washing_machine,0.922362574410791
12060.0,12069.8,True,washing_machine,0.9216221742574119
12065.0,12074.8,True,washing_machine,0.9223625814440101
12070.0,12079.8,True,baseload,0.9999000128447177
12075.0,12084.8,True,baseload,0.999900053478229
12080.0,12089.8,True,baseload,0.9998960053218235
12085.0,12094.8,True,baseload,0.9999000136631778
12090.0,12099.8,True,baseload,0.9999045533573537
12095.0,12104.8,True,baseload,0.9999045512676197
12100.0,12109.8,True,washing_machine,0.9223399861179752
12105.0,12114.8,True,washing_machine,0.9216221742574119
12110.0,12119.8,True,baseload,0.9999000128447233
12115.0,12124.8,True,baseload,0.999900053478229
12120.0,12129.8,True,baseload,0.999896004556539
12125.0,12134.8,True,baseload,0.999900053478229
12130.0,12139.8,True,baseload,0.9999000128448032
12135.0,12144.8,True,baseload,0.999904551267607
12140.0,12149.8,True,baseload,0.9999045512676166
12145.0,12154.8,True,baseload,0.9999045512676243
12150.0,12159.8,True,baseload,0.99990455207123
12155.0,12164.8,True,baseload,0.9999045512676048
12160.0,12169.8,True,baseload,0.999900012844716
12165.0,12174.8,True,baseload,0.999900053478229
12170.0,12179.8,True,washing_machine,0.9223625679400195
12175.0,12184.8,True,washing_machine,0.9216507731452177
12180.0,12189.8,True,baseload,0.9999000136483347
12185.0,12194.8,True,baseload,0.999900053478229
12190.0,12199.8,True,baseload,0.99990001284472
12195.0,12204.8,True,baseload,0.9999000136483343
12200.0,12209.8,True,baseload,0.9999000544558789
12205.0,12214.8,True,washing_machine,0.9216507731432608
12210.0,12219.8,True,washing_machine,0.9216447206123586
12215.0,12224.8,True,baseload,0.9999000544558789
12220.0,12229.8,True,baseload,0.999900012844716
12225.0,12234.8,True,baseload,0.999900053478229
12230.0,12239.8,True,baseload,0.999896004556539
12235.0,12244.8,True,baseload,0.999900053478229
12240.0,12249.8,True,baseload,0.999900053478229
12245.0,12254.8,True,baseload,0.99990001284473
12250.0,12259.8,True,baseload,0.9999000544558787
12255.0,12264.8,True,baseload,0.9999000544558789
12260.0,12269.8,True,baseload,0.999896004556539
12265.0,12274.8,True,baseload,0.9999000136632544
12270.0,12279.8,True,baseload,0.9998960053218235
12275.0,12284.8,True,baseload,0.9999045520711701
12280.0,12289.8,True,baseload,0.9999000136483343
12285.0,12294.8,True,baseload,0.999900053478229
12290.0,12299.8,True,baseload,0.9999000136483347
12295.0,12304.8,True,baseload,0.9999045530837719
12300.0,12309.8,True,baseload,0.9999045530837726
12305.0,12314.8,True,baseload,0.9999045538873904
12310.0,12319.8,True,baseload,0.9999000136483343
12315.0,12324.8,True,baseload,0.999900053478229
12320.0,12329.8,True,baseload,0.9999000128447177
12325.0,12334.8,True,baseload,0.9999045520712335
12330.0,12339.8,True,baseload,0.9999045530838139
12335.0,12344.8,True,baseload,0.9999045538873904
12340.0,12349.8,True,baseload,0.9999045538873937
12345.0,12354.8,True,baseload,0.9999045530837664
12350.0,12359.8,True,baseload,0.999904553083765
12355.0,12364.8,True,baseload,0.9999045530837786
12360.0,12369.8,True,baseload,0.9999045538873904
12365.0,12374.8,True,baseload,0.9999000136631747
12370.0,12379.8,True,baseload,0.9999000544558787
12375.0,12384.8,True,baseload,0.9999000144664922
12380.0,12389.8,True,baseload,0.9999045530837719
12385.0,12394.8,True,baseload,0.9999045512676119
12390.0,12399.8,True,baseload,0.9999000136483343
12395.0,12404.8,True,baseload,0.9999000544558792
12400.0,12409.8,True,baseload,0.9999000544558792
12405.0,12414.8,True,baseload,0.999900053478229
12410.0,12419.8,True,baseload,0.9999000136483343
12415.0,12424.8,True,baseload,0.999900053478229
12420.0,12429.8,True,baseload,0.999900053478229
12425.0,12434.8,True,baseload,0.999900053478229
12430.0,12439.8,True,baseload,0.9999000128447941
12435.0,12444.8,True,baseload,0.9999045530837664
12440.0,12449.8,True,washing_machine,0.9223399853989058
12445.0,12454.8,True,washing_machine,0.9216221742574119
12450.0,12459.8,True,washing_machine,0.9223625672619595
12455.0,12464.8,True,baseload,0.9999045520712342
12460.0,12469.8,True,baseload,0.999896004556539
12465.0,12474.8,True,baseload,0.9999000128447235
12470.0,12479.8,True,baseload,0.999900053478229
12475.0,12484.8,True,baseload,0.999896004556539
12480.0,12489.8,True,baseload,0.9999045515411975
12485.0,12494.8,True,baseload,0.9999045520712286
12490.0,12499.8,True,baseload,0.9999045530837652
12495.0,12504.8,True,baseload,0.9999045533573542
12500.0,12509.8,True,baseload,0.9999045538873895
12505.0,12514.8,True,baseload,0.9999045512676052
12510.0,12519.8,True,baseload,0.99990455207123
12515.0,12524.8,True,baseload,0.9999045538874388
12520.0,12529.8,True,baseload,0.9999000136483347
12525.0,12534.8,True,baseload,0.9999000544558787
12530.0,12539.8,True,baseload,0.9999000544558787
12535.0,12544.8,True,baseload,0.9999000144664929
12540.0,12549.8,True,baseload,0.9999045520712286
12545.0,12554.8,True,baseload,0.9999045512676161
12550.0,12559.8,True,baseload,0.9999000131183039
12555.0,12564.8,True,baseload,0.999900053478229
12560.0,12569.8,True,baseload,0.9999000136483347
12565.0,12574.8,True,washing_machine,0.9223399861743052
12570.0,12579.8,True,washing_machine,0.9216221740825025
12575.0,12584.8,True,washing_machine,0.9999820262786958
12580.0,12589.8,True,washing_machine,0.9999907471031968
12585.0,12594.8,True,washing_machine,0.9999907471031948
12590.0,12599.8,True,washing_machine,0.9242323185357196
12595.0,12604.8,True,baseload,0.999900053478229
12600.0,12609.8,True,baseload,0.9999045515412044
12605.0,12614.8,True,baseload,0.9999000136483343
12610.0,12619.8,True,baseload,0.999900053478229
12615.0,12624.8,True,baseload,0.9999000144664931
12620.0,12629.8,True,baseload,0.9999000544558807
12625.0,12634.8,True,baseload,0.9999000136632451
12630.0,12639.8,True,baseload,0.9999045530837726
12635.0,12644.8,True,baseload,0.9999000128447217
12640.0,12649.8,True,washing_machine,0.9216507731452177
12645.0,12654.8,True,washing_machine,0.9216507731452177
12650.0,12659.8,True,baseload,0.9999000537969063
12655.0,12664.8,True,baseload,0.9999000136631843
12660.0,12669.8,True,baseload,0.999900053478229
12665.0,12674.8,True,baseload,0.9999000544558789
12670.0,12679.8,True,washing_machine,0.9242540778774747
12675.0,12684.8,True,washing_machine,0.9999818460260185
12680.0,12689.8,True,washing_machine,0.9999907471031968
12685.0,12694.8,True,washing_machine,0.9999820262785051
12690.0,12699.8,True,baseload,0.9999045512676197
12695.0,12704.8,True,baseload,0.9999045512676048
12700.0,12709.8,True,washing_machine,0.922347366171853
12705.0,12714.8,True,washing_machine,0.9216221742574119
12710.0,12719.8,True,washing_machine,0.922369948385068
12715.0,12724.8,True,baseload,0.999896004556539
12720.0,12729.8,True,baseload,0.9999000128447235
12725.0,12734.8,True,baseload,0.999900053478229
12730.0,12739.8,True,baseload,0.9999000128448032
12735.0,12744.8,True,baseload,0.9999045512676283
12740.0,12749.8,True,baseload,0.999900012844716
12745.0,12754.8,True,baseload,0.999900053478229
12750.0,12759.8,True,baseload,0.9999000128447235
12755.0,12764.8,True,baseload,0.9999045530837726
12760.0,12769.8,True,baseload,0.999904553887392
12765.0,12774.8,True,baseload,0.999904553083779
12770.0,12779.8,True,baseload,0.9999045530837719
12775.0,12784.8,True,baseload,0.9999000144664922
12780.0,12789.8,True,baseload,0.9999000537969065
12785.0,12794.8,True,baseload,0.9999000544558789
12790.0,12799.8,True,baseload,0.9999000128448032
12795.0,12804.8,True,baseload,0.9999000144664929
12800.0,12809.8,True,baseload,0.9999000537969065
12805.0,12814.8,True,baseload,0.9998960053218235
12810.0,12819.8,True,baseload,0.999900053478229
12815.0,12824.8,True,baseload,0.999900053478229
12820.0,12829.8,True,baseload,0.9999000128447941
12825.0,12834.8,True,baseload,0.9999000139375483
12830.0,12839.8,True,baseload,0.9999000136632566
12835.0,12844.8,True,baseload,0.9999000136483347
12840.0,12849.8,True,baseload,0.999900053478229
12845.0,12854.8,True,baseload,0.999900053478229
12850.0,12859.8,True,baseload,0.9999000136483354
12855.0,12864.8,True,baseload,0.9999045530837661
12860.0,12869.8,True,baseload,0.9999045520712293
12865.0,12874.8,True,baseload,0.9999045520712304
12870.0,12879.8,True,baseload,0.9999045530837721
12875.0,12884.8,True,baseload,0.9999045530837732
12880.0,12889.8,True,baseload,0.9999000144664931
12885.0,12894.8,True,baseload,0.9999000537969065
12890.0,12899.8,True,baseload,0.9999000144664931
12895.0,12904.8,True,baseload,0.9999045512676032
12900.0,12909.8,True,baseload,0.99990455207123
12905.0,12914.8,True,baseload,0.9998997605524385
12910.0,12919.8,True,baseload,0.9999000537969063
12915.0,12924.8,True,baseload,0.9999000544558789
12920.0,12929.8,True,washing_machine,0.9223399854861185
12925.0,12934.8,True,washing_machine,0.999990747103197
12930.0,12939.8,True,washing_machine,0.9999820262786767
12935.0,12944.8,True,baseload,0.9999045530837646
12940.0,12949.8,True,baseload,0.99990001284473
12945.0,12954.8,True,washing_machine,0.9216507874827911
12950.0,12959.8,True,washing_machine,0.9216221742574119
12955.0,12964.8,True,washing_machine,0.9223625737451324
12960.0,12969.8,True,baseload,0.9999045538873937
12965.0,12974.8,True,baseload,0.9999045538873897
12970.0,12979.8,True,baseload,0.999904551267553
12975.0,12984.8,True,baseload,0.999900012844716
12980.0,12989.8,True,baseload,0.999900053478229
12985.0,12994.8,True,baseload,0.9999000131183043
12990.0,12999.8,True,baseload,0.9999045538873895
12995.0,13004.8,True,baseload,0.999900012844801
13000.0,13009.8,True,baseload,0.9999000128447941
13005.0,13014.8,True,baseload,0.9999045520712335
13010.0,13019.8,True,baseload,0.9999045530838139
13015.0,13024.8,True,baseload,0.9999000128447235
13020.0,13029.8,True,baseload,0.9999000544558789
13025.0,13034.8,True,washing_machine,0.9216447206123586
13030.0,13039.8,True,washing_machine,0.9216447272345829
13035.0,13044.8,True,baseload,0.9999000144664925
13040.0,13049.8,True,baseload,0.9999045538873904
13045.0,13054.8,True,baseload,0.9999045538873897
13050.0,13059.8,True,baseload,0.9998960053218227
13055.0,13064.8,True,baseload,0.999900053478229
13060.0,13069.8,True,baseload,0.999900053478229
13065.0,13074.8,True,baseload,0.999896004556539
13070.0,13079.8,True,baseload,0.9999000128447346
13075.0,13084.8,True,baseload,0.9999000136632473
13080.0,13089.8,True,baseload,0.9999000544558787
13085.0,13094.8,True,baseload,0.9999000534782299
13090.0,13099.8,True,baseload,0.99990001284473
13095.0,13104.8,True,baseload,0.9999000136483349
13100.0,13109.8,True,baseload,0.9999000544558789
13105.0,13114.8,True,baseload,0.9999000136631767
13110.0,13119.8,True,baseload,0.9999000128447235
13115.0,13124.8,True,baseload,0.999900053478229
13120.0,13129.8,True,baseload,0.9999000128447346
13125.0,13134.8,True,baseload,0.999896004556539
13130.0,13139.8,True,baseload,0.999900053478229
13135.0,13144.8,True,baseload,0.999900053478229
13140.0,13149.8,True,baseload,0.9999000128448032
13145.0,13154.8,True,baseload,0.9999045520712293
13150.0,13159.8,True,baseload,0.999900012844716
13155.0,13164.8,True,baseload,0.999900053478229
13160.0,13169.8,True,baseload,0.9998960053218227
13165.0,13174.8,True,baseload,0.9999000136483347
13170.0,13179.8,True,baseload,0.9999045512676052
13175.0,13184.8,True,baseload,0.999904553083773
13180.0,13189.8,True,baseload,0.9999045512676175
13185.0,13194.8,True,baseload,0.999904551267605
13190.0,13199.8,True,baseload,0.9999045512676268
13195.0,13204.8,True,baseload,0.9999045512676104
13200.0,13209.8,True,baseload,0.9999045512676086
13205.0,13214.8,True,baseload,0.9999000131183039
13210.0,13219.8,True,baseload,0.999900053478229
13215.0,13224.8,True,baseload,0.9999000136483347
13220.0,13229.8,True,baseload,0.9999000128447177
13225.0,13234.8,True,baseload,0.999900053478229
13230.0,13239.8,True,baseload,0.9999000128447182
13235.0,13244.8,True,baseload,0.999900053478229
13240.0,13249.8,True,baseload,0.9999000136483347
13245.0,13254.8,True,baseload,0.9999045530838216
13250.0,13259.8,True,baseload,0.9999000136632566
13255.0,13264.8,True,baseload,0.9999000537969063
13260.0,13269.8,True,baseload,0.9998960053218235
13265.0,13274.8,True,baseload,0.9998960053218235
13270.0,13279.8,True,baseload,0.9999000544558789
13275.0,13284.8,True,baseload,0.9999000136631769
13280.0,13289.8,True,baseload,0.9999000544558809
13285.0,13294.8,True,baseload,0.9999000544558809
13290.0,13299.8,True,baseload,0.9999000136631747
13295.0,13304.8,True,baseload,0.9999045538873904
13300.0,13309.8,True,baseload,0.9999000136631829
13305.0,13314.8,True,baseload,0.9999000544558789
13310.0,13319.8,True,baseload,0.99990455207123
13315.0,13324.8,True,baseload,0.9999045530837726
13320.0,13329.8,True,baseload,0.9999000128447182
13325.0,13334.8,True,baseload,0.999900053478229
13330.0,13339.8,True,baseload,0.9999000128447233
13335.0,13344.8,True,baseload,0.999900053478229
13340.0,13349.8,True,baseload,0.9999000128447231
13345.0,13354.8,True,baseload,0.999904551541204
13350.0,13359.8,True,baseload,0.9999045538873895
13355.0,13364.8,True,baseload,0.999904553083769
13360.0,13369.8,True,baseload,0.9999045533573542
13365.0,13374.8,True,baseload,0.9999045538873902
13370.0,13379.8,True,baseload,0.9999045530837684
13375.0,13384.8,True,baseload,0.9999045530838208
13380.0,13389.8,True,baseload,0.9999045530837699
13385.0,13394.8,True,baseload,0.999904553083773
13390.0,13399.8,True,baseload,0.9999045538873904
13395.0,13404.8,True,baseload,0.9999045538874388
13400.0,13409.8,True,washing_machine,0.9223473661776475
13405.0,13414.8,True,washing_machine,0.9216221742574278
13410.0,13419.8,True,washing_machine,0.9216507793748013
13415.0,13424.8,True,washing_machine,0.9216507731432608
13420.0,13429.8,True,baseload,0.9999000144664933
13425.0,13434.8,True,baseload,0.9999000544558809
13430.0,13439.8,True,baseload,0.9999000544558789
13435.0,13444.8,True,baseload,0.9999000136631785
13440.0,13449.8,True,baseload,0.9999000544558787
13445.0,13454.8,True,baseload,0.9999000139375468
13450.0,13459.8,True,baseload,0.9999000544558789
13455.0,13464.8,True,washing_machine,0.9242540840840037
13460.0,13469.8,True,washing_machine,0.9216221742574119
13465.0,13474.8,True,washing_machine,0.9999820266382675
13470.0,13479.8,True,washing_machine,0.9999818463857537
13475.0,13484.8,True,washing_machine,0.9223625736941139
13480.0,13489.8,True,baseload,0.9999045512676119
13485.0,13494.8,True,baseload,0.9999045512676048
13490.0,13499.8,True,baseload,0.9999045512676048
13495.0,13504.8,True,baseload,0.9999000136631692
13500.0,13509.8,True,baseload,0.9999000544558789
13505.0,13514.8,True,baseload,0.9999000136631705
13510.0,13519.8,True,baseload,0.999900012844716
13515.0,13524.8,True,baseload,0.999900053478229
13520.0,13529.8,True,baseload,0.9999000128447217
13525.0,13534.8,True,baseload,0.9999045530837646
13530.0,13539.8,True,baseload,0.999900012844716
13535.0,13544.8,True,fridge,0.6598730115695771
13540.0,13549.8,True,fridge,0.2678676319855754
13545.0,13554.8,True,fridge,0.3013210363316491
13550.0,13559.8,True,fridge,0.2982518219188185
13555.0,13564.8,True,fridge,0.2982538133339354
13560.0,13569.8,True,fridge,0.2982518219188185
13565.0,13574.8,True,fridge,0.2981250406176239
13570.0,13579.8,True,fridge,0.2981250411157976
13575.0,13584.8,True,fridge,0.30130528004163265
13580.0,13589.8,True,fridge,0.3011266020312207
13585.0,13594.8,True,fridge,0.3013210366746892
13590.0,13599.8,True,fridge,0.3013210366746892
13595.0,13604.8,True,fridge,0.30130527969862636
13600.0,13609.8,True,fridge,0.3013210363316491
13605.0,13614.8,True,fridge,0.3013210363316491
13610.0,13619.8,True,fridge,0.30130527969862636
13615.0,13624.8,True,fridge,0.30112658706324275
13620.0,13629.8,True,fridge,0.30112658706324275
13625.0,13634.8,True,fridge,0.30112658656264873
13630.0,13639.8,True,fridge,0.30112658706324275
13635.0,13644.8,True,fridge,0.2982538127734061
13640.0,13649.8,True,fridge,0.2982538133339354
13645.0,13654.8,True,fridge,0.2982363891823362
13650.0,13659.8,True,fridge,0.2981250411157976
13655.0,13664.8,True,fridge,0.29830006171810275
13660.0,13669.8,True,fridge,0.2985507767521653
13665.0,13674.8,True,fridge,0.29825916617404724
13670.0,13679.8,True,fridge,0.3011108502567006
13675.0,13684.8,True,fridge,0.2982850604224082
13680.0,13689.8,True,fridge,0.2983000627411102
13685.0,13694.8,True,fridge,0.29855257066931673
13690.0,13699.8,True,fridge,0.2985375437005348
13695.0,13704.8,True,fridge,0.29828506000051025
13700.0,13709.8,True,fridge,0.29880372273504296
13705.0,13714.8,True,fridge,0.29855257066931673
13710.0,13719.8,True,fridge,0.2982591659831385
13715.0,13724.8,True,fridge,0.29826115807202935
13720.0,13729.8,True,fridge,0.2982457255610157
13725.0,13734.8,True,fridge,0.29825381383223537
13730.0,13739.8,True,fridge,0.3011266022345082
13735.0,13744.8,True,fridge,0.30111086572576506
13740.0,13749.8,True,fridge,0.2982363891823362
13745.0,13754.8,True,fridge,0.2982538133339354
13750.0,13759.8,True,fridge,0.29825381365943504
13755.0,13764.8,True,fridge,0.29825381383223537
13760.0,13769.8,True,fridge,0.30112658656264873
13765.0,13774.8,True,fridge,0.30112658706324275
13770.0,13779.8,True,fridge,0.30112658706324275
13775.0,13784.8,True,fridge,0.2982611575462067
13780.0,13789.8,True,fridge,0.29855257089988035
13785.0,13794.8,True,fridge,0.29826115807202935
13790.0,13799.8,True,fridge,0.3011266056029322
13795.0,13804.8,True,fridge,0.30112658706324275
13800.0,13809.8,True,fridge,0.30112658706324275
13805.0,13814.8,True,fridge,0.30112658706324275
13810.0,13819.8,True,fridge,0.3011108502567006
13815.0,13824.8,True,fridge,0.29825182142052004
13820.0,13829.8,True,fridge,0.2982611576488731
13825.0,13834.8,True,fridge,0.2982611576488731
13830.0,13839.8,True,fridge,0.2982518212295726
13835.0,13844.8,True,fridge,0.2981250406176239
13840.0,13849.8,True,fridge,0.2981250406176239
13845.0,13854.8,True,fridge,0.29830006122298264
13850.0,13859.8,True,fridge,0.2985507771410935
13855.0,13864.8,True,fridge,0.2983000630365405
13860.0,13869.8,True,fridge,0.3011266020312207
13865.0,13874.8,True,fridge,0.3011266090604149
13870.0,13879.8,True,fridge,0.2981096169485441
13875.0,13884.8,True,fridge,0.2981250406176239
13880.0,13889.8,True,fridge,0.30112658706324275
13885.0,13894.8,True,fridge,0.3011266020312207
13890.0,13899.8,True,fridge,0.3013210363316491
13895.0,13904.8,True,fridge,0.29825381383223537
13900.0,13909.8,True,fridge,0.2982538127734061
13905.0,13914.8,True,fridge,0.30112658656264873
13910.0,13919.8,True,fridge,0.30111085075728206
13915.0,13924.8,True,fridge,0.30112658706324275
13920.0,13929.8,True,fridge,0.2982611575462067
13925.0,13934.8,True,fridge,0.2982611577766175
13930.0,13939.8,True,fridge,0.2982538127734061
13935.0,13944.8,True,fridge,0.30112658706324275
13940.0,13949.8,True,fridge,0.2981250406176239
13945.0,13954.8,True,fridge,0.2982518223936842
13950.0,13959.8,True,fridge,0.29825182262409017
13955.0,13964.8,True,fridge,0.29825182142052004
13960.0,13969.8,True,fridge,0.2983000625106789
13965.0,13974.8,True,fridge,0.2983000631513548
13970.0,13979.8,True,fridge,0.29825182043148296
13975.0,13984.8,True,fridge,0.2982363886840504
13980.0,13989.8,True,fridge,0.30112658706324275
13985.0,13994.8,True,fridge,0.3011266072440743
13990.0,13999.8,True,fridge,0.30112658656264873
13995.0,14004.8,True,fridge,0.2982518223936842
14000.0,14009.8,True,fridge,0.2982538122751061
14005.0,14014.8,True,fridge,0.30112658706324275
14010.0,14019.8,True,fridge,0.3013210363316491
14015.0,14024.8,True,fridge,0.3011266020312207
14020.0,14029.8,True,fridge,0.2983000622439643
14025.0,14034.8,True,fridge,0.29828505910406516
14030.0,14039.8,True,fridge,0.30112658706324275
14035.0,14044.8,True,fridge,0.3013210363316491
14040.0,14049.8,True,fridge,0.29826115807202935
14045.0,14054.8,True,fridge,0.2982457251692657
14050.0,14059.8,True,fridge,0.2982611575462067
14055.0,14064.8,True,fridge,0.2982457258564202
14060.0,14069.8,True,fridge,0.2985375437005348
14065.0,14074.8,True,fridge,0.2985525711954303
14070.0,14079.8,True,fridge,0.2982518212295726
14075.0,14084.8,True,fridge,0.298109616450383
14080.0,14089.8,True,fridge,0.30112658656264873
14085.0,14094.8,True,fridge,0.30112658706324275
14090.0,14099.8,True,fridge,0.30112658706324275
14095.0,14104.8,True,fridge,0.2982611563595808
14100.0,14109.8,True,fridge,0.2982457252028807
14105.0,14114.8,True,fridge,0.29826115807202935
14110.0,14119.8,True,fridge,0.2982611575462067
14115.0,14124.8,True,fridge,0.30112658656264873
14120.0,14129.8,True,fridge,0.30112658706324275
14125.0,14134.8,True,fridge,0.30130527969862636
14130.0,14139.8,True,fridge,0.3013210366746892
14135.0,14144.8,True,fridge,0.3013210366746892
14140.0,14149.8,True,fridge,0.30112658656264873
14145.0,14154.8,True,fridge,0.2982611574184622
14150.0,14159.8,True,fridge,0.2982611580393818
14155.0,14164.8,True,fridge,0.2981250406176239
14160.0,14169.8,True,fridge,0.29825182172787107
14165.0,14174.8,True,fridge,0.2982518223936842
14170.0,14179.8,True,fridge,0.29825182043148296
14175.0,14184.8,True,fridge,0.3013210363316491
14180.0,14189.8,True,fridge,0.30112658706324275
14185.0,14194.8,True,fridge,0.30112658706324275
14190.0,14199.8,True,fridge,0.30112658706324275
14195.0,14204.8,True,fridge,0.30112658656264873
14200.0,14209.8,True,fridge,0.30112658706324275
14205.0,14214.8,True,fridge,0.30112658706324275
14210.0,14219.8,True,fridge,0.30112658656264873
14215.0,14224.8,True,fridge,0.3011266072440743
14220.0,14229.8,True,fridge,0.30111086572576506
14225.0,14234.8,True,fridge,0.3011266020312207
14230.0,14239.8,True,fridge,0.2981250411157976
14235.0,14244.8,True,fridge,0.2982518199331845
14240.0,14249.8,True,fridge,0.2981250411157976
14245.0,14254.8,True,fridge,0.3013210366746892
14250.0,14259.8,True,fridge,0.2982518219188185
14255.0,14264.8,True,fridge,0.2982538122751061
14260.0,14269.8,True,fridge,0.2982518219188185
14265.0,14274.8,True,fridge,0.30112658656264873
14270.0,14279.8,True,fridge,0.30112658706324275
14275.0,14284.8,True,fridge,0.30112658656264873
14280.0,14289.8,True,fridge,0.30112658706324275
14285.0,14294.8,True,fridge,0.30112658706324275
14290.0,14299.8,True,fridge,0.30112658656264873
14295.0,14304.8,True,fridge,0.3011108502567006
14300.0,14309.8,True,fridge,0.30111085075728206
14305.0,14314.8,True,fridge,0.30112658706324275
14310.0,14319.8,True,fridge,0.30112658656264873
14315.0,14324.8,True,fridge,0.30112658656264873
14320.0,14329.8,True,fridge,0.29826115807202935
14325.0,14334.8,True,fridge,0.2982850583136096
14330.0,14339.8,True,fridge,0.2985507767521653
14335.0,14344.8,True,fridge,0.29826115807202935
14340.0,14349.8,True,fridge,0.29641760316169913
14345.0,14354.8,True,fridge,0.6620298293085963
14350.0,14359.8,True,baseload,0.999900053478229
14355.0,14364.8,True,baseload,0.999900053478229
14360.0,14369.8,True,baseload,0.999900053478229
14365.0,14374.8,True,baseload,0.9999000128447231
14370.0,14379.8,True,baseload,0.9999000128448032
14375.0,14384.8,True,baseload,0.9999000544558792
14380.0,14389.8,True,baseload,0.9998960053218235
14385.0,14394.8,True,baseload,0.9998997597311192
14390.0,14399.8,True,baseload,0.9999000128447235
14395.0,14404.8,True,baseload,0.999900012844716
14400.0,14409.8,True,baseload,0.999900053478229
14405.0,14414.8,True,baseload,0.9999000544558789
14410.0,14419.8,True,baseload,0.9999000537969065
14415.0,14424.8,True,baseload,0.9999000144664922
14420.0,14429.8,True,baseload,0.999900053478229
14425.0,14434.8,True,baseload,0.999900053478229
14430.0,14439.8,True,baseload,0.999900012844716
14435.0,14444.8,True,baseload,0.999900053478229
14440.0,14449.8,True,baseload,0.9999000128447235
14445.0,14454.8,True,baseload,0.999900053478229
14450.0,14459.8,True,baseload,0.9999000136483343
14455.0,14464.8,True,baseload,0.9999045538874393
14460.0,14469.8,True,baseload,0.99990455388739
14465.0,14474.8,True,washing_machine,0.9223399854141481
14470.0,14479.8,True,washing_machine,0.9216221742574119
14475.0,14484.8,True,washing_machine,0.9223625672460928
14480.0,14489.8,True,washing_machine,0.9223625672437759
14485.0,14494.8,True,washing_machine,0.9216221742574119
14490.0,14499.8,True,washing_machine,0.9223399854163823
14495.0,14504.8,True,baseload,0.9999000136631767
14500.0,14509.8,True,washing_machine,0.9216507731452177
14505.0,14514.8,True,washing_machine,0.9999818463857537
14510.0,14519.8,True,washing_machine,0.9999820266382495
14515.0,14524.8,True,baseload,0.9999045538873895
14520.0,14529.8,True,baseload,0.999904551267611
14525.0,14534.8,True,baseload,0.999896004556539
14530.0,14539.8,True,washing_machine,0.9242323185335668
14535.0,14544.8,True,washing_machine,0.9216221742574119
14540.0,14549.8,True,washing_machine,0.9216507731452177
14545.0,14554.8,True,baseload,0.999900013663176
14550.0,14559.8,True,baseload,0.999900053478229
14555.0,14564.8,True,baseload,0.999900012844716
14560.0,14569.8,True,baseload,0.9999000131183055
14565.0,14574.8,True,baseload,0.9999000544558789
14570.0,14579.8,True,baseload,0.9998960053218235
14575.0,14584.8,True,baseload,0.999896004556539
14580.0,14589.8,True,baseload,0.9998960053218231
14585.0,14594.8,True,baseload,0.9999000544558785
14590.0,14599.8,True,baseload,0.9999000128447244
14595.0,14604.8,True,baseload,0.9999045538873904
14600.0,14609.8,True,baseload,0.9999000136631878
14605.0,14614.8,True,baseload,0.9999000537969063
14610.0,14619.8,True,baseload,0.9999000544558789
14615.0,14624.8,True,baseload,0.9999000128447197
14620.0,14629.8,True,baseload,0.9999000544558787
14625.0,14634.8,True,baseload,0.9999000136632473
14630.0,14639.8,True,washing_machine,0.9223399854704789
14635.0,14644.8,True,washing_machine,0.9584554406570144
14640.0,14649.8,True,washing_machine,0.9216447270130905
14645.0,14654.8,True,baseload,0.9999000537969065
14650.0,14659.8,True,washing_machine,0.9223399861743052
14655.0,14664.8,True,washing_machine,0.9223399861179752
14660.0,14669.8,True,baseload,0.9999000128447346
14665.0,14674.8,True,baseload,0.999896004556539
14670.0,14679.8,True,baseload,0.999904551541194
14675.0,14684.8,True,washing_machine,0.9999825004880173
14680.0,14689.8,True,washing_machine,0.9999818463857537
14685.0,14694.8,True,washing_machine,0.9216507793728443
14690.0,14699.8,True,washing_machine,0.9216507731452177
14695.0,14704.8,True,washing_machine,0.9216507731452177
14700.0,14709.8,True,baseload,0.999900053478229
14705.0,14714.8,True,washing_machine,0.9242540840840037
14710.0,14719.8,True,washing_machine,0.9242540915313624
14715.0,14724.8,True,baseload,0.9999045530838216
14720.0,14729.8,True,baseload,0.9999045512676119
14725.0,14734.8,True,baseload,0.9999000136631767
14730.0,14739.8,True,baseload,0.9998960053218235
14735.0,14744.8,True,washing_machine,0.9216447206123586
14740.0,14749.8,True,washing_machine,0.9216447206123586
14745.0,14754.8,True,washing_machine,0.9216507731452177
14750.0,14759.8,True,baseload,0.9999000128447186
14755.0,14764.8,True,baseload,0.9999000544558789
14760.0,14769.8,True,baseload,0.9998960053218235
14765.0,14774.8,True,washing_machine,0.9216507731434502
14770.0,14779.8,True,washing_machine,0.9216447206123586
14775.0,14784.8,True,baseload,0.9999000131183061
14780.0,14789.8,True,baseload,0.9999045520712293
14785.0,14794.8,True,baseload,0.999900012844716
14790.0,14799.8,True,baseload,0.999900053478229
14795.0,14804.8,True,baseload,0.9999000136632473
14800.0,14809.8,True,baseload,0.9999000537969065
14805.0,14814.8,True,baseload,0.9999000144664929
14810.0,14819.8,True,baseload,0.999900053478229
14815.0,14824.8,True,baseload,0.9999000128447233
14820.0,14829.8,True,baseload,0.9999000128448001
14825.0,14834.8,True,baseload,0.9999000136483349
14830.0,14839.8,True,baseload,0.999900053478229
14835.0,14844.8,True,baseload,0.9999000136483343
14840.0,14849.8,True,baseload,0.9999045530837648
14845.0,14854.8,True,baseload,0.9999000136631734
14850.0,14859.8,True,baseload,0.9999000544558789
14855.0,14864.8,True,baseload,0.9999000136631765
14860.0,14869.8,True,baseload,0.9999045520711712
14865.0,14874.8,True,baseload,0.9999000136483347
14870.0,14879.8,True,baseload,0.999900053478229
14875.0,14884.8,True,baseload,0.9999000534782299
14880.0,14889.8,True,baseload,0.9999000537969063
14885.0,14894.8,True,baseload,0.9999000136632451
14890.0,14899.8,True,baseload,0.999900053478229
14895.0,14904.8,True,baseload,0.9999000544558789
14900.0,14909.8,True,baseload,0.9999000136631787
14905.0,14914.8,True,baseload,0.9999000128447233
14910.0,14919.8,True,baseload,0.999900053478229
14915.0,14924.8,True,baseload,0.999896004556539
14920.0,14929.8,True,washing_machine,0.9999818483573674
14925.0,14934.8,True,washing_machine,0.9999825009300332
14930.0,14939.8,True,baseload,0.9999000136483349
14935.0,14944.8,True,washing_machine,0.9216507731432608
14940.0,14949.8,True,washing_machine,0.9216447206123586
14945.0,14954.8,True,baseload,0.9999000544558789
14950.0,14959.8,True,baseload,0.9999000136631692
14955.0,14964.8,True,baseload,0.9999045538873986
14960.0,14969.8,True,baseload,0.9999000136632535
14965.0,14974.8,True,baseload,0.9999000544558789
14970.0,14979.8,True,washing_machine,0.9216447270130905
14975.0,14984.8,True,washing_machine,0.9216507793748013
14980.0,14989.8,True,baseload,0.999900053478229
14985.0,14994.8,True,baseload,0.9999000128447182
14990.0,14999.8,True,baseload,0.9999000544558789
14995.0,15004.8,True,washing_machine,0.9216447206123586
15000.0,15009.8,True,washing_machine,0.9216507731434502
15005.0,15014.8,True,baseload,0.999900053478229
15010.0,15019.8,True,baseload,0.9999000136483343
15015.0,15024.8,True,baseload,0.9999045512676032
15020.0,15029.8,True,baseload,0.9999000128447169
15025.0,15034.8,True,baseload,0.999900053478229
15030.0,15039.8,True,baseload,0.9999045512676379
15035.0,15044.8,True,baseload,0.9999045530837706
15040.0,15049.8,True,baseload,0.9999000544558787
15045.0,15054.8,True,washing_machine,0.9216447206123586
15050.0,15059.8,True,washing_machine,0.9216507731432608
15055.0,15064.8,True,baseload,0.9999000537969063
15060.0,15069.8,True,washing_machine,0.9242323185335668
15065.0,15074.8,True,washing_machine,0.9216282263214269
15070.0,15079.8,True,washing_machine,0.9999818479066815
15075.0,15084.8,True,washing_machine,0.9999818463857504
15080.0,15089.8,True,washing_machine,0.9223399861743052
15085.0,15094.8,True,washing_machine,0.9216282263172737
15090.0,15099.8,True,baseload,0.999896004556539
15095.0,15104.8,True,baseload,0.9999000128448041
15100.0,15109.8,True,baseload,0.9999045530837664
15105.0,15114.8,True,baseload,0.999896004556539
15110.0,15119.8,True,baseload,0.9999000128447244
15115.0,15124.8,True,baseload,0.9999000144664922
15120.0,15129.8,True,baseload,0.9999000544558789
15125.0,15134.8,True,baseload,0.9999000136631785
15130.0,15139.8,True,baseload,0.9999000544558787
15135.0,15144.8,True,baseload,0.9999000136631878
15140.0,15149.8,True,baseload,0.9999000128447177
15145.0,15154.8,True,baseload,0.999900053478229
15150.0,15159.8,True,baseload,0.9999000128447235
15155.0,15164.8,True,baseload,0.999900053478229
15160.0,15169.8,True,baseload,0.9999000544558789
15165.0,15174.8,True,baseload,0.9998960053218235
15170.0,15179.8,True,baseload,0.9999000544558789
15175.0,15184.8,True,baseload,0.9999000139375468
15180.0,15189.8,True,baseload,0.9999045520712289
15185.0,15194.8,True,baseload,0.9999000136632544
15190.0,15199.8,True,baseload,0.9999000544558787
15195.0,15204.8,True,washing_machine,0.9223625673140365
15200.0,15209.8,True,washing_machine,0.9216447206123586
15205.0,15214.8,True,baseload,0.9999000144664929
15210.0,15219.8,True,baseload,0.999900053478229
15215.0,15224.8,True,baseload,0.9999000544558789
15220.0,15229.8,True,baseload,0.9999000537969063
15225.0,15234.8,True,baseload,0.9999000144664931
15230.0,15239.8,True,baseload,0.9999045538873904
15235.0,15244.8,True,baseload,0.9999045515411928
15240.0,15249.8,True,baseload,0.9999000128448035
15245.0,15254.8,True,baseload,0.9999000534782294
15250.0,15259.8,True,baseload,0.999900053478229
15255.0,15264.8,True,baseload,0.9999000136483343
15260.0,15269.8,True,baseload,0.99990455388739
15265.0,15274.8,True,baseload,0.9999045538873897
15270.0,15279.8,True,washing_machine,0.9999825004880173
15275.0,15284.8,True,washing_machine,0.9999818479066815
15280.0,15289.8,True,baseload,0.9999000537969065
15285.0,15294.8,True,baseload,0.9999000144664929
15290.0,15299.8,True,baseload,0.9999000136483343
15295.0,15304.8,True,baseload,0.999900053478229
15300.0,15309.8,True,baseload,0.9998960053218235
15305.0,15314.8,True,washing_machine,0.9223625679608382
15310.0,15319.8,True,washing_machine,0.9216221742574119
15315.0,15324.8,True,washing_machine,0.9223399854682448
15320.0,15329.8,True,baseload,0.9999000537969065
15325.0,15334.8,True,washing_machine,0.9999825004880168
15330.0,15339.8,True,washing_machine,0.9999818479066822
15335.0,15344.8,True,baseload,0.9999000128447941
15340.0,15349.8,True,baseload,0.999900053478229
15345.0,15354.8,True,baseload,0.9999000128447941
15350.0,15359.8,True,baseload,0.999900013937547
15355.0,15364.8,True,baseload,0.9999000537969065
15360.0,15369.8,True,baseload,0.9998960053218235
15365.0,15374.8,True,baseload,0.9999000544558789
15370.0,15379.8,True,baseload,0.9999000544558789
15375.0,15384.8,True,baseload,0.9998960053218235
15380.0,15389.8,True,baseload,0.999900053478229
15385.0,15394.8,True,baseload,0.999900053478229
15390.0,15399.8,True,baseload,0.9999000128447313
15395.0,15404.8,True,baseload,0.9999000544558789
15400.0,15409.8,True,baseload,0.9999000136632473
15405.0,15414.8,True,washing_machine,0.9242323185357196
15410.0,15419.8,True,washing_machine,0.9999907472910389
15415.0,15424.8,True,washing_machine,0.999982026638412
15420.0,15429.8,True,washing_machine,0.9242540838894245
15425.0,15434.8,True,washing_machine,0.9216447268418603
15430.0,15439.8,True,baseload,0.9999000544558792
15435.0,15444.8,True,baseload,0.999896004556539
15440.0,15449.8,True,baseload,0.999900053478229
15445.0,15454.8,True,baseload,0.999900012844801
15450.0,15459.8,True,baseload,0.9999000136483347
15455.0,15464.8,True,baseload,0.9999000544558783
15460.0,15469.8,True,baseload,0.999900053478229
15465.0,15474.8,True,baseload,0.9999000136483349
15470.0,15479.8,True,baseload,0.9999000136631767
15475.0,15484.8,True,baseload,0.9999000544558789
15480.0,15489.8,True,baseload,0.999900053478229
15485.0,15494.8,True,baseload,0.9999000128447244
15490.0,15499.8,True,baseload,0.9999045530838216
15495.0,15504.8,True,baseload,0.9999045530837715
15500.0,15509.8,True,washing_machine,0.9223625736564576
15505.0,15514.8,True,washing_machine,0.9216447207835892
15510.0,15519.8,True,baseload,0.9999000537969251
15515.0,15524.8,True,baseload,0.9999000537969251
15520.0,15529.8,True,baseload,0.9999000544558789
15525.0,15534.8,True,baseload,0.9999000544558792
15530.0,15539.8,True,baseload,0.9999000136631774
15535.0,15544.8,True,baseload,0.9999045520712286
15540.0,15549.8,True,washing_machine,0.9223699483857905
15545.0,15554.8,True,washing_machine,0.9216447206123586
15550.0,15559.8,True,baseload,0.9999000144664929
15555.0,15564.8,True,baseload,0.9999000136631716
15560.0,15569.8,True,baseload,0.9999000537969065
15565.0,15574.8,True,baseload,0.9999000136631776
15570.0,15579.8,True,baseload,0.9999045530837686
15575.0,15584.8,True,baseload,0.9999000128447941
15580.0,15589.8,True,baseload,0.9999000128447346
15585.0,15594.8,True,baseload,0.9999000544558792
15590.0,15599.8,True,baseload,0.9999000537969063
15595.0,15604.8,True,baseload,0.9999000128448032
15600.0,15609.8,True,baseload,0.9999000544558792
15605.0,15614.8,True,washing_machine,0.9999818468364357
15610.0,15619.8,True,washing_machine,0.9999907475171234
15615.0,15624.8,True,washing_machine,0.9216507797675291
15620.0,15629.8,True,baseload,0.9999000136483349
15625.0,15634.8,True,baseload,0.9999045530837684
15630.0,15639.8,True,baseload,0.9999045530837721
15635.0,15644.8,True,baseload,0.9998960053218231
15640.0,15649.8,True,baseload,0.9999000544558787
15645.0,15654.8,True,baseload,0.999900053478229
15650.0,15659.8,True,baseload,0.999900012844716
15655.0,15664.8,True,baseload,0.999900053478229
15660.0,15669.8,True,baseload,0.9999000131183043
15665.0,15674.8,True,baseload,0.9999045538873904
15670.0,15679.8,True,baseload,0.9999000544558789
15675.0,15684.8,True,baseload,0.9999000144664925
15680.0,15689.8,True,baseload,0.9999000136631763
15685.0,15694.8,True,baseload,0.9998960053218235
15690.0,15699.8,True,baseload,0.9999000136483347
15695.0,15704.8,True,baseload,0.999900053478229
15700.0,15709.8,True,washing_machine,0.9223625673727658
15705.0,15714.8,True,washing_machine,0.9216447206123586
15710.0,15719.8,True,baseload,0.9999000544558789
15715.0,15724.8,True,baseload,0.999896004556539
15720.0,15729.8,True,baseload,0.999900012844716
15725.0,15734.8,True,baseload,0.999900053478229
15730.0,15739.8,True,baseload,0.9999000128448032
15735.0,15744.8,True,washing_machine,0.9216507731432608
15740.0,15749.8,True,washing_machine,0.9216447206105683
15745.0,15754.8,True,washing_machine,0.9216447206105683
15750.0,15759.8,True,washing_machine,0.9216507731461161
15755.0,15764.8,True,washing_machine,0.9223625821960023
15760.0,15769.8,True,washing_machine,0.9216221742574119
15765.0,15774.8,True,washing_machine,0.9216507797656001
15770.0,15779.8,True,baseload,0.9999000544558789
15775.0,15784.8,True,baseload,0.9999000144664931
15780.0,15789.8,True,baseload,0.9999000537969065
15785.0,15794.8,True,baseload,0.9999000136631765
15790.0,15799.8,True,baseload,0.999900053478229
15795.0,15804.8,True,baseload,0.9999000136483347
15800.0,15809.8,True,baseload,0.9999045512676052
15805.0,15814.8,True,baseload,0.9999045530837684
15810.0,15819.8,True,washing_machine,0.9223625673122383
15815.0,15824.8,True,washing_machine,0.9999818460260185
15820.0,15829.8,True,washing_machine,0.9999825001428084
15825.0,15834.8,True,baseload,0.9999045530837648
15830.0,15839.8,True,baseload,0.9999045533573542
15835.0,15844.8,True,baseload,0.999904551267611
15840.0,15849.8,True,baseload,0.9999000128447233
15845.0,15854.8,True,baseload,0.999900053478229
15850.0,15859.8,True,baseload,0.999896004556539
15855.0,15864.8,True,baseload,0.9999000544558787
15860.0,15869.8,True,baseload,0.9999000544558789
15865.0,15874.8,True,baseload,0.999900053478229
15870.0,15879.8,True,baseload,0.999900053478229
15875.0,15884.8,True,baseload,0.999900053478229
15880.0,15889.8,True,baseload,0.999896004556539
15885.0,15894.8,True,baseload,0.999900053478229
15890.0,15899.8,True,baseload,0.999900053478229
15895.0,15904.8,True,washing_machine,0.9216507797656001
15900.0,15909.8,True,washing_machine,0.9216221742551876
15905.0,15914.8,True,washing_machine,0.9216507874827911
15910.0,15919.8,True,washing_machine,0.9216447274038843
15915.0,15924.8,True,washing_machine,0.921644727232654
15920.0,15929.8,True,baseload,0.9999000544558792
15925.0,15934.8,True,baseload,0.9999000128447233
15930.0,15939.8,True,baseload,0.9999045512676032
15935.0,15944.8,True,baseload,0.9999045530837726
15940.0,15949.8,True,baseload,0.9999000136631765
15945.0,15954.8,True,baseload,0.9999000537969063
15950.0,15959.8,True,baseload,0.9999000534782294
15955.0,15964.8,True,baseload,0.9998960053218235
15960.0,15969.8,True,baseload,0.9999000537969063
15965.0,15974.8,True,baseload,0.9999000544558792
15970.0,15979.8,True,baseload,0.999900053478229
15975.0,15984.8,True,washing_machine,0.9223699548358467
15980.0,15989.8,True,washing_machine,0.921644727232654
15985.0,15994.8,True,washing_machine,0.9223650882802593
15990.0,15999.8,True,baseload,0.9999000544558792
15995.0,16004.8,True,baseload,0.9999000136632544
16000.0,16009.8,True,baseload,0.9999045515411944
16005.0,16014.8,True,baseload,0.9999045530837706
16010.0,16019.8,True,washing_machine,0.9999825004880206
16015.0,16024.8,True,washing_machine,0.9999907472910391
16020.0,16029.8,True,washing_machine,0.9216282263752396
16025.0,16034.8,True,baseload,0.9999000136631767
16030.0,16039.8,True,baseload,0.9999000537969063
16035.0,16044.8,True,baseload,0.9999000544558789
16040.0,16049.8,True,baseload,0.999900053478229
16045.0,16054.8,True,washing_machine,0.9242323185357196
16050.0,16059.8,True,washing_machine,0.9242323185335668
16055.0,16064.8,True,baseload,0.9999000537969065
16060.0,16069.8,True,baseload,0.9999000544558809
16065.0,16074.8,True,baseload,0.9999000128448035
16070.0,16079.8,True,washing_machine,0.9216507731452177
16075.0,16084.8,True,washing_machine,0.9216507731452177
16080.0,16089.8,True,baseload,0.999896004556539
16085.0,16094.8,True,baseload,0.9999000136631878
16090.0,16099.8,True,baseload,0.9999000544558787
16095.0,16104.8,True,washing_machine,0.9223699483891596
16100.0,16109.8,True,washing_machine,0.9216447349497466
16105.0,16114.8,True,washing_machine,0.9216507797656001
16110.0,16119.8,True,baseload,0.9998960053218227
16115.0,16124.8,True,baseload,0.99990001284473
16120.0,16129.8,True,baseload,0.9998960053218235
16125.0,16134.8,True,baseload,0.9999000537969065
16130.0,16139.8,True,baseload,0.9999000544558789
16135.0,16144.8,True,baseload,0.9999000534782294
16140.0,16149.8,True,baseload,0.9999000128447348
16145.0,16154.8,True,washing_machine,0.9223625680138551
16150.0,16159.8,True,washing_machine,0.9999818463857537
16155.0,16164.8,True,washing_machine,0.9999820266382495
16160.0,16169.8,True,baseload,0.999900053478229
16165.0,16174.8,True,baseload,0.9998960053218227
16170.0,16179.8,True,baseload,0.9999000128447177
16175.0,16184.8,True,baseload,0.999900053478229
16180.0,16189.8,True,baseload,0.9999000534782294
16185.0,16194.8,True,baseload,0.9999000534782294
16190.0,16199.8,True,baseload,0.9999000128447941
16195.0,16204.8,True,washing_machine,0.9999818479066822
16200.0,16209.8,True,washing_machine,0.9999818463857064
16205.0,16214.8,True,baseload,0.9999000537969251
16210.0,16219.8,True,baseload,0.9999000544558789
16215.0,16224.8,True,baseload,0.9999000128448032
16220.0,16229.8,True,baseload,0.999900053478229
16225.0,16234.8,True,washing_machine,0.9999825001428084
16230.0,16239.8,True,washing_machine,0.9999907471031952
16235.0,16244.8,True,washing_machine,0.9999820338000825
16240.0,16249.8,True,baseload,0.999900013663188
16245.0,16254.8,True,baseload,0.9998960053218235
16250.0,16259.8,True,baseload,0.9999000136631789
16255.0,16264.8,True,baseload,0.9999000544558787
16260.0,16269.8,True,baseload,0.999899760552438
16265.0,16274.8,True,washing_machine,0.9216507793748013
16270.0,16279.8,True,washing_machine,0.9216447206123586
16275.0,16284.8,True,baseload,0.9999000544558792
16280.0,16289.8,True,baseload,0.999900053478229
16285.0,16294.8,True,baseload,0.99990001284473
16290.0,16299.8,True,baseload,0.99990455388739
16295.0,16304.8,True,baseload,0.9999000136632544
16300.0,16309.8,True,baseload,0.9999000136632544
16305.0,16314.8,True,baseload,0.99990455388739
16310.0,16319.8,True,baseload,0.999896004556539
16315.0,16324.8,True,baseload,0.999900053478229
16320.0,16329.8,True,baseload,0.999900053478229
16325.0,16334.8,True,baseload,0.999900053478229
16330.0,16339.8,True,baseload,0.9999000128447941
16335.0,16344.8,True,baseload,0.9999000544558789
16340.0,16349.8,True,washing_machine,0.9216447206123586
16345.0,16354.8,True,washing_machine,0.9216447206123586
16350.0,16359.8,True,baseload,0.9999000544558789
16355.0,16364.8,True,baseload,0.9999045512676272
16360.0,16369.8,True,baseload,0.999904551267611
16365.0,16374.8,True,baseload,0.9999000136631763
16370.0,16379.8,True,baseload,0.9999000537969063
16375.0,16384.8,True,washing_machine,0.9242323185483144
16380.0,16389.8,True,washing_machine,0.9216282263342758
16385.0,16394.8,True,baseload,0.999900053478229
16390.0,16399.8,True,baseload,0.9999000136632544
16395.0,16404.8,True,baseload,0.9999000136632473
16400.0,16409.8,True,washing_machine,0.9216447268418603
16405.0,16414.8,True,washing_machine,0.9216447268418603
16410.0,16419.8,True,washing_machine,0.921644727232654
16415.0,16424.8,True,baseload,0.9999000128447177
16420.0,16429.8,True,baseload,0.999904553083765
16425.0,16434.8,True,baseload,0.9999045538873937
16430.0,16439.8,True,washing_machine,0.9999820266382626
16435.0,16444.8,True,washing_machine,0.9999818463857504
16440.0,16449.8,True,washing_machine,0.9223625737622823
16445.0,16454.8,True,baseload,0.999900053478229
16450.0,16459.8,True,washing_machine,0.9999820270935633
16455.0,16464.8,True,washing_machine,0.9999818468363921
16460.0,16469.8,True,baseload,0.9999000128447237
16465.0,16474.8,True,baseload,0.9999000544558787
16470.0,16479.8,True,baseload,0.9998960053218235
16475.0,16484.8,True,baseload,0.9999000544558787
16480.0,16489.8,True,baseload,0.9999000136483349
16485.0,16494.8,True,baseload,0.9999045512676108
16490.0,16499.8,True,baseload,0.9999000136631692
16495.0,16504.8,True,washing_machine,0.999990747103197
16500.0,16509.8,True,washing_machine,0.999981846025975
16505.0,16514.8,True,baseload,0.9999000537969063
16510.0,16519.8,True,baseload,0.9999000136631716
16515.0,16524.8,True,baseload,0.9999000537969065
16520.0,16529.8,True,washing_machine,0.9999818479066815
16525.0,16534.8,True,washing_machine,0.9999820266384086
16530.0,16539.8,True,washing_machine,0.9216507731452177
16535.0,16544.8,True,washing_machine,0.9216507731432608
16540.0,16549.8,True,baseload,0.9999000544558789
16545.0,16554.8,True,baseload,0.9999000544558787
16550.0,16559.8,True,baseload,0.9999000136631692
16555.0,16564.8,True,baseload,0.9999000544558787
16560.0,16569.8,True,baseload,0.9999000136631716
16565.0,16574.8,True,baseload,0.9999045520712286
16570.0,16579.8,True,washing_machine,0.922339986172313
16575.0,16584.8,True,washing_machine,0.9242323185357196
16580.0,16589.8,True,baseload,0.9999045512676081
16585.0,16594.8,True,baseload,0.9999000544558783
16590.0,16599.8,True,baseload,0.9999000144664922
16595.0,16604.8,True,baseload,0.999900053478229
16600.0,16609.8,True,baseload,0.9999000136632535
16605.0,16614.8,True,washing_machine,0.9216447206123586
16610.0,16619.8,True,washing_machine,0.9216507731450234
16615.0,16624.8,True,baseload,0.9999000136632473
16620.0,16629.8,True,baseload,0.9999000128447941
16625.0,16634.8,True,baseload,0.999900053478229
16630.0,16639.8,True,baseload,0.999900053478229
16635.0,16644.8,True,baseload,0.999900053478229
16640.0,16649.8,True,baseload,0.999900053478229
16645.0,16654.8,True,baseload,0.9999000136632564
16650.0,16659.8,True,baseload,0.9999000544558787
16655.0,16664.8,True,baseload,0.9999000537969063
16660.0,16669.8,True,baseload,0.9999000544558789
16665.0,16674.8,True,baseload,0.9998960053218235
16670.0,16679.8,True,baseload,0.9999000544558787
16675.0,16684.8,True,washing_machine,0.9216447206123586
16680.0,16689.8,True,washing_machine,0.9223625680460528
16685.0,16694.8,True,baseload,0.9999000544558785
16690.0,16699.8,True,baseload,0.9999000544558787
16695.0,16704.8,True,baseload,0.9999000136631716
16700.0,16709.8,True,baseload,0.9999000537969063
16705.0,16714.8,True,baseload,0.9999000544558787
16710.0,16719.8,True,baseload,0.9999000544558792
16715.0,16724.8,True,washing_machine,0.9999820266382426
16720.0,16729.8,True,washing_machine,0.9999818463857537
16725.0,16734.8,True,washing_machine,0.9999820323059349
16730.0,16739.8,True,baseload,0.999900053478229
16735.0,16744.8,True,washing_machine,0.9216507731432608
16740.0,16749.8,True,washing_machine,0.9216447207835892
16745.0,16754.8,True,washing_machine,0.9216507731452177
16750.0,16759.8,True,washing_machine,0.9216447207835892
16755.0,16764.8,True,washing_machine,0.9216447206123586
16760.0,16769.8,True,washing_machine,0.9242540778774747
16765.0,16774.8,True,washing_machine,0.9223625680460528
16770.0,16779.8,True,washing_machine,0.9216447206123586
16775.0,16784.8,True,baseload,0.9999000544558789
16780.0,16789.8,True,baseload,0.999900053478229
16785.0,16794.8,True,baseload,0.9999000128447348
16790.0,16799.8,True,washing_machine,0.9216507731452177
16795.0,16804.8,True,washing_machine,0.9216447206123586
16800.0,16809.8,True,washing_machine,0.9223625737099806
16805.0,16814.8,True,baseload,0.9999045530837648
16810.0,16819.8,True,baseload,0.9999000136631765
16815.0,16824.8,True,washing_machine,0.9216447268418603
16820.0,16829.8,True,washing_machine,0.9216507731452177
16825.0,16834.8,True,baseload,0.99990001284473
16830.0,16839.8,True,baseload,0.9999000136631692
16835.0,16844.8,True,washing_machine,0.9999907475171234
16840.0,16849.8,True,washing_machine,0.9999820270937534
16845.0,16854.8,True,baseload,0.9999000128447941
16850.0,16859.8,True,baseload,0.999900053478229
16855.0,16864.8,True,baseload,0.9999000544558789
16860.0,16869.8,True,baseload,0.9999000537969063
16865.0,16874.8,True,baseload,0.9999000534782294
16870.0,16879.8,True,baseload,0.9999000544558787
16875.0,16884.8,True,baseload,0.9999000544558785
16880.0,16889.8,True,baseload,0.9999000544558787
16885.0,16894.8,True,baseload,0.9999000131183043
16890.0,16899.8,True,baseload,0.9999000128447346
16895.0,16904.8,True,baseload,0.999900053478229
16900.0,16909.8,True,baseload,0.999900053478229
16905.0,16914.8,True,baseload,0.999900053478229
16910.0,16919.8,True,baseload,0.999900053478229
16915.0,16924.8,True,baseload,0.999896004556539
16920.0,16929.8,True,baseload,0.999900053478229
16925.0,16934.8,True,fridge,0.687802982477116
16930.0,16939.8,True,fridge,0.2575860536096069
16935.0,16944.8,True,fridge,0.28746384014870086
16940.0,16949.8,True,fridge,0.2877084336131503
16945.0,16954.8,True,fridge,0.2874107735283708
16950.0,16959.8,True,fridge,0.28727755316937115
16955.0,16964.8,True,fridge,0.2872926007605521
16960.0,16969.8,True,fridge,0.28741672085117315
16965.0,16974.8,True,fridge,0.28741866380017356
16970.0,16979.8,True,fridge,0.2874167195844965
16975.0,16984.8,True,fridge,0.2902211360150391
16980.0,16989.8,True,fridge,0.28742582906214215
16985.0,16994.8,True,fridge,0.28746384066630926
16990.0,16999.8,True,fridge,0.2876955239585652
16995.0,17004.8,True,fridge,0.2874258289264642
17000.0,17009.8,True,fridge,0.28742582906214215
17005.0,17014.8,True,fridge,0.2874258292154023
17010.0,17019.8,True,fridge,0.2874258285763815
17015.0,17024.8,True,fridge,0.2872926002749274
17020.0,17029.8,True,fridge,0.29022113552693946
17025.0,17034.8,True,fridge,0.2874638409193023
17030.0,17039.8,True,fridge,0.28746384074176207
17035.0,17044.8,True,fridge,0.2872926002749274
17040.0,17049.8,True,fridge,0.2872926007605521
17045.0,17054.8,True,fridge,0.28727755316937115
17050.0,17059.8,True,fridge,0.2877101846590508
17055.0,17064.8,True,fridge,0.2877101843699695
17060.0,17069.8,True,fridge,0.2874186640255885
17065.0,17074.8,True,fridge,0.28741866380017356
17070.0,17079.8,True,fridge,0.2874016648805652
17075.0,17084.8,True,fridge,0.2902211360150391
17080.0,17089.8,True,fridge,0.2874167210374553
17085.0,17094.8,True,fridge,0.28746384014870086
17090.0,17099.8,True,fridge,0.28795520871984936
17095.0,17104.8,True,fridge,0.287463841144742
17100.0,17109.8,True,fridge,0.287463841144742
17105.0,17114.8,True,fridge,0.28742582870104527
17110.0,17119.8,True,fridge,0.298300060697121
17115.0,17124.8,True,fridge,0.29830006153546357
17120.0,17129.8,True,fridge,0.29824572533061294
17125.0,17134.8,True,fridge,0.2982591666489621
17130.0,17139.8,True,fridge,0.2982611563595808
17135.0,17144.8,True,fridge,0.29826115774396994
17140.0,17149.8,True,fridge,0.29826115807202935
17145.0,17154.8,True,fridge,0.2982611575462067
17150.0,17159.8,True,fridge,0.29825916617404724
17155.0,17164.8,True,fridge,0.30112658656264873
17160.0,17169.8,True,fridge,0.30112658656264873
17165.0,17174.8,True,fridge,0.2981250411157976
17170.0,17179.8,True,fridge,0.2981250406176239
17175.0,17184.8,True,fridge,0.30112658656264873
17180.0,17189.8,True,fridge,0.2982518228919826
17185.0,17194.8,True,fridge,0.2982383818782997
17190.0,17199.8,True,fridge,0.29823639017132836
17195.0,17204.8,True,fridge,0.2982518199331845
17200.0,17209.8,True,fridge,0.30112658706324275
17205.0,17214.8,True,fridge,0.30112658706324275
17210.0,17219.8,True,fridge,0.29830006194853403
17215.0,17224.8,True,fridge,0.2983000622439643
17220.0,17229.8,True,fridge,0.3011108749731581
17225.0,17234.8,True,fridge,0.29830006441272294
17230.0,17239.8,True,fridge,0.2985507771645412
17235.0,17244.8,True,fridge,0.29826115807202935
17240.0,17249.8,True,fridge,0.2902211360150391
17245.0,17254.8,True,fridge,0.2874638428319397
17250.0,17259.8,True,fridge,0.28769377337278124
17255.0,17264.8,True,fridge,0.2877101846590508
17260.0,17269.8,True,fridge,0.2874107735283708
17265.0,17274.8,True,fridge,0.28742582870104527
17270.0,17279.8,True,fridge,0.2874167195844965
17275.0,17284.8,True,fridge,0.2874258285763815
17280.0,17289.8,True,fridge,0.28742582906214215
17285.0,17294.8,True,fridge,0.2904108806166674
17290.0,17299.8,True,fridge,0.2874638414336992
17295.0,17304.8,True,fridge,0.2874492047990559
17300.0,17309.8,True,fridge,0.2874638409552665
17305.0,17314.8,True,fridge,0.2877084336131503
17310.0,17319.8,True,fridge,0.2877101841549427
17315.0,17324.8,True,fridge,0.2874167195844965
17320.0,17329.8,True,fridge,0.2874638409193023
17325.0,17334.8,True,fridge,0.2877084335741833
17330.0,17339.8,True,fridge,0.2874638409193023
17335.0,17344.8,True,fridge,0.2874638409193023
17340.0,17349.8,True,fridge,0.2874638414336992
17345.0,17354.8,True,fridge,0.29022113552693946
17350.0,17359.8,True,fridge,0.2877101846590508
17355.0,17364.8,True,fridge,0.2877101843699695
17360.0,17369.8,True,fridge,0.2874186638929833
17365.0,17374.8,True,fridge,0.2877101846590508
17370.0,17379.8,True,fridge,0.2876955239585652
17375.0,17384.8,True,fridge,0.2874258292154023
17380.0,17389.8,True,fridge,0.28742582870104527
17385.0,17394.8,True,fridge,0.2872926007605521
17390.0,17399.8,True,fridge,0.2902211360150391
17395.0,17404.8,True,fridge,0.2902211360150391
17400.0,17409.8,True,fridge,0.29022113552693946
17405.0,17414.8,True,fridge,0.2874638404408696
17410.0,17419.8,True,fridge,0.287463841144742
17415.0,17424.8,True,fridge,0.2877101846590508
17420.0,17429.8,True,fridge,0.28740360834520295
17425.0,17434.8,True,fridge,0.2877101841549427
17430.0,17439.8,True,fridge,0.28795520871984936
17435.0,17444.8,True,fridge,0.2877101843699695
17440.0,17449.8,True,fridge,0.287410772370816
17445.0,17454.8,True,fridge,0.2874638399232612
17450.0,17459.8,True,fridge,0.28744920380311617
17455.0,17464.8,True,fridge,0.28727755316937115
17460.0,17469.8,True,fridge,0.2874258275433702
17465.0,17474.8,True,fridge,0.28742582870104527
17470.0,17479.8,True,fridge,0.28742582889461427
17475.0,17484.8,True,fridge,0.2874258292154023
17480.0,17489.8,True,fridge,0.2872926007605521
17485.0,17494.8,True,fridge,0.2874258285763815
17490.0,17499.8,True,fridge,0.287463841144742
17495.0,17504.8,True,fridge,0.298300060697121
17500.0,17509.8,True,fridge,0.2982538133339354
17505.0,17514.8,True,fridge,0.2982518199331845
17510.0,17519.8,True,fridge,0.2985525711954303
17515.0,17524.8,True,fridge,0.29830006194853403
17520.0,17529.8,True,fridge,0.2985525706801284
17525.0,17534.8,True,fridge,0.2982611577766175
17530.0,17539.8,True,fridge,0.29826115807202935
17535.0,17544.8,True,fridge,0.2982611575462067
17540.0,17549.8,True,fridge,0.29824373267753596
17545.0,17554.8,True,fridge,0.3013210366746892
17550.0,17559.8,True,fridge,0.29826115807202935
17555.0,17564.8,True,fridge,0.2982457258564202
17560.0,17569.8,True,fridge,0.30112658706324275
17565.0,17574.8,True,fridge,0.2983000631513548
17570.0,17579.8,True,fridge,0.29830006338178605
17575.0,17584.8,True,fridge,0.29830006194853403
17580.0,17589.8,True,fridge,0.29830006171810275
17585.0,17594.8,True,fridge,0.30130527969862636
17590.0,17599.8,True,fridge,0.29825381398748935
17595.0,17604.8,True,fridge,0.29825381369208104
17600.0,17609.8,True,fridge,0.2985525706801284
17605.0,17614.8,True,fridge,0.2985507778584533
17610.0,17619.8,True,fridge,0.29830006367721634
17615.0,17624.8,True,fridge,0.298300060697121
17620.0,17629.8,True,fridge,0.2985507753245199
17625.0,17634.8,True,fridge,0.298537543469979
17630.0,17639.8,True,fridge,0.2982518223936842
17635.0,17644.8,True,fridge,0.2982538133339354
17640.0,17649.8,True,fridge,0.2982457252028807
17645.0,17654.8,True,fridge,0.29824572533061294
17650.0,17659.8,True,fridge,0.2982538133339354
17655.0,17664.8,True,fridge,0.2982611575462067
17660.0,17669.8,True,fridge,0.29826115807202935
17665.0,17674.8,True,fridge,0.29825381342902807
17670.0,17679.8,True,fridge,0.2983000613050323
17675.0,17684.8,True,fridge,0.2974845006668034
17680.0,17689.8,True,fridge,0.29723557301220993
17685.0,17694.8,True,fridge,0.29855257066931673
17690.0,17699.8,True,fridge,0.30112658711523377
17695.0,17704.8,True,fridge,0.30112658711523377
17700.0,17709.8,True,fridge,0.2982518228919826
17705.0,17714.8,True,fridge,0.2982538138952988
17710.0,17719.8,True,fridge,0.2982363907326702
17715.0,17724.8,True,fridge,0.2982538133969988
17720.0,17729.8,True,fridge,0.2982538135247374
17725.0,17734.8,True,fridge,0.2972367072515926
17730.0,17739.8,True,fridge,0.29749029863124105
17735.0,17744.8,True,fridge,0.29830006128606557
17740.0,17749.8,True,fridge,0.30112658711523377
17745.0,17754.8,True,fridge,0.29825182198188105
17750.0,17759.8,True,fridge,0.2982538134920914
17755.0,17764.8,True,fridge,0.2982538134920914
17760.0,17769.8,True,fridge,0.2982538140505528
17765.0,17774.8,True,fridge,0.3011265826270455
17770.0,17779.8,True,fridge,0.99999948407187
17775.0,17784.8,True,fridge,0.9999994840333026
17780.0,17789.8,True,fridge,0.2982363912075336
17785.0,17794.8,True,fridge,0.2982363907326702
17790.0,17799.8,True,fridge,0.9999994840333026
17795.0,17804.8,True,fridge,0.9999994840332918
17800.0,17809.8,True,fridge,0.9999994840332918
17805.0,17814.8,True,fridge,0.9999994840332918
17810.0,17819.8,True,fridge,0.9999994765608424
17815.0,17824.8,True,fridge,0.2982363900434567
17820.0,17829.8,True,fridge,0.9999994773442036
17825.0,17834.8,True,fridge,0.2982850601900616
17830.0,17839.8,True,fridge,0.9999994767128642
17835.0,17844.8,True,fridge,0.9999994840332918
17840.0,17849.8,True,fridge,0.9999994840332918
17845.0,17854.8,True,fridge,0.9999994840332918
17850.0,17859.8,True,fridge,0.9999994840332918
17855.0,17864.8,True,fridge,0.9999994765608455
17860.0,17869.8,True,fridge,0.9999994773442036
17865.0,17874.8,True,fridge,0.29853574754428247
17870.0,17879.8,True,fridge,0.9999994773442036
17875.0,17884.8,True,fridge,0.9999994773442036
17880.0,17889.8,True,fridge,0.2982850601900616
17885.0,17894.8,True,fridge,0.9999994767128642
17890.0,17899.8,True,fridge,0.9999994766151433
17895.0,17904.8,True,fridge,0.999999483992634
17900.0,17909.8,True,fridge,0.9999994767128673
17905.0,17914.8,True,fridge,0.2985357493606732
17910.0,17919.8,True,fridge,0.9999994767128628
17915.0,17924.8,True,fridge,0.9999994839926312
17920.0,17929.8,True,fridge,0.9999994767128673
17925.0,17934.8,True,fridge,0.9999994767128628
17930.0,17939.8,True,fridge,0.999999484046932
17935.0,17944.8,True,fridge,0.9999994840332918
17940.0,17949.8,True,fridge,0.9999994839926327
17945.0,17954.8,True,fridge,0.9999994840469317
17950.0,17959.8,True,fridge,0.9999994839926316
17955.0,17964.8,True,fridge,0.9999994840332918
17960.0,17969.8,True,fridge,0.9999994766151473
17965.0,17974.8,True,fridge,0.9999994773442036
17970.0,17979.8,True,fridge,0.9999994773442036
17975.0,17984.8,True,fridge,0.9999994839926312
17980.0,17989.8,True,fridge,0.9999994839926323
17985.0,17994.8,True,fridge,0.9999994840469328
17990.0,17999.8,True,fridge,0.9999994840469317
17995.0,18004.8,True,fridge,0.9999994840469328
18000.0,18009.8,True,fridge,0.9999994419992083
18005.0,18014.8,True,fridge,0.6731924340149082
18010.0,18019.8,True,baseload,0.27041254667598896
18015.0,18024.8,True,pc,0.24279582805599276
18020.0,18029.8,True,baseload,0.2508430831447731
18025.0,18034.8,True,pc,0.24301449035034983
18030.0,18039.8,True,pc,0.2430144902490099
18035.0,18044.8,True,baseload,0.2704125476221145
18040.0,18049.8,True,baseload,0.2703079450424317
18045.0,18054.8,True,baseload,0.27030794543153835
18050.0,18059.8,True,pc,0.24279582833815358
18055.0,18064.8,True,pc,0.2427958261472324
18060.0,18069.8,True,baseload,0.2700701222670058
18065.0,18074.8,True,baseload,0.3096501275329454
18070.0,18079.8,True,baseload,0.27007012130326497
18075.0,18084.8,True,pc,0.2427958267078501
18080.0,18089.8,True,fridge,0.9999928943852491
18085.0,18094.8,True,baseload,0.25107436956533297
18090.0,18099.8,True,pc,0.24279582570847444
18095.0,18104.8,True,baseload,0.2700701222400892
18100.0,18109.8,True,pc,0.24211525006664614
18105.0,18114.8,True,pc,0.24301712324741317
18110.0,18119.8,True,pc,0.24211525043899135
18115.0,18124.8,True,fridge,0.9999845615799421
18120.0,18129.8,True,fridge,0.9999923856526061
18125.0,18134.8,True,fridge,0.9999840529733359
18130.0,18139.8,True,fridge,0.9999840471855505
18135.0,18144.8,True,fridge,0.9999840471652658
18140.0,18149.8,True,fridge,0.999984045202395
18145.0,18154.8,True,fridge,0.9999840479147022
18150.0,18159.8,True,fridge,0.9999840515519768
18155.0,18164.8,True,fridge,0.999984045202395
18160.0,18169.8,True,fridge,0.999984045202395
18165.0,18174.8,True,fridge,0.9999845545786483
18170.0,18179.8,True,pc,0.28668326059913
18175.0,18184.8,True,fridge,0.9999844804928399
18180.0,18189.8,True,fridge,0.9999845606394495
18185.0,18194.8,True,fridge,0.9999845606394313
18190.0,18199.8,True,fridge,0.9999850549316189
18195.0,18204.8,True,fridge,0.9999844842542278
18200.0,18209.8,True,fridge,0.9999942317445916
18205.0,18214.8,True,fridge,0.9999845606394673
18210.0,18219.8,True,fridge,0.9999859098936816
18215.0,18224.8,True,fridge,0.999984558872928
18220.0,18229.8,True,fridge,0.9999840471652833
18225.0,18234.8,True,fridge,0.9999840452027099
18230.0,18239.8,True,fridge,0.9999845587872783
18235.0,18244.8,True,pc,0.28668347979919034
18240.0,18249.8,True,fridge,0.9999858401604221
18245.0,18254.8,True,fridge,0.9999942317446417
18250.0,18259.8,True,fridge,0.9999844824555794
18255.0,18264.8,True,fridge,0.9999845606394575
18260.0,18269.8,True,pc,0.2866832601795747
18265.0,18274.8,True,fridge,0.9999942317422728
18270.0,18279.8,True,fridge,0.9999858312174034
18275.0,18284.8,True,fridge,0.9999845586766902
18280.0,18289.8,True,fridge,0.9999840452027099
18285.0,18294.8,True,fridge,0.999984047894557
18290.0,18299.8,True,fridge,0.9999847635812494
18295.0,18304.8,True,fridge,0.9999845586766614
18300.0,18309.8,True,fridge,0.9999840452024006
18305.0,18314.8,True,fridge,0.9999840444808538
18310.0,18319.8,True,fridge,0.9999840547139187
18315.0,18324.8,True,fridge,0.9999840533430171
18320.0,18329.8,True,fridge,0.9999840478945561
18325.0,18334.8,True,fridge,0.9999842527984062
18330.0,18339.8,True,fridge,0.9999858401556114
18335.0,18344.8,True,fridge,0.9999858360221383
18340.0,18349.8,True,fridge,0.9999840410658198
18345.0,18354.8,True,fridge,0.9999840437576487
18350.0,18359.8,True,fridge,0.9999840492060578
18355.0,18364.8,True,fridge,0.9999840504099772
18360.0,18369.8,True,fridge,0.9999845484789145
18365.0,18374.8,True,fridge,0.9999858360269366
18370.0,18379.8,True,fridge,0.999994222193677
18375.0,18384.8,True,fridge,0.9999844763643413
18380.0,18389.8,True,fridge,0.9999840492060738
18385.0,18394.8,True,fridge,0.9999840505769738
18390.0,18399.8,True,fridge,0.9999859148027848
18395.0,18404.8,True,fridge,0.9999845546505308
18400.0,18409.8,True,fridge,0.9999845546511517
18405.0,18414.8,True,fridge,0.9999858360221172
18410.0,18419.8,True,fridge,0.9999844763596056
18415.0,18424.8,True,fridge,0.9999844763602445
18420.0,18429.8,False,off,
18425.0,18434.8,True,fridge,0.9999844763602749
18430.0,18439.8,True,fridge,0.9999858360221447
18435.0,18444.8,False,off,
18440.0,18449.8,False,off,
18445.0,18454.8,True,fridge,0.9999840505770169
18450.0,18459.8,True,fridge,0.9999840505770169
18455.0,18464.8,False,off,
18460.0,18469.8,False,off,
18465.0,18474.8,True,fridge,0.9999844763595792
18470.0,18479.8,True,fridge,0.9999858360220943
18475.0,18484.8,True,fridge,0.9999840505770169
18480.0,18489.8,True,fridge,0.9999840492060802
18485.0,18494.8,True,fridge,0.9999845545399358
18490.0,18499.8,True,fridge,0.9999850564941425
18495.0,18504.8,True,fridge,0.9999845566133327
18500.0,18509.8,False,off,
18505.0,18514.8,False,off,
18510.0,18519.8,False,off,
18515.0,18524.8,False,off,
18520.0,18529.8,False,off,
18525.0,18534.8,True,fridge,0.9999844763601707
18530.0,18539.8,True,fridge,0.9999858270635206
18535.0,18544.8,True,fridge,0.9999844763596116
18540.0,18549.8,False,off,
18545.0,18554.8,False,off,
18550.0,18559.8,False,off,
18555.0,18564.8,False,off,
18560.0,18569.8,False,off,
18565.0,18574.8,False,off,
18570.0,18579.8,False,off,
18575.0,18584.8,False,off,
18580.0,18589.8,False,off,
18585.0,18594.8,False,off,
18590.0,18599.8,False,off,
18595.0,18604.8,False,off,
18600.0,18609.8,True,fridge,0.9999845513474178
18605.0,18614.8,True,fridge,0.9999845531691931
18610.0,18619.8,False,off,
18615.0,18624.8,False,off,
18620.0,18629.8,False,off,
18625.0,18634.8,False,off,
18630.0,18639.8,False,off,
18635.0,18644.8,False,off,
18640.0,18649.8,True,fridge,0.9999845514580854
18645.0,18654.8,True,fridge,0.9999858270635754
18650.0,18659.8,True,fridge,0.9999858270635605
18655.0,18664.8,True,fridge,0.999984554799665
18660.0,18669.8,True,fridge,0.9999844710931909
18665.0,18674.8,True,fridge,0.9999844710931909
18670.0,18679.8,False,off,
18675.0,18684.8,False,off,
18680.0,18689.8,False,off,
18685.0,18694.8,False,off,
18690.0,18699.8,False,off,
18695.0,18704.8,False,off,
18700.0,18709.8,False,off,
18705.0,18714.8,False,off,
18710.0,18719.8,False,off,
18715.0,18724.8,False,off,
18720.0,18729.8,True,fridge,0.9999840493169613
18725.0,18734.8,True,fridge,0.9999846149281838
18730.0,18739.8,False,off,
18735.0,18744.8,False,off,
18740.0,18749.8,False,off,
18745.0,18754.8,False,off,
18750.0,18759.8,True,fridge,0.9999840466003485
18755.0,18764.8,True,fridge,0.9999840466003814
18760.0,18769.8,False,off,
18765.0,18774.8,False,off,
18770.0,18779.8,True,fridge,0.9999840429391664
18775.0,18784.8,True,fridge,0.9999840508367541
18780.0,18789.8,True,fridge,0.9999842555869362
18785.0,18794.8,False,off,
18790.0,18799.8,True,fridge,0.9999844710931904
18795.0,18804.8,True,fridge,0.9999858360269186
18800.0,18809.8,True,fridge,0.9999840508367546
18805.0,18814.8,False,off,
18810.0,18819.8,False,off,
18815.0,18824.8,False,off,
18820.0,18829.8,True,fridge,0.9999840404925316
18825.0,18834.8,True,fridge,0.9999840481197716
18830.0,18839.8,True,fridge,0.9999840481197712
18835.0,18844.8,True,fridge,0.9999844749936612
18840.0,18849.8,True,fridge,0.9999858270659661
18845.0,18854.8,True,fridge,0.9999844749896389
18850.0,18859.8,True,fridge,0.9999858270635619
18855.0,18864.8,True,fridge,0.9999844749888652
18860.0,18869.8,False,off,
18865.0,18874.8,True,fridge,0.9999844749894597
18870.0,18879.8,True,fridge,0.9999844749889116
18875.0,18884.8,False,off,
18880.0,18889.8,True,fridge,0.9999840481198682
18885.0,18894.8,True,fridge,0.999984049317013
18890.0,18899.8,True,fridge,0.9999844765101517
18895.0,18904.8,True,fridge,0.9999858360221625
18900.0,18909.8,True,fridge,0.999984475139401
18905.0,18914.8,False,off,
18910.0,18919.8,True,fridge,0.999984046711105
18915.0,18924.8,True,fridge,0.9999844765102687
18920.0,18929.8,True,fridge,0.9999858360221441
18925.0,18934.8,True,fridge,0.99998447650998
18930.0,18939.8,False,off,
18935.0,18944.8,True,fridge,0.9999840481196997
18940.0,18949.8,True,fridge,0.9999840481198298
18945.0,18954.8,True,fridge,0.9999839586080421
18950.0,18959.8,True,fridge,0.9999840449271828
18955.0,18964.8,True,fridge,0.9999844733176073
18960.0,18969.8,True,fridge,0.9999858360220855
18965.0,18974.8,True,fridge,0.9999843870742435
18970.0,18979.8,False,off,
18975.0,18984.8,False,off,
18980.0,18989.8,True,fridge,0.9999846149283572
18985.0,18994.8,True,fridge,0.999984050836825
18990.0,18999.8,True,fridge,0.9999840449271522
18995.0,19004.8,True,fridge,0.9999844751394386
19000.0,19009.8,True,fridge,0.9999858360220868
19005.0,19014.8,True,fridge,0.9999845547999282
19010.0,19019.8,True,fridge,0.9999846149289023
19015.0,19024.8,True,fridge,0.999985653594253
19020.0,19029.8,True,fridge,0.9999839713689447
19025.0,19034.8,True,baseload,0.3488506221288873
19030.0,19039.8,True,fridge,0.9999840467490552
19035.0,19044.8,True,fridge,0.9999839713689445
19040.0,19049.8,True,fridge,0.9999841587817531
19045.0,19054.8,True,fridge,0.99998396057102
19050.0,19059.8,True,fridge,0.9999840500826102
19055.0,19064.8,True,fridge,0.9999840500400069
19060.0,19069.8,True,fridge,0.9999840467490552
19065.0,19074.8,True,fridge,0.9999840427970491
19070.0,19079.8,True,baseload,0.34903206200524844
19075.0,19084.8,True,fridge,0.9999840500826213
19080.0,19089.8,True,fridge,0.9999840449272053
19085.0,19094.8,True,baseload,0.3488506201217944
19090.0,19099.8,True,baseload,0.349099298139513
19095.0,19104.8,True,baseload,0.34892601584576693
19100.0,19109.8,True,fridge,0.9999840500826435
19105.0,19114.8,True,baseload,0.3491074743908903
19110.0,19119.8,True,fridge,0.9999840432630512
19115.0,19124.8,True,baseload,0.37494941328720943
19120.0,19129.8,True,fridge,0.999983960686948
19125.0,19134.8,True,fridge,0.9999839606869473
19130.0,19139.8,True,baseload,0.3489260239970402
19135.0,19144.8,True,fridge,0.9999840468597271
19140.0,19149.8,True,baseload,0.37470017501814235
19145.0,19154.8,True,baseload,0.374694465708552
19150.0,19159.8,True,fridge,0.9999840467491828
19155.0,19164.8,True,baseload,0.3491074743908903
19160.0,19169.8,True,fridge,0.9999839555504824
19165.0,19174.8,True,baseload,0.3748802302103575
19170.0,19179.8,True,fridge,0.999992285855258
19175.0,19184.8,True,fridge,0.9999922913419333
19180.0,19189.8,True,baseload,0.374694465708552
19185.0,19194.8,True,fridge,0.9999840518812924
19190.0,19199.8,True,fridge,0.9999922913418257
19195.0,19204.8,True,fridge,0.9999840399291325
19200.0,19209.8,True,fridge,0.9999840519495327
19205.0,19214.8,True,fridge,0.9999840468598399
19210.0,19219.8,True,baseload,0.34910747440512413
19215.0,19224.8,True,baseload,0.37494941328720943
19220.0,19229.8,True,baseload,0.3748802283458101
19225.0,19234.8,True,fridge,0.9999840446192342
19230.0,19239.8,True,baseload,0.3491074764240398
19235.0,19244.8,True,baseload,0.34917472105330655
19240.0,19249.8,True,baseload,0.3491074764240398
19245.0,19254.8,True,fridge,0.9999840467491438
19250.0,19259.8,True,baseload,0.3489260149923517
19255.0,19264.8,True,fridge,0.9999839687397137
19260.0,19269.8,True,baseload,0.3743446140839949
19265.0,19274.8,True,fridge,0.9999840467491444
19270.0,19279.8,True,baseload,0.3625783488031836
19275.0,19284.8,True,baseload,0.3515575987714986
19280.0,19289.8,True,baseload,0.3514902902422456
19285.0,19294.8,True,fridge,0.9999840467489974
19290.0,19299.8,True,baseload,0.3489260218382941
19295.0,19304.8,True,fridge,0.9999840467490034
19300.0,19309.8,True,fridge,0.9999840467489064
19305.0,19314.8,True,baseload,0.35131079061033776
19310.0,19319.8,True,baseload,0.3515576103724639
19315.0,19324.8,True,baseload,0.35131000179208993
19320.0,19329.8,True,baseload,0.3513100018602184
19325.0,19334.8,True,baseload,0.35155760986451196
19330.0,19339.8,True,baseload,0.3514902907666121
19335.0,19344.8,True,fridge,0.9999840467489957
19340.0,19349.8,True,fridge,0.999984046749029
19345.0,19354.8,True,fridge,0.9999923554521118
19350.0,19359.8,True,fridge,0.9999841108581476
19355.0,19364.8,True,fridge,0.9999840468596987
19360.0,19369.8,True,baseload,0.32820064627743706
19365.0,19374.8,True,baseload,0.3514902867761416
19370.0,19379.8,True,fridge,0.9999844843609933
19375.0,19384.8,True,baseload,0.24263339894320698
19380.0,19389.8,True,baseload,0.3513155498915036
19385.0,19394.8,True,fridge,0.9999855724344892
19390.0,19399.8,True,fridge,0.9999855722845481
19395.0,19404.8,True,baseload,0.24235114428958943
19400.0,19409.8,True,baseload,0.24283308386588598
19405.0,19414.8,True,baseload,0.351310000060481
19410.0,19419.8,True,baseload,0.3280250183073479
19415.0,19424.8,True,baseload,0.35155760734936803
19420.0,19429.8,True,fridge,0.9999845165742667
19425.0,19434.8,True,fridge,0.9999846123655386
19430.0,19439.8,True,pc,0.21949195846654623
19435.0,19444.8,True,fridge,0.999985830605096
19440.0,19449.8,True,fridge,0.9999932891265703
19445.0,19454.8,True,baseload,0.2423511452514625
19450.0,19459.8,True,fridge,0.9999855724345111
19455.0,19464.8,True,baseload,0.24263787504775813
19460.0,19469.8,True,baseload,0.24277878949291967
19465.0,19474.8,True,fridge,0.9999928518348267
19470.0,19479.8,True,fridge,0.999984978192089
19475.0,19484.8,True,fridge,0.9999858360220648
19480.0,19489.8,True,fridge,0.9999845367946852
19485.0,19494.8,True,fridge,0.9999855750638877
19490.0,19499.8,True,fridge,0.9999845367948549
19495.0,19504.8,True,baseload,0.24277878873142553
19500.0,19509.8,True,baseload,0.24283308222663913
19505.0,19514.8,True,baseload,0.2691434604011393
19510.0,19519.8,True,baseload,0.2693830966388578
19515.0,19524.8,True,baseload,0.2684113553803276
19520.0,19529.8,True,fridge,0.9999855750638822
19525.0,19534.8,True,baseload,0.24235114400920094
19530.0,19539.8,True,fridge,0.9999846124710097
19535.0,19544.8,True,baseload,0.2689314643076752
19540.0,19549.8,True,baseload,0.2428331039886211
19545.0,19554.8,True,baseload,0.2692222967329511
19550.0,19559.8,True,baseload,0.24263342269328111
19555.0,19564.8,True,baseload,0.24277881195839826
19560.0,19569.8,True,baseload,0.2694233230433539
19565.0,19574.8,True,baseload,0.26921113642742733
19570.0,19579.8,True,fridge,0.9999856511368144
19575.0,19584.8,True,fridge,0.9999858360266517
19580.0,19589.8,True,baseload,0.23284219807191192
19585.0,19594.8,True,baseload,0.2694233157477668
19590.0,19599.8,True,baseload,0.24263789369425254
19595.0,19604.8,True,fridge,0.9999855724331794
19600.0,19609.8,True,baseload,0.24235116273463228
19605.0,19614.8,True,fridge,0.9999855724330959
19610.0,19619.8,True,baseload,0.2688671797252099
19615.0,19624.8,True,fridge,0.9999855723901886
19620.0,19629.8,True,baseload,0.24235116302312334
19625.0,19634.8,True,baseload,0.242778808320468
19630.0,19639.8,True,baseload,0.2692111274617064
19635.0,19644.8,True,fridge,0.9999855615177513
19640.0,19649.8,True,fridge,0.9999855616286072
19645.0,19654.8,True,fridge,0.9999855724331721
19650.0,19659.8,True,baseload,0.24263342494057777
19655.0,19664.8,True,fridge,0.9999858361713096
19660.0,19669.8,True,fridge,0.9999858361712053
19665.0,19674.8,True,baseload,0.24263341729969803
19670.0,19679.8,True,baseload,0.24283310004685024
19675.0,19684.8,True,baseload,0.24283310004685024
19680.0,19689.8,True,baseload,0.2694233157241572
19685.0,19694.8,True,baseload,0.24283310004685024
19690.0,19699.8,True,baseload,0.24263341612325035
19695.0,19704.8,True,fridge,0.9999855615177717
19700.0,19709.8,True,fridge,0.9999855616286072
19705.0,19714.8,True,baseload,0.2426378941269365
19710.0,19719.8,True,fridge,0.9999855724331794
19715.0,19724.8,True,baseload,0.26886718006307175
19720.0,19729.8,True,baseload,0.2689466990044561
19725.0,19734.8,True,baseload,0.24243284052282982
19730.0,19739.8,True,baseload,0.2692111275773123
19735.0,19744.8,True,baseload,0.2688885252789534
19740.0,19749.8,True,fridge,0.9999856510926156
19745.0,19754.8,True,fridge,0.9999855616286067
19750.0,19759.8,True,fridge,0.9999855724331919
19755.0,19764.8,True,baseload,0.2423670866044201
19760.0,19769.8,True,fridge,0.999985574911864
19765.0,19774.8,True,baseload,0.2685882917369628
19770.0,19779.8,True,baseload,0.26942331313319806
19775.0,19784.8,True,baseload,0.242778802721758
19780.0,19789.8,True,baseload,0.24257814035611736
19785.0,19794.8,True,pc,0.2708517038951213
19790.0,19799.8,True,baseload,0.2692111256288864
19795.0,19804.8,True,pc,0.2708570368162995
19800.0,19809.8,True,pc,0.27085548743152504
19805.0,19814.8,True,baseload,0.24215097864677612
19810.0,19819.8,True,baseload,0.26936507975501517
19815.0,19824.8,True,baseload,0.26942331086604476
19820.0,19829.8,True,baseload,0.26942331391563856
19825.0,19834.8,True,pc,0.27085548748365784
19830.0,19839.8,True,baseload,0.24263789159693908
19835.0,19844.8,True,baseload,0.26936508338120985
19840.0,19849.8,True,pc,0.2705970954714082
19845.0,19854.8,True,fridge,0.9999856511356056
19850.0,19859.8,True,baseload,0.26922228680988836
19855.0,19864.8,True,baseload,0.26936508290099365
19860.0,19869.8,True,baseload,0.24243284024630665
19865.0,19874.8,True,pc,0.27085548737421056
19870.0,19879.8,True,baseload,0.2692158384429459
19875.0,19884.8,True,baseload,0.2693650101432742
19880.0,19889.8,True,baseload,0.24243725401794552
19885.0,19894.8,True,pc,0.2708554615965763
19890.0,19899.8,True,baseload,0.2693650114259986
19895.0,19904.8,True,baseload,0.26942324356796005
19900.0,19909.8,True,baseload,0.26942324356796005
19905.0,19914.8,True,baseload,0.26886711465226276
19910.0,19919.8,True,pc,0.2705970696767439
19915.0,19924.8,True,pc,0.27085699855312606
19920.0,19929.8,True,pc,0.27085700145053565
19925.0,19934.8,True,baseload,0.26921106297882796
19930.0,19939.8,True,pc,0.2705970716183573
19935.0,19944.8,True,fridge,0.9999855724304667
19940.0,19949.8,True,baseload,0.2692158384367608
19945.0,19954.8,True,baseload,0.2692110532767245
19950.0,19959.8,True,baseload,0.24243277715997538
19955.0,19964.8,True,baseload,0.24243725430015997
19960.0,19969.8,True,fridge,0.9999855724305258
19965.0,19974.8,True,pc,0.2815479803453707
19970.0,19979.8,True,fridge,0.9999858361685839
19975.0,19984.8,True,baseload,0.2423511053985149
19980.0,19989.8,True,baseload,0.26936501027242055
19985.0,19994.8,True,baseload,0.269423243695413
19990.0,19999.8,True,baseload,0.2694232435843115
19995.0,20004.8,True,baseload,0.26942324371176446
20000.0,20009.8,True,baseload,0.2692110533606983
20005.0,20014.8,True,baseload,0.24243277746480676
20010.0,20019.8,True,baseload,0.24243277746824732
20015.0,20024.8,True,baseload,0.2692158384668394
20020.0,20029.8,True,pc,0.270597070564079
20025.0,20034.8,True,baseload,0.2692158384367608
20030.0,20039.8,True,baseload,0.2424327775740929
20035.0,20044.8,True,baseload,0.24215092285361114
20040.0,20049.8,True,fridge,0.9999855724305253
20045.0,20054.8,True,baseload,0.26893615138642823
20050.0,20059.8,True,fridge,0.9999855724305249
20055.0,20064.8,True,baseload,0.24215092385925072
20060.0,20069.8,True,baseload,0.2692222151968461
20065.0,20074.8,True,baseload,0.269365010169785
20070.0,20079.8,True,baseload,0.26921106283359547
20075.0,20084.8,True,baseload,0.24243278633083223
20080.0,20089.8,True,baseload,0.2421666351899597
20085.0,20094.8,True,fridge,0.9999855750646991
20090.0,20099.8,True,fridge,0.9999855750647002
20095.0,20104.8,True,baseload,0.26886711460586993
20100.0,20109.8,True,baseload,0.2692110532930678
20105.0,20114.8,True,baseload,0.24244338030593435
20110.0,20119.8,True,baseload,0.2692110547363049
20115.0,20124.8,True,baseload,0.24243277782994832
20120.0,20129.8,True,baseload,0.2693650114361603
20125.0,20134.8,True,baseload,0.2424327862038901
20130.0,20139.8,True,baseload,0.24243277793286458
20135.0,20144.8,True,baseload,0.26921183807791804
20140.0,20149.8,True,fridge,0.9999856511329915
20145.0,20154.8,True,fridge,0.9999856511329915
20150.0,20159.8,True,pc,0.27085545953032064
20155.0,20164.8,True,baseload,0.2692110547363049
20160.0,20169.8,True,baseload,0.2692158377818089
20165.0,20174.8,True,fridge,0.9999855616259115
20170.0,20179.8,True,baseload,0.24243341459660978
20175.0,20184.8,True,baseload,0.2686849527673796
20180.0,20189.8,True,baseload,0.269365010169785
20185.0,20194.8,True,baseload,0.2694232436870579
20190.0,20199.8,True,baseload,0.2692110539904913
20195.0,20204.8,True,baseload,0.2692110531158628
20200.0,20209.8,True,baseload,0.2694232436870579
20205.0,20214.8,True,baseload,0.2693650101534358
20210.0,20219.8,True,baseload,0.269365010169785
20215.0,20224.8,True,baseload,0.26921583848318326
20220.0,20229.8,True,fridge,0.9999854829944108
20225.0,20234.8,True,baseload,0.26886711460586993
20230.0,20239.8,True,baseload,0.26896493525329357
20235.0,20244.8,True,baseload,0.26921183807791804
20240.0,20249.8,True,baseload,0.26896415185557687
20245.0,20254.8,True,baseload,0.2692110531782455
20250.0,20259.8,True,baseload,0.2692110532417588
20255.0,20264.8,True,baseload,0.2688671132967672
20260.0,20269.8,True,baseload,0.2688671132967672
20265.0,20274.8,True,baseload,0.2692110547363049
20270.0,20279.8,True,baseload,0.24243341404831273
20275.0,20284.8,True,baseload,0.2692110546010222
20280.0,20289.8,True,baseload,0.24243277906005245
20285.0,20294.8,True,baseload,0.2424327785173943
20290.0,20299.8,True,baseload,0.26896415185557687
20295.0,20304.8,True,baseload,0.26921583848318326
20300.0,20309.8,True,pc,0.2705970681105229
20305.0,20314.8,True,baseload,0.24243725448507938
20310.0,20319.8,True,baseload,0.2692110533606983
20315.0,20324.8,True,baseload,0.26942324370340937
20320.0,20329.8,True,baseload,0.269365010169785
20325.0,20334.8,True,baseload,0.2693650091081004
20330.0,20339.8,True,baseload,0.2693650107520565
20335.0,20344.8,True,baseload,0.2686849833629437
20340.0,20349.8,True,baseload,0.26886711250389544
20345.0,20354.8,True,pc,0.27059707160790764
20350.0,20359.8,True,baseload,0.24243341404831273
20355.0,20364.8,True,fridge,0.9999854829943715
20360.0,20369.8,True,baseload,0.2688671146221775
20365.0,20374.8,True,baseload,0.2694232426579268
20370.0,20379.8,True,baseload,0.2693650101715402
20375.0,20384.8,True,baseload,0.2693650107520565
20380.0,20389.8,True,baseload,0.24215092472721833
20385.0,20394.8,True,baseload,0.24215092443560893
20390.0,20399.8,True,baseload,0.2694232426579268
20395.0,20404.8,True,baseload,0.2688671155617938
20400.0,20409.8,True,fridge,0.9999855724353951
20405.0,20414.8,True,fridge,0.9999855724305997
20410.0,20419.8,True,fridge,0.9999855724306104
20415.0,20424.8,True,baseload,0.26886734613722374
20420.0,20429.8,True,baseload,0.26896415260397927
20425.0,20434.8,True,baseload,0.26921105369127774
20430.0,20439.8,True,baseload,0.24243341404831273
20435.0,20444.8,True,baseload,0.24215092328404605
20440.0,20449.8,True,baseload,0.2688671125274679
20445.0,20454.8,True,baseload,0.24243725387486145
20450.0,20459.8,True,fridge,0.9999854829943204
20455.0,20464.8,True,baseload,0.2692158380973785
20460.0,20469.8,True,baseload,0.26936501057520107
20465.0,20474.8,True,baseload,0.26897528801212833
20470.0,20479.8,True,baseload,0.2692158387704289
20475.0,20484.8,True,pc,0.27059706842051734
20480.0,20489.8,True,baseload,0.2688671134991218
20485.0,20494.8,True,baseload,0.2688671136000624
20490.0,20499.8,True,baseload,0.24243277794353216
20495.0,20504.8,True,baseload,0.268964153590282
20500.0,20509.8,True,baseload,0.26896415218626357
20505.0,20514.8,True,baseload,0.2693650105272192
20510.0,20519.8,True,baseload,0.2698094654649684
20515.0,20524.8,True,fridge,0.9999855670134473
20520.0,20529.8,True,fridge,0.999985482999208
20525.0,20534.8,True,baseload,0.26921583804941285
20530.0,20539.8,True,baseload,0.26911801509233746
20535.0,20544.8,True,baseload,0.2694232429296919
20540.0,20549.8,True,baseload,0.2693650110571726
20545.0,20554.8,True,baseload,0.24215092290759802
20550.0,20559.8,True,pc,0.27059707241055786
20555.0,20564.8,True,baseload,0.2692158380657567
20560.0,20569.8,True,baseload,0.2688671158505322
20565.0,20574.8,True,baseload,0.24215092462631396
20570.0,20579.8,True,baseload,0.26896415158475284
20575.0,20584.8,True,baseload,0.2693650110237847
20580.0,20589.8,True,baseload,0.26936500939793306
20585.0,20594.8,True,fridge,0.29840638642787937
20590.0,20599.8,True,fridge,0.9999983611022433
20595.0,20604.8,True,fridge,0.9999955480754177
20600.0,20609.8,True,fridge,0.9999955501995301
20605.0,20614.8,True,fridge,0.9999955715407306
20610.0,20619.8,True,fridge,0.9999955715407268
20615.0,20624.8,True,fridge,0.9999955717250913
20620.0,20629.8,True,fridge,0.9999955717250729
20625.0,20634.8,True,fridge,0.9999955476022881
20630.0,20639.8,True,fridge,0.9999955476022897
20635.0,20644.8,True,fridge,0.9999955742015793
20640.0,20649.8,True,fridge,0.9999955503119901
20645.0,20654.8,True,fridge,0.9999955476022739
20650.0,20659.8,True,fridge,0.9999955497264033
20655.0,20664.8,True,fridge,0.9999955476022693
20660.0,20669.8,True,fridge,0.9999955742015944
20665.0,20674.8,True,fridge,0.999995574201595
20670.0,20679.8,True,fridge,0.9999955715407461
20675.0,20684.8,True,fridge,0.999995548075395
20680.0,20689.8,True,fridge,0.9999955501995226
20685.0,20694.8,True,fridge,0.9999955717250738
20690.0,20699.8,True,fridge,0.9999955717250718
20695.0,20704.8,True,fridge,0.9999955717250869
20700.0,20709.8,True,fridge,0.9999955476022853
20705.0,20714.8,True,fridge,0.9999955497264053
20710.0,20719.8,True,fridge,0.999995573728445
20715.0,20724.8,True,fridge,0.9999955717250589
20720.0,20729.8,True,fridge,0.9999955763258166
20725.0,20734.8,True,fridge,0.9999955742015828
20730.0,20739.8,True,fridge,0.9999955742015952
20735.0,20744.8,True,fridge,0.9999955717250743
20740.0,20749.8,True,fridge,0.9999955717250718
20745.0,20754.8,True,fridge,0.9999955717250729
20750.0,20759.8,True,fridge,0.9999955717250734
20755.0,20764.8,True,fridge,0.9999955717250725
20760.0,20769.8,True,fridge,0.9999955717250727
20765.0,20774.8,True,fridge,0.9999955717250709
20770.0,20779.8,True,fridge,0.9999955717250736
20775.0,20784.8,True,fridge,0.9999955717250913
20780.0,20789.8,True,fridge,0.9999955476022788
20785.0,20794.8,True,fridge,0.9999955503119909
20790.0,20799.8,True,fridge,0.9999955737284424
20795.0,20804.8,True,fridge,0.9999955715407268
20800.0,20809.8,True,fridge,0.9999955742015935
20805.0,20814.8,True,fridge,0.9999955480754048
20810.0,20819.8,True,fridge,0.9999955480753899
20815.0,20824.8,True,fridge,0.9999955715408467
20820.0,20829.8,True,fridge,0.9999955476022877
20825.0,20834.8,True,fridge,0.9999955503178508
20830.0,20839.8,True,fridge,0.9999955497280826
20835.0,20844.8,True,fridge,0.999995571725056
20840.0,20849.8,True,fridge,0.9999955715408467
20845.0,20854.8,True,fridge,0.9999955717250736
20850.0,20859.8,True,fridge,0.9999955742015935
20855.0,20864.8,True,fridge,0.9999955717250563
20860.0,20869.8,True,fridge,0.9999955715407468
20865.0,20874.8,True,fridge,0.9999955742015915
20870.0,20879.8,True,fridge,0.9999955480753893
20875.0,20884.8,True,fridge,0.9999955480754135
20880.0,20889.8,True,fridge,0.9999955742015941
20885.0,20894.8,True,fridge,0.999995571725056
20890.0,20899.8,True,fridge,0.9999955715407468
20895.0,20904.8,True,fridge,0.9999955715407406
20900.0,20909.8,True,fridge,0.9999955717250736
20905.0,20914.8,True,fridge,0.9999955717250725
20910.0,20919.8,True,fridge,0.9999955717250847
20915.0,20924.8,True,fridge,0.9999955715407406
20920.0,20929.8,True,fridge,0.9999955717250552
20925.0,20934.8,True,fridge,0.9999955476022717
20930.0,20939.8,True,fridge,0.9999955497263977
20935.0,20944.8,True,fridge,0.9999955476022673
20940.0,20949.8,True,fridge,0.9999955717250656
20945.0,20954.8,True,fridge,0.9999955742015768
20950.0,20959.8,True,fridge,0.9999955497264019
20955.0,20964.8,True,fridge,0.9999955497263984
20960.0,20969.8,True,fridge,0.9999955480754099
20965.0,20974.8,True,fridge,0.9999955480754075
20970.0,20979.8,True,fridge,0.9999955742015946
20975.0,20984.8,True,fridge,0.9999955717250736
20980.0,20989.8,True,fridge,0.9999955717250736
20985.0,20994.8,True,fridge,0.9999955717250514
20990.0,20999.8,True,fridge,0.9999955717250736
20995.0,21004.8,True,fridge,0.9999955717250514
21000.0,21009.8,True,fridge,0.9999955717250514
21005.0,21014.8,True,fridge,0.9999955717250512
21010.0,21019.8,True,fridge,0.9999955742015939
21015.0,21024.8,True,fridge,0.9999955717250514
21020.0,21029.8,True,fridge,0.9999955717250516
21025.0,21034.8,True,fridge,0.9999955717250736
21030.0,21039.8,True,fridge,0.9999955717250503
21035.0,21044.8,True,fridge,0.9999955742015721
21040.0,21049.8,True,fridge,0.9999955742015941
21045.0,21054.8,True,fridge,0.9999955717250529
21050.0,21059.8,True,fridge,0.9999955480754261
21055.0,21064.8,True,fridge,0.9999955480754052
21060.0,21069.8,True,fridge,0.9999955715407441
21065.0,21074.8,True,fridge,0.9999955717250514
21070.0,21079.8,True,fridge,0.9999955717250707
21075.0,21084.8,True,fridge,0.9999955717250527
21080.0,21089.8,True,fridge,0.9999955715408425
21085.0,21094.8,True,fridge,0.9999955717250698
21090.0,21099.8,True,fridge,0.9999955717250707
21095.0,21104.8,True,fridge,0.9999955721629485
21100.0,21109.8,True,fridge,0.9999955742015915
21105.0,21114.8,True,fridge,0.9999955501995192
21110.0,21119.8,True,fridge,0.9999955480753848
21115.0,21124.8,True,fridge,0.9999955476039704
21120.0,21129.8,True,fridge,0.9999955476039506
21125.0,21134.8,True,fridge,0.9999955717250687
21130.0,21139.8,True,fridge,0.9999955715407401
21135.0,21144.8,True,fridge,0.9999955715408425
21140.0,21149.8,True,fridge,0.9999955715408425
21145.0,21154.8,True,fridge,0.9999955480753921
21150.0,21159.8,True,fridge,0.9999955480753979
21155.0,21164.8,True,fridge,0.9999955715407208
21160.0,21169.8,True,fridge,0.9999955349542937
21165.0,21174.8,True,pv,0.23140857129713907
21170.0,21179.8,True,baseload,0.26896416056256506
21175.0,21184.8,True,pv,0.9999999225482177
21180.0,21189.8,True,baseload,0.2692110677893318
21185.0,21194.8,True,baseload,0.26945971497575916
21190.0,21199.8,True,baseload,0.24215093177848399
21195.0,21204.8,True,pv,0.9999999224708016
21200.0,21209.8,True,baseload,0.2421509315484998
21205.0,21214.8,True,pc,0.27059706571460707
21210.0,21219.8,True,baseload,0.26862075835702676
21215.0,21224.8,True,baseload,0.26896416056256506
21220.0,21229.8,True,baseload,0.2689641582970088
21225.0,21234.8,True,baseload,0.26945971463387547
21230.0,21239.8,True,pc,0.2705970664233676
21235.0,21244.8,True,baseload,0.2694597149920793
21240.0,21249.8,True,baseload,0.2686207567752749
21245.0,21254.8,True,baseload,0.24215112143301806
21250.0,21259.8,True,fridge,0.9999855294478711
21255.0,21264.8,True,baseload,0.26919951510696644
21260.0,21269.8,True,baseload,0.2689649391865526
21265.0,21274.8,True,baseload,0.2689689326003603
21270.0,21279.8,True,baseload,0.2424372596752933
21275.0,21284.8,True,baseload,0.2689689323654078
21280.0,21289.8,True,baseload,0.26945971304112126
21285.0,21294.8,True,baseload,0.2421509288439185
21290.0,21299.8,True,baseload,0.24215092906905566
21295.0,21304.8,True,baseload,0.26945971229457966
21300.0,21309.8,True,baseload,0.2689641570105651
21305.0,21314.8,True,baseload,0.26897529330749437
21310.0,21319.8,True,baseload,0.24243725969730665
21315.0,21324.8,True,baseload,0.2694597133515512
21320.0,21329.8,True,pv,0.9999999225482172
21325.0,21334.8,True,baseload,0.2700018791721906
21330.0,21339.8,True,baseload,0.2702144504741579
21335.0,21344.8,True,baseload,0.2702144504741579
21340.0,21349.8,True,baseload,0.2702144504741579
21345.0,21354.8,True,baseload,0.26862075804256086
21350.0,21359.8,True,baseload,0.26945971398751273
21355.0,21364.8,True,baseload,0.2421509297880097
21360.0,21369.8,True,baseload,0.26945971229457966
21365.0,21374.8,True,baseload,0.2685821582083511
21370.0,21379.8,True,pc,0.2705561871995369
21375.0,21384.8,True,baseload,0.24211132783572833
21380.0,21389.8,True,baseload,0.26996305299271733
21385.0,21394.8,True,baseload,0.27011726909659545
21390.0,21399.8,True,baseload,0.27011726882833387
21395.0,21404.8,True,pv,0.9999999225140268
21400.0,21409.8,True,pv,0.9999999225140268
21405.0,21414.8,True,baseload,0.2701172704591398
21410.0,21419.8,True,baseload,0.2685821582083511
21415.0,21424.8,True,baseload,0.24211132657411155
21420.0,21429.8,True,baseload,0.26892622397541655
21425.0,21434.8,True,baseload,0.2690792935707907
21430.0,21439.8,True,baseload,0.26858239524156097
21435.0,21444.8,True,baseload,0.2691608971529793
21440.0,21449.8,True,baseload,0.2421113286431905
21445.0,21454.8,True,baseload,0.2694210216682813
21450.0,21459.8,True,baseload,0.26892622371013325
21455.0,21464.8,True,baseload,0.2689254422910408
21460.0,21469.8,True,baseload,0.2689254422967047
21465.0,21474.8,True,pv,0.9999999225213463
21470.0,21479.8,True,baseload,0.2689262239766553
21475.0,21484.8,True,baseload,0.2689262239697525
21480.0,21489.8,True,baseload,0.26907929274136116
21485.0,21494.8,True,baseload,0.2701172704608967
21490.0,21499.8,True,baseload,0.2701172706286443
21495.0,21504.8,True,baseload,0.2689254501361381
21500.0,21509.8,True,baseload,0.268582157942459
21505.0,21514.8,True,baseload,0.24211132720065298
21510.0,21519.8,True,baseload,0.2685821589551379
21515.0,21524.8,True,pv,0.9999999225482152
21520.0,21529.8,True,pv,0.9999999224707989
21525.0,21534.8,True,baseload,0.24211132825050413
21530.0,21539.8,True,baseload,0.2685821592729351
21535.0,21544.8,True,pv,0.9999999225484972
21540.0,21549.8,True,pv,0.9999999225482141
21545.0,21554.8,True,baseload,0.2685823945044428
21550.0,21559.8,True,baseload,0.2421113291057498
21555.0,21564.8,True,baseload,0.24211132751566522
21560.0,21569.8,True,baseload,0.2691745791289547
21565.0,21574.8,True,baseload,0.24239754779789935
21570.0,21579.8,True,baseload,0.2685821594365076
21575.0,21584.8,True,baseload,0.24211132857024129
21580.0,21589.8,True,baseload,0.26829379957401134
21585.0,21594.8,True,pv,0.9999999225746523
21590.0,21599.8,True,pv,0.9999999225140268
21595.0,21604.8,True,baseload,0.27011726923838053
21600.0,21609.8,True,baseload,0.26858215821523207
21605.0,21614.8,True,baseload,0.2421113278616011
21610.0,21619.8,True,baseload,0.24211132786416684
21615.0,21624.8,True,baseload,0.26858215888170184
21620.0,21629.8,True,baseload,0.24239754770359506
21625.0,21634.8,True,baseload,0.2689302184814655
21630.0,21639.8,True,pv,0.9999999225746521
21635.0,21644.8,True,pv,0.9999999225482141
21640.0,21649.8,True,baseload,0.26892544227173254
21645.0,21654.8,True,baseload,0.268925440568361
21650.0,21659.8,True,baseload,0.26892622370323055
21655.0,21664.8,True,baseload,0.26893021825549096
21660.0,21669.8,True,baseload,0.24211132785772646
21665.0,21674.8,True,baseload,0.2685821603151409
21670.0,21679.8,True,baseload,0.26858215898777044
21675.0,21684.8,True,pv,0.9999999224707994
21680.0,21689.8,True,baseload,0.26952366914012715
21685.0,21694.8,True,baseload,0.24211151826566968
21690.0,21699.8,True,pv,0.9999999224708831
21695.0,21704.8,True,baseload,0.269963052240337
21700.0,21709.8,True,baseload,0.2689302184883679
21705.0,21714.8,True,pv,0.9999999225746521
21710.0,21719.8,True,pv,0.999999922548497
21715.0,21724.8,True,pv,0.9999999225140268
21720.0,21729.8,True,pv,0.9999999225213472
21725.0,21734.8,True,baseload,0.26972711195216775
21730.0,21739.8,True,pv,0.9999999225213461
21735.0,21744.8,True,baseload,0.2691745791508688
21740.0,21749.8,True,baseload,0.2685821579231864
21745.0,21754.8,True,baseload,0.26892622368392216
21750.0,21759.8,True,baseload,0.2685821579163054
21755.0,21764.8,True,pv,0.9999999224707989
21760.0,21769.8,True,baseload,0.26858215917061556
21765.0,21774.8,True,baseload,0.26917457896104013
21770.0,21779.8,True,baseload,0.2689302184922478
21775.0,21784.8,True,baseload,0.2697706609222107
21780.0,21789.8,True,baseload,0.2689302185118671
21785.0,21794.8,True,pv,0.9999999225746523
21790.0,21799.8,True,baseload,0.2685821596338123
21795.0,21804.8,True,pv,0.9999999224707996
21800.0,21809.8,True,baseload,0.2689262238495632
21805.0,21814.8,True,pv,0.9999999225482152
21810.0,21819.8,True,baseload,0.26892622394354143
21815.0,21824.8,True,baseload,0.2697159558094439
21820.0,21829.8,True,baseload,0.26987007861895695
21825.0,21834.8,True,baseload,0.2689254409769804
21830.0,21839.8,True,pv,0.9999999225482157
21835.0,21844.8,True,baseload,0.2689302186988192
21840.0,21849.8,True,baseload,0.2685821590080079
21845.0,21854.8,True,baseload,0.24211132785747078
21850.0,21859.8,True,pv,0.9999999224707989
21855.0,21864.8,True,pv,0.9999999225482152
21860.0,21869.8,True,pv,0.9999999225140268
21865.0,21874.8,True,pv,0.9999999225140268
21870.0,21879.8,True,pv,0.9999999225213472
21875.0,21884.8,True,baseload,0.2698700788840317
21880.0,21889.8,True,baseload,0.2701172689917196
21885.0,21894.8,True,pv,0.9999999225213472
21890.0,21899.8,True,pv,0.9999999225140268
21895.0,21904.8,True,baseload,0.26942101947461855
21900.0,21909.8,True,baseload,0.268930218508657
21905.0,21914.8,True,baseload,0.2689254421942262
21910.0,21919.8,True,pv,0.9999999225213472
21915.0,21924.8,True,pv,0.9999999224707996
21920.0,21929.8,True,baseload,0.2685821591813739
21925.0,21934.8,True,pv,0.9999999224707989
21930.0,21939.8,True,pv,0.999999922548497
21935.0,21944.8,True,baseload,0.24211151827730534
21940.0,21949.8,True,baseload,0.26917481340255867
21945.0,21954.8,True,pv,0.9999999224707998
21950.0,21959.8,True,baseload,0.26858215991606443
21955.0,21964.8,True,baseload,0.2689254421942262
21960.0,21969.8,True,baseload,0.26892622384389925
21965.0,21974.8,True,pv,0.9999999225746521
21970.0,21979.8,True,pv,0.9999999224707989
21975.0,21984.8,True,baseload,0.26858215867385055
21980.0,21989.8,True,pv,0.9999999224707996
21985.0,21994.8,True,baseload,0.269174578809531
21990.0,21999.8,True,pv,0.9999999225746521
21995.0,22004.8,True,baseload,0.2685821591677006
22000.0,22009.8,True,pv,0.9999999224707989
22005.0,22014.8,True,pv,0.9999999225213472
22010.0,22019.8,True,pv,0.9999999225746521
22015.0,22024.8,True,baseload,0.26952366925449284
22020.0,22029.8,True,pv,0.9999999225213472
22025.0,22034.8,True,pv,0.9999999225213472
22030.0,22039.8,True,pv,0.9999999225482141
22035.0,22044.8,True,pv,0.9999999225482143
22040.0,22049.8,True,pv,0.9999999224707996
22045.0,22054.8,True,baseload,0.2685821605931339
22050.0,22059.8,True,baseload,0.26858215812972996
22055.0,22064.8,True,baseload,0.2689254415602271
22060.0,22069.8,True,baseload,0.26858216076358493
22065.0,22074.8,True,baseload,0.26858239381616356
22070.0,22079.8,True,pv,0.9999999225482141
22075.0,22084.8,True,baseload,0.26987007968515503
22080.0,22089.8,True,baseload,0.2685823945929617
22085.0,22094.8,True,baseload,0.24211151792880392
22090.0,22099.8,True,baseload,0.2691745796234023
22095.0,22104.8,True,baseload,0.2697159645543205
22100.0,22109.8,True,pv,0.9999999225482155
22105.0,22114.8,True,pv,0.9999999225213472
22110.0,22119.8,True,baseload,0.26971595670022175
22115.0,22124.8,True,pv,0.9999999225482141
22120.0,22129.8,True,baseload,0.26971595497109385
22125.0,22134.8,True,baseload,0.26971595483518407
22130.0,22139.8,True,baseload,0.2698700802478631
22135.0,22144.8,True,baseload,0.26892544072923147
22140.0,22149.8,True,baseload,0.26971595665893033
22145.0,22154.8,True,pv,0.9999999225213472
22150.0,22159.8,True,pv,0.9999999225213463
22155.0,22164.8,True,baseload,0.2698700805148737
22160.0,22169.8,True,pv,0.9999999225213463
22165.0,22174.8,True,pv,0.9999999225213463
22170.0,22179.8,True,baseload,0.2697159560304611
22175.0,22184.8,True,baseload,0.2697159564332963
22180.0,22189.8,True,pv,0.9999999225213463
22185.0,22194.8,True,pv,0.9999999225482152
22190.0,22199.8,True,baseload,0.26893021842166853
22195.0,22204.8,True,baseload,0.26893021842166853
22200.0,22209.8,True,baseload,0.26892544079951264
22205.0,22214.8,True,baseload,0.26971674005209145
22210.0,22219.8,True,pv,0.9999999225484999
22215.0,22224.8,True,baseload,0.26892544218539083
22220.0,22229.8,True,baseload,0.26893021842166853
22225.0,22234.8,True,pv,0.9999999224707989
22230.0,22239.8,True,baseload,0.26858215918743306
22235.0,22244.8,True,baseload,0.2691745786644217
22240.0,22249.8,True,baseload,0.2697159535571819
22245.0,22254.8,True,baseload,0.26971595293139433
22250.0,22259.8,True,baseload,0.2691745750335061
22255.0,22264.8,True,baseload,0.26858215698228616
22260.0,22269.8,True,baseload,0.2685821564097738
22265.0,22274.8,True,baseload,0.2685821547099858
22270.0,22279.8,True,baseload,0.2689302152747111
22275.0,22284.8,True,pv,0.9999999225482141
22280.0,22289.8,True,pv,0.9999999225213452
22285.0,22294.8,True,baseload,0.2697159529706386
22290.0,22299.8,True,baseload,0.2685821557676093
22295.0,22304.8,True,baseload,0.24239754493103635
22300.0,22309.8,True,baseload,0.2689302150455764
22305.0,22314.8,True,baseload,0.2689254387719949
22310.0,22319.8,True,baseload,0.26972710863272215
22315.0,22324.8,True,pv,0.9999999225482141
22320.0,22329.8,True,baseload,0.2695236658104317
22325.0,22334.8,True,baseload,0.2685821547137835
22330.0,22339.8,True,pv,0.999999922574651
22335.0,22344.8,True,baseload,0.26893021500818587
22340.0,22349.8,True,baseload,0.2697167365882077
22345.0,22354.8,True,pv,0.9999999225213461
22350.0,22359.8,True,baseload,0.2689262204095571
22355.0,22364.8,True,baseload,0.2689262204095571
22360.0,22369.8,True,pv,0.9999999224707983
22365.0,22374.8,True,baseload,0.24211132335643823
22370.0,22379.8,True,baseload,0.24211132464522678
22375.0,22384.8,True,baseload,0.2421113250128774
22380.0,22389.8,True,baseload,0.2691745751411507
22385.0,22394.8,True,pv,0.999999922521345
22390.0,22399.8,True,baseload,0.26987007623268977
22395.0,22404.8,True,pv,0.9999999225213461
22400.0,22409.8,True,baseload,0.2697159529693983
22405.0,22414.8,True,baseload,0.2689302149549448
22410.0,22419.8,True,baseload,0.2685821557783676
22415.0,22424.8,True,pv,0.999999922382121
22420.0,22429.8,True,baseload,0.2689302149549448
22425.0,22434.8,True,baseload,0.26858215643689204
22430.0,22439.8,True,pv,0.9999999224708815
22435.0,22444.8,True,pv,0.9999999224595357
22440.0,22449.8,True,baseload,0.2697159515761167
22445.0,22454.8,True,pv,0.9999999224326592
22450.0,22459.8,True,pv,0.9999999225482141
22455.0,22464.8,True,baseload,0.2689302150353773
22460.0,22469.8,True,pv,0.9999999224707976
22465.0,22474.8,True,pv,0.9999999225140257
22470.0,22479.8,True,pv,0.9999999225213458
22475.0,22484.8,True,pv,0.999999922432659
22480.0,22489.8,True,baseload,0.269870076244016
22485.0,22494.8,True,pv,0.999999922574651
22490.0,22499.8,True,baseload,0.2685821557896511
22495.0,22504.8,True,pv,0.9999999225746505
22500.0,22509.8,True,pv,0.9999999225482137
22505.0,22514.8,True,baseload,0.26892543811697683
22510.0,22519.8,True,baseload,0.2695236658116715
22515.0,22524.8,True,pv,0.9999999224707976
22520.0,22529.8,True,baseload,0.2689302150770875
22525.0,22534.8,True,pv,0.9999999224859728
22530.0,22539.8,True,baseload,0.2697159610902818
22535.0,22544.8,True,pv,0.9999999224707976
22540.0,22549.8,True,baseload,0.24211132520636452
22545.0,22554.8,True,baseload,0.26858215677562475
22550.0,22559.8,True,pv,0.9999999225482135
22555.0,22564.8,True,pv,0.999999922514025
22560.0,22569.8,True,pv,0.9999999224707952
22565.0,22574.8,True,baseload,0.26858215145125514
22570.0,22579.8,True,baseload,0.2689302100574828
22575.0,22584.8,True,baseload,0.24211131983906792
22580.0,22589.8,True,pv,0.9999999224707958
22585.0,22594.8,True,pv,0.9999999224595328
22590.0,22599.8,True,pv,0.9999999225459231
22595.0,22604.8,True,pv,0.9999999225459228
22600.0,22609.8,True,pv,0.9999999225484935
22605.0,22614.8,True,baseload,0.2689254322649741
22610.0,22619.8,True,baseload,0.2697271036207315
22615.0,22624.8,True,baseload,0.2698700717775523
22620.0,22629.8,True,baseload,0.2697271036219717
22625.0,22634.8,True,pv,0.9999999225213427
22630.0,22639.8,True,pv,0.9999999225213427
22635.0,22644.8,True,baseload,0.2695236607728544
22640.0,22649.8,True,pv,0.9999999225746485
22645.0,22654.8,True,pv,0.9999999225140233
22650.0,22659.8,True,pv,0.9999999225213423
22655.0,22664.8,True,baseload,0.2697159560671588
22660.0,22669.8,True,baseload,0.26952366076094253
22665.0,22674.8,True,pv,0.9999999225746485
22670.0,22679.8,True,pv,0.9999999225213427
22675.0,22684.8,True,baseload,0.26971594794805975
22680.0,22689.8,True,pv,0.9999999225482117
22685.0,22694.8,True,pv,0.9999999225482106
22690.0,22699.8,True,baseload,0.269715947953068
22695.0,22704.8,True,pv,0.9999999224595335
22700.0,22709.8,True,baseload,0.2697159464253697
22705.0,22714.8,True,pv,0.9999999225482119
22710.0,22719.8,True,pv,0.9999999225213436
22715.0,22724.8,True,pv,0.9999999224859704
22720.0,22729.8,True,pv,0.9999999224707952
22725.0,22734.8,True,pv,0.9999999225746485
22730.0,22739.8,True,pv,0.9999999225746485
22735.0,22744.8,True,baseload,0.2695236607540372
22740.0,22749.8,True,baseload,0.26893021001424283
22745.0,22754.8,True,baseload,0.26858215037825933
22750.0,22759.8,True,baseload,0.26952366076039863
22755.0,22764.8,True,pv,0.9999999224595337
22760.0,22769.8,True,pv,0.9999999224326563
22765.0,22774.8,True,baseload,0.26917457153598306
22770.0,22779.8,True,baseload,0.2685821507376341
22775.0,22784.8,True,baseload,0.268930209967432
22780.0,22789.8,True,pv,0.9999999224598151
22785.0,22794.8,True,baseload,0.26858215071499786
22790.0,22799.8,True,baseload,0.26858215075399416
22795.0,22804.8,True,baseload,0.2697167315489804
22800.0,22809.8,True,pv,0.9999999223821183
22805.0,22814.8,True,baseload,0.26858214967305016
22810.0,22819.8,True,baseload,0.26917457206126943
22815.0,22824.8,True,baseload,0.2685823862002903
22820.0,22829.8,True,pv,0.9999999224707952
22825.0,22834.8,True,pv,0.9999999224707956
22830.0,22839.8,True,baseload,0.2685823862533462
22835.0,22844.8,True,pv,0.9999999223822034
22840.0,22849.8,True,baseload,0.2691745694194588
22845.0,22854.8,True,baseload,0.2689262153995064
22850.0,22859.8,True,baseload,0.26892544182525263
22855.0,22864.8,True,baseload,0.2689254322751602
22860.0,22869.8,True,baseload,0.26892621539896316
22865.0,22874.8,True,pv,0.9999999224707952
22870.0,22879.8,True,baseload,0.26858214969104377
22875.0,22884.8,True,pv,0.9999999225746485
22880.0,22889.8,True,pv,0.9999999224859704
22885.0,22894.8,True,baseload,0.2689262154386022
22890.0,22899.8,True,baseload,0.269174564111886
22895.0,22904.8,True,baseload,0.26858214706190214
22900.0,22909.8,True,baseload,0.2419004708708435
22905.0,22914.8,True,pv,0.9999999224708771
22910.0,22919.8,True,pv,0.9999999223821163
22915.0,22924.8,True,baseload,0.26917456570573767
22920.0,22929.8,True,pv,0.9999999225213407
22925.0,22934.8,True,baseload,0.2689302046880623
22930.0,22939.8,True,baseload,0.2689262101267986
22935.0,22944.8,True,baseload,0.2689302046993876
22940.0,22949.8,True,baseload,0.2689302046880623
22945.0,22954.8,True,baseload,0.2689302046880623
22950.0,22959.8,True,baseload,0.2697159426587446
22955.0,22964.8,True,pv,0.9999999225482097
22960.0,22969.8,True,pv,0.9999999224598133
22965.0,22974.8,True,baseload,0.26858214653825463
22970.0,22979.8,True,baseload,0.2691745662458086
22975.0,22984.8,True,baseload,0.2697159426587446
22980.0,22989.8,True,baseload,0.2697159420329571
22985.0,22994.8,True,pv,0.9999999224326548
22990.0,22999.8,True,baseload,0.26987006588931756
22995.0,23004.8,True,baseload,0.2691745648181632
23000.0,23009.8,True,pv,0.999999922382117
23005.0,23014.8,True,pv,0.9999999224598133
23010.0,23019.8,True,baseload,0.26971594119371795
23015.0,23024.8,True,pv,0.9999999225482101
23020.0,23029.8,True,baseload,0.26917479996646004
23025.0,23034.8,True,baseload,0.26858214617372256
23030.0,23039.8,True,baseload,0.269174564111886
23035.0,23044.8,True,baseload,0.26858214706190214
23040.0,23049.8,True,pv,0.9999999224708771
23045.0,23054.8,True,baseload,0.2685821470632211
23050.0,23059.8,True,pv,0.9999999224707941
23055.0,23064.8,True,pv,0.9999999224707934
23060.0,23069.8,True,baseload,0.2695236554670146
23065.0,23074.8,True,baseload,0.26892542845874146
23070.0,23079.8,True,baseload,0.2689302046826635
23075.0,23084.8,True,pv,0.9999999225484917
23080.0,23089.8,True,pv,0.9999999224326548
23085.0,23094.8,True,pv,0.999999922521341
23090.0,23099.8,True,baseload,0.2691745653665662
23095.0,23104.8,True,baseload,0.26917456517716337
23100.0,23109.8,True,pv,0.9999999224707934
23105.0,23114.8,True,baseload,0.2685821443997724
23110.0,23119.8,True,baseload,0.2695236554670146
23115.0,23124.8,True,baseload,0.2685821443997724
23120.0,23129.8,True,pv,0.9999999224707934
23125.0,23134.8,True,baseload,0.2685821456540825
23130.0,23139.8,True,baseload,0.2685821451465591
23135.0,23144.8,True,pv,0.999999922382117
23140.0,23149.8,True,baseload,0.26858238006954166
23145.0,23154.8,True,pv,0.9999999224326557
23150.0,23159.8,True,pv,0.9999999225484917
23155.0,23164.8,True,pv,0.9999999224598133
23160.0,23169.8,True,baseload,0.2695236554670146
23165.0,23174.8,True,baseload,0.2695236554670146
23170.0,23179.8,True,pv,0.9999999225482099
23175.0,23184.8,True,pv,0.9999999225213418
23180.0,23189.8,True,pv,0.9999999225140215
23185.0,23194.8,True,pv,0.9999999225140215
23190.0,23199.8,True,pv,0.9999999225140215
23195.0,23204.8,True,pv,0.9999999225746468
23200.0,23209.8,True,baseload,0.26858214438363087
23205.0,23214.8,True,baseload,0.26917456517716337
23210.0,23219.8,True,pv,0.9999999224595313
23215.0,23224.8,True,baseload,0.2691745641187698
23220.0,23229.8,True,baseload,0.2689302046826635
23225.0,23234.8,True,pv,0.9999999224859684
23230.0,23239.8,True,baseload,0.26917456517716337
23235.0,23244.8,True,pv,0.9999999224859686
23240.0,23249.8,True,baseload,0.269174564111886
23245.0,23254.8,True,fridge,0.2830946948834798
23250.0,23259.8,True,fridge,0.9999980836926537
23255.0,23264.8,True,fridge,0.9999955707794557
23260.0,23269.8,True,fridge,0.9999955707795849
23265.0,23274.8,True,fridge,0.9999955709182183
23270.0,23279.8,True,fridge,0.9999955707794823
23275.0,23284.8,True,fridge,0.9999955722704
23280.0,23289.8,True,fridge,0.999995574396064
23285.0,23294.8,True,fridge,0.9999955461403914
23290.0,23299.8,True,fridge,0.9999955482659487
23295.0,23304.8,True,fridge,0.9999955703216211
23300.0,23309.8,True,fridge,0.9999955703216209
23305.0,23314.8,True,fridge,0.9999955703216384
23310.0,23319.8,True,fridge,0.9999955703216182
23315.0,23324.8,True,fridge,0.9999955703216196
23320.0,23329.8,True,fridge,0.9999955703216196
23325.0,23334.8,True,fridge,0.9999955703216189
23330.0,23339.8,True,fridge,0.9999955703216205
23335.0,23344.8,True,fridge,0.9999955461420867
23340.0,23349.8,True,fridge,0.9999955482718412
23345.0,23354.8,True,fridge,0.9999955429261184
23350.0,23359.8,True,fridge,0.9999955429261259
23355.0,23364.8,True,fridge,0.9999955429261177
23360.0,23369.8,True,fridge,0.9999955669117765
23365.0,23374.8,True,fridge,0.9999955669116557
23370.0,23379.8,True,fridge,0.9999955669116684
23375.0,23384.8,True,fridge,0.9999955690559219
23380.0,23389.8,True,fridge,0.9999955670964558
23385.0,23394.8,True,fridge,0.9999955669116837
23390.0,23399.8,True,fridge,0.999995567096446
23395.0,23404.8,True,fridge,0.999995569055917
23400.0,23409.8,True,fridge,0.999995545068484
23405.0,23414.8,True,fridge,0.9999955429261319
23410.0,23419.8,True,fridge,0.999995542926115
23415.0,23424.8,True,fridge,0.9999955450609403
23420.0,23429.8,True,fridge,0.9999955450685
23425.0,23434.8,True,fridge,0.9999955450668061
23430.0,23439.8,True,fridge,0.999995545066805
23435.0,23444.8,True,fridge,0.9999955450609708
23440.0,23449.8,True,fridge,0.9999955450668354
23445.0,23454.8,True,fridge,0.9999955450668647
23450.0,23459.8,True,fridge,0.9999955690559876
23455.0,23464.8,True,fridge,0.9999955711909069
23460.0,23469.8,True,fridge,0.9999955690559856
23465.0,23474.8,True,fridge,0.9999955450609999
23470.0,23479.8,True,fridge,0.9999955690559863
23475.0,23484.8,True,fridge,0.9999955690559854
23480.0,23489.8,True,fridge,0.999995542926189
23485.0,23494.8,True,fridge,0.9999955675358044
23490.0,23499.8,True,fridge,0.9999955669117296
23495.0,23504.8,True,fridge,0.9999955578419533
23500.0,23509.8,True,fridge,0.9999955338799569
23505.0,23514.8,True,fridge,0.9999955317128518
23510.0,23519.8,True,fridge,0.9999955578419466
23515.0,23524.8,True,fridge,0.9999955558451947
23520.0,23529.8,True,fridge,0.999995531712874
23525.0,23534.8,True,fridge,0.9999955338858255
23530.0,23539.8,True,fridge,0.9999955317145498
23535.0,23544.8,True,fridge,0.999995531712868
23540.0,23549.8,True,fridge,0.9999955578419519
23545.0,23554.8,True,fridge,0.9999955578419508
23550.0,23559.8,True,fridge,0.9999955317128603
23555.0,23564.8,True,fridge,0.9999955317128698
23560.0,23569.8,True,fridge,0.9999955317128725
23565.0,23574.8,True,fridge,0.9999955600091461
23570.0,23579.8,True,fridge,0.9999955338799551
23575.0,23584.8,True,fridge,0.9999955338875106
23580.0,23589.8,True,fridge,0.9999955338858308
23585.0,23594.8,True,fridge,0.9999955317128807
23590.0,23599.8,True,fridge,0.9999955056275748
23595.0,23604.8,True,pc,0.6857742254934606
23600.0,23609.8,True,pc,0.6857742191016614
23605.0,23614.8,True,pc,0.6857742191068201
23610.0,23619.8,True,pc,0.6857742247403752
23615.0,23624.8,True,pc,0.6857742202630572
23620.0,23629.8,True,pc,0.6857742205222117
23625.0,23634.8,True,pc,0.6857742192831644
23630.0,23639.8,True,pc,0.6857742193608167
23635.0,23644.8,True,pc,0.68577421910166
23640.0,23649.8,True,pc,0.685774219360812
23645.0,23654.8,True,pc,0.6857742249994698
23650.0,23659.8,True,pc,0.6857742247403749
23655.0,23664.8,True,pc,0.6857742213997776
23660.0,23669.8,True,pc,0.6857742190119595
23665.0,23674.8,True,pc,0.6857742324525313
23670.0,23679.8,True,pc,0.6857742220746577
23675.0,23684.8,True,pc,0.685774219101662
23680.0,23689.8,True,pc,0.6857742324525895
23685.0,23694.8,True,pc,0.6857742254934037
23690.0,23699.8,True,pc,0.6857742198547465
23695.0,23704.8,True,pc,0.6857742191016609
23700.0,23709.8,True,pc,0.6857742249995286
23705.0,23714.8,True,pc,0.6857742198547453
23710.0,23719.8,True,pc,0.6857742167593247
23715.0,23724.8,True,pc,0.6857742254934611
23720.0,23729.8,True,pc,0.685774224745533
23725.0,23734.8,True,pc,0.6857742324525893
23730.0,23739.8,True,pc,0.6857742219052041
23735.0,23744.8,True,pc,0.6857742215291752
23740.0,23749.8,True,pc,0.6857742265338242
23745.0,23754.8,True,pc,0.6857742254586324
23750.0,23759.8,True,pc,0.6857742191068197
23755.0,23764.8,True,pc,0.6857742202975178
23760.0,23769.8,True,fridge,0.9828828846436617
23765.0,23774.8,True,pc,0.6857742191068189
23770.0,23779.8,True,pc,0.6857742198547456
23775.0,23784.8,True,pc,0.685774212217298
23780.0,23789.8,False,off,
23785.0,23794.8,True,pc,0.6821770983097515
23790.0,23799.8,True,pc,0.6857742265338244
23795.0,23804.8,True,pc,0.6857742191016593
23800.0,23809.8,True,fridge,0.9828828848394504
23805.0,23814.8,False,off,
23810.0,23819.8,True,fridge,0.9828829101184609
23815.0,23824.8,True,pc,0.6857742254934608
23820.0,23829.8,True,pc,0.6857742250943881
23825.0,23834.8,True,pc,0.6857742254586897
23830.0,23839.8,True,pc,0.685774219101662
23835.0,23844.8,True,pc,0.6857742219052076
23840.0,23849.8,True,pc,0.6857742265338835
23845.0,23854.8,True,pc,0.6857742324525313
23850.0,23859.8,True,pc,0.685774219854745
23855.0,23864.8,True,pc,0.6857742199496062
23860.0,23869.8,True,pc,0.6857742250943881
23865.0,23874.8,True,pc,0.685774219819974
23870.0,23879.8,True,pc,0.6857742250943881
23875.0,23884.8,True,pc,0.6857742265338254
23880.0,23889.8,True,pc,0.6857742122172993
23885.0,23894.8,True,fridge,0.9828828828296048
23890.0,23899.8,True,pc,0.6857742248935864
23895.0,23904.8,True,fridge,0.9828828846436617
23900.0,23909.8,True,pc,0.6857742209145747
23905.0,23914.8,True,pc,0.6857742209813737
23910.0,23919.8,True,fridge,0.9828828620268507
23915.0,23924.8,True,pc,0.6857742250943892
23920.0,23929.8,True,pc,0.685774225458633
23925.0,23934.8,True,pc,0.6857742255883215
23930.0,23939.8,True,pc,0.6857742269984415
23935.0,23944.8,False,off,
23940.0,23949.8,True,pc,0.6857742250630385
23945.0,23954.8,True,pc,0.6857742220303932
23950.0,23959.8,True,fridge,0.9828828848394491
23955.0,23964.8,True,pc,0.6857742194556751
23960.0,23969.8,True,pc,0.6857742199496081
23965.0,23974.8,True,pc,0.6857742194556755
23970.0,23979.8,True,pc,0.6857742191068201
23975.0,23984.8,True,pc,0.685774226813881
23980.0,23989.8,True,pc,0.6857742211110042
23985.0,23994.8,True,pc,0.6857742212685858
23990.0,23999.8,True,fridge,0.98288288483945
23995.0,24004.8,True,pc,0.6857742255883205
24000.0,24009.8,True,pc,0.6857742255883208
24005.0,24014.8,True,fridge,0.9828828620268507
24010.0,24019.8,True,pc,0.6857742188945821
24015.0,24024.8,True,fridge,0.9828828848394399
24020.0,24029.8,True,pc,0.6857742219052062
24025.0,24034.8,True,pc,0.6857742122173573
24030.0,24039.8,True,pc,0.685774226998442
24035.0,24044.8,True,pc,0.6857742268138822
24040.0,24049.8,True,pc,0.6857742191016659
24045.0,24054.8,True,pc,0.6857742220746611
24050.0,24059.8,True,fridge,0.982882861927053
24055.0,24064.8,True,fridge,0.9828828620265908
24060.0,24069.8,True,pc,0.6857742123867526
24065.0,24074.8,False,off,
24070.0,24079.8,True,fridge,0.9828828620268507
24075.0,24084.8,True,pc,0.6857742062287054
24080.0,24089.8,True,fridge,0.9828828620268507
24085.0,24094.8,True,fridge,0.9828828614460883
24090.0,24099.8,True,fridge,0.9828828615857571
24095.0,24104.8,False,off,
24100.0,24109.8,True,fridge,0.9828828619270588
24105.0,24114.8,True,pc,0.6857742123319794
24110.0,24119.8,True,fridge,0.9828828620268509
24115.0,24124.8,True,pc,0.6857742123868107
24120.0,24129.8,True,fridge,0.9828828620268463
24125.0,24134.8,True,fridge,0.9828828848394388
24130.0,24139.8,True,pc,0.685774219949606
24135.0,24144.8,True,fridge,0.982882910118464
24140.0,24149.8,True,pc,0.6857742191068199
24145.0,24154.8,True,fridge,0.9828828848394491
24150.0,24159.8,True,fridge,0.982882862026586
24155.0,24164.8,True,pc,0.6857742224440739
24160.0,24169.8,True,pc,0.6857742251579158
24165.0,24174.8,True,fridge,0.9999940329564924
24170.0,24179.8,True,baseload,0.26952365348550095
24175.0,24184.8,True,pv,0.9999999224859679
24180.0,24189.8,True,pv,0.9999999224598157
24185.0,24194.8,True,baseload,0.2685821446471723
24190.0,24199.8,True,pv,0.9999999223821168
24195.0,24204.8,True,pv,0.9999999223821159
24200.0,24209.8,True,pv,0.9999999224707925
24205.0,24214.8,True,baseload,0.2691745656494937
24210.0,24219.8,True,pv,0.9999999223821159
24215.0,24224.8,True,pv,0.9999999224707925
24220.0,24229.8,True,pv,0.9999999224707932
24225.0,24234.8,True,pv,0.9999999223821159
24230.0,24239.8,True,pv,0.9999999224595313
24235.0,24244.8,True,pv,0.9999999224859679
24240.0,24249.8,True,baseload,0.26917456282944563
24245.0,24254.8,True,pv,0.9999999224595311
24250.0,24259.8,True,pv,0.9999999223821159
24255.0,24264.8,True,baseload,0.26917456378966315
24260.0,24269.8,True,pv,0.9999999225746461
24265.0,24274.8,True,pv,0.9999999225746461
24270.0,24279.8,True,pv,0.9999999225213394
24275.0,24284.8,True,pv,0.9999999223821159
24280.0,24289.8,True,pv,0.9999999223821159
24285.0,24294.8,True,pv,0.9999999224595313
24290.0,24299.8,True,pv,0.9999999224598128
24295.0,24304.8,True,pv,0.9999999224707932
24300.0,24309.8,True,baseload,0.26917456576310783
24305.0,24314.8,True,pv,0.9999999223821159
24310.0,24319.8,True,baseload,0.26858214445625367
24315.0,24324.8,True,baseload,0.2685821388753987
24320.0,24329.8,True,pv,0.9999999224859673
24325.0,24334.8,True,pv,0.9999999224859673
24330.0,24339.8,True,baseload,0.2697167195294403
24335.0,24344.8,True,baseload,0.269174559056227
24340.0,24349.8,True,baseload,0.26917455998347906
24345.0,24354.8,True,pv,0.9999999224707918
24350.0,24359.8,True,pv,0.9999999223821152
24355.0,24364.8,True,pv,0.9999999224572331
24360.0,24369.8,True,pv,0.9999999224859673
24365.0,24374.8,True,pv,0.9999999224598151
24370.0,24379.8,True,pv,0.9999999224326528
24375.0,24384.8,True,pv,0.999999922548209
24380.0,24389.8,True,baseload,0.26952364871367424
24385.0,24394.8,True,pv,0.9999999225746456
24390.0,24399.8,True,pv,0.9999999224598122
24395.0,24404.8,True,pv,0.9999999224595302
24400.0,24409.8,True,pv,0.9999999224708758
24405.0,24414.8,True,baseload,0.26858213827020455
24410.0,24419.8,True,pv,0.9999999224595306
24415.0,24424.8,True,pv,0.9999999224595306
24420.0,24429.8,True,pv,0.9999999224595302
24425.0,24434.8,True,pv,0.9999999224326528
24430.0,24439.8,True,pv,0.9999999225213387
24435.0,24444.8,True,pv,0.9999999223822
24440.0,24449.8,True,baseload,0.269174559056227
24445.0,24454.8,True,pv,0.9999999223821152
24450.0,24459.8,True,pv,0.9999999223821152
24455.0,24464.8,True,pv,0.9999999224598151
24460.0,24469.8,True,baseload,0.2691747939521275
24465.0,24474.8,True,baseload,0.2685821382715235
24470.0,24479.8,True,pv,0.9999999224859673
24475.0,24484.8,True,pv,0.9999999224326528
24480.0,24489.8,True,pv,0.9999999223821157
24485.0,24494.8,True,pv,0.9999999223821159
24490.0,24499.8,True,pv,0.9999999224707925
24495.0,24504.8,True,baseload,0.2685823711865753
24500.0,24509.8,True,baseload,0.2685823720792045
24505.0,24514.8,True,pv,0.9999999225484903
24510.0,24519.8,True,pv,0.9999999225140195
24515.0,24524.8,True,pv,0.9999999225746456
24520.0,24529.8,True,pv,0.9999999223821152
24525.0,24534.8,True,pv,0.9999999223821152
24530.0,24539.8,True,pv,0.9999999223821152
24535.0,24544.8,True,baseload,0.2685821393171215
24540.0,24549.8,True,pv,0.9999999223821157
24545.0,24554.8,True,pv,0.9999999224326528
24550.0,24559.8,True,pv,0.999999922514019
24555.0,24564.8,True,pv,0.999999922514019
24560.0,24569.8,True,pv,0.9999999225482081
24565.0,24574.8,True,pv,0.9999999224595306
24570.0,24579.8,True,pv,0.9999999223821152
24575.0,24584.8,True,baseload,0.26858213931743613
24580.0,24589.8,True,pv,0.9999999223821152
24585.0,24594.8,True,pv,0.9999999224326528
24590.0,24599.8,True,pv,0.9999999223821157
24595.0,24604.8,True,baseload,0.26858213973643535
24600.0,24609.8,True,pv,0.9999999223821157
24605.0,24614.8,True,baseload,0.2685821376103734
24610.0,24619.8,True,baseload,0.2689301979518522
24615.0,24624.8,True,baseload,0.26858237057634243
24620.0,24629.8,True,baseload,0.26858237406774355
24625.0,24634.8,True,pv,0.9999999225746452
24630.0,24639.8,True,pv,0.9999999224595302
24635.0,24644.8,True,pv,0.9999999224595302
24640.0,24649.8,True,pv,0.9999999225482086
24645.0,24654.8,True,baseload,0.2691745573323912
24650.0,24659.8,True,baseload,0.26917455841403864
24655.0,24664.8,True,pv,0.9999999223821152
24660.0,24669.8,True,baseload,0.2695236487300937
24665.0,24674.8,True,pv,0.9999999223821157
24670.0,24679.8,True,baseload,0.26858213973643535
24675.0,24684.8,True,pv,0.9999999224859673
24680.0,24689.8,True,pv,0.9999999225746468
24685.0,24694.8,True,pv,0.9999999224859673
24690.0,24699.8,True,pv,0.9999999225746452
24695.0,24704.8,True,pv,0.9999999223821157
24700.0,24709.8,True,baseload,0.26858213973643535
24705.0,24714.8,True,pv,0.9999999223822005
24710.0,24719.8,True,baseload,0.268322692676281
24715.0,24724.8,True,pv,0.9999999224859673
24720.0,24729.8,True,pv,0.9999999225484917
24725.0,24734.8,True,pv,0.99999992245953
24730.0,24739.8,True,pv,0.9999999225213394
24735.0,24744.8,True,pv,0.9999999224859668
24740.0,24749.8,True,pv,0.9999999223821152
24745.0,24754.8,True,baseload,0.26858237133147944
24750.0,24759.8,True,pv,0.9999999223822005
24755.0,24764.8,True,pv,0.9999999224326535
24760.0,24769.8,True,pv,0.9999999224326535
24765.0,24774.8,True,pv,0.999999922514019
24770.0,24779.8,True,pv,0.9999999222885341
24775.0,24784.8,True,pv,0.9999999223772111
24780.0,24789.8,True,pv,0.99999992245953
24785.0,24794.8,True,pv,0.9999999225459186
24790.0,24799.8,True,pv,0.9999999225213394
24795.0,24804.8,True,pv,0.9999999223821154
24800.0,24809.8,True,baseload,0.269174559056227
24805.0,24814.8,True,pv,0.9999999223772111
24810.0,24819.8,True,baseload,0.2685823743664904
24815.0,24824.8,True,pv,0.9999999223821152
24820.0,24829.8,True,baseload,0.26917455860507983
24825.0,24834.8,True,baseload,0.2685821386749572
24830.0,24839.8,True,pv,0.9999999223821134
24835.0,24844.8,True,baseload,0.2695236447155911
24840.0,24849.8,True,pv,0.9999999224595288
24845.0,24854.8,True,pv,0.9999999224595293
24850.0,24859.8,True,pv,0.9999999223821991
24855.0,24864.8,True,baseload,0.2691747909597257
24860.0,24869.8,True,baseload,0.26832268865618664
24865.0,24874.8,True,baseload,0.2691747909597257
24870.0,24879.8,True,pv,0.9999999224598106
24875.0,24884.8,True,pv,0.9999999224859659
24880.0,24889.8,True,baseload,0.26893019391507605
24885.0,24894.8,True,baseload,0.268582134288342
24890.0,24899.8,True,baseload,0.26917455331276813
24895.0,24904.8,True,pv,0.9999999223821132
24900.0,24909.8,True,pv,0.9999999223821148
24905.0,24914.8,True,pv,0.999999922382115
24910.0,24919.8,True,pv,0.9999999224859664
24915.0,24924.8,True,baseload,0.26952364321650824
24920.0,24929.8,True,baseload,0.26917455288150277
24925.0,24934.8,True,pv,0.9999999224598111
24930.0,24939.8,True,pv,0.9999999224859648
24935.0,24944.8,True,pv,0.9999999225213363
24940.0,24949.8,True,pv,0.9999999224326503
24945.0,24954.8,True,pv,0.9999999224595266
24950.0,24959.8,True,pv,0.9999999224595282
24955.0,24964.8,True,pv,0.9999999225746445
24960.0,24969.8,True,pv,0.9999999224859648
24965.0,24974.8,True,pv,0.9999999224859648
24970.0,24979.8,True,pv,0.9999999224598113
24975.0,24984.8,True,pv,0.9999999225746445
24980.0,24989.8,True,baseload,0.2691745535276999
24985.0,24994.8,True,pv,0.9999999223821145
24990.0,24999.8,True,pv,0.9999999224598095
24995.0,25004.8,True,pv,0.9999999225484895
25000.0,25009.8,True,pv,0.9999999225746445
25005.0,25014.8,True,baseload,0.2691745530749144
25010.0,25019.8,True,pv,0.9999999223821134
25015.0,25024.8,True,pv,0.9999999224707916
25020.0,25029.8,True,baseload,0.2691745535236911
25025.0,25034.8,True,pv,0.9999999223821134
25030.0,25039.8,True,baseload,0.2683226864039606
25035.0,25044.8,True,pv,0.9999999223822
25040.0,25049.8,True,baseload,0.2691745535276999
25045.0,25054.8,True,pv,0.999999922382115
25050.0,25059.8,True,pv,0.9999999224707916
25055.0,25064.8,True,pv,0.9999999224859648
25060.0,25069.8,True,pv,0.9999999224859664
25065.0,25074.8,True,baseload,0.26917455182187294
25070.0,25079.8,True,baseload,0.26917455182023453
25075.0,25084.8,True,pv,0.9999999224859648
25080.0,25089.8,True,pv,0.9999999224326501
25085.0,25094.8,True,pv,0.9999999224598111
25090.0,25099.8,True,pv,0.9999999223821128
25095.0,25104.8,True,baseload,0.2691745528855117
25100.0,25109.8,True,pv,0.9999999223821145
25105.0,25114.8,True,baseload,0.2691745535293384
25110.0,25119.8,True,baseload,0.2685821333471885
25115.0,25124.8,True,pv,0.9999999223821128
25120.0,25129.8,True,pv,0.9999999223821145
25125.0,25134.8,True,pv,0.9999999223821128
25130.0,25139.8,True,baseload,0.2695236432205261
25135.0,25144.8,True,pv,0.9999999224859664
25140.0,25149.8,True,pv,0.9999999224598111
25145.0,25154.8,True,pv,0.9999999224595295
25150.0,25159.8,True,baseload,0.2695236432205261
25155.0,25164.8,True,pv,0.9999999223821134
25160.0,25169.8,True,pv,0.9999999224598111
25165.0,25174.8,True,pv,0.9999999225484892
25170.0,25179.8,True,pv,0.9999999225746445
25175.0,25184.8,True,baseload,0.2691745535276999
25180.0,25189.8,True,baseload,0.26858213379562096
25185.0,25194.8,True,pv,0.9999999224859664
25190.0,25199.8,True,pv,0.9999999224859664
25195.0,25204.8,True,pv,0.9999999225746445
25200.0,25209.8,True,pv,0.9999999224859664
25205.0,25214.8,True,pv,0.999999922459814
25210.0,25219.8,True,pv,0.9999999224595297
25215.0,25224.8,True,pv,0.9999999224598111
25220.0,25229.8,True,pv,0.9999999224859664
25225.0,25234.8,True,baseload,0.2695236433210855
25230.0,25239.8,True,baseload,0.269523643290665
25235.0,25244.8,True,pv,0.9999999223821143
25240.0,25249.8,True,baseload,0.26858213379962687
25245.0,25254.8,True,baseload,0.26917455252651157
25250.0,25259.8,True,baseload,0.2691745525278351
25255.0,25264.8,True,pv,0.999999922382115
25260.0,25269.8,True,pv,0.999999922459814
25265.0,25274.8,True,pv,0.9999999223821145
25270.0,25279.8,True,baseload,0.26858236779510336
25275.0,25284.8,True,pv,0.9999999224708747
25280.0,25289.8,True,pv,0.9999999224707914
25285.0,25294.8,True,baseload,0.2691745535290235
25290.0,25299.8,True,baseload,0.26858213379962687
25295.0,25304.8,True,pv,0.9999999224598111
25300.0,25309.8,True,pv,0.9999999225484892
25305.0,25314.8,True,pv,0.9999999225482064
25310.0,25319.8,True,pv,0.9999999224326499
25315.0,25324.8,True,pv,0.9999999224595293
25320.0,25329.8,True,pv,0.9999999224595295
25325.0,25334.8,True,pv,0.9999999224595295
25330.0,25339.8,True,pv,0.9999999224598111
25335.0,25344.8,True,pv,0.9999999224598142
25340.0,25349.8,True,baseload,0.2685821338202071
25345.0,25354.8,True,baseload,0.2685821338202071
25350.0,25359.8,True,baseload,0.269523643290665
25355.0,25364.8,True,pv,0.9999999224598111
25360.0,25369.8,True,pv,0.9999999223821141
25365.0,25374.8,True,baseload,0.2691745540496877
25370.0,25379.8,True,baseload,0.2685821347425881
25375.0,25384.8,True,pv,0.9999999223821145
25380.0,25389.8,True,baseload,0.2697207013080289
25385.0,25394.8,True,pv,0.9999999224859661
25390.0,25399.8,True,pv,0.9999999224859664
25395.0,25404.8,True,baseload,0.2697167140880179
25400.0,25409.8,True,baseload,0.2691745536301147
25405.0,25414.8,True,baseload,0.2691747755943859
25410.0,25419.8,True,pv,0.9999999223821994
25415.0,25424.8,True,pv,0.9999999223821152
25420.0,25429.8,True,pv,0.9999999223821145
25425.0,25434.8,True,pv,0.9999999225482079
25430.0,25439.8,True,pv,0.9999999224859661
25435.0,25444.8,True,baseload,0.26858213336776887
25440.0,25449.8,True,baseload,0.2685821338202071
25445.0,25454.8,True,pv,0.9999999225746445
25450.0,25459.8,True,pv,0.9999999224859664
25455.0,25464.8,True,pv,0.9999999223821145
25460.0,25469.8,True,baseload,0.269174541003067
25465.0,25474.8,True,pv,0.9999999223821148
25470.0,25479.8,True,pv,0.9999999223772089
25475.0,25484.8,True,baseload,0.2665372143962189
25480.0,25489.8,True,pv,0.9999999223821996
25485.0,25494.8,True,baseload,0.26893019244355526
25490.0,25499.8,True,baseload,0.26893019244355526
25495.0,25504.8,True,baseload,0.26917454134060004
25500.0,25509.8,True,baseload,0.269174541003067
25505.0,25514.8,True,baseload,0.2685821338202071
25510.0,25519.8,True,baseload,0.26858213305825934
25515.0,25524.8,True,pv,0.999999922382115
25520.0,25529.8,True,pv,0.9999999224595291
25525.0,25534.8,True,pv,0.9999999223821145
25530.0,25539.8,True,baseload,0.26917454187411927
25535.0,25544.8,True,pv,0.9999999225484892
25540.0,25549.8,True,pv,0.999999922470791
25545.0,25554.8,True,baseload,0.2691745410014285
25550.0,25559.8,True,pv,0.9999999223821141
25555.0,25564.8,True,pv,0.9999999224595297
25560.0,25569.8,True,pv,0.9999999224859661
25565.0,25574.8,True,pv,0.9999999223821145
25570.0,25579.8,True,pv,0.9999999223821141
25575.0,25584.8,True,pv,0.999999922470791
25580.0,25589.8,True,baseload,0.26917477635043163
25585.0,25594.8,True,baseload,0.26653721439769684
25590.0,25599.8,True,pv,0.9999999216395715
25595.0,25604.8,True,pv,0.9999999222885332
25600.0,25609.8,True,baseload,0.26624315683752525
25605.0,25614.8,True,pv,0.9999999223821991
25610.0,25619.8,True,pv,0.9999999224326499
25615.0,25624.8,True,pv,0.9999999224595295
25620.0,25629.8,True,pv,0.9999999224595295
25625.0,25634.8,True,pv,0.9999999223821141
25630.0,25639.8,True,pv,0.9999999223821141
25635.0,25644.8,True,pv,0.9999999223821141
25640.0,25649.8,True,pv,0.999999922382115
25645.0,25654.8,True,pv,0.9999999223821141
25650.0,25659.8,True,baseload,0.26917453974807226
25655.0,25664.8,True,pv,0.9999999223821141
25660.0,25669.8,True,pv,0.9999999223821141
25665.0,25674.8,True,pv,0.999999922382115
25670.0,25679.8,True,pv,0.9999999223821145
25675.0,25684.8,True,pv,0.9999999222885332
25680.0,25689.8,True,baseload,0.26624315683351396
25685.0,25694.8,True,baseload,0.26678640311588575
25690.0,25699.8,True,fridge,0.9999857969808972
25695.0,25704.8,True,fridge,0.3003402513109768
25700.0,25709.8,True,fridge,0.2844106063345862
25705.0,25714.8,True,fridge,0.2570970007398936
25710.0,25719.8,True,baseload,0.19387676431682646
25715.0,25724.8,True,baseload,0.19387675216754288
25720.0,25729.8,True,baseload,0.19387676425838893
25725.0,25734.8,True,baseload,0.19362573012982334
25730.0,25739.8,True,baseload,0.1872301930451137
25735.0,25744.8,True,baseload,0.1881020582939335
25740.0,25749.8,True,baseload,0.18923994201657593
25745.0,25754.8,True,fridge,0.43689039871235436
25750.0,25759.8,True,baseload,0.18723017434383743
25755.0,25764.8,True,baseload,0.1936257245144791
25760.0,25769.8,True,baseload,0.19387675225965437
25765.0,25774.8,True,baseload,0.19387673682560871
25770.0,25779.8,True,baseload,0.19537171605827422
25775.0,25784.8,True,baseload,0.19387675449803984
25780.0,25789.8,True,baseload,0.1936257147638108
25785.0,25794.8,True,baseload,0.18757675090743156
25790.0,25799.8,True,baseload,0.18810206795807644
25795.0,25804.8,True,baseload,0.18679687527813466
25800.0,25809.8,True,baseload,0.18550785037359527
25805.0,25814.8,True,baseload,0.188494827272186
25810.0,25819.8,True,baseload,0.18799602701402382
25815.0,25824.8,True,baseload,0.19427841036550894
25820.0,25829.8,True,baseload,0.1942784104093163
25825.0,25834.8,True,fridge,0.25731816900080345
25830.0,25839.8,True,fridge,0.3003371547839083
25835.0,25844.8,True,pc,0.22267993156157354
25840.0,25849.8,True,fridge,0.9999858207003072
25845.0,25854.8,True,fridge,0.9999844687784294
25850.0,25859.8,True,baseload,0.26882841032253735
25855.0,25864.8,True,pc,0.27055615763609253
25860.0,25869.8,True,baseload,0.26858235374651435
25865.0,25874.8,True,baseload,0.26882864242462273
25870.0,25879.8,True,fridge,0.999984934268081
25875.0,25884.8,True,pc,0.28645596209248325
25880.0,25889.8,True,baseload,0.2342154694192654
25885.0,25894.8,True,fridge,0.29061242872168025
25890.0,25899.8,True,fridge,0.2846620043551023
25895.0,25904.8,True,fridge,0.2570970404963666
25900.0,25909.8,True,baseload,0.193876736261462
25905.0,25914.8,True,baseload,0.19387674254810627
25910.0,25919.8,True,baseload,0.19416315359606054
25915.0,25924.8,True,baseload,0.19387675449803984
25920.0,25929.8,True,baseload,0.19353229055384105
25925.0,25934.8,True,baseload,0.19514881725679967
25930.0,25939.8,True,baseload,0.19482681530116516
25935.0,25944.8,True,baseload,0.19378382171543915
25940.0,25949.8,True,baseload,0.19378382774821476
25945.0,25954.8,True,baseload,0.19537171551156265
25950.0,25959.8,True,baseload,0.19536237622970043
25955.0,25964.8,True,baseload,0.19378382301885033
25960.0,25969.8,True,baseload,0.1938767362783796
25965.0,25974.8,True,baseload,0.19387675391633527
25970.0,25979.8,True,baseload,0.1936673148577556
25975.0,25984.8,True,baseload,0.18810205462516108
25980.0,25989.8,True,baseload,0.1878442100243212
25985.0,25994.8,True,baseload,0.1881867704169126
25990.0,25999.8,True,baseload,0.18689003575286717
25995.0,26004.8,True,fridge,0.18789876957287122
26000.0,26009.8,True,fridge,0.1862493470775141
26005.0,26014.8,True,fridge,0.18624934731904141
26010.0,26019.8,True,fridge,0.4383059229846761
26015.0,26024.8,True,fridge,0.18638401522321316
26020.0,26029.8,True,fridge,0.18624934542684093
26025.0,26034.8,True,fridge,0.4388764035747241
26030.0,26039.8,True,fridge,0.43830592500607374
26035.0,26044.8,True,baseload,0.18689037130030248
26040.0,26049.8,True,baseload,0.18689037207898004
26045.0,26054.8,True,baseload,0.18849485052174522
26050.0,26059.8,True,baseload,0.18762150216409168
26055.0,26064.8,True,baseload,0.193681342316785
26060.0,26069.8,True,baseload,0.19427840970404262
26065.0,26074.8,True,fridge,0.25696935813374394
26070.0,26079.8,True,fridge,0.29886861577252916
26075.0,26084.8,True,fridge,0.9999844312149752
26080.0,26089.8,True,pc,0.28475701811435467
26085.0,26094.8,True,fridge,0.3003439506639158
26090.0,26099.8,True,fridge,0.283837971339195
26095.0,26104.8,True,fridge,0.2569837321049499
26100.0,26109.8,True,baseload,0.19387675396007578
26105.0,26114.8,True,baseload,0.19565292323075636
26110.0,26119.8,True,baseload,0.19537171551156265
26115.0,26124.8,True,baseload,0.19536237742349935
26120.0,26129.8,True,baseload,0.19508173040109317
26125.0,26134.8,True,baseload,0.19536209628167175
26130.0,26139.8,True,baseload,0.19565319621141788
26135.0,26144.8,True,baseload,0.19486906162535111
26140.0,26149.8,True,baseload,0.195148816686989
26145.0,26154.8,True,baseload,0.19483263863162584
26150.0,26159.8,True,baseload,0.18885344640521645
26155.0,26164.8,True,baseload,0.18923959393032752
26160.0,26169.8,True,fridge,0.4368904995217174
26165.0,26174.8,True,baseload,0.18775752324578387
26170.0,26179.8,True,baseload,0.18810206742989963
26175.0,26184.8,True,baseload,0.18754122394197983
26180.0,26189.8,True,baseload,0.19456525896128476
26185.0,26194.8,True,fridge,0.25696950235691923
26190.0,26199.8,True,fridge,0.2837022337608049
26195.0,26204.8,True,fridge,0.99999578907024
26200.0,26209.8,True,fridge,0.9999849391465487
26205.0,26214.8,True,fridge,0.30034394879208914
26210.0,26219.8,True,fridge,0.2848505606012301
26215.0,26224.8,True,fridge,0.2570970388983122
26220.0,26229.8,True,baseload,0.1938767533425295
26225.0,26234.8,True,baseload,0.19378382705530656
26230.0,26239.8,True,baseload,0.19387674183054968
26235.0,26244.8,True,baseload,0.19387675332277285
26240.0,26249.8,True,fridge,0.25709689528484925
26245.0,26254.8,True,fridge,0.30034396718786405
26250.0,26259.8,True,fridge,0.9999857969795172
26255.0,26264.8,True,baseload,0.2673773391909767
26260.0,26269.8,True,pv,0.9999999217282504
26265.0,26274.8,True,fridge,0.9999844361004565
26270.0,26279.8,True,fridge,0.2988686186139224
26275.0,26284.8,True,fridge,0.2569693581490898
26280.0,26289.8,True,baseload,0.1942784098267211
26285.0,26294.8,True,baseload,0.19427840978291377
26290.0,26299.8,True,baseload,0.19565319850480686
26295.0,26304.8,True,baseload,0.19565292333636145
26300.0,26309.8,True,baseload,0.19565291935871948
26305.0,26314.8,True,baseload,0.1955386072858984
26310.0,26319.8,True,baseload,0.19536237630728537
26315.0,26324.8,True,baseload,0.19406995743887168
26320.0,26329.8,True,baseload,0.19536237634804707
26325.0,26334.8,True,baseload,0.1938767533425295
26330.0,26339.8,True,fridge,0.25709688085925925
26335.0,26344.8,True,fridge,0.2988686029098321
26340.0,26349.8,True,pc,0.22261818744009565
26345.0,26354.8,True,fridge,0.9999857969803563
26350.0,26359.8,True,baseload,0.26803484610165823
26355.0,26364.8,True,baseload,0.2689261819812161
26360.0,26369.8,True,baseload,0.26892618213482067
26365.0,26374.8,True,baseload,0.26858211807884486
26370.0,26379.8,True,baseload,0.26917477187435945
26375.0,26384.8,True,baseload,0.2685821170779377
26380.0,26389.8,True,baseload,0.2419004477241235
26385.0,26394.8,True,fridge,0.9999857971303654
26390.0,26399.8,True,pc,0.22087311061981887
26395.0,26404.8,True,fridge,0.2867634912383478
26400.0,26409.8,True,fridge,0.2838379870012289
26405.0,26414.8,True,fridge,0.2570970183439591
26410.0,26419.8,True,baseload,0.19378382240189534
26415.0,26424.8,True,baseload,0.1953620956684088
26420.0,26429.8,True,baseload,0.1953620993199295
26425.0,26434.8,True,baseload,0.1953620961711692
26430.0,26439.8,True,baseload,0.1953620941762691
26435.0,26444.8,True,baseload,0.1956936498998555
26440.0,26449.8,True,baseload,0.19553860640490783
26445.0,26454.8,True,baseload,0.1950817298002908
26450.0,26459.8,True,baseload,0.19536237574911094
26455.0,26464.8,True,baseload,0.19536209498966703
26460.0,26469.8,True,baseload,0.19536237489915148
26465.0,26474.8,True,baseload,0.194730608586845
26470.0,26479.8,True,baseload,0.19536237636764237
26475.0,26484.8,True,baseload,0.1941631650857397
26480.0,26489.8,True,baseload,0.1938767539360919
26485.0,26494.8,True,baseload,0.1935322899955511
26490.0,26499.8,True,baseload,0.18794730317934685
26495.0,26504.8,True,baseload,0.18810206741130234
26500.0,26509.8,True,baseload,0.18679686200035853
26505.0,26514.8,True,fridge,0.18624934759916645
26510.0,26519.8,True,fridge,0.18624934737342366
26515.0,26524.8,True,fridge,0.1878987710066456
26520.0,26529.8,True,fridge,0.18638401520497
26525.0,26534.8,True,fridge,0.43830592500607374
26530.0,26539.8,True,fridge,0.18624934537245866
26535.0,26544.8,True,baseload,0.18718753658691234
26540.0,26549.8,True,baseload,0.18849482674318324
26545.0,26554.8,True,baseload,0.1879569200979596
26550.0,26559.8,True,baseload,0.19427840974743682
26555.0,26564.8,True,baseload,0.1942784098069342
26560.0,26569.8,True,fridge,0.2569693431239691
26565.0,26574.8,True,fridge,0.2871322120043621
26570.0,26579.8,True,pc,0.22431355761642816
26575.0,26584.8,True,fridge,0.9999858350778325
26580.0,26589.8,True,pc,0.2178917679033802
26585.0,26594.8,True,baseload,0.2685823526342001
26590.0,26599.8,True,baseload,0.2821340812743103
26595.0,26604.8,True,baseload,0.2821340812095803
26600.0,26609.8,True,baseload,0.28240172897472976
26605.0,26614.8,True,pc,0.2660757124562556
26610.0,26619.8,True,baseload,0.2826757613232873
26615.0,26624.8,True,fridge,0.9999847834993874
26620.0,26629.8,True,baseload,0.22207595179208856
26625.0,26634.8,True,fridge,0.28254942206089095
26630.0,26639.8,True,fridge,0.2803831615877088
26635.0,26644.8,True,fridge,0.2538628195055982
26640.0,26649.8,True,baseload,0.20534818267869934
26645.0,26654.8,True,baseload,0.2049294617528628
26650.0,26659.8,True,baseload,0.2049656047048329
26655.0,26664.8,True,baseload,0.2059398288678857
26660.0,26669.8,True,baseload,0.2047257391457816
26665.0,26674.8,True,baseload,0.20492946139636506
26670.0,26679.8,True,baseload,0.20492946145728713
26675.0,26684.8,True,baseload,0.20456790586080761
26680.0,26689.8,True,fridge,0.25382549635439694
26685.0,26694.8,True,fridge,0.27626539762191765
26690.0,26699.8,True,baseload,0.2270396243601056
26695.0,26704.8,True,fridge,0.9999932270194261
26700.0,26709.8,True,fridge,0.9999857407137359
26705.0,26714.8,True,fridge,0.9999854636750971
26710.0,26719.8,True,baseload,0.2826557947159648
26715.0,26724.8,True,baseload,0.2824019685274173
26720.0,26729.8,True,fridge,0.9999857080322896
26725.0,26734.8,True,baseload,0.2452327979652821
26730.0,26739.8,True,fridge,0.28310598514210694
26735.0,26744.8,True,fridge,0.2538521984764718
26740.0,26749.8,True,fridge,0.20767986670298547
26745.0,26754.8,True,pc,0.37667064765604397
26750.0,26759.8,True,pc,0.38787812527261045
26755.0,26764.8,True,pc,0.38769996100787923
26760.0,26769.8,True,pc,0.38769996714620447
26765.0,26774.8,True,pc,0.388848705960093
26770.0,26779.8,True,pc,0.38074365212162276
26775.0,26784.8,True,pc,0.38141689492997016
26780.0,26789.8,True,pc,0.37498162015558884
26785.0,26794.8,True,pc,0.3813310300358348
26790.0,26799.8,True,pc,0.3812644302534129
26795.0,26804.8,True,pc,0.9945027337170815
26800.0,26809.8,True,pc,0.999996158633359
26805.0,26814.8,True,fridge,0.6201505791889558
26810.0,26819.8,True,pc,0.6857692410051931
26815.0,26824.8,True,pc,0.6857742194164175
26820.0,26829.8,True,pc,0.6857742251171557
26825.0,26834.8,True,pc,0.6857742202033877
26830.0,26839.8,True,pc,0.6857742193780222
26835.0,26844.8,True,pc,0.6857742209900283
26840.0,26849.8,True,pc,0.6857742209900283
26845.0,26854.8,True,pc,0.685774219949608
26850.0,26859.8,True,pc,0.6857742247403744
26855.0,26864.8,True,pc,0.6857742202630573
26860.0,26869.8,True,pc,0.6857692074090173
26865.0,26874.8,True,pc,0.6857692129529986
26870.0,26879.8,True,pc,0.6857692082802682
26875.0,26884.8,True,pc,0.6857692219097723
26880.0,26889.8,True,fridge,0.6088442981551542
26885.0,26894.8,True,fridge,0.6143905526234726
26890.0,26899.8,True,fridge,0.6143905563400515
26895.0,26904.8,True,fridge,0.6143905563400497
26900.0,26909.8,True,fridge,0.6143908600290261
26905.0,26914.8,True,pc,0.9999990826143206
26910.0,26919.8,True,pc,0.9999991921278223
26915.0,26924.8,True,pc,0.9999956253923191
26920.0,26929.8,True,pc,0.9999961524993088
26925.0,26934.8,True,pc,0.9999960762875445
26930.0,26939.8,True,fridge,0.587727196957242
26935.0,26944.8,True,fridge,0.9828828371621648
26940.0,26949.8,True,fridge,0.9828828371621648
26945.0,26954.8,True,fridge,0.982882836648304
26950.0,26959.8,True,fridge,0.98288283664829
26955.0,26964.8,True,fridge,0.9828828371621711
26960.0,26969.8,True,fridge,0.9828828370206488
26965.0,26974.8,True,fridge,0.9828828371621684
26970.0,26979.8,True,fridge,0.9828828371621511
26975.0,26984.8,True,fridge,0.9828828369663766
26980.0,26989.8,True,fridge,0.9828828240219002
26985.0,26994.8,True,fridge,0.9828828234373533
26990.0,26999.8,True,fridge,0.9828828371621713
26995.0,27004.8,True,fridge,0.9828828371621711
27000.0,27009.8,True,fridge,0.9828828346266909
27005.0,27014.8,True,fridge,0.9828828368982861
27010.0,27019.8,True,fridge,0.9828828619270779
27015.0,27024.8,True,fridge,0.9828828619270779
27020.0,27029.8,True,fridge,0.9828828619270779
27025.0,27034.8,True,fridge,0.982882862441198
27030.0,27039.8,True,fridge,0.9828828619273376
27035.0,27044.8,True,fridge,0.9828828619273376
27040.0,27049.8,True,fridge,0.9828828619273347
27045.0,27054.8,True,fridge,0.982882836648304
27050.0,27059.8,True,fridge,0.9828828371621711
27055.0,27064.8,True,fridge,0.982882837020643
27060.0,27069.8,True,fridge,0.9828828371621626
27065.0,27074.8,True,fridge,0.9828828371621648
27070.0,27079.8,True,fridge,0.9828828371621711
27075.0,27084.8,True,fridge,0.9828828371621562
27080.0,27089.8,True,fridge,0.9828828371621648
27085.0,27094.8,True,fridge,0.9828828371621711
27090.0,27099.8,True,fridge,0.982882862441198
27095.0,27104.8,True,fridge,0.9828828624411985
27100.0,27109.8,True,fridge,0.9828828371621646
27105.0,27114.8,True,fridge,0.9828828371621684
27110.0,27119.8,True,fridge,0.9828828366483104
27115.0,27124.8,True,fridge,0.9828828371621573
27120.0,27129.8,True,fridge,0.9828828371621748
27125.0,27134.8,True,fridge,0.9828828371621648
27130.0,27139.8,True,fridge,0.9828828371621711
27135.0,27144.8,True,fridge,0.9828828371621711
27140.0,27149.8,True,fridge,0.9828828371621621
27145.0,27154.8,True,fridge,0.982882836648301
27150.0,27159.8,True,fridge,0.9828828371621646
27155.0,27164.8,True,fridge,0.9828828371621571
27160.0,27169.8,True,fridge,0.9828828371621711
27165.0,27174.8,True,fridge,0.9828828370714993
27170.0,27179.8,True,fridge,0.9828828366483108
27175.0,27184.8,True,fridge,0.9828828370206488
27180.0,27189.8,True,fridge,0.9828828366483142
27185.0,27194.8,True,fridge,0.9828828370714993
27190.0,27199.8,True,fridge,0.982882837162149
27195.0,27204.8,True,fridge,0.982882837162149
27200.0,27209.8,True,fridge,0.9828828371621626
27205.0,27214.8,True,fridge,0.9828828371621706
27210.0,27219.8,True,fridge,0.9828828615857815
27215.0,27224.8,True,fridge,0.9828828619270749
27220.0,27229.8,True,fridge,0.9828828371621711
27225.0,27234.8,True,fridge,0.9828828624411983
27230.0,27239.8,True,fridge,0.9828828624411985
27235.0,27244.8,True,fridge,0.9828828366482967
27240.0,27249.8,True,fridge,0.9828828619273379
27245.0,27254.8,True,fridge,0.982882836648304
27250.0,27259.8,True,fridge,0.9828828371621646
27255.0,27264.8,True,fridge,0.9828828366482937
27260.0,27269.8,True,fridge,0.9828828371621711
27265.0,27274.8,True,fridge,0.9828828624411985
27270.0,27279.8,True,fridge,0.9828828371621663
27275.0,27284.8,True,fridge,0.9828828368982859
27280.0,27289.8,True,fridge,0.9828828370206409
27285.0,27294.8,True,fridge,0.9828828366483016
27290.0,27299.8,True,fridge,0.9828828371621711
27295.0,27304.8,True,fridge,0.9828828371621626
27300.0,27309.8,True,fridge,0.9828828366483172
27305.0,27314.8,True,fridge,0.9828828371621644
27310.0,27319.8,True,fridge,0.9791286831045576
27315.0,27324.8,True,pv,0.9999999331388292
27320.0,27329.8,True,baseload,0.21831683291936238
27325.0,27334.8,True,pv,0.9999999286761292
27330.0,27339.8,True,pv,0.9999999286761296
27335.0,27344.8,True,pv,0.9999999288293258
27340.0,27349.8,True,pv,0.999999928671139
27345.0,27354.8,True,baseload,0.21776892396037706
27350.0,27359.8,True,pv,0.9999999286761292
27355.0,27364.8,True,pv,0.9999999287621684
27360.0,27369.8,True,pv,0.999999928676129
27365.0,27374.8,True,pv,0.9999999286760453
27370.0,27379.8,True,pv,0.9999999287624501
27375.0,27384.8,True,pv,0.9999999287823012
27380.0,27389.8,True,pv,0.9999999287823009
27385.0,27394.8,True,pv,0.9999999287823012
27390.0,27399.8,True,pv,0.9999999287823009
27395.0,27404.8,True,pv,0.9999999286760446
27400.0,27409.8,True,pv,0.9999999286761292
27405.0,27414.8,True,pv,0.999999928676129
27410.0,27419.8,True,baseload,0.21854233205157944
27415.0,27424.8,True,pv,0.9999999286760448
27420.0,27429.8,True,pv,0.9999999286760439
27425.0,27434.8,True,pv,0.9999999287621688
27430.0,27439.8,True,pv,0.9999999286760453
27435.0,27444.8,True,baseload,0.21854253546853392
27440.0,27449.8,True,pv,0.9999999286760444
27445.0,27454.8,True,pv,0.9999999287624532
27450.0,27459.8,True,pv,0.9999999287621688
27455.0,27464.8,True,pv,0.9999999287823014
27460.0,27469.8,True,pv,0.9999999287823012
27465.0,27474.8,True,baseload,0.21854253480488264
27470.0,27479.8,True,pv,0.9999999285824634
27475.0,27484.8,True,pv,0.9999999287406407
27480.0,27489.8,True,pv,0.9999999287823012
27485.0,27494.8,True,pv,0.9999999286760444
27490.0,27499.8,True,baseload,0.21776892350133417
27495.0,27504.8,True,baseload,0.21854233210997626
27500.0,27509.8,True,baseload,0.2185423314475732
27505.0,27514.8,True,pv,0.9999999287823012
27510.0,27519.8,True,pv,0.9999999286760441
27515.0,27524.8,True,pv,0.9999999286760444
27520.0,27529.8,True,pv,0.9999999287823014
27525.0,27534.8,True,pv,0.9999999286760439
27530.0,27539.8,True,pv,0.9999999286760444
27535.0,27544.8,True,pv,0.9999999286760439
27540.0,27549.8,True,pv,0.9999999287823012
27545.0,27554.8,True,pv,0.9999999287823012
27550.0,27559.8,True,pv,0.9999999287823012
27555.0,27564.8,True,pv,0.9999999287823014
27560.0,27569.8,True,pv,0.9999999286761292
27565.0,27574.8,True,baseload,0.21854253637016782
27570.0,27579.8,True,pv,0.9999999286760448
27575.0,27584.8,True,pv,0.9999999286760448
27580.0,27589.8,True,pv,0.9999999286760446
27585.0,27594.8,True,pv,0.999999928764721
27590.0,27599.8,True,pv,0.9999999286760448
27595.0,27604.8,True,pv,0.999999928676045
27600.0,27609.8,True,baseload,0.21776892259788802
27605.0,27614.8,True,pv,0.9999999286760448
27610.0,27619.8,True,pv,0.9999999287823012
27615.0,27624.8,True,pv,0.9999999286760444
27620.0,27629.8,True,pv,0.9999999287823012
27625.0,27634.8,True,pv,0.9999999287621688
27630.0,27639.8,True,pv,0.9999999287624501
27635.0,27644.8,True,pv,0.9999999288709789
27640.0,27649.8,True,pv,0.9999999288709789
27645.0,27654.8,True,pv,0.9999999287624501
27650.0,27659.8,True,pv,0.9999999287823012
27655.0,27664.8,True,pv,0.9999999286760448
27660.0,27669.8,True,pv,0.9999999286761292
27665.0,27674.8,True,pv,0.9999999287624501
27670.0,27679.8,True,pv,0.9999999286760448
27675.0,27684.8,True,pv,0.9999999286760441
27680.0,27689.8,True,pv,0.9999999287624501
27685.0,27694.8,True,pv,0.9999999287823014
27690.0,27699.8,True,pv,0.999999928676129
27695.0,27704.8,True,pv,0.9999999286761296
27700.0,27709.8,True,pv,0.9999999286761296
27705.0,27714.8,True,pv,0.9999999286760448
27710.0,27719.8,True,pv,0.9999999286760441
27715.0,27724.8,True,pv,0.9999999288709789
27720.0,27729.8,True,pv,0.9999999286760444
27725.0,27734.8,True,pv,0.999999928676045
27730.0,27739.8,True,pv,0.999999928676129
27735.0,27744.8,True,pv,0.9999999287647212
27740.0,27749.8,True,pv,0.999999928676045
27745.0,27754.8,True,pv,0.9999999286760446
27750.0,27759.8,True,pv,0.9999999286760446
27755.0,27764.8,True,pv,0.9999999286760446
27760.0,27769.8,True,pv,0.9999999287823009
27765.0,27774.8,True,pv,0.9999999286760441
27770.0,27779.8,True,pv,0.9999999287823009
27775.0,27784.8,True,pv,0.999999928676129
27780.0,27789.8,True,baseload,0.21776892368717782
27785.0,27794.8,True,pv,0.9999999286760444
27790.0,27799.8,True,pv,0.9999999286760444
27795.0,27804.8,True,pv,0.9999999287823005
27800.0,27809.8,True,pv,0.9999999287621686
27805.0,27814.8,True,pv,0.9999999285824632
27810.0,27819.8,True,baseload,0.2175829559487339
27815.0,27824.8,True,pv,0.999999928582463
27820.0,27829.8,True,pv,0.9999999286760439
27825.0,27834.8,True,pv,0.9999999286760441
27830.0,27839.8,True,pv,0.9999999286761287
27835.0,27844.8,True,pv,0.9999999286761294
27840.0,27849.8,True,pv,0.9999999286760439
27845.0,27854.8,True,pv,0.9999999286760441
27850.0,27859.8,True,pv,0.9999999287823009
27855.0,27864.8,True,pv,0.9999999285824632
27860.0,27869.8,True,baseload,0.21776892287409738
27865.0,27874.8,True,pv,0.9999999286760441
27870.0,27879.8,True,baseload,0.2185423311571935
27875.0,27884.8,True,pv,0.9999999286760448
27880.0,27889.8,True,pv,0.9999999287621681
27885.0,27894.8,True,pv,0.9999999287823009
27890.0,27899.8,True,pv,0.9999999286760446
27895.0,27904.8,True,baseload,0.21854233032951417
27900.0,27909.8,True,baseload,0.2185423307586232
27905.0,27914.8,True,pv,0.9999999286760448
27910.0,27919.8,True,pv,0.9999999286761287
27915.0,27924.8,True,baseload,0.21776892248181776
27920.0,27929.8,True,pv,0.9999999286760441
27925.0,27934.8,True,pv,0.9999999286760446
27930.0,27939.8,True,pv,0.9999999286761287
27935.0,27944.8,True,baseload,0.21854233079100632
27940.0,27949.8,True,pv,0.9999999286760441
27945.0,27954.8,True,pv,0.9999999286760448
27950.0,27959.8,True,pv,0.9999999286760448
27955.0,27964.8,True,pv,0.9999999286760446
27960.0,27969.8,True,pv,0.9999999286760448
27965.0,27974.8,True,pv,0.9999999286760446
27970.0,27979.8,True,baseload,0.21854232929924303
27975.0,27984.8,True,pv,0.9999999286760446
27980.0,27989.8,True,pv,0.9999999287823005
27985.0,27994.8,True,pv,0.9999999286760439
27990.0,27999.8,True,baseload,0.21854253481930966
27995.0,28004.8,True,baseload,0.21754420333332372
28000.0,28009.8,True,baseload,0.21854253422493017
28005.0,28014.8,True,pv,0.9999999286761292
28010.0,28019.8,True,pv,0.9999999286760441
28015.0,28024.8,True,baseload,0.2188455914528501
28020.0,28029.8,True,pv,0.9999999287823009
28025.0,28034.8,True,pv,0.9999999287621675
28030.0,28039.8,True,pv,0.9999999286760439
28035.0,28044.8,True,pv,0.9999999286760446
28040.0,28049.8,True,pv,0.9999999287823005
28045.0,28054.8,True,pv,0.9999999285824632
28050.0,28059.8,True,baseload,0.21805789026500833
28055.0,28064.8,True,pv,0.9999999287648043
28060.0,28069.8,True,pv,0.9999999286760441
28065.0,28074.8,True,pv,0.9999999287823009
28070.0,28079.8,True,pv,0.9999999286760441
28075.0,28084.8,True,pv,0.9999999286760446
28080.0,28089.8,True,pv,0.9999999286760441
28085.0,28094.8,True,pv,0.9999999286760446
28090.0,28099.8,True,pv,0.9999999287823009
28095.0,28104.8,True,pv,0.9999999286760437
28100.0,28109.8,True,baseload,0.21854233086188415
28105.0,28114.8,True,pv,0.9999999285824632
28110.0,28119.8,True,baseload,0.21599850495119294
28115.0,28124.8,True,pv,0.9999999286761292
28120.0,28129.8,True,pv,0.9999999286760446
28125.0,28134.8,True,pv,0.9999999286760439
28130.0,28139.8,True,pv,0.9999999286760446
28135.0,28144.8,True,baseload,0.21828285226885127
28140.0,28149.8,True,pv,0.9999999286760446
28145.0,28154.8,True,pv,0.9999999287621677
28150.0,28159.8,True,pv,0.9999999287406389
28155.0,28164.8,True,pv,0.9999999287624493
28160.0,28169.8,True,pv,0.9999999287823009
28165.0,28174.8,True,pv,0.9999999286760437
28170.0,28179.8,True,pv,0.9999999287823005
28175.0,28184.8,True,pv,0.9999999286760439
28180.0,28189.8,True,pv,0.9999999286760437
28185.0,28194.8,True,pv,0.9999999286760444
28190.0,28199.8,True,pv,0.9999999286760444
28195.0,28204.8,True,pv,0.9999999286760446
28200.0,28209.8,True,pv,0.9999999287823009
28205.0,28214.8,True,pv,0.9999999287823005
28210.0,28219.8,True,pv,0.9999999286760439
28215.0,28224.8,True,pv,0.9999999288511277
28220.0,28229.8,True,pv,0.9999999285824628
28225.0,28234.8,True,baseload,0.21776912915891808
28230.0,28239.8,True,pv,0.9999999286761287
28235.0,28244.8,True,pv,0.9999999286761296
28240.0,28249.8,True,pv,0.999999928582463
28245.0,28254.8,True,baseload,0.21854253485819922
28250.0,28259.8,True,pv,0.9999999287823005
28255.0,28264.8,True,pv,0.9999999286760437
28260.0,28269.8,True,pv,0.9999999287823009
28265.0,28274.8,True,pv,0.9999999286760446
28270.0,28279.8,True,pv,0.999999928676045
28275.0,28284.8,True,pv,0.9999999286760446
28280.0,28289.8,True,pv,0.9999999286760437
28285.0,28294.8,True,pv,0.9999999286760439
28290.0,28299.8,True,pv,0.9999999286760446
28295.0,28304.8,True,pv,0.9999999286760446
28300.0,28309.8,True,pv,0.9999999286760437
28305.0,28314.8,True,pv,0.9999999287621684
28310.0,28319.8,True,pv,0.9999999287621675
28315.0,28324.8,True,pv,0.9999999287621677
28320.0,28329.8,True,pv,0.9999999286760441
28325.0,28334.8,True,pv,0.9999999286760439
28330.0,28339.8,True,baseload,0.218542330791663
28335.0,28344.8,True,pv,0.9999999286761285
28340.0,28349.8,True,baseload,0.2182830574533558
28345.0,28354.8,True,baseload,0.2185423307978268
28350.0,28359.8,True,pv,0.9999999286760439
28355.0,28364.8,True,pv,0.9999999286760439
28360.0,28369.8,True,pv,0.9999999286760437
28365.0,28374.8,True,pv,0.999999928676129
28370.0,28379.8,True,baseload,0.21776912901561704
28375.0,28384.8,True,pv,0.9999999285824628
28380.0,28389.8,True,baseload,0.2158153458704979
28385.0,28394.8,True,baseload,0.21754420360531165
28390.0,28399.8,True,pv,0.999999927933502
28395.0,28404.8,True,pv,0.9999999287647205
28400.0,28409.8,True,pv,0.9999999279335025
28405.0,28414.8,True,pv,0.9999999279335011
28410.0,28419.8,True,pv,0.9999999287823005
28415.0,28424.8,True,pv,0.9999999286760439
28420.0,28429.8,True,pv,0.9999999287823009
28425.0,28434.8,True,pv,0.999999928582463
28430.0,28439.8,True,baseload,0.21831683160707208
28435.0,28444.8,True,pv,0.9999999286761294
28440.0,28449.8,True,baseload,0.21828305738151696
28445.0,28454.8,True,pv,0.9999999286760448
28450.0,28459.8,True,baseload,0.2185423316152078
28455.0,28464.8,True,pv,0.9999999286760448
28460.0,28469.8,True,pv,0.9999999287823007
28465.0,28474.8,True,pv,0.9999999286760446
28470.0,28479.8,True,baseload,0.21854233161740516
28475.0,28484.8,True,pv,0.9999999286760448
28480.0,28489.8,True,baseload,0.2175442036093398
28485.0,28494.8,True,pv,0.9999999285824628
28490.0,28499.8,True,baseload,0.218542330791663
28495.0,28504.8,True,pv,0.9999999286760446
28500.0,28509.8,True,pv,0.9999999287823007
28505.0,28514.8,True,pv,0.9999999287823009
28510.0,28519.8,True,pv,0.9999999286760437
28515.0,28524.8,True,pv,0.9999999287823009
28520.0,28529.8,True,pv,0.999999928582463
28525.0,28534.8,True,baseload,0.2183168315729902
28530.0,28539.8,True,pv,0.999999928676129
28535.0,28544.8,True,baseload,0.21828285220496516
28540.0,28549.8,True,pv,0.9999999286761287
28545.0,28554.8,True,pv,0.9999999286761292
28550.0,28559.8,True,pv,0.9999999279335011
28555.0,28564.8,True,baseload,0.21735841452737412
28560.0,28569.8,True,pv,0.9999999286760444
28565.0,28574.8,True,pv,0.9999999286760439
28570.0,28579.8,True,pv,0.9999999286760439
28575.0,28584.8,True,pv,0.9999999286760439
28580.0,28589.8,True,pv,0.9999999286760444
28585.0,28594.8,True,pv,0.9999999286760444
28590.0,28599.8,True,pv,0.9999999287823007
28595.0,28604.8,True,pv,0.999999928582463
28600.0,28609.8,True,pv,0.9999999285824634
28605.0,28614.8,True,pv,0.9999999287823009
28610.0,28619.8,True,pv,0.9999999286760439
28615.0,28624.8,True,pv,0.9999999287823007
28620.0,28629.8,True,pv,0.9999999287823009
28625.0,28634.8,True,pv,0.9999999287823009
28630.0,28639.8,True,pv,0.9999999287621679
28635.0,28644.8,True,pv,0.9999999287624493
28640.0,28649.8,True,pv,0.9999999287823007
28645.0,28654.8,True,pv,0.9999999286760444
28650.0,28659.8,True,pv,0.9999999287823007
28655.0,28664.8,True,pv,0.9999999287624497
28660.0,28669.8,True,pv,0.9999999287624497
28665.0,28674.8,True,pv,0.9999999286760437
28670.0,28679.8,True,pv,0.9999999287823007
28675.0,28684.8,True,pv,0.9999999286760446
28680.0,28689.8,True,pv,0.999999928676129
28685.0,28694.8,True,pv,0.9999999286760444
28690.0,28699.8,True,pv,0.9999999286760437
28695.0,28704.8,True,pv,0.9999999287823012
28700.0,28709.8,True,pv,0.9999999286760441
28705.0,28714.8,True,pv,0.9999999286761294
28710.0,28719.8,True,pv,0.9999999279335033
28715.0,28724.8,True,baseload,0.2158153422541091
28720.0,28729.8,True,pv,0.9999999286760448
28725.0,28734.8,True,pv,0.9999999286760439
28730.0,28739.8,True,pv,0.9999999286760448
28735.0,28744.8,True,baseload,0.21854232557872352
28740.0,28749.8,True,pv,0.999999928676129
28745.0,28754.8,True,baseload,0.217544198877009
28750.0,28759.8,True,pv,0.9999999286761287
28755.0,28764.8,True,pv,0.9999999286760437
28760.0,28769.8,True,baseload,0.2182828470793243
28765.0,28774.8,True,baseload,0.21828284708330054
28770.0,28779.8,True,pv,0.9999999286761287
28775.0,28784.8,True,pv,0.9999999286760439
28780.0,28789.8,True,pv,0.9999999286760446
28785.0,28794.8,True,pv,0.9999999286760444
28790.0,28799.8,True,baseload,0.21828284708058834
28795.0,28804.8,True,pv,0.9999999286761287
28800.0,28809.8,True,baseload,0.2159985015056467
28805.0,28814.8,True,pv,0.9999999279335053
28810.0,28819.8,True,pv,0.9999999286760446
28815.0,28824.8,True,pv,0.9999999286760439
28820.0,28829.8,True,pv,0.9999999286760439
28825.0,28834.8,True,pv,0.9999999286760439
28830.0,28839.8,True,pv,0.9999999287823007
28835.0,28844.8,True,pv,0.9999999287823007
28840.0,28849.8,True,pv,0.9999999286760439
28845.0,28854.8,True,pv,0.9999999286760437
28850.0,28859.8,True,pv,0.9999999287823009
28855.0,28864.8,True,pv,0.9999999287621684
28860.0,28869.8,True,pv,0.9999999287823007
28865.0,28874.8,True,pv,0.9999999286760444
28870.0,28879.8,True,pv,0.9999999286760444
28875.0,28884.8,True,baseload,0.2183168269401148
28880.0,28889.8,True,pv,0.9999999279335013
28885.0,28894.8,True,baseload,0.21735840988825963
28890.0,28899.8,True,pv,0.999999928582463
28895.0,28904.8,True,pv,0.9999999287823009
28900.0,28909.8,True,pv,0.9999999287823009
28905.0,28914.8,True,pv,0.9999999286760439
28910.0,28919.8,True,pv,0.9999999286760439
28915.0,28924.8,True,pv,0.9999999286760441
28920.0,28929.8,True,pv,0.9999999287624497
28925.0,28934.8,True,pv,0.9999999286760439
28930.0,28939.8,True,pv,0.9999999286760437
28935.0,28944.8,True,pv,0.9999999286761287
28940.0,28949.8,True,pv,0.9999999286760444
28945.0,28954.8,True,pv,0.9999999286760437
28950.0,28959.8,True,pv,0.9999999286760437
28955.0,28964.8,True,pv,0.999999927933502
28960.0,28969.8,True,pv,0.9999999279335033
28965.0,28974.8,True,pv,0.9999999287621679
28970.0,28979.8,True,pv,0.9999999287621684
28975.0,28984.8,True,pv,0.9999999286760444
28980.0,28989.8,True,pv,0.9999999286760444
28985.0,28994.8,True,baseload,0.21854252941551852
28990.0,28999.8,True,pv,0.9999999286760444
28995.0,29004.8,True,pv,0.9999999287406389
29000.0,29009.8,True,pv,0.9999999286760444
29005.0,29014.8,True,pv,0.9999999286761287
29010.0,29019.8,True,pv,0.9999999286760448
29015.0,29024.8,True,pv,0.999999928676129
29020.0,29029.8,True,pv,0.9999999286761294
29025.0,29034.8,True,baseload,0.21651047411632784
29030.0,29039.8,True,baseload,0.21651047504790633
29035.0,29044.8,True,pv,0.9999999286760439
29040.0,29049.8,True,pv,0.9999999286760437
29045.0,29054.8,True,pv,0.9999999287823007
29050.0,29059.8,True,pv,0.9999999287823009
29055.0,29064.8,True,pv,0.9999999286760439
29060.0,29069.8,True,pv,0.9999999286760439
29065.0,29074.8,True,pv,0.9999999287647205
29070.0,29079.8,True,pv,0.9999999286761287
29075.0,29084.8,True,baseload,0.21805788553956035
29080.0,29089.8,True,pv,0.999999928582463
29085.0,29094.8,True,pv,0.9999999286760444
29090.0,29099.8,True,baseload,0.2177689183960089
29095.0,29104.8,True,baseload,0.21758295128152247
29100.0,29109.8,True,baseload,0.218057885535455
29105.0,29114.8,True,baseload,0.21828305265977918
29110.0,29119.8,True,pv,0.9999999286760444
29115.0,29124.8,True,pv,0.9999999287624497
29120.0,29129.8,True,pv,0.9999999286761287
29125.0,29134.8,True,pv,0.999999928582463
29130.0,29139.8,True,pv,0.9999999286760444
29135.0,29144.8,True,pv,0.9999999286760444
29140.0,29149.8,True,pv,0.9999999288507435
29145.0,29154.8,True,pv,0.9999999288507431
29150.0,29159.8,True,pv,0.9999999288507426
29155.0,29164.8,True,pv,0.9999999288507431
29160.0,29169.8,True,pv,0.9999999288507433
29165.0,29174.8,True,baseload,0.21870412586481155
29170.0,29179.8,True,pv,0.9999999288508274
29175.0,29184.8,True,pv,0.9999999288507435
29180.0,29189.8,True,pv,0.9999999288507426
29185.0,29194.8,True,pv,0.9999999288507422
29190.0,29199.8,True,pv,0.9999999288507428
29195.0,29204.8,True,baseload,0.21847808801603547
29200.0,29209.8,True,pv,0.9999999287571613
29205.0,29214.8,True,pv,0.9999999288507428
29210.0,29219.8,True,pv,0.9999999288507431
29215.0,29224.8,True,pv,0.9999999289570397
29220.0,29229.8,True,pv,0.9999999289570397
29225.0,29234.8,True,pv,0.9999999288508274
29230.0,29239.8,True,pv,0.9999999288508277
29235.0,29244.8,True,pv,0.9999999288507435
29240.0,29249.8,True,pv,0.9999999288507431
29245.0,29254.8,True,pv,0.9999999288507426
29250.0,29259.8,True,pv,0.999999928850827
29255.0,29264.8,True,baseload,0.2162282477439892
29260.0,29269.8,True,pv,0.9999999287571615
29265.0,29274.8,True,pv,0.9999999288507428
29270.0,29279.8,True,pv,0.9999999288507422
29275.0,29284.8,True,pv,0.9999999288507426
29280.0,29289.8,True,pv,0.9999999287571613
29285.0,29294.8,True,pv,0.9999999288508272
29290.0,29299.8,True,pv,0.9999999288507428
29295.0,29304.8,True,pv,0.9999999289371887
29300.0,29309.8,True,pv,0.999999928915378
29305.0,29314.8,True,pv,0.9999999289369069
29310.0,29319.8,True,pv,0.9999999287571613
29315.0,29324.8,True,pv,0.9999999287571613
29320.0,29329.8,True,pv,0.9999999288507428
29325.0,29334.8,True,pv,0.9999999288507424
29330.0,29339.8,True,pv,0.9999999289371889
29335.0,29344.8,True,pv,0.9999999289570399
29340.0,29349.8,True,pv,0.9999999288507428
29345.0,29354.8,True,pv,0.9999999288507428
29350.0,29359.8,True,pv,0.9999999288507426
29355.0,29364.8,True,baseload,0.2184780879667547
29360.0,29369.8,True,pv,0.9999999288508272
29365.0,29374.8,True,pv,0.9999999289153783
29370.0,29379.8,True,pv,0.9999999289371887
29375.0,29384.8,True,pv,0.9999999288507428
29380.0,29389.8,True,pv,0.9999999288507428
29385.0,29394.8,True,pv,0.9999999287571615
29390.0,29399.8,True,pv,0.9999999288508272
29395.0,29404.8,True,pv,0.9999999288507428
29400.0,29409.8,True,baseload,0.21870412579549273
29405.0,29414.8,True,pv,0.9999999288508272
29410.0,29419.8,True,pv,0.9999999288507426
29415.0,29424.8,True,pv,0.9999999288507422
29420.0,29429.8,True,pv,0.9999999288507428
29425.0,29434.8,True,pv,0.999999928850827
29430.0,29439.8,True,fridge,0.2980351535033675
29435.0,29444.8,True,fridge,0.99443412912159
29440.0,29449.8,True,fridge,0.9828828061284294
29445.0,29454.8,True,fridge,0.9828828374639693
29450.0,29459.8,True,fridge,0.9828828081500404
29455.0,29464.8,True,fridge,0.9828828334283012
29460.0,29469.8,True,fridge,0.9828828374639698
29465.0,29474.8,True,fridge,0.9828828375320731
29470.0,29479.8,True,fridge,0.9828828086639008
29475.0,29484.8,True,fridge,0.9828828376371899
29480.0,29489.8,True,fridge,0.9828828061284294
29485.0,29494.8,True,fridge,0.9828828377278652
29490.0,29499.8,True,fridge,0.982882837727848
29495.0,29504.8,True,fridge,0.9828828377278551
29500.0,29509.8,True,fridge,0.9828828377278616
29505.0,29514.8,True,fridge,0.9828828377278652
29510.0,29519.8,True,fridge,0.9828828081500354
29515.0,29524.8,True,fridge,0.9828828377278476
29520.0,29529.8,True,fridge,0.982882837727848
29525.0,29534.8,True,fridge,0.9828828377278478
29530.0,29539.8,True,fridge,0.9828828081500427
29535.0,29544.8,True,fridge,0.9828828086639065
29540.0,29549.8,True,fridge,0.9828828377278616
29545.0,29554.8,True,fridge,0.9828828377278616
29550.0,29559.8,True,fridge,0.9828828630069043
29555.0,29564.8,True,fridge,0.9828828630063049
29560.0,29569.8,True,fridge,0.9828828086639031
29565.0,29574.8,True,fridge,0.9828828086639098
29570.0,29579.8,True,fridge,0.9828828086639098
29575.0,29584.8,True,fridge,0.9828828245876018
29580.0,29589.8,True,fridge,0.9828828245876016
29585.0,29594.8,True,fridge,0.9828828377278588
29590.0,29599.8,True,fridge,0.9828828377278551
29595.0,29604.8,True,fridge,0.9828828377278616
29600.0,29609.8,True,fridge,0.9828828377278616
29605.0,29614.8,True,fridge,0.9828828377278478
29610.0,29619.8,True,fridge,0.9828828630069043
29615.0,29624.8,True,fridge,0.9828828376371896
29620.0,29629.8,True,fridge,0.9828828377278652
29625.0,29634.8,True,fridge,0.9828828377278616
29630.0,29639.8,True,fridge,0.9828828086639093
29635.0,29644.8,True,fridge,0.9828828377278616
29640.0,29649.8,True,fridge,0.9828828377278553
29645.0,29654.8,True,fridge,0.9828828081500354
29650.0,29659.8,True,fridge,0.9828828357063248
29655.0,29664.8,True,fridge,0.982882837532073
29660.0,29669.8,True,fridge,0.9828828377278588
29665.0,29674.8,True,fridge,0.9828828377278551
29670.0,29679.8,True,fridge,0.9828828086639031
29675.0,29684.8,True,fridge,0.9828828376371896
29680.0,29689.8,True,fridge,0.9828828357063248
29685.0,29694.8,True,fridge,0.9832138382620225
29690.0,29699.8,True,fridge,0.9828942358345603
29695.0,29704.8,True,fridge,0.9828828630069045
29700.0,29709.8,True,fridge,0.9828828334283012
29705.0,29714.8,True,fridge,0.982882837727862
29710.0,29719.8,True,fridge,0.9828828377278478
29715.0,29724.8,True,fridge,0.9828828377278553
29720.0,29729.8,True,fridge,0.9828828376371896
29725.0,29734.8,True,fridge,0.9828828377278618
29730.0,29739.8,True,fridge,0.9828828377278553
29735.0,29744.8,True,fridge,0.9828828339421614
29740.0,29749.8,True,fridge,0.9828828630069043
29745.0,29754.8,True,fridge,0.9828828377278476
29750.0,29759.8,True,fridge,0.9828828377278553
29755.0,29764.8,True,fridge,0.9828828086638953
29760.0,29769.8,True,fridge,0.9828828086639093
29765.0,29774.8,True,fridge,0.9828828377278618
29770.0,29779.8,True,fridge,0.982882837727848
29775.0,29784.8,True,fridge,0.9828828086639093
29780.0,29789.8,True,fridge,0.9828828377278652
29785.0,29794.8,True,fridge,0.9828828086639093
29790.0,29799.8,True,fridge,0.9828828630069043
29795.0,29804.8,True,fridge,0.9828828375320731
29800.0,29809.8,True,fridge,0.9828828245876016
29805.0,29814.8,True,fridge,0.9828854469521413
29810.0,29819.8,True,fridge,0.9828828084000243
29815.0,29824.8,True,fridge,0.9828828245741219
29820.0,29829.8,True,fridge,0.9828828245169613
29825.0,29834.8,True,fridge,0.9828828377278478
29830.0,29839.8,True,fridge,0.9828828377278588
29835.0,29844.8,True,fridge,0.9828828377278616
29840.0,29849.8,True,fridge,0.9828828086639065
29845.0,29854.8,True,fridge,0.9828828339421614
29850.0,29859.8,True,fridge,0.9828828357063248
29855.0,29864.8,True,fridge,0.9828828357063248
29860.0,29869.8,True,fridge,0.9828828377278616
29865.0,29874.8,True,fridge,0.982882837727853
29870.0,29879.8,True,fridge,0.9828828377278478
29875.0,29884.8,True,fridge,0.9828828374639764
29880.0,29889.8,True,fridge,0.9828854449305473
29885.0,29894.8,True,fridge,0.9828942358210786
29890.0,29899.8,True,fridge,0.9828828245169896
29895.0,29904.8,True,fridge,0.9828828377278553
29900.0,29909.8,True,fridge,0.9828828086639093
29905.0,29914.8,True,fridge,0.982882837727862
29910.0,29919.8,True,fridge,0.9828828375320731
29915.0,29924.8,True,fridge,0.9828828376371896
29920.0,29929.8,True,fridge,0.982882837532073
29925.0,29934.8,True,fridge,0.9828854449305473
29930.0,29939.8,True,fridge,0.9828828377278476
29935.0,29944.8,True,fridge,0.9828828086639093
29940.0,29949.8,True,fridge,0.9807186622873268
29945.0,29954.8,True,pv,0.22353963669795282
29950.0,29959.8,True,pv,0.9999999281081996
29955.0,29964.8,True,pv,0.9999999288507417
29960.0,29969.8,True,pv,0.9999999287571613
29965.0,29974.8,True,baseload,0.21871624751781193
29970.0,29979.8,True,pv,0.9999999288507431
29975.0,29984.8,True,pv,0.9999999289570399
29980.0,29989.8,True,pv,0.9999999288507422
29985.0,29994.8,True,pv,0.9999999288507426
29990.0,29999.8,True,pv,0.9999999288507426
29995.0,30004.8,True,pv,0.9999999288507424
30000.0,30009.8,True,pv,0.9999999289371918
30005.0,30014.8,True,pv,0.9999999288508272
30010.0,30019.8,True,baseload,0.21624013483607935
30015.0,30024.8,True,pv,0.9999999287571613
30020.0,30029.8,True,pv,0.9999999289371918
30025.0,30034.8,True,pv,0.9999999288507428
30030.0,30039.8,True,pv,0.9999999288508268
30035.0,30044.8,True,pv,0.9999999288508272
30040.0,30049.8,True,pv,0.9999999288507428
30045.0,30054.8,True,pv,0.9999999288507426
30050.0,30059.8,True,pv,0.9999999288508272
30055.0,30064.8,True,baseload,0.2180147379447667
30060.0,30069.8,True,pv,0.9999999288508272
30065.0,30074.8,True,pv,0.999999928850817
30070.0,30079.8,True,pv,0.9999999288507322
30075.0,30084.8,True,pv,0.9999999289368965
30080.0,30089.8,True,pv,0.9999999289570295
30085.0,30094.8,True,pv,0.9999999288507322
30090.0,30099.8,True,pv,0.9999999288507322
30095.0,30104.8,True,pv,0.9999999288507324
30100.0,30109.8,True,pv,0.9999999288507326
30105.0,30114.8,True,baseload,0.2187163268139768
30110.0,30119.8,True,pv,0.9999999288508168
30115.0,30124.8,True,pv,0.9999999288507322
30120.0,30129.8,True,pv,0.999999928850732
30125.0,30134.8,True,pv,0.9999999289570295
30130.0,30139.8,True,pv,0.9999999289570295
30135.0,30144.8,True,pv,0.9999999288507322
30140.0,30149.8,True,baseload,0.21778938601174883
30145.0,30154.8,True,pv,0.999999928757151
30150.0,30159.8,True,pv,0.9999999288507317
30155.0,30164.8,True,pv,0.9999999289570295
30160.0,30169.8,True,pv,0.9999999289570295
30165.0,30174.8,True,pv,0.9999999288507317
30170.0,30179.8,True,pv,0.9999999289570295
30175.0,30184.8,True,pv,0.9999999289371783
30180.0,30189.8,True,pv,0.9999999289371783
30185.0,30194.8,True,pv,0.9999999289570295
30190.0,30199.8,True,pv,0.9999999288507317
30195.0,30204.8,True,pv,0.9999999288507322
30200.0,30209.8,True,pv,0.9999999287571508
30205.0,30214.8,True,baseload,0.2185292408746297
30210.0,30219.8,True,baseload,0.21871611978517314
30215.0,30224.8,True,pv,0.999999928850732
30220.0,30229.8,True,pv,0.9999999289570293
30225.0,30234.8,True,pv,0.9999999289371811
30230.0,30239.8,True,pv,0.9999999288507322
30235.0,30244.8,True,pv,0.9999999288507322
30240.0,30249.8,True,pv,0.999999928850817
30245.0,30254.8,True,pv,0.9999999288507324
30250.0,30259.8,True,pv,0.9999999289570295
30255.0,30264.8,True,pv,0.9999999288507315
30260.0,30269.8,True,pv,0.9999999288508168
30265.0,30274.8,True,baseload,0.21852924303990937
30270.0,30279.8,True,pv,0.9999999288508168
30275.0,30284.8,True,pv,0.9999999288507324
30280.0,30289.8,True,pv,0.9999999288507322
30285.0,30294.8,True,baseload,0.2187161197770668
30290.0,30299.8,True,pv,0.9999999288507324
30295.0,30304.8,True,pv,0.9999999286494268
30300.0,30309.8,True,pv,0.9999999288508168
30305.0,30314.8,True,pv,0.9999999288507322
30310.0,30319.8,True,pv,0.9999999281081912
30315.0,30324.8,True,baseload,0.21637932560034756
30320.0,30329.8,True,pv,0.9999999281081898
30325.0,30334.8,True,pv,0.9999999289570295
30330.0,30339.8,True,pv,0.9999999288507317
30335.0,30344.8,True,pv,0.9999999288507326
30340.0,30349.8,True,pv,0.9999999281081892
30345.0,30354.8,True,pv,0.9999999281081898
30350.0,30359.8,True,pv,0.9999999289368969
30355.0,30364.8,True,pv,0.9999999288508166
30360.0,30369.8,True,pv,0.9999999288508168
30365.0,30374.8,True,pv,0.9999999281081898
30370.0,30379.8,True,pv,0.9999999281081912
30375.0,30384.8,True,pv,0.999999928850732
30380.0,30389.8,True,pv,0.9999999288507317
30385.0,30394.8,True,pv,0.9999999289371783
30390.0,30399.8,True,pv,0.9999999288507317
30395.0,30404.8,True,pv,0.9999999293688394
30400.0,30409.8,True,pv,0.9999999293689236
30405.0,30414.8,True,pv,0.9999999293689233
30410.0,30419.8,True,pv,0.9999999294753342
30415.0,30424.8,True,pv,0.9999999293688385
30420.0,30429.8,True,pv,0.9999999293688392
30425.0,30434.8,True,pv,0.9999999293688396
30430.0,30439.8,True,pv,0.9999999293689233
30435.0,30444.8,True,pv,0.999999929456005
30440.0,30449.8,True,pv,0.9999999294753342
30445.0,30454.8,True,pv,0.9999999293688385
30450.0,30459.8,True,pv,0.9999999293688392
30455.0,30464.8,True,pv,0.9999999293688392
30460.0,30469.8,True,pv,0.9999999293688392
30465.0,30474.8,True,pv,0.999999929368839
30470.0,30479.8,True,pv,0.21262458902962084
30475.0,30484.8,True,pv,0.9999999286262959
30480.0,30489.8,True,pv,0.9999999293689238
30485.0,30494.8,True,pv,0.9999999292611995
30490.0,30499.8,True,pv,0.9999999293688392
30495.0,30504.8,True,pv,0.9999999293688385
30500.0,30509.8,True,pv,0.9999999293688392
30505.0,30514.8,True,pv,0.9999999293688387
30510.0,30519.8,True,pv,0.999999929368839
30515.0,30524.8,True,pv,0.9999999293688392
30520.0,30529.8,True,pv,0.9999999293688385
30525.0,30534.8,True,pv,0.9999999292752576
30530.0,30539.8,True,pv,0.9999999293689238
30535.0,30544.8,True,pv,0.9999999294753344
30540.0,30549.8,True,pv,0.9999999292752576
30545.0,30554.8,True,pv,0.21397194109844347
30550.0,30559.8,True,pv,0.9999999293689236
30555.0,30564.8,True,pv,0.9999999293689236
30560.0,30569.8,True,pv,0.9999999293688385
30565.0,30574.8,True,pv,0.9999999294753344
30570.0,30579.8,True,pv,0.9999999293688392
30575.0,30584.8,True,pv,0.9999999293688394
30580.0,30589.8,True,pv,0.9999999294753342
30585.0,30594.8,True,pv,0.9999999294557208
30590.0,30599.8,True,pv,0.9999999293688385
30595.0,30604.8,True,pv,0.9999999293688392
30600.0,30609.8,True,pv,0.9999999292752576
30605.0,30614.8,True,baseload,0.21260730469141725
30610.0,30619.8,True,baseload,0.21242577147616587
30615.0,30624.8,True,pv,0.9999999292752578
30620.0,30629.8,True,pv,0.9999999293688394
30625.0,30634.8,True,pv,0.9999999293689236
30630.0,30639.8,True,pv,0.9999999292752578
30635.0,30644.8,True,pv,0.21262458907699788
30640.0,30649.8,True,pv,0.999999929368839
30645.0,30654.8,True,pv,0.9999999292752576
30650.0,30659.8,True,pv,0.21223311962168143
30655.0,30664.8,True,pv,0.9999999286262977
30660.0,30669.8,True,pv,0.9999999292752576
30665.0,30674.8,True,pv,0.9999999292752576
30670.0,30679.8,True,pv,0.9999999293688385
30675.0,30684.8,True,pv,0.999999929368839
30680.0,30689.8,True,pv,0.21415598730950272
30685.0,30694.8,True,pv,0.9999999286262999
30690.0,30699.8,True,pv,0.21274252627435522
30695.0,30704.8,True,pv,0.9999999293688392
30700.0,30709.8,True,pv,0.9999999293689238
30705.0,30714.8,True,pv,0.9999999292752574
30710.0,30719.8,True,pv,0.9999999293688392
30715.0,30724.8,True,pv,0.9999999293688385
30720.0,30729.8,True,pv,0.9999999293688385
30725.0,30734.8,True,pv,0.9999999295446803
30730.0,30739.8,True,pv,0.9999999293689236
30735.0,30744.8,True,pv,0.9999999293689233
30740.0,30749.8,True,pv,0.9999999293688385
30745.0,30754.8,True,pv,0.9999999293688392
30750.0,30759.8,True,pv,0.9999999293689233
30755.0,30764.8,True,pv,0.9999999292611138
30760.0,30769.8,True,pv,0.9999999293689236
30765.0,30774.8,True,pv,0.21415598724977397
30770.0,30779.8,True,pv,0.999999929368924
30775.0,30784.8,True,pv,0.9999999293688392
30780.0,30789.8,True,pv,0.9999999293688385
30785.0,30794.8,True,pv,0.9999999294753342
30790.0,30799.8,True,pv,0.9999999294753342
30795.0,30804.8,True,pv,0.9999999293688383
30800.0,30809.8,True,pv,0.9999999292752576
30805.0,30814.8,True,pv,0.9999999292752578
30810.0,30819.8,True,pv,0.999999929368839
30815.0,30824.8,True,pv,0.9999999293688392
30820.0,30829.8,True,pv,0.9999999292611136
30825.0,30834.8,True,pv,0.9999999293688392
30830.0,30839.8,True,pv,0.9999999293689238
30835.0,30844.8,True,pv,0.9999999293688383
30840.0,30849.8,True,pv,0.9999999293689233
30845.0,30854.8,True,pv,0.9999999291675336
30850.0,30859.8,True,pv,0.9999999286262957
30855.0,30864.8,True,pv,0.2141944105297025
30860.0,30869.8,True,pv,0.9999999292611136
30865.0,30874.8,True,pv,0.999999929368839
30870.0,30879.8,True,pv,0.21419440915185972
30875.0,30884.8,True,pv,0.9999999293688394
30880.0,30889.8,True,pv,0.9999999292611995
30885.0,30894.8,True,pv,0.21419441052077878
30890.0,30899.8,True,pv,0.9999999293688385
30895.0,30904.8,True,pv,0.9999999294753342
30900.0,30909.8,True,pv,0.9999999293689233
30905.0,30914.8,True,pv,0.9999999293689233
30910.0,30919.8,True,pv,0.999999929368839
30915.0,30924.8,True,pv,0.9999999293688385
30920.0,30929.8,True,pv,0.9999999293688394
30925.0,30934.8,True,pv,0.21415598731349356
30930.0,30939.8,True,pv,0.9999999293689236
30935.0,30944.8,True,pv,0.214194409798633
30940.0,30949.8,True,pv,0.9999999292611995
30945.0,30954.8,True,pv,0.2143788386990839
30950.0,30959.8,True,pv,0.9999999293688392
30955.0,30964.8,True,pv,0.9999999292611136
30960.0,30969.8,True,pv,0.9999999293689236
30965.0,30974.8,True,pv,0.9999999292611138
30970.0,30979.8,True,pv,0.9999999293689231
30975.0,30984.8,True,pv,0.999999929475334
30980.0,30989.8,True,pv,0.999999929456005
30985.0,30994.8,True,pv,0.9999999293688392
30990.0,30999.8,True,pv,0.9999999292752576
30995.0,31004.8,True,pv,0.21223311400961664
31000.0,31009.8,True,pv,0.9999999286262979
31005.0,31014.8,True,pv,0.9999999293689236
31010.0,31019.8,True,pv,0.9999999294753342
31015.0,31024.8,True,pv,0.9999999294753344
31020.0,31029.8,True,pv,0.9999999293688394
31025.0,31034.8,True,pv,0.9999999293689238
31030.0,31039.8,True,pv,0.9999999293688396
31035.0,31044.8,True,pv,0.9999999293689238
31040.0,31049.8,True,pv,0.9999999285185739
31045.0,31054.8,True,pv,0.9999999286262979
31050.0,31059.8,True,pv,0.9999999294346319
31055.0,31064.8,True,pv,0.9999999294753342
31060.0,31069.8,True,pv,0.9999999293688392
31065.0,31074.8,True,pv,0.9999999293689233
31070.0,31079.8,True,pv,0.9999999293688385
31075.0,31084.8,True,pv,0.9999999293688392
31080.0,31089.8,True,pv,0.9999999293688392
31085.0,31094.8,True,pv,0.9999999294753344
31090.0,31099.8,True,pv,0.9999999293688385
31095.0,31104.8,True,pv,0.9999999292752578
31100.0,31109.8,True,pv,0.9999999292752578
31105.0,31114.8,True,pv,0.9999999293688387
31110.0,31119.8,True,pv,0.9999999293689236
31115.0,31124.8,True,pv,0.9999999293689236
31120.0,31129.8,True,pv,0.9999999293688394
31125.0,31134.8,True,pv,0.9999999293688394
31130.0,31139.8,True,pv,0.9999999294560021
31135.0,31144.8,True,pv,0.9999999294753342
31140.0,31149.8,True,pv,0.9999999293688387
31145.0,31154.8,True,pv,0.9999999293688392
31150.0,31159.8,True,pv,0.9999999292611151
31155.0,31164.8,True,pv,0.9999999293688392
31160.0,31169.8,True,pv,0.9999999294753344
31165.0,31174.8,True,pv,0.9999999295700982
31170.0,31179.8,True,pv,0.9999999295700984
31175.0,31184.8,True,pv,0.9999999295700984
31180.0,31189.8,True,pv,0.9999999294635805
31185.0,31194.8,True,pv,0.999999929463581
31190.0,31199.8,True,pv,0.21266481942327825
31195.0,31204.8,True,pv,0.9999999287210379
31200.0,31209.8,True,pv,0.9999999294636656
31205.0,31214.8,True,pv,0.9999999294635812
31210.0,31219.8,True,pv,0.9999999294635812
31215.0,31224.8,True,pv,0.9999999293558551
31220.0,31229.8,True,pv,0.999999929463581
31225.0,31234.8,True,pv,0.999999929463581
31230.0,31239.8,True,pv,0.9999999295700984
31235.0,31244.8,True,pv,0.9999999295507661
31240.0,31249.8,True,pv,0.9999999293699996
31245.0,31254.8,True,pv,0.999999929355942
31250.0,31259.8,True,pv,0.9999999293559413
31255.0,31264.8,True,pv,0.999999929463581
31260.0,31269.8,True,pv,0.9999999293558556
31265.0,31274.8,True,pv,0.999999929463581
31270.0,31279.8,True,pv,0.9999999294635805
31275.0,31284.8,True,pv,0.9999999294635812
31280.0,31289.8,True,pv,0.999999929463581
31285.0,31294.8,True,pv,0.9999999294636656
31290.0,31299.8,True,pv,0.21441973582995635
31295.0,31304.8,True,pv,0.9999999294636653
31300.0,31309.8,True,pv,0.9999999292622755
31305.0,31314.8,True,pv,0.999999929463581
31310.0,31319.8,True,pv,0.9999999294635812
31315.0,31324.8,True,pv,0.9999999294636653
31320.0,31329.8,True,pv,0.999999929463581
31325.0,31334.8,True,pv,0.9999999293559411
31330.0,31339.8,True,pv,0.9999999294635807
31335.0,31344.8,True,pv,0.9999999294635803
31340.0,31349.8,True,pv,0.9999999294635821
31345.0,31354.8,True,pv,0.9999999294636656
31350.0,31359.8,True,pv,0.9999999294636651
31355.0,31364.8,True,pv,0.9999999294635799
31360.0,31369.8,True,pv,0.9999999294636649
31365.0,31374.8,True,pv,0.21460435090192756
31370.0,31379.8,True,pv,0.9999999293558547
31375.0,31384.8,True,pv,0.2146043505133006
31380.0,31389.8,True,pv,0.9999999294635801
31385.0,31394.8,True,pv,0.9999999294635801
31390.0,31399.8,True,pv,0.9999999294636651
31395.0,31404.8,True,pv,0.9999999293699992
31400.0,31409.8,True,pv,0.9999999294635803
31405.0,31414.8,True,pv,0.9999999295700984
31410.0,31419.8,True,pv,0.9999999294636649
31415.0,31424.8,True,pv,0.2126648214202924
31420.0,31429.8,True,pv,0.9999999287210382
31425.0,31434.8,True,pv,0.21441973836256828
31430.0,31439.8,True,pv,0.9999999294635805
31435.0,31444.8,True,pv,0.9999999294636651
31440.0,31449.8,True,pv,0.9999999293699992
31445.0,31454.8,True,pv,0.9999999294635814
31450.0,31459.8,True,pv,0.9999999293558551
31455.0,31464.8,True,pv,0.9999999294636649
31460.0,31469.8,True,pv,0.21441953233835045
31465.0,31474.8,True,pv,0.999999929570098
31470.0,31479.8,True,pv,0.9999999293559413
31475.0,31484.8,True,pv,0.21266482301201192
31480.0,31489.8,True,pv,0.9999999293699994
31485.0,31494.8,True,pv,0.9999999293559408
31490.0,31499.8,True,pv,0.9999999293558551
31495.0,31504.8,True,pv,0.9999999294636649
31500.0,31509.8,True,pv,0.9999999294635799
31505.0,31514.8,True,pv,0.9999999294635799
31510.0,31519.8,True,pv,0.9999999294635805
31515.0,31524.8,True,pv,0.9999999293559408
31520.0,31529.8,True,pv,0.9999999293558551
31525.0,31534.8,True,pv,0.9999999294635799
31530.0,31539.8,True,pv,0.9999999294635818
31535.0,31544.8,True,pv,0.9999999294635803
31540.0,31549.8,True,pv,0.999999929570098
31545.0,31554.8,True,pv,0.9999999294635799
31550.0,31559.8,True,pv,0.9999999287210413
31555.0,31564.8,True,baseload,0.21264755086954792
31560.0,31569.8,True,pv,0.9999999287210382
31565.0,31574.8,True,pv,0.9999999293558545
31570.0,31579.8,True,pv,0.9999999294635805
31575.0,31584.8,True,pv,0.999999929463581
31580.0,31589.8,True,pv,0.9999999294635803
31585.0,31594.8,True,pv,0.9999999294635799
31590.0,31599.8,True,pv,0.9999999294635799
31595.0,31604.8,True,pv,0.9999999294635803
31600.0,31609.8,True,pv,0.9999999293558551
31605.0,31614.8,True,pv,0.9999999294635805
31610.0,31619.8,True,pv,0.9999999293558545
31615.0,31624.8,True,pv,0.9999999294635805
31620.0,31629.8,True,pv,0.9999999294635805
31625.0,31634.8,True,pv,0.9999999293558545
31630.0,31639.8,True,pv,0.999999929463581
31635.0,31644.8,True,pv,0.21441973910206819
31640.0,31649.8,True,pv,0.9999999294636649
31645.0,31654.8,True,pv,0.9999999294635801
31650.0,31659.8,True,pv,0.9999999294635803
31655.0,31664.8,True,pv,0.9999999294635799
31660.0,31669.8,True,pv,0.9999999295700975
31665.0,31674.8,True,pv,0.9999999294635799
31670.0,31679.8,True,pv,0.9999999293558545
31675.0,31684.8,True,pv,0.21419680128198848
31680.0,31689.8,True,pv,0.9999999294636662
31685.0,31694.8,True,pv,0.9999999295700978
31690.0,31699.8,True,pv,0.9999999294635805
31695.0,31704.8,True,pv,0.9999999293558545
31700.0,31709.8,True,pv,0.9999999293559406
31705.0,31714.8,True,pv,0.9999999293699992
31710.0,31719.8,True,pv,0.9999999294635863
31715.0,31724.8,True,pv,0.9999999293559406
31720.0,31729.8,True,pv,0.9999999293699992
31725.0,31734.8,True,pv,0.2144197383872555
31730.0,31739.8,True,pv,0.9999999293558554
31735.0,31744.8,True,pv,0.9999999294636651
31740.0,31749.8,True,pv,0.9999999295700978
31745.0,31754.8,True,pv,0.9999999287210424
31750.0,31759.8,True,pv,0.214419738408146
31755.0,31764.8,True,pv,0.9999999293558554
31760.0,31769.8,True,pv,0.9999999294636649
31765.0,31774.8,True,pv,0.9999999286133132
31770.0,31779.8,True,pv,0.9999999286133132
31775.0,31784.8,True,pv,0.9999999294635801
31780.0,31789.8,True,pv,0.9999999294635799
31785.0,31794.8,True,pv,0.9999999295700973
31790.0,31799.8,True,pv,0.9999999295700978
31795.0,31804.8,True,pv,0.9999999294636649
31800.0,31809.8,True,pv,0.9999999294636662
31805.0,31814.8,True,pv,0.9999999294635801
31810.0,31819.8,True,pv,0.9999999294635801
31815.0,31824.8,True,pv,0.9999999294635799
31820.0,31829.8,True,baseload,0.2126475508698643
31825.0,31834.8,True,pv,0.999999928721055
31830.0,31839.8,True,pv,0.9999999293699992
31835.0,31844.8,True,pv,0.9999999292622749
31840.0,31849.8,True,pv,0.9999999294635803
31845.0,31854.8,True,pv,0.9999999293558551
31850.0,31859.8,True,pv,0.9999999294635807
31855.0,31864.8,True,pv,0.9999999294636651
31860.0,31869.8,True,pv,0.21419680136518737
31865.0,31874.8,True,pv,0.9999999294636651
31870.0,31879.8,True,pv,0.9999999287210368
31875.0,31884.8,True,pv,0.9999999295700973
31880.0,31889.8,True,pv,0.9999999295700975
31885.0,31894.8,True,pv,0.9999999294635805
31890.0,31899.8,True,pv,0.9999999294623704
31895.0,31904.8,True,pv,0.9999999294635799
31900.0,31909.8,True,pv,0.9999999294635799
31905.0,31914.8,True,pv,0.9999999293559413
31910.0,31919.8,True,pv,0.9999999293699992
31915.0,31924.8,True,pv,0.9999999293559411
31920.0,31929.8,True,pv,0.21419680137450164
31925.0,31934.8,True,pv,0.9999999293699992
31930.0,31939.8,True,pv,0.9999999295700978
31935.0,31944.8,True,pv,0.9999999295700978
31940.0,31949.8,True,pv,0.9999999295700982
31945.0,31954.8,True,pv,0.9999999294635801
31950.0,31959.8,True,pv,0.9999999294635799
31955.0,31964.8,True,pv,0.9999999294635799
31960.0,31969.8,True,pv,0.9999999294636673
31965.0,31974.8,True,pv,0.9999999293559413
31970.0,31979.8,True,pv,0.9999999287210373
31975.0,31984.8,True,pv,0.9999999295700973
31980.0,31989.8,True,pv,0.9999999294635801
31985.0,31994.8,True,pv,0.9999999294635805
31990.0,31999.8,True,pv,0.9999999294635805
31995.0,32004.8,True,pv,0.9999999294635805
32000.0,32009.8,True,pv,0.9999999294635812
32005.0,32014.8,True,pv,0.9999999294635803
32010.0,32019.8,True,pv,0.9999999293558549
32015.0,32024.8,True,pv,0.9999999294635805
32020.0,32029.8,True,pv,0.9999999294635796
32025.0,32034.8,True,pv,0.9999999294635801
32030.0,32039.8,True,pv,0.9999999294635805
32035.0,32044.8,True,pv,0.9999999293699992
32040.0,32049.8,True,pv,0.2141968013704956
32045.0,32054.8,True,pv,0.9999999294635796
32050.0,32059.8,True,pv,0.9999999294636649
32055.0,32064.8,True,pv,0.9999999294636647
32060.0,32069.8,True,pv,0.9999999294635796
32065.0,32074.8,True,pv,0.9999999294635805
32070.0,32079.8,True,pv,0.9999999294635803
32075.0,32084.8,True,pv,0.9999999294636651
32080.0,32089.8,True,pv,0.9999999294635807
32085.0,32094.8,True,pv,0.9999999294635799
32090.0,32099.8,True,pv,0.9999999294635796
32095.0,32104.8,True,pv,0.9999999294635799
32100.0,32109.8,True,pv,0.9999999295507652
32105.0,32114.8,True,pv,0.9999999295504839
32110.0,32119.8,True,pv,0.9999999295504832
32115.0,32124.8,True,pv,0.9999999295504839
32120.0,32129.8,True,pv,0.9999999295700973
32125.0,32134.8,True,pv,0.9999999294635803
32130.0,32139.8,True,pv,0.9999999294635807
32135.0,32144.8,True,pv,0.9999999293558549
32140.0,32149.8,True,pv,0.9999999293558545
32145.0,32154.8,True,pv,0.21441953192508062
32150.0,32159.8,True,pv,0.9999999294635803
32155.0,32164.8,True,pv,0.9999999295700978
32160.0,32169.8,True,pv,0.9999999293559408
32165.0,32174.8,True,pv,0.9999999293699992
32170.0,32179.8,True,pv,0.9999999294636653
32175.0,32184.8,True,pv,0.9999999294635796
32180.0,32189.8,True,pv,0.9999999295504834
32185.0,32194.8,True,pv,0.9999999295504841
32190.0,32199.8,True,pv,0.9999999294635799
32195.0,32204.8,True,pv,0.9999999293558549
32200.0,32209.8,True,pv,0.9999999293558554
32205.0,32214.8,True,pv,0.9999999292784193
32210.0,32219.8,True,pv,0.9999999294635805
32215.0,32224.8,True,pv,0.9999999295700978
32220.0,32229.8,True,pv,0.9999999293558551
32225.0,32234.8,True,pv,0.9999999294635801
32230.0,32239.8,True,pv,0.9999999295700973
32235.0,32244.8,True,pv,0.9999999294636651
32240.0,32249.8,True,pv,0.9999999292622749
32245.0,32254.8,True,pv,0.2126648214326692
32250.0,32259.8,True,pv,0.9999999293699992
32255.0,32264.8,True,pv,0.9999999210403201
32260.0,32269.8,True,fridge,0.9940322036893576
32265.0,32274.8,True,fridge,0.9828828376240203
32270.0,32279.8,True,pc,0.999917419437423
32275.0,32284.8,True,pc,0.9997362150641674
32280.0,32289.8,True,pc,0.9999174195304323
32285.0,32294.8,True,fridge,0.9828828066423725
32290.0,32299.8,True,pc,0.9999174194370083
32295.0,32304.8,True,fridge,0.9828828086639093
32300.0,32309.8,True,pc,0.9999174194355106
32305.0,32314.8,True,pc,0.9999173149564695
32310.0,32319.8,True,fridge,0.9828828374508001
32315.0,32324.8,True,fridge,0.9828828066423725
32320.0,32329.8,True,pc,0.9999174195296813
32325.0,32334.8,True,pc,0.9999174194358754
32330.0,32339.8,True,pc,0.9999174195305229
32335.0,32344.8,True,pc,0.9999174194359649
32340.0,32349.8,True,pc,0.9999174194358934
32345.0,32354.8,True,pc,0.9999174195305229
32350.0,32359.8,True,pc,0.9997358135960377
32355.0,32364.8,True,pc,0.9999174194350335
32360.0,32369.8,True,pc,0.9999175449976899
32365.0,32374.8,True,pc,0.9999175450923263
32370.0,32379.8,True,pc,0.9999175450643623
32375.0,32384.8,True,pc,0.9999174194354993
32380.0,32389.8,True,pc,0.9999174194354999
32385.0,32394.8,True,pc,0.9999174194358754
32390.0,32399.8,True,fridge,0.9828828086639091
32395.0,32404.8,True,fridge,0.9951365327428175
32400.0,32409.8,True,synchronous,0.4243839117583506
32405.0,32414.8,True,synchronous,0.4240289799814116
32410.0,32419.8,True,synchronous,0.4240368924732585
32415.0,32424.8,True,synchronous,0.42632836734026647
32420.0,32429.8,True,synchronous,0.42632836646259226
32425.0,32434.8,True,synchronous,0.4263285007608185
32430.0,32439.8,True,synchronous,0.4261380405977436
32435.0,32444.8,True,synchronous,0.426328501314371
32440.0,32449.8,True,synchronous,0.4263283658541293
32445.0,32454.8,True,synchronous,0.4263283669560688
32450.0,32459.8,True,synchronous,0.42405088081534964
32455.0,32464.8,True,synchronous,0.42632850133681377
32460.0,32469.8,True,synchronous,0.4261380405977436
32465.0,32474.8,True,synchronous,0.4263283669560688
32470.0,32479.8,True,synchronous,0.4263285007716698
32475.0,32484.8,True,synchronous,0.4263283658541293
32480.0,32489.8,True,synchronous,0.42405088081534964
32485.0,32494.8,True,synchronous,0.4263280024941367
32490.0,32499.8,True,synchronous,0.42632836697162874
32495.0,32504.8,True,synchronous,0.42632836609272734
32500.0,32509.8,True,synchronous,0.4263283669560688
32505.0,32514.8,True,synchronous,0.42632836646259226
32510.0,32519.8,True,synchronous,0.42632836734026647
32515.0,32524.8,True,synchronous,0.42632836697162874
32520.0,32529.8,True,synchronous,0.4263283669560688
32525.0,32534.8,True,synchronous,0.426328003357478
32530.0,32539.8,True,synchronous,0.4263280033730379
32535.0,32544.8,True,synchronous,0.4261380406023655
32540.0,32549.8,True,synchronous,0.4261380405977436
32545.0,32554.8,True,synchronous,0.4263285007608185
32550.0,32559.8,True,synchronous,0.42632836646259226
32555.0,32564.8,True,synchronous,0.4263283667550577
32560.0,32569.8,True,synchronous,0.4263285007716698
32565.0,32574.8,True,synchronous,0.4263281377157508
32570.0,32579.8,True,synchronous,0.4263285007716698
32575.0,32584.8,True,synchronous,0.42632836734026647
32580.0,32589.8,True,synchronous,0.4263280037416756
32585.0,32594.8,True,synchronous,0.4263283667550577
32590.0,32599.8,True,synchronous,0.426328501314371
32595.0,32604.8,True,synchronous,0.42632850205322625
32600.0,32609.8,True,synchronous,0.4261380405977436
32605.0,32614.8,True,synchronous,0.4263285007716698
32610.0,32619.8,True,synchronous,0.4263283667550577
32615.0,32624.8,True,synchronous,0.42405088081534964
32620.0,32629.8,True,synchronous,0.4263283662890786
32625.0,32634.8,True,synchronous,0.4263283669560688
32630.0,32639.8,True,synchronous,0.42632850205322625
32635.0,32644.8,True,synchronous,0.42528739748359845
32640.0,32649.8,True,synchronous,0.4261380405977436
32645.0,32654.8,True,synchronous,0.4263283669560688
32650.0,32659.8,True,synchronous,0.4263283669560688
32655.0,32664.8,True,synchronous,0.42632836646259226
32660.0,32669.8,True,synchronous,0.42632836734026647
32665.0,32674.8,True,synchronous,0.4261380406023655
32670.0,32679.8,True,synchronous,0.42528740149948435
32675.0,32684.8,True,synchronous,0.4252873975986503
32680.0,32689.8,True,synchronous,0.4252874015028948
32685.0,32694.8,True,synchronous,0.42528739895925494
32690.0,32699.8,True,synchronous,0.425287397480188
32695.0,32704.8,True,synchronous,0.4261380343640537
32700.0,32709.8,True,synchronous,0.4261380343640537
32705.0,32714.8,True,synchronous,0.42632850133681377
32710.0,32719.8,True,synchronous,0.4263283669560688
32715.0,32724.8,True,synchronous,0.4263283669560688
32720.0,32729.8,True,synchronous,0.4263283658541293
32725.0,32734.8,True,synchronous,0.42632836609272734
32730.0,32739.8,True,synchronous,0.4263283669560688
32735.0,32744.8,True,synchronous,0.4263283669560688
32740.0,32749.8,True,synchronous,0.4263283669560688
32745.0,32754.8,True,synchronous,0.4263283669560688
32750.0,32759.8,True,synchronous,0.4263283669560688
32755.0,32764.8,True,synchronous,0.4261380405977436
32760.0,32769.8,True,synchronous,0.42528739895925494
32765.0,32774.8,True,synchronous,0.4263285007716698
32770.0,32779.8,True,synchronous,0.42632836697162874
32775.0,32784.8,True,synchronous,0.42632836734026647
32780.0,32789.8,True,synchronous,0.42632836734026647
32785.0,32794.8,True,synchronous,0.4261380405977436
32790.0,32799.8,True,synchronous,0.42632850205322625
32795.0,32804.8,True,synchronous,0.4263283669560688
32800.0,32809.8,True,synchronous,0.42632850133681377
32805.0,32814.8,True,synchronous,0.42632850132775724
32810.0,32819.8,True,synchronous,0.4261380405977436
32815.0,32824.8,True,synchronous,0.4261380405977436
32820.0,32829.8,True,synchronous,0.426328501314371
32825.0,32834.8,True,synchronous,0.4263283669560688
32830.0,32839.8,True,synchronous,0.42632836646259226
32835.0,32844.8,True,synchronous,0.42632850133681377
32840.0,32849.8,True,synchronous,0.4263281377381936
32845.0,32854.8,True,synchronous,0.42632850131899713
32850.0,32859.8,True,synchronous,0.4261380405977436
32855.0,32864.8,True,synchronous,0.42632850131899713
32860.0,32869.8,True,synchronous,0.42632850133681377
32865.0,32874.8,True,synchronous,0.4263283669560688
32870.0,32879.8,True,synchronous,0.4263283669560688
32875.0,32884.8,True,synchronous,0.4263283669560688
32880.0,32889.8,True,synchronous,0.4263283669560688
32885.0,32894.8,True,synchronous,0.4240505177305081
32890.0,32899.8,True,synchronous,0.4263280033730379
32895.0,32904.8,True,synchronous,0.4263283669560688
32900.0,32909.8,True,synchronous,0.4263283667550577
32905.0,32914.8,True,synchronous,0.42632836697162874
32910.0,32919.8,True,synchronous,0.42632836697162874
32915.0,32924.8,True,synchronous,0.4263283669560688
32920.0,32929.8,True,synchronous,0.4263285007716698
32925.0,32934.8,True,synchronous,0.4263283669560688
32930.0,32939.8,True,synchronous,0.4263285007608185
32935.0,32944.8,True,synchronous,0.426328501314371
32940.0,32949.8,True,synchronous,0.42632836609272734
32945.0,32954.8,True,synchronous,0.42405088081534964
32950.0,32959.8,True,synchronous,0.42632836609272734
32955.0,32964.8,True,synchronous,0.4263280028640015
32960.0,32969.8,True,synchronous,0.4252873975986503
32965.0,32974.8,True,synchronous,0.4261380405977436
32970.0,32979.8,True,synchronous,0.4263283669560688
32975.0,32984.8,True,synchronous,0.42632836734026647
32980.0,32989.8,True,synchronous,0.4263283658541293
32985.0,32994.8,True,synchronous,0.4240508808225107
32990.0,32999.8,True,synchronous,0.42632800225553874
32995.0,33004.8,True,synchronous,0.4263280028640015
33000.0,33009.8,True,synchronous,0.42632836697162874
33005.0,33014.8,True,synchronous,0.42632836697162874
33010.0,33019.8,True,synchronous,0.42632836734026647
33015.0,33024.8,True,synchronous,0.4263280037416756
33020.0,33029.8,True,synchronous,0.42632800225553874
33025.0,33034.8,True,synchronous,0.4263280033730379
33030.0,33039.8,True,synchronous,0.42632836697162874
33035.0,33044.8,True,synchronous,0.42632836734026647
33040.0,33049.8,True,synchronous,0.4263283669560688
33045.0,33054.8,True,synchronous,0.4263283669560688
33050.0,33059.8,True,synchronous,0.4261376770412443
33055.0,33064.8,True,synchronous,0.4261380405977436
33060.0,33069.8,True,synchronous,0.424050517723347
33065.0,33074.8,True,synchronous,0.4263283669560688
33070.0,33079.8,True,synchronous,0.4263283669560688
33075.0,33084.8,True,synchronous,0.4263283670655001
33080.0,33089.8,True,synchronous,0.45771454310461707
33085.0,33094.8,True,synchronous,0.5517611106706208
33090.0,33099.8,True,synchronous,0.9999970450914841
33095.0,33104.8,True,synchronous,0.9999970450914843
33100.0,33109.8,True,synchronous,0.9999970701195402
33105.0,33114.8,True,synchronous,0.9999970701195409
33110.0,33119.8,True,synchronous,0.999997045099672
33115.0,33124.8,True,synchronous,0.9999970450914675
33120.0,33129.8,True,synchronous,0.9999970450914708
33125.0,33134.8,True,synchronous,0.9999970256331794
33130.0,33139.8,True,synchronous,0.9999970506451977
33135.0,33144.8,True,synchronous,0.9999970450996611
33140.0,33149.8,True,synchronous,0.9999970450914841
33145.0,33154.8,True,synchronous,0.999997023692019
33150.0,33159.8,True,synchronous,0.999996998199266
33155.0,33164.8,True,synchronous,0.9999970450567748
33160.0,33169.8,True,synchronous,0.9999970450914835
33165.0,33174.8,True,synchronous,0.9999970450567535
33170.0,33179.8,True,synchronous,0.9999970450996716
33175.0,33184.8,True,synchronous,0.9999970701113425
33180.0,33189.8,True,synchronous,0.9999970701113425
33185.0,33194.8,True,synchronous,0.999997070111331
33190.0,33199.8,True,synchronous,0.9999970450914841
33195.0,33204.8,True,synchronous,0.999996998199266
33200.0,33209.8,True,synchronous,0.999996998199266
33205.0,33214.8,True,synchronous,0.9999969981992687
33210.0,33219.8,True,synchronous,0.9999970701113432
33215.0,33224.8,True,synchronous,0.9999970450996714
33220.0,33229.8,True,synchronous,0.9999970450649516
33225.0,33234.8,True,synchronous,0.9999970450914737
33230.0,33239.8,True,synchronous,0.9999970450649518
33235.0,33244.8,True,synchronous,0.9999970450914912
33240.0,33249.8,True,synchronous,0.9999970450914835
33245.0,33254.8,True,synchronous,0.999997045099672
33250.0,33259.8,True,synchronous,0.9999970450996718
33255.0,33264.8,True,synchronous,0.9999970413140047
33260.0,33269.8,True,synchronous,0.999997024335724
33265.0,33274.8,True,synchronous,0.9999970256442693
33270.0,33279.8,True,synchronous,0.9999970256086784
33275.0,33284.8,True,synchronous,0.9999970425007669
33280.0,33289.8,True,synchronous,0.999996995535099
33285.0,33294.8,True,synchronous,0.9999970413140054
33290.0,33299.8,True,synchronous,0.9999970413140047
33295.0,33304.8,True,synchronous,0.9999970450914843
33300.0,33309.8,True,synchronous,0.9999970450996605
33305.0,33314.8,True,synchronous,0.9999970413140054
33310.0,33319.8,True,synchronous,0.999997045099672
33315.0,33324.8,True,synchronous,0.9999970450914841
33320.0,33329.8,True,synchronous,0.9999970450914675
33325.0,33334.8,True,synchronous,0.9999970450996714
33330.0,33339.8,True,synchronous,0.9999970413140047
33335.0,33344.8,True,synchronous,0.9999970413140054
33340.0,33349.8,True,synchronous,0.9999970450914839
33345.0,33354.8,True,synchronous,0.9999970450914841
33350.0,33359.8,True,synchronous,0.9999970413140047
33355.0,33364.8,True,synchronous,0.9999970243712314
33360.0,33369.8,True,synchronous,0.9999970450914839
33365.0,33374.8,True,synchronous,0.9999970450996611
33370.0,33379.8,True,synchronous,0.9999970243712578
33375.0,33384.8,True,synchronous,0.999997024371229
33380.0,33389.8,True,synchronous,0.9999970450914835
33385.0,33394.8,True,synchronous,0.9999970413140054
33390.0,33399.8,True,synchronous,0.9999970450649627
33395.0,33404.8,True,synchronous,0.9999970450914841
33400.0,33409.8,True,synchronous,0.9999970701113523
33405.0,33414.8,True,synchronous,0.9999970450914841
33410.0,33419.8,True,synchronous,0.9999970450914621
33415.0,33424.8,True,synchronous,0.9999970450914841
33420.0,33429.8,True,synchronous,0.9999970450996609
33425.0,33434.8,True,synchronous,0.9999970256087652
33430.0,33439.8,True,synchronous,0.9999970701113523
33435.0,33444.8,True,synchronous,0.9999970506451118
33440.0,33449.8,True,synchronous,0.9999970506453527
33445.0,33454.8,True,synchronous,0.9999970663241102
33450.0,33459.8,True,synchronous,0.9999970493804324
33455.0,33464.8,True,synchronous,0.9999970506440902
33460.0,33469.8,True,synchronous,0.9999970701181324
33465.0,33474.8,True,synchronous,0.9999970506443329
33470.0,33479.8,True,synchronous,0.9999970663241109
33475.0,33484.8,True,synchronous,0.9999970701083563
33480.0,33489.8,True,synchronous,0.9999970663241109
33485.0,33494.8,True,synchronous,0.9999970701001543
33490.0,33499.8,True,synchronous,0.9999970701083303
33495.0,33504.8,True,synchronous,0.9999970663241102
33500.0,33509.8,True,synchronous,0.9999970663241102
33505.0,33514.8,True,synchronous,0.9999970701001543
33510.0,33519.8,True,synchronous,0.9999970701083416
33515.0,33524.8,True,synchronous,0.9999970663241107
33520.0,33529.8,True,synchronous,0.9999970493814028
33525.0,33534.8,True,synchronous,0.9999970506451111
33530.0,33539.8,True,synchronous,0.9999970506443329
33535.0,33544.8,True,synchronous,0.999997050655358
33540.0,33549.8,True,synchronous,0.9999947038619191
33545.0,33554.8,True,synchronous,0.999995679268517
33550.0,33559.8,True,synchronous,0.9999957141867156
33555.0,33564.8,True,synchronous,0.9999955854611664
33560.0,33569.8,True,synchronous,0.9999956769978255
33565.0,33574.8,True,synchronous,0.9999957074085666
33570.0,33579.8,True,synchronous,0.9999957142013913
33575.0,33584.8,True,synchronous,0.9999957141863242
33580.0,33589.8,True,synchronous,0.9999955854835761
33585.0,33594.8,True,synchronous,0.999995714186317
33590.0,33599.8,True,synchronous,0.9999956792662958
33595.0,33604.8,True,synchronous,0.9999947038619122
33600.0,33609.8,True,synchronous,0.99999474106504
33605.0,33614.8,True,synchronous,0.9999947061302482
33610.0,33619.8,True,synchronous,0.9999970506555186
33615.0,33624.8,True,synchronous,0.9999970663240974
33620.0,33629.8,True,synchronous,0.9999970506451977
33625.0,33634.8,True,synchronous,0.9999970506451114
33630.0,33639.8,True,synchronous,0.9999970663241111
33635.0,33644.8,True,synchronous,0.9999970243712578
33640.0,33649.8,True,synchronous,0.9999970243713093
33645.0,33654.8,True,synchronous,0.9999970506453536
33650.0,33659.8,True,synchronous,0.9999970493814023
33655.0,33664.8,True,synchronous,0.9999970506453534
33660.0,33669.8,True,synchronous,0.9999970506555186
33665.0,33674.8,True,synchronous,0.9999947061310784
33670.0,33679.8,True,synchronous,0.9999956792685119
33675.0,33684.8,True,synchronous,0.999995679265794
33680.0,33689.8,True,synchronous,0.9999956792673512
33685.0,33694.8,True,synchronous,0.9999960131603339
33690.0,33699.8,True,synchronous,0.9999960131597699
33695.0,33704.8,True,synchronous,0.9999960131599931
33700.0,33709.8,True,synchronous,0.9999960131599835
33705.0,33714.8,True,synchronous,0.9999960131594431
33710.0,33719.8,True,synchronous,0.9999960131599931
33715.0,33724.8,True,synchronous,0.9999960131596409
33720.0,33729.8,True,synchronous,0.9999960131596409
33725.0,33734.8,True,synchronous,0.9999956769986424
33730.0,33739.8,True,synchronous,0.9999956792670712
33735.0,33744.8,True,synchronous,0.9999957141859291
33740.0,33749.8,True,synchronous,0.9999957142006517
33745.0,33754.8,True,synchronous,0.999995644885015
33750.0,33759.8,True,synchronous,0.9999957142006055
33755.0,33764.8,True,synchronous,0.9999956769979681
33760.0,33769.8,True,synchronous,0.99999570740925
33765.0,33774.8,True,synchronous,0.9999957074085666
33770.0,33779.8,True,synchronous,0.9999957142014042
33775.0,33784.8,True,synchronous,0.9999957141867083
33780.0,33789.8,True,synchronous,0.9999957074089578
33785.0,33794.8,True,synchronous,0.9999957142014309
33790.0,33799.8,True,synchronous,0.9999957142016969
33795.0,33804.8,True,synchronous,0.9999957141867221
33800.0,33809.8,True,synchronous,0.9999956769981109
33805.0,33814.8,True,synchronous,0.9999947410503202
33810.0,33819.8,True,synchronous,0.999994741065565
33815.0,33824.8,True,synchronous,0.9999947410650392
33820.0,33829.8,True,synchronous,0.9999947342731388
33825.0,33834.8,True,synchronous,0.9999970701181313
33830.0,33839.8,True,synchronous,0.9999947061302482
33835.0,33844.8,True,synchronous,0.999995714201404
33840.0,33849.8,True,synchronous,0.9999956769982539
33845.0,33854.8,True,synchronous,0.99999567699757
33850.0,33859.8,True,synchronous,0.9999957142006124
33855.0,33864.8,True,synchronous,0.99999571418595
33860.0,33869.8,True,synchronous,0.9999956769971796
33865.0,33874.8,True,synchronous,0.9999956792685047
33870.0,33879.8,True,synchronous,0.9999947061310982
33875.0,33884.8,True,synchronous,0.9999970493916177
33880.0,33889.8,True,synchronous,0.9999970506453407
33885.0,33894.8,True,synchronous,0.9999970493814538
33890.0,33899.8,True,synchronous,0.9999970506559038
33895.0,33904.8,True,synchronous,0.9999947061309186
33900.0,33909.8,True,synchronous,0.9999956792672711
33905.0,33914.8,True,synchronous,0.999995679268324
33910.0,33919.8,True,synchronous,0.999996013160341
33915.0,33924.8,True,synchronous,0.9999960131599931
33920.0,33929.8,True,synchronous,0.9999960131596318
33925.0,33934.8,True,synchronous,0.999996013159988
33930.0,33939.8,True,synchronous,0.999996013159988
33935.0,33944.8,True,synchronous,0.9999956792670786
33940.0,33949.8,True,synchronous,0.9999956792659479
33945.0,33954.8,True,synchronous,0.9999956792663025
33950.0,33959.8,True,synchronous,0.9999957142013844
33955.0,33964.8,True,synchronous,0.9999956792661844
33960.0,33969.8,True,synchronous,0.9999956769970371
33965.0,33974.8,True,synchronous,0.9999957142006588
33970.0,33979.8,True,synchronous,0.9999956769988405
33975.0,33984.8,True,synchronous,0.9999957074097405
33980.0,33989.8,True,synchronous,0.999995679267625
33985.0,33994.8,True,synchronous,0.9999956792668834
33990.0,33999.8,True,synchronous,0.9999947061305215
33995.0,34004.8,True,synchronous,0.9999970506555137
34000.0,34009.8,True,synchronous,0.9999970506457382
34005.0,34014.8,True,synchronous,0.9999970506453527
34010.0,34019.8,True,synchronous,0.9999970493814538
34015.0,34024.8,True,synchronous,0.9999970506451107
34020.0,34029.8,True,synchronous,0.9999970701083312
34025.0,34034.8,True,synchronous,0.9999970506453534
34030.0,34039.8,True,synchronous,0.999997050644177
34035.0,34044.8,True,synchronous,0.9999970506552752
34040.0,34049.8,True,synchronous,0.9999947410655445
34045.0,34054.8,True,synchronous,0.999997050655358
34050.0,34059.8,True,synchronous,0.9999970493803552
34055.0,34064.8,True,synchronous,0.9999970701001543
34060.0,34069.8,True,synchronous,0.999997049381365
34065.0,34074.8,True,synchronous,0.9999970506451977
34070.0,34079.8,True,synchronous,0.9999970701001614
34075.0,34084.8,True,synchronous,0.9999970701083414
34080.0,34089.8,True,synchronous,0.9999970236806381
34085.0,34094.8,True,synchronous,0.9999970236806381
34090.0,34099.8,True,synchronous,0.9999970701001445
34095.0,34104.8,True,synchronous,0.9999970701083316
34100.0,34109.8,True,synchronous,0.9999970663250297
34105.0,34114.8,True,synchronous,0.9999970506462729
34110.0,34119.8,True,synchronous,0.9999970506564332
34115.0,34124.8,True,synchronous,0.9999947061318915
34120.0,34129.8,True,synchronous,0.9999956769987708
34125.0,34134.8,True,synchronous,0.9999956792669937
34130.0,34139.8,True,synchronous,0.9999956792677169
34135.0,34144.8,True,synchronous,0.9999957142029913
34140.0,34149.8,True,synchronous,0.9999956792678735
34145.0,34154.8,True,synchronous,0.9999956769995391
34150.0,34159.8,True,synchronous,0.9999957142029648
34155.0,34164.8,True,synchronous,0.999995714188258
34160.0,34169.8,True,synchronous,0.999995714188258
34165.0,34174.8,True,synchronous,0.9999957142029922
34170.0,34179.8,True,synchronous,0.9999957142029648
34175.0,34184.8,True,synchronous,0.9999957141882888
34180.0,34189.8,True,synchronous,0.9999957142029648
34185.0,34194.8,True,synchronous,0.9999957141882955
34190.0,34199.8,True,synchronous,0.9999957074105428
34195.0,34204.8,True,synchronous,0.9999956792681535
34200.0,34209.8,True,synchronous,0.9999956769979819
34205.0,34214.8,True,synchronous,0.9999957074093686
34210.0,34219.8,True,synchronous,0.9999956792673779
34215.0,34224.8,True,synchronous,0.9999947061318919
34220.0,34229.8,True,synchronous,0.9999970701190357
34225.0,34234.8,True,synchronous,0.9999970506558727
34230.0,34239.8,True,synchronous,0.9999956792704398
34235.0,34244.8,True,synchronous,0.9999956792663163
34240.0,34249.8,True,synchronous,0.9999956792681239
34245.0,34254.8,True,synchronous,0.999996013160661
34250.0,34259.8,True,synchronous,0.999996013160661
34255.0,34264.8,True,synchronous,0.9999960480950257
34260.0,34269.8,True,synchronous,0.999996048095045
34265.0,34274.8,True,synchronous,0.9999960480950384
34270.0,34279.8,True,synchronous,0.9999960413031413
34275.0,34284.8,True,synchronous,0.9999960413031342
34280.0,34289.8,True,synchronous,0.9999960480950737
34285.0,34294.8,True,synchronous,0.9999960108920347
34290.0,34299.8,True,synchronous,0.9999960480803145
34295.0,34304.8,True,synchronous,0.9999960480803278
34300.0,34309.8,True,synchronous,0.9999960131602995
34305.0,34314.8,True,synchronous,0.9999957074105428
34310.0,34319.8,True,synchronous,0.9999957074107859
34315.0,34324.8,True,synchronous,0.9999957074107859
34320.0,34329.8,True,synchronous,0.9999957141867385
34325.0,34334.8,True,synchronous,0.9999956769982252
34330.0,34339.8,True,synchronous,0.9999957142022067
34335.0,34344.8,True,synchronous,0.9999956769987635
34340.0,34349.8,True,synchronous,0.9999947038634175
34345.0,34354.8,True,synchronous,0.9999946577326627
34350.0,34359.8,True,synchronous,0.9999947038634168
34355.0,34364.8,True,synchronous,0.9999956792673905
34360.0,34369.8,True,synchronous,0.9999956792669864
34365.0,34374.8,True,synchronous,0.9999956792681535
34370.0,34379.8,True,synchronous,0.9999956792677169
34375.0,34384.8,True,synchronous,0.9999960108920274
34380.0,34389.8,True,synchronous,0.9999960131604356
34385.0,34394.8,True,synchronous,0.9999956792681535
34390.0,34399.8,True,synchronous,0.9999956792669933
34395.0,34404.8,True,synchronous,0.9999956792708441
34400.0,34409.8,True,synchronous,0.9999947061322068
34405.0,34414.8,True,synchronous,0.9999970506456376
34410.0,34419.8,True,synchronous,0.9999970701092478
34415.0,34424.8,True,synchronous,0.9999970701010522
34420.0,34429.8,True,synchronous,0.9999970701010695
34425.0,34434.8,True,synchronous,0.9999970663240134
34430.0,34439.8,True,synchronous,0.9999970663250297
34435.0,34444.8,True,synchronous,0.999997025634513
34440.0,34449.8,True,synchronous,0.9999970256364722
34445.0,34454.8,True,synchronous,0.9999970450659006
34450.0,34459.8,True,synchronous,0.9999970424669935
34455.0,34464.8,True,synchronous,0.999997045057724
34460.0,34469.8,True,synchronous,0.9999970412794486
34465.0,34474.8,True,synchronous,0.9999970256096274
34470.0,34479.8,True,synchronous,0.5455948244420367
34475.0,34484.8,True,synchronous,0.4240369457480331
34480.0,34489.8,True,synchronous,0.426328003357478
34485.0,34494.8,True,synchronous,0.42632800345134936
34490.0,34499.8,True,synchronous,0.42632800383554703
34495.0,34504.8,True,synchronous,0.4240505177305081
34500.0,34509.8,True,synchronous,0.4261376770412443
34505.0,34514.8,True,synchronous,0.4261376770412443
34510.0,34519.8,True,synchronous,0.4261376770412443
34515.0,34524.8,True,synchronous,0.42528703411213836
34520.0,34529.8,True,synchronous,0.4261376770412443
34525.0,34534.8,True,synchronous,0.42632813716219836
34530.0,34539.8,True,synchronous,0.42632813782300844
34535.0,34544.8,True,synchronous,0.4263281459113377
34540.0,34549.8,True,synchronous,0.426328003357478
34545.0,34554.8,True,synchronous,0.42632800225553874
34550.0,34559.8,True,synchronous,0.4225088009131171
34555.0,34564.8,True,synchronous,0.4240505259034971
34560.0,34569.8,True,synchronous,0.42528962102459494
34565.0,34574.8,True,synchronous,0.4261380406916042
34570.0,34579.8,True,synchronous,0.4252873975740002
34575.0,34584.8,True,synchronous,0.4261376770412443
34580.0,34589.8,True,synchronous,0.4263281371730498
34585.0,34594.8,True,synchronous,0.4263280037416756
34590.0,34599.8,True,synchronous,0.4261376771351049
34595.0,34604.8,True,synchronous,0.4261376771351049
34600.0,34609.8,True,synchronous,0.426328003357478
34605.0,34614.8,True,synchronous,0.4263280037416756
34610.0,34619.8,True,synchronous,0.4263281377157508
34615.0,34624.8,True,synchronous,0.4263281377157508
34620.0,34629.8,True,synchronous,0.4263281385484773
34625.0,34634.8,True,synchronous,0.4263281384546058
34630.0,34639.8,True,synchronous,0.4261376770412443
34635.0,34644.8,True,synchronous,0.4261380406916042
34640.0,34649.8,True,synchronous,0.4263280037416756
34645.0,34654.8,True,synchronous,0.4263280028640015
34650.0,34659.8,True,synchronous,0.426328003357478
34655.0,34664.8,True,synchronous,0.424050517723347
34660.0,34669.8,True,synchronous,0.4261376770412443
34665.0,34674.8,True,synchronous,0.4263281377157508
34670.0,34679.8,True,synchronous,0.426328003357478
34675.0,34684.8,True,synchronous,0.42632801045112184
34680.0,34689.8,True,synchronous,0.4263281371730498
34685.0,34694.8,True,synchronous,0.4261380405977436
34690.0,34699.8,True,synchronous,0.4252870342306006
34695.0,34704.8,True,synchronous,0.426328003357478
34700.0,34709.8,True,synchronous,0.42632800234941015
34705.0,34714.8,True,synchronous,0.42632800234941015
34710.0,34719.8,True,synchronous,0.42632801155306077
34715.0,34724.8,True,synchronous,0.4263281377381936
34720.0,34729.8,True,synchronous,0.42613768542358027
34725.0,34734.8,True,synchronous,0.4263281377381936
34730.0,34739.8,True,synchronous,0.4263281371730498
34735.0,34744.8,True,synchronous,0.42632800234941015
34740.0,34749.8,True,synchronous,0.42632800345134936
34745.0,34754.8,True,synchronous,0.4263281372669211
34750.0,34759.8,True,synchronous,0.426328003357478
34755.0,34764.8,True,synchronous,0.4263280033730379
34760.0,34769.8,True,synchronous,0.426328003357478
34765.0,34774.8,True,synchronous,0.42632801155306077
34770.0,34779.8,True,synchronous,0.42632801156862066
34775.0,34784.8,True,pc,0.2507336844958875
34780.0,34789.8,True,fridge,0.20777850735173228
34785.0,34794.8,True,fridge,0.2272671310096371
34790.0,34799.8,True,fridge,0.2272671310096371
34795.0,34804.8,True,fridge,0.2276430392891403
34800.0,34809.8,True,fridge,0.22764303881508904
34805.0,34814.8,True,fridge,0.22764303520312196
34810.0,34819.8,True,fridge,0.22559965975681298
34815.0,34824.8,True,fridge,0.22559965975681298
34820.0,34829.8,True,fridge,0.2276430392891403
34825.0,34834.8,True,fridge,0.22764303641417571
34830.0,34839.8,True,fridge,0.22764303856019785
34835.0,34844.8,True,fridge,0.2272671310096371
34840.0,34849.8,True,fridge,0.2272671310096371
34845.0,34854.8,True,fridge,0.22764303877195535
34850.0,34859.8,True,fridge,0.22764303881508904
34855.0,34864.8,True,fridge,0.22764303877195535
34860.0,34869.8,True,fridge,0.22764303877195535
34865.0,34874.8,True,fridge,0.22778043424910288
34870.0,34879.8,True,fridge,0.22764303856019785
34875.0,34884.8,True,fridge,0.22764303877195535
34880.0,34889.8,True,fridge,0.22764303469360944
34885.0,34894.8,True,fridge,0.22764303877195535
34890.0,34899.8,True,fridge,0.2276430386033315
34895.0,34904.8,True,fridge,0.22764329225218594
34900.0,34909.8,True,fridge,0.2272671310096371
34905.0,34914.8,True,fridge,0.2256047259648986
34910.0,34919.8,True,fridge,0.22559965980161556
34915.0,34924.8,True,fridge,0.2276430343505044
34920.0,34929.8,True,fridge,0.22764303881508904
34925.0,34934.8,True,fridge,0.22764329228372424
34930.0,34939.8,True,fridge,0.2272671309980799
34935.0,34944.8,True,fridge,0.22764329225218594
34940.0,34949.8,True,fridge,0.22764329225218594
34945.0,34954.8,True,fridge,0.2272671309980799
34950.0,34959.8,True,fridge,0.2276432933137265
34955.0,34964.8,True,fridge,0.2276430343505044
34960.0,34969.8,True,fridge,0.22778043424910288
34965.0,34974.8,True,fridge,0.22778043464730566
34970.0,34979.8,True,fridge,0.2256047259648986
34975.0,34984.8,True,fridge,0.22524815671289428
34980.0,34989.8,True,fridge,0.22764329340242956
34985.0,34994.8,True,fridge,0.2276430392891403
34990.0,34999.8,True,fridge,0.2263003941915765
34995.0,35004.8,True,fridge,0.22764303390761348
35000.0,35009.8,True,fridge,0.22764329336845582
35005.0,35014.8,True,fridge,0.22764303877195535
35010.0,35019.8,True,fridge,0.22764303443438502
35015.0,35024.8,True,fridge,0.225604739735219
35020.0,35029.8,True,fridge,0.22562414139987588
35025.0,35034.8,True,synchronous,0.9999920699372982
35030.0,35039.8,True,synchronous,0.9999920699372209
35035.0,35044.8,True,synchronous,0.9999919868733401
35040.0,35049.8,True,synchronous,0.9999920699992667
35045.0,35054.8,True,synchronous,0.9999920699689262
35050.0,35059.8,True,synchronous,0.9999920427143327
35055.0,35064.8,True,synchronous,0.9999920705956438
35060.0,35069.8,True,synchronous,0.9999919868733375
35065.0,35074.8,True,synchronous,0.9999920426826714
35070.0,35079.8,True,synchronous,0.9999919644422904
35075.0,35084.8,True,synchronous,0.9999919644422904
35080.0,35089.8,True,synchronous,0.9999920699372717
35085.0,35094.8,True,synchronous,0.9999920699372982
35090.0,35099.8,True,synchronous,0.9999920427143327
35095.0,35104.8,True,synchronous,0.9999920427142892
35100.0,35109.8,True,synchronous,0.9999920426826714
35105.0,35114.8,True,synchronous,0.9999920699372982
35110.0,35119.8,True,synchronous,0.9999920699372731
35115.0,35124.8,True,synchronous,0.9999920274771215
35120.0,35129.8,True,synchronous,0.9999920426826714
35125.0,35134.8,True,synchronous,0.9999920426826714
35130.0,35139.8,True,synchronous,0.9999920274771215
35135.0,35144.8,True,synchronous,0.9999920547305264
35140.0,35149.8,True,synchronous,0.9999920426826028
35145.0,35154.8,True,synchronous,0.9999919593199976
35150.0,35159.8,True,synchronous,0.9999919593199976
35155.0,35164.8,True,synchronous,0.9999920547305251
35160.0,35169.8,True,synchronous,0.9999919593196721
35165.0,35174.8,True,synchronous,0.9999919916952228
35170.0,35179.8,True,synchronous,0.9999919644417551
35175.0,35184.8,True,synchronous,0.9999920274771215
35180.0,35189.8,True,synchronous,0.9999920426825715
35185.0,35194.8,True,synchronous,0.9999920699373175
35190.0,35199.8,True,synchronous,0.9999920274771215
35195.0,35204.8,True,synchronous,0.9999920699689249
35200.0,35209.8,True,synchronous,0.9999920426825715
35205.0,35214.8,True,synchronous,0.9999920426825715
35210.0,35219.8,True,synchronous,0.9999920699373175
35215.0,35224.8,True,synchronous,0.99999204268268
35220.0,35229.8,True,synchronous,0.9999920427143938
35225.0,35234.8,True,synchronous,0.9999920699690295
35230.0,35239.8,True,synchronous,0.9999919868733388
35235.0,35244.8,True,synchronous,0.9999919868733401
35240.0,35249.8,True,synchronous,0.9999920699690295
35245.0,35254.8,True,synchronous,0.9999920699689728
35250.0,35259.8,True,synchronous,0.9999919864297785
35255.0,35264.8,True,synchronous,0.9999919865734082
35260.0,35269.8,True,synchronous,0.9999919593196763
35265.0,35274.8,True,synchronous,0.9999920699689249
35270.0,35279.8,True,synchronous,0.9999920699373455
35275.0,35284.8,True,synchronous,0.9999920427142892
35280.0,35289.8,True,synchronous,0.9999920699373468
35285.0,35294.8,True,synchronous,0.9999920426826536
35290.0,35299.8,True,synchronous,0.9999920699373162
35295.0,35304.8,True,synchronous,0.9999920699992667
35300.0,35309.8,True,synchronous,0.9999920699689262
35305.0,35314.8,True,synchronous,0.9999920553901074
35310.0,35319.8,True,synchronous,0.9999920274771215
35315.0,35324.8,True,synchronous,0.9999920427143358
35320.0,35329.8,True,synchronous,0.9999920699372145
35325.0,35334.8,True,synchronous,0.9999920274771215
35330.0,35339.8,True,synchronous,0.9999920426826714
35335.0,35344.8,True,synchronous,0.99999204268268
35340.0,35349.8,True,synchronous,0.9999920426826714
35345.0,35354.8,True,synchronous,0.9999920699372717
35350.0,35359.8,True,synchronous,0.999991959346355
35355.0,35364.8,True,synchronous,0.99999204268268
35360.0,35369.8,True,synchronous,0.9999919593196763
35365.0,35374.8,True,synchronous,0.9999920274771215
35370.0,35379.8,True,synchronous,0.9999920427143338
35375.0,35384.8,True,synchronous,0.9999920274771215
35380.0,35389.8,True,synchronous,0.9999920699689249
35385.0,35394.8,True,synchronous,0.9999920274771215
35390.0,35399.8,True,synchronous,0.9999919865731965
35395.0,35404.8,True,synchronous,0.9999920699689262
35400.0,35409.8,True,synchronous,0.9999920426827009
35405.0,35414.8,True,synchronous,0.9999920427142892
35410.0,35419.8,True,synchronous,0.9999920699373468
35415.0,35424.8,True,synchronous,0.9999920699372222
35420.0,35429.8,True,synchronous,0.99999204268268
35425.0,35434.8,True,synchronous,0.9999920699373162
35430.0,35439.8,True,synchronous,0.9999920427142892
35435.0,35444.8,True,synchronous,0.9999919869361029
35440.0,35449.8,True,synchronous,0.9999919869361029
35445.0,35454.8,True,synchronous,0.9999919869361042
35450.0,35459.8,True,synchronous,0.9999920274771215
35455.0,35464.8,True,synchronous,0.9999920427142892
35460.0,35469.8,True,synchronous,0.9999920427142892
35465.0,35474.8,True,synchronous,0.9999919593196721
35470.0,35479.8,True,synchronous,0.9999919593199976
35475.0,35484.8,True,synchronous,0.9999920699689697
35480.0,35489.8,True,synchronous,0.9999920427143327
35485.0,35494.8,True,synchronous,0.99999204268268
35490.0,35499.8,True,synchronous,0.999992042682595
35495.0,35504.8,True,synchronous,0.9999920699371909
35500.0,35509.8,True,synchronous,0.9999920699689262
35505.0,35514.8,True,synchronous,0.9999920274771215
35510.0,35519.8,True,synchronous,0.9999920699689697
35515.0,35524.8,True,synchronous,0.9999919869361029
35520.0,35529.8,True,synchronous,0.9999920699993253
35525.0,35534.8,True,synchronous,0.99999204268268
35530.0,35539.8,True,synchronous,0.9999920274771215
35535.0,35544.8,True,synchronous,0.999991964442306
35540.0,35549.8,True,synchronous,0.9999919644417569
35545.0,35554.8,True,synchronous,0.9999920426826374
35550.0,35559.8,True,synchronous,0.9999920699689262
35555.0,35564.8,True,synchronous,0.9999920699372222
35560.0,35569.8,True,synchronous,0.9999920547305264
35565.0,35574.8,True,synchronous,0.9999920274771215
35570.0,35579.8,True,synchronous,0.9999920427143327
35575.0,35584.8,True,synchronous,0.9999920699372731
35580.0,35589.8,True,synchronous,0.9999920699373162
35585.0,35594.8,True,synchronous,0.9999920699372995
35590.0,35599.8,True,synchronous,0.9999920699373468
35595.0,35604.8,True,synchronous,0.9999920274771215
35600.0,35609.8,True,synchronous,0.99999204268268
35605.0,35614.8,True,synchronous,0.9999920427142892
35610.0,35619.8,True,synchronous,0.9999920427143358
35615.0,35624.8,True,synchronous,0.99999204268268
35620.0,35629.8,True,synchronous,0.9999920274771215
35625.0,35634.8,True,synchronous,0.9999919644417569
35630.0,35639.8,True,synchronous,0.9999919644417724
35635.0,35644.8,True,synchronous,0.9999919916948695
35640.0,35649.8,True,synchronous,0.9999920699373175
35645.0,35654.8,True,synchronous,0.9999920427143358
35650.0,35659.8,True,synchronous,0.9999919593199976
35655.0,35664.8,True,synchronous,0.9999919865731965
35660.0,35669.8,True,synchronous,0.9999920426826714
35665.0,35674.8,True,synchronous,0.9999920426826714
35670.0,35679.8,True,synchronous,0.9999920699689262
35675.0,35684.8,True,synchronous,0.9999920274771215
35680.0,35689.8,True,synchronous,0.9999920427143338
35685.0,35694.8,True,synchronous,0.9999920426827009
35690.0,35699.8,True,synchronous,0.9999919593463581
35695.0,35704.8,True,synchronous,0.999992042682595
35700.0,35709.8,True,synchronous,0.99999204268268
35705.0,35714.8,True,synchronous,0.9999919593196721
35710.0,35719.8,True,synchronous,0.9999920274771215
35715.0,35724.8,True,synchronous,0.9999919865734082
35720.0,35729.8,True,synchronous,0.9999919593196763
35725.0,35734.8,True,synchronous,0.9999920426827009
35730.0,35739.8,True,synchronous,0.9999920699372995
35735.0,35744.8,True,synchronous,0.9999920699689262
35740.0,35749.8,True,synchronous,0.9999919865730775
35745.0,35754.8,True,synchronous,0.9999919593199976
35750.0,35759.8,True,synchronous,0.9999920427143327
35755.0,35764.8,True,synchronous,0.9999920427142892
35760.0,35769.8,True,synchronous,0.99999204268268
35765.0,35774.8,True,synchronous,0.9999920705956171
35770.0,35779.8,True,synchronous,0.9999919593196763
35775.0,35784.8,True,synchronous,0.9999920427142892
35780.0,35789.8,True,synchronous,0.9999920427142892
35785.0,35794.8,True,synchronous,0.9999919865731965
35790.0,35799.8,True,synchronous,0.9999919644422904
35795.0,35804.8,True,synchronous,0.9999919916948711
35800.0,35809.8,True,synchronous,0.9999920426826536
35805.0,35814.8,True,synchronous,0.9999919865730871
35810.0,35819.8,True,synchronous,0.9999919644414573
35815.0,35824.8,True,synchronous,0.9999919593197858
35820.0,35829.8,True,synchronous,0.9999920426827009
35825.0,35834.8,True,synchronous,0.9999920427142892
35830.0,35839.8,True,synchronous,0.9999920274771215
35835.0,35844.8,True,synchronous,0.9999920699689697
35840.0,35849.8,True,synchronous,0.9999919644417569
35845.0,35854.8,True,synchronous,0.9999919644414573
35850.0,35859.8,True,synchronous,0.9999920426826536
35855.0,35864.8,True,synchronous,0.9999920699992432
35860.0,35869.8,True,synchronous,0.9999920699373468
35865.0,35874.8,True,synchronous,0.9999920426826168
35870.0,35879.8,True,synchronous,0.9999919400906854
35875.0,35884.8,True,synchronous,0.9999920699992432
35880.0,35889.8,True,synchronous,0.9999920427143327
35885.0,35894.8,True,synchronous,0.9999920274771215
35890.0,35899.8,True,synchronous,0.9999920699689697
35895.0,35904.8,True,synchronous,0.9999920426826714
35900.0,35909.8,True,synchronous,0.9999920699373468
35905.0,35914.8,True,synchronous,0.9999920426826168
35910.0,35919.8,True,synchronous,0.9999920699373175
35915.0,35924.8,True,synchronous,0.9999920427142892
35920.0,35929.8,True,synchronous,0.9999920547305264
35925.0,35934.8,True,synchronous,0.9999919865730775
35930.0,35939.8,True,synchronous,0.9999920547305264
35935.0,35944.8,True,synchronous,0.9999920427143938
35940.0,35949.8,True,synchronous,0.9999920699992667
35945.0,35954.8,True,synchronous,0.9999920699373468
35950.0,35959.8,True,synchronous,0.9999920274771215
35955.0,35964.8,True,synchronous,0.9999920274771215
35960.0,35969.8,True,synchronous,0.9999920274771215
35965.0,35974.8,True,synchronous,0.9999920427143327
35970.0,35979.8,True,synchronous,0.9999920426826168
35975.0,35984.8,True,synchronous,0.9999920699993518
35980.0,35989.8,True,synchronous,0.9999920699993518
35985.0,35994.8,True,synchronous,0.9999920699689262
35990.0,35999.8,True,synchronous,0.9999920427143327
35995.0,36004.8,True,synchronous,0.9999920426826714
36000.0,36009.8,True,synchronous,0.99999204268268
36005.0,36014.8,True,synchronous,0.9999920427142892
36010.0,36019.8,True,synchronous,0.9999920427143358
36015.0,36024.8,True,synchronous,0.9999920427143327
36020.0,36029.8,True,synchronous,0.9999920274771215
36025.0,36034.8,True,synchronous,0.9999920427143341
36030.0,36039.8,True,synchronous,0.9999920427142892
36035.0,36044.8,True,synchronous,0.9999920547305264
36040.0,36049.8,True,synchronous,0.9999920547305264
36045.0,36054.8,True,synchronous,0.9999920699689262
36050.0,36059.8,True,synchronous,0.9999920699372222
36055.0,36064.8,True,synchronous,0.9999920427142892
36060.0,36069.8,True,synchronous,0.9999920547305264
36065.0,36074.8,True,synchronous,0.9999920427142892
36070.0,36079.8,True,synchronous,0.999992042682595
36075.0,36084.8,True,synchronous,0.9999919593463581
36080.0,36089.8,True,synchronous,0.9999920699993993
36085.0,36094.8,True,synchronous,0.9999920699993697
36090.0,36099.8,True,synchronous,0.9999919594091204
36095.0,36104.8,True,synchronous,0.9999920699992432
36100.0,36109.8,True,synchronous,0.9999920699992885
36105.0,36114.8,True,synchronous,0.9999920699993518
36110.0,36119.8,True,synchronous,0.9999920699992885
36115.0,36124.8,True,synchronous,0.9999919865731965
36120.0,36129.8,True,synchronous,0.9999919916948711
36125.0,36134.8,True,synchronous,0.9999920699993993
36130.0,36139.8,True,synchronous,0.9999920274771215
36135.0,36144.8,True,synchronous,0.9999920426826374
36140.0,36149.8,True,synchronous,0.9999920426826168
36145.0,36154.8,True,synchronous,0.999992042682595
36150.0,36159.8,True,synchronous,0.9999920426827009
36155.0,36164.8,True,synchronous,0.9999920274771215
36160.0,36169.8,True,synchronous,0.9999920274771215
36165.0,36174.8,True,synchronous,0.9999920274771215
36170.0,36179.8,True,synchronous,0.9999920699689697
36175.0,36184.8,True,synchronous,0.9999920699689728
36180.0,36189.8,True,synchronous,0.9999920274771215
36185.0,36194.8,True,synchronous,0.9999919865731965
36190.0,36199.8,True,synchronous,0.9999920699690308
36195.0,36204.8,True,synchronous,0.9999919593196721
36200.0,36209.8,True,synchronous,0.9999919865734097
36205.0,36214.8,True,synchronous,0.9999919869361029
36210.0,36219.8,True,synchronous,0.9999920427143352
36215.0,36224.8,True,synchronous,0.9999920446691961
36220.0,36229.8,True,synchronous,0.9999920274771215
36225.0,36234.8,True,synchronous,0.9999920427143327
36230.0,36239.8,True,synchronous,0.99999204268268
36235.0,36244.8,True,synchronous,0.99999204268268
36240.0,36249.8,True,synchronous,0.9999920427142905
36245.0,36254.8,True,synchronous,0.9999920427143327
36250.0,36259.8,True,synchronous,0.9999920547305264
36255.0,36264.8,True,synchronous,0.9999919400880786
36260.0,36269.8,True,synchronous,0.9999920547305264
36265.0,36274.8,True,synchronous,0.9999920547305264
36270.0,36279.8,True,synchronous,0.9999920699992885
36275.0,36284.8,True,synchronous,0.9999920547305264
36280.0,36289.8,True,synchronous,0.9999920274771215
36285.0,36294.8,True,synchronous,0.9999920699689728
36290.0,36299.8,True,synchronous,0.9999920426826727
36295.0,36304.8,True,synchronous,0.9999920426826181
36300.0,36309.8,True,synchronous,0.9999920547305264
36305.0,36314.8,True,synchronous,0.9999920274771215
36310.0,36319.8,True,synchronous,0.9999920427142892
36315.0,36324.8,True,synchronous,0.9999920427142892
36320.0,36329.8,True,synchronous,0.9999920446375643
36325.0,36334.8,True,synchronous,0.9999920699689728
36330.0,36339.8,True,synchronous,0.9999920547305264
36335.0,36344.8,True,synchronous,0.9999920699689262
36340.0,36349.8,True,synchronous,0.9999920427143951
36345.0,36354.8,True,synchronous,0.9999920426826168
36350.0,36359.8,True,synchronous,0.9999920426826168
36355.0,36364.8,True,synchronous,0.9999920426827009
36360.0,36369.8,True,synchronous,0.9999919865730775
36365.0,36374.8,True,synchronous,0.9999919593197858
36370.0,36379.8,True,synchronous,0.9999919865730871
36375.0,36384.8,True,synchronous,0.9999920699992432
36380.0,36389.8,True,synchronous,0.9999920547305264
36385.0,36394.8,True,synchronous,0.9999920427143358
36390.0,36399.8,True,synchronous,0.9999920426826028
36395.0,36404.8,True,synchronous,0.9999920426825715
36400.0,36409.8,True,synchronous,0.9999920699992667
36405.0,36414.8,True,synchronous,0.9999920699993518
36410.0,36419.8,True,synchronous,0.9999920719858417
36415.0,36424.8,True,synchronous,0.9999920719541064
36420.0,36429.8,True,synchronous,0.9999920699689697
36425.0,36434.8,True,synchronous,0.9999920446375183
36430.0,36439.8,True,synchronous,0.9999920699373468
36435.0,36444.8,True,synchronous,0.99999204268268
36440.0,36449.8,True,synchronous,0.9999920427142892
36445.0,36454.8,True,synchronous,0.9999920699689728
36450.0,36459.8,True,synchronous,0.9999919865730775
36455.0,36464.8,True,synchronous,0.9999919916952228
36460.0,36469.8,True,synchronous,0.9999919593197858
36465.0,36474.8,True,synchronous,0.99999198852795
36470.0,36479.8,True,synchronous,0.9999920699689697
36475.0,36484.8,True,synchronous,0.9999920427142905
36480.0,36489.8,True,synchronous,0.9999920699992745
36485.0,36494.8,True,synchronous,0.9999920699690308
36490.0,36499.8,True,synchronous,0.9999920427143341
36495.0,36504.8,True,synchronous,0.9999919869361042
36500.0,36509.8,True,synchronous,0.9999920547305264
36505.0,36514.8,True,synchronous,0.9999919593199976
36510.0,36519.8,True,synchronous,0.9999920427142892
36515.0,36524.8,True,synchronous,0.9999920699373175
36520.0,36529.8,True,synchronous,0.9999919869361029
36525.0,36534.8,True,synchronous,0.9999920699689697
36530.0,36539.8,True,synchronous,0.9999920274771228
36535.0,36544.8,True,synchronous,0.9999920699689262
36540.0,36549.8,True,synchronous,0.9999920699689262
36545.0,36554.8,True,synchronous,0.9999920274771228
36550.0,36559.8,True,synchronous,0.9999920446375361
36555.0,36564.8,True,synchronous,0.9999920719858861
36560.0,36569.8,True,synchronous,0.9999919865730871
36565.0,36574.8,True,synchronous,0.9999919593197873
36570.0,36579.8,True,synchronous,0.9999920547305264
36575.0,36584.8,True,synchronous,0.9999920427142905
36580.0,36589.8,True,synchronous,0.9999920427142892
36585.0,36594.8,True,synchronous,0.9999920446691528
36590.0,36599.8,True,synchronous,0.9999920446375348
36595.0,36604.8,True,synchronous,0.9999920274771215
36600.0,36609.8,True,synchronous,0.9999920547305264
36605.0,36614.8,True,synchronous,0.9999920699992885
36610.0,36619.8,True,synchronous,0.9999920699993518
36615.0,36624.8,True,synchronous,0.9999919864297798
36620.0,36629.8,True,synchronous,0.999992070031022
36625.0,36634.8,True,synchronous,0.9999920426826041
36630.0,36639.8,True,synchronous,0.9999920426826181
36635.0,36644.8,True,synchronous,0.9999920426826814
36640.0,36649.8,True,synchronous,0.9999920699993518
36645.0,36654.8,True,synchronous,0.9999920427143938
36650.0,36659.8,True,synchronous,0.9999920699689728
36655.0,36664.8,True,synchronous,0.9999919868733401
36660.0,36669.8,True,synchronous,0.9999919936500857
36665.0,36674.8,True,synchronous,0.9999919644417569
36670.0,36679.8,True,synchronous,0.9999920547305264
36675.0,36684.8,True,synchronous,0.9999920699373175
36680.0,36689.8,True,synchronous,0.9999920719541886
36685.0,36694.8,True,synchronous,0.9999920699992432
36690.0,36699.8,True,synchronous,0.9999920699993518
36695.0,36704.8,True,synchronous,0.9999920699993697
36700.0,36709.8,True,synchronous,0.9999920426826536
36705.0,36714.8,True,synchronous,0.9999920699373468
36710.0,36719.8,True,synchronous,0.9999920427143951
36715.0,36724.8,True,synchronous,0.9999920426827023
36720.0,36729.8,True,synchronous,0.99999204268268
36725.0,36734.8,True,synchronous,0.9999920699372995
36730.0,36739.8,True,synchronous,0.9999919644414573
36735.0,36744.8,True,synchronous,0.9999919916959658
36740.0,36749.8,True,synchronous,0.9999919593197873
36745.0,36754.8,True,synchronous,0.9999920274771228
36750.0,36759.8,True,synchronous,0.9999920566853896
36755.0,36764.8,True,synchronous,0.9999919869361042
36760.0,36769.8,True,synchronous,0.9999920699993253
36765.0,36774.8,True,synchronous,0.9999920427763863
36770.0,36779.8,True,synchronous,0.9999920699992885
36775.0,36784.8,True,synchronous,0.9999920699992885
36780.0,36789.8,True,synchronous,0.9999919865731965
36785.0,36794.8,True,synchronous,0.9999919593196737
36790.0,36799.8,True,synchronous,0.9999920274771228
36795.0,36804.8,True,synchronous,0.9999920274771215
36800.0,36809.8,True,synchronous,0.9999920427143352
36805.0,36814.8,True,synchronous,0.9999919916948711
36810.0,36819.8,True,synchronous,0.9999919916948711
36815.0,36824.8,True,synchronous,0.9999920699689728
36820.0,36829.8,True,synchronous,0.9999919593197858
36825.0,36834.8,True,synchronous,0.9999920547305264
36830.0,36839.8,True,synchronous,0.9999920699993993
36835.0,36844.8,True,synchronous,0.9999920427142905
36840.0,36849.8,True,synchronous,0.9999920274771215
36845.0,36854.8,True,synchronous,0.9999920547305264
36850.0,36859.8,True,synchronous,0.9999920699992885
36855.0,36864.8,True,synchronous,0.9999920699689697
36860.0,36869.8,True,synchronous,0.9999920699373175
36865.0,36874.8,True,synchronous,0.9999920547925787
36870.0,36879.8,True,synchronous,0.9999920567474418
36875.0,36884.8,True,synchronous,0.9999920699373468
36880.0,36889.8,True,synchronous,0.9999920699373468
36885.0,36894.8,True,synchronous,0.999992070031022
36890.0,36899.8,True,synchronous,0.9999920699993518
36895.0,36904.8,True,synchronous,0.99999207195413
36900.0,36909.8,True,synchronous,0.9999919612745369
36905.0,36914.8,True,synchronous,0.9999919593197858
36910.0,36919.8,True,synchronous,0.9999920547305264
36915.0,36924.8,True,synchronous,0.9999920699993253
36920.0,36929.8,True,synchronous,0.9999919869361042
36925.0,36934.8,True,synchronous,0.9999919869361029
36930.0,36939.8,True,synchronous,0.9999920699992745
36935.0,36944.8,True,synchronous,0.9999920699993253
36940.0,36949.8,True,synchronous,0.9999920699993518
36945.0,36954.8,True,synchronous,0.9999920699993518
36950.0,36959.8,True,synchronous,0.9999920427143341
36955.0,36964.8,True,synchronous,0.9999920547305264
36960.0,36969.8,True,synchronous,0.9999920274771228
36965.0,36974.8,True,synchronous,0.9999919612745369
36970.0,36979.8,True,synchronous,0.9999919885279405
36975.0,36984.8,True,synchronous,0.9999920446996181
36980.0,36989.8,True,synchronous,0.9999920699373175
36985.0,36994.8,True,synchronous,0.9999920274771215
36990.0,36999.8,True,synchronous,0.999996451820328
36995.0,37004.8,True,synchronous,0.9999964464677173
37000.0,37009.8,True,synchronous,0.999996458639095
37005.0,37014.8,True,fridge,0.22539694368016588
37010.0,37019.8,True,fridge,0.2253548531921955
37015.0,37024.8,True,fridge,0.22764303880349362
37020.0,37029.8,True,fridge,0.22764303710154457
37025.0,37034.8,True,fridge,0.22764303859173607
37030.0,37039.8,True,fridge,0.2272671310427749
37035.0,37044.8,True,fridge,0.22764329228372424
37040.0,37049.8,True,fridge,0.2272671310427749
37045.0,37054.8,True,fridge,0.2272671310427749
37050.0,37059.8,True,fridge,0.22726713105433208
37055.0,37064.8,True,fridge,0.2272671310427749
37060.0,37069.8,True,fridge,0.22764329229531974
37065.0,37074.8,True,fridge,0.22764303523466017
37070.0,37079.8,True,fridge,0.22559966244891158
37075.0,37084.8,True,fridge,0.2256047332054651
37080.0,37089.8,True,fridge,0.2272671310427749
37085.0,37094.8,True,fridge,0.22778043428074485
37090.0,37099.8,True,fridge,0.22778043428074485
37095.0,37104.8,True,fridge,0.22764303472514757
37100.0,37109.8,True,fridge,0.22764303859173607
37105.0,37114.8,True,fridge,0.2272671310427749
37110.0,37119.8,True,fridge,0.2272671309980799
37115.0,37124.8,True,fridge,0.2272671309980799
37120.0,37129.8,True,fridge,0.22633278311950383
37125.0,37134.8,True,fridge,0.22764303859173607
37130.0,37139.8,True,fridge,0.22764303473674305
37135.0,37144.8,True,fridge,0.22764303473674305
37140.0,37149.8,True,fridge,0.2276430364573094
37145.0,37154.8,True,fridge,0.22778043467894762
37150.0,37159.8,True,fridge,0.22778043467894762
37155.0,37164.8,True,fridge,0.22559966244891158
37160.0,37169.8,True,fridge,0.22559966718501462
37165.0,37174.8,True,fridge,0.22764329335686032
37170.0,37179.8,True,fridge,0.2272671310427749
37175.0,37184.8,True,fridge,0.2267058557776039
37180.0,37189.8,True,fridge,0.22764303859173607
37185.0,37194.8,True,fridge,0.22764303880349362
37190.0,37199.8,True,fridge,0.2272671310427749
37195.0,37204.8,True,fridge,0.2276432933137265
37200.0,37209.8,True,fridge,0.22764329228372424
37205.0,37214.8,True,fridge,0.2272671310427749
37210.0,37219.8,True,fridge,0.22764303880349362
37215.0,37224.8,True,fridge,0.22764303472514757
37220.0,37229.8,True,fridge,0.2276430344775187
37225.0,37234.8,True,fridge,0.22764303880349362
37230.0,37239.8,True,fridge,0.22559965980161556
37235.0,37244.8,True,fridge,0.22559965980161556
37240.0,37249.8,True,fridge,0.2276432948506003
37245.0,37254.8,True,fridge,0.22764329228372424
37250.0,37259.8,True,fridge,0.22764329228372424
37255.0,37264.8,True,fridge,0.2276430393206785
37260.0,37269.8,True,fridge,0.22764303523466017
37265.0,37274.8,True,fridge,0.22764329335686032
37270.0,37279.8,True,fridge,0.2272671310427749
37275.0,37284.8,True,fridge,0.2276432933822404
37280.0,37289.8,True,fridge,0.22764329335686032
37285.0,37294.8,True,fridge,0.22560474315943732
37290.0,37299.8,True,fridge,0.2256047436579742
37295.0,37304.8,True,fridge,0.22537191882920315
37300.0,37309.8,True,fridge,0.22764303644571393
37305.0,37314.8,True,fridge,0.22764303859173607
37310.0,37319.8,True,fridge,0.22670560375009002
37315.0,37324.8,True,fridge,0.22764329486219584
37320.0,37329.8,True,fridge,0.22764303880349362
37325.0,37334.8,True,fridge,0.22764303880349362
37330.0,37339.8,True,fridge,0.2276430393206785
37335.0,37344.8,True,fridge,0.22684153792605552
37340.0,37349.8,True,fridge,0.2276432933822404
37345.0,37354.8,True,fridge,0.22764303880349362
37350.0,37359.8,True,fridge,0.22764303389601798
37355.0,37364.8,True,fridge,0.22764303859173607
37360.0,37369.8,True,fridge,0.22764303859173607
37365.0,37374.8,True,fridge,0.22764329335686032
37370.0,37379.8,True,fridge,0.22764329228372424
37375.0,37384.8,True,fridge,0.2276430393206785
37380.0,37389.8,True,fridge,0.22670585687863537
37385.0,37394.8,True,fridge,0.22764329344556342
37390.0,37399.8,True,fridge,0.22559966718501462
37395.0,37404.8,True,fridge,0.22559966718501462
37400.0,37409.8,True,fridge,0.22764329336845582
37405.0,37414.8,True,fridge,0.22764329336845582
37410.0,37419.8,True,fridge,0.2276432933822404
37415.0,37424.8,True,fridge,0.22764303438204256
37420.0,37429.8,True,fridge,0.22764329335686032
37425.0,37434.8,True,fridge,0.22764303880349362
37430.0,37439.8,True,fridge,0.22764303881508904
37435.0,37444.8,True,fridge,0.22764303390761348
37440.0,37449.8,True,fridge,0.2276432933822404
37445.0,37454.8,True,fridge,0.2272671310427749
37450.0,37459.8,True,fridge,0.22764303523466017
37455.0,37464.8,True,fridge,0.2277804342922524
37460.0,37469.8,True,fridge,0.22764303710154457
37465.0,37474.8,True,fridge,0.22468396741842003
37470.0,37479.8,True,fridge,0.225604725957731
37475.0,37484.8,True,fridge,0.2272671310427749
37480.0,37489.8,True,fridge,0.22633278311950383
37485.0,37494.8,True,fridge,0.22560473319407637
37490.0,37499.8,True,fridge,0.225604725957731
37495.0,37504.8,True,fridge,0.22764303389601798
37500.0,37509.8,True,fridge,0.22764329228372424
37505.0,37514.8,True,fridge,0.22764329335686032
37510.0,37519.8,True,fridge,0.2256047259691197
37515.0,37524.8,True,fridge,0.22560473320124405
37520.0,37529.8,True,fridge,0.22467894985205308
37525.0,37534.8,True,fridge,0.2276432948506003
37530.0,37539.8,True,fridge,0.22764303859173607
37535.0,37544.8,True,fridge,0.22764329228372424
37540.0,37549.8,True,fridge,0.22764303880349362
37545.0,37554.8,True,fridge,0.22778043467894762
37550.0,37559.8,True,fridge,0.22764303389601798
37555.0,37564.8,True,fridge,0.2276430393206785
37560.0,37569.8,True,fridge,0.22764329343396789
37565.0,37574.8,True,fridge,0.2276432948506003
37570.0,37579.8,True,fridge,0.22764329335686032
37575.0,37584.8,True,fridge,0.22764329335686032
37580.0,37589.8,True,fridge,0.22764303933227398
37585.0,37594.8,True,fridge,0.22764303933227398
37590.0,37599.8,True,fridge,0.22559965979022734
37595.0,37604.8,True,fridge,0.22764329335686032
37600.0,37609.8,True,fridge,0.2276432948506003
37605.0,37614.8,True,fridge,0.22764303859173607
37610.0,37619.8,True,fridge,0.22764303711314005
37615.0,37624.8,True,fridge,0.2276430386033315
37620.0,37629.8,True,fridge,0.22764303859173607
37625.0,37634.8,True,fridge,0.22764329229531974
37630.0,37639.8,True,fridge,0.22764303448911416
37635.0,37644.8,True,fridge,0.22764303389601798
37640.0,37649.8,True,fridge,0.22393653517266832
37645.0,37654.8,True,fridge,0.2956363917433198
37650.0,37659.8,True,synchronous,0.5949480530625211
37655.0,37664.8,True,synchronous,0.7316019651753801
37660.0,37669.8,True,synchronous,0.7315990593625461
37665.0,37674.8,True,synchronous,0.7326222499593312
37670.0,37679.8,True,synchronous,0.7326222499593312
37675.0,37684.8,True,synchronous,0.41459883809946685
37680.0,37689.8,True,synchronous,0.7326222499593312
37685.0,37694.8,True,synchronous,0.731599059506611
37690.0,37699.8,True,synchronous,0.7326222499593312
37695.0,37704.8,True,synchronous,0.7326223715892933
37700.0,37709.8,True,synchronous,0.7326223716155629
37705.0,37714.8,True,synchronous,0.7326223715892933
37710.0,37719.8,True,synchronous,0.4144389486952924
37715.0,37724.8,True,synchronous,0.732493177261103
37720.0,37729.8,True,synchronous,0.732493177261103
37725.0,37734.8,True,synchronous,0.7316023560073535
37730.0,37739.8,True,synchronous,0.7326223712111143
37735.0,37744.8,True,synchronous,0.732493177261103
37740.0,37749.8,True,synchronous,0.4145989894346194
37745.0,37754.8,True,synchronous,0.7326223716155629
37750.0,37759.8,True,synchronous,0.732493177261103
37755.0,37764.8,True,synchronous,0.7315990624902462
37760.0,37769.8,True,synchronous,0.732493177261103
37765.0,37774.8,True,synchronous,0.4144389486952924
37770.0,37779.8,True,synchronous,0.7326222499593312
37775.0,37784.8,True,synchronous,0.7326222499593312
37780.0,37789.8,True,synchronous,0.7433039917877544
37785.0,37794.8,True,synchronous,0.5233190633391096
37790.0,37799.8,True,synchronous,0.9999983782705185
37795.0,37804.8,True,synchronous,0.9999983497599588
37800.0,37809.8,True,synchronous,0.9999983497599588
37805.0,37814.8,True,synchronous,0.9999983782705316
37810.0,37819.8,True,synchronous,0.9999983782768566
37815.0,37824.8,True,synchronous,0.9999983765956961
37820.0,37829.8,True,synchronous,0.9999983765971507
37825.0,37834.8,True,synchronous,0.999998378275402
37830.0,37839.8,True,synchronous,0.9999983782754086
37835.0,37844.8,True,synchronous,0.9999983649537638
37840.0,37849.8,True,synchronous,0.9999983765956961
37845.0,37854.8,True,synchronous,0.9999983497599588
37850.0,37859.8,True,synchronous,0.9999983782705312
37855.0,37864.8,True,synchronous,0.9999983649538053
37860.0,37869.8,True,synchronous,0.9999983660067874
37865.0,37874.8,True,synchronous,0.9999983649552602
37870.0,37879.8,True,synchronous,0.9999983765956961
37875.0,37884.8,True,synchronous,0.9999983782705312
37880.0,37889.8,True,synchronous,0.9999983782753971
37885.0,37894.8,True,synchronous,0.999998378275402
37890.0,37899.8,True,synchronous,0.9999983649537638
37895.0,37904.8,True,synchronous,0.9999983782754024
37900.0,37909.8,True,synchronous,0.9999983497599588
37905.0,37914.8,True,synchronous,0.9999983782705236
37910.0,37919.8,True,synchronous,0.9999983782719858
37915.0,37924.8,True,synchronous,0.9999983765956961
37920.0,37929.8,True,synchronous,0.9999983765956961
37925.0,37934.8,True,synchronous,0.999998378270535
37930.0,37939.8,True,synchronous,0.9999983782705232
37935.0,37944.8,True,synchronous,0.9999983782705252
37940.0,37949.8,True,synchronous,0.999998378270535
37945.0,37954.8,True,synchronous,0.9999983782754086
37950.0,37959.8,True,synchronous,0.9999983649537638
37955.0,37964.8,True,synchronous,0.9999983765956961
37960.0,37969.8,True,synchronous,0.9999983782705185
37965.0,37974.8,True,synchronous,0.9999983782719858
37970.0,37979.8,True,synchronous,0.9999983660067874
37975.0,37984.8,True,synchronous,0.9999983765956961
37980.0,37989.8,True,synchronous,0.9999983782719858
37985.0,37994.8,True,synchronous,0.9999983782705252
37990.0,37999.8,True,synchronous,0.9999983782705252
37995.0,38004.8,True,synchronous,0.9999983782705285
38000.0,38009.8,True,synchronous,0.9999983782705312
38005.0,38014.8,True,synchronous,0.9999983782705312
38010.0,38019.8,True,synchronous,0.9999983765956961
38015.0,38024.8,True,synchronous,0.9999983765956961
38020.0,38029.8,True,synchronous,0.9999983649537656
38025.0,38034.8,True,synchronous,0.9999983660069526
38030.0,38039.8,True,synchronous,0.9999983660069526
38035.0,38044.8,True,synchronous,0.9999983765956961
38040.0,38049.8,True,synchronous,0.9999983782768517
38045.0,38054.8,True,synchronous,0.9999983782705312
38050.0,38059.8,True,synchronous,0.9999983782768517
38055.0,38064.8,True,synchronous,0.9999983782705185
38060.0,38069.8,True,synchronous,0.999998378275402
38065.0,38074.8,True,synchronous,0.9999983782705316
38070.0,38079.8,True,synchronous,0.9999983782768566
38075.0,38084.8,True,synchronous,0.9999983765956961
38080.0,38089.8,True,synchronous,0.9999983782768566
38085.0,38094.8,True,synchronous,0.9999983660067874
38090.0,38099.8,True,synchronous,0.9999983660068389
38095.0,38104.8,True,synchronous,0.9999983660082935
38100.0,38109.8,True,synchronous,0.999998378275402
38105.0,38114.8,True,synchronous,0.9999983782753971
38110.0,38119.8,True,synchronous,0.9999983765956961
38115.0,38124.8,True,synchronous,0.9999983782719858
38120.0,38129.8,True,synchronous,0.999998349761437
38125.0,38134.8,True,synchronous,0.9999983782719858
38130.0,38139.8,True,synchronous,0.9999983782753971
38135.0,38144.8,True,synchronous,0.9999983782719896
38140.0,38149.8,True,synchronous,0.999998378275402
38145.0,38154.8,True,synchronous,0.9999983782705312
38150.0,38159.8,True,synchronous,0.9999983765971507
38155.0,38164.8,True,synchronous,0.9999983649537638
38160.0,38169.8,True,synchronous,0.999998378276857
38165.0,38174.8,True,synchronous,0.9999983782705316
38170.0,38179.8,True,synchronous,0.999998378275402
38175.0,38184.8,True,synchronous,0.9999983765956961
38180.0,38189.8,True,synchronous,0.999998378275402
38185.0,38194.8,True,synchronous,0.9999983765956961
38190.0,38199.8,True,synchronous,0.9999983765956961
38195.0,38204.8,True,synchronous,0.999998378275402
38200.0,38209.8,True,synchronous,0.999998366008242
38205.0,38214.8,True,synchronous,0.9999983660068389
38210.0,38219.8,True,synchronous,0.9999983765971507
38215.0,38224.8,True,synchronous,0.9999983765956961
38220.0,38229.8,True,synchronous,0.9999983765971507
38225.0,38234.8,True,synchronous,0.9999983782719798
38230.0,38239.8,True,synchronous,0.9999983782719858
38235.0,38244.8,True,synchronous,0.9999983765971507
38240.0,38249.8,True,synchronous,0.9999983782754086
38245.0,38254.8,True,synchronous,0.9999983782719798
38250.0,38259.8,True,synchronous,0.9999983782705285
38255.0,38264.8,True,synchronous,0.9999983782705312
38260.0,38269.8,True,synchronous,0.9999983782705252
38265.0,38274.8,True,synchronous,0.9999983782753971
38270.0,38279.8,True,synchronous,0.9999983649537638
38275.0,38284.8,True,synchronous,0.999998378275402
38280.0,38289.8,True,synchronous,0.999998378275402
38285.0,38294.8,True,synchronous,0.9999983782753971
38290.0,38299.8,True,synchronous,0.9999983782705312
38295.0,38304.8,True,synchronous,0.9999983782705316
38300.0,38309.8,True,synchronous,0.999998378275402
38305.0,38314.8,True,synchronous,0.9999983782719858
38310.0,38319.8,True,synchronous,0.9999983765956961
38315.0,38324.8,True,synchronous,0.999998378275402
38320.0,38329.8,True,synchronous,0.999998378275402
38325.0,38334.8,True,synchronous,0.9999983765956961
38330.0,38339.8,True,synchronous,0.9999983765971507
38335.0,38344.8,True,synchronous,0.9999983782719858
38340.0,38349.8,True,synchronous,0.9999983782705252
38345.0,38354.8,True,synchronous,0.9999983782705316
38350.0,38359.8,True,synchronous,0.999998378270535
38355.0,38364.8,True,synchronous,0.9999983782753971
38360.0,38369.8,True,synchronous,0.999998378275402
38365.0,38374.8,True,synchronous,0.9999983765956961
38370.0,38379.8,True,synchronous,0.999998378275402
38375.0,38384.8,True,synchronous,0.9999983782705316
38380.0,38389.8,True,synchronous,0.999998378275402
38385.0,38394.8,True,synchronous,0.9999983782719858
38390.0,38399.8,True,synchronous,0.999998378275402
38395.0,38404.8,True,synchronous,0.9999983782705252
38400.0,38409.8,True,synchronous,0.999998378270535
38405.0,38414.8,True,synchronous,0.9999983649538053
38410.0,38419.8,True,synchronous,0.9999983765956961
38415.0,38424.8,True,synchronous,0.9999983765956961
38420.0,38429.8,True,synchronous,0.9999983782768566
38425.0,38434.8,True,synchronous,0.999998378270535
38430.0,38439.8,True,synchronous,0.9999983782754024
38435.0,38444.8,True,synchronous,0.9999983782753971
38440.0,38449.8,True,synchronous,0.9999983765971507
38445.0,38454.8,True,synchronous,0.999998378270535
38450.0,38459.8,True,synchronous,0.9999983782705252
38455.0,38464.8,True,synchronous,0.9999983782719782
38460.0,38469.8,True,synchronous,0.9999983649552187
38465.0,38474.8,True,synchronous,0.9999983765956961
38470.0,38479.8,True,synchronous,0.999998378275402
38475.0,38484.8,True,synchronous,0.999998378275402
38480.0,38489.8,True,synchronous,0.999998378275402
38485.0,38494.8,True,synchronous,0.9999983497614368
38490.0,38499.8,True,synchronous,0.9999983782719731
38495.0,38504.8,True,synchronous,0.9999983782719858
38500.0,38509.8,True,synchronous,0.9999983765971507
38505.0,38514.8,True,synchronous,0.9999983782705316
38510.0,38519.8,True,synchronous,0.9999983765971507
38515.0,38524.8,True,synchronous,0.9999983765956961
38520.0,38529.8,True,synchronous,0.9999983765956961
38525.0,38534.8,True,synchronous,0.9999983765956961
38530.0,38539.8,True,synchronous,0.9999983649538053
38535.0,38544.8,True,synchronous,0.9999983765956961
38540.0,38549.8,True,synchronous,0.9999983782754086
38545.0,38554.8,True,synchronous,0.9999983765971507
38550.0,38559.8,True,synchronous,0.9999983782719776
38555.0,38564.8,True,synchronous,0.9999983782753971
38560.0,38569.8,True,synchronous,0.999998378275402
38565.0,38574.8,True,synchronous,0.9999983782754086
38570.0,38579.8,True,synchronous,0.9999983765971507
38575.0,38584.8,True,synchronous,0.9999983782719858
38580.0,38589.8,True,synchronous,0.9999983782705316
38585.0,38594.8,True,synchronous,0.999998378270535
38590.0,38599.8,True,synchronous,0.9999983782705252
38595.0,38604.8,True,synchronous,0.9999983782719862
38600.0,38609.8,True,synchronous,0.9999983782719858
38605.0,38614.8,True,synchronous,0.9999983782705312
38610.0,38619.8,True,synchronous,0.9999983782705312
38615.0,38624.8,True,synchronous,0.9999983782768566
38620.0,38629.8,True,synchronous,0.9999983782753971
38625.0,38634.8,True,synchronous,0.9999983782719731
38630.0,38639.8,True,synchronous,0.9999983782719862
38635.0,38644.8,True,synchronous,0.9999983782705316
38640.0,38649.8,True,synchronous,0.9999983782705312
38645.0,38654.8,True,synchronous,0.9999983782705316
38650.0,38659.8,True,synchronous,0.9999983782753971
38655.0,38664.8,True,synchronous,0.9999983782754024
38660.0,38669.8,True,synchronous,0.9999983765971507
38665.0,38674.8,True,synchronous,0.9999983782719896
38670.0,38679.8,True,synchronous,0.9999983660068389
38675.0,38684.8,True,synchronous,0.9999983649538053
38680.0,38689.8,True,synchronous,0.9999983782768566
38685.0,38694.8,True,synchronous,0.9999983782768517
38690.0,38699.8,True,synchronous,0.9999983782705312
38695.0,38704.8,True,synchronous,0.9999983497599588
38700.0,38709.8,True,synchronous,0.9999983782754024
38705.0,38714.8,True,synchronous,0.9999983765956961
38710.0,38719.8,True,synchronous,0.9999983782768517
38715.0,38724.8,True,synchronous,0.9999983782768566
38720.0,38729.8,True,synchronous,0.9999983782719896
38725.0,38734.8,True,synchronous,0.9999983782719782
38730.0,38739.8,True,synchronous,0.9999983782705312
38735.0,38744.8,True,synchronous,0.9999983782753971
38740.0,38749.8,True,synchronous,0.9999983782754086
38745.0,38754.8,True,synchronous,0.9999983649537656
38750.0,38759.8,True,synchronous,0.9999983765956961
38755.0,38764.8,True,synchronous,0.9999983782768517
38760.0,38769.8,True,synchronous,0.9999983660069526
38765.0,38774.8,True,synchronous,0.9999983660069526
38770.0,38779.8,True,synchronous,0.999998349761437
38775.0,38784.8,True,synchronous,0.9999983782719776
38780.0,38789.8,True,synchronous,0.9999983782719896
38785.0,38794.8,True,synchronous,0.9999983782705312
38790.0,38799.8,True,synchronous,0.9999983782705312
38795.0,38804.8,True,synchronous,0.9999983782719858
38800.0,38809.8,True,synchronous,0.9999983782719776
38805.0,38814.8,True,synchronous,0.9999983765971507
38810.0,38819.8,True,synchronous,0.9999983765956961
38815.0,38824.8,True,synchronous,0.999998378276857
38820.0,38829.8,True,synchronous,0.999998378275402
38825.0,38834.8,True,synchronous,0.9999983765956961
38830.0,38839.8,True,synchronous,0.9999983649537776
38835.0,38844.8,True,synchronous,0.999998378270535
38840.0,38849.8,True,synchronous,0.9999983782719731
38845.0,38854.8,True,synchronous,0.9999983782705252
38850.0,38859.8,True,synchronous,0.9999983782705185
38855.0,38864.8,True,synchronous,0.9999983782705316
38860.0,38869.8,True,synchronous,0.9999983782719858
38865.0,38874.8,True,synchronous,0.9999983782719858
38870.0,38879.8,True,synchronous,0.9999983660069526
38875.0,38884.8,True,synchronous,0.9999983660067874
38880.0,38889.8,True,synchronous,0.9999983782754024
38885.0,38894.8,True,synchronous,0.999998378270535
38890.0,38899.8,True,synchronous,0.9999983782705312
38895.0,38904.8,True,synchronous,0.9999983782705252
38900.0,38909.8,True,synchronous,0.9999983782705316
38905.0,38914.8,True,synchronous,0.9999983765971507
38910.0,38919.8,True,synchronous,0.9999983649537656
38915.0,38924.8,True,synchronous,0.9999983782705316
38920.0,38929.8,True,synchronous,0.9999983782754024
38925.0,38934.8,True,synchronous,0.9999983649552187
38930.0,38939.8,True,synchronous,0.9999983765971507
38935.0,38944.8,True,synchronous,0.9999983782754024
38940.0,38949.8,True,synchronous,0.9999983782719831
38945.0,38954.8,True,synchronous,0.9999983782705232
38950.0,38959.8,True,synchronous,0.9999983782705185
38955.0,38964.8,True,synchronous,0.9999983782719782
38960.0,38969.8,True,synchronous,0.9999983782705312
38965.0,38974.8,True,synchronous,0.9999983782719858
38970.0,38979.8,True,synchronous,0.9999983782719782
38975.0,38984.8,True,synchronous,0.9999983782719862
38980.0,38989.8,True,synchronous,0.9999983782753971
38985.0,38994.8,True,synchronous,0.9999983782719858
38990.0,38999.8,True,synchronous,0.999998349761437
38995.0,39004.8,True,synchronous,0.9999983782768517
39000.0,39009.8,True,synchronous,0.9999983782705312
39005.0,39014.8,True,synchronous,0.9999983782705312
39010.0,39019.8,True,synchronous,0.9999983660068389
39015.0,39024.8,True,synchronous,0.9999983660069526
39020.0,39029.8,True,synchronous,0.9999983782768566
39025.0,39034.8,True,synchronous,0.9999983782719862
39030.0,39039.8,True,synchronous,0.9999983782753971
39035.0,39044.8,True,synchronous,0.9999983782768517
39040.0,39049.8,True,synchronous,0.9999983782719896
39045.0,39054.8,True,synchronous,0.9999983765956961
39050.0,39059.8,True,synchronous,0.9999983782754086
39055.0,39064.8,True,synchronous,0.9999983782768632
39060.0,39069.8,True,synchronous,0.999998378275402
39065.0,39074.8,True,synchronous,0.9999983782705252
39070.0,39079.8,True,synchronous,0.9999983782705285
39075.0,39084.8,True,synchronous,0.9999983782754086
39080.0,39089.8,True,synchronous,0.999998378275402
39085.0,39094.8,True,synchronous,0.9999983782768566
39090.0,39099.8,True,synchronous,0.9999983782719731
39095.0,39104.8,True,synchronous,0.9999983782719858
39100.0,39109.8,True,synchronous,0.9999983782768566
39105.0,39114.8,True,synchronous,0.9999983765956961
39110.0,39119.8,True,synchronous,0.9999983782768517
39115.0,39124.8,True,synchronous,0.9999983765956961
39120.0,39129.8,True,synchronous,0.9999983649537776
39125.0,39134.8,True,synchronous,0.9999983649552204
39130.0,39139.8,True,synchronous,0.9999983782753971
39135.0,39144.8,True,synchronous,0.9999983782719858
39140.0,39149.8,True,synchronous,0.9999983782719858
39145.0,39154.8,True,synchronous,0.9999983782719782
39150.0,39159.8,True,synchronous,0.9999983497599588
39155.0,39164.8,True,synchronous,0.9999983782719858
39160.0,39169.8,True,synchronous,0.9999983765971507
39165.0,39174.8,True,synchronous,0.999998378270535
39170.0,39179.8,True,synchronous,0.9999983782768517
39175.0,39184.8,True,synchronous,0.9999983782719858
39180.0,39189.8,True,synchronous,0.9999983782705185
39185.0,39194.8,True,synchronous,0.9999983782768566
39190.0,39199.8,True,synchronous,0.9999983782753971
39195.0,39204.8,True,synchronous,0.9999983782705312
39200.0,39209.8,True,synchronous,0.999998378275402
39205.0,39214.8,True,synchronous,0.999998378275402
39210.0,39219.8,True,synchronous,0.9999983649537656
39215.0,39224.8,True,synchronous,0.9999983782705312
39220.0,39229.8,True,synchronous,0.9999983782719896
39225.0,39234.8,True,synchronous,0.9999983765971507
39230.0,39239.8,True,synchronous,0.9999983765971507
39235.0,39244.8,True,synchronous,0.9999983765971507
39240.0,39249.8,True,synchronous,0.9999983782753971
39245.0,39254.8,True,synchronous,0.9999983782753971
39250.0,39259.8,True,synchronous,0.9999983782754024
39255.0,39264.8,True,synchronous,0.9999983782719858
39260.0,39269.8,True,synchronous,0.9999983782705312
39265.0,39274.8,True,synchronous,0.9999983649537638
39270.0,39279.8,True,synchronous,0.9999983782768566
39275.0,39284.8,True,synchronous,0.9999983765971507
39280.0,39289.8,True,synchronous,0.9999983660067874
39285.0,39294.8,True,synchronous,0.999998378270535
39290.0,39299.8,True,synchronous,0.999998378275402
39295.0,39304.8,True,synchronous,0.9999983782768517
39300.0,39309.8,True,synchronous,0.999998378275402
39305.0,39314.8,True,synchronous,0.9999983782768632
39310.0,39319.8,True,synchronous,0.9999983765956961
39315.0,39324.8,True,synchronous,0.9999983782705316
39320.0,39329.8,True,synchronous,0.9999983765971507
39325.0,39334.8,True,synchronous,0.9999983765971507
39330.0,39339.8,True,synchronous,0.9999983782719896
39335.0,39344.8,True,synchronous,0.9999983782705312
39340.0,39349.8,True,synchronous,0.9999983782719858
39345.0,39354.8,True,synchronous,0.9999983782719858
39350.0,39359.8,True,synchronous,0.9999983782719896
39355.0,39364.8,True,synchronous,0.9999983782705316
39360.0,39369.8,True,synchronous,0.9999983782719858
39365.0,39374.8,True,synchronous,0.9999983782705312
39370.0,39379.8,True,synchronous,0.9999983782705285
39375.0,39384.8,True,synchronous,0.999998378270535
39380.0,39389.8,True,synchronous,0.9999983782705285
39385.0,39394.8,True,synchronous,0.9999983782705232
39390.0,39399.8,True,synchronous,0.9999983782705316
39395.0,39404.8,True,synchronous,0.9999983649552602
39400.0,39409.8,True,synchronous,0.9999983660068389
39405.0,39414.8,True,synchronous,0.9999983649552324
39410.0,39419.8,True,synchronous,0.9999983649537656
39415.0,39424.8,True,synchronous,0.9999983649537638
39420.0,39429.8,True,synchronous,0.9999983782768566
39425.0,39434.8,True,synchronous,0.9999983782768517
39430.0,39439.8,True,synchronous,0.999998378275402
39435.0,39444.8,True,synchronous,0.9999983765956961
39440.0,39449.8,True,synchronous,0.9999983765956961
39445.0,39454.8,True,synchronous,0.999998378275402
39450.0,39459.8,True,synchronous,0.9999983782719862
39455.0,39464.8,True,synchronous,0.9999983660067874
39460.0,39469.8,True,synchronous,0.9999983649537656
39465.0,39474.8,True,synchronous,0.9999983782753971
39470.0,39479.8,True,synchronous,0.9999983782705312
39475.0,39484.8,True,synchronous,0.9999983782753971
39480.0,39489.8,True,synchronous,0.9999983782705316
39485.0,39494.8,True,synchronous,0.999998378275402
39490.0,39499.8,True,synchronous,0.999998378275402
39495.0,39504.8,True,synchronous,0.9999983782705312
39500.0,39509.8,True,synchronous,0.9999983782719896
39505.0,39514.8,True,synchronous,0.9999983765971507
39510.0,39519.8,True,synchronous,0.9999983649552204
39515.0,39524.8,True,synchronous,0.9999983649537776
39520.0,39529.8,True,synchronous,0.9999983660082935
39525.0,39534.8,True,synchronous,0.9999983660068389
39530.0,39539.8,True,synchronous,0.9999983649552187
39535.0,39544.8,True,synchronous,0.9999983765956961
39540.0,39549.8,True,synchronous,0.9999983765956961
39545.0,39554.8,True,synchronous,0.9999983649537656
39550.0,39559.8,True,synchronous,0.999998378270535
39555.0,39564.8,True,synchronous,0.9999983782705312
39560.0,39569.8,True,synchronous,0.9999983765956961
39565.0,39574.8,True,synchronous,0.9999983782768632
39570.0,39579.8,True,synchronous,0.999998378270535
39575.0,39584.8,True,synchronous,0.9999983649552324
39580.0,39589.8,True,synchronous,0.9999983649538053
39585.0,39594.8,True,synchronous,0.9999983765971507
39590.0,39599.8,True,synchronous,0.9999983765956961
39595.0,39604.8,True,synchronous,0.999998378275402
39600.0,39609.8,True,synchronous,0.9999983782768566
39605.0,39614.8,True,synchronous,0.9999983649537776
39610.0,39619.8,True,synchronous,0.9999983649537776
39615.0,39624.8,True,synchronous,0.9999983649537638
39620.0,39629.8,True,synchronous,0.9999983649552602
39625.0,39634.8,True,synchronous,0.9999983660067874
39630.0,39639.8,True,synchronous,0.999998378275402
39635.0,39644.8,True,synchronous,0.9999983782719798
39640.0,39649.8,True,synchronous,0.9999983649537638
39645.0,39654.8,True,synchronous,0.9999983649552204
39650.0,39659.8,True,synchronous,0.9999983782719731
39655.0,39664.8,True,synchronous,0.9999983782719782
39660.0,39669.8,True,synchronous,0.9999983782768517
39665.0,39674.8,True,synchronous,0.9999983649537638
39670.0,39679.8,True,synchronous,0.9999983782705312
39675.0,39684.8,True,synchronous,0.9999983782768632
39680.0,39689.8,True,synchronous,0.9999983782719896
39685.0,39694.8,True,synchronous,0.9999983782705312
39690.0,39699.8,True,synchronous,0.9999983782754086
39695.0,39704.8,True,synchronous,0.9999983649538053
39700.0,39709.8,True,synchronous,0.9999983765956961
39705.0,39714.8,True,synchronous,0.9999983782753971
39710.0,39719.8,True,synchronous,0.9999983782768517
39715.0,39724.8,True,synchronous,0.9999983782705312
39720.0,39729.8,True,synchronous,0.9999983782719858
39725.0,39734.8,True,synchronous,0.9999983782768566
39730.0,39739.8,True,synchronous,0.9999983782705252
39735.0,39744.8,True,synchronous,0.999998349759959
39740.0,39749.8,True,synchronous,0.9999983782768517
39745.0,39754.8,True,synchronous,0.9999983782768566
39750.0,39759.8,True,synchronous,0.999998378275402
39755.0,39764.8,True,synchronous,0.9999983782719858
39760.0,39769.8,True,synchronous,0.999998349761437
39765.0,39774.8,True,synchronous,0.9999983782719858
39770.0,39779.8,True,synchronous,0.9999983782719858
39775.0,39784.8,True,synchronous,0.9999983649552602
39780.0,39789.8,True,synchronous,0.9999983649538053
39785.0,39794.8,True,synchronous,0.9999979440851336
39790.0,39799.8,True,synchronous,0.4359126601564502
39795.0,39804.8,True,synchronous,0.4145988380718079
39800.0,39809.8,True,synchronous,0.4145988373468765
39805.0,39814.8,True,synchronous,0.4122751647483336
39810.0,39819.8,True,synchronous,0.4145989883321804
39815.0,39824.8,True,synchronous,0.4144389486952924
39820.0,39829.8,True,synchronous,0.732493177261103
39825.0,39834.8,True,synchronous,0.4144389486952924
39830.0,39839.8,True,synchronous,0.7316023601082124
39835.0,39844.8,True,synchronous,0.7316023560073535
39840.0,39849.8,True,synchronous,0.7316023601082124
39845.0,39854.8,True,synchronous,0.4145988373468765
39850.0,39859.8,True,synchronous,0.41333319300758714
39855.0,39864.8,True,synchronous,0.731599059506611
39860.0,39869.8,True,synchronous,0.4144389486952924
39865.0,39874.8,True,synchronous,0.7326222499370079
39870.0,39879.8,True,synchronous,0.4145988374926675
39875.0,39884.8,True,synchronous,0.7326222493153554
39880.0,39889.8,True,synchronous,0.7326222499370079
39885.0,39894.8,True,synchronous,0.4145988380718079
39890.0,39899.8,True,synchronous,0.7326222502144596
39895.0,39904.8,True,synchronous,0.7326222499593312
39900.0,39909.8,True,synchronous,0.4145989883321804
39905.0,39914.8,True,synchronous,0.7326222499370079
39910.0,39919.8,True,synchronous,0.4145988374926675
39915.0,39924.8,True,synchronous,0.4145988380718079
39920.0,39929.8,True,synchronous,0.4145989888007497
39925.0,39934.8,True,synchronous,0.732493177261103
39930.0,39939.8,True,synchronous,0.7326223712111143
39935.0,39944.8,True,synchronous,0.4145989888007497
39940.0,39949.8,True,synchronous,0.732493177261103
39945.0,39954.8,True,synchronous,0.7326223715892933
39950.0,39959.8,True,synchronous,0.7326223721008851
39955.0,39964.8,True,synchronous,0.7316023560073535
39960.0,39969.8,True,synchronous,0.4118575426907357
39965.0,39974.8,True,synchronous,0.4145988380718079
39970.0,39979.8,True,synchronous,0.7307411012697332
39975.0,39984.8,True,synchronous,0.4145989883321804
39980.0,39989.8,True,synchronous,0.41459883809946685
39985.0,39994.8,True,synchronous,0.7326222499370079
39990.0,39999.8,True,synchronous,0.7326222494695875
39995.0,40004.8,True,synchronous,0.7326222494695875
40000.0,40009.8,True,synchronous,0.7326222489575608
40005.0,40014.8,True,synchronous,0.7315990624902462
40010.0,40019.8,True,synchronous,0.7316023560073535
40015.0,40024.8,True,synchronous,0.7326222499593312
40020.0,40029.8,True,synchronous,0.4145989888007497
40025.0,40034.8,True,synchronous,0.7315990604217685
40030.0,40039.8,True,synchronous,0.41333319300758714
40035.0,40044.8,True,synchronous,0.4145988374926675
40040.0,40049.8,True,synchronous,0.4145988380718079
40045.0,40054.8,True,synchronous,0.4145989883321804
40050.0,40059.8,True,synchronous,0.7326222502144596
40055.0,40064.8,True,synchronous,0.4145989888007497
40060.0,40069.8,True,synchronous,0.732493177261103
40065.0,40074.8,True,synchronous,0.4144389486952924
40070.0,40079.8,True,synchronous,0.4145989888007497
40075.0,40084.8,True,synchronous,0.4144389486952924
40080.0,40089.8,True,synchronous,0.4144389486952924
40085.0,40094.8,True,synchronous,0.7326223716155629
40090.0,40099.8,True,synchronous,0.732493177261103
40095.0,40104.8,True,synchronous,0.7315990593625461
40100.0,40109.8,True,synchronous,0.7326223715892933
40105.0,40114.8,True,synchronous,0.4145989894346194
40110.0,40119.8,True,synchronous,0.7326222499370079
40115.0,40124.8,True,synchronous,0.731599059506611
40120.0,40129.8,True,synchronous,0.7315990604217685
40125.0,40134.8,True,synchronous,0.7326223712111143
40130.0,40139.8,True,synchronous,0.7307411012697332
40135.0,40144.8,True,synchronous,0.7326222499370079
40140.0,40149.8,True,synchronous,0.7315990593625461
40145.0,40154.8,True,synchronous,0.4145989888007497
40150.0,40159.8,True,synchronous,0.4145988380718079
40155.0,40164.8,True,synchronous,0.412275164741758
40160.0,40169.8,True,synchronous,0.7326222499593312
40165.0,40174.8,True,synchronous,0.7326222499370079
40170.0,40179.8,True,synchronous,0.7326222502144596
40175.0,40184.8,True,synchronous,0.4145989888007497
40180.0,40189.8,True,synchronous,0.4145988380718079
40185.0,40194.8,True,synchronous,0.4145989883321804
40190.0,40199.8,True,synchronous,0.4133372689689405
40195.0,40204.8,True,synchronous,0.7316023601082124
40200.0,40209.8,True,synchronous,0.4145988380718079
40205.0,40214.8,True,synchronous,0.414598836858259
40210.0,40219.8,True,synchronous,0.414598836858259
40215.0,40224.8,True,synchronous,0.4133372689689405
40220.0,40229.8,True,synchronous,0.7316023560073535
40225.0,40234.8,True,synchronous,0.7315990604217685
40230.0,40239.8,True,synchronous,0.732493177261103
40235.0,40244.8,True,synchronous,0.4145988378162421
40240.0,40249.8,True,synchronous,0.7316023699622478
40245.0,40254.8,True,synchronous,0.731599059506611
40250.0,40259.8,True,synchronous,0.7326222502144596
40255.0,40264.8,True,synchronous,0.4145989888332981
40260.0,40269.8,True,synchronous,0.7316023601082124
40265.0,40274.8,True,synchronous,0.7315990604217685
40270.0,40279.8,True,synchronous,0.7326223715892933
40275.0,40284.8,True,synchronous,0.4145989888332981
40280.0,40289.8,True,synchronous,0.4145988380718079
40285.0,40294.8,True,synchronous,0.7315990604217685
40290.0,40299.8,True,synchronous,0.4144389486952924
40295.0,40304.8,True,synchronous,0.4145988380718079
40300.0,40309.8,True,synchronous,0.4145988380718079
40305.0,40314.8,True,synchronous,0.7326222499370079
40310.0,40319.8,True,synchronous,0.7326222489575608
40315.0,40324.8,True,synchronous,0.7326222499593312
40320.0,40329.8,True,synchronous,0.7326223712111143
40325.0,40334.8,True,synchronous,0.4133331928296801
40330.0,40339.8,True,synchronous,0.4145989883321804
40335.0,40344.8,True,synchronous,0.7326223712111143
40340.0,40349.8,True,synchronous,0.7326222494695875
40345.0,40354.8,True,synchronous,0.732493177261103
40350.0,40359.8,True,synchronous,0.4145988380718079
40355.0,40364.8,True,synchronous,0.4145988380718079
40360.0,40369.8,True,synchronous,0.7326223716155629
40365.0,40374.8,True,synchronous,0.7326223721008851
40370.0,40379.8,True,synchronous,0.732493177261103
40375.0,40384.8,True,synchronous,0.4144389486952924
40380.0,40389.8,True,synchronous,0.4145988380718079
40385.0,40394.8,True,synchronous,0.7326222499370079
40390.0,40399.8,True,synchronous,0.7326223712111143
40395.0,40404.8,True,synchronous,0.4144389486952924
40400.0,40409.8,True,synchronous,0.731599059506611
40405.0,40414.8,True,synchronous,0.732493177261103
40410.0,40419.8,True,synchronous,0.732493177261103
40415.0,40424.8,True,synchronous,0.7326223712111143
40420.0,40429.8,True,synchronous,0.7326223721008851
40425.0,40434.8,True,synchronous,0.732493177261103
40430.0,40439.8,True,synchronous,0.41333319300758714
40435.0,40444.8,True,synchronous,0.732493177261103
40440.0,40449.8,True,synchronous,0.41459883809946685
40445.0,40454.8,True,synchronous,0.7326222499370079
40450.0,40459.8,True,synchronous,0.41459883841557454
40455.0,40464.8,True,synchronous,0.41459883841557454
40460.0,40469.8,True,synchronous,0.7326222499370079
40465.0,40474.8,True,synchronous,0.4145988380718079
40470.0,40479.8,True,synchronous,0.4145988374926675
40475.0,40484.8,True,synchronous,0.414598836858259
40480.0,40489.8,True,synchronous,0.7326223712111143
40485.0,40494.8,True,synchronous,0.7326223712111143
40490.0,40499.8,True,synchronous,0.7326223712111143
40495.0,40504.8,True,synchronous,0.7326223712111143
40500.0,40509.8,True,synchronous,0.7326222499593312
40505.0,40514.8,True,synchronous,0.4145988380718079
40510.0,40519.8,True,synchronous,0.4144389486952924
40515.0,40524.8,True,synchronous,0.7315990593625461
40520.0,40529.8,True,synchronous,0.732493177261103
40525.0,40534.8,True,synchronous,0.732493177261103
40530.0,40539.8,True,synchronous,0.7326223715892933
40535.0,40544.8,True,synchronous,0.7326222499370079
40540.0,40549.8,True,synchronous,0.41459883841557454
40545.0,40554.8,True,synchronous,0.4145988380718079
40550.0,40559.8,True,synchronous,0.4144389486952924
40555.0,40564.8,True,synchronous,0.7326223715892933
40560.0,40569.8,True,synchronous,0.7326223716155629
40565.0,40574.8,True,synchronous,0.7326222499593312
40570.0,40579.8,True,synchronous,0.7326222499370079
40575.0,40584.8,True,synchronous,0.41459883809946685
40580.0,40589.8,True,synchronous,0.7326222499370079
40585.0,40594.8,True,synchronous,0.4145988380718079
40590.0,40599.8,True,synchronous,0.4145988380718079
40595.0,40604.8,True,synchronous,0.4145988380718079
40600.0,40609.8,True,synchronous,0.7326222499370079
40605.0,40614.8,True,synchronous,0.7326223712111143
40610.0,40619.8,True,synchronous,0.732493177261103
40615.0,40624.8,True,synchronous,0.7326223715892933
40620.0,40629.8,True,synchronous,0.7326222502144596
40625.0,40634.8,True,synchronous,0.7326223712111143
40630.0,40639.8,True,synchronous,0.732493177261103
40635.0,40644.8,True,synchronous,0.732493177261103
40640.0,40649.8,True,synchronous,0.4133331928296801
40645.0,40654.8,True,synchronous,0.4145988373015716
40650.0,40659.8,True,synchronous,0.414598836858259
40655.0,40664.8,True,synchronous,0.4145988373468765
40660.0,40669.8,True,synchronous,0.4145988380718079
40665.0,40674.8,True,synchronous,0.4145988380718079
40670.0,40679.8,True,synchronous,0.4133331928296801
40675.0,40684.8,True,synchronous,0.7316023601082124
40680.0,40689.8,True,synchronous,0.41333319413772246
40685.0,40694.8,True,synchronous,0.7326223721008851
40690.0,40699.8,True,synchronous,0.4144389486952924
40695.0,40704.8,True,synchronous,0.732493177261103
40700.0,40709.8,True,synchronous,0.41459883841557454
40705.0,40714.8,True,synchronous,0.4144389486952924
40710.0,40719.8,True,synchronous,0.4144389486952924
40715.0,40724.8,True,synchronous,0.7326223716155629
40720.0,40729.8,True,synchronous,0.7326222502144596
40725.0,40734.8,True,synchronous,0.4133331966921022
40730.0,40739.8,True,synchronous,0.7315990624902462
40735.0,40744.8,True,synchronous,0.7316023560073535
40740.0,40749.8,True,synchronous,0.7315990604217685
40745.0,40754.8,True,synchronous,0.7326222502144596
40750.0,40759.8,True,synchronous,0.4145989883321804
40755.0,40764.8,True,synchronous,0.7326223715892933
40760.0,40769.8,True,synchronous,0.4145988380718079
40765.0,40774.8,True,synchronous,0.4145988380718079
40770.0,40779.8,True,synchronous,0.7326222502144596
40775.0,40784.8,True,synchronous,0.41459883841557454
40780.0,40789.8,True,synchronous,0.4145989888007497
40785.0,40794.8,True,synchronous,0.7326223715892933
40790.0,40799.8,True,synchronous,0.412275164741758
40795.0,40804.8,True,synchronous,0.4145988380718079
40800.0,40809.8,True,synchronous,0.4144389486952924
40805.0,40814.8,True,synchronous,0.732493177261103
40810.0,40819.8,True,synchronous,0.4145989883321804
40815.0,40824.8,True,synchronous,0.7326223716155629
40820.0,40829.8,True,synchronous,0.4133331928296801
40825.0,40834.8,True,synchronous,0.4145989883321804
40830.0,40839.8,True,synchronous,0.7326222489575608
40835.0,40844.8,True,synchronous,0.412275164741758
40840.0,40849.8,True,synchronous,0.4145988380718079
40845.0,40854.8,True,synchronous,0.4145989883321804
40850.0,40859.8,True,synchronous,0.732493177261103
40855.0,40864.8,True,synchronous,0.7493571210633878
40860.0,40869.8,True,synchronous,0.5259220233875167
40865.0,40874.8,True,synchronous,0.9999983530754547
40870.0,40879.8,True,synchronous,0.999998354774549
40875.0,40884.8,True,synchronous,0.999998354774557
40880.0,40889.8,True,synchronous,0.9999983547794931
40885.0,40894.8,True,synchronous,0.9999983547745603
40890.0,40899.8,True,synchronous,0.999998354774557
40895.0,40904.8,True,synchronous,0.9999983547794979
40900.0,40909.8,True,synchronous,0.9999983547730846
40905.0,40914.8,True,synchronous,0.999998354774557
40910.0,40919.8,True,synchronous,0.9999983547745568
40915.0,40924.8,True,synchronous,0.9999983547745568
40920.0,40929.8,True,synchronous,0.9999983547745568
40925.0,40934.8,True,synchronous,0.9999983547745506
40930.0,40939.8,True,synchronous,0.9999983547745506
40935.0,40944.8,True,synchronous,0.9999983547745568
40940.0,40949.8,True,synchronous,0.999998325849416
40945.0,40954.8,True,synchronous,0.9999983547730809
40950.0,40959.8,True,synchronous,0.9999983547794931
40955.0,40964.8,True,synchronous,0.9999983547780171
40960.0,40969.8,True,synchronous,0.9999983547780171
40965.0,40974.8,True,synchronous,0.9999983547794931
40970.0,40979.8,True,synchronous,0.9999983258509154
40975.0,40984.8,True,synchronous,0.9999983547745541
40980.0,40989.8,True,synchronous,0.9999983547794979
40985.0,40994.8,True,synchronous,0.9999983547730846
40990.0,40999.8,True,synchronous,0.9999983547780222
40995.0,41004.8,True,synchronous,0.9999983530754547
41000.0,41009.8,True,synchronous,0.9999983547794931
41005.0,41014.8,True,synchronous,0.9999983547745506
41010.0,41019.8,True,synchronous,0.9999983547745541
41015.0,41024.8,True,synchronous,0.999998354774557
41020.0,41029.8,True,synchronous,0.9999983547730811
41025.0,41034.8,True,synchronous,0.9999983547794979
41030.0,41039.8,True,synchronous,0.9999983547745603
41035.0,41044.8,True,synchronous,0.9999983412633656
41040.0,41049.8,True,synchronous,0.9999983530754547
41045.0,41054.8,True,synchronous,0.9999983547795048
41050.0,41059.8,True,synchronous,0.9999983547780171
41055.0,41064.8,True,synchronous,0.9999983547745568
41060.0,41069.8,True,synchronous,0.9999983412633656
41065.0,41074.8,True,synchronous,0.9999983547780171
41070.0,41079.8,True,synchronous,0.9999983258509154
41075.0,41084.8,True,synchronous,0.9999983547745506
41080.0,41089.8,True,synchronous,0.9999983547730809
41085.0,41094.8,True,synchronous,0.9999983547794931
41090.0,41099.8,True,synchronous,0.9999983412648834
41095.0,41104.8,True,synchronous,0.999998353073979
41100.0,41109.8,True,synchronous,0.999998353073979
41105.0,41114.8,True,synchronous,0.9999983530754547
41110.0,41119.8,True,synchronous,0.999998353073979
41115.0,41124.8,True,synchronous,0.9999983530754547
41120.0,41129.8,True,synchronous,0.9999983547745568
41125.0,41134.8,True,synchronous,0.9999983547745541
41130.0,41139.8,True,synchronous,0.9999983258509154
41135.0,41144.8,True,synchronous,0.9999983547745568
41140.0,41149.8,True,synchronous,0.999998354774557
41145.0,41154.8,True,synchronous,0.9999983547794931
41150.0,41159.8,True,synchronous,0.9999983547780289
41155.0,41164.8,True,synchronous,0.9999983547780222
41160.0,41169.8,True,synchronous,0.999998353073979
41165.0,41174.8,True,synchronous,0.999998353073979
41170.0,41179.8,True,synchronous,0.9999983547794979
41175.0,41184.8,True,synchronous,0.9999983547745568
41180.0,41189.8,True,synchronous,0.9999983530754547
41185.0,41194.8,True,synchronous,0.9999983423331221
41190.0,41199.8,True,synchronous,0.9999983547745437
41195.0,41204.8,True,synchronous,0.9999983423331221
41200.0,41209.8,True,synchronous,0.999998353073979
41205.0,41214.8,True,synchronous,0.9999983412648554
41210.0,41219.8,True,synchronous,0.9999983547745568
41215.0,41224.8,True,synchronous,0.9999983547745506
41220.0,41229.8,True,synchronous,0.9999983547745541
41225.0,41234.8,True,synchronous,0.999998354774549
41230.0,41239.8,True,synchronous,0.9999983547730846
41235.0,41244.8,True,synchronous,0.9999983547794979
41240.0,41249.8,True,synchronous,0.9999983547745437
41245.0,41254.8,True,synchronous,0.9999983412634078
41250.0,41259.8,True,synchronous,0.999998353073979
41255.0,41264.8,True,synchronous,0.9999983547780225
41260.0,41269.8,True,synchronous,0.9999983547730809
41265.0,41274.8,True,synchronous,0.9999983547794979
41270.0,41279.8,True,synchronous,0.999998353073979
41275.0,41284.8,True,synchronous,0.9999983547794984
41280.0,41289.8,True,synchronous,0.9999983412633656
41285.0,41294.8,True,synchronous,0.999998353073979
41290.0,41299.8,True,synchronous,0.9999983412648414
41295.0,41304.8,True,synchronous,0.9999983412648414
41300.0,41309.8,True,synchronous,0.999998353073979
41305.0,41314.8,True,synchronous,0.9999983547745568
41310.0,41319.8,True,synchronous,0.9999983547794931
41315.0,41324.8,True,synchronous,0.999998353073979
41320.0,41329.8,True,synchronous,0.9999983412648432
41325.0,41334.8,True,synchronous,0.9999983547745437
41330.0,41339.8,True,synchronous,0.9999983547745541
41335.0,41344.8,True,synchronous,0.9999983547794979
41340.0,41349.8,True,synchronous,0.9999983547730811
41345.0,41354.8,True,synchronous,0.9999983547730809
41350.0,41359.8,True,synchronous,0.9999983547795048
41355.0,41364.8,True,synchronous,0.9999983547745506
41360.0,41369.8,True,synchronous,0.9999983547745603
41365.0,41374.8,True,synchronous,0.9999983547730811
41370.0,41379.8,True,synchronous,0.9999983547745568
41375.0,41384.8,True,synchronous,0.9999983412634078
41380.0,41389.8,True,synchronous,0.999998353073979
41385.0,41394.8,True,synchronous,0.9999983530754547
41390.0,41399.8,True,synchronous,0.9999983547745541
41395.0,41404.8,True,synchronous,0.9999983547795048
41400.0,41409.8,True,synchronous,0.9999983547780171
41405.0,41414.8,True,synchronous,0.9999983547794931
41410.0,41419.8,True,synchronous,0.999998353073979
41415.0,41424.8,True,synchronous,0.9999983547730846
41420.0,41429.8,True,synchronous,0.999998353073979
41425.0,41434.8,True,synchronous,0.9999983547795048
41430.0,41439.8,True,synchronous,0.9999983547745603
41435.0,41444.8,True,synchronous,0.9999983423316988
41440.0,41449.8,True,synchronous,0.9999983423318143
41445.0,41454.8,True,synchronous,0.9999983547745541
41450.0,41459.8,True,synchronous,0.9999983547745486
41455.0,41464.8,True,synchronous,0.9999983547794931
41460.0,41469.8,True,synchronous,0.999998353073979
41465.0,41474.8,True,synchronous,0.9999983547794979
41470.0,41479.8,True,synchronous,0.9999983547745541
41475.0,41484.8,True,synchronous,0.9999983547730809
41480.0,41489.8,True,synchronous,0.9999983530754547
41485.0,41494.8,True,synchronous,0.9999983547794984
41490.0,41499.8,True,synchronous,0.9999983547730731
41495.0,41504.8,True,synchronous,0.999998353073979
41500.0,41509.8,True,synchronous,0.9999983412648554
41505.0,41514.8,True,synchronous,0.9999983412648554
41510.0,41519.8,True,synchronous,0.9999983423331221
41515.0,41524.8,True,synchronous,0.9999983412633674
41520.0,41529.8,True,synchronous,0.9999983547794931
41525.0,41534.8,True,synchronous,0.9999983547794931
41530.0,41539.8,True,synchronous,0.9999983423331221
41535.0,41544.8,True,synchronous,0.999998353073979
41540.0,41549.8,True,synchronous,0.9999983547745568
41545.0,41554.8,True,synchronous,0.9999983547730846
41550.0,41559.8,True,synchronous,0.9999983547794979
41555.0,41564.8,True,synchronous,0.9999983547745568
41560.0,41569.8,True,synchronous,0.9999983547794931
41565.0,41574.8,True,synchronous,0.9999983547794931
41570.0,41579.8,True,synchronous,0.9999983258509154
41575.0,41584.8,True,synchronous,0.9999983547745486
41580.0,41589.8,True,synchronous,0.9999983547745437
41585.0,41594.8,True,synchronous,0.9999983547745437
41590.0,41599.8,True,synchronous,0.9999983547745506
41595.0,41604.8,True,synchronous,0.9999983547780222
41600.0,41609.8,True,synchronous,0.9999983547780222
41605.0,41614.8,True,synchronous,0.9999983412648834
41610.0,41619.8,True,synchronous,0.9999983412634078
41615.0,41624.8,True,synchronous,0.9999983547780289
41620.0,41629.8,True,synchronous,0.9999983547745568
41625.0,41634.8,True,synchronous,0.999998353073979
41630.0,41639.8,True,synchronous,0.9999983547780289
41635.0,41644.8,True,synchronous,0.9999983547780222
41640.0,41649.8,True,synchronous,0.9999983412633656
41645.0,41654.8,True,synchronous,0.999998353073979
41650.0,41659.8,True,synchronous,0.9999983547795048
41655.0,41664.8,True,synchronous,0.9999983547745506
41660.0,41669.8,True,synchronous,0.9999983547745437
41665.0,41674.8,True,synchronous,0.9999983412648834
41670.0,41679.8,True,synchronous,0.999998353073979
41675.0,41684.8,True,synchronous,0.9999983547780222
41680.0,41689.8,True,synchronous,0.9999983547780171
41685.0,41694.8,True,synchronous,0.9999983547794931
41690.0,41699.8,True,synchronous,0.9999983547730809
41695.0,41704.8,True,synchronous,0.9999983547745437
41700.0,41709.8,True,synchronous,0.9999983547794984
41705.0,41714.8,True,synchronous,0.9999983412648414
41710.0,41719.8,True,synchronous,0.9999983547745568
41715.0,41724.8,True,synchronous,0.9999983547794979
41720.0,41729.8,True,synchronous,0.9999983547794931
41725.0,41734.8,True,synchronous,0.9999983530754547
41730.0,41739.8,True,synchronous,0.9999983412633656
41735.0,41744.8,True,synchronous,0.999998353073979
41740.0,41749.8,True,synchronous,0.999998354774557
41745.0,41754.8,True,synchronous,0.9999983547795048
41750.0,41759.8,True,synchronous,0.9999983547780171
41755.0,41764.8,True,synchronous,0.9999983412648432
41760.0,41769.8,True,synchronous,0.9999983412634078
41765.0,41774.8,True,synchronous,0.9999983547794931
41770.0,41779.8,True,synchronous,0.9999983547794979
41775.0,41784.8,True,synchronous,0.9999983423316464
41780.0,41789.8,True,synchronous,0.999998353073979
41785.0,41794.8,True,synchronous,0.9999983547745568
41790.0,41799.8,True,synchronous,0.9999983547745568
41795.0,41804.8,True,synchronous,0.9999983547745603
41800.0,41809.8,True,synchronous,0.9999983547730809
41805.0,41814.8,True,synchronous,0.9999983547745568
41810.0,41819.8,True,synchronous,0.9999983547745568
41815.0,41824.8,True,synchronous,0.9999983547745568
41820.0,41829.8,True,synchronous,0.999998353073979
41825.0,41834.8,True,synchronous,0.9999983530754547
41830.0,41839.8,True,synchronous,0.999998353073979
41835.0,41844.8,True,synchronous,0.9999983547780289
41840.0,41849.8,True,synchronous,0.999998353073979
41845.0,41854.8,True,synchronous,0.9999983530754547
41850.0,41859.8,True,synchronous,0.9999983547745603
41855.0,41864.8,True,synchronous,0.9999983547745568
41860.0,41869.8,True,synchronous,0.9999983547745437
41865.0,41874.8,True,synchronous,0.9999983547745568
41870.0,41879.8,True,synchronous,0.9999983547794931
41875.0,41884.8,True,synchronous,0.9999983547780171
41880.0,41889.8,True,synchronous,0.9999983547794931
41885.0,41894.8,True,synchronous,0.9999983547780289
41890.0,41899.8,True,synchronous,0.9999983547730809
41895.0,41904.8,True,synchronous,0.9999983547780171
41900.0,41909.8,True,synchronous,0.9999983206077467
41905.0,41914.8,True,synchronous,0.9999983547745437
41910.0,41919.8,True,synchronous,0.9999983547745486
41915.0,41924.8,True,synchronous,0.999998353073979
41920.0,41929.8,True,synchronous,0.9999983423316464
41925.0,41934.8,True,synchronous,0.9999983412633796
41930.0,41939.8,True,synchronous,0.999998353073979
41935.0,41944.8,True,synchronous,0.9999983547780222
41940.0,41949.8,True,synchronous,0.9999983547780225
41945.0,41954.8,True,synchronous,0.9999983547745568
41950.0,41959.8,True,synchronous,0.9999983547745568
41955.0,41964.8,True,synchronous,0.9999983547745437
41960.0,41969.8,True,synchronous,0.9999983530754547
41965.0,41974.8,True,synchronous,0.9999983412633674
41970.0,41979.8,True,synchronous,0.9999983547730731
41975.0,41984.8,True,synchronous,0.9999983547795048
41980.0,41989.8,True,synchronous,0.9999983547745568
41985.0,41994.8,True,synchronous,0.9999983547745506
41990.0,41999.8,True,synchronous,0.9999983547730846
41995.0,42004.8,True,synchronous,0.999998353073979
42000.0,42009.8,True,synchronous,0.9999983547794979
42005.0,42014.8,True,synchronous,0.9999983530754547
42010.0,42019.8,True,synchronous,0.9999983423331745
42015.0,42024.8,True,synchronous,0.999998353073979
42020.0,42029.8,True,synchronous,0.9999983412648554
42025.0,42034.8,True,synchronous,0.9999983547794931
42030.0,42039.8,True,synchronous,0.9999983547794979
42035.0,42044.8,True,synchronous,0.9999983547745568
42040.0,42049.8,True,synchronous,0.9999983547745437
42045.0,42054.8,True,synchronous,0.9999983547794931
42050.0,42059.8,True,synchronous,0.9999983258509154
42055.0,42064.8,True,synchronous,0.9999983547794979
42060.0,42069.8,True,synchronous,0.9999983530754547
42065.0,42074.8,True,synchronous,0.9999983547794979
42070.0,42079.8,True,synchronous,0.9999983412648432
42075.0,42084.8,True,synchronous,0.9999983547780222
42080.0,42089.8,True,synchronous,0.9999983547730811
42085.0,42094.8,True,synchronous,0.9999983547780171
42090.0,42099.8,True,synchronous,0.9999983547780222
42095.0,42104.8,True,synchronous,0.999998353073979
42100.0,42109.8,True,synchronous,0.9999983530754547
42105.0,42114.8,True,synchronous,0.9999983530754547
42110.0,42119.8,True,synchronous,0.9999983530754547
42115.0,42124.8,True,synchronous,0.9999983547780222
42120.0,42129.8,True,synchronous,0.9999983547730846
42125.0,42134.8,True,synchronous,0.9999983547794979
42130.0,42139.8,True,synchronous,0.9999983547780222
42135.0,42144.8,True,synchronous,0.9999983547730809
42140.0,42149.8,True,synchronous,0.9999983547780171
42145.0,42154.8,True,synchronous,0.9999983530754547
42150.0,42159.8,True,synchronous,0.9999983547745568
42155.0,42164.8,True,synchronous,0.999998354774549
42160.0,42169.8,True,synchronous,0.9999983412648834
42165.0,42174.8,True,synchronous,0.9999983412634078
42170.0,42179.8,True,synchronous,0.999998354774557
42175.0,42184.8,True,synchronous,0.9999983547745568
42180.0,42189.8,True,synchronous,0.9999983547745486
42185.0,42194.8,True,synchronous,0.9999983547745568
42190.0,42199.8,True,synchronous,0.999998353073979
42195.0,42204.8,True,synchronous,0.9999983412648554
42200.0,42209.8,True,synchronous,0.9999983547794931
42205.0,42214.8,True,synchronous,0.9999983547780171
42210.0,42219.8,True,synchronous,0.9999983412633656
42215.0,42224.8,True,synchronous,0.9999983547780289
42220.0,42229.8,True,synchronous,0.9999983547780289
42225.0,42234.8,True,synchronous,0.9999983547794979
42230.0,42239.8,True,synchronous,0.9999983547745506
42235.0,42244.8,True,synchronous,0.9999983547745506
42240.0,42249.8,True,synchronous,0.9999983547745568
42245.0,42254.8,True,synchronous,0.9999983258509154
42250.0,42259.8,True,synchronous,0.9999983547794931
42255.0,42264.8,True,synchronous,0.9999983530754547
42260.0,42269.8,True,synchronous,0.9999983412633656
42265.0,42274.8,True,synchronous,0.9999983547794979
42270.0,42279.8,True,synchronous,0.999998354774557
42275.0,42284.8,True,synchronous,0.9999983547794931
42280.0,42289.8,True,synchronous,0.9999983547745568
42285.0,42294.8,True,synchronous,0.9999983530754547
42290.0,42299.8,True,synchronous,0.9999983547730811
42295.0,42304.8,True,synchronous,0.9999983258509154
42300.0,42309.8,True,synchronous,0.9999983547745568
42305.0,42314.8,True,synchronous,0.9999983547780289
42310.0,42319.8,True,synchronous,0.999998353073979
42315.0,42324.8,True,synchronous,0.999998354774557
42320.0,42329.8,True,synchronous,0.9999983547780225
42325.0,42334.8,True,synchronous,0.9999983530754547
42330.0,42339.8,True,synchronous,0.9999983412648432
42335.0,42344.8,True,synchronous,0.9999983412633656
42340.0,42349.8,True,synchronous,0.9999983530754547
42345.0,42354.8,True,synchronous,0.9999983547780225
42350.0,42359.8,True,synchronous,0.9999983547794979
42355.0,42364.8,True,synchronous,0.9999983547745603
42360.0,42369.8,True,synchronous,0.9999983547745437
42365.0,42374.8,True,synchronous,0.999998354774557
42370.0,42379.8,True,synchronous,0.9999983530754547
42375.0,42384.8,True,synchronous,0.9999983547794979
42380.0,42389.8,True,synchronous,0.9999983412633674
42385.0,42394.8,True,synchronous,0.9999983530754547
42390.0,42399.8,True,synchronous,0.9999983547745568
42395.0,42404.8,True,synchronous,0.9999983423316988
42400.0,42409.8,True,synchronous,0.9999983423316464
42405.0,42414.8,True,synchronous,0.9999983547745603
42410.0,42419.8,True,synchronous,0.9999983547745603
42415.0,42424.8,True,synchronous,0.999998353073979
42420.0,42429.8,True,synchronous,0.9999983547730809
42425.0,42434.8,True,synchronous,0.999998353073979
42430.0,42439.8,True,synchronous,0.9999983547780222
42435.0,42444.8,True,synchronous,0.9999983547730809
42440.0,42449.8,True,synchronous,0.9999983547794984
42445.0,42454.8,True,synchronous,0.9999983547794931
42450.0,42459.8,True,synchronous,0.9999983547730809
42455.0,42464.8,True,synchronous,0.9999983547745603
42460.0,42469.8,True,synchronous,0.9999983547780222
42465.0,42474.8,True,synchronous,0.9999983547745568
42470.0,42479.8,True,synchronous,0.9999983547730811
42475.0,42484.8,True,synchronous,0.9999983547794931
42480.0,42489.8,True,synchronous,0.9999983530754547
42485.0,42494.8,True,synchronous,0.999998353073979
42490.0,42499.8,True,synchronous,0.9999983547780222
42495.0,42504.8,True,synchronous,0.9999983412633796
42500.0,42509.8,True,synchronous,0.9999983530754547
42505.0,42514.8,True,synchronous,0.9999983547794931
42510.0,42519.8,True,synchronous,0.9999983530754547
42515.0,42524.8,True,synchronous,0.9999983258494162
42520.0,42529.8,True,synchronous,0.9999983547745568
42525.0,42534.8,True,synchronous,0.9999983547745568
42530.0,42539.8,True,synchronous,0.9999983547745568
42535.0,42544.8,True,synchronous,0.999998354774557
42540.0,42549.8,True,synchronous,0.9999983547780171
42545.0,42554.8,True,synchronous,0.9999983412648414
42550.0,42559.8,True,synchronous,0.9999983547745568
42555.0,42564.8,True,synchronous,0.9999983206077467
42560.0,42569.8,True,synchronous,0.9999983412648414
42565.0,42574.8,True,synchronous,0.999998353073979
42570.0,42579.8,True,synchronous,0.999998354774549
42575.0,42584.8,True,synchronous,0.9999983547745568
42580.0,42589.8,True,synchronous,0.9999983547745541
42585.0,42594.8,True,synchronous,0.9999983423316464
42590.0,42599.8,True,synchronous,0.9999983423316988
42595.0,42604.8,True,synchronous,0.9999983530754547
42600.0,42609.8,True,synchronous,0.999998354774557
42605.0,42614.8,True,synchronous,0.999998354774557
42610.0,42619.8,True,synchronous,0.9999983547745568
42615.0,42624.8,True,synchronous,0.9999983547745603
42620.0,42629.8,True,synchronous,0.9999983547780222
42625.0,42634.8,True,synchronous,0.9999983547794979
42630.0,42639.8,True,synchronous,0.9999983547794984
42635.0,42644.8,True,synchronous,0.9999983412634078
42640.0,42649.8,True,synchronous,0.9999983412648834
42645.0,42654.8,True,synchronous,0.999998354774557
42650.0,42659.8,True,synchronous,0.9999676211452453
42655.0,42664.8,True,synchronous,0.9973502224556229
42660.0,42669.8,True,synchronous,0.9946846818608776
42665.0,42674.8,True,synchronous,0.9946846818719304
42670.0,42679.8,True,synchronous,0.9946847006831172
42675.0,42684.8,True,synchronous,0.9935169783382353
42680.0,42689.8,True,synchronous,0.9935169782696112
42685.0,42694.8,True,synchronous,0.9946846818857226
42690.0,42699.8,True,synchronous,0.9946847006831172
42695.0,42704.8,True,synchronous,0.9946846818608776
42700.0,42709.8,True,synchronous,0.9946847006630543
42705.0,42714.8,True,synchronous,0.9935741831586089
42710.0,42719.8,True,synchronous,0.9935741831586089
42715.0,42724.8,True,synchronous,0.9935741831586089
42720.0,42729.8,True,synchronous,0.9935824172470668
42725.0,42734.8,True,synchronous,0.9935824172304328
42730.0,42739.8,True,synchronous,0.9935741831586089
42735.0,42744.8,True,synchronous,0.9946847006630543
42740.0,42749.8,True,synchronous,0.9935741831586089
42745.0,42754.8,True,synchronous,0.9935824172171026
42750.0,42759.8,True,synchronous,0.9935741831586089
42755.0,42764.8,True,synchronous,0.9946778544839135
42760.0,42769.8,True,synchronous,0.9946778544839135
42765.0,42774.8,True,synchronous,0.9946778544839135
42770.0,42779.8,True,synchronous,0.9946778544839135
42775.0,42784.8,True,synchronous,0.9946847006630543
42780.0,42789.8,True,synchronous,0.9935824172470668
42785.0,42794.8,True,synchronous,0.9935169782789206
42790.0,42799.8,True,synchronous,0.9946847006630543
42795.0,42804.8,True,synchronous,0.9946846818857226
42800.0,42809.8,True,synchronous,0.9946846818247407
42805.0,42814.8,True,synchronous,0.9935741831586089
42810.0,42819.8,True,synchronous,0.9935169782789206
42815.0,42824.8,True,synchronous,0.9935741831586089
42820.0,42829.8,True,synchronous,0.993582439893226
42825.0,42834.8,True,synchronous,0.9946846818185063
42830.0,42839.8,True,synchronous,0.9935824399174228
42835.0,42844.8,True,synchronous,0.9935169782789206
42840.0,42849.8,True,synchronous,0.9935824399203952
42845.0,42854.8,True,synchronous,0.9935824399174228
42850.0,42859.8,True,synchronous,0.9935741831586089
42855.0,42864.8,True,synchronous,0.9946847007115768
42860.0,42869.8,True,synchronous,0.9946846818489609
42865.0,42874.8,True,synchronous,0.9946846818489609
42870.0,42879.8,True,synchronous,0.9946847006630543
42875.0,42884.8,True,synchronous,0.9946778544839135
42880.0,42889.8,True,synchronous,0.9935169784765949
42885.0,42894.8,True,synchronous,0.9935169782789206
42890.0,42899.8,True,synchronous,0.9935221933286623
42895.0,42904.8,True,synchronous,0.9946778544839135
42900.0,42909.8,True,synchronous,0.9946778544839135
42905.0,42914.8,True,synchronous,0.9946846818608776
42910.0,42919.8,True,synchronous,0.9946846818185063
42915.0,42924.8,True,synchronous,0.9946846817999008
42920.0,42929.8,True,synchronous,0.9946846818489609
42925.0,42934.8,True,synchronous,0.9946846818489609
42930.0,42939.8,True,synchronous,0.9946847006630543
42935.0,42944.8,True,synchronous,0.9935221930716464
42940.0,42949.8,True,synchronous,0.9935169784765949
42945.0,42954.8,True,synchronous,0.9935221933286623
42950.0,42959.8,True,synchronous,0.9946847006630543
42955.0,42964.8,True,synchronous,0.9935824172171026
42960.0,42969.8,True,synchronous,0.9935169782789206
42965.0,42974.8,True,synchronous,0.9935169783382353
42970.0,42979.8,True,synchronous,0.9946304217677385
42975.0,42984.8,True,synchronous,0.9946846818608776
42980.0,42989.8,True,synchronous,0.9946847006831172
42985.0,42994.8,True,synchronous,0.9946342600170854
42990.0,42999.8,True,synchronous,0.9946847006630543
42995.0,43004.8,True,synchronous,0.9946778544839135
43000.0,43009.8,True,synchronous,0.9935824399517462
43005.0,43014.8,True,synchronous,0.9935824399203952
43010.0,43019.8,True,synchronous,0.9935741831586089
43015.0,43024.8,True,synchronous,0.9935221930716464
43020.0,43029.8,True,synchronous,0.9935221933286623
43025.0,43034.8,True,synchronous,0.9935741831586089
43030.0,43039.8,True,synchronous,0.9946846818608776
43035.0,43044.8,True,synchronous,0.9946846817999008
43040.0,43049.8,True,synchronous,0.9935824172304328
43045.0,43054.8,True,synchronous,0.9935741831586089
43050.0,43059.8,True,synchronous,0.9946846817999008
43055.0,43064.8,True,synchronous,0.9946847006831172
43060.0,43069.8,True,synchronous,0.9946778544839135
43065.0,43074.8,True,synchronous,0.9946846818719304
43070.0,43079.8,True,synchronous,0.9935824172171026
43075.0,43084.8,True,synchronous,0.9935824399174228
43080.0,43089.8,True,synchronous,0.9946847006630543
43085.0,43094.8,True,synchronous,0.9946846818247407
43090.0,43099.8,True,synchronous,0.9946342600170854
43095.0,43104.8,True,synchronous,0.9946846818608776
43100.0,43109.8,True,synchronous,0.9946846818719304
43105.0,43114.8,True,synchronous,0.9946846818489609
43110.0,43119.8,True,synchronous,0.9946846818247407
43115.0,43124.8,True,synchronous,0.9946846818247407
43120.0,43129.8,True,synchronous,0.9935169784765949
43125.0,43134.8,True,synchronous,0.9935221930716464
43130.0,43139.8,True,synchronous,0.9946342600170854
43135.0,43144.8,True,synchronous,0.9946846818247407
43140.0,43149.8,True,synchronous,0.9946846818857226
43145.0,43154.8,True,synchronous,0.9935824399174228
43150.0,43159.8,True,synchronous,0.9935741831586089
43155.0,43164.8,True,synchronous,0.9935221930716464
43160.0,43169.8,True,synchronous,0.9935824399174228
43165.0,43174.8,True,synchronous,0.9946847006831172
43170.0,43179.8,True,synchronous,0.9946778544839135
43175.0,43184.8,True,synchronous,0.9946778544839135
43180.0,43189.8,True,synchronous,0.9946847006831172
43185.0,43194.8,True,synchronous,0.9946846818857226
43190.0,43199.8,True,synchronous,0.9946778544839135
43195.0,43204.8,True,synchronous,0.9946847006831172
43200.0,43209.8,True,synchronous,0.9946846818489609
43205.0,43214.8,True,synchronous,0.9935169782789206
43210.0,43219.8,True,synchronous,0.9935169784765949
43215.0,43224.8,True,synchronous,0.9935741831586089
43220.0,43229.8,True,synchronous,0.9946847006630543
43225.0,43234.8,True,synchronous,0.9935169782696112
43230.0,43239.8,True,synchronous,0.9935169784765949
43235.0,43244.8,True,synchronous,0.9935169783382353
43240.0,43249.8,True,synchronous,0.9935169782789206
43245.0,43254.8,True,synchronous,0.9935741831586089
43250.0,43259.8,True,synchronous,0.9946778544839135
43255.0,43264.8,True,synchronous,0.9935741831586089
43260.0,43269.8,True,synchronous,0.9935824399174228
43265.0,43274.8,True,synchronous,0.9946846818185063
43270.0,43279.8,True,synchronous,0.9935741831586089
43275.0,43284.8,True,synchronous,0.9935169782789206
43280.0,43289.8,True,synchronous,0.9946847006831172
43285.0,43294.8,True,synchronous,0.9935741831586089
43290.0,43299.8,True,synchronous,0.9935741831586089
43295.0,43304.8,True,synchronous,0.9935741831586089
43300.0,43309.8,True,synchronous,0.9935741831586089
43305.0,43314.8,True,synchronous,0.9946847006630543
43310.0,43319.8,True,synchronous,0.9935824399174228
43315.0,43324.8,True,synchronous,0.9935741831586089
43320.0,43329.8,True,synchronous,0.9946847006831172
43325.0,43334.8,True,synchronous,0.9935169782696112
43330.0,43339.8,True,synchronous,0.9935741831586089
43335.0,43344.8,True,synchronous,0.9946846818608776
43340.0,43349.8,True,synchronous,0.9946847006831172
43345.0,43354.8,True,synchronous,0.9946778544839135
43350.0,43359.8,True,synchronous,0.9946846818380027
43355.0,43364.8,True,synchronous,0.9946846818719304
43360.0,43369.8,True,synchronous,0.9946846818857226
43365.0,43374.8,True,synchronous,0.9935824399517462
43370.0,43379.8,True,synchronous,0.9935741831586089
43375.0,43384.8,True,synchronous,0.9935824399174228
43380.0,43389.8,True,synchronous,0.9946847006831172
43385.0,43394.8,True,synchronous,0.9946778544839135
43390.0,43399.8,True,synchronous,0.9946846818608776
43395.0,43404.8,True,synchronous,0.9946846818608776
43400.0,43409.8,True,synchronous,0.9946846818608776
43405.0,43414.8,True,synchronous,0.9935824172470668
43410.0,43419.8,True,synchronous,0.9935741831586089
43415.0,43424.8,True,synchronous,0.9935741831586089
43420.0,43429.8,True,synchronous,0.9935169784765949
43425.0,43434.8,True,synchronous,0.9946846818719304
43430.0,43439.8,True,synchronous,0.9946847006855817
43435.0,43444.8,True,synchronous,0.9946847007115768
43440.0,43449.8,True,synchronous,0.9946846818719304
43445.0,43454.8,True,synchronous,0.9946847006831172
43450.0,43459.8,True,synchronous,0.9946847006831172
43455.0,43464.8,True,synchronous,0.9946847006630543
43460.0,43469.8,True,synchronous,0.9946847006831172
43465.0,43474.8,True,synchronous,0.9946847006630543
43470.0,43479.8,True,synchronous,0.9946847006831172
43475.0,43484.8,True,synchronous,0.9946846818857226
43480.0,43489.8,True,synchronous,0.9946847006630543
43485.0,43494.8,True,synchronous,0.9946847006855817
43490.0,43499.8,True,synchronous,0.9946846818719304
43495.0,43504.8,True,synchronous,0.9946846818247407
43500.0,43509.8,True,synchronous,0.9946847007115768
43505.0,43514.8,True,synchronous,0.9946847006831172
43510.0,43519.8,True,synchronous,0.9946847006855817
43515.0,43524.8,True,synchronous,0.9946846818608776
43520.0,43529.8,True,pv,0.22653928547873015
43525.0,43534.8,True,pv,0.22651926678568993
43530.0,43539.8,True,pv,0.22677612104514863
43535.0,43544.8,True,pv,0.22849165345223374
43540.0,43549.8,True,pv,0.22652661812179917
43545.0,43554.8,True,pv,0.22849165180557993
43550.0,43559.8,True,pv,0.2284916525399087
43555.0,43564.8,True,pv,0.22652661812179917
43560.0,43569.8,True,pv,0.22849165345223374
43565.0,43574.8,True,pv,0.22849165180557993
43570.0,43579.8,True,pv,0.22849142496498762
43575.0,43584.8,True,pv,0.2265220230690506
43580.0,43589.8,True,pv,0.2265220227911681
43585.0,43594.8,True,pv,0.2247914448404878
43590.0,43599.8,True,pv,0.22481288613764422
43595.0,43604.8,True,pv,0.22652661818442865
43600.0,43609.8,True,pv,0.22849142580685883
43605.0,43614.8,True,pv,0.22849142580685883
43610.0,43619.8,True,pv,0.22677589311600482
43615.0,43624.8,True,pv,0.22677589311600482
43620.0,43629.8,True,pv,0.22849142407702566
43625.0,43634.8,True,pv,0.22677589534422457
43630.0,43639.8,True,pv,0.22824134799496593
43635.0,43644.8,True,pv,0.22849142580685883
43640.0,43649.8,True,pv,0.22849142540114464
43645.0,43654.8,True,pv,0.2284914245638316
43650.0,43659.8,True,pv,0.22889947294251792
43655.0,43664.8,True,pv,0.22481288212531936
43660.0,43669.8,True,pv,0.22650047222952796
43665.0,43674.8,True,pv,0.22849165180557993
43670.0,43679.8,True,pv,0.2284916525399087
43675.0,43684.8,True,pv,0.22849165180557993
43680.0,43689.8,True,pv,0.22849142631166253
43685.0,43694.8,True,pv,0.22849142540114464
43690.0,43699.8,True,pv,0.22677589379683097
43695.0,43704.8,True,pv,0.22652661818442865
43700.0,43709.8,True,pv,0.2248128862080954
43705.0,43714.8,True,pv,0.2265220289344535
43710.0,43719.8,True,pv,0.2288994729333029
43715.0,43724.8,True,pv,0.2288994729333029
43720.0,43729.8,True,pv,0.2284916525399087
43725.0,43734.8,True,pv,0.22481288613764422
43730.0,43739.8,True,pv,0.22650047222952796
43735.0,43744.8,True,pv,0.2265220289344535
43740.0,43749.8,True,pv,0.2267758961891015
43745.0,43754.8,True,pv,0.22677589402428228
43750.0,43759.8,True,pv,0.22849142540114464
43755.0,43764.8,True,pv,0.22849142580685883
43760.0,43769.8,True,pv,0.22481288029123375
43765.0,43774.8,True,pv,0.2248128862080954
43770.0,43779.8,True,pv,0.22824134835248144
43775.0,43784.8,True,pv,0.22652661812179917
43780.0,43789.8,True,pv,0.22849142540114464
43785.0,43794.8,True,pv,0.22849142580685883
43790.0,43799.8,True,pv,0.2284916525399087
43795.0,43804.8,True,pv,0.2265220248384704
43800.0,43809.8,True,pv,0.2265005382977327
43805.0,43814.8,True,pv,0.22479143693156844
43810.0,43819.8,True,pv,0.22677612262398913
43815.0,43824.8,True,pv,0.22652661818442865
43820.0,43829.8,True,pv,0.22824134799496593
43825.0,43834.8,True,pv,0.22824134799496593
43830.0,43839.8,True,pv,0.22481288036168492
43835.0,43844.8,True,pv,0.22677612104514863
43840.0,43849.8,True,pv,0.22849142631166253
43845.0,43854.8,True,pv,0.22824134799496593
43850.0,43859.8,True,pv,0.2265220227911681
43855.0,43864.8,True,pv,0.22849142580685883
43860.0,43869.8,True,pv,0.22849142407702566
43865.0,43874.8,True,pv,0.22849142384884527
43870.0,43879.8,True,pv,0.22849142580685883
43875.0,43884.8,True,pv,0.22849142580685883
43880.0,43889.8,True,pv,0.22849142540114464
43885.0,43894.8,True,pv,0.22824134799496593
43890.0,43899.8,True,pv,0.22849165180557993
43895.0,43904.8,True,pv,0.22849142407702566
43900.0,43909.8,True,pv,0.22652661812179917
43905.0,43914.8,True,pv,0.22824134799496593
43910.0,43919.8,True,pv,0.2265220227911681
43915.0,43924.8,True,pv,0.22481288008468653
43920.0,43929.8,True,pv,0.22849142631166253
43925.0,43934.8,True,pv,0.22849165345223374
43930.0,43939.8,True,pv,0.22849165180557993
43935.0,43944.8,True,pv,0.22849165180557993
43940.0,43949.8,True,pv,0.2247915106211285
43945.0,43954.8,True,pv,0.2265005382977327
43950.0,43959.8,True,pv,0.22849142580685883
43955.0,43964.8,True,pv,0.22849142540114464
43960.0,43969.8,True,pv,0.22849142580685883
43965.0,43974.8,True,pv,0.22652661818442865
43970.0,43979.8,True,pv,0.2265220230690506
43975.0,43984.8,True,pv,0.22849142407702566
43980.0,43989.8,True,pv,0.22849142316589716
43985.0,43994.8,True,pv,0.22849142540114464
43990.0,43999.8,True,pv,0.22849142631166253
43995.0,44004.8,True,pv,0.22849165180557993
44000.0,44009.8,True,pv,0.2265220230690506
44005.0,44014.8,True,pv,0.22824134799496593
44010.0,44019.8,True,pv,0.22849142616515827
44015.0,44024.8,True,pv,0.22849165345223374
44020.0,44029.8,True,pv,0.22677589574867815
44025.0,44034.8,True,pv,0.2284916525399087
44030.0,44039.8,True,pv,0.2248128862080954
44035.0,44044.8,True,pv,0.2267761209823811
44040.0,44049.8,True,pv,0.22677612104514863
44045.0,44054.8,True,pv,0.22849165345223374
44050.0,44059.8,True,pv,0.22481288001423538
44055.0,44064.8,True,pv,0.2248128862080954
44060.0,44069.8,True,pv,0.2284916525399087
44065.0,44074.8,True,pv,0.22849142540114464
44070.0,44079.8,True,pv,0.2288994729333029
44075.0,44084.8,True,pv,0.22849165180557993
44080.0,44089.8,True,pv,0.22481288036168492
44085.0,44094.8,True,pv,0.22677589528145717
44090.0,44099.8,True,pv,0.2267761209823811
44095.0,44104.8,True,pv,0.2265220289344535
44100.0,44109.8,True,pv,0.2265220248384704
44105.0,44114.8,True,pv,0.22677612171436362
44110.0,44119.8,True,pv,0.22677589534422457
44115.0,44124.8,True,pv,0.22677612177713113
44120.0,44129.8,True,pv,0.22849142631166253
44125.0,44134.8,True,pv,0.2267758962518689
44130.0,44139.8,True,pv,0.22849142540114464
44135.0,44144.8,True,pv,0.22849142540114464
44140.0,44149.8,True,pv,0.22849142580685883
44145.0,44154.8,True,pv,0.22849142407702566
44150.0,44159.8,True,pv,0.22849165345223374
44155.0,44164.8,True,pv,0.22481288008468653
44160.0,44169.8,True,pv,0.22677612177713113
44165.0,44174.8,True,pv,0.2265220227911681
44170.0,44179.8,True,pv,0.22481288029123375
44175.0,44184.8,True,pv,0.22824134799496593
44180.0,44189.8,True,pv,0.2265160437608274
44185.0,44194.8,True,pv,0.2265360444172525
44190.0,44199.8,True,synchronous,0.9946847006855817
44195.0,44204.8,True,synchronous,0.9946846818608776
44200.0,44209.8,True,synchronous,0.9946846818719304
44205.0,44214.8,True,synchronous,0.9946847006630543
44210.0,44219.8,True,synchronous,0.9946846818247407
44215.0,44224.8,True,synchronous,0.9935169782696112
44220.0,44229.8,True,synchronous,0.9935741831586089
44225.0,44234.8,True,synchronous,0.9935824399174228
44230.0,44239.8,True,synchronous,0.993582439893226
44235.0,44244.8,True,synchronous,0.9946847007115768
44240.0,44249.8,True,synchronous,0.9935741831586089
44245.0,44254.8,True,synchronous,0.9935741831586089
44250.0,44259.8,True,synchronous,0.9935169784765949
44255.0,44264.8,True,synchronous,0.9935169784765949
44260.0,44269.8,True,synchronous,0.9935741831586089
44265.0,44274.8,True,synchronous,0.9946846818608776
44270.0,44279.8,True,synchronous,0.9935169782789206
44275.0,44284.8,True,synchronous,0.9935741831586089
44280.0,44289.8,True,synchronous,0.9946778544839135
44285.0,44294.8,True,synchronous,0.9946778544839135
44290.0,44299.8,True,synchronous,0.9935221930716464
44295.0,44304.8,True,synchronous,0.9935169784765949
44300.0,44309.8,True,synchronous,0.9946847006831172
44305.0,44314.8,True,synchronous,0.9946846818608776
44310.0,44319.8,True,synchronous,0.9935741831586089
44315.0,44324.8,True,synchronous,0.9935221933286623
44320.0,44329.8,True,synchronous,0.9935221930716464
44325.0,44334.8,True,synchronous,0.9946847006831172
44330.0,44339.8,True,synchronous,0.9946846818489609
44335.0,44344.8,True,synchronous,0.9935824399203952
44340.0,44349.8,True,synchronous,0.9935741831586089
44345.0,44354.8,True,synchronous,0.9946846818380027
44350.0,44359.8,True,synchronous,0.9946846818608776
44355.0,44364.8,True,synchronous,0.9946778544839135
44360.0,44369.8,True,synchronous,0.9946778544839135
44365.0,44374.8,True,synchronous,0.9946847006831172
44370.0,44379.8,True,synchronous,0.9946304217754576
44375.0,44384.8,True,synchronous,0.9946846818608776
44380.0,44389.8,True,synchronous,0.9946846818719304
44385.0,44394.8,True,synchronous,0.9946847006831172
44390.0,44399.8,True,synchronous,0.9946847006831172
44395.0,44404.8,True,synchronous,0.9946847006855817
44400.0,44409.8,True,synchronous,0.9946847006831172
44405.0,44414.8,True,synchronous,0.9946846818489609
44410.0,44419.8,True,synchronous,0.9935221933286623
44415.0,44424.8,True,synchronous,0.9935221933286623
44420.0,44429.8,True,synchronous,0.9946846818719304
44425.0,44434.8,True,synchronous,0.9946846818857226
44430.0,44439.8,True,synchronous,0.9946846818380027
44435.0,44444.8,True,synchronous,0.9946846817999008
44440.0,44449.8,True,synchronous,0.9946846818608776
44445.0,44454.8,True,synchronous,0.9946847006831172
44450.0,44459.8,True,synchronous,0.9946304217677385
44455.0,44464.8,True,synchronous,0.9946304217677385
44460.0,44469.8,True,synchronous,0.9946847006855817
44465.0,44474.8,True,synchronous,0.9935169782696112
44470.0,44479.8,True,synchronous,0.9935169784765949
44475.0,44484.8,True,synchronous,0.9935741831586089
44480.0,44489.8,True,synchronous,0.9946847006630543
44485.0,44494.8,True,synchronous,0.9946847006831172
44490.0,44499.8,True,synchronous,0.9946846818608776
44495.0,44504.8,True,synchronous,0.9946846818247407
44500.0,44509.8,True,synchronous,0.9946846818719304
44505.0,44514.8,True,synchronous,0.9946846818608776
44510.0,44519.8,True,synchronous,0.9946846818247407
44515.0,44524.8,True,synchronous,0.9946846817999008
44520.0,44529.8,True,synchronous,0.9935741831586089
44525.0,44534.8,True,synchronous,0.9935169782696112
44530.0,44539.8,True,synchronous,0.9935741831586089
44535.0,44544.8,True,synchronous,0.9946778544839135
44540.0,44549.8,True,synchronous,0.9946846818719304
44545.0,44554.8,True,synchronous,0.9946846818247407
44550.0,44559.8,True,synchronous,0.9946778544839135
44555.0,44564.8,True,synchronous,0.9935741831586089
44560.0,44569.8,True,synchronous,0.9935824172304328
44565.0,44574.8,True,synchronous,0.9946846818857226
44570.0,44579.8,True,synchronous,0.9935169782789206
44575.0,44584.8,True,synchronous,0.9935169782789206
44580.0,44589.8,True,synchronous,0.9935824399174228
44585.0,44594.8,True,synchronous,0.9935824172171026
44590.0,44599.8,True,synchronous,0.9935824172171026
44595.0,44604.8,True,synchronous,0.9935169783382353
44600.0,44609.8,True,synchronous,0.9935221939542321
44605.0,44614.8,True,synchronous,0.9935221930716464
44610.0,44619.8,True,synchronous,0.9946846817999008
44615.0,44624.8,True,synchronous,0.9946846818719304
44620.0,44629.8,True,synchronous,0.9946846818719304
44625.0,44634.8,True,synchronous,0.9946846818608776
44630.0,44639.8,True,synchronous,0.9935824399174228
44635.0,44644.8,True,synchronous,0.9935741831586089
44640.0,44649.8,True,synchronous,0.9946778544839135
44645.0,44654.8,True,synchronous,0.9946342600168329
44650.0,44659.8,True,synchronous,0.9946778544839135
44655.0,44664.8,True,synchronous,0.9946847006831172
44660.0,44669.8,True,synchronous,0.9935741831586089
44665.0,44674.8,True,synchronous,0.9935824172470668
44670.0,44679.8,True,synchronous,0.9935824172470668
44675.0,44684.8,True,synchronous,0.9935741831586089
44680.0,44689.8,True,synchronous,0.9946847006630543
44685.0,44694.8,True,synchronous,0.9946846818857226
44690.0,44699.8,True,synchronous,0.9946778544839135
44695.0,44704.8,True,synchronous,0.9946847007115768
44700.0,44709.8,True,synchronous,0.9946846817999008
44705.0,44714.8,True,synchronous,0.9946778544839135
44710.0,44719.8,True,synchronous,0.9946304219393651
44715.0,44724.8,True,synchronous,0.9946847006831172
44720.0,44729.8,True,synchronous,0.9946846818489609
44725.0,44734.8,True,synchronous,0.9946846818608776
44730.0,44739.8,True,synchronous,0.9946846818247407
44735.0,44744.8,True,synchronous,0.9946846818719304
44740.0,44749.8,True,synchronous,0.9946778544839135
44745.0,44754.8,True,synchronous,0.9946778544839135
44750.0,44759.8,True,synchronous,0.9935824399174228
44755.0,44764.8,True,synchronous,0.993582439893226
44760.0,44769.8,True,synchronous,0.9946847006630543
44765.0,44774.8,True,synchronous,0.9946778544839135
44770.0,44779.8,True,synchronous,0.9935824399517462
44775.0,44784.8,True,synchronous,0.9935169782789206
44780.0,44789.8,True,synchronous,0.9935221930716464
44785.0,44794.8,True,synchronous,0.9935221933286623
44790.0,44799.8,True,synchronous,0.9935169782789206
44795.0,44804.8,True,synchronous,0.9935824399174228
44800.0,44809.8,True,synchronous,0.9946847006630543
44805.0,44814.8,True,synchronous,0.9946778544839135
44810.0,44819.8,True,synchronous,0.9946778544839135
44815.0,44824.8,True,synchronous,0.9946846818857226
44820.0,44829.8,True,synchronous,0.9946847006630543
44825.0,44834.8,True,synchronous,0.9946847006831172
44830.0,44839.8,True,synchronous,0.993582439893226
44835.0,44844.8,True,synchronous,0.9935824172171026
44840.0,44849.8,True,synchronous,0.9946846818608776
44845.0,44854.8,True,synchronous,0.9946847007115768
44850.0,44859.8,True,synchronous,0.9946778544839135
44855.0,44864.8,True,synchronous,0.9946847007115768
44860.0,44869.8,True,synchronous,0.9946304218246402
44865.0,44874.8,True,synchronous,0.9946304218246402
44870.0,44879.8,True,synchronous,0.9946847006831172
44875.0,44884.8,True,synchronous,0.9946846818489609
44880.0,44889.8,True,synchronous,0.9946342600170854
44885.0,44894.8,True,synchronous,0.9946847006630543
44890.0,44899.8,True,synchronous,0.9946846818857226
44895.0,44904.8,True,synchronous,0.9946847006630543
44900.0,44909.8,True,synchronous,0.9946846818489609
44905.0,44914.8,True,synchronous,0.9946846818247407
44910.0,44919.8,True,synchronous,0.9946846818247407
44915.0,44924.8,True,synchronous,0.9946846818380027
44920.0,44929.8,True,synchronous,0.9946846818489609
44925.0,44934.8,True,synchronous,0.9946846818608776
44930.0,44939.8,True,synchronous,0.9946846818247407
44935.0,44944.8,True,synchronous,0.9946846818608776
44940.0,44949.8,True,synchronous,0.9946847006630543
44945.0,44954.8,True,synchronous,0.9946846818247407
44950.0,44959.8,True,synchronous,0.9946847006630543
44955.0,44964.8,True,synchronous,0.9946846818608776
44960.0,44969.8,True,synchronous,0.9946846817999008
44965.0,44974.8,True,synchronous,0.9946846817999008
44970.0,44979.8,True,synchronous,0.9946846818380027
44975.0,44984.8,True,synchronous,0.9946846818608776
44980.0,44989.8,True,synchronous,0.9946847006630543
44985.0,44994.8,True,synchronous,0.9946778544839135
44990.0,44999.8,True,synchronous,0.9935741831586089
44995.0,45004.8,True,synchronous,0.9935824399174228
45000.0,45009.8,True,synchronous,0.9946847006630543
45005.0,45014.8,True,synchronous,0.9946846818608776
45010.0,45019.8,True,synchronous,0.9946847006630543
45015.0,45024.8,True,synchronous,0.9946778544839135
45020.0,45029.8,True,synchronous,0.9946778544839135
45025.0,45034.8,True,synchronous,0.9935169784765949
45030.0,45039.8,True,synchronous,0.9935221930716464
45035.0,45044.8,True,synchronous,0.9935169784765949
45040.0,45049.8,True,synchronous,0.9946847007115768
45045.0,45054.8,True,synchronous,0.9946846818247407
45050.0,45059.8,True,synchronous,0.9935741831586089
45055.0,45064.8,True,synchronous,0.9935741831586089
45060.0,45069.8,True,synchronous,0.9935221930716464
45065.0,45074.8,True,synchronous,0.9946778544839135
45070.0,45079.8,True,synchronous,0.9946342600170854
45075.0,45084.8,True,synchronous,0.9946342600168329
45080.0,45089.8,True,synchronous,0.9946846818247407
45085.0,45094.8,True,synchronous,0.9946847006630543
45090.0,45099.8,True,synchronous,0.9946847006855817
45095.0,45104.8,True,synchronous,0.9946336783331573
45100.0,45109.8,True,synchronous,0.9946336783331573
45105.0,45114.8,True,synchronous,0.9935221930716464
45110.0,45119.8,True,synchronous,0.9935741831586089
45115.0,45124.8,True,synchronous,0.9946846818608776
45120.0,45129.8,True,synchronous,0.9946342600170854
45125.0,45134.8,True,synchronous,0.9946846818608776
45130.0,45139.8,True,synchronous,0.9946847007115768
45135.0,45144.8,True,synchronous,0.9935169782789206
45140.0,45149.8,True,synchronous,0.9935824399517462
45145.0,45154.8,True,synchronous,0.9946847006630543
45150.0,45159.8,True,synchronous,0.9946778544839135
45155.0,45164.8,True,synchronous,0.9946847006630543
45160.0,45169.8,True,synchronous,0.9946846817999008
45165.0,45174.8,True,synchronous,0.9946847006630543
45170.0,45179.8,True,synchronous,0.9946847006831172
45175.0,45184.8,True,synchronous,0.9946846818247407
45180.0,45189.8,True,synchronous,0.9946847006831172
45185.0,45194.8,True,synchronous,0.9935824171435622
45190.0,45199.8,True,synchronous,0.9935169782789206
45195.0,45204.8,True,synchronous,0.9946304217754576
45200.0,45209.8,True,synchronous,0.9946847006630543
45205.0,45214.8,True,synchronous,0.9946846818608776
45210.0,45219.8,True,synchronous,0.9946846818719304
45215.0,45224.8,True,synchronous,0.9946846818608776
45220.0,45229.8,True,synchronous,0.9946778544839135
45225.0,45234.8,True,synchronous,0.9946847006831172
45230.0,45239.8,True,synchronous,0.9946846818608776
45235.0,45244.8,True,synchronous,0.9946846818608776
45240.0,45249.8,True,synchronous,0.9946846818608776
45245.0,45254.8,True,synchronous,0.9935824399174228
45250.0,45259.8,True,synchronous,0.9935741831586089
45255.0,45264.8,True,synchronous,0.9935824399174228
45260.0,45269.8,True,synchronous,0.9946847006831172
45265.0,45274.8,True,synchronous,0.9935741831586089
45270.0,45279.8,True,synchronous,0.9935741831586089
45275.0,45284.8,True,synchronous,0.9946847006630543
45280.0,45289.8,True,synchronous,0.9946846818857226
45285.0,45294.8,True,synchronous,0.9946846818719304
45290.0,45299.8,True,synchronous,0.9946846818719304
45295.0,45304.8,True,synchronous,0.9946778544839135
45300.0,45309.8,True,synchronous,0.9946847006855817
45305.0,45314.8,True,synchronous,0.9935169783382353
45310.0,45319.8,True,synchronous,0.9935741831586089
45315.0,45324.8,True,synchronous,0.9935169784765949
45320.0,45329.8,True,synchronous,0.9935221636682607
45325.0,45334.8,True,synchronous,0.9944659875634255
45330.0,45339.8,True,synchronous,0.9996476191670429
45335.0,45344.8,True,synchronous,0.9999933429334481
45340.0,45349.8,True,synchronous,0.9999971472804273
45345.0,45354.8,True,synchronous,0.999997130682537
45350.0,45359.8,True,synchronous,0.9999971472804273
45355.0,45364.8,True,synchronous,0.9999971472804273
45360.0,45369.8,True,synchronous,0.999997130682537
45365.0,45374.8,True,synchronous,0.999997130682537
45370.0,45379.8,True,synchronous,0.9999971472804273
45375.0,45384.8,True,synchronous,0.9999970844240466
45380.0,45389.8,True,synchronous,0.9999970844240466
45385.0,45394.8,True,synchronous,0.999997150983681
45390.0,45399.8,True,synchronous,0.9999971509899772
45395.0,45404.8,True,synchronous,0.9999971472804273
45400.0,45409.8,True,synchronous,0.9999971509836697
45405.0,45414.8,True,synchronous,0.9999971509836737
45410.0,45419.8,True,synchronous,0.9999971509686988
45415.0,45424.8,True,synchronous,0.9999971509899632
45420.0,45429.8,True,synchronous,0.9999971509899523
45425.0,45434.8,True,synchronous,0.9999971472804273
45430.0,45439.8,True,synchronous,0.999997130682464
45435.0,45444.8,True,synchronous,0.9999971472804273
45440.0,45449.8,True,synchronous,0.999997150983681
45445.0,45454.8,True,synchronous,0.9999971509899523
45450.0,45459.8,True,synchronous,0.9999971472804273
45455.0,45464.8,True,synchronous,0.999997130682464
45460.0,45469.8,True,synchronous,0.9999971472804273
45465.0,45474.8,True,synchronous,0.9999971509836739
45470.0,45479.8,True,synchronous,0.999997150983681
45475.0,45484.8,True,synchronous,0.9999971509836653
45480.0,45489.8,True,synchronous,0.9999971509836737
45485.0,45494.8,True,synchronous,0.9999971509836739
45490.0,45499.8,True,synchronous,0.54572725641966
45495.0,45504.8,True,synchronous,0.4450627165147703
45500.0,45509.8,True,synchronous,0.42387815596390077
45505.0,45514.8,True,synchronous,0.4249130925960217
45510.0,45519.8,True,synchronous,0.42491295968227827
45515.0,45524.8,True,synchronous,0.42403239288554145
45520.0,45529.8,True,synchronous,0.42403452411977643
45525.0,45534.8,True,synchronous,0.42403239288554145
45530.0,45539.8,True,synchronous,0.42263496474454754
45535.0,45544.8,True,synchronous,0.42263496474454754
45540.0,45549.8,True,synchronous,0.42235042217259783
45545.0,45554.8,True,synchronous,0.42491310073689265
45550.0,45559.8,True,synchronous,0.4247236565846887
45555.0,45564.8,True,synchronous,0.42387814765965304
45560.0,45569.8,True,synchronous,0.42472366492209834
45565.0,45574.8,True,synchronous,0.42403239288554145
45570.0,45579.8,True,synchronous,0.4240323954117437
45575.0,45584.8,True,synchronous,0.42387815596390077
45580.0,45589.8,True,synchronous,0.42403498611710266
45585.0,45594.8,True,synchronous,0.4240349901070088
45590.0,45599.8,True,synchronous,0.424913101309748
45595.0,45604.8,True,synchronous,0.42491295968227827
45600.0,45609.8,True,synchronous,0.4247236565846887
45605.0,45614.8,True,synchronous,0.4249130938706576
45610.0,45619.8,True,synchronous,0.4249130931491017
45615.0,45624.8,True,synchronous,0.4238807444734778
45620.0,45629.8,True,synchronous,0.4249130931358041
45625.0,45634.8,True,synchronous,0.42491296781846716
45630.0,45639.8,True,synchronous,0.42491296781846716
45635.0,45644.8,True,synchronous,0.42403498611710266
45640.0,45649.8,True,synchronous,0.4240324485594219
45645.0,45654.8,True,synchronous,0.4249130925960217
45650.0,45659.8,True,synchronous,0.42403498611710266
45655.0,45664.8,True,synchronous,0.4240349901070088
45660.0,45669.8,True,synchronous,0.42403239288554145
45665.0,45674.8,True,synchronous,0.4248780197735004
45670.0,45679.8,True,synchronous,0.4249129596668216
45675.0,45684.8,True,synchronous,0.4249129596668216
45680.0,45689.8,True,synchronous,0.4249130931580982
45685.0,45694.8,True,synchronous,0.4249130931491017
45690.0,45699.8,True,synchronous,0.4249130931580982
45695.0,45704.8,True,synchronous,0.42491310202230664
45700.0,45709.8,True,synchronous,0.4249130931358041
45705.0,45714.8,True,synchronous,0.4249130925852423
45710.0,45719.8,True,synchronous,0.4249130938706576
45715.0,45724.8,True,synchronous,0.4247236565846887
45720.0,45729.8,True,synchronous,0.42491296781846716
45725.0,45734.8,True,synchronous,0.42491296783392385
45730.0,45739.8,True,synchronous,0.4238781491318333
45735.0,45744.8,True,synchronous,0.4248780197735004
45740.0,45749.8,True,synchronous,0.4240323915320995
45745.0,45754.8,True,synchronous,0.4240349818019674
45750.0,45759.8,True,synchronous,0.4240323915320995
45755.0,45764.8,True,synchronous,0.4249129596668216
45760.0,45769.8,True,synchronous,0.42491301254500924
45765.0,45774.8,True,synchronous,0.4226350100267718
45770.0,45779.8,True,synchronous,0.4249129596668216
45775.0,45784.8,True,synchronous,0.4249130931358041
45780.0,45789.8,True,synchronous,0.42491310202230664
45785.0,45794.8,True,synchronous,0.42387814777852906
45790.0,45799.8,True,synchronous,0.4238781574360797
45795.0,45804.8,True,synchronous,0.4238807361691332
45800.0,45809.8,True,synchronous,0.4240349901070088
45805.0,45814.8,True,synchronous,0.42403498611710266
45810.0,45819.8,True,synchronous,0.4240324011904846
45815.0,45824.8,True,synchronous,0.4249130925960217
45820.0,45829.8,True,synchronous,0.4249130931580982
45825.0,45834.8,True,synchronous,0.4249130931358041
45830.0,45839.8,True,synchronous,0.42491296781846716
45835.0,45844.8,True,synchronous,0.424913100747672
45840.0,45849.8,True,synchronous,0.4249129600489335
45845.0,45854.8,True,synchronous,0.42491295968227827
45850.0,45859.8,True,synchronous,0.42403239141433513
45855.0,45864.8,True,synchronous,0.42403239288554145
45860.0,45869.8,True,synchronous,0.4249129600489335
45865.0,45874.8,True,synchronous,0.4248780197735004
45870.0,45879.8,True,synchronous,0.4240345239986207
45875.0,45884.8,True,synchronous,0.42403239288554145
45880.0,45889.8,True,synchronous,0.4248780197735004
45885.0,45894.8,True,synchronous,0.4248780197735004
45890.0,45899.8,True,synchronous,0.4247236565846887
45895.0,45904.8,True,synchronous,0.4238781491318333
45900.0,45909.8,True,synchronous,0.42491513544059817
45905.0,45914.8,True,synchronous,0.4238807361691332
45910.0,45919.8,True,synchronous,0.42403499442214226
45915.0,45924.8,True,synchronous,0.4240349949216739
45920.0,45929.8,True,synchronous,0.4240349901070088
45925.0,45934.8,True,synchronous,0.4247236565846887
45930.0,45939.8,True,synchronous,0.4249130925960217
45935.0,45944.8,True,synchronous,0.4248780731333689
45940.0,45949.8,True,synchronous,0.4240349818019674
45945.0,45954.8,True,synchronous,0.4240349901070088
45950.0,45959.8,True,synchronous,0.4240349818019674
45955.0,45964.8,True,synchronous,0.42506747486287905
45960.0,45969.8,True,synchronous,0.4249129596668216
45965.0,45974.8,True,synchronous,0.4249129596668216
45970.0,45979.8,True,synchronous,0.42491296783392385
45975.0,45984.8,True,synchronous,0.42491295968227827
45980.0,45989.8,True,synchronous,0.424913100747672
45985.0,45994.8,True,synchronous,0.4240349949216739
45990.0,45999.8,True,synchronous,0.4240350032267139
45995.0,46004.8,True,synchronous,0.4249129596668216
46000.0,46009.8,True,synchronous,0.4249129585717173
46005.0,46014.8,True,synchronous,0.4247236565846887
46010.0,46019.8,True,synchronous,0.42472366492209834
46015.0,46024.8,True,synchronous,0.424913100747672
46020.0,46029.8,True,synchronous,0.4247236565846887
46025.0,46034.8,True,synchronous,0.4249130925852423
46030.0,46039.8,True,synchronous,0.4249129600489335
46035.0,46044.8,True,synchronous,0.42491295968227827
46040.0,46049.8,True,synchronous,0.4240323915320995
46045.0,46054.8,True,synchronous,0.4248780197735004
46050.0,46059.8,True,synchronous,0.424913100747672
46055.0,46064.8,True,synchronous,0.4249129596668216
46060.0,46069.8,True,synchronous,0.42491296781846716
46065.0,46074.8,True,synchronous,0.42472366492209834
46070.0,46079.8,True,synchronous,0.42387814765965304
46075.0,46084.8,True,synchronous,0.42472366492209834
46080.0,46089.8,True,synchronous,0.42491296732801015
46085.0,46094.8,True,synchronous,0.42491296732801015
46090.0,46099.8,True,synchronous,0.42491296715542987
46095.0,46104.8,True,synchronous,0.4249129682005788
46100.0,46109.8,True,synchronous,0.4249130925960217
46105.0,46114.8,True,synchronous,0.4249130925960217
46110.0,46119.8,True,synchronous,0.4240349818019674
46115.0,46124.8,True,synchronous,0.42403498611710266
46120.0,46129.8,True,synchronous,0.4247236565846887
46125.0,46134.8,True,synchronous,0.4247236565846887
46130.0,46139.8,True,synchronous,0.42491296783392385
46135.0,46144.8,True,synchronous,0.42491295917636446
46140.0,46149.8,True,synchronous,0.42472366492209834
46145.0,46154.8,True,synchronous,0.4342966745838996
46150.0,46159.8,True,synchronous,0.545646450916483
46155.0,46164.8,True,synchronous,0.999997130682537
46160.0,46169.8,True,synchronous,0.999997130682537
46165.0,46174.8,True,synchronous,0.9999971509899632
46170.0,46179.8,True,synchronous,0.999997150989963
46175.0,46184.8,True,synchronous,0.999997150989963
46180.0,46189.8,True,synchronous,0.9999971509686875
46185.0,46194.8,True,synchronous,0.9999971509836739
46190.0,46199.8,True,synchronous,0.9999971472804273
46195.0,46204.8,True,synchronous,0.999997150983681
46200.0,46209.8,True,synchronous,0.9999971472804273
46205.0,46214.8,True,synchronous,0.9999971472804273
46210.0,46219.8,True,synchronous,0.9999971509836739
46215.0,46224.8,True,synchronous,0.9999971509899628
46220.0,46229.8,True,synchronous,0.9999971509899628
46225.0,46234.8,True,synchronous,0.9999971472804273
46230.0,46239.8,True,synchronous,0.9999971306824906
46235.0,46244.8,True,synchronous,0.9999971509899523
46240.0,46249.8,True,synchronous,0.999997150983681
46245.0,46254.8,True,synchronous,0.9999971509836737
46250.0,46259.8,True,synchronous,0.9999971509836739
46255.0,46264.8,True,synchronous,0.9999971472804273
46260.0,46269.8,True,synchronous,0.9999971472804273
46265.0,46274.8,True,synchronous,0.9999971509836737
46270.0,46279.8,True,synchronous,0.999997102554213
46275.0,46284.8,True,synchronous,0.9999971509686915
46280.0,46289.8,True,synchronous,0.9999971509686875
46285.0,46294.8,True,synchronous,0.9999971472804273
46290.0,46299.8,True,synchronous,0.999997150983681
46295.0,46304.8,True,synchronous,0.9999971472804273
46300.0,46309.8,True,synchronous,0.999997150989963
46305.0,46314.8,True,synchronous,0.9999971472804273
46310.0,46319.8,True,synchronous,0.9999971472804273
46315.0,46324.8,True,synchronous,0.9999971472804273
46320.0,46329.8,True,synchronous,0.9999971025542128
46325.0,46334.8,True,synchronous,0.99999715097497
46330.0,46339.8,True,synchronous,0.9999971306824618
46335.0,46344.8,True,synchronous,0.9999971306824906
46340.0,46349.8,True,synchronous,0.9999971025542128
46345.0,46354.8,True,synchronous,0.999997130682464
46350.0,46359.8,True,synchronous,0.9999971509899628
46355.0,46364.8,True,synchronous,0.9999971509836737
46360.0,46369.8,True,synchronous,0.9999971509836737
46365.0,46374.8,True,synchronous,0.9999971509899523
46370.0,46379.8,True,synchronous,0.9999971509899628
46375.0,46384.8,True,synchronous,0.9999971509899772
46380.0,46389.8,True,synchronous,0.9999971509899772
46385.0,46394.8,True,synchronous,0.9999971509899632
46390.0,46399.8,True,synchronous,0.999997130682537
46395.0,46404.8,True,synchronous,0.9999971472804273
46400.0,46409.8,True,synchronous,0.9999971509899628
46405.0,46414.8,True,synchronous,0.9999971509899523
46410.0,46419.8,True,synchronous,0.999997150989963
46415.0,46424.8,True,synchronous,0.9999971472804273
46420.0,46429.8,True,synchronous,0.9999971509899628
46425.0,46434.8,True,synchronous,0.9999971509899628
46430.0,46439.8,True,synchronous,0.999997130682537
46435.0,46444.8,True,synchronous,0.999997083177689
46440.0,46449.8,True,synchronous,0.9999970844240466
46445.0,46454.8,True,synchronous,0.9999971509899772
46450.0,46459.8,True,synchronous,0.9999971509836739
46455.0,46464.8,True,synchronous,0.9999971509899521
46460.0,46469.8,True,synchronous,0.9999971509836737
46465.0,46474.8,True,synchronous,0.9999971509899521
46470.0,46479.8,True,synchronous,0.9999971472804273
46475.0,46484.8,True,synchronous,0.9999971472804273
46480.0,46489.8,True,synchronous,0.999997102554213
46485.0,46494.8,True,synchronous,0.9999971306824618
46490.0,46499.8,True,synchronous,0.9999971509899628
46495.0,46504.8,True,synchronous,0.9999971509899628
46500.0,46509.8,True,synchronous,0.999997150989963
46505.0,46514.8,True,synchronous,0.9999971509899772
46510.0,46519.8,True,synchronous,0.9999971472804273
46515.0,46524.8,True,synchronous,0.9999971509899628
46520.0,46529.8,True,synchronous,0.999997150989963
46525.0,46534.8,True,synchronous,0.9999971025542128
46530.0,46539.8,True,synchronous,0.9999970844240466
46535.0,46544.8,True,synchronous,0.9999970844240466
46540.0,46549.8,True,synchronous,0.9999970844240466
46545.0,46554.8,True,synchronous,0.999997083177689
46550.0,46559.8,True,synchronous,0.9999971472804273
46555.0,46564.8,True,synchronous,0.9999971472804273
46560.0,46569.8,True,synchronous,0.9999971509836653
46565.0,46574.8,True,synchronous,0.9999971509836737
46570.0,46579.8,True,synchronous,0.9999971509899628
46575.0,46584.8,True,synchronous,0.9999971509899772
46580.0,46589.8,True,synchronous,0.9999970844241332
46585.0,46594.8,True,synchronous,0.9999970831776124
46590.0,46599.8,True,synchronous,0.9999971509899628
46595.0,46604.8,True,synchronous,0.9999971472804273
46600.0,46609.8,True,synchronous,0.9999971509836739
46605.0,46614.8,True,synchronous,0.9999971509899628
46610.0,46619.8,True,synchronous,0.9999971509836737
46615.0,46624.8,True,synchronous,0.9999971509686797
46620.0,46629.8,True,synchronous,0.9999971509836737
46625.0,46634.8,True,synchronous,0.999997130682537
46630.0,46639.8,True,synchronous,0.999997131928893
46635.0,46644.8,True,synchronous,0.9999971306824618
46640.0,46649.8,True,synchronous,0.9999971509899628
46645.0,46654.8,True,synchronous,0.9999971472804273
46650.0,46659.8,True,synchronous,0.9999971509899628
46655.0,46664.8,True,synchronous,0.9999971509836739
46660.0,46669.8,True,synchronous,0.999997150983681
46665.0,46674.8,True,synchronous,0.9999971509899628
46670.0,46679.8,True,synchronous,0.9999971306824618
46675.0,46684.8,True,synchronous,0.9999971472804273
46680.0,46689.8,True,synchronous,0.9999971509899628
46685.0,46694.8,True,synchronous,0.999997130682537
46690.0,46699.8,True,synchronous,0.999997130682537
46695.0,46704.8,True,synchronous,0.9999971509899523
46700.0,46709.8,True,synchronous,0.999997130682537
46705.0,46714.8,True,synchronous,0.999997150968683
46710.0,46719.8,True,synchronous,0.9999971509686917
46715.0,46724.8,True,synchronous,0.9999971306824906
46720.0,46729.8,True,synchronous,0.999997130682464
46725.0,46734.8,True,synchronous,0.9999970997755738
46730.0,46739.8,True,synchronous,0.9999970844240466
46735.0,46744.8,True,synchronous,0.9999971509836737
46740.0,46749.8,True,synchronous,0.9999971306824618
46745.0,46754.8,True,synchronous,0.9999971472804273
46750.0,46759.8,True,synchronous,0.9999971509899628
46755.0,46764.8,True,synchronous,0.9999971509686915
46760.0,46769.8,True,synchronous,0.9999971306824618
46765.0,46774.8,True,synchronous,0.9999971306824618
46770.0,46779.8,True,synchronous,0.9999971509899521
46775.0,46784.8,True,synchronous,0.9999971509836739
46780.0,46789.8,True,synchronous,0.9999971509836737
46785.0,46794.8,True,synchronous,0.9999971509836653
46790.0,46799.8,True,synchronous,0.9999971025694275
46795.0,46804.8,True,synchronous,0.9999971509836597
46800.0,46809.8,True,synchronous,0.9999971509899632
46805.0,46814.8,True,synchronous,0.9999971509836739
46810.0,46819.8,True,synchronous,0.9999971472804273
46815.0,46824.8,True,synchronous,0.9999971472804273
46820.0,46829.8,True,synchronous,0.999997150983681
46825.0,46834.8,True,synchronous,0.9999971509836739
46830.0,46839.8,True,synchronous,0.9999971509836619
46835.0,46844.8,True,synchronous,0.999997150983681
46840.0,46849.8,True,synchronous,0.9999971509836739
46845.0,46854.8,True,synchronous,0.9999971509836737
46850.0,46859.8,True,synchronous,0.9999971509836739
46855.0,46864.8,True,synchronous,0.9999971509899523
46860.0,46869.8,True,synchronous,0.9999971509836739
46865.0,46874.8,True,synchronous,0.9999971472804273
46870.0,46879.8,True,synchronous,0.9999971472804273
46875.0,46884.8,True,synchronous,0.999997131928893
46880.0,46889.8,True,synchronous,0.999997131928893
46885.0,46894.8,True,synchronous,0.9999971509836737
46890.0,46899.8,True,synchronous,0.9999971509836597
46895.0,46904.8,True,synchronous,0.999997150968683
46900.0,46909.8,True,synchronous,0.9999971509686915
46905.0,46914.8,True,synchronous,0.9999971509899523
46910.0,46919.8,True,synchronous,0.9999971472804273
46915.0,46924.8,True,synchronous,0.9999971509899632
46920.0,46929.8,True,synchronous,0.9999971509836737
46925.0,46934.8,True,synchronous,0.9999971509836737
46930.0,46939.8,True,synchronous,0.9999971509836737
46935.0,46944.8,True,synchronous,0.9999970968816461
46940.0,46949.8,True,synchronous,0.9999971509686915
46945.0,46954.8,True,synchronous,0.9999971509899523
46950.0,46959.8,True,synchronous,0.9999971509899628
46955.0,46964.8,True,synchronous,0.9999971509899628
46960.0,46969.8,True,synchronous,0.9999971509899523
46965.0,46974.8,True,synchronous,0.9999971472804273
46970.0,46979.8,True,synchronous,0.9999971509686988
46975.0,46984.8,True,synchronous,0.9999971509686917
46980.0,46989.8,True,synchronous,0.9999971509899628
46985.0,46994.8,True,synchronous,0.9999971509899523
46990.0,46999.8,True,synchronous,0.9999971472804273
46995.0,47004.8,True,synchronous,0.9999971472804273
47000.0,47009.8,True,synchronous,0.999997130682537
47005.0,47014.8,True,synchronous,0.999997130682537
47010.0,47019.8,True,synchronous,0.9999971509686915
47015.0,47024.8,True,synchronous,0.9999971472804273
47020.0,47029.8,True,synchronous,0.9999971509899628
47025.0,47034.8,True,synchronous,0.9999971509899772
47030.0,47039.8,True,synchronous,0.9999971472804273
47035.0,47044.8,True,synchronous,0.9999971472804273
47040.0,47049.8,True,synchronous,0.999997130682464
47045.0,47054.8,True,synchronous,0.9999970844242866
47050.0,47059.8,True,synchronous,0.9999970844240466
47055.0,47064.8,True,synchronous,0.9999971509899628
47060.0,47069.8,True,synchronous,0.9999971509899628
47065.0,47074.8,True,synchronous,0.9999971509899523
47070.0,47079.8,True,synchronous,0.9999971509899523
47075.0,47084.8,True,synchronous,0.9999971472804273
47080.0,47089.8,True,synchronous,0.9999971509899772
47085.0,47094.8,True,synchronous,0.999997150968683
47090.0,47099.8,True,synchronous,0.9999971472804273
47095.0,47104.8,True,synchronous,0.9999971509899628
47100.0,47109.8,True,synchronous,0.9999971509899523
47105.0,47114.8,True,synchronous,0.9999971509899632
47110.0,47119.8,True,synchronous,0.9999971509899521
47115.0,47124.8,True,synchronous,0.9999971509899523
47120.0,47129.8,True,synchronous,0.9999971509899772
47125.0,47134.8,True,synchronous,0.9999971509899628
47130.0,47139.8,True,synchronous,0.9999971509836653
47135.0,47144.8,True,synchronous,0.9999971509836553
47140.0,47149.8,True,synchronous,0.9999971034851095
47145.0,47154.8,True,synchronous,0.999997083177689
47150.0,47159.8,True,synchronous,0.999997150983681
47155.0,47164.8,True,synchronous,0.9999971025694275
47160.0,47169.8,True,synchronous,0.999997130682464
47165.0,47174.8,True,synchronous,0.9999971319289735
47170.0,47179.8,True,synchronous,0.9999971319289735
47175.0,47184.8,True,synchronous,0.999997130682537
47180.0,47189.8,True,synchronous,0.9999971472804273
47185.0,47194.8,True,synchronous,0.9999971509899632
47190.0,47199.8,True,synchronous,0.9999971509899628
47195.0,47204.8,True,synchronous,0.9999971472804273
47200.0,47209.8,True,synchronous,0.9999971509899628
47205.0,47214.8,True,synchronous,0.999997130682464
47210.0,47219.8,True,synchronous,0.999997131928893
47215.0,47224.8,True,synchronous,0.9999971306824906
47220.0,47229.8,True,synchronous,0.9999971509836739
47225.0,47234.8,True,synchronous,0.9999971509899628
47230.0,47239.8,True,synchronous,0.9999971509899632
47235.0,47244.8,True,synchronous,0.9999971509686915
47240.0,47249.8,True,synchronous,0.9999971509899628
47245.0,47254.8,True,synchronous,0.9999971509899628
47250.0,47259.8,True,synchronous,0.9999971472804273
47255.0,47264.8,True,synchronous,0.9999971306824906
47260.0,47269.8,True,synchronous,0.9999971306824906
47265.0,47274.8,True,synchronous,0.9999971509836739
47270.0,47279.8,True,synchronous,0.9999971509836739
47275.0,47284.8,True,synchronous,0.9999971509836697
47280.0,47289.8,True,synchronous,0.9999971509836739
47285.0,47294.8,True,synchronous,0.9999971509686875
47290.0,47299.8,True,synchronous,0.9999971509899523
47295.0,47304.8,True,synchronous,0.999997150983681
47300.0,47309.8,True,synchronous,0.9999971472804273
47305.0,47314.8,True,synchronous,0.9999971472804273
47310.0,47319.8,True,synchronous,0.9999971509899521
47315.0,47324.8,True,synchronous,0.9999971509899628
47320.0,47329.8,True,synchronous,0.9999970844240466
47325.0,47334.8,True,synchronous,0.999997083177689
47330.0,47339.8,True,synchronous,0.9999970831776124
47335.0,47344.8,True,synchronous,0.9999971509836737
47340.0,47349.8,True,synchronous,0.999997150983681
47345.0,47354.8,True,synchronous,0.9999971306824906
47350.0,47359.8,True,synchronous,0.9999970844240466
47355.0,47364.8,True,synchronous,0.9999970844241332
47360.0,47369.8,True,synchronous,0.9999971509686917
47365.0,47374.8,True,synchronous,0.9999971509836739
47370.0,47379.8,True,synchronous,0.9999971509899523
47375.0,47384.8,True,synchronous,0.9999971509899628
47380.0,47389.8,True,synchronous,0.9999971509899772
47385.0,47394.8,True,synchronous,0.9999971509686915
47390.0,47399.8,True,synchronous,0.9999971509899632
47395.0,47404.8,True,synchronous,0.999997150983681
47400.0,47409.8,True,synchronous,0.9999971472804273
47405.0,47414.8,True,synchronous,0.9999971472804273
47410.0,47419.8,True,synchronous,0.9999971472804273
47415.0,47424.8,True,synchronous,0.9999971509899521
47420.0,47429.8,True,synchronous,0.9999971472804273
47425.0,47434.8,True,synchronous,0.9999971509686917
47430.0,47439.8,True,synchronous,0.9999971472804273
47435.0,47444.8,True,synchronous,0.9999971306824618
47440.0,47449.8,True,synchronous,0.9999971509836737
47445.0,47454.8,True,synchronous,0.999997130682464
47450.0,47459.8,True,synchronous,0.9999971472804273
47455.0,47464.8,True,synchronous,0.9999971509836739
47460.0,47469.8,True,synchronous,0.9999971509686915
47465.0,47474.8,True,synchronous,0.9999971509899628
47470.0,47479.8,True,synchronous,0.9999971509899628
47475.0,47484.8,True,synchronous,0.9999970997755738
47480.0,47489.8,True,synchronous,0.9999971034850986
47485.0,47494.8,True,synchronous,0.9999971509836737
47490.0,47499.8,True,synchronous,0.999997150968683
47495.0,47504.8,True,synchronous,0.9999971509686915
47500.0,47509.8,True,synchronous,0.9999971509899628
47505.0,47514.8,True,synchronous,0.999997130682464
47510.0,47519.8,True,synchronous,0.9999971472804273
47515.0,47524.8,True,synchronous,0.9999971509836737
47520.0,47529.8,True,synchronous,0.9999971472804273
47525.0,47534.8,True,synchronous,0.9999971472804273
47530.0,47539.8,True,synchronous,0.9999971509836553
47535.0,47544.8,True,synchronous,0.9999971509836553
47540.0,47549.8,True,synchronous,0.9999971509686875
47545.0,47554.8,True,synchronous,0.9999971509686917
47550.0,47559.8,True,synchronous,0.9999971509899628
47555.0,47564.8,True,synchronous,0.9999971472804273
47560.0,47569.8,True,synchronous,0.9999971306824906
47565.0,47574.8,True,synchronous,0.9999971472804273
47570.0,47579.8,True,synchronous,0.9999971306824906
47575.0,47584.8,True,synchronous,0.9999971306824906
47580.0,47589.8,True,synchronous,0.9999971509899628
47585.0,47594.8,True,synchronous,0.9999971472804273
47590.0,47599.8,True,synchronous,0.9999971509899523
47595.0,47604.8,True,synchronous,0.9999971509836653
47600.0,47609.8,True,synchronous,0.9999971509899628
47605.0,47614.8,True,synchronous,0.9999971509686915
47610.0,47619.8,True,synchronous,0.9999971472804273
47615.0,47624.8,True,synchronous,0.9999970844241332
47620.0,47629.8,True,synchronous,0.9999970844242866
47625.0,47634.8,True,synchronous,0.9999971472804273
47630.0,47639.8,True,synchronous,0.9999970997755738
47635.0,47644.8,True,synchronous,0.9999970844240466
47640.0,47649.8,True,synchronous,0.9999970844241332
47645.0,47654.8,True,synchronous,0.9999970844240466
47650.0,47659.8,True,synchronous,0.999997083177639
47655.0,47664.8,True,synchronous,0.9999971472804273
47660.0,47669.8,True,synchronous,0.9999971509899523
47665.0,47674.8,True,synchronous,0.9999971509686917
47670.0,47679.8,True,synchronous,0.9999971472804273
47675.0,47684.8,True,synchronous,0.9999971509899523
47680.0,47689.8,True,synchronous,0.9999971509686988
47685.0,47694.8,True,synchronous,0.999997150968683
47690.0,47699.8,True,synchronous,0.9999971472804273
47695.0,47704.8,True,synchronous,0.9999971472804273
47700.0,47709.8,True,synchronous,0.9999971306824618
47705.0,47714.8,True,synchronous,0.9999971509836739
47710.0,47719.8,True,synchronous,0.9999971472804273
47715.0,47724.8,True,synchronous,0.999997130682464
47720.0,47729.8,True,synchronous,0.9999971472804273
47725.0,47734.8,True,synchronous,0.9999971472804273
47730.0,47739.8,True,synchronous,0.9999971472804273
47735.0,47744.8,True,synchronous,0.9999971472804273
47740.0,47749.8,True,synchronous,0.9999971472804273
47745.0,47754.8,True,synchronous,0.9999971472804273
47750.0,47759.8,True,synchronous,0.9999971472804273
47755.0,47764.8,True,synchronous,0.9999971509899523
47760.0,47769.8,True,synchronous,0.9999971509899628
47765.0,47774.8,True,synchronous,0.9999971509899523
47770.0,47779.8,True,synchronous,0.999997150983681
47775.0,47784.8,True,synchronous,0.9999971509899772
47780.0,47789.8,True,synchronous,0.999997131928893
47785.0,47794.8,True,synchronous,0.9999971319291099
47790.0,47799.8,True,synchronous,0.999997130682537
47795.0,47804.8,True,synchronous,0.9999971509899772
47800.0,47809.8,True,synchronous,0.9999971509686917
47805.0,47814.8,True,synchronous,0.9999971306824906
47810.0,47819.8,True,synchronous,0.9999971472804273
47815.0,47824.8,True,synchronous,0.9999971472804273
47820.0,47829.8,True,synchronous,0.9999971472804273
47825.0,47834.8,True,synchronous,0.9999971509836739
47830.0,47839.8,True,synchronous,0.9999971025694275
47835.0,47844.8,True,synchronous,0.9999971509686915
47840.0,47849.8,True,synchronous,0.9999971509899628
47845.0,47854.8,True,synchronous,0.999997130682537
47850.0,47859.8,True,synchronous,0.999997083177689
47855.0,47864.8,True,synchronous,0.9999970844241332
47860.0,47869.8,True,synchronous,0.999997130682537
47865.0,47874.8,True,synchronous,0.9999971472804273
47870.0,47879.8,True,synchronous,0.9999971472804273
47875.0,47884.8,True,synchronous,0.9999971472804273
47880.0,47889.8,True,synchronous,0.9999971509836737
47885.0,47894.8,True,synchronous,0.9999971025542128
47890.0,47899.8,True,synchronous,0.9999971509686728
47895.0,47904.8,True,synchronous,0.9999971509686728
47900.0,47909.8,True,synchronous,0.9999971509686728
47905.0,47914.8,True,synchronous,0.9999971509686728
47910.0,47919.8,True,synchronous,0.999997102554213
47915.0,47924.8,True,synchronous,0.9999971509836737
47920.0,47929.8,True,synchronous,0.9999971509836737
47925.0,47934.8,True,synchronous,0.9999971472804273
47930.0,47939.8,True,synchronous,0.9999971472804273
47935.0,47944.8,True,synchronous,0.9999971509686775
47940.0,47949.8,True,synchronous,0.9999970968825851
47945.0,47954.8,True,synchronous,0.9999971509836737
47950.0,47959.8,True,synchronous,0.9999971509899521
47955.0,47964.8,True,synchronous,0.9999971509899523
47960.0,47969.8,True,synchronous,0.9999971509899521
47965.0,47974.8,True,synchronous,0.9999971509899523
47970.0,47979.8,True,synchronous,0.9999971509836739
47975.0,47984.8,True,synchronous,0.999997150968683
47980.0,47989.8,True,synchronous,0.999997130682464
47985.0,47994.8,True,synchronous,0.9999971472804273
47990.0,47999.8,True,synchronous,0.999997130682464
47995.0,48004.8,True,synchronous,0.9999971509686915
48000.0,48009.8,True,synchronous,0.9999971306824906
48005.0,48014.8,True,synchronous,0.9999971472804273
48010.0,48019.8,True,synchronous,0.9999971472804273
48015.0,48024.8,True,synchronous,0.9999971306824618
48020.0,48029.8,True,synchronous,0.9999971509899628
48025.0,48034.8,True,synchronous,0.9999971509899523
48030.0,48039.8,True,synchronous,0.9999971509899521
48035.0,48044.8,True,synchronous,0.999997150989963
48040.0,48049.8,True,synchronous,0.9999971509686915
48045.0,48054.8,True,synchronous,0.9999971509899521
48050.0,48059.8,True,synchronous,0.9999971509899523
48055.0,48064.8,True,synchronous,0.9999971509686728
48060.0,48069.8,True,synchronous,0.9999971509686917
48065.0,48074.8,True,synchronous,0.9999971025542128
48070.0,48079.8,True,synchronous,0.9999971509686775
48075.0,48084.8,True,synchronous,0.999997150968683
48080.0,48089.8,True,synchronous,0.9999971509686915
48085.0,48094.8,True,synchronous,0.999997150989963
48090.0,48099.8,True,synchronous,0.9999971509836737
48095.0,48104.8,True,synchronous,0.9999971509836737
48100.0,48109.8,True,synchronous,0.9999971509686728
48105.0,48114.8,True,synchronous,0.9999971509686917
48110.0,48119.8,True,synchronous,0.9999971509686915
48115.0,48124.8,True,synchronous,0.9999970968816461
48120.0,48129.8,True,synchronous,0.9999971025542128
48125.0,48134.8,True,synchronous,0.9999971509686728
48130.0,48139.8,True,synchronous,0.9999971509899632
48135.0,48144.8,True,synchronous,0.999997130682537
48140.0,48149.8,True,synchronous,0.9999971306824618
48145.0,48154.8,True,synchronous,0.9999971472804273
48150.0,48159.8,True,synchronous,0.999997130682464
48155.0,48164.8,True,synchronous,0.9999971509836737
48160.0,48169.8,True,synchronous,0.9999971472804273
48165.0,48174.8,True,synchronous,0.9999971509899628
48170.0,48179.8,True,synchronous,0.999997150983681
48175.0,48184.8,True,synchronous,0.9999971472804273
48180.0,48189.8,True,synchronous,0.9999971509686915
48185.0,48194.8,True,synchronous,0.9999971306824618
48190.0,48199.8,True,synchronous,0.9999971306824906
48195.0,48204.8,True,synchronous,0.999997150968683
48200.0,48209.8,True,synchronous,0.9999970844241332
48205.0,48214.8,True,synchronous,0.9999970844241332
48210.0,48219.8,True,synchronous,0.9999971306824906
48215.0,48224.8,True,synchronous,0.999997131928893
48220.0,48229.8,True,synchronous,0.9999971509749809
48225.0,48234.8,True,synchronous,0.999997150983681
48230.0,48239.8,True,synchronous,0.9999971509899628
48235.0,48244.8,True,synchronous,0.9999971472804273
48240.0,48249.8,True,synchronous,0.9999971509899628
48245.0,48254.8,True,synchronous,0.9999971509836553
48250.0,48259.8,True,synchronous,0.9999971472804273
48255.0,48264.8,True,synchronous,0.9999971319289735
48260.0,48269.8,True,synchronous,0.9999971319289735
48265.0,48274.8,True,synchronous,0.9999971306824618
48270.0,48279.8,True,synchronous,0.9999971509899772
48275.0,48284.8,True,synchronous,0.9999971509686875
48280.0,48289.8,True,synchronous,0.9999971509899632
48285.0,48294.8,True,synchronous,0.9999971509899772
48290.0,48299.8,True,synchronous,0.9999971472804273
48295.0,48304.8,True,synchronous,0.9999971509686915
48300.0,48309.8,True,synchronous,0.9999971509899523
48305.0,48314.8,True,synchronous,0.9999971472804273
48310.0,48319.8,True,synchronous,0.9999971306824906
48315.0,48324.8,True,synchronous,0.9999971472804273
48320.0,48329.8,True,synchronous,0.9999971509899523
48325.0,48334.8,True,synchronous,0.9999971509686875
48330.0,48339.8,True,synchronous,0.9999971509686917
48335.0,48344.8,True,synchronous,0.9999971472804273
48340.0,48349.8,True,synchronous,0.9999971509899523
48345.0,48354.8,True,synchronous,0.999997083177689
48350.0,48359.8,True,synchronous,0.9999970844244713
48355.0,48364.8,True,synchronous,0.9999970844242866
48360.0,48369.8,True,synchronous,0.9999971306824618
48365.0,48374.8,True,synchronous,0.999997150989963
48370.0,48379.8,True,synchronous,0.9999971472804273
48375.0,48384.8,True,synchronous,0.9999971472804273
48380.0,48389.8,True,synchronous,0.9999971509836737
48385.0,48394.8,True,synchronous,0.9999971509836739
48390.0,48399.8,True,synchronous,0.9999971509899521
48395.0,48404.8,True,synchronous,0.9999971509899521
48400.0,48409.8,True,synchronous,0.9999971509836737
48405.0,48414.8,True,synchronous,0.999997150968683
48410.0,48419.8,True,synchronous,0.9999971509686917
48415.0,48424.8,True,synchronous,0.9999971306824906
48420.0,48429.8,True,synchronous,0.9999971509899772
48425.0,48434.8,True,synchronous,0.9999971472804273
48430.0,48439.8,True,synchronous,0.9999971509899772
48435.0,48444.8,True,synchronous,0.999997130682464
48440.0,48449.8,True,synchronous,0.999997130682537
48445.0,48454.8,True,synchronous,0.9999971306824618
48450.0,48459.8,True,synchronous,0.9999971306824906
48455.0,48464.8,True,synchronous,0.9999971472804273
48460.0,48469.8,True,synchronous,0.9999971472804273
48465.0,48474.8,True,synchronous,0.9999971472804273
48470.0,48479.8,True,synchronous,0.9999971306824906
48475.0,48484.8,True,synchronous,0.9999971319289735
48480.0,48489.8,True,synchronous,0.9999971306824618
48485.0,48494.8,True,synchronous,0.9999971472804273
48490.0,48499.8,True,synchronous,0.9999971472804273
48495.0,48504.8,True,synchronous,0.9999971509899523
48500.0,48509.8,True,synchronous,0.9999971509899523
48505.0,48514.8,True,synchronous,0.9999971509686915
48510.0,48519.8,True,synchronous,0.9999971509686915
48515.0,48524.8,True,synchronous,0.9999971509686915
48520.0,48529.8,True,synchronous,0.9999971509836697
48525.0,48534.8,True,synchronous,0.9999971509836653
48530.0,48539.8,True,synchronous,0.9999971509686875
48535.0,48544.8,True,synchronous,0.9999971509686915
48540.0,48549.8,True,synchronous,0.9999971509686915
48545.0,48554.8,True,synchronous,0.999997150983681
48550.0,48559.8,True,synchronous,0.9999971025694275
48555.0,48564.8,True,synchronous,0.9999971509899628
48560.0,48569.8,True,synchronous,0.999997131928893
48565.0,48574.8,True,synchronous,0.5479738526716457
48570.0,48579.8,True,synchronous,0.45628564957311013
48575.0,48584.8,True,synchronous,0.4249129585717173
48580.0,48589.8,True,synchronous,0.42491295917636446
48585.0,48594.8,True,synchronous,0.42472366492209834
48590.0,48599.8,True,synchronous,0.4240349818019674
48595.0,48604.8,True,synchronous,0.424037118729281
48600.0,48609.8,True,synchronous,0.4240339610770452
48605.0,48614.8,True,synchronous,0.4252896277179562
48610.0,48619.8,True,synchronous,0.42613803445791437
48615.0,48624.8,True,synchronous,0.42528999098503756
48620.0,48629.8,True,synchronous,0.42529028395867696
48625.0,48634.8,True,synchronous,0.4252906492217035
48630.0,48639.8,True,synchronous,0.425288059357509
48635.0,48644.8,True,synchronous,0.4263291536944389
48640.0,48649.8,True,synchronous,0.42529064076040657
48645.0,48654.8,True,synchronous,0.4252906496040768
48650.0,48659.8,True,synchronous,0.42529119236478585
48655.0,48664.8,True,synchronous,0.42529119236478585
48660.0,48669.8,True,synchronous,0.4252886094408854
48665.0,48674.8,True,synchronous,0.426329573411988
48670.0,48679.8,True,synchronous,0.4263295740742861
48675.0,48684.8,True,synchronous,0.4263295731733893
48680.0,48689.8,True,synchronous,0.42528860539906616
48685.0,48694.8,True,synchronous,0.42529120558521266
48690.0,48699.8,True,synchronous,0.425290640754053
48695.0,48704.8,True,synchronous,0.42529064076040657
48700.0,48709.8,True,synchronous,0.4252906492217035
48705.0,48714.8,True,synchronous,0.4252879255291475
48710.0,48719.8,True,synchronous,0.4252902811613574
48715.0,48724.8,True,synchronous,0.426328653924293
48720.0,48729.8,True,synchronous,0.425290275108655
48725.0,48734.8,True,synchronous,0.4252905110225064
48730.0,48739.8,True,synchronous,0.42528805789236135
48735.0,48744.8,True,synchronous,0.4261387016818796
48740.0,48749.8,True,synchronous,0.42528805089591226
48745.0,48754.8,True,synchronous,0.4252906496104304
48750.0,48759.8,True,synchronous,0.42529120558521266
48755.0,48764.8,True,fridge,0.5733794701026891
48760.0,48769.8,True,pc,0.25073319656774307
48765.0,48774.8,True,pc,0.25073319655835496
48770.0,48779.8,True,pc,0.25073321268462184
48775.0,48784.8,True,pc,0.2507285392698115
48780.0,48789.8,True,pc,0.2526481121321136
48785.0,48794.8,True,pc,0.25264811144883
48790.0,48799.8,True,pc,0.2522956693823744
48795.0,48804.8,True,pc,0.2522956693823744
48800.0,48809.8,True,pc,0.25264836181764205
48805.0,48814.8,True,pc,0.25073329308847503
48810.0,48819.8,True,pc,0.25073324857185525
48815.0,48824.8,True,pc,0.25073324868584707
48820.0,48829.8,True,fridge,0.573385205045478
48825.0,48834.8,True,synchronous,0.4252912165968818
48830.0,48839.8,True,synchronous,0.4252906691736984
48835.0,48844.8,True,synchronous,0.42613869318639913
48840.0,48849.8,True,synchronous,0.4263291536944389
48845.0,48854.8,True,synchronous,0.4252906496104304
48850.0,48859.8,True,synchronous,0.42529119673535865
48855.0,48864.8,True,fridge,0.5733852056282139
48860.0,48869.8,True,pc,0.25073321280800176
48865.0,48874.8,True,pc,0.2526480134560381
48870.0,48879.8,True,pc,0.25073321282179784
48875.0,48884.8,True,fridge,0.5733852056282139
48880.0,48889.8,True,synchronous,0.42529119236478585
48885.0,48894.8,True,synchronous,0.4252906606224567
48890.0,48899.8,True,synchronous,0.4252906580717275
48895.0,48904.8,True,synchronous,0.4252902811613574
48900.0,48909.8,True,synchronous,0.4252879281058468
48905.0,48914.8,True,synchronous,0.42529052424315333
48910.0,48919.8,True,synchronous,0.4252906580717275
48915.0,48924.8,True,synchronous,0.42529120558521266
48920.0,48929.8,True,fridge,0.5733852056282139
48925.0,48934.8,True,pc,0.25073321280800176
48930.0,48939.8,True,pc,0.25073319656774307
48935.0,48944.8,True,fridge,0.5733851860766194
48940.0,48949.8,True,synchronous,0.42529120558521266
48945.0,48954.8,True,synchronous,0.4252906606224567
48950.0,48959.8,True,synchronous,0.4252906492217035
48955.0,48964.8,True,synchronous,0.42529052424315333
48960.0,48969.8,True,synchronous,0.4252879283264351
48965.0,48974.8,True,synchronous,0.4252905153931301
48970.0,48979.8,True,synchronous,0.4252906691736984
48975.0,48984.8,True,synchronous,0.4252912251478066
48980.0,48989.8,True,fridge,0.5752611355060306
48985.0,48994.8,True,fridge,0.5752611349194752
48990.0,48999.8,True,fridge,0.573379463827491
48995.0,49004.8,True,fridge,0.5733852488469965
49000.0,49009.8,True,synchronous,0.42529067763499445
49005.0,49014.8,True,synchronous,0.4252906580717275
49010.0,49019.8,True,synchronous,0.42529000618047585
49015.0,49024.8,True,synchronous,0.42528964728121016
49020.0,49029.8,True,synchronous,0.42528703422498104
49025.0,49034.8,True,synchronous,0.4261382430188919
49030.0,49039.8,True,synchronous,0.42528702911415756
49035.0,49044.8,True,synchronous,0.42613767090141647
49040.0,49049.8,True,synchronous,0.42613767090141647
49045.0,49054.8,True,synchronous,0.42613767713972694
49050.0,49059.8,True,synchronous,0.4252899910865819
49055.0,49064.8,True,synchronous,0.4252899821350172
49060.0,49069.8,True,synchronous,0.42529028395867696
49065.0,49074.8,True,synchronous,0.4252905438064186
49070.0,49079.8,True,synchronous,0.4252906492217035
49075.0,49084.8,True,synchronous,0.4252906496040768
49080.0,49089.8,True,synchronous,0.4261392470821359
49085.0,49094.8,True,synchronous,0.4252906496040768
49090.0,49099.8,True,synchronous,0.42529063638978154
49095.0,49104.8,True,synchronous,0.4252906580717275
49100.0,49109.8,True,synchronous,0.42529028395867696
49105.0,49114.8,True,synchronous,0.4252902856307231
49110.0,49119.8,True,synchronous,0.42632865552324445
49115.0,49124.8,True,synchronous,0.4263284952537824
49120.0,49129.8,True,synchronous,0.4252899778970613
49125.0,49134.8,True,synchronous,0.42613832905192783
49130.0,49139.8,True,synchronous,0.4252902723396559
49135.0,49144.8,True,synchronous,0.42528768700684894
49140.0,49149.8,True,synchronous,0.4263287882826142
49145.0,49154.8,True,synchronous,0.42529027076915416
49150.0,49159.8,True,synchronous,0.4252879281058468
49155.0,49164.8,True,synchronous,0.42529067763499445
49160.0,49169.8,True,synchronous,0.4252906496040768
49165.0,49174.8,True,synchronous,0.4261392470821359
49170.0,49179.8,True,synchronous,0.4261392470821359
49175.0,49184.8,True,synchronous,0.42632970864106107
49180.0,49189.8,True,synchronous,0.42529119673535865
49185.0,49194.8,True,synchronous,0.4252906496104304
49190.0,49199.8,True,synchronous,0.42529052424315333
49195.0,49204.8,True,synchronous,0.4252906448510795
49200.0,49209.8,True,synchronous,0.4252902811613574
49205.0,49214.8,True,synchronous,0.4464220863272908
49210.0,49219.8,True,synchronous,0.5477457963054319
49215.0,49224.8,True,synchronous,0.9999971268387448
49220.0,49229.8,True,synchronous,0.9999971305370783
49225.0,49234.8,True,synchronous,0.9999971305361011
49230.0,49239.8,True,synchronous,0.9999971305361015
49235.0,49244.8,True,synchronous,0.9999971114864801
49240.0,49249.8,True,synchronous,0.9999971114866155
49245.0,49254.8,True,synchronous,0.999997111486699
49250.0,49259.8,True,synchronous,0.9999971114970941
49255.0,49264.8,True,synchronous,0.9999948153356845
49260.0,49269.8,True,synchronous,0.9999957681983959
49265.0,49274.8,True,synchronous,0.9999957681983963
49270.0,49279.8,True,synchronous,0.9999948153365011
49275.0,49284.8,True,synchronous,0.9999971114974723
49280.0,49289.8,True,synchronous,0.9999971114866988
49285.0,49294.8,True,synchronous,0.9999971114870116
49290.0,49299.8,True,synchronous,0.999997086995914
49295.0,49304.8,True,synchronous,0.9999970869717819
49300.0,49309.8,True,synchronous,0.999997103477707
49305.0,49314.8,True,synchronous,0.9999970844244713
49310.0,49319.8,True,synchronous,0.9999970997755738
49315.0,49324.8,True,synchronous,0.9999971034851091
49320.0,49329.8,True,synchronous,0.9999970997755738
49325.0,49334.8,True,synchronous,0.9999970869715124
49330.0,49339.8,True,synchronous,0.9999970869954506
49335.0,49344.8,True,synchronous,0.9999971114866333
49340.0,49349.8,True,synchronous,0.9999971114869939
49345.0,49354.8,True,synchronous,0.999997111486546
49350.0,49359.8,True,synchronous,0.99999481533791
49355.0,49364.8,True,synchronous,0.9999957681977168
49360.0,49369.8,True,synchronous,0.9999957957537843
49365.0,49374.8,True,synchronous,0.9999957957537843
49370.0,49379.8,True,synchronous,0.999995765976273
49375.0,49384.8,True,synchronous,0.9999957681974424
49380.0,49389.8,True,synchronous,0.9999957957537843
49385.0,49394.8,True,synchronous,0.9999957957537843
49390.0,49399.8,True,synchronous,0.999995768197289
49395.0,49404.8,True,synchronous,0.9999957957537843
49400.0,49409.8,True,synchronous,0.9999957659762264
49405.0,49414.8,True,synchronous,0.9999957681977173
49410.0,49419.8,True,synchronous,0.9999948153361048
49415.0,49424.8,True,synchronous,0.9999948495283804
49420.0,49429.8,True,synchronous,0.9999948495283804
49425.0,49434.8,True,synchronous,0.9999948495428109
49430.0,49439.8,True,synchronous,0.9999971305538861
49435.0,49444.8,True,synchronous,0.9999971305539005
49440.0,49449.8,True,synchronous,0.9999971102588048
49445.0,49454.8,True,synchronous,0.9999971114962131
49450.0,49459.8,True,synchronous,0.9999948153361115
49455.0,49464.8,True,synchronous,0.9999948131146673
49460.0,49469.8,True,synchronous,0.9999957681977173
49465.0,49474.8,True,synchronous,0.9999958024047213
49470.0,49479.8,True,synchronous,0.9999957659763659
49475.0,49484.8,True,synchronous,0.9999957681974424
49480.0,49489.8,True,synchronous,0.9999957681977168
49485.0,49494.8,True,synchronous,0.9999957659763663
49490.0,49499.8,True,synchronous,0.9999957681977171
49495.0,49504.8,True,synchronous,0.9999948153356845
49500.0,49509.8,True,synchronous,0.9999971102594303
49505.0,49514.8,True,synchronous,0.9999971114861523
49510.0,49519.8,True,synchronous,0.9999971305436717
49515.0,49524.8,True,synchronous,0.9999971114866988
49520.0,49529.8,True,synchronous,0.9999971114866331
49525.0,49534.8,True,synchronous,0.9999971114866333
49530.0,49539.8,True,synchronous,0.9999970869965782
49535.0,49544.8,True,synchronous,0.9999970869717819
49540.0,49549.8,True,synchronous,0.9999971034776999
49545.0,49554.8,True,synchronous,0.9999970831783409
49550.0,49559.8,True,synchronous,0.9999971060575213
49555.0,49564.8,True,synchronous,0.9999971114983984
49560.0,49569.8,True,synchronous,0.9999971305370783
49565.0,49574.8,True,synchronous,0.9999971114873818
49570.0,49579.8,True,synchronous,0.9999971102490646
49575.0,49584.8,True,synchronous,0.9999971305361084
49580.0,49589.8,True,synchronous,0.9999971305361011
49585.0,49594.8,True,synchronous,0.9999971305361011
49590.0,49599.8,True,synchronous,0.9999971305361008
49595.0,49604.8,True,synchronous,0.9999971305361008
49600.0,49609.8,True,synchronous,0.9999971102490466
49605.0,49614.8,True,synchronous,0.9999971114863202
49610.0,49619.8,True,synchronous,0.9999971114861681
49615.0,49624.8,True,synchronous,0.9999971114962131
49620.0,49629.8,True,synchronous,0.9999948153361048
49625.0,49634.8,True,synchronous,0.9999957681977173
49630.0,49639.8,True,synchronous,0.999995768197289
49635.0,49644.8,True,synchronous,0.999995768197289
49640.0,49649.8,True,synchronous,0.9999957957537847
49645.0,49654.8,True,synchronous,0.9999948153361048
49650.0,49659.8,True,synchronous,0.999994849528357
49655.0,49664.8,True,synchronous,0.9999971114962983
49660.0,49669.8,True,synchronous,0.9999971102594849
49665.0,49674.8,True,synchronous,0.9999971114861677
49670.0,49679.8,True,synchronous,0.9999971114865371
49675.0,49684.8,True,synchronous,0.9999971114870112
49680.0,49689.8,True,synchronous,0.9999970869969566
49685.0,49694.8,True,synchronous,0.9999970869717819
49690.0,49699.8,True,synchronous,0.9999970831778748
49695.0,49704.8,True,synchronous,0.9999970869716969
49700.0,49709.8,True,synchronous,0.9999970869969566
49705.0,49714.8,True,synchronous,0.9999971114870065
49710.0,49719.8,True,synchronous,0.9999971102490466
49715.0,49724.8,True,synchronous,0.9999971114863202
49720.0,49729.8,True,synchronous,0.9999971114971488
49725.0,49734.8,True,synchronous,0.9999948495427912
49730.0,49739.8,True,synchronous,0.9999948495428038
49735.0,49744.8,True,synchronous,0.9999957681977171
49740.0,49749.8,True,synchronous,0.9999957659763663
49745.0,49754.8,True,synchronous,0.9999957659762735
49750.0,49759.8,True,synchronous,0.9999958023902905
49755.0,49764.8,True,synchronous,0.9999957681983963
49760.0,49769.8,True,synchronous,0.999997111497457
49765.0,49774.8,True,synchronous,0.999997111486546
49770.0,49779.8,True,synchronous,0.9999971114870112
49775.0,49784.8,True,synchronous,0.9999970869969566
49780.0,49789.8,True,synchronous,0.9999970869721603
49785.0,49794.8,True,synchronous,0.9999970869611486
49790.0,49799.8,True,synchronous,0.9999970869959627
49795.0,49804.8,True,synchronous,0.9999971114865371
49800.0,49809.8,True,synchronous,0.999997111486699
49805.0,49814.8,True,synchronous,0.9999948153379173
49810.0,49819.8,True,synchronous,0.9999957681983959
49815.0,49824.8,True,synchronous,0.9999957681974424
49820.0,49829.8,True,synchronous,0.9999957682018367
49825.0,49834.8,True,synchronous,0.9999971114975271
49830.0,49839.8,True,synchronous,0.9999971114866988
49835.0,49844.8,True,synchronous,0.9999970869959627
49840.0,49849.8,True,synchronous,0.9999970869606852
49845.0,49854.8,True,synchronous,0.9999970844244713
49850.0,49859.8,True,synchronous,0.999997086995914
49855.0,49864.8,True,synchronous,0.9999971114870116
49860.0,49869.8,True,synchronous,0.9999971114866988
49865.0,49874.8,True,synchronous,0.9999971114861677
49870.0,49879.8,True,synchronous,0.9999971114971334
49875.0,49884.8,True,synchronous,0.9999948495428362
49880.0,49889.8,True,synchronous,0.9999971268491673
49885.0,49894.8,True,synchronous,0.9999971114859139
49890.0,49899.8,True,synchronous,0.9999971114860822
49895.0,49904.8,True,synchronous,0.9999971102489702
49900.0,49909.8,True,synchronous,0.999997110248988
49905.0,49914.8,True,synchronous,0.9999971268387445
49910.0,49919.8,True,synchronous,0.9999971102489857
49915.0,49924.8,True,synchronous,0.9999971305441296
49920.0,49929.8,True,synchronous,0.9999971102487515
49925.0,49934.8,True,synchronous,0.9999971305438254
49930.0,49939.8,True,synchronous,0.9999946294302102
49935.0,49944.8,True,synchronous,0.9999959768459247
49940.0,49949.8,True,synchronous,0.9999960209656781
49945.0,49954.8,True,synchronous,0.9999961690571203
49950.0,49959.8,True,synchronous,0.9999964859012015
49955.0,49964.8,True,synchronous,0.9999964836691805
49960.0,49969.8,True,synchronous,0.9999964836692689
49965.0,49974.8,True,synchronous,0.9999964836036569
49970.0,49979.8,True,synchronous,0.9999965213227124
49975.0,49984.8,True,synchronous,0.9999964836036846
49980.0,49989.8,True,synchronous,0.9999964836037046
49985.0,49994.8,True,synchronous,0.9999964858367788
49990.0,49999.8,True,synchronous,0.999996167731439
49995.0,50004.8,True,synchronous,0.9999965146599936
50000.0,50009.8,True,synchronous,0.9999965213226834
50005.0,50014.8,True,synchronous,0.9999965213226594
50010.0,50019.8,True,synchronous,0.9999965213881592
50015.0,50024.8,True,synchronous,0.9999965213881721
50020.0,50029.8,True,synchronous,0.9999965147254897
50025.0,50034.8,True,synchronous,0.9999965213881687
50030.0,50039.8,True,synchronous,0.9999964859014144
50035.0,50044.8,True,synchronous,0.9999961798708881
50040.0,50049.8,True,synchronous,0.9999961694429397
50045.0,50054.8,True,synchronous,0.9999961700263575
50050.0,50059.8,True,synchronous,0.9999961694426408
50055.0,50064.8,True,synchronous,0.9999961700265481
50060.0,50069.8,True,synchronous,0.9999961677938716
50065.0,50074.8,True,synchronous,0.9999961677939195
50070.0,50079.8,True,synchronous,0.9999961700262117
50075.0,50084.8,True,synchronous,0.9999961988496352
50080.0,50089.8,True,synchronous,0.9999962055112966
50085.0,50094.8,True,synchronous,0.9999962055113155
50090.0,50099.8,True,synchronous,0.9999962055112966
50095.0,50104.8,True,synchronous,0.9999961988496352
50100.0,50109.8,True,synchronous,0.9999962055112909
50105.0,50114.8,True,synchronous,0.9999962055112909
50110.0,50119.8,True,synchronous,0.9999962055113155
50115.0,50124.8,True,synchronous,0.9999961677938716
50120.0,50129.8,True,synchronous,0.9999961700265481
50125.0,50134.8,True,synchronous,0.9999961700265481
50130.0,50139.8,True,synchronous,0.9999961694426408
50135.0,50144.8,True,synchronous,0.9999961804547415
50140.0,50149.8,True,synchronous,0.999996167794625
50145.0,50154.8,True,synchronous,0.9999961700272044
50150.0,50159.8,True,synchronous,0.9999961782226671
50155.0,50164.8,True,synchronous,0.99999617822251
50160.0,50169.8,True,synchronous,0.9999964836680825
50165.0,50174.8,True,synchronous,0.9999965213870807
50170.0,50179.8,True,synchronous,0.9999962159399454
50175.0,50184.8,True,synchronous,0.9999965213871482
50180.0,50189.8,True,synchronous,0.9999961782226671
50185.0,50194.8,True,synchronous,0.9999961804549937
50190.0,50199.8,True,synchronous,0.9999961700268227
50195.0,50204.8,True,synchronous,0.9999962159395992
50200.0,50209.8,True,synchronous,0.9999962092778552
50205.0,50214.8,True,synchronous,0.9999962055119153
50210.0,50219.8,True,synchronous,0.999996215939529
50215.0,50224.8,True,synchronous,0.9999962092778552
50220.0,50229.8,True,synchronous,0.9999961782226671
50225.0,50234.8,True,synchronous,0.9999962092782775
50230.0,50239.8,True,synchronous,0.9999964859022511
50235.0,50244.8,True,synchronous,0.9999965213881687
50240.0,50249.8,True,synchronous,0.9999964858393003
50245.0,50254.8,True,synchronous,0.9999964858390279
50250.0,50259.8,True,synchronous,0.9999965185472
50255.0,50264.8,True,synchronous,0.9999965185472242
50260.0,50269.8,True,synchronous,0.9999965185472572
50265.0,50274.8,True,synchronous,0.9999965118844113
50270.0,50279.8,True,synchronous,0.9999965185472559
50275.0,50284.8,True,synchronous,0.9999965118844113
50280.0,50289.8,True,synchronous,0.9999965185472586
50285.0,50294.8,True,synchronous,0.9999965185472106
50290.0,50299.8,True,synchronous,0.9999965185472
50295.0,50304.8,True,synchronous,0.9999965185472279
50300.0,50309.8,True,synchronous,0.9999965118844113
50305.0,50314.8,True,synchronous,0.99999648082732
50310.0,50319.8,True,synchronous,0.9999965185472559
50315.0,50324.8,True,synchronous,0.9999965185472279
50320.0,50329.8,True,synchronous,0.9999965185472279
50325.0,50334.8,True,synchronous,0.9999965185472279
50330.0,50339.8,True,synchronous,0.9999964808272707
50335.0,50344.8,True,synchronous,0.9999964808272707
50340.0,50349.8,True,synchronous,0.9999965185472381
50345.0,50354.8,True,synchronous,0.9999965118844113
50350.0,50359.8,True,synchronous,0.9999965118844113
50355.0,50364.8,True,synchronous,0.9999965118844113
50360.0,50369.8,True,synchronous,0.9999965185472279
50365.0,50374.8,True,synchronous,0.9999965118844113
50370.0,50379.8,True,synchronous,0.9999965185472572
50375.0,50384.8,True,synchronous,0.999996518547237
50380.0,50389.8,True,synchronous,0.9999965185472828
50385.0,50394.8,True,synchronous,0.9999965185472572
50390.0,50399.8,True,synchronous,0.9999965185471933
50395.0,50404.8,True,synchronous,0.9999965185472242
50400.0,50409.8,True,synchronous,0.999996518547237
50405.0,50414.8,True,synchronous,0.999996518547237
50410.0,50419.8,True,synchronous,0.9999964808273186
50415.0,50424.8,True,synchronous,0.9999964808274048
50420.0,50429.8,True,synchronous,0.9999965118844113
50425.0,50434.8,True,synchronous,0.9999964808272707
50430.0,50439.8,True,synchronous,0.9999965185472242
50435.0,50444.8,True,synchronous,0.999996518547237
50440.0,50449.8,True,synchronous,0.999996518547237
50445.0,50454.8,True,synchronous,0.999996518547237
50450.0,50459.8,True,synchronous,0.9999965185472559
50455.0,50464.8,True,synchronous,0.999996518547237
50460.0,50469.8,True,synchronous,0.9999965185472279
50465.0,50474.8,True,synchronous,0.999996518547237
50470.0,50479.8,True,synchronous,0.9999965185472013
50475.0,50484.8,True,synchronous,0.9999965185472564
50480.0,50489.8,True,synchronous,0.9999965118844113
50485.0,50494.8,True,synchronous,0.9999965185472572
50490.0,50499.8,True,synchronous,0.999996518547237
50495.0,50504.8,True,synchronous,0.9999965185472559
50500.0,50509.8,True,synchronous,0.9999965185472559
50505.0,50514.8,True,synchronous,0.999996518547237
50510.0,50519.8,True,synchronous,0.999996518547237
50515.0,50524.8,True,synchronous,0.999996518547237
50520.0,50529.8,True,synchronous,0.999996518547237
50525.0,50534.8,True,synchronous,0.9999965118844109
50530.0,50539.8,True,synchronous,0.999996518547237
50535.0,50544.8,True,synchronous,0.9999964597856329
50540.0,50549.8,True,synchronous,0.9999964600083733
50545.0,50554.8,True,synchronous,0.9999965118844113
50550.0,50559.8,True,synchronous,0.9999965185472559
50555.0,50564.8,True,synchronous,0.9999965185472564
50560.0,50569.8,True,synchronous,0.999996518547237
50565.0,50574.8,True,synchronous,0.9999965118844113
50570.0,50579.8,True,synchronous,0.9999965185472559
50575.0,50584.8,True,synchronous,0.9999965185472242
50580.0,50589.8,True,synchronous,0.9999965185471813
50585.0,50594.8,True,synchronous,0.99999651854718
50590.0,50599.8,True,synchronous,0.9999965185472279
50595.0,50604.8,True,synchronous,0.999996518547237
50600.0,50609.8,True,synchronous,0.999996518547237
50605.0,50614.8,True,synchronous,0.9999964600083739
50610.0,50619.8,True,synchronous,0.9999964600083633
50615.0,50624.8,True,synchronous,0.9999964600083611
50620.0,50629.8,True,fridge,0.22455071883297564
50625.0,50634.8,True,fridge,0.20849396419905705
50630.0,50639.8,True,fridge,0.21055766174252324
50635.0,50644.8,True,fridge,0.21055765972166535
50640.0,50649.8,True,fridge,0.21055765844408314
50645.0,50654.8,True,fridge,0.21007419668467625
50650.0,50659.8,True,fridge,0.21007419668467625
50655.0,50664.8,True,fridge,0.21055766208036167
50660.0,50669.8,True,fridge,0.20858681762063344
50665.0,50674.8,True,fridge,0.20859114394598613
50670.0,50679.8,True,fridge,0.20858681762063344
50675.0,50684.8,True,fridge,0.21039597062424178
50680.0,50689.8,True,fridge,0.208586815344905
50685.0,50694.8,True,fridge,0.208586815344905
50690.0,50699.8,True,fridge,0.21007419668467625
50695.0,50704.8,True,fridge,0.21039597183589728
50700.0,50709.8,True,fridge,0.21039597062424178
50705.0,50714.8,True,fridge,0.2103955660443873
50710.0,50719.8,True,fridge,0.21055765972166535
50715.0,50724.8,True,fridge,0.21055766208036167
50720.0,50729.8,True,fridge,0.21069900829328775
50725.0,50734.8,True,fridge,0.2103959705012359
50730.0,50739.8,True,fridge,0.2103959705012359
50735.0,50744.8,True,fridge,0.21055766062280398
50740.0,50749.8,True,fridge,0.21039596958337523
50745.0,50754.8,True,fridge,0.21039556542091883
50750.0,50759.8,True,fridge,0.21007419668467625
50755.0,50764.8,True,fridge,0.20859540937950286
50760.0,50769.8,True,fridge,0.208586815344905
50765.0,50774.8,True,fridge,0.20858682283343397
50770.0,50779.8,True,fridge,0.20858681762063344
50775.0,50784.8,True,fridge,0.21055806594426213
50780.0,50789.8,True,fridge,0.21007419668467625
50785.0,50794.8,True,fridge,0.21039597054172354
50790.0,50799.8,True,fridge,0.21039596958337523
50795.0,50804.8,True,fridge,0.21007419668467625
50800.0,50809.8,True,fridge,0.21039597054172354
50805.0,50814.8,True,fridge,0.21039596958337523
50810.0,50819.8,True,fridge,0.21039597062424178
50815.0,50824.8,True,fridge,0.208586815344905
50820.0,50829.8,True,fridge,0.208586815344905
50825.0,50834.8,True,fridge,0.21039596958337523
50830.0,50839.8,True,fridge,0.21055765844408314
50835.0,50844.8,True,fridge,0.21007419668467625
50840.0,50849.8,True,fridge,0.21039597062424178
50845.0,50854.8,True,fridge,0.2103959705012359
50850.0,50859.8,True,fridge,0.21039990547610601
50855.0,50864.8,True,fridge,0.2103959705012359
50860.0,50869.8,True,fridge,0.21069900829328775
50865.0,50874.8,True,fridge,0.2106990079493872
50870.0,50879.8,True,fridge,0.21055766208036167
50875.0,50884.8,True,fridge,0.21007419668467625
50880.0,50889.8,True,fridge,0.21007419668467625
50885.0,50894.8,True,fridge,0.21055765972166535
50890.0,50899.8,True,fridge,0.21007419668467625
50895.0,50904.8,True,fridge,0.20858681762063344
50900.0,50909.8,True,fridge,0.21007419668467625
50905.0,50914.8,True,fridge,0.2103955643013081
50910.0,50919.8,True,fridge,0.21055765972166535
50915.0,50924.8,True,fridge,0.21055766006172044
50920.0,50929.8,True,fridge,0.2105576623661562
50925.0,50934.8,True,fridge,0.21055766208036167
50930.0,50939.8,True,fridge,0.2103955621229977
50935.0,50944.8,True,fridge,0.21039556542091883
50940.0,50949.8,True,fridge,0.20859108287709513
50945.0,50954.8,True,fridge,0.20858681762063344
50950.0,50959.8,True,fridge,0.21007419668467625
50955.0,50964.8,True,fridge,0.20859114394598613
50960.0,50969.8,True,fridge,0.208586815344905
50965.0,50974.8,True,fridge,0.2103959705012359
50970.0,50979.8,True,fridge,0.2103959705012359
50975.0,50984.8,True,fridge,0.21039596958337523
50980.0,50989.8,True,fridge,0.21039597183589728
50985.0,50994.8,True,fridge,0.21055766208036167
50990.0,50999.8,True,fridge,0.21069900829328775
50995.0,51004.8,True,fridge,0.21007419668467625
51000.0,51009.8,True,fridge,0.20858682283343397
51005.0,51014.8,True,fridge,0.2105576623661562
51010.0,51019.8,True,fridge,0.21039556542091883
51015.0,51024.8,True,fridge,0.2103959705012359
51020.0,51029.8,True,fridge,0.21055806686236492
51025.0,51034.8,True,fridge,0.2103959705012359
51030.0,51039.8,True,fridge,0.21039596958337523
51035.0,51044.8,True,fridge,0.21055766006172044
51040.0,51049.8,True,fridge,0.21055765884872732
51045.0,51054.8,True,fridge,0.2105576594281283
51050.0,51059.8,True,fridge,0.21055766208036167
51055.0,51064.8,True,fridge,0.2105576623661562
51060.0,51069.8,True,fridge,0.21039556542091883
51065.0,51074.8,True,fridge,0.2103959705012359
51070.0,51079.8,True,fridge,0.21055806594426213
51075.0,51084.8,True,fridge,0.21039597062424178
51080.0,51089.8,True,fridge,0.20858681762063344
51085.0,51094.8,True,fridge,0.21039596958337523
51090.0,51099.8,True,fridge,0.21007419668467625
51095.0,51104.8,True,fridge,0.21055806686236492
51100.0,51109.8,True,fridge,0.2103959705012359
51105.0,51114.8,True,fridge,0.2103959705012359
51110.0,51119.8,True,fridge,0.21039556542091883
51115.0,51124.8,True,fridge,0.21039597054172354
51120.0,51129.8,True,fridge,0.20858681762063344
51125.0,51134.8,True,fridge,0.20859114394598613
51130.0,51139.8,True,fridge,0.21007419668467625
51135.0,51144.8,True,fridge,0.2103959705012359
51140.0,51149.8,True,fridge,0.21039597062424178
51145.0,51154.8,True,fridge,0.2103959705012359
51150.0,51159.8,True,fridge,0.2103955660443873
51155.0,51164.8,True,fridge,0.21039596958337523
51160.0,51169.8,True,fridge,0.2103955660443873
51165.0,51174.8,True,fridge,0.21039556542091883
51170.0,51179.8,True,fridge,0.21007419668467625
51175.0,51184.8,True,fridge,0.208586815344905
51180.0,51189.8,True,fridge,0.21007419668467625
51185.0,51194.8,True,fridge,0.2103955643013081
51190.0,51199.8,True,fridge,0.2103955643013081
51195.0,51204.8,True,fridge,0.2105576623661562
51200.0,51209.8,True,fridge,0.21055766174252324
51205.0,51214.8,True,fridge,0.21055806686236492
51210.0,51219.8,True,fridge,0.21055766208036167
51215.0,51224.8,True,fridge,0.21069900902164104
51220.0,51229.8,True,fridge,0.21055765972166535
51225.0,51234.8,True,fridge,0.2105576623661562
51230.0,51239.8,True,fridge,0.20859116581986117
51235.0,51244.8,True,fridge,0.20859108287709513
51240.0,51249.8,True,fridge,0.2103959705012359
51245.0,51254.8,True,fridge,0.21007419668467625
51250.0,51259.8,True,fridge,0.21007419718737136
51255.0,51264.8,True,fridge,0.21039596958337523
51260.0,51269.8,True,fridge,0.21039556252679234
51265.0,51274.8,True,fridge,0.21055766006172044
51270.0,51279.8,True,fridge,0.21039556575872453
51275.0,51284.8,True,fridge,0.2103959705012359
51280.0,51289.8,True,fridge,0.21007852302761962
51285.0,51294.8,True,fridge,0.20859114394598613
51290.0,51299.8,True,fridge,0.20859540937950286
51295.0,51304.8,True,fridge,0.208586815344905
51300.0,51309.8,True,fridge,0.21039597054172354
51305.0,51314.8,True,fridge,0.2104003093174271
51310.0,51319.8,True,fridge,0.21040031027581538
51315.0,51324.8,True,fridge,0.20859115084110483
51320.0,51329.8,True,fridge,0.21055766006172044
51325.0,51334.8,True,fridge,0.21039556542091883
51330.0,51339.8,True,fridge,0.21007419668467625
51335.0,51344.8,True,fridge,0.20858682283343397
51340.0,51349.8,True,fridge,0.21007419668467625
51345.0,51354.8,True,fridge,0.2103959705012359
51350.0,51359.8,True,fridge,0.21007419668467625
51355.0,51364.8,True,fridge,0.21007852302761962
51360.0,51369.8,True,fridge,0.20859108287709513
51365.0,51374.8,True,fridge,0.21039556575872453
51370.0,51379.8,True,fridge,0.2103955660443873
51375.0,51384.8,True,fridge,0.2103955660443873
51380.0,51389.8,True,fridge,0.21039556542091883
51385.0,51394.8,True,fridge,0.21055766174252324
51390.0,51399.8,True,fridge,0.21039597062424178
51395.0,51404.8,True,fridge,0.2103959705012359
51400.0,51409.8,True,fridge,0.21055766208036167
51405.0,51414.8,True,fridge,0.21055766174252324
51410.0,51419.8,True,fridge,0.208586815344905
51415.0,51424.8,True,fridge,0.2103955643013081
51420.0,51429.8,True,fridge,0.2104003093174271
51425.0,51434.8,True,fridge,0.2103955660443873
51430.0,51439.8,True,fridge,0.2103959705012359
51435.0,51444.8,True,fridge,0.21055765972166535
51440.0,51449.8,True,fridge,0.20859115084110483
51445.0,51454.8,True,fridge,0.20859108060127277
51450.0,51459.8,True,fridge,0.21039597112746444
51455.0,51464.8,True,fridge,0.21039597062424178
51460.0,51469.8,True,fridge,0.2085908986450518
51465.0,51474.8,True,fridge,0.2245505262139413
51470.0,51479.8,True,synchronous,0.9999965185472
51475.0,51484.8,True,synchronous,0.9999965185472279
51480.0,51489.8,True,synchronous,0.9999965185472559
51485.0,51494.8,True,synchronous,0.9999965185472839
51490.0,51499.8,True,synchronous,0.9999965185472
51495.0,51504.8,True,synchronous,0.9999965185472279
51500.0,51509.8,True,synchronous,0.9999965185472279
51505.0,51514.8,True,synchronous,0.9999965185472164
51510.0,51519.8,True,synchronous,0.999996518547237
51515.0,51524.8,True,synchronous,0.9999965185472564
51520.0,51529.8,True,synchronous,0.999996518547237
51525.0,51534.8,True,synchronous,0.9999965185472559
51530.0,51539.8,True,synchronous,0.9999964808272707
51535.0,51544.8,True,synchronous,0.9999964830648688
51540.0,51549.8,True,synchronous,0.9999964830648705
51545.0,51554.8,True,synchronous,0.9999964808273186
51550.0,51559.8,True,synchronous,0.9999965118844113
51555.0,51564.8,True,synchronous,0.9999965185472828
51560.0,51569.8,True,synchronous,0.9999964808272707
51565.0,51574.8,True,synchronous,0.999996518547237
51570.0,51579.8,True,synchronous,0.9999965185472559
51575.0,51584.8,True,synchronous,0.9999964830650833
51580.0,51589.8,True,synchronous,0.999996483064738
51585.0,51594.8,True,synchronous,0.9999965185472828
51590.0,51599.8,True,synchronous,0.9999965185472279
51595.0,51604.8,True,synchronous,0.9999965185472279
51600.0,51609.8,True,synchronous,0.9999965185472279
51605.0,51614.8,True,synchronous,0.9999965118844113
51610.0,51619.8,True,synchronous,0.9999965118844113
51615.0,51624.8,True,synchronous,0.9999965118844113
51620.0,51629.8,True,synchronous,0.9999964808272707
51625.0,51634.8,True,synchronous,0.9999965118844113
51630.0,51639.8,True,synchronous,0.9999964808274048
51635.0,51644.8,True,synchronous,0.9999965118844109
51640.0,51649.8,True,synchronous,0.9999965185472
51645.0,51654.8,True,synchronous,0.99999651854718
51650.0,51659.8,True,synchronous,0.9999965185472572
51655.0,51664.8,True,synchronous,0.9999965118844113
51660.0,51669.8,True,synchronous,0.9999965118844113
51665.0,51674.8,True,synchronous,0.9999965185472
51670.0,51679.8,True,synchronous,0.9999965118844113
51675.0,51684.8,True,synchronous,0.9999965118844113
51680.0,51689.8,True,synchronous,0.9999965185471995
51685.0,51694.8,True,synchronous,0.9999965118844113
51690.0,51699.8,True,synchronous,0.9999965118844113
51695.0,51704.8,True,synchronous,0.9999965185472559
51700.0,51709.8,True,synchronous,0.999996518547237
51705.0,51714.8,True,synchronous,0.9999965185472572
51710.0,51719.8,True,synchronous,0.9999965185472559
51715.0,51724.8,True,synchronous,0.9999965185472564
51720.0,51729.8,True,synchronous,0.9999965185472279
51725.0,51734.8,True,synchronous,0.9999965185472279
51730.0,51739.8,True,synchronous,0.9999965185471904
51735.0,51744.8,True,synchronous,0.9999964600083739
51740.0,51749.8,True,synchronous,0.9999965185472242
51745.0,51754.8,True,synchronous,0.9999965185472242
51750.0,51759.8,True,synchronous,0.9999965118844113
51755.0,51764.8,True,synchronous,0.9999965118844113
51760.0,51769.8,True,synchronous,0.9999965185472242
51765.0,51774.8,True,synchronous,0.9999965118844113
51770.0,51779.8,True,synchronous,0.9999965118844113
51775.0,51784.8,True,synchronous,0.9999964808272707
51780.0,51789.8,True,synchronous,0.9999964808272707
51785.0,51794.8,True,synchronous,0.9999965185472242
51790.0,51799.8,True,synchronous,0.9999965118844113
51795.0,51804.8,True,synchronous,0.9999964808272707
51800.0,51809.8,True,synchronous,0.9999965185472564
51805.0,51814.8,True,synchronous,0.9999965185472242
51810.0,51819.8,True,synchronous,0.9999965118844113
51815.0,51824.8,True,synchronous,0.9999965185472279
51820.0,51829.8,True,synchronous,0.9999964600083733
51825.0,51834.8,True,synchronous,0.9999964600083733
51830.0,51839.8,True,synchronous,0.9999965185472279
51835.0,51844.8,True,synchronous,0.9999965118844109
51840.0,51849.8,True,synchronous,0.9999965118844113
51845.0,51854.8,True,synchronous,0.9999965185472093
51850.0,51859.8,True,synchronous,0.9999964600083739
51855.0,51864.8,True,synchronous,0.9999965185472
51860.0,51869.8,True,synchronous,0.9999964808272707
51865.0,51874.8,True,synchronous,0.9999964808272707
51870.0,51879.8,True,synchronous,0.9999965185472559
51875.0,51884.8,True,synchronous,0.9999965185472242
51880.0,51889.8,True,synchronous,0.9999965185472279
51885.0,51894.8,True,synchronous,0.9999965118844113
51890.0,51899.8,True,synchronous,0.9999965185472242
51895.0,51904.8,True,synchronous,0.999996518547237
51900.0,51909.8,True,synchronous,0.9999965118844113
51905.0,51914.8,True,synchronous,0.9999965118844113
51910.0,51919.8,True,synchronous,0.999996518547237
51915.0,51924.8,True,synchronous,0.9999964808273186
51920.0,51929.8,True,synchronous,0.9999964830650833
51925.0,51934.8,True,synchronous,0.999996518547237
51930.0,51939.8,True,synchronous,0.999996518547237
51935.0,51944.8,True,synchronous,0.9999965185472157
51940.0,51949.8,True,synchronous,0.9999965185472279
51945.0,51954.8,True,synchronous,0.9999964600083739
51950.0,51959.8,True,synchronous,0.999996518547237
51955.0,51964.8,True,synchronous,0.9999964808272707
51960.0,51969.8,True,synchronous,0.9999965118844113
51965.0,51974.8,True,synchronous,0.9999965185472279
51970.0,51979.8,True,synchronous,0.9999965185472093
51975.0,51984.8,True,synchronous,0.9999965185472242
51980.0,51989.8,True,synchronous,0.999996518547237
51985.0,51994.8,True,synchronous,0.9999965118844113
51990.0,51999.8,True,synchronous,0.9999965185472242
51995.0,52004.8,True,synchronous,0.9999965185472164
52000.0,52009.8,True,synchronous,0.9999965185472279
52005.0,52014.8,True,synchronous,0.999996518547237
52010.0,52019.8,True,synchronous,0.9999965185472279
52015.0,52024.8,True,synchronous,0.9999965185472242
52020.0,52029.8,True,synchronous,0.999996518547237
52025.0,52034.8,True,synchronous,0.9999965185472559
52030.0,52039.8,True,synchronous,0.9999965118844113
52035.0,52044.8,True,synchronous,0.999996518547237
52040.0,52049.8,True,synchronous,0.999996518547237
52045.0,52054.8,True,synchronous,0.9999965185472559
52050.0,52059.8,True,synchronous,0.9999965185472279
52055.0,52064.8,True,synchronous,0.9999965118844113
52060.0,52069.8,True,synchronous,0.9999965118844113
52065.0,52074.8,True,synchronous,0.999996518547237
52070.0,52079.8,True,synchronous,0.99999651854718
52075.0,52084.8,True,synchronous,0.99999651854718
52080.0,52089.8,True,synchronous,0.9999965185472
52085.0,52094.8,True,synchronous,0.9999965118844113
52090.0,52099.8,True,synchronous,0.9999965118844113
52095.0,52104.8,True,synchronous,0.9999965185472279
52100.0,52109.8,True,synchronous,0.9999964808274048
52105.0,52114.8,True,synchronous,0.9999965185472828
52110.0,52119.8,True,synchronous,0.9999965118844113
52115.0,52124.8,True,synchronous,0.9999965185472
52120.0,52129.8,True,synchronous,0.9999965185471904
52125.0,52134.8,True,synchronous,0.9999965185472
52130.0,52139.8,True,synchronous,0.9999965118844113
52135.0,52144.8,True,synchronous,0.9999964808272707
52140.0,52149.8,True,synchronous,0.9999965118844113
52145.0,52154.8,True,synchronous,0.9999964600083739
52150.0,52159.8,True,synchronous,0.9999965185472279
52155.0,52164.8,True,synchronous,0.9999965118844113
52160.0,52169.8,True,synchronous,0.9999965185472572
52165.0,52174.8,True,synchronous,0.9999965185472828
52170.0,52179.8,True,synchronous,0.9999965185472279
52175.0,52184.8,True,synchronous,0.9999965185472164
52180.0,52189.8,True,synchronous,0.999996518547237
52185.0,52194.8,True,synchronous,0.9999965185472559
52190.0,52199.8,True,synchronous,0.999996518547237
52195.0,52204.8,True,synchronous,0.9999965185472279
52200.0,52209.8,True,synchronous,0.9999965185472559
52205.0,52214.8,True,synchronous,0.9999965185472242
52210.0,52219.8,True,synchronous,0.9999964808272707
52215.0,52224.8,True,synchronous,0.9999964808274048
52220.0,52229.8,True,synchronous,0.9999964830648705
52225.0,52234.8,True,synchronous,0.999996518547237
52230.0,52239.8,True,synchronous,0.9999965185472279
52235.0,52244.8,True,synchronous,0.999996518547237
52240.0,52249.8,True,synchronous,0.9999965185472279
52245.0,52254.8,True,synchronous,0.9999965185472279
52250.0,52259.8,True,synchronous,0.9999964808272707
52255.0,52264.8,True,synchronous,0.9999965185472559
52260.0,52269.8,True,synchronous,0.9999965185472572
52265.0,52274.8,True,synchronous,0.9999965185472364
52270.0,52279.8,True,synchronous,0.9999965185472559
52275.0,52284.8,True,synchronous,0.9999965185472279
52280.0,52289.8,True,synchronous,0.9999965185472279
52285.0,52294.8,True,synchronous,0.9999965185472242
52290.0,52299.8,True,synchronous,0.9999965118844113
52295.0,52304.8,True,synchronous,0.9999965118844113
52300.0,52309.8,True,synchronous,0.9999965118844113
52305.0,52314.8,True,synchronous,0.9999965185472242
52310.0,52319.8,True,synchronous,0.999996518547237
52315.0,52324.8,True,synchronous,0.9999965118844113
52320.0,52329.8,True,synchronous,0.9999964808272707
52325.0,52334.8,True,synchronous,0.999996483064738
52330.0,52339.8,True,synchronous,0.9999965118844113
52335.0,52344.8,True,synchronous,0.9999965185472279
52340.0,52349.8,True,synchronous,0.9999964808272707
52345.0,52354.8,True,synchronous,0.999996483064738
52350.0,52359.8,True,synchronous,0.9999964808273186
52355.0,52364.8,True,synchronous,0.999996518547237
52360.0,52369.8,True,synchronous,0.9999965118844113
52365.0,52374.8,True,synchronous,0.9999964808273186
52370.0,52379.8,True,synchronous,0.999996518547237
52375.0,52384.8,True,synchronous,0.9999965118844109
52380.0,52389.8,True,synchronous,0.9999964808272689
52385.0,52394.8,True,synchronous,0.9999965118844113
52390.0,52399.8,True,synchronous,0.9999965185472564
52395.0,52404.8,True,synchronous,0.9999965185472828
52400.0,52409.8,True,synchronous,0.9999965185472564
52405.0,52414.8,True,synchronous,0.9999964808272707
52410.0,52419.8,True,synchronous,0.9999964808272707
52415.0,52424.8,True,synchronous,0.999996518547237
52420.0,52429.8,True,synchronous,0.9999964600083733
52425.0,52434.8,True,synchronous,0.9999965185471904
52430.0,52439.8,True,synchronous,0.9999965185472564
52435.0,52444.8,True,synchronous,0.9999965118844113
52440.0,52449.8,True,synchronous,0.9999965118844095
52445.0,52454.8,True,synchronous,0.9999965185472564
52450.0,52459.8,True,synchronous,0.9999964830647362
52455.0,52464.8,True,synchronous,0.9999964808272707
52460.0,52469.8,True,synchronous,0.9999964830650833
52465.0,52474.8,True,synchronous,0.9999964808274048
52470.0,52479.8,True,synchronous,0.9999965185472093
52475.0,52484.8,True,synchronous,0.99999651854718
52480.0,52489.8,True,synchronous,0.999996518547237
52485.0,52494.8,True,synchronous,0.9999965185472279
52490.0,52499.8,True,synchronous,0.9999965118844113
52495.0,52504.8,True,synchronous,0.9999965118844113
52500.0,52509.8,True,synchronous,0.999996518547237
52505.0,52514.8,True,synchronous,0.999996518547194
52510.0,52519.8,True,synchronous,0.9999965185472
52515.0,52524.8,True,synchronous,0.9999965185472164
52520.0,52529.8,True,synchronous,0.9999965185472164
52525.0,52534.8,True,synchronous,0.9999965185472279
52530.0,52539.8,True,synchronous,0.9999965185472164
52535.0,52544.8,True,synchronous,0.9999965185472279
52540.0,52549.8,True,synchronous,0.9999965118844095
52545.0,52554.8,True,synchronous,0.9999964808272707
52550.0,52559.8,True,synchronous,0.9999965185472279
52555.0,52564.8,True,synchronous,0.9999965185472279
52560.0,52569.8,True,synchronous,0.9999965185472242
52565.0,52574.8,True,synchronous,0.9999965185472242
52570.0,52579.8,True,synchronous,0.9999965185472242
52575.0,52584.8,True,synchronous,0.9999965185472279
52580.0,52589.8,True,synchronous,0.9999965185472
52585.0,52594.8,True,synchronous,0.9999964600083739
52590.0,52599.8,True,synchronous,0.9999965118844113
52595.0,52604.8,True,synchronous,0.9999964808274048
52600.0,52609.8,True,synchronous,0.9999965185472559
52605.0,52614.8,True,synchronous,0.9999964830648705
52610.0,52619.8,True,synchronous,0.9999964830648705
52615.0,52624.8,True,synchronous,0.9999965185472559
52620.0,52629.8,True,synchronous,0.9999965118844113
52625.0,52634.8,True,synchronous,0.9999965185472242
52630.0,52639.8,True,synchronous,0.999996518547237
52635.0,52644.8,True,synchronous,0.999996518547237
52640.0,52649.8,True,synchronous,0.999996518547237
52645.0,52654.8,True,synchronous,0.9999965118844113
52650.0,52659.8,True,synchronous,0.9999965185472279
52655.0,52664.8,True,synchronous,0.999996483064738
52660.0,52669.8,True,synchronous,0.9999964830648705
52665.0,52674.8,True,synchronous,0.9999965185472559
52670.0,52679.8,True,synchronous,0.999996518547237
52675.0,52684.8,True,synchronous,0.9999965185472559
52680.0,52689.8,True,synchronous,0.9999965185472559
52685.0,52694.8,True,synchronous,0.9999965118844113
52690.0,52699.8,True,synchronous,0.9999965118844113
52695.0,52704.8,True,synchronous,0.9999965185472828
52700.0,52709.8,True,synchronous,0.9999964808272707
52705.0,52714.8,True,synchronous,0.9999964830648705
52710.0,52719.8,True,synchronous,0.999996518547235
52715.0,52724.8,True,synchronous,0.999996483064738
52720.0,52729.8,True,synchronous,0.9999964830650833
52725.0,52734.8,True,synchronous,0.9999965185472808
52730.0,52739.8,True,synchronous,0.9999965185472555
52735.0,52744.8,True,synchronous,0.9999964808274048
52740.0,52749.8,True,synchronous,0.9999964808272707
52745.0,52754.8,True,synchronous,0.9999965118844113
52750.0,52759.8,True,synchronous,0.9999964808272707
52755.0,52764.8,True,synchronous,0.9999964830647362
52760.0,52769.8,True,synchronous,0.9999964808272707
52765.0,52774.8,True,synchronous,0.999996518547237
52770.0,52779.8,True,synchronous,0.9999965185472572
52775.0,52784.8,True,synchronous,0.9999965185472559
52780.0,52789.8,True,synchronous,0.9999965185472164
52785.0,52794.8,True,synchronous,0.999996518547237
52790.0,52799.8,True,synchronous,0.9999965185472279
52795.0,52804.8,True,synchronous,0.9999965185472279
52800.0,52809.8,True,synchronous,0.999996518547237
52805.0,52814.8,True,synchronous,0.9999965185472559
52810.0,52819.8,True,synchronous,0.9999964808273186
52815.0,52824.8,True,synchronous,0.9999965185472364
52820.0,52829.8,True,synchronous,0.9999965185472273
52825.0,52834.8,True,synchronous,0.9999965185472279
52830.0,52839.8,True,synchronous,0.9999964597856329
52835.0,52844.8,True,synchronous,0.9999965118844113
52840.0,52849.8,True,synchronous,0.9999964808274048
52845.0,52854.8,True,synchronous,0.9999964808274048
52850.0,52859.8,True,synchronous,0.9999964808272707
52855.0,52864.8,True,synchronous,0.9999964830648705
52860.0,52869.8,True,synchronous,0.9999964808272707
52865.0,52874.8,True,synchronous,0.9999965185472279
52870.0,52879.8,True,synchronous,0.9999965118844113
52875.0,52884.8,True,synchronous,0.9999964808273186
52880.0,52889.8,True,synchronous,0.9999964808272707
52885.0,52894.8,True,synchronous,0.9999965185472242
52890.0,52899.8,True,synchronous,0.9999965118844113
52895.0,52904.8,True,synchronous,0.9999965118844113
52900.0,52909.8,True,synchronous,0.9999964808274048
52905.0,52914.8,True,synchronous,0.9999965185472242
52910.0,52919.8,True,synchronous,0.9999965185472093
52915.0,52924.8,True,synchronous,0.999996518547237
52920.0,52929.8,True,synchronous,0.999996518547237
52925.0,52934.8,True,synchronous,0.999996518547237
52930.0,52939.8,True,synchronous,0.999996518547237
52935.0,52944.8,True,synchronous,0.9999965185472093
52940.0,52949.8,True,synchronous,0.9999965118844113
52945.0,52954.8,True,synchronous,0.9999965118844113
52950.0,52959.8,True,synchronous,0.999996518547237
52955.0,52964.8,True,synchronous,0.9999965185472279
52960.0,52969.8,True,synchronous,0.9999965185472279
52965.0,52974.8,True,synchronous,0.999996518547237
52970.0,52979.8,True,synchronous,0.9999965185472564
52975.0,52984.8,True,synchronous,0.999996483064738
52980.0,52989.8,True,synchronous,0.9999964808272707
52985.0,52994.8,True,synchronous,0.9999965118844113
52990.0,52999.8,True,synchronous,0.9999965185472564
52995.0,53004.8,True,synchronous,0.9999965185472559
53000.0,53009.8,True,synchronous,0.9999965118844113
53005.0,53014.8,True,synchronous,0.9999964808272707
53010.0,53019.8,True,synchronous,0.9999965185471982
53015.0,53024.8,True,synchronous,0.9999965185472559
53020.0,53029.8,True,synchronous,0.999996518547237
53025.0,53034.8,True,synchronous,0.9999965185472164
53030.0,53039.8,True,synchronous,0.9999965185472242
53035.0,53044.8,True,synchronous,0.9999965185472164
53040.0,53049.8,True,synchronous,0.9999965185472564
53045.0,53054.8,True,synchronous,0.99999651854718
53050.0,53059.8,True,synchronous,0.999996518547237
53055.0,53064.8,True,synchronous,0.9999965185472828
53060.0,53069.8,True,synchronous,0.9999965185472559
53065.0,53074.8,True,synchronous,0.999996518547237
53070.0,53079.8,True,synchronous,0.9999965185472572
53075.0,53084.8,True,synchronous,0.9999965118844113
53080.0,53089.8,True,synchronous,0.9999965118844113
53085.0,53094.8,True,synchronous,0.999996518547237
53090.0,53099.8,True,synchronous,0.9999965118844113
53095.0,53104.8,True,synchronous,0.9999965185472572
53100.0,53109.8,True,synchronous,0.999996518547237
53105.0,53114.8,True,synchronous,0.999996518547237
53110.0,53119.8,True,synchronous,0.9999965185472828
53115.0,53124.8,True,synchronous,0.999996518547237
53120.0,53129.8,True,synchronous,0.9999964830648705
53125.0,53134.8,True,synchronous,0.999996483064738
53130.0,53139.8,True,synchronous,0.9999965185472564
53135.0,53144.8,True,synchronous,0.9999965185472828
53140.0,53149.8,True,synchronous,0.9999965185472572
53145.0,53154.8,True,synchronous,0.9999965118844113
53150.0,53159.8,True,synchronous,0.9999964808272707
53155.0,53164.8,True,synchronous,0.9999965185472559
53160.0,53169.8,True,synchronous,0.9999965185472559
53165.0,53174.8,True,synchronous,0.9999965185472242
53170.0,53179.8,True,synchronous,0.9999965118844113
53175.0,53184.8,True,synchronous,0.9999964808272707
53180.0,53189.8,True,synchronous,0.9999965185472242
53185.0,53194.8,True,synchronous,0.9999965185472559
53190.0,53199.8,True,synchronous,0.9999964808273186
53195.0,53204.8,True,synchronous,0.9999964808272707
53200.0,53209.8,True,synchronous,0.9999965118844113
53205.0,53214.8,True,synchronous,0.9999965185472572
53210.0,53219.8,True,synchronous,0.9999965185472559
53215.0,53224.8,True,synchronous,0.9999965185472559
53220.0,53229.8,True,synchronous,0.9999965185472
53225.0,53234.8,True,synchronous,0.9999965185472279
53230.0,53239.8,True,synchronous,0.9999965185472279
53235.0,53244.8,True,synchronous,0.9999964600083733
53240.0,53249.8,True,synchronous,0.9999965185472559
53245.0,53254.8,True,synchronous,0.9999965185472559
53250.0,53259.8,True,synchronous,0.9999965118844113
53255.0,53264.8,True,synchronous,0.9999964830650833
53260.0,53269.8,True,synchronous,0.9999964808274048
53265.0,53274.8,True,synchronous,0.9999965185472279
53270.0,53279.8,True,synchronous,0.9999965185472242
53275.0,53284.8,True,synchronous,0.999996518547237
53280.0,53289.8,True,synchronous,0.9999964808272707
53285.0,53294.8,True,synchronous,0.9999965185472242
53290.0,53299.8,True,synchronous,0.9999965185472093
53295.0,53304.8,True,synchronous,0.9999965682699221
53300.0,53309.8,True,synchronous,0.9999965682699503
53305.0,53314.8,True,synchronous,0.9999965682699499
53310.0,53319.8,True,synchronous,0.9999965682698886
53315.0,53324.8,True,synchronous,0.9999965105671261
53320.0,53329.8,True,synchronous,0.9999965105671261
53325.0,53334.8,True,synchronous,0.9999965682699499
53330.0,53339.8,True,synchronous,0.999996568269931
53335.0,53344.8,True,synchronous,0.999996568269931
53340.0,53349.8,True,synchronous,0.9999965310886857
53345.0,53354.8,True,synchronous,0.9999965682699183
53350.0,53359.8,True,synchronous,0.9999965310886857
53355.0,53364.8,True,synchronous,0.9999965682699761
53360.0,53369.8,True,synchronous,0.9999965310888178
53365.0,53374.8,True,synchronous,0.9999965332941972
53370.0,53379.8,True,synchronous,0.9999965617022646
53375.0,53384.8,True,synchronous,0.9999965310888178
53380.0,53389.8,True,synchronous,0.9999965310888178
53385.0,53394.8,True,synchronous,0.9999965682699183
53390.0,53399.8,True,synchronous,0.9999965310886857
53395.0,53404.8,True,synchronous,0.9999965617022646
53400.0,53409.8,True,synchronous,0.9999965682699761
53405.0,53414.8,True,synchronous,0.999996568269931
53410.0,53419.8,True,synchronous,0.9999965617022646
53415.0,53424.8,True,synchronous,0.9999965682699499
53420.0,53429.8,True,synchronous,0.9999965310886857
53425.0,53434.8,True,synchronous,0.9999965617022646
53430.0,53439.8,True,synchronous,0.9999965682699183
53435.0,53444.8,True,synchronous,0.9999965682699221
53440.0,53449.8,True,synchronous,0.9999965682699183
53445.0,53454.8,True,synchronous,0.9999965682699479
53450.0,53459.8,True,synchronous,0.9999965617022646
53455.0,53464.8,True,synchronous,0.9999965682699499
53460.0,53469.8,True,synchronous,0.9999965105671268
53465.0,53474.8,True,synchronous,0.9999965617022646
53470.0,53479.8,True,synchronous,0.9999965617022646
53475.0,53484.8,True,synchronous,0.9999965682699512
53480.0,53489.8,True,synchronous,0.999996568269931
53485.0,53494.8,True,synchronous,0.9999965310888178
53490.0,53499.8,True,synchronous,0.9999965617022646
53495.0,53504.8,True,synchronous,0.9999965682698946
53500.0,53509.8,True,synchronous,0.999996568269931
53505.0,53514.8,True,synchronous,0.9999965617022646
53510.0,53519.8,True,synchronous,0.9999965682699221
53515.0,53524.8,True,synchronous,0.9999965682699037
53520.0,53529.8,True,synchronous,0.9999965682698946
53525.0,53534.8,True,synchronous,0.9999965682698946
53530.0,53539.8,True,synchronous,0.9999965682699108
53535.0,53544.8,True,synchronous,0.9999965105671268
53540.0,53549.8,True,synchronous,0.9999965682699108
53545.0,53554.8,True,synchronous,0.9999965682699166
53550.0,53559.8,True,synchronous,0.9999965682699221
53555.0,53564.8,True,synchronous,0.9999965682698946
53560.0,53569.8,True,synchronous,0.9999965682699221
53565.0,53574.8,True,synchronous,0.9999965617022646
53570.0,53579.8,True,synchronous,0.9999965617022646
53575.0,53584.8,True,synchronous,0.9999965105671261
53580.0,53589.8,True,synchronous,0.9999965682698946
53585.0,53594.8,True,synchronous,0.9999965682699203
53590.0,53599.8,True,synchronous,0.999996568269931
53595.0,53604.8,True,synchronous,0.9999965310886857
53600.0,53609.8,True,synchronous,0.9999965310886857
53605.0,53614.8,True,synchronous,0.9999965310894391
53610.0,53619.8,True,synchronous,0.9999965332943278
53615.0,53624.8,True,synchronous,0.9999965310888163
53620.0,53629.8,True,synchronous,0.999996531088733
53625.0,53634.8,True,synchronous,0.999996568269931
53630.0,53639.8,True,synchronous,0.9999965682699037
53635.0,53644.8,True,synchronous,0.9999965682699512
53640.0,53649.8,True,synchronous,0.9999965310888178
53645.0,53654.8,True,synchronous,0.9999965682699221
53650.0,53659.8,True,synchronous,0.9999965617022646
53655.0,53664.8,True,synchronous,0.9999965682699512
53660.0,53669.8,True,synchronous,0.9999965682699221
53665.0,53674.8,True,synchronous,0.9999965682699499
53670.0,53679.8,True,synchronous,0.9999965332943278
53675.0,53684.8,True,synchronous,0.9999965310887585
53680.0,53689.8,True,synchronous,0.9999965332941972
53685.0,53694.8,True,synchronous,0.999996533294312
53690.0,53699.8,True,synchronous,0.9999965682699605
53695.0,53704.8,True,fridge,0.22001086780295287
53700.0,53709.8,True,fridge,0.20836306055665724
53705.0,53714.8,True,fridge,0.20859108287709513
53710.0,53719.8,True,fridge,0.208586815344905
53715.0,53724.8,True,fridge,0.21040031035833698
53720.0,53729.8,True,fridge,0.2104003093174271
53725.0,53734.8,True,fridge,0.21040031023532602
53730.0,53739.8,True,fridge,0.21039556542091883
53735.0,53744.8,True,fridge,0.21039596958337523
53740.0,53749.8,True,fridge,0.21039597054172354
53745.0,53754.8,True,fridge,0.21039596958337523
53750.0,53759.8,True,fridge,0.21039556374037255
53755.0,53764.8,True,fridge,0.21039596958337523
53760.0,53769.8,True,fridge,0.21039596958337523
53765.0,53774.8,True,fridge,0.2103999034579152
53770.0,53779.8,True,fridge,0.21007419718737136
53775.0,53784.8,True,fridge,0.20859108060127277
53780.0,53789.8,True,fridge,0.2103959705012359
53785.0,53794.8,True,fridge,0.21039596958337523
53790.0,53799.8,True,fridge,0.20859108287709513
53795.0,53804.8,True,fridge,0.20858682283343397
53800.0,53809.8,True,fridge,0.21039597104494623
53805.0,53814.8,True,fridge,0.2103955660443873
53810.0,53819.8,True,fridge,0.21039556374037255
53815.0,53824.8,True,fridge,0.2103955634004071
53820.0,53829.8,True,fridge,0.21039990184047336
53825.0,53834.8,True,fridge,0.21053697581528039
53830.0,53839.8,True,fridge,0.21007419718737136
53835.0,53844.8,True,fridge,0.21007852302761962
53840.0,53849.8,True,fridge,0.20859108060127277
53845.0,53854.8,True,fridge,0.2104003093174271
53850.0,53859.8,True,fridge,0.2103955660443873
53855.0,53864.8,True,fridge,0.21039556542091883
53860.0,53869.8,True,fridge,0.21007419668467625
53865.0,53874.8,True,fridge,0.21039990576178083
53870.0,53879.8,True,fridge,0.21039556424359426
53875.0,53884.8,True,fridge,0.2104003093174271
53880.0,53889.8,True,fridge,0.21007852302761962
53885.0,53894.8,True,fridge,0.21039556542091883
53890.0,53899.8,True,fridge,0.21054128267750902
53895.0,53904.8,True,fridge,0.21039990547610601
53900.0,53909.8,True,fridge,0.21007419668467625
53905.0,53914.8,True,fridge,0.21039556575872453
53910.0,53919.8,True,fridge,0.21007852302761962
53915.0,53924.8,True,fridge,0.21007852302761962
53920.0,53929.8,True,fridge,0.2103959705012359
53925.0,53934.8,True,fridge,0.21039596958337523
53930.0,53939.8,True,fridge,0.21039596958337523
53935.0,53944.8,True,fridge,0.2085954162749049
53940.0,53949.8,True,fridge,0.2085954162749049
53945.0,53954.8,True,fridge,0.21039556575872453
53950.0,53959.8,True,fridge,0.2103955643013081
53955.0,53964.8,True,fridge,0.21039556575872453
53960.0,53969.8,True,fridge,0.2103959705012359
53965.0,53974.8,True,fridge,0.21039556374037255
53970.0,53979.8,True,fridge,0.21039556575872453
53975.0,53984.8,True,fridge,0.2103955643013081
53980.0,53989.8,True,fridge,0.2104003093174271
53985.0,53994.8,True,fridge,0.21039556262621942
53990.0,53999.8,True,fridge,0.21039556374037255
53995.0,54004.8,True,fridge,0.2103999034579152
54000.0,54009.8,True,fridge,0.21039990401887415
54005.0,54014.8,True,fridge,0.21039556626194628
54010.0,54019.8,True,fridge,0.21053697531182738
54015.0,54024.8,True,fridge,0.2105369755675061
54020.0,54029.8,True,fridge,0.21053697531182738
54025.0,54034.8,True,fridge,0.21039596958337523
54030.0,54039.8,True,fridge,0.20859540937950286
54035.0,54044.8,True,fridge,0.20859114394598613
54040.0,54049.8,True,fridge,0.21039990547610601
54045.0,54054.8,True,fridge,0.21040031023532602
54050.0,54059.8,True,fridge,0.21007419668467625
54055.0,54064.8,True,fridge,0.20859108287709513
54060.0,54069.8,True,fridge,0.20859540937950286
54065.0,54074.8,True,fridge,0.21039556575872453
54070.0,54079.8,True,fridge,0.21039556542091883
54075.0,54084.8,True,fridge,0.2103999022442847
54080.0,54089.8,True,fridge,0.21007419668467625
54085.0,54094.8,True,fridge,0.20859108060127277
54090.0,54099.8,True,fridge,0.21039597008659783
54095.0,54104.8,True,fridge,0.2103999034579152
54100.0,54109.8,True,fridge,0.21039556303001405
54105.0,54114.8,True,fridge,0.2103955643013081
54110.0,54119.8,True,fridge,0.2103999034579152
54115.0,54124.8,True,fridge,0.21040031027581538
54120.0,54129.8,True,fridge,0.2103959705012359
54125.0,54134.8,True,fridge,0.21039990401887415
54130.0,54139.8,True,fridge,0.21039556374037255
54135.0,54144.8,True,fridge,0.2103955621229977
54140.0,54149.8,True,fridge,0.20859108060127277
54145.0,54154.8,True,fridge,0.208586815344905
54150.0,54159.8,True,fridge,0.21039597183589728
54155.0,54164.8,True,fridge,0.21007852302761962
54160.0,54169.8,True,fridge,0.21007852302761962
54165.0,54174.8,True,fridge,0.21007419668467625
54170.0,54179.8,True,fridge,0.21007419668467625
54175.0,54184.8,True,fridge,0.2104003093174271
54180.0,54189.8,True,fridge,0.2103955660443873
54185.0,54194.8,True,fridge,0.21040031157004288
54190.0,54199.8,True,fridge,0.21007419668467625
54195.0,54204.8,True,fridge,0.21007852302761962
54200.0,54209.8,True,fridge,0.21007419668467625
54205.0,54214.8,True,fridge,0.2103955660443873
54210.0,54219.8,True,fridge,0.21007419668467625
54215.0,54224.8,True,fridge,0.21039596958337523
54220.0,54229.8,True,fridge,0.21007419668467625
54225.0,54234.8,True,fridge,0.21007419718737136
54230.0,54239.8,True,fridge,0.21039597062424178
54235.0,54244.8,True,fridge,0.21039556542091883
54240.0,54249.8,True,fridge,0.2104003093174271
54245.0,54254.8,True,fridge,0.21040031023532602
54250.0,54259.8,True,fridge,0.21040031157004288
54255.0,54264.8,True,fridge,0.21007852302761962
54260.0,54269.8,True,fridge,0.2103959705012359
54265.0,54274.8,True,fridge,0.21039556480452984
54270.0,54279.8,True,fridge,0.21039556626194628
54275.0,54284.8,True,fridge,0.21039556374037255
54280.0,54289.8,True,fridge,0.2087522150612277
54285.0,54294.8,True,fridge,0.22471979334873857
54290.0,54299.8,True,synchronous,0.9999965682699503
54295.0,54304.8,True,synchronous,0.999996568269931
54300.0,54309.8,True,synchronous,0.9999965682699221
54305.0,54314.8,True,synchronous,0.9999965682699221
54310.0,54319.8,True,synchronous,0.9999965682699183
54315.0,54324.8,True,synchronous,0.9999965617022646
54320.0,54329.8,True,synchronous,0.9999965682699503
54325.0,54334.8,True,synchronous,0.9999965682699512
54330.0,54339.8,True,synchronous,0.9999965682699183
54335.0,54344.8,True,synchronous,0.9999965105671268
54340.0,54349.8,True,synchronous,0.999996568269875
54345.0,54354.8,True,synchronous,0.999996568269885
54350.0,54359.8,True,synchronous,0.9999965682698886
54355.0,54364.8,True,synchronous,0.999996568269931
54360.0,54369.8,True,synchronous,0.9999965617022646
54365.0,54374.8,True,synchronous,0.9999965310886857
54370.0,54379.8,True,synchronous,0.9999965617022646
54375.0,54384.8,True,synchronous,0.9999965682699183
54380.0,54389.8,True,synchronous,0.999996568269875
54385.0,54394.8,True,synchronous,0.9999965682698946
54390.0,54399.8,True,synchronous,0.9999965682698946
54395.0,54404.8,True,synchronous,0.999996568269931
54400.0,54409.8,True,synchronous,0.9999965617022646
54405.0,54414.8,True,synchronous,0.999996568269931
54410.0,54419.8,True,synchronous,0.9999965682699221
54415.0,54424.8,True,synchronous,0.9999965682699108
54420.0,54429.8,True,synchronous,0.999996568269875
54425.0,54434.8,True,synchronous,0.9999965682699221
54430.0,54439.8,True,synchronous,0.9999965617022646
54435.0,54444.8,True,synchronous,0.9999965617022646
54440.0,54449.8,True,synchronous,0.9999965310886857
54445.0,54454.8,True,synchronous,0.9999965617022628
54450.0,54459.8,True,synchronous,0.9999965682699183
54455.0,54464.8,True,synchronous,0.9999965682699499
54460.0,54469.8,True,synchronous,0.9999965682699499
54465.0,54474.8,True,synchronous,0.9999965105671268
54470.0,54479.8,True,synchronous,0.9999965682699183
54475.0,54484.8,True,synchronous,0.9999965682698886
54480.0,54489.8,True,synchronous,0.9999965617022646
54485.0,54494.8,True,synchronous,0.9999965682699512
54490.0,54499.8,True,synchronous,0.9999965682699221
54495.0,54504.8,True,synchronous,0.9999965682699221
54500.0,54509.8,True,synchronous,0.999996568269931
54505.0,54514.8,True,synchronous,0.999996568269931
54510.0,54519.8,True,synchronous,0.999996568269931
54515.0,54524.8,True,synchronous,0.9999965682699221
54520.0,54529.8,True,synchronous,0.9999965682699503
54525.0,54534.8,True,synchronous,0.9999965682699499
54530.0,54539.8,True,synchronous,0.9999965682699512
54535.0,54544.8,True,synchronous,0.999996531088733
54540.0,54549.8,True,synchronous,0.9999965310888178
54545.0,54554.8,True,synchronous,0.9999965617022646
54550.0,54559.8,True,synchronous,0.9999965682699108
54555.0,54564.8,True,synchronous,0.9999965682699108
54560.0,54569.8,True,synchronous,0.9999965682699183
54565.0,54574.8,True,synchronous,0.9999965682699183
54570.0,54579.8,True,synchronous,0.9999965617022646
54575.0,54584.8,True,synchronous,0.9999965617022646
54580.0,54589.8,True,synchronous,0.999996568269931
54585.0,54594.8,True,synchronous,0.9999965682699512
54590.0,54599.8,True,synchronous,0.9999965682699503
54595.0,54604.8,True,synchronous,0.999996568269931
54600.0,54609.8,True,synchronous,0.9999965682699221
54605.0,54614.8,True,synchronous,0.9999965682699108
54610.0,54619.8,True,synchronous,0.9999965682699183
54615.0,54624.8,True,synchronous,0.9999965617022646
54620.0,54629.8,True,synchronous,0.9999965617022646
54625.0,54634.8,True,synchronous,0.9999965682699221
54630.0,54639.8,True,synchronous,0.999996568269875
54635.0,54644.8,True,synchronous,0.999996568269885
54640.0,54649.8,True,synchronous,0.9999965105671268
54645.0,54654.8,True,synchronous,0.9999965682699183
54650.0,54659.8,True,synchronous,0.999996568269873
54655.0,54664.8,True,synchronous,0.9999965682699221
54660.0,54669.8,True,synchronous,0.9999965682699221
54665.0,54674.8,True,synchronous,0.9999965682699499
54670.0,54679.8,True,synchronous,0.9999965682699203
54675.0,54684.8,True,synchronous,0.999996568269931
54680.0,54689.8,True,synchronous,0.9999965617022646
54685.0,54694.8,True,synchronous,0.9999965617022646
54690.0,54699.8,True,synchronous,0.999996568269931
54695.0,54704.8,True,synchronous,0.999996568269931
54700.0,54709.8,True,synchronous,0.999996568269931
54705.0,54714.8,True,synchronous,0.9999965105671244
54710.0,54719.8,True,synchronous,0.9999965105671268
54715.0,54724.8,True,synchronous,0.9999965682699203
54720.0,54729.8,True,synchronous,0.9999965682699292
54725.0,54734.8,True,synchronous,0.9999965682699203
54730.0,54739.8,True,synchronous,0.9999965682699761
54735.0,54744.8,True,synchronous,0.9999965682699499
54740.0,54749.8,True,synchronous,0.9999965332943278
54745.0,54754.8,True,synchronous,0.9999965310886841
54750.0,54759.8,True,synchronous,0.9999965617022646
54755.0,54764.8,True,synchronous,0.999996568269931
54760.0,54769.8,True,synchronous,0.9999965682699183
54765.0,54774.8,True,synchronous,0.9999965682698946
54770.0,54779.8,True,synchronous,0.9999965682699221
54775.0,54784.8,True,synchronous,0.999996568269931
54780.0,54789.8,True,synchronous,0.9999965682699503
54785.0,54794.8,True,synchronous,0.9999965682699503
54790.0,54799.8,True,synchronous,0.9999965682699183
54795.0,54804.8,True,synchronous,0.9999965682699203
54800.0,54809.8,True,synchronous,0.9999965682699203
54805.0,54814.8,True,synchronous,0.9999965682699221
54810.0,54819.8,True,synchronous,0.9999965332943278
54815.0,54824.8,True,synchronous,0.9999965332945379
54820.0,54829.8,True,synchronous,0.9999965682698928
54825.0,54834.8,True,synchronous,0.9999965682699292
54830.0,54839.8,True,synchronous,0.9999965617022646
54835.0,54844.8,True,synchronous,0.9999965617022646
54840.0,54849.8,True,synchronous,0.9999965617022646
54845.0,54854.8,True,synchronous,0.9999965682699761
54850.0,54859.8,True,synchronous,0.999996568269931
54855.0,54864.8,True,synchronous,0.9999965682698833
54860.0,54869.8,True,synchronous,0.9999965682699037
54865.0,54874.8,True,synchronous,0.9999965310886841
54870.0,54879.8,True,synchronous,0.9999965682699503
54875.0,54884.8,True,synchronous,0.9999965682698946
54880.0,54889.8,True,synchronous,0.999996568269931
54885.0,54894.8,True,synchronous,0.999996568269931
54890.0,54899.8,True,synchronous,0.9999965682699221
54895.0,54904.8,True,synchronous,0.9999965617022646
54900.0,54909.8,True,synchronous,0.9999965332943278
54905.0,54914.8,True,synchronous,0.999996531088733
54910.0,54919.8,True,synchronous,0.9999965310886857
54915.0,54924.8,True,synchronous,0.9999965682699499
54920.0,54929.8,True,synchronous,0.9999965617022646
54925.0,54934.8,True,synchronous,0.9999965682699483
54930.0,54939.8,True,synchronous,0.9999965617022646
54935.0,54944.8,True,synchronous,0.9999965682699499
54940.0,54949.8,True,synchronous,0.9999965682698946
54945.0,54954.8,True,synchronous,0.9999965682699221
54950.0,54959.8,True,synchronous,0.9999965617022646
54955.0,54964.8,True,synchronous,0.9999965617022646
54960.0,54969.8,True,synchronous,0.9999965682699499
54965.0,54974.8,True,synchronous,0.999996568269931
54970.0,54979.8,True,synchronous,0.9999965682699221
54975.0,54984.8,True,synchronous,0.9999965682699499
54980.0,54989.8,True,synchronous,0.9999965682699183
54985.0,54994.8,True,synchronous,0.9999965682699221
54990.0,54999.8,True,synchronous,0.9999965682699203
54995.0,55004.8,True,synchronous,0.9999965617022628
55000.0,55009.8,True,synchronous,0.9999965617022646
55005.0,55014.8,True,synchronous,0.999996568269931
55010.0,55019.8,True,synchronous,0.999996568269931
55015.0,55024.8,True,synchronous,0.9999965682699221
55020.0,55029.8,True,synchronous,0.9999965682699512
55025.0,55034.8,True,synchronous,0.9999965617022646
55030.0,55039.8,True,synchronous,0.9999965617022646
55035.0,55044.8,True,synchronous,0.9999965617022646
55040.0,55049.8,True,synchronous,0.9999965682699512
55045.0,55054.8,True,synchronous,0.9999965682699108
55050.0,55059.8,True,synchronous,0.9999965617022646
55055.0,55064.8,True,synchronous,0.9999965682699345
55060.0,55069.8,True,synchronous,0.9999965682699503
55065.0,55074.8,True,synchronous,0.999996568269931
55070.0,55079.8,True,synchronous,0.9999965617022646
55075.0,55084.8,True,synchronous,0.9999965682699221
55080.0,55089.8,True,synchronous,0.9999965682698886
55085.0,55094.8,True,synchronous,0.9999965332941972
55090.0,55099.8,True,synchronous,0.9999965310886701
55095.0,55104.8,True,synchronous,0.9999965682699221
55100.0,55109.8,True,synchronous,0.9999965682699108
55105.0,55114.8,True,synchronous,0.9999965682699221
55110.0,55119.8,True,synchronous,0.9999965682698881
55115.0,55124.8,True,synchronous,0.9999965682699221
55120.0,55129.8,True,synchronous,0.9999965682699183
55125.0,55134.8,True,synchronous,0.9999965682699037
55130.0,55139.8,True,synchronous,0.999996531088733
55135.0,55144.8,True,synchronous,0.999996568269931
55140.0,55149.8,True,synchronous,0.9999965310886701
55145.0,55154.8,True,synchronous,0.999996531088733
55150.0,55159.8,True,synchronous,0.9999965617022646
55155.0,55164.8,True,synchronous,0.9999965682699499
55160.0,55169.8,True,synchronous,0.999996568269875
55165.0,55174.8,True,synchronous,0.9999965682698946
55170.0,55179.8,True,synchronous,0.999996568269885
55175.0,55184.8,True,synchronous,0.9999965617022628
55180.0,55189.8,True,synchronous,0.9999965617022646
55185.0,55194.8,True,synchronous,0.9999965682699761
55190.0,55199.8,True,synchronous,0.9999965682699743
55195.0,55204.8,True,synchronous,0.9999965682699221
55200.0,55209.8,True,synchronous,0.9999965682699221
55205.0,55214.8,True,synchronous,0.9999965682698886
55210.0,55219.8,True,synchronous,0.9999965682698946
55215.0,55224.8,True,synchronous,0.9999965617022646
55220.0,55229.8,True,synchronous,0.9999965682699292
55225.0,55234.8,True,synchronous,0.999996568269931
55230.0,55239.8,True,synchronous,0.9999965682699221
55235.0,55244.8,True,synchronous,0.9999965682699221
55240.0,55249.8,True,synchronous,0.9999965682699221
55245.0,55254.8,True,synchronous,0.9999965682699483
55250.0,55259.8,True,synchronous,0.9999965617022646
55255.0,55264.8,True,synchronous,0.999996568269931
55260.0,55269.8,True,synchronous,0.999996568269931
55265.0,55274.8,True,synchronous,0.9999965682699203
55270.0,55279.8,True,synchronous,0.9999965682699292
55275.0,55284.8,True,synchronous,0.9999965682699221
55280.0,55289.8,True,synchronous,0.9999965682699221
55285.0,55294.8,True,synchronous,0.9999965682699203
55290.0,55299.8,True,synchronous,0.999996568269875
55295.0,55304.8,True,synchronous,0.999996568269875
55300.0,55309.8,True,synchronous,0.9999965682699183
55305.0,55314.8,True,synchronous,0.9999965320831218
55310.0,55319.8,True,synchronous,0.9999912195457766
55315.0,55324.8,True,synchronous,0.9997776016482212
55320.0,55329.8,True,synchronous,0.9998997906164708
55325.0,55334.8,True,synchronous,0.9999985174564944
55330.0,55339.8,True,synchronous,0.9999985048187796
55335.0,55344.8,True,synchronous,0.9999985305672087
55340.0,55349.8,True,synchronous,0.999998530567212
55345.0,55354.8,True,synchronous,0.999998530567212
55350.0,55359.8,True,synchronous,0.9999985305672169
55355.0,55364.8,True,synchronous,0.9999985305672169
55360.0,55369.8,True,synchronous,0.9999985305672169
55365.0,55374.8,True,synchronous,0.9999985305671996
55370.0,55379.8,True,synchronous,0.9999985048187796
55375.0,55384.8,True,synchronous,0.9999985305671996
55380.0,55389.8,True,synchronous,0.9999985305671996
55385.0,55394.8,True,synchronous,0.999998530567212
55390.0,55399.8,True,synchronous,0.9999985305671929
55395.0,55404.8,True,synchronous,0.9999985305672058
55400.0,55409.8,True,synchronous,0.9999985305672058
55405.0,55414.8,True,synchronous,0.9999985305672171
55410.0,55419.8,True,synchronous,0.9999985305672058
55415.0,55424.8,True,synchronous,0.999998530567212
55420.0,55429.8,True,synchronous,0.9999985305672058
55425.0,55434.8,True,synchronous,0.9999985305672058
55430.0,55439.8,True,synchronous,0.999998530567212
55435.0,55444.8,True,synchronous,0.9999985288875105
55440.0,55449.8,True,synchronous,0.9999985305672169
55445.0,55454.8,True,synchronous,0.9999985172455766
55450.0,55459.8,True,synchronous,0.9999985305672031
55455.0,55464.8,True,synchronous,0.9999985305672058
55460.0,55469.8,True,synchronous,0.9999985305672169
55465.0,55474.8,True,synchronous,0.9999985305672169
55470.0,55479.8,True,synchronous,0.9999985305672087
55475.0,55484.8,True,synchronous,0.999998530567212
55480.0,55489.8,True,synchronous,0.999998530567212
55485.0,55494.8,True,synchronous,0.9999985048187794
55490.0,55499.8,True,synchronous,0.9999985305672169
55495.0,55504.8,True,synchronous,0.9999985172456164
55500.0,55509.8,True,synchronous,0.9999985172455886
55505.0,55514.8,True,synchronous,0.9999985305672058
55510.0,55519.8,True,synchronous,0.9999985305672058
55515.0,55524.8,True,synchronous,0.9999985172455886
55520.0,55529.8,True,synchronous,0.9999985172455886
55525.0,55534.8,True,synchronous,0.9999985182970145
55530.0,55539.8,True,synchronous,0.9999985172456164
55535.0,55544.8,True,synchronous,0.9999985305672058
55540.0,55549.8,True,synchronous,0.9999985305672058
55545.0,55554.8,True,synchronous,0.9999985288875105
55550.0,55559.8,True,synchronous,0.9999985288875105
55555.0,55564.8,True,synchronous,0.9999985048187796
55560.0,55569.8,True,synchronous,0.9999985305672087
55565.0,55574.8,True,synchronous,0.9999985305672058
55570.0,55579.8,True,synchronous,0.547261144351402
55575.0,55584.8,True,synchronous,0.5229806802848818
55580.0,55589.8,True,synchronous,0.5247477964668579
55585.0,55594.8,True,synchronous,0.5250043427672528
55590.0,55599.8,True,synchronous,0.5225073600324606
55595.0,55604.8,True,synchronous,0.5225073600324606
55600.0,55609.8,True,synchronous,0.5250045845913586
55605.0,55614.8,True,synchronous,0.5250045734391023
55610.0,55619.8,True,synchronous,0.5250045846435879
55615.0,55624.8,True,synchronous,0.5250048145558953
55620.0,55629.8,True,synchronous,0.5250043407754182
55625.0,55634.8,True,synchronous,0.5250043423126579
55630.0,55639.8,True,synchronous,0.5229750650415063
55635.0,55644.8,True,synchronous,0.5229815869462278
55640.0,55649.8,True,synchronous,0.5250048145558953
55645.0,55654.8,True,synchronous,0.5250045845913586
55650.0,55659.8,True,synchronous,0.5250045838394504
55655.0,55664.8,True,synchronous,0.5247477964668579
55660.0,55669.8,True,synchronous,0.5250048153600334
55665.0,55674.8,True,synchronous,0.5250043427672528
55670.0,55679.8,True,synchronous,0.5247477964668579
55675.0,55684.8,True,synchronous,0.5247477964668579
55680.0,55689.8,True,synchronous,0.5250045714916497
55685.0,55694.8,True,synchronous,0.5217204399257651
55690.0,55699.8,True,synchronous,0.52500457220302
55695.0,55704.8,True,synchronous,0.5225073600324606
55700.0,55709.8,True,synchronous,0.5250043432745073
55705.0,55714.8,True,synchronous,0.5250043427228699
55710.0,55719.8,True,synchronous,0.5247477964668579
55715.0,55724.8,True,synchronous,0.5247480269576643
55720.0,55729.8,True,synchronous,0.522975299979859
55725.0,55734.8,True,synchronous,0.5229815869462278
55730.0,55739.8,True,synchronous,0.5247477964668579
55735.0,55744.8,True,synchronous,0.5229750647562481
55740.0,55749.8,True,synchronous,0.522975295793383
55745.0,55754.8,True,synchronous,0.5229815869462278
55750.0,55759.8,True,synchronous,0.5229750668520667
55755.0,55764.8,True,synchronous,0.5250043417934314
55760.0,55769.8,True,synchronous,0.52250736004303
55765.0,55774.8,True,synchronous,0.5250045725096638
55770.0,55779.8,True,synchronous,0.5250045845913586
55775.0,55784.8,True,synchronous,0.5250045838394504
55780.0,55789.8,True,synchronous,0.5247477964668579
55785.0,55794.8,True,synchronous,0.5250045845913586
55790.0,55799.8,True,synchronous,0.5247477964668579
55795.0,55804.8,True,synchronous,0.5250043417934314
55800.0,55809.8,True,synchronous,0.522975295793383
55805.0,55814.8,True,synchronous,0.5247477964668579
55810.0,55819.8,True,synchronous,0.5250045838394504
55815.0,55824.8,True,synchronous,0.5247477964668579
55820.0,55829.8,True,synchronous,0.5250045856085218
55825.0,55834.8,True,synchronous,0.5250045845913586
55830.0,55839.8,True,synchronous,0.5247477964668579
55835.0,55844.8,True,synchronous,0.5250045845913586
55840.0,55849.8,True,synchronous,0.5250045845913586
55845.0,55854.8,True,synchronous,0.5250043432745073
55850.0,55859.8,True,synchronous,0.5247480269576643
55855.0,55864.8,True,synchronous,0.5229815950618252
55860.0,55869.8,True,synchronous,0.5229816145670256
55865.0,55874.8,True,synchronous,0.5247477964668579
55870.0,55879.8,True,synchronous,0.5250045845913586
55875.0,55884.8,True,synchronous,0.5250045838394504
55880.0,55889.8,True,synchronous,0.5247477964668579
55885.0,55894.8,True,synchronous,0.5229752936975641
55890.0,55899.8,True,synchronous,0.5250045838394504
55895.0,55904.8,True,synchronous,0.5250043427228699
55900.0,55909.8,True,synchronous,0.5250045856085218
55905.0,55914.8,True,synchronous,0.5229750650415063
55910.0,55919.8,True,synchronous,0.5250045838394504
55915.0,55924.8,True,synchronous,0.5250043427672528
55920.0,55929.8,True,synchronous,0.5250048145558953
55925.0,55934.8,True,synchronous,0.5250043407754182
55930.0,55939.8,True,synchronous,0.5250048153600334
55935.0,55944.8,True,synchronous,0.5247477964668579
55940.0,55949.8,True,synchronous,0.5247477964668579
55945.0,55954.8,True,synchronous,0.5229815950618252
55950.0,55959.8,True,synchronous,0.5247480269576643
55955.0,55964.8,True,synchronous,0.5247477964668579
55960.0,55969.8,True,synchronous,0.5250045838394504
55965.0,55974.8,True,synchronous,0.5250045838394504
55970.0,55979.8,True,synchronous,0.5247477964668579
55975.0,55984.8,True,synchronous,0.5250045845913586
55980.0,55989.8,True,synchronous,0.5250045845913586
55985.0,55994.8,True,synchronous,0.5250045838394504
55990.0,55999.8,True,synchronous,0.5250045845913586
55995.0,56004.8,True,synchronous,0.5250045838394504
56000.0,56009.8,True,synchronous,0.5250043432745073
56005.0,56014.8,True,synchronous,0.5250045722757144
56010.0,56019.8,True,synchronous,0.5247477964668579
56015.0,56024.8,True,synchronous,0.5229750710385426
56020.0,56029.8,True,synchronous,0.5229750668520667
56025.0,56034.8,True,synchronous,0.5250043427228699
56030.0,56039.8,True,synchronous,0.5229750650415063
56035.0,56044.8,True,synchronous,0.5229750650415063
56040.0,56049.8,True,synchronous,0.5250043415594822
56045.0,56054.8,True,synchronous,0.5247477964668579
56050.0,56059.8,True,synchronous,0.5229750647562481
56055.0,56064.8,True,synchronous,0.5250045845913586
56060.0,56069.8,True,synchronous,0.5250043407754182
56065.0,56074.8,True,synchronous,0.5250043423126579
56070.0,56079.8,True,synchronous,0.5250043432745073
56075.0,56084.8,True,synchronous,0.5250048153078041
56080.0,56089.8,True,synchronous,0.5247477964668579
56085.0,56094.8,True,synchronous,0.5247477964668579
56090.0,56099.8,True,synchronous,0.5247477964668579
56095.0,56104.8,True,synchronous,0.5250043427228699
56100.0,56109.8,True,synchronous,0.5250043427228699
56105.0,56114.8,True,synchronous,0.5250048153078041
56110.0,56119.8,True,synchronous,0.5250045846435879
56115.0,56124.8,True,synchronous,0.5247477964668579
56120.0,56129.8,True,synchronous,0.5247480269576643
56125.0,56134.8,True,synchronous,0.5229750710385426
56130.0,56139.8,True,synchronous,0.5229815950618252
56135.0,56144.8,True,synchronous,0.5247477964668579
56140.0,56149.8,True,synchronous,0.5229815869462278
56145.0,56154.8,True,synchronous,0.5229816349809097
56150.0,56159.8,True,synchronous,0.5472611443053533
56155.0,56164.8,True,synchronous,0.9999985305672231
56160.0,56169.8,True,synchronous,0.9999985288875165
56165.0,56174.8,True,synchronous,0.9999985305672233
56170.0,56179.8,True,synchronous,0.9999985048187856
56175.0,56184.8,True,synchronous,0.9999985004508007
56180.0,56189.8,True,synchronous,0.9999985305671991
56185.0,56194.8,True,synchronous,0.999998530567212
56190.0,56199.8,True,synchronous,0.999998530567212
56195.0,56204.8,True,synchronous,0.9999985305672231
56200.0,56209.8,True,synchronous,0.9999985305672147
56205.0,56214.8,True,synchronous,0.9999985305672231
56210.0,56219.8,True,synchronous,0.9999985305671991
56215.0,56224.8,True,synchronous,0.999998530567218
56220.0,56229.8,True,synchronous,0.999998530567218
56225.0,56234.8,True,synchronous,0.9999985305672231
56230.0,56239.8,True,synchronous,0.9999985305672231
56235.0,56244.8,True,synchronous,0.9999985172455809
56240.0,56249.8,True,synchronous,0.9999985305672231
56245.0,56254.8,True,synchronous,0.9999985305672231
56250.0,56259.8,True,synchronous,0.999998530567212
56255.0,56264.8,True,synchronous,0.9999985172455829
56260.0,56269.8,True,synchronous,0.999998530567218
56265.0,56274.8,True,synchronous,0.9999985305672093
56270.0,56279.8,True,synchronous,0.9999985305671991
56275.0,56284.8,True,synchronous,0.9999985305672147
56280.0,56289.8,True,synchronous,0.9999985288875165
56285.0,56294.8,True,synchronous,0.9999985288875165
56290.0,56299.8,True,synchronous,0.9999985305672231
56295.0,56304.8,True,synchronous,0.999998530567212
56300.0,56309.8,True,synchronous,0.9999985305672038
56305.0,56314.8,True,synchronous,0.9999985048187858
56310.0,56319.8,True,synchronous,0.9999985305672058
56315.0,56324.8,True,synchronous,0.9999985172455946
56320.0,56329.8,True,synchronous,0.9999985172455946
56325.0,56334.8,True,synchronous,0.9999985048187858
56330.0,56339.8,True,synchronous,0.999998530567212
56335.0,56344.8,True,synchronous,0.999998530567218
56340.0,56349.8,True,synchronous,0.999998530567212
56345.0,56354.8,True,synchronous,0.999998530567212
56350.0,56359.8,True,synchronous,0.9999985048187856
56355.0,56364.8,True,synchronous,0.9999985305672231
56360.0,56369.8,True,synchronous,0.9999985172455809
56365.0,56374.8,True,synchronous,0.9999985288875165
56370.0,56379.8,True,synchronous,0.999998530567218
56375.0,56384.8,True,synchronous,0.9999985305672231
56380.0,56389.8,True,synchronous,0.9999985288875165
56385.0,56394.8,True,synchronous,0.9999985305672231
56390.0,56399.8,True,synchronous,0.999998530567218
56395.0,56404.8,True,synchronous,0.999998530567212
56400.0,56409.8,True,synchronous,0.9999985172455809
56405.0,56414.8,True,synchronous,0.9999985288875165
56410.0,56419.8,True,synchronous,0.9999985172455829
56415.0,56424.8,True,synchronous,0.999998530567218
56420.0,56429.8,True,synchronous,0.9999985305672231
56425.0,56434.8,True,synchronous,0.9999985172455809
56430.0,56439.8,True,synchronous,0.999998530567218
56435.0,56444.8,True,synchronous,0.999998530567212
56440.0,56449.8,True,synchronous,0.999998530567212
56445.0,56454.8,True,synchronous,0.9999985305672042
56450.0,56459.8,True,synchronous,0.9999985305672058
56455.0,56464.8,True,synchronous,0.9999985305672058
56460.0,56469.8,True,synchronous,0.999998530567218
56465.0,56474.8,True,synchronous,0.9999985305672231
56470.0,56479.8,True,synchronous,0.9999985172455946
56475.0,56484.8,True,synchronous,0.9999985182970207
56480.0,56489.8,True,synchronous,0.9999985288875165
56485.0,56494.8,True,synchronous,0.999998530567218
56490.0,56499.8,True,synchronous,0.9999985305671991
56495.0,56504.8,True,synchronous,0.9999985048187856
56500.0,56509.8,True,synchronous,0.9999985305672058
56505.0,56514.8,True,synchronous,0.9999985305671991
56510.0,56519.8,True,synchronous,0.9999985305672058
56515.0,56524.8,True,synchronous,0.999998530567212
56520.0,56529.8,True,synchronous,0.9999985048187858
56525.0,56534.8,True,synchronous,0.999998530567218
56530.0,56539.8,True,synchronous,0.999998530567218
56535.0,56544.8,True,synchronous,0.999998530567218
56540.0,56549.8,True,synchronous,0.9999985305672233
56545.0,56554.8,True,synchronous,0.999998530567218
56550.0,56559.8,True,synchronous,0.9999985288875165
56555.0,56564.8,True,synchronous,0.9999985288875165
56560.0,56569.8,True,synchronous,0.9999985288875165
56565.0,56574.8,True,synchronous,0.9999985305672042
56570.0,56579.8,True,synchronous,0.999998530567212
56575.0,56584.8,True,synchronous,0.9999985288875165
56580.0,56589.8,True,synchronous,0.999998530567218
56585.0,56594.8,True,synchronous,0.9999985172455809
56590.0,56599.8,True,synchronous,0.9999985288875165
56595.0,56604.8,True,synchronous,0.999998530567218
56600.0,56609.8,True,synchronous,0.9999985172456224
56605.0,56614.8,True,synchronous,0.9999985172455809
56610.0,56619.8,True,synchronous,0.9999985305672231
56615.0,56624.8,True,synchronous,0.999998530567218
56620.0,56629.8,True,synchronous,0.9999985048187858
56625.0,56634.8,True,synchronous,0.9999985048187856
56630.0,56639.8,True,synchronous,0.9999985288875165
56635.0,56644.8,True,synchronous,0.9999985172455829
56640.0,56649.8,True,synchronous,0.9999985288875165
56645.0,56654.8,True,synchronous,0.9999985305672147
56650.0,56659.8,True,synchronous,0.9999985288875165
56655.0,56664.8,True,synchronous,0.999998530567218
56660.0,56669.8,True,synchronous,0.999998530567218
56665.0,56674.8,True,synchronous,0.9999985288875165
56670.0,56679.8,True,synchronous,0.999998530567218
56675.0,56684.8,True,synchronous,0.9999985288875165
56680.0,56689.8,True,synchronous,0.999998530567218
56685.0,56694.8,True,synchronous,0.999998530567218
56690.0,56699.8,True,synchronous,0.9999985288875165
56695.0,56704.8,True,synchronous,0.9999985305672147
56700.0,56709.8,True,synchronous,0.9999985305672147
56705.0,56714.8,True,synchronous,0.9999985172455946
56710.0,56719.8,True,synchronous,0.9999985172456224
56715.0,56724.8,True,synchronous,0.999998530567218
56720.0,56729.8,True,synchronous,0.9999985305672231
56725.0,56734.8,True,synchronous,0.9999985288875165
56730.0,56739.8,True,synchronous,0.9999985172455809
56735.0,56744.8,True,synchronous,0.9999985182970207
56740.0,56749.8,True,synchronous,0.9999985172455946
56745.0,56754.8,True,synchronous,0.9999985288875165
56750.0,56759.8,True,synchronous,0.999998530567218
56755.0,56764.8,True,synchronous,0.9999985288875165
56760.0,56769.8,True,synchronous,0.9999985288875165
56765.0,56774.8,True,synchronous,0.9999985288875165
56770.0,56779.8,True,synchronous,0.9999985305672231
56775.0,56784.8,True,synchronous,0.999998530567212
56780.0,56789.8,True,synchronous,0.999998530567212
56785.0,56794.8,True,synchronous,0.999998530567218
56790.0,56799.8,True,synchronous,0.9999985305672231
56795.0,56804.8,True,synchronous,0.9999985172455829
56800.0,56809.8,True,synchronous,0.9999985288875165
56805.0,56814.8,True,synchronous,0.9999985305672231
56810.0,56819.8,True,synchronous,0.9999985305672231
56815.0,56824.8,True,synchronous,0.999998530567218
56820.0,56829.8,True,synchronous,0.9999985288875165
56825.0,56834.8,True,synchronous,0.999998530567218
56830.0,56839.8,True,synchronous,0.9999985305672295
56835.0,56844.8,True,synchronous,0.999998530567212
56840.0,56849.8,True,synchronous,0.9999985288875165
56845.0,56854.8,True,synchronous,0.9999985288875165
56850.0,56859.8,True,synchronous,0.9999985305672231
56855.0,56864.8,True,synchronous,0.999998530567218
56860.0,56869.8,True,synchronous,0.9999985305672231
56865.0,56874.8,True,synchronous,0.9999985182970207
56870.0,56879.8,True,synchronous,0.9999985288875165
56875.0,56884.8,True,synchronous,0.9999985305672147
56880.0,56889.8,True,synchronous,0.9999985288875165
56885.0,56894.8,True,synchronous,0.9999985305672233
56890.0,56899.8,True,synchronous,0.9999985305672231
56895.0,56904.8,True,synchronous,0.9999985288875165
56900.0,56909.8,True,synchronous,0.9999985305672231
56905.0,56914.8,True,synchronous,0.9999985288875165
56910.0,56919.8,True,synchronous,0.999998530567218
56915.0,56924.8,True,synchronous,0.9999985305672231
56920.0,56929.8,True,synchronous,0.9999985288875165
56925.0,56934.8,True,synchronous,0.999998530567218
56930.0,56939.8,True,synchronous,0.999998530567212
56935.0,56944.8,True,synchronous,0.9999985305672058
56940.0,56949.8,True,synchronous,0.9999985305672093
56945.0,56954.8,True,synchronous,0.999998530567212
56950.0,56959.8,True,synchronous,0.9999985288875165
56955.0,56964.8,True,synchronous,0.999998530567218
56960.0,56969.8,True,synchronous,0.9999985305672147
56965.0,56974.8,True,synchronous,0.9999985288875165
56970.0,56979.8,True,synchronous,0.9999985305672233
56975.0,56984.8,True,synchronous,0.9999985305672231
56980.0,56989.8,True,synchronous,0.999998530567218
56985.0,56994.8,True,synchronous,0.999998530567212
56990.0,56999.8,True,synchronous,0.9999985288875165
56995.0,57004.8,True,synchronous,0.9999985182971841
57000.0,57009.8,True,synchronous,0.9999985182970207
57005.0,57014.8,True,synchronous,0.9999985172455946
57010.0,57019.8,True,synchronous,0.999998530567212
57015.0,57024.8,True,synchronous,0.999998530567212
57020.0,57029.8,True,synchronous,0.999998530567212
57025.0,57034.8,True,synchronous,0.9999985305672231
57030.0,57039.8,True,synchronous,0.9999985305672231
57035.0,57044.8,True,synchronous,0.9999985305672233
57040.0,57049.8,True,synchronous,0.9999985182970722
57045.0,57054.8,True,synchronous,0.9999985182970207
57050.0,57059.8,True,synchronous,0.9999985182970722
57055.0,57064.8,True,synchronous,0.9999985172455946
57060.0,57069.8,True,synchronous,0.9999985288875165
57065.0,57074.8,True,synchronous,0.999998530567218
57070.0,57079.8,True,synchronous,0.999998530567218
57075.0,57084.8,True,synchronous,0.9999985288875165
57080.0,57089.8,True,synchronous,0.9999985288875165
57085.0,57094.8,True,synchronous,0.9999985305672147
57090.0,57099.8,True,synchronous,0.9999985305672042
57095.0,57104.8,True,synchronous,0.9999985305672231
57100.0,57109.8,True,synchronous,0.9999985305672147
57105.0,57114.8,True,synchronous,0.999998530567218
57110.0,57119.8,True,synchronous,0.999998530567218
57115.0,57124.8,True,synchronous,0.9999985288875165
57120.0,57129.8,True,synchronous,0.9999985288875165
57125.0,57134.8,True,synchronous,0.9999985182970207
57130.0,57139.8,True,synchronous,0.9999985172455829
57135.0,57144.8,True,synchronous,0.999998530567212
57140.0,57149.8,True,synchronous,0.999998530567218
57145.0,57154.8,True,synchronous,0.999998530567212
57150.0,57159.8,True,synchronous,0.999998530567218
57155.0,57164.8,True,synchronous,0.999998530567218
57160.0,57169.8,True,synchronous,0.999998530567212
57165.0,57174.8,True,synchronous,0.9999985305671991
57170.0,57179.8,True,synchronous,0.9999985305671991
57175.0,57184.8,True,synchronous,0.999998530567218
57180.0,57189.8,True,synchronous,0.999998530567218
57185.0,57194.8,True,synchronous,0.999998530567218
57190.0,57199.8,True,synchronous,0.9999985305672058
57195.0,57204.8,True,synchronous,0.999998530567218
57200.0,57209.8,True,synchronous,0.9999985172455809
57205.0,57214.8,True,synchronous,0.9999985182970207
57210.0,57219.8,True,synchronous,0.9999985182970207
57215.0,57224.8,True,synchronous,0.9999985172456224
57220.0,57229.8,True,synchronous,0.9999985172455809
57225.0,57234.8,True,synchronous,0.999998530567212
57230.0,57239.8,True,synchronous,0.9999985288875165
57235.0,57244.8,True,synchronous,0.9999985288875165
57240.0,57249.8,True,synchronous,0.999998530567218
57245.0,57254.8,True,synchronous,0.999998530567218
57250.0,57259.8,True,synchronous,0.999998530567218
57255.0,57264.8,True,synchronous,0.9999985305672058
57260.0,57269.8,True,synchronous,0.999998530567218
57265.0,57274.8,True,synchronous,0.999998530567218
57270.0,57279.8,True,synchronous,0.999998530567212
57275.0,57284.8,True,synchronous,0.9999985288875165
57280.0,57289.8,True,synchronous,0.9999985288875165
57285.0,57294.8,True,synchronous,0.9999985305672042
57290.0,57299.8,True,synchronous,0.9999985004456347
57295.0,57304.8,True,synchronous,0.9999985305672058
57300.0,57309.8,True,synchronous,0.999998530567212
57305.0,57314.8,True,synchronous,0.999998530567212
57310.0,57319.8,True,synchronous,0.9999985305672231
57315.0,57324.8,True,synchronous,0.9999985305672231
57320.0,57329.8,True,synchronous,0.9999985305672058
57325.0,57334.8,True,synchronous,0.999998530567218
57330.0,57339.8,True,synchronous,0.9999985288875165
57335.0,57344.8,True,synchronous,0.9999985305672233
57340.0,57349.8,True,synchronous,0.9999985305672042
57345.0,57354.8,True,synchronous,0.9999985305671991
57350.0,57359.8,True,synchronous,0.9999985305671991
57355.0,57364.8,True,synchronous,0.9999985305671991
57360.0,57369.8,True,synchronous,0.9999985172455829
57365.0,57374.8,True,synchronous,0.999998530567218
57370.0,57379.8,True,synchronous,0.999998530567218
57375.0,57384.8,True,synchronous,0.9999985305672231
57380.0,57389.8,True,synchronous,0.9999985305672231
57385.0,57394.8,True,synchronous,0.999998530567218
57390.0,57399.8,True,synchronous,0.9999985305672147
57395.0,57404.8,True,synchronous,0.999998530567212
57400.0,57409.8,True,synchronous,0.9999985288875165
57405.0,57414.8,True,synchronous,0.9999985182970207
57410.0,57419.8,True,synchronous,0.999998530567212
57415.0,57424.8,True,synchronous,0.9999985305672147
57420.0,57429.8,True,synchronous,0.9999985288875165
57425.0,57434.8,True,synchronous,0.999998530567212
57430.0,57439.8,True,synchronous,0.9999985305672093
57435.0,57444.8,True,synchronous,0.9999985305672058
57440.0,57449.8,True,synchronous,0.9999985048187858
57445.0,57454.8,True,synchronous,0.9999985172455946
57450.0,57459.8,True,synchronous,0.9999985172455829
57455.0,57464.8,True,synchronous,0.999998530567218
57460.0,57469.8,True,synchronous,0.999998530567218
57465.0,57474.8,True,synchronous,0.9999985305672231
57470.0,57479.8,True,synchronous,0.9999985305672093
57475.0,57484.8,True,synchronous,0.9999985305671991
57480.0,57489.8,True,synchronous,0.999998530567218
57485.0,57494.8,True,synchronous,0.9999985288875165
57490.0,57499.8,True,synchronous,0.999998530567218
57495.0,57504.8,True,synchronous,0.9999985305672093
57500.0,57509.8,True,synchronous,0.9999985305672231
57505.0,57514.8,True,synchronous,0.999998530567218
57510.0,57519.8,True,synchronous,0.999998530567212
57515.0,57524.8,True,synchronous,0.9999985305672147
57520.0,57529.8,True,synchronous,0.9999985305672147
57525.0,57534.8,True,synchronous,0.9999985288875165
57530.0,57539.8,True,synchronous,0.9999985305672147
57535.0,57544.8,True,synchronous,0.9999985305672058
57540.0,57549.8,True,synchronous,0.9999985305672038
57545.0,57554.8,True,synchronous,0.999998530567212
57550.0,57559.8,True,synchronous,0.999998530567218
57555.0,57564.8,True,synchronous,0.9999985305672093
57560.0,57569.8,True,synchronous,0.9999985172455829
57565.0,57574.8,True,synchronous,0.9999985305672295
57570.0,57579.8,True,synchronous,0.9999985305672295
57575.0,57584.8,True,synchronous,0.999998530567212
57580.0,57589.8,True,synchronous,0.999998530567218
57585.0,57594.8,True,synchronous,0.999998530567212
57590.0,57599.8,True,synchronous,0.999998530567218
57595.0,57604.8,True,synchronous,0.9999985288875165
57600.0,57609.8,True,synchronous,0.9999985305672231
57605.0,57614.8,True,synchronous,0.9999985288875165
57610.0,57619.8,True,synchronous,0.999998530567218
57615.0,57624.8,True,synchronous,0.9999985305672147
57620.0,57629.8,True,synchronous,0.9999985048187856
57625.0,57634.8,True,synchronous,0.999998530567212
57630.0,57639.8,True,synchronous,0.9999985048187856
57635.0,57644.8,True,synchronous,0.9999985048187858
57640.0,57649.8,True,synchronous,0.9999985305672058
57645.0,57654.8,True,synchronous,0.9999985305672233
57650.0,57659.8,True,synchronous,0.9999985288875165
57655.0,57664.8,True,synchronous,0.9999985172455946
57660.0,57669.8,True,synchronous,0.9999985288875165
57665.0,57674.8,True,synchronous,0.9999985305672147
57670.0,57679.8,True,synchronous,0.999998530567212
57675.0,57684.8,True,synchronous,0.999998530567212
57680.0,57689.8,True,synchronous,0.999998530567218
57685.0,57694.8,True,synchronous,0.9999985172456224
57690.0,57699.8,True,synchronous,0.9999985172455829
57695.0,57704.8,True,synchronous,0.9999985305672233
57700.0,57709.8,True,synchronous,0.5476234249860841
57705.0,57714.8,True,synchronous,0.5231760586555337
57710.0,57719.8,True,synchronous,0.52250736004303
57715.0,57724.8,True,synchronous,0.5250043427228699
57720.0,57729.8,True,synchronous,0.5250043427228699
57725.0,57734.8,True,synchronous,0.5250043427228699
57730.0,57739.8,True,synchronous,0.5250043427672528
57735.0,57744.8,True,synchronous,0.5250043427228699
57740.0,57749.8,True,synchronous,0.5250043427228699
57745.0,57754.8,True,synchronous,0.5250045846435879
57750.0,57759.8,True,synchronous,0.5247477964668579
57755.0,57764.8,True,synchronous,0.5247477964668579
57760.0,57769.8,True,synchronous,0.5250043427672528
57765.0,57774.8,True,synchronous,0.52250736004303
57770.0,57779.8,True,synchronous,0.5250043427228699
57775.0,57784.8,True,synchronous,0.5250045856085218
57780.0,57789.8,True,synchronous,0.5229750650415063
57785.0,57794.8,True,synchronous,0.5247477964668579
57790.0,57799.8,True,synchronous,0.5250043407754182
57795.0,57804.8,True,synchronous,0.5250043417934314
57800.0,57809.8,True,synchronous,0.5250043427672528
57805.0,57814.8,True,synchronous,0.5250045845913586
57810.0,57819.8,True,synchronous,0.5250045846435879
57815.0,57824.8,True,synchronous,0.5250043427672528
57820.0,57829.8,True,synchronous,0.5225075906684324
57825.0,57834.8,True,synchronous,0.5229815869462278
57830.0,57839.8,True,synchronous,0.5250045856085218
57835.0,57844.8,True,synchronous,0.5250043432745073
57840.0,57849.8,True,synchronous,0.5250045838394504
57845.0,57854.8,True,synchronous,0.5250043432745073
57850.0,57859.8,True,synchronous,0.5250043414867879
57855.0,57864.8,True,synchronous,0.5250045838394504
57860.0,57869.8,True,synchronous,0.5250045845913586
57865.0,57874.8,True,synchronous,0.5250043427228699
57870.0,57879.8,True,synchronous,0.5250043407754182
57875.0,57884.8,True,synchronous,0.5229750668520667
57880.0,57889.8,True,synchronous,0.5250045856085218
57885.0,57894.8,True,synchronous,0.5247477964668579
57890.0,57899.8,True,synchronous,0.5247477964668579
57895.0,57904.8,True,synchronous,0.5250043427228699
57900.0,57909.8,True,synchronous,0.5250043427228699
57905.0,57914.8,True,synchronous,0.5250045725096638
57910.0,57919.8,True,synchronous,0.5250043417934314
57915.0,57924.8,True,synchronous,0.5250043407754182
57920.0,57929.8,True,synchronous,0.5250045845913586
57925.0,57934.8,True,synchronous,0.5229750647562481
57930.0,57939.8,True,synchronous,0.5229815869462278
57935.0,57944.8,True,synchronous,0.5247477964668579
57940.0,57949.8,True,synchronous,0.5229750668520667
57945.0,57954.8,True,synchronous,0.524747796459077
57950.0,57959.8,True,synchronous,0.5250045838394504
57955.0,57964.8,True,synchronous,0.5250043427228699
57960.0,57969.8,True,synchronous,0.5250043427228699
57965.0,57974.8,True,synchronous,0.5250045845913586
57970.0,57979.8,True,synchronous,0.5247477964668579
57975.0,57984.8,True,synchronous,0.5247477964668579
57980.0,57989.8,True,synchronous,0.5250045845913586
57985.0,57994.8,True,synchronous,0.5247477964668579
57990.0,57999.8,True,synchronous,0.5229750647562481
57995.0,58004.8,True,synchronous,0.5247477964668579
58000.0,58009.8,True,synchronous,0.5250043427672528
58005.0,58014.8,True,synchronous,0.5250045845913586
58010.0,58019.8,True,synchronous,0.5229750668520667
58015.0,58024.8,True,synchronous,0.5229750668520667
58020.0,58029.8,True,synchronous,0.5250043432745073
58025.0,58034.8,True,synchronous,0.5250043427228699
58030.0,58039.8,True,synchronous,0.5250045838394504
58035.0,58044.8,True,synchronous,0.5250043432745073
58040.0,58049.8,True,synchronous,0.5247477964668579
58045.0,58054.8,True,synchronous,0.5247477964668579
58050.0,58059.8,True,synchronous,0.5229750668520667
58055.0,58064.8,True,synchronous,0.5229815869462278
58060.0,58069.8,True,synchronous,0.5247477964668579
58065.0,58074.8,True,synchronous,0.5250045739907404
58070.0,58079.8,True,synchronous,0.5250043427672528
58075.0,58084.8,True,synchronous,0.5225073600324606
58080.0,58089.8,True,synchronous,0.5250043427672528
58085.0,58094.8,True,synchronous,0.5229750650415063
58090.0,58099.8,True,synchronous,0.5229750650415063
58095.0,58104.8,True,synchronous,0.5250043432745073
58100.0,58109.8,True,synchronous,0.5250043427228699
58105.0,58114.8,True,synchronous,0.5229750647562481
58110.0,58119.8,True,synchronous,0.5247477964668579
58115.0,58124.8,True,synchronous,0.5250043417934314
58120.0,58129.8,True,synchronous,0.5250043432745073
58125.0,58134.8,True,synchronous,0.5229815950618252
58130.0,58139.8,True,synchronous,0.5229816145670256
58135.0,58144.8,True,synchronous,0.5229750650415063
58140.0,58149.8,True,synchronous,0.5229750668520667
58145.0,58154.8,True,synchronous,0.5250045734391023
58150.0,58159.8,True,synchronous,0.5250045856085218
58155.0,58164.8,True,synchronous,0.5250045838394504
58160.0,58169.8,True,synchronous,0.5250043432745073
58165.0,58174.8,True,synchronous,0.5250045838394504
58170.0,58179.8,True,synchronous,0.5250045845913586
58175.0,58184.8,True,synchronous,0.5250043423126579
58180.0,58189.8,True,synchronous,0.5250043407754182
58185.0,58194.8,True,synchronous,0.5250043417934314
58190.0,58199.8,True,synchronous,0.5247477964668579
58195.0,58204.8,True,synchronous,0.5247477964668579
58200.0,58209.8,True,synchronous,0.5250043407754182
58205.0,58214.8,True,synchronous,0.5250043407754182
58210.0,58219.8,True,synchronous,0.5250043427228699
58215.0,58224.8,True,synchronous,0.5250045845913586
58220.0,58229.8,True,synchronous,0.5247477964668579
58225.0,58234.8,True,synchronous,0.5229750647562481
58230.0,58239.8,True,synchronous,0.5250045845913586
58235.0,58244.8,True,synchronous,0.5250045845913586
58240.0,58249.8,True,synchronous,0.5247477964668579
58245.0,58254.8,True,synchronous,0.5247477964668579
58250.0,58259.8,True,synchronous,0.5247477964668579
58255.0,58264.8,True,synchronous,0.5250043427672528
58260.0,58269.8,True,synchronous,0.5250043427672528
58265.0,58274.8,True,synchronous,0.5250045845913586
58270.0,58279.8,True,synchronous,0.5247477964668579
58275.0,58284.8,True,synchronous,0.5250043417934314
58280.0,58289.8,True,synchronous,0.5250043427228699
58285.0,58294.8,True,synchronous,0.5250043427672528
58290.0,58299.8,True,synchronous,0.5250045838394504
58295.0,58304.8,True,synchronous,0.5250043427228699
58300.0,58309.8,True,synchronous,0.5250045838394504
58305.0,58314.8,True,synchronous,0.5250043427672528
58310.0,58319.8,True,synchronous,0.5247477964668579
58315.0,58324.8,True,synchronous,0.5229750710385426
58320.0,58329.8,True,synchronous,0.5247477964668579
58325.0,58334.8,True,synchronous,0.5250045838394504
58330.0,58339.8,True,synchronous,0.5250045845913586
58335.0,58344.8,True,synchronous,0.52250736004303
58340.0,58349.8,True,synchronous,0.5250045856085218
58345.0,58354.8,True,synchronous,0.5229750710308143
58350.0,58359.8,True,synchronous,0.5229815869462278
58355.0,58364.8,True,synchronous,0.5229750647562481
58360.0,58369.8,True,synchronous,0.5229750647562481
58365.0,58374.8,True,synchronous,0.5247477963907036
58370.0,58379.8,True,synchronous,0.5232634812499664
58375.0,58384.8,True,synchronous,0.9999984399795766
58380.0,58389.8,True,synchronous,0.9999984399795828
58385.0,58394.8,True,synchronous,0.999998439980982
58390.0,58399.8,True,synchronous,0.9999984383622709
58395.0,58404.8,True,synchronous,0.9999984383622709
58400.0,58409.8,True,synchronous,0.9999984399795828
58405.0,58414.8,True,synchronous,0.9999984399795826
58410.0,58419.8,True,synchronous,0.9999984383636704
58415.0,58424.8,True,synchronous,0.999998428165118
58420.0,58429.8,True,synchronous,0.9999984271527316
58425.0,58434.8,True,synchronous,0.9999984122252131
58430.0,58439.8,True,synchronous,0.9999984383622709
58435.0,58444.8,True,synchronous,0.9999984271527298
58440.0,58449.8,True,synchronous,0.9999984271527698
58445.0,58454.8,True,synchronous,0.9999984271527316
58450.0,58459.8,True,synchronous,0.999998439979591
58455.0,58464.8,True,synchronous,0.9999984399795864
58460.0,58469.8,True,synchronous,0.9999984399795864
58465.0,58474.8,True,synchronous,0.9999984399795864
58470.0,58479.8,True,synchronous,0.9999984399795828
58475.0,58484.8,True,synchronous,0.9999984271527316
58480.0,58489.8,True,synchronous,0.9999984399809905
58485.0,58494.8,True,synchronous,0.9999984399795766
58490.0,58499.8,True,synchronous,0.9999984122252134
58495.0,58504.8,True,synchronous,0.9999984399795746
58500.0,58509.8,True,synchronous,0.9999984399795826
58505.0,58514.8,True,synchronous,0.9999984399809823
58510.0,58519.8,True,synchronous,0.9999984383622709
58515.0,58524.8,True,synchronous,0.999998428165118
58520.0,58529.8,True,synchronous,0.9999984281651677
58525.0,58534.8,True,synchronous,0.9999984271527298
58530.0,58539.8,True,synchronous,0.9999984383622709
58535.0,58544.8,True,synchronous,0.9999984399795766
58540.0,58549.8,True,synchronous,0.9999984399795828
58545.0,58554.8,True,synchronous,0.9999984399795864
58550.0,58559.8,True,synchronous,0.9999984399795859
58555.0,58564.8,True,synchronous,0.9999984399795826
58560.0,58569.8,True,synchronous,0.9999984399795766
58565.0,58574.8,True,synchronous,0.9999984399795826
58570.0,58579.8,True,synchronous,0.9999984383622709
58575.0,58584.8,True,synchronous,0.9999984399795859
58580.0,58589.8,True,synchronous,0.999998439979591
58585.0,58594.8,True,synchronous,0.9999984399795864
58590.0,58599.8,True,synchronous,0.999998428165118
58595.0,58604.8,True,synchronous,0.9999984281651677
58600.0,58609.8,True,synchronous,0.9999984383622709
58605.0,58614.8,True,synchronous,0.9999984383622709
58610.0,58619.8,True,synchronous,0.9999984399795864
58615.0,58624.8,True,synchronous,0.9999984399795864
58620.0,58629.8,True,synchronous,0.9999984399795864
58625.0,58634.8,True,synchronous,0.9999984399795826
58630.0,58639.8,True,synchronous,0.9999984399795826
58635.0,58644.8,True,synchronous,0.999998428165118
58640.0,58649.8,True,synchronous,0.9999984281651677
58645.0,58654.8,True,synchronous,0.9999984422749859
58650.0,58659.8,True,synchronous,0.9999984281665175
58655.0,58664.8,True,synchronous,0.9999984383622709
58660.0,58669.8,True,synchronous,0.9999984271527316
58665.0,58674.8,True,synchronous,0.999998439979591
58670.0,58679.8,True,synchronous,0.9999984399795859
58675.0,58684.8,True,synchronous,0.999998439980974
58680.0,58689.8,True,synchronous,0.9999984399795826
58685.0,58694.8,True,synchronous,0.9999984399795753
58690.0,58699.8,True,synchronous,0.9999984271527431
58695.0,58704.8,True,synchronous,0.999998428165118
58700.0,58709.8,True,synchronous,0.9999984271527298
58705.0,58714.8,True,synchronous,0.9999984399795864
58710.0,58719.8,True,synchronous,0.9999984271527316
58715.0,58724.8,True,synchronous,0.9999984383622709
58720.0,58729.8,True,synchronous,0.999998439979591
58725.0,58734.8,True,synchronous,0.9999984399795864
58730.0,58739.8,True,synchronous,0.9999984399795826
58735.0,58744.8,True,synchronous,0.9999984399795766
58740.0,58749.8,True,synchronous,0.9999984383636704
58745.0,58754.8,True,synchronous,0.9999984271527316
58750.0,58759.8,True,synchronous,0.9999984399795826
58755.0,58764.8,True,synchronous,0.999998439979591
58760.0,58769.8,True,synchronous,0.9999984399795828
58765.0,58774.8,True,synchronous,0.9999984399795864
58770.0,58779.8,True,synchronous,0.9999984399809905
58775.0,58784.8,True,synchronous,0.9999984281665673
58780.0,58789.8,True,synchronous,0.999998428165118
58785.0,58794.8,True,synchronous,0.9999984271527298
58790.0,58799.8,True,synchronous,0.9999984399795826
58795.0,58804.8,True,synchronous,0.999998439979591
58800.0,58809.8,True,synchronous,0.9999984383622709
58805.0,58814.8,True,synchronous,0.9999984271527698
58810.0,58819.8,True,synchronous,0.999998439979591
58815.0,58824.8,True,synchronous,0.9999984399795864
58820.0,58829.8,True,synchronous,0.9999984399795859
58825.0,58834.8,True,synchronous,0.9999984399795864
58830.0,58839.8,True,synchronous,0.9999984399795859
58835.0,58844.8,True,synchronous,0.9999984399795826
58840.0,58849.8,True,synchronous,0.999998428165118
58845.0,58854.8,True,synchronous,0.999998428165118
58850.0,58859.8,True,synchronous,0.9999984383622709
58855.0,58864.8,True,synchronous,0.9999984399795975
58860.0,58869.8,True,synchronous,0.999998439980974
58865.0,58874.8,True,synchronous,0.9999984122266349
58870.0,58879.8,True,synchronous,0.9999984271527431
58875.0,58884.8,True,synchronous,0.9999984383622709
58880.0,58889.8,True,synchronous,0.9999984399795975
58885.0,58894.8,True,synchronous,0.9999984399795702
58890.0,58899.8,True,synchronous,0.9999984399795826
58895.0,58904.8,True,synchronous,0.9999984399795828
58900.0,58909.8,True,synchronous,0.9999984383622709
58905.0,58914.8,True,synchronous,0.9999984399795702
58910.0,58919.8,True,synchronous,0.9999984399795702
58915.0,58924.8,True,synchronous,0.9999984383636704
58920.0,58929.8,True,synchronous,0.9999984383622709
58925.0,58934.8,True,synchronous,0.9999984399795826
58930.0,58939.8,True,synchronous,0.999998439979591
58935.0,58944.8,True,synchronous,0.9999984271527431
58940.0,58949.8,True,synchronous,0.9999984271527298
58945.0,58954.8,True,synchronous,0.9999984399795864
58950.0,58959.8,True,synchronous,0.9999984399795826
58955.0,58964.8,True,synchronous,0.9999984122252131
58960.0,58969.8,True,synchronous,0.9999984383622709
58965.0,58974.8,True,synchronous,0.9999984399795859
58970.0,58979.8,True,synchronous,0.9999984399795753
58975.0,58984.8,True,synchronous,0.9999984383622709
58980.0,58989.8,True,synchronous,0.9999984399809854
58985.0,58994.8,True,synchronous,0.9999984383622709
58990.0,58999.8,True,synchronous,0.9999984399795828
58995.0,59004.8,True,synchronous,0.9999984399795826
59000.0,59009.8,True,synchronous,0.999998439979591
59005.0,59014.8,True,synchronous,0.9999984399795864
59010.0,59019.8,True,synchronous,0.9999984399795826
59015.0,59024.8,True,synchronous,0.999998439979591
59020.0,59029.8,True,synchronous,0.9999984399795702
59025.0,59034.8,True,synchronous,0.9999984399795826
59030.0,59039.8,True,synchronous,0.999998439979591
59035.0,59044.8,True,synchronous,0.9999984383622709
59040.0,59049.8,True,synchronous,0.9999984383622709
59045.0,59054.8,True,synchronous,0.9999984383622709
59050.0,59059.8,True,synchronous,0.9999984399795864
59055.0,59064.8,True,synchronous,0.9999984399795828
59060.0,59069.8,True,synchronous,0.9999984399795826
59065.0,59074.8,True,synchronous,0.999998428165118
59070.0,59079.8,True,synchronous,0.9999984271527698
59075.0,59084.8,True,synchronous,0.9999984383622709
59080.0,59089.8,True,synchronous,0.9999984383622709
59085.0,59094.8,True,synchronous,0.999998439979591
59090.0,59099.8,True,synchronous,0.9999984399795915
59095.0,59104.8,True,synchronous,0.9999984399795826
59100.0,59109.8,True,synchronous,0.9999984399795826
59105.0,59114.8,True,synchronous,0.9999984399795702
59110.0,59119.8,True,synchronous,0.9999984399795864
59115.0,59124.8,True,synchronous,0.9999984399795859
59120.0,59129.8,True,synchronous,0.9999984122266349
59125.0,59134.8,True,synchronous,0.9999984399795826
59130.0,59139.8,True,synchronous,0.9999984399795799
59135.0,59144.8,True,synchronous,0.9999984122252131
59140.0,59149.8,True,synchronous,0.9999984399795746
59145.0,59154.8,True,synchronous,0.9999984399795864
59150.0,59159.8,True,synchronous,0.9999984399795864
59155.0,59164.8,True,synchronous,0.9999984122252131
59160.0,59169.8,True,synchronous,0.9999984281602521
59165.0,59174.8,True,synchronous,0.9999985182910839
59170.0,59179.8,True,synchronous,0.9999985305672231
59175.0,59184.8,True,synchronous,0.9999985305672231
59180.0,59189.8,True,synchronous,0.9999985305671991
59185.0,59194.8,True,synchronous,0.9999985305671991
59190.0,59199.8,True,synchronous,0.999998530567212
59195.0,59204.8,True,synchronous,0.9999985305672147
59200.0,59209.8,True,synchronous,0.999998530567218
59205.0,59214.8,True,synchronous,0.999998530567218
59210.0,59219.8,True,synchronous,0.999998530567218
59215.0,59224.8,True,synchronous,0.999998530567218
59220.0,59229.8,True,synchronous,0.999998530567212
59225.0,59234.8,True,synchronous,0.9999985305672058
59230.0,59239.8,True,synchronous,0.999998530567212
59235.0,59244.8,True,synchronous,0.9999979638682985
59240.0,59249.8,True,synchronous,0.9999721431654096
59245.0,59254.8,True,pv,0.9991118516081275
59250.0,59259.8,True,pv,0.9991203094035662
59255.0,59264.8,True,pv,0.9991203094035662
59260.0,59269.8,True,pv,0.9991118516083782
59265.0,59274.8,True,pv,0.9991118516083789
59270.0,59279.8,True,pv,0.99911185089238
59275.0,59284.8,True,pv,0.9991118515180717
59280.0,59289.8,True,pv,0.9991118508923811
59285.0,59294.8,True,pv,0.9991118516083785
59290.0,59299.8,True,pv,0.9991118516083782
59295.0,59304.8,True,pv,0.9991118515180717
59300.0,59309.8,True,pv,0.9991118515180717
59305.0,59314.8,True,pv,0.9991118516081271
59310.0,59319.8,True,pv,0.9991203094035662
59315.0,59324.8,True,pv,0.999111850892386
59320.0,59329.8,True,pv,0.999111850892382
59325.0,59334.8,True,pv,0.9991118508923811
59330.0,59339.8,True,pv,0.9991118516081267
59335.0,59344.8,True,pv,0.9991118516081267
59340.0,59349.8,True,pv,0.9991118516081271
59345.0,59354.8,True,pv,0.9991118515180717
59350.0,59359.8,True,pv,0.9991118516083785
59355.0,59364.8,True,pv,0.9991118516083782
59360.0,59369.8,True,pv,0.9991118516081269
59365.0,59374.8,True,pv,0.9991118516081273
59370.0,59379.8,True,pv,0.9991118516081269
59375.0,59384.8,True,pv,0.99911185089238
59380.0,59389.8,True,pv,0.9991118515180717
59385.0,59394.8,True,pv,0.9991118515180717
59390.0,59399.8,True,pv,0.9991118516081271
59395.0,59404.8,True,pv,0.9991118516081271
59400.0,59409.8,True,pv,0.9991203094035662
59405.0,59414.8,True,pv,0.9991118516081267
59410.0,59419.8,True,pv,0.99911185089238
59415.0,59424.8,True,pv,0.999111850892386
59420.0,59429.8,True,pv,0.9991118508923811
59425.0,59434.8,True,pv,0.9991118516083782
59430.0,59439.8,True,pv,0.9991118516083782
59435.0,59444.8,True,pv,0.9991118516081273
59440.0,59449.8,True,pv,0.9991118516081271
59445.0,59454.8,True,pv,0.9991203094035662
59450.0,59459.8,True,pv,0.9991118516081271
59455.0,59464.8,True,pv,0.9991118516081271
59460.0,59469.8,True,pv,0.9991203094035662
59465.0,59474.8,True,pv,0.9991203093973355
59470.0,59479.8,True,pv,0.9991118516081269
59475.0,59484.8,True,pv,0.9991118516083782
59480.0,59489.8,True,pv,0.9991118516081275
59485.0,59494.8,True,pv,0.99911185089238
59490.0,59499.8,True,pv,0.9991118508923811
59495.0,59504.8,True,pv,0.9991118516081275
59500.0,59509.8,True,pv,0.9991118516081271
59505.0,59514.8,True,pv,0.9991118516081267
59510.0,59519.8,True,pv,0.9991118515180717
59515.0,59524.8,True,pv,0.9991118515180717
59520.0,59529.8,True,pv,0.9991203094035662
59525.0,59534.8,True,pv,0.9991118516081271
59530.0,59539.8,True,pv,0.9991118516083782
59535.0,59544.8,True,pv,0.9991118516083785
59540.0,59549.8,True,pv,0.9991118516083789
59545.0,59554.8,True,pv,0.9991118516081273
59550.0,59559.8,True,pv,0.9991118516081273
59555.0,59564.8,True,pv,0.9991118508923793
59560.0,59569.8,True,pv,0.99911185089238
59565.0,59574.8,True,pv,0.9991118516081271
59570.0,59579.8,True,pv,0.9991118515180717
59575.0,59584.8,True,pv,0.9991118508923793
59580.0,59589.8,True,pv,0.9991118515180717
59585.0,59594.8,True,pv,0.9991118516081267
59590.0,59599.8,True,pv,0.9991118516081269
59595.0,59604.8,True,pv,0.9991118516081271
59600.0,59609.8,True,pv,0.9991118516081273
59605.0,59614.8,True,pv,0.9991118516083782
59610.0,59619.8,True,pv,0.9991118515180717
59615.0,59624.8,True,pv,0.9991118516083785
59620.0,59629.8,True,pv,0.9991118516083785
59625.0,59634.8,True,pv,0.9991118508923795
59630.0,59639.8,True,pv,0.9991118516081271
59635.0,59644.8,True,pv,0.9991118516081269
59640.0,59649.8,True,pv,0.9991118516081275
59645.0,59654.8,True,pv,0.9991118515180717
59650.0,59659.8,True,pv,0.9991118515180717
59655.0,59664.8,True,pv,0.9991118516083782
59660.0,59669.8,True,pv,0.9991118516081275
59665.0,59674.8,True,pv,0.9991118516081271
59670.0,59679.8,True,pv,0.999111850892386
59675.0,59684.8,True,pv,0.999111850892386
59680.0,59689.8,True,pv,0.9991118516083785
59685.0,59694.8,True,pv,0.9991118516083785
59690.0,59699.8,True,pv,0.9991118516081275
59695.0,59704.8,True,pv,0.9991118516081271
59700.0,59709.8,True,pv,0.9991118516083782
59705.0,59714.8,True,pv,0.9991118516083782
59710.0,59719.8,True,pv,0.9991118516081273
59715.0,59724.8,True,pv,0.9991203094035662
59720.0,59729.8,True,pv,0.9991203094035662
59725.0,59734.8,True,pv,0.9991118515180717
59730.0,59739.8,True,pv,0.9991118516083785
59735.0,59744.8,True,pv,0.9991118516083785
59740.0,59749.8,True,synchronous,0.9999724503876012
59745.0,59754.8,True,pv,0.9991118516081271
59750.0,59759.8,True,pv,0.9991118516081273
59755.0,59764.8,True,pv,0.9991118516083785
59760.0,59769.8,True,pv,0.9991118515180717
59765.0,59774.8,True,pv,0.9991118508923793
59770.0,59779.8,True,pv,0.999111850892386
59775.0,59784.8,True,pv,0.9991118515180717
59780.0,59789.8,True,pv,0.9991118508923793
59785.0,59794.8,True,pv,0.9991118515180717
59790.0,59799.8,True,pv,0.9991118516083785
59795.0,59804.8,True,pv,0.9991118515180717
59800.0,59809.8,True,pv,0.9991118516081269
59805.0,59814.8,True,pv,0.9991118516083785
59810.0,59819.8,True,pv,0.9991118516083785
59815.0,59824.8,True,pv,0.9991118516083785
59820.0,59829.8,True,pv,0.9991118516081275
59825.0,59834.8,True,pv,0.9991118516081271
59830.0,59839.8,True,pv,0.9991118516081271
59835.0,59844.8,True,pv,0.9991118516081269
59840.0,59849.8,True,pv,0.9991118516083785
59845.0,59854.8,True,pv,0.9991118515180717
59850.0,59859.8,True,pv,0.9991118516081267
59855.0,59864.8,True,pv,0.9991118516081267
59860.0,59869.8,True,pv,0.9991118516081271
59865.0,59874.8,True,pv,0.9991118515180717
59870.0,59879.8,True,pv,0.9991118515180717
59875.0,59884.8,True,pv,0.9991118516081273
59880.0,59889.8,True,pv,0.9991118516083785
59885.0,59894.8,True,pv,0.9991118516081275
59890.0,59899.8,True,pv,0.9991118516081275
59895.0,59904.8,True,pv,0.9991118516083785
59900.0,59909.8,True,pv,0.9991118516083787
59905.0,59914.8,True,pv,0.9991118516083787
59910.0,59919.8,True,pv,0.9991118515180721
59915.0,59924.8,True,pv,0.9991118516083787
59920.0,59929.8,True,pv,0.9991118508923864
59925.0,59934.8,True,pv,0.9991118508923786
59930.0,59939.8,True,pv,0.9991118515180721
59935.0,59944.8,True,pv,0.9991118516083793
59940.0,59949.8,True,pv,0.9991118516083785
59945.0,59954.8,True,pv,0.9991118516083787
59950.0,59959.8,True,pv,0.9991203094035664
59955.0,59964.8,True,pv,0.9991118516083785
59960.0,59969.8,True,pv,0.9991118516081275
59965.0,59974.8,True,pv,0.9991118516081278
59970.0,59979.8,True,pv,0.9991118516081275
59975.0,59984.8,True,pv,0.9991203094035664
59980.0,59989.8,True,pv,0.9991203094035664
59985.0,59994.8,True,pv,0.9991118516081271
59990.0,59999.8,True,pv,0.9991118516081271
59995.0,60004.8,True,pv,0.9991118516083787
60000.0,60009.8,True,pv,0.9991118516083787
60005.0,60014.8,True,pv,0.9991118516081275
60010.0,60019.8,True,pv,0.9991118516083785
60015.0,60024.8,True,pv,0.9991118516083785
60020.0,60029.8,True,pv,0.9991118516081278
60025.0,60034.8,True,pv,0.9991118516083793
60030.0,60039.8,True,pv,0.9991118515180721
60035.0,60044.8,True,pv,0.9991118508923797
60040.0,60049.8,True,pv,0.9991118508923802
60045.0,60054.8,True,pv,0.9991118516083787
60050.0,60059.8,True,pv,0.9991118516083789
60055.0,60064.8,True,pv,0.9991118516081278
60060.0,60069.8,True,pv,0.9991118516083785
60065.0,60074.8,True,pv,0.9991118516081275
60070.0,60079.8,True,pv,0.9991118516081275
60075.0,60084.8,True,pv,0.9991203094035664
60080.0,60089.8,True,pv,0.9991118516081271
60085.0,60094.8,True,pv,0.9991118516081271
60090.0,60099.8,True,pv,0.9991118516081273
60095.0,60104.8,True,pv,0.9991118516083787
60100.0,60109.8,True,pv,0.9991118516083793
60105.0,60114.8,True,pv,0.9991118516083785
60110.0,60119.8,True,pv,0.9991118516081278
60115.0,60124.8,True,pv,0.9991118516083785
60120.0,60129.8,True,pv,0.9991118516083787
60125.0,60134.8,True,pv,0.9991118516081271
60130.0,60139.8,True,pv,0.9991118516081271
60135.0,60144.8,True,pv,0.9991118516081275
60140.0,60149.8,True,pv,0.9991118516081271
60145.0,60154.8,True,pv,0.9991203093964872
60150.0,60159.8,True,pv,0.9991203094035664
60155.0,60164.8,True,pv,0.9991118516081271
60160.0,60169.8,True,pv,0.9991118516081275
60165.0,60174.8,True,pv,0.9991118516081275
60170.0,60179.8,True,pv,0.9991118515180721
60175.0,60184.8,True,pv,0.9991118515180721
60180.0,60189.8,True,pv,0.9991118516081275
60185.0,60194.8,True,pv,0.9991118516081275
60190.0,60199.8,True,pv,0.9991118516083789
60195.0,60204.8,True,pv,0.9991118516083785
60200.0,60209.8,True,pv,0.9991118516083787
60205.0,60214.8,True,pv,0.9991118508923802
60210.0,60219.8,True,synchronous,0.9999721561162239
60215.0,60224.8,True,pv,0.9991118516081271
60220.0,60229.8,True,pv,0.9991118516081271
60225.0,60234.8,True,pv,0.9991118515180721
60230.0,60239.8,True,pv,0.9991118516083787
60235.0,60244.8,True,pv,0.9991118515180721
60240.0,60249.8,True,pv,0.9991203094035664
60245.0,60254.8,True,pv,0.9991118516081275
60250.0,60259.8,True,pv,0.9991118516081275
60255.0,60264.8,True,pv,0.9991118516081271
60260.0,60269.8,True,pv,0.9991118516081275
60265.0,60274.8,True,pv,0.9991118515180721
60270.0,60279.8,True,pv,0.9991118516083785
60275.0,60284.8,True,pv,0.9991118516083785
60280.0,60289.8,True,pv,0.9991118516083785
60285.0,60294.8,True,pv,0.9991203094035664
60290.0,60299.8,True,synchronous,0.9999721561162239
60295.0,60304.8,True,pv,0.9991203094035664
60300.0,60309.8,True,pv,0.9991118516081273
60305.0,60314.8,True,pv,0.9991118516081278
60310.0,60319.8,True,pv,0.9991118515180721
60315.0,60324.8,True,pv,0.9991118516083787
60320.0,60329.8,True,pv,0.9991118516083787
60325.0,60334.8,True,pv,0.9991118516081275
60330.0,60339.8,True,pv,0.9991118508923797
60335.0,60344.8,True,pv,0.9991118516083776
60340.0,60349.8,True,pv,0.9991118516083793
60345.0,60354.8,True,pv,0.9991118516081271
60350.0,60359.8,True,pv,0.9991118516081271
60355.0,60364.8,True,pv,0.9991203094035664
60360.0,60369.8,True,pv,0.9991203093973358
60365.0,60374.8,True,pv,0.9991118516081275
60370.0,60379.8,True,pv,0.9991118516083785
60375.0,60384.8,True,pv,0.9991118516081275
60380.0,60389.8,True,pv,0.9991118516083785
60385.0,60394.8,True,pv,0.9991118516083785
60390.0,60399.8,True,pv,0.9991118516081273
60395.0,60404.8,True,pv,0.9991118516081278
60400.0,60409.8,True,pv,0.9991118516083787
60405.0,60414.8,True,pv,0.9991118516081275
60410.0,60419.8,True,pv,0.9991118515180721
60415.0,60424.8,True,pv,0.9991118515180721
60420.0,60429.8,True,pv,0.9991118516083787
60425.0,60434.8,True,pv,0.9991118516083785
60430.0,60439.8,True,synchronous,0.9999721669362609
60435.0,60444.8,True,pv,0.9991118508923797
60440.0,60449.8,True,pv,0.9999998455261226
60445.0,60454.8,True,pv,0.9999998452157239
60450.0,60459.8,True,pv,0.999999845958284
60455.0,60464.8,True,pv,0.9999998459582844
60460.0,60469.8,True,pv,0.9999998458646955
60465.0,60474.8,True,pv,0.999999845958369
60470.0,60479.8,True,pv,0.999999845958369
60475.0,60484.8,True,pv,0.9999998459582835
60480.0,60489.8,True,pv,0.9999998459582835
60485.0,60494.8,True,pv,0.9999998468124841
60490.0,60499.8,True,pv,0.9999998459582835
60495.0,60504.8,True,pv,0.9999998459582844
60500.0,60509.8,True,pv,0.9999998459582842
60505.0,60514.8,True,pv,0.9999998459583692
60510.0,60519.8,True,pv,0.9999998459582835
60515.0,60524.8,True,pv,0.9999998459582842
60520.0,60529.8,True,pv,0.999999845958284
60525.0,60534.8,True,pv,0.9999998452156706
60530.0,60539.8,True,pv,0.9999998452156766
60535.0,60544.8,True,pv,0.9999998459582833
60540.0,60549.8,True,pv,0.999999845958284
60545.0,60554.8,True,pv,0.9999998459582846
60550.0,60559.8,True,pv,0.9999998468124841
60555.0,60564.8,True,pv,0.9999998459582842
60560.0,60569.8,True,pv,0.9999998459582837
60565.0,60574.8,True,pv,0.9999998459582837
60570.0,60579.8,True,pv,0.9999998459582837
60575.0,60584.8,True,pv,0.9999998459582842
60580.0,60589.8,True,pv,0.9999998468025898
60585.0,60594.8,True,pv,0.9999998468124843
60590.0,60599.8,True,pv,0.9999998459582835
60595.0,60604.8,True,pv,0.9999998459582837
60600.0,60609.8,True,pv,0.9999998459582837
60605.0,60614.8,True,pv,0.9999998459582835
60610.0,60619.8,True,pv,0.9999998452156695
60615.0,60624.8,True,pv,0.9999998459583692
60620.0,60629.8,True,pv,0.9999998459583692
60625.0,60634.8,True,pv,0.9999998459583692
60630.0,60639.8,True,pv,0.9999998459582842
60635.0,60644.8,True,pv,0.9999998468124841
60640.0,60649.8,True,pv,0.9999998459582833
60645.0,60654.8,True,pv,0.9999998459583692
60650.0,60659.8,True,pv,0.9999998459582846
60655.0,60664.8,True,pv,0.9999998459583692
60660.0,60669.8,True,pv,0.9999998458646955
60665.0,60674.8,True,pv,0.9999998459582842
60670.0,60679.8,True,pv,0.999999845958369
60675.0,60684.8,True,pv,0.9999998459582844
60680.0,60689.8,True,pv,0.9999998459582844
60685.0,60694.8,True,pv,0.9999998452097749
60690.0,60699.8,True,pv,0.9999998452097749
60695.0,60704.8,True,pv,0.9999998452156706
60700.0,60709.8,True,pv,0.9999998459583692
60705.0,60714.8,True,pv,0.9999998459583692
60710.0,60719.8,True,pv,0.999999845958369
60715.0,60724.8,True,pv,0.999999845958369
60720.0,60729.8,True,pv,0.9999998458646953
60725.0,60734.8,True,pv,0.9999998468124839
60730.0,60739.8,True,pv,0.9999998459582835
60735.0,60744.8,True,pv,0.9999998468025898
60740.0,60749.8,True,pv,0.999999845958369
60745.0,60754.8,True,pv,0.9999998459583692
60750.0,60759.8,True,pv,0.9999998459582842
60755.0,60764.8,True,pv,0.9999998459582837
60760.0,60769.8,True,pv,0.9999998459582835
60765.0,60774.8,True,pv,0.9999998459582833
60770.0,60779.8,True,pv,0.9999998459583692
60775.0,60784.8,True,pv,0.9999998459582842
60780.0,60789.8,True,pv,0.9999998459583692
60785.0,60794.8,True,pv,0.9999998458646955
60790.0,60799.8,True,pv,0.9999998458646953
60795.0,60804.8,True,pv,0.9999998459582835
60800.0,60809.8,True,pv,0.9999998459583688
60805.0,60814.8,True,pv,0.9999998458646953
60810.0,60819.8,True,pv,0.9999998459582846
60815.0,60824.8,True,pv,0.9999998459583692
60820.0,60829.8,True,pv,0.999999845958369
60825.0,60834.8,True,pv,0.9999998459582844
60830.0,60839.8,True,pv,0.9999998452097731
60835.0,60844.8,True,pv,0.999999845958369
60840.0,60849.8,True,pv,0.9999998459582846
60845.0,60854.8,True,pv,0.9999998459582846
60850.0,60859.8,True,pv,0.9999998459582846
60855.0,60864.8,True,pv,0.9999998459583688
60860.0,60869.8,True,pv,0.999999845958369
60865.0,60874.8,True,pv,0.9999998459524486
60870.0,60879.8,True,pv,0.9999998459582844
60875.0,60884.8,True,pv,0.999999845958284
60880.0,60889.8,True,pv,0.9999998459582833
60885.0,60894.8,True,pv,0.9999998459582835
60890.0,60899.8,True,pv,0.9999998459582842
60895.0,60904.8,True,pv,0.9999998459582844
60900.0,60909.8,True,pv,0.9999998459582835
60905.0,60914.8,True,pv,0.9999998459582835
60910.0,60919.8,True,pv,0.9999998452157117
60915.0,60924.8,True,pv,0.9999998452157115
60920.0,60929.8,True,pv,0.9999998458646953
60925.0,60934.8,True,pv,0.9999998459582833
60930.0,60939.8,True,pv,0.9999998468025898
60935.0,60944.8,True,pv,0.9999998459582837
60940.0,60949.8,True,pv,0.9999998459524484
60945.0,60954.8,True,pv,0.9999998468124843
60950.0,60959.8,True,pv,0.9999998458646955
60955.0,60964.8,True,pv,0.9999998458646955
60960.0,60969.8,True,pv,0.9999998459582846
60965.0,60974.8,True,pv,0.999999845958369
60970.0,60979.8,True,pv,0.9999998459582837
60975.0,60984.8,True,pv,0.9999998468124843
60980.0,60989.8,True,pv,0.9999998468124841
60985.0,60994.8,True,pv,0.9999998468124841
60990.0,60999.8,True,pv,0.9999998459583692
60995.0,61004.8,True,pv,0.999999845958369
61000.0,61009.8,True,pv,0.9999998459582846
61005.0,61014.8,True,pv,0.999999845958284
61010.0,61019.8,True,pv,0.9999998459582842
61015.0,61024.8,True,pv,0.9999998459582844
61020.0,61029.8,True,pv,0.9999998459582844
61025.0,61034.8,True,pv,0.9999998459583692
61030.0,61039.8,True,pv,0.9999998459583697
61035.0,61044.8,True,pv,0.9999998459582837
61040.0,61049.8,True,pv,0.9999998459582844
61045.0,61054.8,True,pv,0.9999998458646955
61050.0,61059.8,True,pv,0.9999998452156706
61055.0,61064.8,True,pv,0.9999998458587778
61060.0,61069.8,True,pv,0.999999845958284
61065.0,61074.8,True,pv,0.999999845958284
61070.0,61079.8,True,pv,0.9999998459582837
61075.0,61084.8,True,pv,0.999999845958369
61080.0,61089.8,True,pv,0.9999998458587778
61085.0,61094.8,True,pv,0.9999998459523638
61090.0,61099.8,True,pv,0.9999998459524486
61095.0,61104.8,True,pv,0.99999984680259
61100.0,61109.8,True,pv,0.99999984680259
61105.0,61114.8,True,pv,0.9999998459582835
61110.0,61119.8,True,pv,0.999999845958284
61115.0,61124.8,True,pv,0.9999998459582835
61120.0,61129.8,True,pv,0.9999998459523636
61125.0,61134.8,True,pv,0.9999998459582842
61130.0,61139.8,True,pv,0.9999998468124841
61135.0,61144.8,True,pv,0.9999998459582844
61140.0,61149.8,True,pv,0.9999998459583692
61145.0,61154.8,True,pv,0.9999998459582844
61150.0,61159.8,True,pv,0.9999998459582844
61155.0,61164.8,True,pv,0.9999998459583692
61160.0,61169.8,True,pv,0.9999998459583688
61165.0,61174.8,True,pv,0.999999845958369
61170.0,61179.8,True,pv,0.999999845958369
61175.0,61184.8,True,pv,0.9999998459582844
61180.0,61189.8,True,pv,0.9999998468124841
61185.0,61194.8,True,pv,0.9999998468025898
61190.0,61199.8,True,pv,0.9999998459582837
61195.0,61204.8,True,pv,0.9999999082446827
61200.0,61209.8,True,fridge,0.9828828066423725
61205.0,61214.8,True,fridge,0.9828828084000174
61210.0,61219.8,True,fridge,0.9828828066541171
61215.0,61224.8,True,pc,0.9999174194370296
61220.0,61229.8,True,pc,0.9999175449697864
61225.0,61234.8,True,fridge,0.9828854495764046
61230.0,61239.8,True,pc,0.9999174194361711
61235.0,61244.8,True,pc,0.9997358135966191
61240.0,61249.8,True,fridge,0.9828854472021544
61245.0,61254.8,True,fridge,0.9828828086639093
61250.0,61259.8,True,fridge,0.9828854474660184
61255.0,61264.8,True,fridge,0.9828828086639091
61260.0,61269.8,True,fridge,0.9828854472702512
61265.0,61274.8,True,pc,0.9999174195307474
61270.0,61279.8,True,fridge,0.9828828086639128
61275.0,61284.8,True,pc,0.9999174194359649
61280.0,61289.8,True,fridge,0.9828854474660181
61285.0,61294.8,True,pc,0.9999174195304323
61290.0,61299.8,True,fridge,0.9828828086639091
61295.0,61304.8,True,pc,0.999917419435887
61300.0,61309.8,True,pc,0.9999174194358934
61305.0,61314.8,True,pc,0.9999174195307703
61310.0,61319.8,True,pc,0.9999174194358754
61315.0,61324.8,True,fridge,0.9828854474660184
61320.0,61329.8,True,fridge,0.9828828376240203
61325.0,61334.8,True,pc,0.9999174194366853
61330.0,61339.8,True,fridge,0.982885447466004
61335.0,61344.8,True,pc,0.9999175449976786
61340.0,61349.8,True,pc,0.9999175450919883
61345.0,61354.8,True,pc,0.9999174194367454
61350.0,61359.8,True,fridge,0.9828828356928427
61355.0,61364.8,True,fridge,0.9828854454444934
61360.0,61369.8,True,fridge,0.9828828356928427
61365.0,61374.8,True,pc,0.9999166533354679
61370.0,61379.8,True,pc,0.999917419435887
61375.0,61384.8,True,fridge,0.9828854473753601
61380.0,61389.8,True,fridge,0.9828828086639027
61385.0,61394.8,True,fridge,0.9828854474660181
61390.0,61399.8,True,fridge,0.9828828086639128
61395.0,61404.8,True,fridge,0.9828828086639027
61400.0,61409.8,True,pc,0.999917419435105
61405.0,61414.8,True,pc,0.9999175449976846
61410.0,61419.8,True,pc,0.9999174194358761
61415.0,61424.8,True,fridge,0.9828828245876033
61420.0,61429.8,True,pc,0.9999165995630984
61425.0,61434.8,True,pc,0.9997354795190425
61430.0,61439.8,True,fridge,0.9828828085732372
61435.0,61444.8,True,pc,0.999917419530185
61440.0,61449.8,True,pc,0.9999174194374936
61445.0,61454.8,True,pc,0.9997358136001273
61450.0,61459.8,True,pc,0.9997362150640542
61455.0,61464.8,True,pc,0.9997333640829303
61460.0,61469.8,True,fridge,0.982882824503508
61465.0,61474.8,True,fridge,0.9828854454444934
61470.0,61479.8,True,fridge,0.9807186624089362
61475.0,61484.8,True,pv,0.999999933212242
61480.0,61489.8,True,pv,0.9999999294635803
61485.0,61494.8,True,pv,0.9999999294635805
61490.0,61499.8,True,pv,0.9999999294635805
61495.0,61504.8,True,pv,0.9999999294635803
61500.0,61509.8,True,pv,0.9999999295507654
61505.0,61514.8,True,pv,0.9999999294635794
61510.0,61519.8,True,pv,0.9999999293558554
61515.0,61524.8,True,pv,0.9999999294635805
61520.0,61529.8,True,pv,0.9999999294635796
61525.0,61534.8,True,pv,0.9999999294635812
61530.0,61539.8,True,pv,0.9999999294636649
61535.0,61544.8,True,pv,0.9999999294635805
61540.0,61549.8,True,pv,0.9999999294635801
61545.0,61554.8,True,pv,0.9999999294635796
61550.0,61559.8,True,pv,0.9999999293699992
61555.0,61564.8,True,pv,0.9999999292622749
61560.0,61569.8,True,pv,0.9999999294636649
61565.0,61574.8,True,pv,0.9999999294636651
61570.0,61579.8,True,pv,0.9999999286133132
61575.0,61584.8,True,pv,0.9999999287210373
61580.0,61589.8,True,pv,0.9999999293559408
61585.0,61594.8,True,pv,0.9999999293558551
61590.0,61599.8,True,pv,0.21441973774483372
61595.0,61604.8,True,pv,0.2144195315595084
61600.0,61609.8,True,pv,0.9999999293558551
61605.0,61614.8,True,pv,0.9999999294635805
61610.0,61619.8,True,pv,0.9999999294636647
61615.0,61624.8,True,pv,0.9999999294635803
61620.0,61629.8,True,pv,0.9999999294635807
61625.0,61634.8,True,pv,0.999999929463581
61630.0,61639.8,True,pv,0.999999929463581
61635.0,61644.8,True,pv,0.9999999295700978
61640.0,61649.8,True,pv,0.9999999295700978
61645.0,61654.8,True,pv,0.9999999294635805
61650.0,61659.8,True,pv,0.999999929463581
61655.0,61664.8,True,pv,0.9999999294636647
61660.0,61669.8,True,pv,0.9999999294636644
61665.0,61674.8,True,pv,0.2126648211636343
61670.0,61679.8,True,pv,0.21472426419163548
61675.0,61684.8,True,pv,0.9999999287210382
61680.0,61689.8,True,pv,0.9999999293699996
61685.0,61694.8,True,pv,0.21438123497660458
61690.0,61699.8,True,pv,0.9999999294635803
61695.0,61704.8,True,pv,0.9999999294635799
61700.0,61709.8,True,pv,0.9999999293699992
61705.0,61714.8,True,pv,0.9999999294636644
61710.0,61719.8,True,pv,0.999999929550485
61715.0,61724.8,True,pv,0.9999999294635807
61720.0,61729.8,True,pv,0.9999999294636647
61725.0,61734.8,True,pv,0.9999999294635805
61730.0,61739.8,True,pv,0.9999999294635805
61735.0,61744.8,True,pv,0.9999999295700973
61740.0,61749.8,True,pv,0.9999999295700978
61745.0,61754.8,True,pv,0.999999929570098
61750.0,61759.8,True,pv,0.9999999295700978
61755.0,61764.8,True,pv,0.999999929570098
61760.0,61769.8,True,pv,0.9999999294635805
61765.0,61774.8,True,pv,0.9999999293699985
61770.0,61779.8,True,pv,0.21438123497609998
61775.0,61784.8,True,pv,0.2144197391809506
61780.0,61789.8,True,pv,0.9999999294636647
61785.0,61794.8,True,pv,0.9999999293558554
61790.0,61799.8,True,pv,0.9999999293558549
61795.0,61804.8,True,pv,0.9999999292622749
61800.0,61809.8,True,pv,0.9999999294635796
61805.0,61814.8,True,pv,0.9999999295700973
61810.0,61819.8,True,pv,0.9999999295700973
61815.0,61824.8,True,pv,0.9999999294635794
61820.0,61829.8,True,pv,0.9999999294635799
61825.0,61834.8,True,pv,0.9999999294635807
61830.0,61839.8,True,pv,0.9999999294636642
61835.0,61844.8,True,pv,0.9999999294635794
61840.0,61849.8,True,pv,0.9999999294635799
61845.0,61854.8,True,pv,0.9999999294635799
61850.0,61859.8,True,pv,0.9999999294635807
61855.0,61864.8,True,pv,0.9999999294635805
61860.0,61869.8,True,pv,0.9999999294635805
61865.0,61874.8,True,pv,0.2144197384001486
61870.0,61879.8,True,pv,0.9999999292622749
61875.0,61884.8,True,pv,0.9999999293699992
61880.0,61889.8,True,pv,0.9999999295700978
61885.0,61894.8,True,pv,0.9999999295700978
61890.0,61899.8,True,pv,0.9999999295700978
61895.0,61904.8,True,pv,0.9999999293558551
61900.0,61909.8,True,pv,0.21441973768554104
61905.0,61914.8,True,pv,0.21441973908403023
61910.0,61919.8,True,pv,0.9999999293558547
61915.0,61924.8,True,pv,0.9999999293559406
61920.0,61929.8,True,pv,0.9999999294635807
61925.0,61934.8,True,pv,0.9999999294635805
61930.0,61939.8,True,pv,0.9999999294635807
61935.0,61944.8,True,pv,0.2141968012955116
61940.0,61949.8,True,pv,0.9999999286133134
61945.0,61954.8,True,pv,0.9999999293699992
61950.0,61959.8,True,pv,0.9999999295507654
61955.0,61964.8,True,pv,0.9999999295700975
61960.0,61969.8,True,pv,0.9999999294635799
61965.0,61974.8,True,pv,0.9999999294635805
61970.0,61979.8,True,pv,0.9999999294636651
61975.0,61984.8,True,pv,0.9999999294635805
61980.0,61989.8,True,pv,0.9999999294635794
61985.0,61994.8,True,pv,0.9999999294635805
61990.0,61999.8,True,pv,0.9999999294635805
61995.0,62004.8,True,pv,0.9999999294636649
62000.0,62009.8,True,pv,0.9999999294635805
62005.0,62014.8,True,pv,0.9999999294635801
62010.0,62019.8,True,pv,0.9999999294635805
62015.0,62024.8,True,pv,0.9999999294635803
62020.0,62029.8,True,pv,0.9999999294635799
62025.0,62034.8,True,pv,0.9999999287210382
62030.0,62039.8,True,pv,0.9999999286133139
62035.0,62044.8,True,pv,0.9999999294635803
62040.0,62049.8,True,pv,0.9999999294635805
62045.0,62054.8,True,pv,0.9999999294635801
62050.0,62059.8,True,pv,0.9999999295507657
62055.0,62064.8,True,pv,0.9999999295293952
62060.0,62069.8,True,pv,0.9999999295700978
62065.0,62074.8,True,pv,0.9999999294635801
62070.0,62079.8,True,pv,0.9999999294635796
62075.0,62084.8,True,pv,0.9999999295507657
62080.0,62089.8,True,pv,0.9999999295507688
62085.0,62094.8,True,pv,0.9999999295507657
62090.0,62099.8,True,pv,0.9999999295507657
62095.0,62104.8,True,pv,0.9999999293558551
62100.0,62109.8,True,pv,0.9999999292622751
62105.0,62114.8,True,pv,0.21450072632290262
62110.0,62119.8,True,pv,0.9999999293699992
62115.0,62124.8,True,pv,0.9999999295700978
62120.0,62129.8,True,pv,0.9999999295700978
62125.0,62134.8,True,pv,0.9999999295700978
62130.0,62139.8,True,pv,0.9999999294635805
62135.0,62144.8,True,pv,0.9999999294635805
62140.0,62149.8,True,pv,0.9999999295504843
62145.0,62154.8,True,pv,0.9999999295700978
62150.0,62159.8,True,pv,0.999999929570098
62155.0,62164.8,True,pv,0.9999999294636649
62160.0,62169.8,True,pv,0.21419680133805413
62165.0,62174.8,True,pv,0.21284662507921834
62170.0,62179.8,True,pv,0.9999999294636651
62175.0,62184.8,True,pv,0.9999999295700989
62180.0,62189.8,True,pv,0.9999999295507657
62185.0,62194.8,True,pv,0.9999999295700978
62190.0,62199.8,True,pv,0.9999999294635799
62195.0,62204.8,True,pv,0.9999999294635805
62200.0,62209.8,True,pv,0.9999999293558545
62205.0,62214.8,True,pv,0.9999999293559408
62210.0,62219.8,True,pv,0.9999999287210393
62215.0,62224.8,True,pv,0.9999999294636651
62220.0,62229.8,True,pv,0.2144197383542614
62225.0,62234.8,True,pv,0.9999999294636649
62230.0,62239.8,True,pv,0.9999999293558551
62235.0,62244.8,True,pv,0.9999999293559408
62240.0,62249.8,True,pv,0.9999999294636653
62245.0,62254.8,True,pv,0.9999999294635803
62250.0,62259.8,True,pv,0.999999929463581
62255.0,62264.8,True,pv,0.9999999294635801
62260.0,62269.8,True,pv,0.9999999294635803
62265.0,62274.8,True,pv,0.9999999294635803
62270.0,62279.8,True,pv,0.9999999294635807
62275.0,62284.8,True,pv,0.9999999294636653
62280.0,62289.8,True,pv,0.9999999286133137
62285.0,62294.8,True,pv,0.21450072464140454
62290.0,62299.8,True,pv,0.9999999293699996
62295.0,62304.8,True,pv,0.9999999294635805
62300.0,62309.8,True,pv,0.9999999293699994
62305.0,62314.8,True,pv,0.21266481926373823
62310.0,62319.8,True,pv,0.9999999293699998
62315.0,62324.8,True,pv,0.9999999294636653
62320.0,62329.8,True,pv,0.9999999294635812
62325.0,62334.8,True,pv,0.999999929463581
62330.0,62339.8,True,pv,0.9999999293558554
62335.0,62344.8,True,pv,0.21460434967022732
62340.0,62349.8,True,pv,0.9999999294636656
62345.0,62354.8,True,pv,0.9999999294636653
62350.0,62359.8,True,pv,0.9999999294635812
62355.0,62364.8,True,pv,0.2129646694037447
62360.0,62369.8,True,pv,0.9999999287210379
62365.0,62374.8,True,pv,0.9999999294635805
62370.0,62379.8,True,pv,0.9999999295507661
62375.0,62384.8,True,pv,0.999999929463581
62380.0,62389.8,True,pv,0.9999999294636656
62385.0,62394.8,True,pv,0.9999999294636658
62390.0,62399.8,True,pv,0.9999999294635814
62395.0,62404.8,True,pv,0.9999999295507672
62400.0,62409.8,True,pv,0.9999999295700984
62405.0,62414.8,True,pv,0.9999999294635805
62410.0,62419.8,True,pv,0.9999999294635807
62415.0,62424.8,True,pv,0.9999999293699998
62420.0,62429.8,True,pv,0.2126648248398502
62425.0,62434.8,True,pv,0.9999999293699998
62430.0,62439.8,True,pv,0.9999999294753342
62435.0,62444.8,True,pv,0.9999999294753344
62440.0,62449.8,True,pv,0.9999999294557208
62445.0,62454.8,True,pv,0.9999999294753342
62450.0,62459.8,True,pv,0.9999999293688387
62455.0,62464.8,True,pv,0.9999999293688385
62460.0,62469.8,True,pv,0.9999999293688394
62465.0,62474.8,True,pv,0.21419420375707793
62470.0,62479.8,True,pv,0.999999929275258
62475.0,62484.8,True,pv,0.9999999293688394
62480.0,62489.8,True,pv,0.9999999292611995
62485.0,62494.8,True,pv,0.9999999293689238
62490.0,62499.8,True,pv,0.9999999293689238
62495.0,62504.8,True,pv,0.9999999293688396
62500.0,62509.8,True,pv,0.9999999293688392
62505.0,62514.8,True,pv,0.9999999293689238
62510.0,62519.8,True,pv,0.21419420222661012
62515.0,62524.8,True,pv,0.9999999293689236
62520.0,62529.8,True,pv,0.21449843548416755
62525.0,62534.8,True,pv,0.21262459483713872
62530.0,62539.8,True,pv,0.9999999294575991
62535.0,62544.8,True,pv,0.9999999294753344
62540.0,62549.8,True,pv,0.9999999286262968
62545.0,62554.8,True,pv,0.21449843449281958
62550.0,62559.8,True,pv,0.999999929368924
62555.0,62564.8,True,pv,0.9999999293688394
62560.0,62569.8,True,pv,0.21419440952198374
62565.0,62574.8,True,pv,0.9999999292611997
62570.0,62579.8,True,pv,0.9999999293689236
62575.0,62584.8,True,pv,0.999999929275258
62580.0,62589.8,True,baseload,0.21260730509302997
62585.0,62594.8,True,pv,0.9999999285185726
62590.0,62599.8,True,pv,0.9999999293688385
62595.0,62604.8,True,pv,0.9999999294753342
62600.0,62609.8,True,pv,0.9999999293689233
62605.0,62614.8,True,pv,0.9999999292611136
62610.0,62619.8,True,pv,0.2126245887594101
62615.0,62624.8,True,pv,0.21274252622852946
62620.0,62629.8,True,pv,0.999999929368924
62625.0,62634.8,True,pv,0.9999999293688396
62630.0,62639.8,True,pv,0.999999929368839
62635.0,62644.8,True,pv,0.9999999294557206
62640.0,62649.8,True,pv,0.9999999294753342
62645.0,62654.8,True,pv,0.9999999294753342
62650.0,62659.8,True,pv,0.9999999293688385
62655.0,62664.8,True,pv,0.9999999294753342
62660.0,62669.8,True,pv,0.9999999294753342
62665.0,62674.8,True,pv,0.9999999294753342
62670.0,62679.8,True,pv,0.9999999292752576
62675.0,62684.8,True,pv,0.9999999286262957
62680.0,62689.8,True,pv,0.9999999293688392
62685.0,62694.8,True,pv,0.999999929368839
62690.0,62699.8,True,pv,0.9999999293688392
62695.0,62704.8,True,pv,0.9999999293688385
62700.0,62709.8,True,pv,0.9999999293688385
62705.0,62714.8,True,pv,0.9999999293688387
62710.0,62719.8,True,pv,0.9999999293688387
62715.0,62724.8,True,pv,0.9999999293688385
62720.0,62729.8,True,pv,0.9999999294557206
62725.0,62734.8,True,pv,0.9999999286262999
62730.0,62739.8,True,pv,0.2127425264488325
62735.0,62744.8,True,pv,0.999999929368839
62740.0,62749.8,True,pv,0.9999999292611136
62745.0,62754.8,True,pv,0.9999999292611138
62750.0,62759.8,True,pv,0.9999999294753342
62755.0,62764.8,True,pv,0.9999999294753342
62760.0,62769.8,True,pv,0.999999929475334
62765.0,62774.8,True,pv,0.9999999294557206
62770.0,62779.8,True,pv,0.9999999294753342
62775.0,62784.8,True,pv,0.9999999293688392
62780.0,62789.8,True,pv,0.999999929368839
62785.0,62794.8,True,pv,0.9999999294557206
62790.0,62799.8,True,pv,0.9999999293688392
62795.0,62804.8,True,pv,0.999999929261114
62800.0,62809.8,True,pv,0.999999929368924
62805.0,62814.8,True,pv,0.999999929261114
62810.0,62819.8,True,pv,0.9999999293689236
62815.0,62824.8,True,pv,0.9999999292752574
62820.0,62829.8,True,pv,0.21397194079333964
62825.0,62834.8,True,pv,0.999999929368924
62830.0,62839.8,True,pv,0.9999999291675336
62835.0,62844.8,True,pv,0.9999999293689236
62840.0,62849.8,True,pv,0.9999999293688385
62845.0,62854.8,True,pv,0.9999999294753342
62850.0,62859.8,True,pv,0.9999999294560021
62855.0,62864.8,True,pv,0.9999999293688387
62860.0,62869.8,True,pv,0.9999999293688385
62865.0,62874.8,True,pv,0.9999999293688385
62870.0,62879.8,True,pv,0.9999999294753342
62875.0,62884.8,True,pv,0.999999928626303
62880.0,62889.8,True,pv,0.2122331139739226
62885.0,62894.8,True,pv,0.9999999292752576
62890.0,62899.8,True,pv,0.9999999293688385
62895.0,62904.8,True,pv,0.9999999293688385
62900.0,62909.8,True,pv,0.9999999293688385
62905.0,62914.8,True,pv,0.9999999293688383
62910.0,62919.8,True,pv,0.9999999293688394
62915.0,62924.8,True,pv,0.21437883936228797
62920.0,62929.8,True,pv,0.9999999293688392
62925.0,62934.8,True,pv,0.9999999293689236
62930.0,62939.8,True,pv,0.9999999292752576
62935.0,62944.8,True,pv,0.9999999292752576
62940.0,62949.8,True,pv,0.999999928626303
62945.0,62954.8,True,baseload,0.2126073050903252
62950.0,62959.8,True,pv,0.9999999293688392
62955.0,62964.8,True,pv,0.9999999293688385
62960.0,62969.8,True,pv,0.9999999293688387
62965.0,62974.8,True,pv,0.9999999293688392
62970.0,62979.8,True,pv,0.999999929368839
62975.0,62984.8,True,pv,0.9999999293688392
62980.0,62989.8,True,pv,0.9999999293689236
62985.0,62994.8,True,pv,0.9999999293689238
62990.0,62999.8,True,pv,0.9999999294753342
62995.0,63004.8,True,pv,0.9999999294538658
63000.0,63009.8,True,pv,0.9999999294557208
63005.0,63014.8,True,pv,0.999999929368839
63010.0,63019.8,True,pv,0.21437863582765046
63015.0,63024.8,True,pv,0.21437863582765046
63020.0,63029.8,True,pv,0.9999999293688387
63025.0,63034.8,True,pv,0.9999999293689236
63030.0,63039.8,True,pv,0.21449822846683783
63035.0,63044.8,True,pv,0.9999999293689236
63040.0,63049.8,True,pv,0.9999999293689236
63045.0,63054.8,True,pv,0.9999999292611993
63050.0,63059.8,True,pv,0.9999999293689236
63055.0,63064.8,True,pv,0.21449822797141754
63060.0,63069.8,True,pv,0.9999999293688394
63065.0,63074.8,True,pv,0.9999999292611131
63070.0,63079.8,True,pv,0.9999999293689236
63075.0,63084.8,True,pv,0.999999929368839
63080.0,63089.8,True,pv,0.9999999293689236
63085.0,63094.8,True,pv,0.9999999293689233
63090.0,63099.8,True,pv,0.9999999293689233
63095.0,63104.8,True,pv,0.9999999293688392
63100.0,63109.8,True,pv,0.9999999294753344
63105.0,63114.8,True,pv,0.9999999293688392
63110.0,63119.8,True,pv,0.9999999293689233
63115.0,63124.8,True,pv,0.9999999293688394
63120.0,63129.8,True,pv,0.9999999293688385
63125.0,63134.8,True,pv,0.9999999294346321
63130.0,63139.8,True,pv,0.999999929368924
63135.0,63144.8,True,pv,0.21437863287459683
63140.0,63149.8,True,pv,0.9999999293689236
63145.0,63154.8,True,pv,0.9999999293688396
63150.0,63159.8,True,pv,0.21419441007106604
63155.0,63164.8,True,pv,0.9999999292752576
63160.0,63169.8,True,pv,0.21397194109844347
63165.0,63174.8,True,pv,0.9999999293688394
63170.0,63179.8,True,pv,0.9999999293688387
63175.0,63184.8,True,pv,0.9999999293689236
63180.0,63189.8,True,pv,0.9999999293688394
63185.0,63194.8,True,pv,0.9999999293688392
63190.0,63199.8,True,pv,0.9999999293688392
63195.0,63204.8,True,fridge,0.22585690911334858
63200.0,63209.8,True,fridge,0.99443412912159
63205.0,63214.8,True,fridge,0.9828854474660181
63210.0,63219.8,True,fridge,0.9828828339415324
63215.0,63224.8,True,fridge,0.9828828339421614
63220.0,63229.8,True,fridge,0.982882808663895
63225.0,63234.8,True,fridge,0.9828828339421611
63230.0,63239.8,True,fridge,0.982882837727862
63235.0,63244.8,True,fridge,0.9828828086639128
63240.0,63249.8,True,fridge,0.9828828086639031
63245.0,63254.8,True,fridge,0.9828828086638958
63250.0,63259.8,True,fridge,0.9828828086639031
63255.0,63264.8,True,fridge,0.9828828086639128
63260.0,63269.8,True,fridge,0.9828828376371896
63265.0,63274.8,True,fridge,0.982882837727862
63270.0,63279.8,True,fridge,0.9828828377278553
63275.0,63284.8,True,fridge,0.9828828339421616
63280.0,63289.8,True,fridge,0.9828828377278616
63285.0,63294.8,True,fridge,0.9828828086639091
63290.0,63299.8,True,fridge,0.9828828377278616
63295.0,63304.8,True,fridge,0.9828854474660094
63300.0,63309.8,True,fridge,0.9828854495759336
63305.0,63314.8,True,fridge,0.9828828339415322
63310.0,63319.8,True,fridge,0.9828828084000243
63315.0,63324.8,True,fridge,0.9828828377278618
63320.0,63329.8,True,fridge,0.9828828377278616
63325.0,63334.8,True,fridge,0.9828828357063248
63330.0,63339.8,True,fridge,0.9828828376371896
63335.0,63344.8,True,fridge,0.982882837727848
63340.0,63349.8,True,fridge,0.9828828377278553
63345.0,63354.8,True,fridge,0.9828828086639098
63350.0,63359.8,True,fridge,0.9828828339421611
63355.0,63364.8,True,fridge,0.9828828339421611
63360.0,63369.8,True,fridge,0.9828828086639031
63365.0,63374.8,True,fridge,0.9828828377278553
63370.0,63379.8,True,fridge,0.9828828086638958
63375.0,63384.8,True,fridge,0.9828828630069045
63380.0,63389.8,True,fridge,0.9828828086639031
63385.0,63394.8,True,fridge,0.9828854469521618
63390.0,63399.8,True,fridge,0.9828828376371896
63395.0,63404.8,True,fridge,0.9828828375320731
63400.0,63409.8,True,pc,0.9999173888568939
63405.0,63414.8,True,fridge,0.9828828374639764
63410.0,63419.8,True,fridge,0.9828828375320731
63415.0,63424.8,True,fridge,0.9828828376371896
63420.0,63429.8,True,pc,0.9999173888564767
63425.0,63434.8,True,fridge,0.9828828377278616
63430.0,63439.8,True,fridge,0.9828828086639065
63435.0,63444.8,True,fridge,0.982882837727862
63440.0,63449.8,True,fridge,0.9828854467563911
63445.0,63454.8,True,fridge,0.9828828375320731
63450.0,63459.8,True,fridge,0.9828828376371896
63455.0,63464.8,True,fridge,0.9828828377278616
63460.0,63469.8,True,fridge,0.9828828084000176
63465.0,63474.8,True,fridge,0.9828828086638953
63470.0,63479.8,True,fridge,0.9828854490625415
63475.0,63484.8,True,fridge,0.9828828086639093
63480.0,63489.8,True,fridge,0.9828828374639695
63485.0,63494.8,True,fridge,0.9828828374639695
63490.0,63499.8,True,fridge,0.9828828377278588
63495.0,63504.8,True,fridge,0.9828828339421614
63500.0,63509.8,True,fridge,0.9828828377278616
63505.0,63514.8,True,fridge,0.982882837727862
63510.0,63519.8,True,fridge,0.9828854469521618
63515.0,63524.8,True,fridge,0.9828828377278616
63520.0,63529.8,True,fridge,0.9828828086638958
63525.0,63534.8,True,fridge,0.9828828377278553
63530.0,63539.8,True,fridge,0.9828828357063248
63535.0,63544.8,True,fridge,0.9828828357063248
63540.0,63549.8,True,fridge,0.9828828084000174
63545.0,63554.8,True,fridge,0.9828828630069043
63550.0,63559.8,True,fridge,0.9828828339421614
63555.0,63564.8,True,fridge,0.9828828066541172
63560.0,63569.8,True,fridge,0.9828828374639764
63565.0,63574.8,True,fridge,0.982882837727848
63570.0,63579.8,True,fridge,0.9828828377278616
63575.0,63584.8,True,fridge,0.982882837727862
63580.0,63589.8,True,fridge,0.9828828377278616
63585.0,63594.8,True,fridge,0.9828828086639031
63590.0,63599.8,True,fridge,0.9828828339421614
63595.0,63604.8,True,fridge,0.9828828066423727
63600.0,63609.8,True,fridge,0.9828828245876016
63605.0,63614.8,True,fridge,0.9828828061284292
63610.0,63619.8,True,fridge,0.9828828377278616
63615.0,63624.8,True,fridge,0.9828828339415324
63620.0,63629.8,True,fridge,0.9828828334283007
63625.0,63634.8,True,fridge,0.9828828376371896
63630.0,63639.8,True,fridge,0.9828828377278616
63635.0,63644.8,True,fridge,0.982882837727853
63640.0,63649.8,True,fridge,0.9828942067736804
63645.0,63654.8,True,fridge,0.983213867842584
63650.0,63659.8,True,fridge,0.9828854466882943
63655.0,63664.8,True,fridge,0.9828828086639031
63660.0,63669.8,True,fridge,0.9828828086639093
63665.0,63674.8,True,fridge,0.9828828086639093
63670.0,63679.8,True,fridge,0.9828828081500487
63675.0,63684.8,True,fridge,0.9828828376371896
63680.0,63689.8,True,fridge,0.9828828375320731
63685.0,63694.8,True,fridge,0.9828828085223872
63690.0,63699.8,True,fridge,0.9828828085223872
63695.0,63704.8,True,fridge,0.9828828086639093
63700.0,63709.8,True,fridge,0.9828828377278618
63705.0,63714.8,True,fridge,0.982882837727862
63710.0,63719.8,True,fridge,0.9828828377278616
63715.0,63724.8,True,fridge,0.9828828377278616
63720.0,63729.8,True,fridge,0.9828828376371896
63725.0,63734.8,True,fridge,0.9828828377278616
63730.0,63739.8,True,fridge,0.9828828081500427
63735.0,63744.8,True,fridge,0.982882837727848
63740.0,63749.8,True,fridge,0.9828828085732374
63745.0,63754.8,True,fridge,0.9828828084681209
63750.0,63759.8,True,fridge,0.9828828374639764
63755.0,63764.8,True,fridge,0.9828828377278618
63760.0,63769.8,True,fridge,0.9828828376371896
63765.0,63774.8,True,fridge,0.982882808150056
63770.0,63779.8,True,fridge,0.9828828086639093
63775.0,63784.8,True,fridge,0.982885446952155
63780.0,63789.8,True,fridge,0.9828828086639093
63785.0,63794.8,True,fridge,0.982882837727848
63790.0,63799.8,True,fridge,0.982882808150035
63795.0,63804.8,True,fridge,0.9828828086639093
63800.0,63809.8,True,fridge,0.9828942358345607
63805.0,63814.8,True,fridge,0.9828828357180698
63810.0,63819.8,True,fridge,0.9828828377278616
63815.0,63824.8,True,fridge,0.982882833428301
63820.0,63829.8,True,fridge,0.9828828376371896
63825.0,63834.8,True,fridge,0.9828854466882943
63830.0,63839.8,True,fridge,0.9828828081500521
63835.0,63844.8,True,fridge,0.9828828377278618
63840.0,63849.8,True,fridge,0.9828828377278616
63845.0,63854.8,True,fridge,0.982882837727853
63850.0,63859.8,True,fridge,0.9828828086639098
63855.0,63864.8,True,fridge,0.9828828377278616
63860.0,63869.8,True,fridge,0.9828828086638953
63865.0,63874.8,True,fridge,0.9828828377278551
63870.0,63879.8,True,fridge,0.982882837727862
63875.0,63884.8,True,fridge,0.982882833428301
63880.0,63889.8,True,fridge,0.982882833428301
63885.0,63894.8,True,fridge,0.9828828086639031
63890.0,63899.8,True,fridge,0.9828828377278616
63895.0,63904.8,True,fridge,0.9828828081500521
63900.0,63909.8,True,fridge,0.9828828377278616
63905.0,63914.8,True,fridge,0.9828828377278618
63910.0,63919.8,True,fridge,0.9828828357063253
63915.0,63924.8,True,fridge,0.9828854468615001
63920.0,63929.8,True,fridge,0.982882837727848
63925.0,63934.8,True,fridge,0.9828827954530381
63930.0,63939.8,True,fridge,0.982894235821082
63935.0,63944.8,True,fridge,0.9828828245876036
63940.0,63949.8,True,fridge,0.9828828630069045
63945.0,63954.8,True,fridge,0.9828828377278616
63950.0,63959.8,True,fridge,0.9828828377278473
63955.0,63964.8,True,fridge,0.9828828377278553
63960.0,63969.8,True,fridge,0.982882837727848
63965.0,63974.8,True,fridge,0.9828828377278473
63970.0,63979.8,True,fridge,0.9828828630069043
63975.0,63984.8,True,fridge,0.9828828377278588
63980.0,63989.8,True,fridge,0.9828828357063248
63985.0,63994.8,True,fridge,0.9828828377278616
63990.0,63999.8,True,fridge,0.9828828086639093
63995.0,64004.8,True,fridge,0.9828828081500354
64000.0,64009.8,True,fridge,0.9828828377278553
64005.0,64014.8,True,fridge,0.9828828630069043
64010.0,64019.8,True,fridge,0.9828828630063049
64015.0,64024.8,True,fridge,0.9828828630063049
64020.0,64029.8,True,fridge,0.9828828377278654
64025.0,64034.8,True,fridge,0.9828828376371896
64030.0,64039.8,True,fridge,0.9828854490625419
64035.0,64044.8,True,fridge,0.982882833428301
64040.0,64049.8,True,fridge,0.982882837727853
64045.0,64054.8,True,fridge,0.9828828377278652
64050.0,64059.8,True,fridge,0.9828828374639695
64055.0,64064.8,True,fridge,0.9791286826336277
64060.0,64069.8,True,pv,0.9999999332302718
64065.0,64074.8,True,pv,0.9999999289570399
64070.0,64079.8,True,pv,0.9999999288507426
64075.0,64084.8,True,pv,0.9999999288507428
64080.0,64089.8,True,pv,0.9999999288507426
64085.0,64094.8,True,pv,0.9999999288507428
64090.0,64099.8,True,pv,0.9999999288507426
64095.0,64104.8,True,pv,0.9999999288507428
64100.0,64109.8,True,pv,0.9999999289570399
64105.0,64114.8,True,pv,0.9999999289371916
64110.0,64119.8,True,pv,0.9999999287571613
64115.0,64124.8,True,pv,0.9999999287571613
64120.0,64129.8,True,pv,0.9999999288507428
64125.0,64134.8,True,baseload,0.2187039174321332
64130.0,64139.8,True,pv,0.9999999288508272
64135.0,64144.8,True,pv,0.9999999288508272
64140.0,64149.8,True,pv,0.9999999288508279
64145.0,64154.8,True,pv,0.9999999288508272
64150.0,64159.8,True,pv,0.9999999288508274
64155.0,64164.8,True,baseload,0.21870391742814155
64160.0,64169.8,True,pv,0.9999999288507428
64165.0,64174.8,True,pv,0.9999999288507424
64170.0,64179.8,True,pv,0.9999999289570399
64175.0,64184.8,True,pv,0.9999999289570399
64180.0,64189.8,True,pv,0.9999999288507422
64185.0,64194.8,True,pv,0.9999999288507426
64190.0,64199.8,True,pv,0.9999999288507424
64195.0,64204.8,True,pv,0.9999999288508272
64200.0,64209.8,True,pv,0.999999928850827
64205.0,64214.8,True,pv,0.9999999289570397
64210.0,64219.8,True,pv,0.9999999288507424
64215.0,64224.8,True,pv,0.9999999289570397
64220.0,64229.8,True,pv,0.9999999289570397
64225.0,64234.8,True,pv,0.9999999288507422
64230.0,64239.8,True,baseload,0.21870412520492818
64235.0,64244.8,True,baseload,0.2180024456456598
64240.0,64249.8,True,baseload,0.2180026557235675
64245.0,64254.8,True,pv,0.9999999288508272
64250.0,64259.8,True,pv,0.9999999288507428
64255.0,64264.8,True,pv,0.9999999288507428
64260.0,64269.8,True,baseload,0.2187039182558431
64265.0,64274.8,True,pv,0.9999999288507428
64270.0,64279.8,True,baseload,0.21870391594821342
64275.0,64284.8,True,pv,0.9999999288507424
64280.0,64289.8,True,pv,0.9999999289570399
64285.0,64294.8,True,pv,0.9999999288507428
64290.0,64299.8,True,baseload,0.21870391742801915
64295.0,64304.8,True,pv,0.9999999288507422
64300.0,64309.8,True,pv,0.9999999289371887
64305.0,64314.8,True,pv,0.9999999288507428
64310.0,64319.8,True,pv,0.9999999288507424
64315.0,64324.8,True,pv,0.9999999289371887
64320.0,64329.8,True,pv,0.9999999289570399
64325.0,64334.8,True,pv,0.9999999288507422
64330.0,64339.8,True,pv,0.9999999288507428
64335.0,64344.8,True,pv,0.9999999288508272
64340.0,64349.8,True,baseload,0.2184780879585958
64345.0,64354.8,True,pv,0.9999999281082038
64350.0,64359.8,True,pv,0.999999928850827
64355.0,64364.8,True,baseload,0.2187041251575684
64360.0,64369.8,True,pv,0.9999999288508272
64365.0,64374.8,True,baseload,0.21641210796514923
64370.0,64379.8,True,pv,0.9999999281082069
64375.0,64384.8,True,pv,0.9999999289394189
64380.0,64389.8,True,pv,0.9999999288507428
64385.0,64394.8,True,pv,0.9999999288507422
64390.0,64399.8,True,pv,0.9999999288507426
64395.0,64404.8,True,pv,0.9999999288507422
64400.0,64409.8,True,pv,0.9999999289570399
64405.0,64414.8,True,pv,0.9999999288508277
64410.0,64419.8,True,pv,0.9999999288508277
64415.0,64424.8,True,baseload,0.2189644003708069
64420.0,64429.8,True,pv,0.9999999288507433
64425.0,64434.8,True,baseload,0.21896440077039478
64430.0,64439.8,True,pv,0.9999999288507431
64435.0,64444.8,True,baseload,0.21896440030266637
64440.0,64449.8,True,pv,0.9999999288507431
64445.0,64454.8,True,pv,0.9999999288507426
64450.0,64459.8,True,pv,0.9999999288507431
64455.0,64464.8,True,pv,0.9999999279335031
64460.0,64469.8,True,baseload,0.21595392750173942
64465.0,64474.8,True,pv,0.9999999279335033
64470.0,64479.8,True,pv,0.9999999286760437
64475.0,64484.8,True,pv,0.9999999286760439
64480.0,64489.8,True,pv,0.9999999286761285
64485.0,64494.8,True,pv,0.999999927933502
64490.0,64499.8,True,baseload,0.216510475035126
64495.0,64504.8,True,pv,0.999999928582463
64500.0,64509.8,True,pv,0.9999999287823007
64505.0,64514.8,True,pv,0.9999999287624526
64510.0,64519.8,True,pv,0.9999999286760439
64515.0,64524.8,True,pv,0.9999999286760444
64520.0,64529.8,True,pv,0.9999999286760448
64525.0,64534.8,True,pv,0.9999999286760444
64530.0,64539.8,True,pv,0.9999999286760439
64535.0,64544.8,True,pv,0.9999999287823009
64540.0,64549.8,True,pv,0.9999999287823009
64545.0,64554.8,True,pv,0.9999999287823009
64550.0,64559.8,True,pv,0.9999999286760437
64555.0,64564.8,True,pv,0.999999928582463
64560.0,64569.8,True,baseload,0.21805788554359262
64565.0,64574.8,True,pv,0.9999999286760439
64570.0,64579.8,True,pv,0.9999999286760439
64575.0,64584.8,True,pv,0.9999999286760444
64580.0,64589.8,True,pv,0.9999999286760444
64585.0,64594.8,True,pv,0.9999999286760444
64590.0,64599.8,True,pv,0.9999999286760439
64595.0,64604.8,True,pv,0.9999999286760437
64600.0,64609.8,True,pv,0.9999999286761287
64605.0,64614.8,True,baseload,0.21828305427990122
64610.0,64619.8,True,pv,0.9999999286761287
64615.0,64624.8,True,pv,0.9999999286760439
64620.0,64629.8,True,pv,0.9999999286760448
64625.0,64634.8,True,baseload,0.21828284708330054
64630.0,64639.8,True,pv,0.9999999286761285
64635.0,64644.8,True,pv,0.9999999287823007
64640.0,64649.8,True,pv,0.9999999279335051
64645.0,64654.8,True,baseload,0.21758295131022964
64650.0,64659.8,True,baseload,0.21854252944394462
64655.0,64664.8,True,baseload,0.21854253014523753
64660.0,64669.8,True,pv,0.9999999286761294
64665.0,64674.8,True,pv,0.9999999286760446
64670.0,64679.8,True,pv,0.9999999287823009
64675.0,64684.8,True,pv,0.9999999286760446
64680.0,64689.8,True,baseload,0.21805788554359262
64685.0,64694.8,True,pv,0.9999999286761287
64690.0,64699.8,True,pv,0.9999999287406389
64695.0,64704.8,True,pv,0.9999999287823007
64700.0,64709.8,True,baseload,0.21828305427990122
64705.0,64714.8,True,pv,0.9999999286760444
64710.0,64719.8,True,baseload,0.21805788553956035
64715.0,64724.8,True,pv,0.9999999279335031
64720.0,64729.8,True,baseload,0.21599850150291797
64725.0,64734.8,True,pv,0.9999999279335013
64730.0,64739.8,True,pv,0.9999999286761287
64735.0,64744.8,True,pv,0.9999999286761292
64740.0,64749.8,True,pv,0.9999999287823009
64745.0,64754.8,True,baseload,0.2182830533768181
64750.0,64759.8,True,pv,0.999999928582463
64755.0,64764.8,True,pv,0.999999928582463
64760.0,64769.8,True,baseload,0.2182830527139237
64765.0,64774.8,True,pv,0.9999999286760444
64770.0,64779.8,True,pv,0.99999992874064
64775.0,64784.8,True,pv,0.999999927933502
64780.0,64789.8,True,baseload,0.21651047505188165
64785.0,64794.8,True,pv,0.9999999286760444
64790.0,64799.8,True,pv,0.9999999286760439
64795.0,64804.8,True,pv,0.9999999286760446
64800.0,64809.8,True,pv,0.9999999286760439
64805.0,64814.8,True,pv,0.9999999286760437
64810.0,64819.8,True,pv,0.9999999286760439
64815.0,64824.8,True,pv,0.999999928764721
64820.0,64829.8,True,pv,0.9999999286760444
64825.0,64834.8,True,pv,0.9999999286760439
64830.0,64839.8,True,baseload,0.21854253103764645
64835.0,64844.8,True,pv,0.999999928582463
64840.0,64849.8,True,pv,0.9999999287823009
64845.0,64854.8,True,pv,0.9999999287823009
64850.0,64859.8,True,pv,0.999999928676045
64855.0,64864.8,True,baseload,0.21758274236781192
64860.0,64869.8,True,baseload,0.2177689174812309
64865.0,64874.8,True,pv,0.9999999286760446
64870.0,64879.8,True,pv,0.9999999286760439
64875.0,64884.8,True,pv,0.9999999287823009
64880.0,64889.8,True,pv,0.9999999286760444
64885.0,64894.8,True,pv,0.9999999286761287
64890.0,64899.8,True,pv,0.9999999286760444
64895.0,64904.8,True,pv,0.999999928582463
64900.0,64909.8,True,baseload,0.2182830533768181
64905.0,64914.8,True,baseload,0.21828305336263107
64910.0,64919.8,True,pv,0.9999999286760439
64915.0,64924.8,True,pv,0.9999999286760437
64920.0,64929.8,True,pv,0.9999999286760446
64925.0,64934.8,True,pv,0.9999999286760444
64930.0,64939.8,True,pv,0.9999999286760444
64935.0,64944.8,True,pv,0.9999999286760444
64940.0,64949.8,True,pv,0.9999999286760437
64945.0,64954.8,True,pv,0.9999999286760441
64950.0,64959.8,True,baseload,0.2177689180171082
64955.0,64964.8,True,pv,0.9999999286760439
64960.0,64969.8,True,pv,0.9999999287823009
64965.0,64974.8,True,pv,0.9999999286760444
64970.0,64979.8,True,baseload,0.21828285175833387
64975.0,64984.8,True,pv,0.9999999286760437
64980.0,64989.8,True,pv,0.9999999287621679
64985.0,64994.8,True,pv,0.9999999287621679
64990.0,64999.8,True,pv,0.9999999287624493
64995.0,65004.8,True,pv,0.9999999287823009
65000.0,65009.8,True,pv,0.9999999285824628
65005.0,65014.8,True,baseload,0.21828305804441142
65010.0,65019.8,True,pv,0.9999999286760439
65015.0,65024.8,True,pv,0.9999999287823007
65020.0,65029.8,True,pv,0.9999999287621679
65025.0,65034.8,True,pv,0.9999999287621684
65030.0,65039.8,True,pv,0.9999999287621679
65035.0,65044.8,True,pv,0.9999999286760444
65040.0,65049.8,True,pv,0.9999999286761287
65045.0,65054.8,True,pv,0.9999999286760446
65050.0,65059.8,True,pv,0.9999999286760444
65055.0,65064.8,True,pv,0.9999999287624497
65060.0,65069.8,True,pv,0.9999999287624493
65065.0,65074.8,True,pv,0.9999999287624497
65070.0,65079.8,True,pv,0.9999999287823007
65075.0,65084.8,True,pv,0.9999999287624499
65080.0,65089.8,True,pv,0.9999999286760446
65085.0,65094.8,True,baseload,0.21581534579654552
65090.0,65099.8,True,pv,0.9999999279335013
65095.0,65104.8,True,pv,0.9999999286760441
65100.0,65109.8,True,pv,0.9999999287823007
65105.0,65114.8,True,pv,0.9999999287624497
65110.0,65119.8,True,pv,0.9999999286760437
65115.0,65124.8,True,pv,0.9999999286760437
65120.0,65129.8,True,pv,0.9999999286760437
65125.0,65134.8,True,pv,0.9999999286761296
65130.0,65139.8,True,pv,0.999999928582463
65135.0,65144.8,True,baseload,0.2158153468125942
65140.0,65149.8,True,pv,0.9999999279335053
65145.0,65154.8,True,pv,0.9999999287823009
65150.0,65159.8,True,pv,0.9999999287823009
65155.0,65164.8,True,baseload,0.21854233069890003
65160.0,65169.8,True,pv,0.9999999286760444
65165.0,65174.8,True,pv,0.9999999286760439
65170.0,65179.8,True,baseload,0.2182830573896016
65175.0,65184.8,True,pv,0.9999999286760448
65180.0,65189.8,True,pv,0.9999999287624493
65185.0,65194.8,True,pv,0.9999999287823009
65190.0,65199.8,True,pv,0.9999999286760444
65195.0,65204.8,True,pv,0.9999999286760437
65200.0,65209.8,True,pv,0.999999928764721
65205.0,65214.8,True,pv,0.9999999286760444
65210.0,65219.8,True,pv,0.9999999287823007
65215.0,65224.8,True,pv,0.9999999287624526
65220.0,65229.8,True,pv,0.9999999287823005
65225.0,65234.8,True,pv,0.9999999286760439
65230.0,65239.8,True,pv,0.9999999286760441
65235.0,65244.8,True,baseload,0.2185423316152078
65240.0,65249.8,True,pv,0.999999928582463
65245.0,65254.8,True,pv,0.9999999287621679
65250.0,65259.8,True,pv,0.9999999286760437
65255.0,65264.8,True,pv,0.9999999286760437
65260.0,65269.8,True,pv,0.9999999286760439
65265.0,65274.8,True,pv,0.9999999286760439
65270.0,65279.8,True,pv,0.9999999286760446
65275.0,65284.8,True,pv,0.9999999287823005
65280.0,65289.8,True,pv,0.9999999286760437
65285.0,65294.8,True,pv,0.9999999287823009
65290.0,65299.8,True,pv,0.9999999286760441
65295.0,65304.8,True,pv,0.9999999286760439
65300.0,65309.8,True,baseload,0.2182830574574641
65305.0,65314.8,True,pv,0.9999999286761292
65310.0,65319.8,True,pv,0.9999999287624493
65315.0,65324.8,True,pv,0.9999999287624493
65320.0,65329.8,True,pv,0.9999999286760437
65325.0,65334.8,True,pv,0.9999999286760446
65330.0,65339.8,True,pv,0.9999999286760446
65335.0,65344.8,True,baseload,0.21854253415418753
65340.0,65349.8,True,pv,0.9999999286760446
65345.0,65354.8,True,pv,0.9999999286760437
65350.0,65359.8,True,pv,0.9999999286760444
65355.0,65364.8,True,pv,0.9999999286760448
65360.0,65369.8,True,pv,0.9999999286760446
65365.0,65374.8,True,pv,0.9999999286760446
65370.0,65379.8,True,pv,0.9999999286760439
65375.0,65384.8,True,pv,0.9999999286760439
65380.0,65389.8,True,pv,0.9999999286760439
65385.0,65394.8,True,pv,0.9999999287823009
65390.0,65399.8,True,pv,0.9999999286760446
65395.0,65404.8,True,pv,0.9999999286760441
65400.0,65409.8,True,baseload,0.21828284997269412
65405.0,65414.8,True,pv,0.9999999286760448
65410.0,65419.8,True,pv,0.9999999286760441
65415.0,65424.8,True,baseload,0.21854253415690617
65420.0,65429.8,True,pv,0.9999999286760446
65425.0,65434.8,True,pv,0.9999999287624493
65430.0,65439.8,True,pv,0.9999999287621675
65435.0,65444.8,True,pv,0.9999999287406387
65440.0,65449.8,True,pv,0.9999999286760444
65445.0,65454.8,True,baseload,0.21805789026904063
65450.0,65459.8,True,pv,0.9999999286761294
65455.0,65464.8,True,baseload,0.2185423293362493
65460.0,65469.8,True,pv,0.9999999286760437
65465.0,65474.8,True,pv,0.9999999286760439
65470.0,65479.8,True,pv,0.9999999286760437
65475.0,65484.8,True,pv,0.9999999288511277
65480.0,65489.8,True,pv,0.9999999286760437
65485.0,65494.8,True,pv,0.9999999286760439
65490.0,65499.8,True,pv,0.9999999286760439
65495.0,65504.8,True,baseload,0.21854233182245045
65500.0,65509.8,True,pv,0.9999999286760441
65505.0,65514.8,True,pv,0.9999999286760448
65510.0,65519.8,True,pv,0.9999999286761287
65515.0,65524.8,True,pv,0.9999999286760446
65520.0,65529.8,True,pv,0.9999999287624493
65525.0,65534.8,True,pv,0.9999999286760441
65530.0,65539.8,True,baseload,0.2182830574574641
65535.0,65544.8,True,pv,0.9999999286760448
65540.0,65549.8,True,pv,0.9999999287647205
65545.0,65554.8,True,pv,0.9999999286761285
65550.0,65559.8,True,pv,0.9999999286760446
65555.0,65564.8,True,pv,0.9999999286760439
65560.0,65569.8,True,pv,0.9999999287621679
65565.0,65574.8,True,pv,0.9999999287823009
65570.0,65579.8,True,pv,0.9999999287624499
65575.0,65584.8,True,pv,0.9999999287823009
65580.0,65589.8,True,pv,0.9999999287624493
65585.0,65594.8,True,pv,0.9999999286760446
65590.0,65599.8,True,pv,0.9999999286760446
65595.0,65604.8,True,baseload,0.21854233086585062
65600.0,65609.8,True,pv,0.9999999286760446
65605.0,65614.8,True,pv,0.9999999286760446
65610.0,65619.8,True,pv,0.9999999286760439
65615.0,65624.8,True,pv,0.9999999286760446
65620.0,65629.8,True,pv,0.9999999287823009
65625.0,65634.8,True,pv,0.9999999287823009
65630.0,65639.8,True,pv,0.9999999287823009
65635.0,65644.8,True,pv,0.9999999287823009
65640.0,65649.8,True,pv,0.9999999287647208
65645.0,65654.8,True,pv,0.999999928676129
65650.0,65659.8,True,pv,0.9999999286760446
65655.0,65664.8,True,baseload,0.2177691289504355
65660.0,65669.8,True,baseload,0.21776912896851927
65665.0,65674.8,True,pv,0.9999999286761287
65670.0,65679.8,True,baseload,0.2185423307949728
65675.0,65684.8,True,pv,0.9999999286760439
65680.0,65689.8,True,pv,0.9999999287823005
65685.0,65694.8,True,pv,0.9999999286760446
65690.0,65699.8,True,pv,0.9999999286760441
65695.0,65704.8,True,pv,0.9999999287823009
65700.0,65709.8,True,pv,0.9999999287823005
65705.0,65714.8,True,pv,0.9999999286760441
65710.0,65719.8,True,pv,0.9999999286760441
65715.0,65724.8,True,pv,0.9999999287823009
65720.0,65729.8,True,pv,0.9999999286760446
65725.0,65734.8,True,baseload,0.21854233167926526
65730.0,65739.8,True,baseload,0.21776892165021913
65735.0,65744.8,True,pv,0.999999928676129
65740.0,65749.8,True,pv,0.9999999286760446
65745.0,65754.8,True,pv,0.9999999286760446
65750.0,65759.8,True,baseload,0.21595393833761606
65755.0,65764.8,True,pv,0.9999999279335033
65760.0,65769.8,True,pv,0.9999999286760439
65765.0,65774.8,True,pv,0.9999999285824632
65770.0,65779.8,True,baseload,0.2185425348099046
65775.0,65784.8,True,pv,0.9999999286760448
65780.0,65789.8,True,pv,0.9999999286760448
65785.0,65794.8,True,pv,0.9999999286760446
65790.0,65799.8,True,pv,0.9999999287823009
65795.0,65804.8,True,pv,0.9999999286760446
65800.0,65809.8,True,pv,0.999999928676045
65805.0,65814.8,True,pv,0.9999999286760437
65810.0,65819.8,True,pv,0.9999999286760441
65815.0,65824.8,True,baseload,0.21854253430838944
65820.0,65829.8,True,baseload,0.21854253496476325
65825.0,65834.8,True,baseload,0.21776892233016432
65830.0,65839.8,True,baseload,0.21758295546619716
65835.0,65844.8,True,pv,0.9999999279335013
65840.0,65849.8,True,pv,0.9999999286760448
65845.0,65854.8,True,baseload,0.2177691291778561
65850.0,65859.8,True,pv,0.9999999286761296
65855.0,65864.8,True,pv,0.9999999286760446
65860.0,65869.8,True,baseload,0.2185425350096825
65865.0,65874.8,True,baseload,0.21758274861611218
65870.0,65879.8,True,baseload,0.21754420350853448
65875.0,65884.8,True,pv,0.999999928676045
65880.0,65889.8,True,pv,0.9999999286761292
65885.0,65894.8,True,pv,0.9999999286760444
65890.0,65899.8,True,pv,0.9999999286761296
65895.0,65904.8,True,baseload,0.21831683225961787
65900.0,65909.8,True,pv,0.9999999286761296
65905.0,65914.8,True,pv,0.9999999286760441
65910.0,65919.8,True,pv,0.9999999287406398
65915.0,65924.8,True,pv,0.9999999286761296
65920.0,65929.8,True,baseload,0.2182830587386207
65925.0,65934.8,True,baseload,0.2183168328958516
65930.0,65939.8,True,baseload,0.21758295662712174
65935.0,65944.8,True,baseload,0.21828285203082326
65940.0,65949.8,True,pv,0.9999999286761292
65945.0,65954.8,True,pv,0.9999999286760441
65950.0,65959.8,True,pv,0.9999999286760441
65955.0,65964.8,True,pv,0.9999999287823012
65960.0,65969.8,True,pv,0.9999999279335036
65965.0,65974.8,True,baseload,0.21769116159444585
65970.0,65979.8,True,baseload,0.21728074094666222
65975.0,65984.8,True,pc,0.2226396071038973
65980.0,65989.8,True,baseload,0.2180281622374474
65985.0,65994.8,True,baseload,0.21750491360729504
65990.0,65999.8,True,baseload,0.21750491211557058
65995.0,66004.8,True,baseload,0.2175049132171349
66000.0,66009.8,True,baseload,0.21769095468575625
66005.0,66014.8,True,baseload,0.21833043509056763
66010.0,66019.8,True,baseload,0.21769095510058567
66015.0,66024.8,True,baseload,0.2180281622374474
66020.0,66029.8,True,baseload,0.21799235513510948
66025.0,66034.8,True,baseload,0.21750491398324015
66030.0,66039.8,True,baseload,0.2175051218077768
66035.0,66044.8,True,baseload,0.2180281628027375
66040.0,66049.8,True,baseload,0.21769095518606632
66045.0,66054.8,True,baseload,0.21750491320481405
66050.0,66059.8,True,washing_machine,0.9999996566154967
66055.0,66064.8,True,washing_machine,0.9999997012408954
66060.0,66069.8,True,washing_machine,0.9999996589129796
66065.0,66074.8,True,washing_machine,0.9999996588128618
66070.0,66079.8,True,washing_machine,0.9999996585097355
66075.0,66084.8,True,washing_machine,0.9999996589130966
66080.0,66089.8,True,washing_machine,0.9999996585097355
66085.0,66094.8,True,washing_machine,0.9999996585097364
66090.0,66099.8,True,washing_machine,0.9999996585097357
66095.0,66104.8,True,washing_machine,0.9999996585104813
66100.0,66109.8,True,washing_machine,0.9999996585104822
66105.0,66114.8,True,washing_machine,0.9999996585104813
66110.0,66119.8,True,washing_machine,0.9999996585097364
66115.0,66124.8,True,washing_machine,0.9999996585097359
66120.0,66129.8,True,washing_machine,0.9999996585097357
66125.0,66134.8,True,washing_machine,0.9999996585097355
66130.0,66139.8,True,washing_machine,0.9999996589131093
66135.0,66144.8,True,washing_machine,0.9999996589129796
66140.0,66149.8,True,washing_machine,0.9999996585097359
66145.0,66154.8,True,washing_machine,0.9999996585104836
66150.0,66159.8,True,washing_machine,0.9999996585097359
66155.0,66164.8,True,washing_machine,0.9999996585097359
66160.0,66169.8,True,washing_machine,0.9999996589129796
66165.0,66174.8,True,washing_machine,0.9999996585097355
66170.0,66179.8,True,washing_machine,0.9999996585097357
66175.0,66184.8,True,washing_machine,0.999999658509735
66180.0,66189.8,True,washing_machine,0.9999996588128618
66185.0,66194.8,True,washing_machine,0.9999996589131093
66190.0,66199.8,True,washing_machine,0.9999996585097362
66195.0,66204.8,True,washing_machine,0.9999996585104836
66200.0,66209.8,True,washing_machine,0.9999996585104833
66205.0,66214.8,True,washing_machine,0.9999996589129796
66210.0,66219.8,True,washing_machine,0.9999996589131093
66215.0,66224.8,True,washing_machine,0.999999658510482
66220.0,66229.8,True,washing_machine,0.999999658510482
66225.0,66234.8,True,washing_machine,0.9999996589130966
66230.0,66239.8,True,washing_machine,0.9999996588128616
66235.0,66244.8,True,washing_machine,0.9999996588128618
66240.0,66249.8,True,washing_machine,0.9999996589130968
66245.0,66254.8,True,washing_machine,0.9999996588128618
66250.0,66259.8,True,washing_machine,0.9609681252958889
66255.0,66264.8,True,ev,0.9999974797362147
66260.0,66269.8,True,ev,0.9999975706580642
66265.0,66274.8,True,ev,0.9999974364137939
66270.0,66279.8,True,ev,0.9999974364137926
66275.0,66284.8,True,ev,0.9999974364137968
66280.0,66289.8,True,ev,0.9999974364137939
66285.0,66294.8,True,ev,0.9999974364138048
66290.0,66299.8,True,ev,0.9999975610843603
66295.0,66304.8,True,ev,0.999997439359719
66300.0,66309.8,True,ev,0.9999974249246818
66305.0,66314.8,True,ev,0.9999975569630987
66310.0,66319.8,True,ev,0.9999974364137968
66315.0,66324.8,True,ev,0.9999974364137888
66320.0,66329.8,True,ev,0.9999974249247029
66325.0,66334.8,True,ev,0.9999974249246818
66330.0,66339.8,True,ev,0.9999975501539567
66335.0,66344.8,True,ev,0.9999975678631874
66340.0,66349.8,True,ev,0.9999974364137926
66345.0,66354.8,True,ev,0.9999974364137888
66350.0,66359.8,True,ev,0.9999974364138048
66355.0,66364.8,True,ev,0.9999974364137968
66360.0,66369.8,True,ev,0.9999974364137968
66365.0,66374.8,True,ev,0.9999975569630987
66370.0,66379.8,True,ev,0.9999975678631912
66375.0,66384.8,True,ev,0.9999974364137926
66380.0,66389.8,True,ev,0.999997439359719
66385.0,66394.8,True,ev,0.9999974364137939
66390.0,66399.8,True,ev,0.9999975569630987
66395.0,66404.8,True,ev,0.9999975610843375
66400.0,66409.8,True,ev,0.9999974364137926
66405.0,66414.8,True,ev,0.9999974364137888
66410.0,66419.8,True,ev,0.999997439359719
66415.0,66424.8,True,ev,0.999997439359719
66420.0,66429.8,True,ev,0.9999974364137968
66425.0,66434.8,True,ev,0.9999974048670458
66430.0,66439.8,True,ev,0.999997567863214
66435.0,66444.8,True,ev,0.9999975569630987
66440.0,66449.8,True,ev,0.9999974322388221
66445.0,66454.8,True,ev,0.9999974364138168
66450.0,66459.8,True,ev,0.999997439359719
66455.0,66464.8,True,ev,0.9999975569630987
66460.0,66469.8,True,ev,0.9999975501539567
66465.0,66474.8,True,ev,0.9999974364137888
66470.0,66479.8,True,ev,0.9999974249246818
66475.0,66484.8,True,ev,0.9999974364137968
66480.0,66489.8,True,ev,0.9999974364138168
66485.0,66494.8,True,ev,0.9999975678631874
66490.0,66499.8,True,ev,0.999997439359719
66495.0,66504.8,True,ev,0.9999974249246818
66500.0,66509.8,True,ev,0.9999974249246818
66505.0,66514.8,True,ev,0.9999975569630987
66510.0,66519.8,True,ev,0.9999974364138048
66515.0,66524.8,True,ev,0.9999974048670256
66520.0,66529.8,True,ev,0.9999974322388221
66525.0,66534.8,True,ev,0.9999974048670336
66530.0,66539.8,True,ev,0.9999974364138048
66535.0,66544.8,True,ev,0.9999974364137968
66540.0,66549.8,True,ev,0.999997439359719
66545.0,66554.8,True,ev,0.9999974249246818
66550.0,66559.8,True,ev,0.9999975638870001
66555.0,66564.8,True,ev,0.9999974364137888
66560.0,66569.8,True,ev,0.9999974364137888
66565.0,66574.8,True,ev,0.999997439359719
66570.0,66579.8,True,ev,0.9999974364137939
66575.0,66584.8,True,ev,0.9999974364137968
66580.0,66589.8,True,ev,0.9999974364137968
66585.0,66594.8,True,ev,0.9999975501539567
66590.0,66599.8,True,ev,0.9999975501539567
66595.0,66604.8,True,ev,0.9999975569630987
66600.0,66609.8,True,ev,0.9999975610843383
66605.0,66614.8,True,ev,0.9999974364137888
66610.0,66619.8,True,ev,0.9999974364137888
66615.0,66624.8,True,ev,0.9999974364137968
66620.0,66629.8,True,ev,0.999997439359719
66625.0,66634.8,True,ev,0.9999974364137968
66630.0,66639.8,True,ev,0.9999973809248877
66635.0,66644.8,True,ev,0.999997412762699
66640.0,66649.8,True,ev,0.9999974364137888
66645.0,66654.8,True,ev,0.9999974364137888
66650.0,66659.8,True,ev,0.9999974364137968
66655.0,66664.8,True,ev,0.9999975501539567
66660.0,66669.8,True,ev,0.9999975501539567
66665.0,66674.8,True,ev,0.9999975610843375
66670.0,66679.8,True,ev,0.999997439359719
66675.0,66684.8,True,ev,0.9999974322388221
66680.0,66689.8,True,ev,0.9999974364138168
66685.0,66694.8,True,ev,0.999997561084349
66690.0,66699.8,True,ev,0.9999974364137888
66695.0,66704.8,True,ev,0.9999974364137968
66700.0,66709.8,True,ev,0.999997439359719
66705.0,66714.8,True,ev,0.999997439359719
66710.0,66719.8,True,ev,0.9999975501539567
66715.0,66724.8,True,ev,0.9999975638870001
66720.0,66729.8,True,ev,0.999997439359719
66725.0,66734.8,True,ev,0.9999975610843337
66730.0,66739.8,True,ev,0.9999975501539567
66735.0,66744.8,True,ev,0.9999974364137926
66740.0,66749.8,True,ev,0.9999974364137888
66745.0,66754.8,True,ev,0.999997439359719
66750.0,66759.8,True,ev,0.9999974364137939
66755.0,66764.8,True,ev,0.999997439359719
66760.0,66769.8,True,ev,0.9999974364137939
66765.0,66774.8,True,ev,0.999997439359719
66770.0,66779.8,True,ev,0.999997561084349
66775.0,66784.8,True,ev,0.9999974322388221
66780.0,66789.8,True,ev,0.9999974364138048
66785.0,66794.8,True,ev,0.9999974364137888
66790.0,66799.8,True,ev,0.999997439359719
66795.0,66804.8,True,ev,0.9999975610843415
66800.0,66809.8,True,ev,0.9999974364138048
66805.0,66814.8,True,ev,0.9999974364137968
66810.0,66819.8,True,ev,0.9999974364138048
66815.0,66824.8,True,ev,0.9999975571124096
66820.0,66829.8,True,ev,0.9999974364138048
66825.0,66834.8,True,ev,0.9999974364137888
66830.0,66839.8,True,ev,0.999997439359719
66835.0,66844.8,True,ev,0.9999974249246818
66840.0,66849.8,True,ev,0.999997439359719
66845.0,66854.8,True,ev,0.9999974249247029
66850.0,66859.8,True,ev,0.9999975638870001
66855.0,66864.8,True,ev,0.9999974249246818
66860.0,66869.8,True,ev,0.9999974364137968
66865.0,66874.8,True,ev,0.9999974364138048
66870.0,66879.8,True,ev,0.9999975638870001
66875.0,66884.8,True,ev,0.9999975501539567
66880.0,66889.8,True,ev,0.9999975501539567
66885.0,66894.8,True,ev,0.9999974249246818
66890.0,66899.8,True,ev,0.9999974249246818
66895.0,66904.8,True,ev,0.9999975638870001
66900.0,66909.8,True,washing_machine,0.9609669224762387
66905.0,66914.8,True,washing_machine,0.9999997010343032
66910.0,66919.8,True,washing_machine,0.9999996350849681
66915.0,66924.8,True,washing_machine,0.9999996350849704
66920.0,66929.8,True,washing_machine,0.9999996350849666
66925.0,66934.8,True,washing_machine,0.9999996354874557
66930.0,66939.8,True,washing_machine,0.9999996354875812
66935.0,66944.8,True,washing_machine,0.9999996350842225
66940.0,66949.8,True,washing_machine,0.9999996350842203
66945.0,66954.8,True,washing_machine,0.9999996350849673
66950.0,66959.8,True,washing_machine,0.9999997012264854
66955.0,66964.8,True,washing_machine,0.740207136555697
66960.0,66969.8,True,fridge,0.999654981261883
66965.0,66974.8,True,pv,0.22071551416225757
66970.0,66979.8,True,pv,0.9983655857997176
66975.0,66984.8,True,washing_machine,0.5352956780023255
66980.0,66989.8,True,washing_machine,0.5712150750464161
66985.0,66994.8,True,pv,0.9999999319276469
66990.0,66999.8,True,baseload,0.9999571849278308
66995.0,67004.8,True,fridge,0.9997016541581486
67000.0,67009.8,True,fridge,0.9996549812605844
67005.0,67014.8,True,pv,0.22100940004316902
67010.0,67019.8,True,baseload,0.9999572321112619
67015.0,67024.8,True,fridge,0.999701654154375
67020.0,67029.8,True,fridge,0.9996549812618859
67025.0,67034.8,True,pv,0.9999999284810499
67030.0,67039.8,True,pv,0.9983655857997176
67035.0,67044.8,True,fridge,0.9997016541543743
67040.0,67049.8,True,fridge,0.9996549812114012
67045.0,67054.8,True,pv,0.9999999319276469
67050.0,67059.8,True,pv,0.9983655857997176
67055.0,67064.8,True,washing_machine,0.5352956780023256
67060.0,67069.8,True,washing_machine,0.5712150756612193
67065.0,67074.8,True,pv,0.9999999319276469
67070.0,67079.8,True,pv,0.9983655857975161
67075.0,67084.8,True,fridge,0.9997016541543743
67080.0,67089.8,True,fridge,0.9996549811902619
67085.0,67094.8,True,pv,0.9999999328879209
67090.0,67099.8,True,baseload,0.9999572977083321
67095.0,67104.8,True,washing_machine,0.5352956750935336
67100.0,67109.8,True,washing_machine,0.5712150756612899
67105.0,67114.8,True,pv,0.9999999328879151
67110.0,67119.8,True,baseload,0.9999572716495069
67115.0,67124.8,True,washing_machine,0.5352956780023255
67120.0,67129.8,True,washing_machine,0.5712150756612193
67125.0,67134.8,True,pv,0.9999999328879209
67130.0,67139.8,True,baseload,0.9999572977083321
67135.0,67144.8,True,fridge,0.9997016541581724
67140.0,67149.8,True,baseload,0.6621665321260167
67145.0,67154.8,True,pv,0.9999999294316869
67150.0,67159.8,True,baseload,0.9999572321113167
67155.0,67164.8,True,fridge,0.9997016541581457
67160.0,67169.8,True,fridge,0.9996549811892451
67165.0,67174.8,True,pv,0.2225689539853817
67170.0,67179.8,True,baseload,0.9999572976778259
67175.0,67184.8,True,fridge,0.9997016542198495
67180.0,67189.8,True,baseload,0.6621665321257234
67185.0,67194.8,True,pv,0.9999999328879151
67190.0,67199.8,True,baseload,0.9999572977083405
67195.0,67204.8,True,fridge,0.9997016541761783
67200.0,67209.8,True,baseload,0.8073962935883096
67205.0,67214.8,True,baseload,0.22102083342673612
67210.0,67219.8,True,baseload,0.999957297708345
67215.0,67224.8,True,washing_machine,0.5352956780021614
67220.0,67229.8,True,washing_machine,0.5712150748244819
67225.0,67234.8,True,pv,0.9999999294316867
67230.0,67239.8,True,pv,0.9980228325852798
67235.0,67244.8,True,washing_machine,0.5352956772419977
67240.0,67249.8,True,washing_machine,0.5712150757779696
67245.0,67254.8,True,pv,0.9999999328879209
67250.0,67259.8,True,pv,0.9983655857997176
67255.0,67264.8,True,fridge,0.9997016541543743
67260.0,67269.8,True,fridge,0.9996549811905496
67265.0,67274.8,True,pv,0.9999999328879209
67270.0,67279.8,True,baseload,0.999957271649472
67275.0,67284.8,True,baseload,0.6289263709058187
67280.0,67289.8,True,fridge,0.9996549811892418
67285.0,67294.8,True,pv,0.2225690541070914
67290.0,67299.8,True,baseload,0.9999572716495426
67295.0,67304.8,True,washing_machine,0.5352049356707547
67300.0,67309.8,True,washing_machine,0.571215075661103
67305.0,67314.8,True,pv,0.22256585398513135
67310.0,67319.8,True,baseload,0.9999572716189647
67315.0,67324.8,True,baseload,0.6289276236469148
67320.0,67329.8,True,baseload,0.6621665328707894
67325.0,67334.8,True,pv,0.999999929430701
67330.0,67339.8,True,pv,0.9983655857997176
67335.0,67344.8,True,baseload,0.6289276236469086
67340.0,67349.8,True,baseload,0.6621665328594929
67345.0,67354.8,True,pv,0.9999999328879209
67350.0,67359.8,True,baseload,0.9999571849278606
67355.0,67364.8,True,baseload,0.6289263709058186
67360.0,67369.8,True,baseload,0.662165332055205
67365.0,67374.8,True,pv,0.9999999328879153
67370.0,67379.8,True,pv,0.9983655857997173
67375.0,67384.8,True,baseload,0.6289263736340134
67380.0,67389.8,True,baseload,0.6621665328707902
67385.0,67394.8,True,baseload,0.221018422851684
67390.0,67399.8,True,baseload,0.9999572321112719
67395.0,67404.8,True,washing_machine,0.5352956780023873
67400.0,67409.8,True,washing_machine,0.5712150756612193
67405.0,67414.8,True,pv,0.9999999328879209
67410.0,67419.8,True,baseload,0.9999572977083794
67415.0,67424.8,True,washing_machine,0.5352956750935335
67420.0,67429.8,True,washing_machine,0.5712150756612193
67425.0,67434.8,True,pv,0.9999999328879213
67430.0,67439.8,True,pv,0.9983655858031772
67435.0,67444.8,True,baseload,0.6289263709058135
67440.0,67449.8,True,baseload,0.6621665328707892
67445.0,67454.8,True,pv,0.9999999328879087
67450.0,67459.8,True,baseload,0.9999572321418684
67455.0,67464.8,True,washing_machine,0.5352049327617443
67460.0,67469.8,True,washing_machine,0.5712150756612897
67465.0,67474.8,True,pv,0.9999999328879153
67470.0,67479.8,True,baseload,0.9999572321112544
67475.0,67484.8,True,baseload,0.6289263709058196
67480.0,67489.8,True,baseload,0.662165332054913
67485.0,67494.8,True,pv,0.22286217722470378
67490.0,67499.8,True,baseload,0.9999572976778688
67495.0,67504.8,True,washing_machine,0.5352956780023255
67500.0,67509.8,True,washing_machine,0.5712150756612914
67505.0,67514.8,True,pv,0.22256587113002813
67510.0,67519.8,True,baseload,0.9999572977084294
67515.0,67524.8,True,washing_machine,0.5352956780023255
67520.0,67529.8,True,washing_machine,0.5712150756611029
67525.0,67534.8,True,pv,0.9999999328879211
67530.0,67539.8,True,pv,0.9983655858031772
67535.0,67544.8,True,washing_machine,0.5352956780022232
67540.0,67549.8,True,washing_machine,0.5711257278123839
67545.0,67554.8,True,pv,0.9999999328879213
67550.0,67559.8,True,baseload,0.9999572977083792
67555.0,67564.8,True,washing_machine,0.5352956751960626
67560.0,67569.8,True,washing_machine,0.5712150757780401
67565.0,67574.8,True,pv,0.9999999328879156
67570.0,67579.8,True,baseload,0.9999572716189474
67575.0,67584.8,True,washing_machine,0.535295675196125
67580.0,67589.8,True,washing_machine,0.5712150756612906
67585.0,67594.8,True,pv,0.9999999328879211
67590.0,67599.8,True,pv,0.9983655857993462
67595.0,67604.8,True,washing_machine,0.5352956780023873
67600.0,67609.8,True,washing_machine,0.5712150757780297
67605.0,67614.8,True,pv,0.2225690541010385
67610.0,67619.8,True,pv,0.9983655858031274
67615.0,67624.8,True,washing_machine,0.5352956781049164
67620.0,67629.8,True,washing_machine,0.5712150757780409
67625.0,67634.8,True,pv,0.9999999328879153
67630.0,67639.8,True,baseload,0.9999734897238552
67635.0,67644.8,True,washing_machine,0.5352049327618945
67640.0,67649.8,True,washing_machine,0.5712150756611037
67645.0,67654.8,True,pv,0.2225690542474486
67650.0,67659.8,True,pv,0.9983655858031772
67655.0,67664.8,True,washing_machine,0.5352956781049163
67660.0,67669.8,True,washing_machine,0.5712150757779696
67665.0,67674.8,True,pv,0.9999999328879213
67670.0,67679.8,True,baseload,0.9999572716495471
67675.0,67684.8,True,washing_machine,0.5352956750936019
67680.0,67689.8,True,fridge,0.9996549811905523
67685.0,67694.8,True,pv,0.9999999328879153
67690.0,67699.8,True,baseload,0.9999572976778133
67695.0,67704.8,True,fridge,0.9997016541581745
67700.0,67709.8,True,fridge,0.9996549811892445
67705.0,67714.8,True,pv,0.9999999328879213
67710.0,67719.8,True,pv,0.9983655858031772
67715.0,67724.8,True,washing_machine,0.5352956780023873
67720.0,67729.8,True,washing_machine,0.57121507577804
67725.0,67734.8,True,pv,0.9999999328879213
67730.0,67739.8,True,pv,0.9983655858031772
67735.0,67744.8,True,washing_machine,0.5352956750935953
67740.0,67749.8,True,washing_machine,0.5712150756612906
67745.0,67754.8,True,pv,0.9999999329765978
67750.0,67759.8,True,baseload,0.9999572716495055
67755.0,67764.8,True,fridge,0.9997016541546226
67760.0,67769.8,True,washing_machine,0.5712150757777195
67765.0,67774.8,True,pv,0.9999999328879213
67770.0,67779.8,True,pv,0.9983655857993462
67775.0,67784.8,True,washing_machine,0.5352956781048547
67780.0,67789.8,True,washing_machine,0.5712150757777195
67785.0,67794.8,True,pv,0.2225690541010385
67790.0,67799.8,True,pv,0.998365585807193
67795.0,67804.8,True,washing_machine,0.5352956780021614
67800.0,67809.8,True,washing_machine,0.5711257278123839
67805.0,67814.8,True,pv,0.2230548866134569
67810.0,67819.8,True,baseload,0.9999572976778404
67815.0,67824.8,True,washing_machine,0.5352956780023256
67820.0,67829.8,True,washing_machine,0.5712150757780409
67825.0,67834.8,True,pv,0.9999999328879213
67830.0,67839.8,True,baseload,0.9999572321418471
67835.0,67844.8,True,washing_machine,0.5352049327620588
67840.0,67849.8,True,washing_machine,0.57121507577804
67845.0,67854.8,True,pv,0.9999999328879156
67850.0,67859.8,True,pv,0.9983655858031772
67855.0,67864.8,True,fridge,0.9997016541546226
67860.0,67869.8,True,fridge,0.9996549811892411
67865.0,67874.8,True,pv,0.2225658713684144
67870.0,67879.8,True,baseload,0.9999572716495218
67875.0,67884.8,True,washing_machine,0.5352956781049164
67880.0,67889.8,True,washing_machine,0.5712150757777201
67885.0,67894.8,True,pv,0.2230548865835513
67890.0,67899.8,True,pv,0.998365585807193
67895.0,67904.8,True,fridge,0.9997016541546226
67900.0,67909.8,True,fridge,0.9996549811892447
67905.0,67914.8,True,pv,0.22256585430737333
67910.0,67919.8,True,baseload,0.9999572321113007
67915.0,67924.8,True,washing_machine,0.5352956750936025
67920.0,67929.8,True,washing_machine,0.5712150756609692
67925.0,67934.8,True,pv,0.2227583806236851
67930.0,67939.8,True,pv,0.9983655858908799
67935.0,67944.8,True,washing_machine,0.5352956781049164
67940.0,67949.8,True,washing_machine,0.5712150757780408
67945.0,67954.8,True,pv,0.9999999328879158
67950.0,67959.8,True,baseload,0.9999572977084425
67955.0,67964.8,True,washing_machine,0.5352956750936019
67960.0,67969.8,True,fridge,0.9996549811892447
67965.0,67974.8,True,pv,0.22256585273124088
67970.0,67979.8,True,baseload,0.9999734897073411
67975.0,67984.8,True,washing_machine,0.5352956780020798
67980.0,67989.8,True,washing_machine,0.5711257278122205
67985.0,67994.8,True,pv,0.9999999328879213
67990.0,67999.8,True,baseload,0.9999572976778133
67995.0,68004.8,True,fridge,0.9997016541581717
68000.0,68009.8,True,washing_machine,0.5712150756609699
68005.0,68014.8,True,pv,0.9999999328879213
68010.0,68019.8,True,pv,0.9983655858028059
68015.0,68024.8,True,washing_machine,0.5352956781049163
68020.0,68029.8,True,washing_machine,0.5712150757780408
68025.0,68034.8,True,pv,0.9999999328879213
68030.0,68039.8,True,pv,0.9983655858071933
68035.0,68044.8,True,washing_machine,0.535204935670611
68040.0,68049.8,True,washing_machine,0.5712150756612904
68045.0,68054.8,True,pv,0.9999999328879091
68050.0,68059.8,True,pv,0.9983655858028059
68055.0,68064.8,True,washing_machine,0.5352956780023873
68060.0,68069.8,True,washing_machine,0.5712150756609394
68065.0,68074.8,True,pv,0.9999999328879213
68070.0,68079.8,True,baseload,0.999973489723853
68075.0,68084.8,True,washing_machine,0.5352956750934378
68080.0,68089.8,True,washing_machine,0.5712150757777201
68085.0,68094.8,True,pv,0.2230516799983426
68090.0,68099.8,True,baseload,0.9999572716190092
68095.0,68104.8,True,washing_machine,0.5352956751961243
68100.0,68109.8,True,washing_machine,0.57121507577804
68105.0,68114.8,True,pv,0.22275837955234207
68110.0,68119.8,True,pv,0.9983655858048252
68115.0,68124.8,True,washing_machine,0.5352049356709189
68120.0,68129.8,True,washing_machine,0.5712150756612897
68125.0,68134.8,True,pv,0.9999999329765981
68130.0,68139.8,True,baseload,0.9999572716189776
68135.0,68144.8,True,washing_machine,0.5352956780023873
68140.0,68149.8,True,washing_machine,0.5712150756609692
68145.0,68154.8,True,pv,0.9999999328879213
68150.0,68159.8,True,pv,0.9983655858071433
68155.0,68164.8,True,washing_machine,0.5352956750935959
68160.0,68169.8,True,washing_machine,0.5712150756609699
68165.0,68174.8,True,pv,0.22275837946481214
68170.0,68179.8,True,baseload,0.9999572977083592
68175.0,68184.8,True,washing_machine,0.5352049356707547
68180.0,68189.8,True,washing_machine,0.57121507577804
68185.0,68194.8,True,pv,0.9999999328879158
68190.0,68199.8,True,baseload,0.9999572977084494
68195.0,68204.8,True,washing_machine,0.5352049356706104
68200.0,68209.8,True,washing_machine,0.5711257278122196
68205.0,68214.8,True,pv,0.22275837947000804
68210.0,68219.8,True,pv,0.9983655858071933
68215.0,68224.8,True,washing_machine,0.535204935670754
68220.0,68229.8,True,washing_machine,0.5712150756611027
68225.0,68234.8,True,pv,0.22305168044805085
68230.0,68239.8,True,baseload,0.9999572976779378
68235.0,68244.8,True,washing_machine,0.5352049356709806
68240.0,68249.8,True,washing_machine,0.5712150756612897
68245.0,68254.8,True,pv,0.223054885301042
68250.0,68259.8,True,baseload,0.9999572976778128
68255.0,68264.8,True,washing_machine,0.535295678104917
68260.0,68269.8,True,washing_machine,0.5712150756609692
68265.0,68274.8,True,pv,0.22275837946481214
68270.0,68279.8,True,baseload,0.9999572716495562
68275.0,68284.8,True,washing_machine,0.535295678104917
68280.0,68289.8,True,washing_machine,0.5712150756607829
68285.0,68294.8,True,pv,0.22275837955753794
68290.0,68299.8,True,pv,0.9983655858071433
68295.0,68304.8,True,washing_machine,0.535295678002388
68300.0,68309.8,True,washing_machine,0.5712150756612904
68305.0,68314.8,True,pv,0.9999999328879213
68310.0,68319.8,True,pv,0.9983655858071933
68315.0,68324.8,True,washing_machine,0.5352049356707544
68320.0,68329.8,True,washing_machine,0.5711257278124543
68325.0,68334.8,True,pv,0.9999999328879213
68330.0,68339.8,True,pv,0.9983655858068219
68335.0,68344.8,True,washing_machine,0.535204935670754
68340.0,68349.8,True,washing_machine,0.5711257278124545
68345.0,68354.8,True,pv,0.9999999328879213
68350.0,68359.8,True,pv,0.9983655858068217
68355.0,68364.8,True,washing_machine,0.5352956781049165
68360.0,68369.8,True,washing_machine,0.5712150757780406
68365.0,68374.8,True,pv,0.9999999328879158
68370.0,68379.8,True,pv,0.9983655858071933
68375.0,68384.8,True,washing_machine,0.5352956780019436
68380.0,68389.8,True,washing_machine,0.5712150755080939
68385.0,68394.8,True,pv,0.2229943963188701
68390.0,68399.8,True,pv,0.9983655858183066
68395.0,68404.8,True,washing_machine,0.5352049356706111
68400.0,68409.8,True,washing_machine,0.57121507566094
68405.0,68414.8,True,pv,0.9999999328879158
68410.0,68419.8,True,pv,0.9983655858071433
68415.0,68424.8,True,fridge,0.999701654158145
68420.0,68429.8,True,fridge,0.9996549811892409
68425.0,68434.8,True,pv,0.22275519465438026
68430.0,68439.8,True,pv,0.9983655858068219
68435.0,68444.8,True,washing_machine,0.5352956780022232
68440.0,68449.8,True,washing_machine,0.5711257278123837
68445.0,68454.8,True,pv,0.22305488521908393
68450.0,68459.8,True,baseload,0.9999734897073516
68455.0,68464.8,True,washing_machine,0.5352049327616145
68460.0,68469.8,True,washing_machine,0.5712150756609699
68465.0,68474.8,True,pv,0.9999999328879151
68470.0,68479.8,True,baseload,0.9999572321418555
68475.0,68484.8,True,washing_machine,0.535204932761813
68480.0,68489.8,True,washing_machine,0.5711257278126411
68485.0,68494.8,True,pv,0.22275837951442057
68490.0,68499.8,True,baseload,0.9999572716495364
68495.0,68504.8,True,washing_machine,0.535204935670754
68500.0,68509.8,True,washing_machine,0.5712150756612904
68505.0,68514.8,True,pv,0.9999999328879158
68510.0,68519.8,True,baseload,0.9999572716495557
68515.0,68524.8,True,washing_machine,0.5352049355361701
68520.0,68529.8,True,washing_machine,0.5711257276596223
68525.0,68534.8,True,pv,0.2230516974530299
68530.0,68539.8,True,baseload,0.9999734897073078
68535.0,68544.8,True,washing_machine,0.5352956780022232
68540.0,68549.8,True,washing_machine,0.5711257278124543
68545.0,68554.8,True,pv,0.9999999328879213
68550.0,68559.8,True,pv,0.9983655858071933
68555.0,68564.8,True,washing_machine,0.5352049356708165
68560.0,68569.8,True,washing_machine,0.5711257278126411
68565.0,68574.8,True,pv,0.9999999328879213
68570.0,68579.8,True,baseload,0.999957271649536
68575.0,68584.8,True,washing_machine,0.5352049356706727
68580.0,68589.8,True,washing_machine,0.5711257278122908
68585.0,68594.8,True,pv,0.9999999328879213
68590.0,68599.8,True,pv,0.9983655858068217
68595.0,68604.8,True,washing_machine,0.5352956780023873
68600.0,68609.8,True,washing_machine,0.5711257278123205
68605.0,68614.8,True,pv,0.22275837949974292
68610.0,68619.8,True,pv,0.9983655858183066
68615.0,68624.8,True,washing_machine,0.5352049327621137
68620.0,68629.8,True,washing_machine,0.5712150756612897
68625.0,68634.8,True,pv,0.9999999328879087
68630.0,68639.8,True,baseload,0.9999572977084337
68635.0,68644.8,True,washing_machine,0.5352049327619562
68640.0,68649.8,True,washing_machine,0.5711257278126414
68645.0,68654.8,True,pv,0.9999999328879207
68650.0,68659.8,True,pv,0.9983655858183066
68655.0,68664.8,True,washing_machine,0.5352049356705367
68660.0,68669.8,True,washing_machine,0.571215075660783
68665.0,68674.8,True,pv,0.9999999328879207
68670.0,68679.8,True,pv,0.9983655858068219
68675.0,68684.8,True,washing_machine,0.5352049356708162
68680.0,68689.8,True,washing_machine,0.5711257278121337
68685.0,68694.8,True,pv,0.22275837940817408
68690.0,68699.8,True,baseload,0.9999572977084494
68695.0,68704.8,True,washing_machine,0.5352049327619488
68700.0,68709.8,True,washing_machine,0.5711257278121337
68705.0,68714.8,True,pv,0.9999999328879207
68710.0,68719.8,True,pv,0.9983655858183066
68715.0,68724.8,True,washing_machine,0.5352049356709806
68720.0,68729.8,True,washing_machine,0.57121507566097
68725.0,68734.8,True,pv,0.2230516972849986
68730.0,68739.8,True,baseload,0.9999572716190198
68735.0,68744.8,True,washing_machine,0.5352049355362926
68740.0,68749.8,True,washing_machine,0.5711257276597628
68745.0,68754.8,True,pv,0.9999999328879087
68750.0,68759.8,True,pv,0.9513323739936219
68755.0,68764.8,True,fridge,0.7468368211138674
68760.0,68769.8,True,fridge,0.7969084297815501
68765.0,68774.8,True,fridge,0.7711265160700267
68770.0,68779.8,True,fridge,0.7711265160700209
68775.0,68784.8,True,fridge,0.7969084297815493
68780.0,68789.8,True,fridge,0.771126521318171
68785.0,68794.8,True,fridge,0.7969084297815431
68790.0,68799.8,True,fridge,0.7711265213181275
68795.0,68804.8,True,fridge,0.7711265160700701
68800.0,68809.8,True,fridge,0.7711265160700224
68805.0,68814.8,True,washing_machine,0.6339753515176381
68810.0,68819.8,True,washing_machine,0.742266845091134
68815.0,68824.8,True,baseload,0.999953123894416
68820.0,68829.8,True,baseload,0.2689254186616095
68825.0,68834.8,True,baseload,0.2689254266609612
68830.0,68839.8,True,baseload,0.26893019548998015
68835.0,68844.8,True,baseload,0.24186884142742404
68840.0,68849.8,True,fridge,0.9999938740300809
68845.0,68854.8,True,baseload,0.2418688408245151
68850.0,68859.8,True,baseload,0.241868648893373
68855.0,68864.8,True,baseload,0.24169432366440574
68860.0,68869.8,True,baseload,0.24215438280705687
68865.0,68874.8,True,baseload,0.24169432280487085
68870.0,68879.8,True,baseload,0.268582135478048
68875.0,68884.8,True,baseload,0.2690792689352452
68880.0,68889.8,True,baseload,0.26913745561454117
68885.0,68894.8,True,baseload,0.2689301947798745
68890.0,68899.8,True,baseload,0.26844466710052733
68895.0,68904.8,True,baseload,0.24215054843387282
68900.0,68909.8,True,baseload,0.2421499131316802
68905.0,68914.8,True,baseload,0.24215054843829123
68910.0,68919.8,True,baseload,0.24215438282018473
68915.0,68924.8,True,baseload,0.24169432413816333
68920.0,68929.8,True,baseload,0.24169432368479474
68925.0,68934.8,True,baseload,0.24186864809298783
68930.0,68939.8,True,fridge,0.9999955085972279
68935.0,68944.8,True,synchronous,0.45494048273372156
68940.0,68949.8,True,synchronous,0.426593306927544
68945.0,68954.8,True,fridge,0.9951365416659839
68950.0,68959.8,True,fridge,0.9947850732070628
68955.0,68964.8,True,synchronous,0.43849240235614984
68960.0,68969.8,True,synchronous,0.426593306927544
68965.0,68974.8,True,fridge,0.9951365415374944
68970.0,68979.8,True,fridge,0.9947850732070607
68975.0,68984.8,True,synchronous,0.43849249761466885
68980.0,68989.8,True,synchronous,0.426593306927544
68985.0,68994.8,True,fridge,0.6201451028177268
68990.0,68999.8,True,fridge,0.6034917787325154
68995.0,69004.8,True,synchronous,0.438492384979574
69000.0,69009.8,True,synchronous,0.4272702602642037
69005.0,69014.8,True,fridge,0.9951365444769477
69010.0,69019.8,True,fridge,0.999998564349167
69015.0,69024.8,True,synchronous,0.43849011202861
69020.0,69029.8,True,synchronous,0.42659320652356636
69025.0,69034.8,True,fridge,0.9999986615684293
69030.0,69039.8,True,fridge,0.9999985643496873
69035.0,69044.8,True,synchronous,0.4384901218817875
69040.0,69049.8,True,synchronous,0.4272702602642037
69045.0,69054.8,True,fridge,0.9999986645384309
69050.0,69059.8,True,fridge,0.9999985643503927
69055.0,69064.8,True,synchronous,0.43849240235614984
69060.0,69069.8,True,synchronous,0.42659320652356636
69065.0,69074.8,True,fridge,0.9999986622167267
69070.0,69079.8,True,fridge,0.9999985646925529
69075.0,69084.8,True,synchronous,0.43849240235614984
69080.0,69089.8,True,synchronous,0.426593306927544
69085.0,69094.8,True,fridge,0.9999986615684211
69090.0,69099.8,True,fridge,0.9999985643496864
69095.0,69104.8,True,synchronous,0.457717241559418
69100.0,69109.8,True,synchronous,0.44636895703143975
69105.0,69114.8,True,fridge,0.9999984679241911
69110.0,69119.8,True,fridge,0.9999985643503918
69115.0,69124.8,True,synchronous,0.43849240235614984
69120.0,69129.8,True,synchronous,0.42659115565791017
69125.0,69134.8,True,fridge,0.9999986648270803
69130.0,69139.8,True,fridge,0.9999985643504009
69135.0,69144.8,True,synchronous,0.43849240235614984
69140.0,69149.8,True,synchronous,0.4265932805061662
69145.0,69154.8,True,fridge,0.9999986615684286
69150.0,69159.8,True,fridge,0.9999985682117539
69155.0,69164.8,True,synchronous,0.43849239486433333
69160.0,69169.8,True,synchronous,0.426593306927544
69165.0,69174.8,True,fridge,0.9999986615677545
69170.0,69179.8,True,fridge,0.9999985678912292
69175.0,69184.8,True,synchronous,0.43849240235614984
69180.0,69189.8,True,synchronous,0.426593306927544
69185.0,69194.8,True,fridge,0.9999986618684511
69190.0,69199.8,True,fridge,0.9999985682226783
69195.0,69204.8,True,synchronous,0.4384924023879014
69200.0,69209.8,True,synchronous,0.426593306927544
69205.0,69214.8,True,fridge,0.9999986678394662
69210.0,69219.8,True,fridge,0.9999985678905216
69215.0,69224.8,True,synchronous,0.4384901218817875
69220.0,69229.8,True,synchronous,0.4265911556369449
69225.0,69234.8,True,fridge,0.9999986678375984
69230.0,69239.8,True,fridge,0.9999985678912228
69235.0,69244.8,True,synchronous,0.43849240235614984
69240.0,69249.8,True,synchronous,0.4265933069575952
69245.0,69254.8,True,fridge,0.9999986648712946
69250.0,69259.8,True,fridge,0.9999985682226532
69255.0,69264.8,True,synchronous,0.43849238496397863
69260.0,69269.8,True,synchronous,0.42659115565791017
69265.0,69274.8,True,fridge,0.9999986678394449
69270.0,69279.8,True,fridge,0.9999985678904967
69275.0,69284.8,True,synchronous,0.43849240235614984
69280.0,69289.8,True,synchronous,0.426593306927544
69285.0,69294.8,True,fridge,0.9999986648694439
69290.0,69299.8,True,fridge,0.9999983602795346
69295.0,69304.8,True,synchronous,0.45771724159401456
69300.0,69309.8,True,synchronous,0.426593306927544
69305.0,69314.8,True,fridge,0.999998665159982
69310.0,69319.8,True,fridge,0.9999985682089846
69315.0,69324.8,True,synchronous,0.43849240235614984
69320.0,69329.8,True,synchronous,0.4265931801018807
69325.0,69334.8,True,fridge,0.9999986651624798
69330.0,69339.8,True,fridge,0.9999985682145304
69335.0,69344.8,True,synchronous,0.43849240235614984
69340.0,69349.8,True,synchronous,0.4265932805061662
69345.0,69354.8,True,fridge,0.9999986681209936
69350.0,69359.8,True,fridge,0.9999985682198985
69355.0,69364.8,True,synchronous,0.43849240232387626
69360.0,69369.8,True,synchronous,0.4265933069575952
69365.0,69374.8,True,fridge,0.9999986645211791
69370.0,69379.8,True,fridge,0.9999985682233105
69375.0,69384.8,True,synchronous,0.4384923850273342
69380.0,69389.8,True,synchronous,0.42659320652356636
69385.0,69394.8,True,fridge,0.9999986648694377
69390.0,69399.8,True,fridge,0.9999985678912143
69395.0,69404.8,True,synchronous,0.43849240235614984
69400.0,69409.8,True,synchronous,0.42659320652356636
69405.0,69414.8,True,fridge,0.9999986661059885
69410.0,69419.8,True,fridge,0.9999985692237784
69415.0,69424.8,True,synchronous,0.438492384979574
69420.0,69429.8,True,synchronous,0.426593306927544
69425.0,69434.8,True,fridge,0.9999986654667505
69430.0,69439.8,True,fridge,0.9999985689061851
69435.0,69444.8,True,synchronous,0.45771724159401456
69440.0,69449.8,True,synchronous,0.44636886145392574
69445.0,69454.8,True,fridge,0.9999986661060514
69450.0,69459.8,True,fridge,0.9999985692352206
69455.0,69464.8,True,synchronous,0.43849240235614984
69460.0,69469.8,True,synchronous,0.42659115565791017
69465.0,69474.8,True,fridge,0.9999986654667328
69470.0,69479.8,True,fridge,0.9999985692352206
69475.0,69484.8,True,synchronous,0.43849239486433333
69480.0,69489.8,True,synchronous,0.426593306927544
69485.0,69494.8,True,fridge,0.9999986654667301
69490.0,69499.8,True,fridge,0.9999985685326299
69495.0,69504.8,True,synchronous,0.43849240235614984
69500.0,69509.8,True,synchronous,0.4265931801018807
69505.0,69514.8,True,fridge,0.999998666093277
69510.0,69519.8,True,fridge,0.999998568532641
69515.0,69524.8,True,synchronous,0.43849240235614984
69520.0,69529.8,True,synchronous,0.4265933069575952
69525.0,69534.8,True,fridge,0.9999986661060505
69530.0,69539.8,True,fridge,0.9999985692347039
69535.0,69544.8,True,synchronous,0.43849240232387626
69540.0,69549.8,True,synchronous,0.426593306927544
69545.0,69554.8,True,fridge,0.9999986658156695
69550.0,69559.8,True,fridge,0.9999985685326281
69555.0,69564.8,True,synchronous,0.43849240235614984
69560.0,69569.8,True,synchronous,0.426593306927544
69565.0,69574.8,True,fridge,0.9999986661059876
69570.0,69579.8,True,fridge,0.9999985689049503
69575.0,69584.8,True,synchronous,0.43849240235614984
69580.0,69589.8,True,synchronous,0.42659320652356636
69585.0,69594.8,True,fridge,0.9999986654666833
69590.0,69599.8,True,fridge,0.9999985692324654
69595.0,69604.8,True,synchronous,0.457717241558849
69600.0,69609.8,True,synchronous,0.44636886142048215
69605.0,69614.8,True,fridge,0.9999984723783785
69610.0,69619.8,True,fridge,0.9999985696055566
69615.0,69624.8,True,synchronous,0.4384924023479619
69620.0,69629.8,True,synchronous,0.426593306927544
69625.0,69634.8,True,fridge,0.9999986654667283
69630.0,69639.8,True,fridge,0.9999985689099399
69635.0,69644.8,True,synchronous,0.4384924023879014
69640.0,69649.8,True,synchronous,0.426593306927544
69645.0,69654.8,True,fridge,0.9999986660932306
69650.0,69659.8,True,fridge,0.99999856960518
69655.0,69664.8,True,synchronous,0.4384923850273342
69660.0,69669.8,True,synchronous,0.426593306927544
69665.0,69674.8,True,fridge,0.9999986658140786
69670.0,69679.8,True,fridge,0.9999985689030663
69675.0,69684.8,True,synchronous,0.43856204301984186
69680.0,69689.8,True,synchronous,0.4463687514589996
69685.0,69694.8,True,fridge,0.9999984720440006
69690.0,69699.8,True,fridge,0.9999985696055566
69695.0,69704.8,True,synchronous,0.43849238496397863
69700.0,69709.8,True,synchronous,0.42659320652356636
69705.0,69714.8,True,fridge,0.9999986658140768
69710.0,69719.8,True,fridge,0.9999985696055563
69715.0,69724.8,True,synchronous,0.438492384979574
69720.0,69729.8,True,synchronous,0.426593306927544
69725.0,69734.8,True,fridge,0.9999986658133487
69730.0,69739.8,True,fridge,0.9999985696027994
69735.0,69744.8,True,synchronous,0.43849239486433333
69740.0,69749.8,True,synchronous,0.42659320652356636
69745.0,69754.8,True,fridge,0.9999986658140566
69750.0,69759.8,True,fridge,0.9999983618595313
69755.0,69764.8,True,synchronous,0.45771724154185617
69760.0,69769.8,True,synchronous,0.426593306927544
69765.0,69774.8,True,fridge,0.9999986658140133
69770.0,69779.8,True,fridge,0.9999985696055557
69775.0,69784.8,True,synchronous,0.457717241558849
69780.0,69789.8,True,synchronous,0.44636886145392574
69785.0,69794.8,True,fridge,0.9999986658140746
69790.0,69799.8,True,fridge,0.9999985689030647
69795.0,69804.8,True,synchronous,0.43849239486433333
69800.0,69809.8,True,synchronous,0.4265932805061662
69805.0,69814.8,True,fridge,0.9999986658140562
69810.0,69819.8,True,fridge,0.9999983618626888
69815.0,69824.8,True,synchronous,0.45771723344774334
69820.0,69829.8,True,synchronous,0.4265933069575952
69825.0,69834.8,True,fridge,0.9999986658140744
69830.0,69839.8,True,fridge,0.9999984724078265
69835.0,69844.8,True,fridge,0.5590935889075785
69840.0,69849.8,True,fridge,0.5609121030102687
69845.0,69854.8,True,fridge,0.5614852196241568
69850.0,69859.8,True,fridge,0.5609121029720604
69855.0,69864.8,True,fridge,0.5609121029720604
69860.0,69869.8,True,fridge,0.5609121029720604
69865.0,69874.8,True,fridge,0.561438382942762
69870.0,69879.8,True,fridge,0.5614383824270115
69875.0,69884.8,True,fridge,0.561438383397785
69880.0,69889.8,True,fridge,0.561438382942762
69885.0,69894.8,True,fridge,0.5614852196241568
69890.0,69899.8,True,fridge,0.5404768812351157
69895.0,69904.8,True,fridge,0.9999970795223481
69900.0,69909.8,True,fridge,0.9999943994244566
69905.0,69914.8,True,fridge,0.999994437996634
69910.0,69919.8,True,fridge,0.9999944311744721
69915.0,69924.8,True,fridge,0.9999949078102804
69920.0,69929.8,True,synchronous,0.45873292147667805
69925.0,69934.8,True,synchronous,0.45892694168753007
69930.0,69939.8,True,synchronous,0.45900324284202637
69935.0,69944.8,True,synchronous,0.4563898367899466
69940.0,69949.8,True,synchronous,0.4452892556685374
69945.0,69954.8,True,synchronous,0.44759180527825687
69950.0,69959.8,True,synchronous,0.4452893228252898
69955.0,69964.8,True,synchronous,0.43667312278027365
69960.0,69969.8,True,synchronous,0.4341210868615354
69965.0,69974.8,True,synchronous,0.42371668213406366
69970.0,69979.8,True,synchronous,0.4262431172733695
69975.0,69984.8,True,synchronous,0.4239743439638861
69980.0,69989.8,True,synchronous,0.4239977544278261
69985.0,69994.8,True,synchronous,0.4404373256635834
69990.0,69999.8,True,synchronous,0.4404372086936498
69995.0,70004.8,True,synchronous,0.43796770899706733
70000.0,70009.8,True,baseload,0.9997936446390704
70005.0,70014.8,True,washing_machine,0.9999987702174462
70010.0,70019.8,True,washing_machine,0.9999983937432818
70015.0,70024.8,True,washing_machine,0.999998392876631
70020.0,70029.8,True,washing_machine,0.999998364322831
70025.0,70034.8,True,washing_machine,0.9999983643201218
70030.0,70039.8,True,washing_machine,0.9999983592270453
70035.0,70044.8,True,washing_machine,0.9999984274534568
70040.0,70049.8,True,washing_machine,0.9999984274534586
70045.0,70054.8,True,washing_machine,0.9999983643201276
70050.0,70059.8,True,washing_machine,0.99999809971638
70055.0,70064.8,True,washing_machine,0.99999809971638
70060.0,70069.8,True,washing_machine,0.99999809971638
70065.0,70074.8,True,washing_machine,0.9999983592270819
70070.0,70079.8,True,washing_machine,0.9999983592270895
70075.0,70084.8,True,washing_machine,0.9999980997163738
70080.0,70089.8,True,washing_machine,0.9999980942073744
70085.0,70094.8,True,washing_machine,0.9999983592270499
70090.0,70099.8,True,washing_machine,0.9999984274534568
70095.0,70104.8,True,washing_machine,0.9999983643201276
70100.0,70109.8,True,washing_machine,0.9999980942073677
70105.0,70114.8,True,washing_machine,0.9999980939114316
70110.0,70119.8,True,washing_machine,0.9999983592270832
70115.0,70124.8,True,washing_machine,0.9999983643201289
70120.0,70129.8,True,washing_machine,0.99999809971638
70125.0,70134.8,True,washing_machine,0.9999980942073677
70130.0,70139.8,True,washing_machine,0.99999809971638
70135.0,70144.8,True,washing_machine,0.99999809971638
70140.0,70149.8,True,washing_machine,0.9999980942073744
70145.0,70154.8,True,washing_machine,0.9999983592270499
70150.0,70159.8,True,washing_machine,0.9999984274534293
70155.0,70164.8,True,washing_machine,0.999998359227051
70160.0,70169.8,True,washing_machine,0.99999809971638
70165.0,70174.8,True,washing_machine,0.9999980996180925
70170.0,70179.8,True,washing_machine,0.9999980996180925
70175.0,70184.8,True,washing_machine,0.9999980996180925
70180.0,70189.8,True,washing_machine,0.9999980996180925
70185.0,70194.8,True,washing_machine,0.9999983643201289
70190.0,70199.8,True,washing_machine,0.9999984274534568
70195.0,70204.8,True,washing_machine,0.9999983643201289
70200.0,70209.8,True,washing_machine,0.9999980942073744
70205.0,70214.8,True,washing_machine,0.99999809971638
70210.0,70219.8,True,washing_machine,0.9999980997163791
70215.0,70224.8,True,washing_machine,0.9999983592270895
70220.0,70229.8,True,washing_machine,0.9999984274534655
70225.0,70234.8,True,washing_machine,0.9999980996180925
70230.0,70239.8,True,washing_machine,0.9999980996180925
70235.0,70244.8,True,washing_machine,0.99999809971638
70240.0,70249.8,True,washing_machine,0.9999980997170592
70245.0,70254.8,True,washing_machine,0.9999983643201289
70250.0,70259.8,True,washing_machine,0.9999984274534568
70255.0,70264.8,True,washing_machine,0.9999983643201289
70260.0,70269.8,True,washing_machine,0.9999983592270888
70265.0,70274.8,True,washing_machine,0.9999984274534279
70270.0,70279.8,True,washing_machine,0.9999983643201289
70275.0,70284.8,True,washing_machine,0.9999983643201276
70280.0,70289.8,True,washing_machine,0.9999983643201218
70285.0,70294.8,True,washing_machine,0.9999983592270428
70290.0,70299.8,True,washing_machine,0.9999983979723798
70295.0,70304.8,True,washing_machine,0.9999981398184056
70300.0,70309.8,True,washing_machine,0.999998415643699
70305.0,70314.8,True,washing_machine,0.9999986035339766
70310.0,70319.8,True,washing_machine,0.8533524742949689
70315.0,70324.8,True,washing_machine,0.8533524743809973
70320.0,70329.8,True,washing_machine,0.8533524754591078
70325.0,70334.8,True,washing_machine,0.8692123035861223
70330.0,70339.8,True,washing_machine,0.7422668548851787
70335.0,70344.8,True,fridge,0.7293798922588975
70340.0,70349.8,True,fridge,0.6982711962950661
70345.0,70354.8,True,fridge,0.7711265211642384
70350.0,70359.8,True,fridge,0.7711265262755201
70355.0,70364.8,True,fridge,0.5359893404752044
70360.0,70369.8,True,washing_machine,0.5020454439511285
70365.0,70374.8,True,washing_machine,0.5020454520550656
70370.0,70379.8,True,washing_machine,0.6642252273321589
70375.0,70384.8,True,washing_machine,0.9999995427517742
70380.0,70389.8,True,washing_machine,0.9999964571959641
70385.0,70394.8,True,washing_machine,0.9999994783899552
70390.0,70399.8,True,washing_machine,0.9999994784625978
70395.0,70404.8,True,washing_machine,0.9999994783899538
70400.0,70409.8,True,washing_machine,0.9999994664094206
70405.0,70414.8,True,washing_machine,0.9999994783899538
70410.0,70419.8,True,washing_machine,0.9999994664094171
70415.0,70424.8,True,washing_machine,0.9999994783899538
70420.0,70429.8,True,washing_machine,0.9999994784625958
70425.0,70434.8,True,washing_machine,0.9999993948265503
70430.0,70439.8,True,washing_machine,0.9999995438218687
70435.0,70444.8,True,pv,0.99785068566553
70440.0,70449.8,True,pv,0.9999999223821163
70445.0,70454.8,True,baseload,0.2695236554670146
70450.0,70459.8,True,pv,0.9999999224595315
70455.0,70464.8,True,pv,0.9999999225746468
70460.0,70469.8,True,baseload,0.26858214565462435
70465.0,70474.8,True,baseload,0.26858214600634306
70470.0,70479.8,True,pv,0.9999999224707938
70475.0,70484.8,True,pv,0.999999922432655
70480.0,70489.8,True,pv,0.9999999224326548
70485.0,70494.8,True,baseload,0.2697159420260485
70490.0,70499.8,True,baseload,0.2695236554974351
70495.0,70504.8,True,baseload,0.2695236554670146
70500.0,70509.8,True,baseload,0.26971672626951965
70505.0,70514.8,True,pv,0.9999999225746468
70510.0,70519.8,True,baseload,0.2695236554670146
70515.0,70524.8,True,pv,0.9999999225484917
70520.0,70529.8,True,pv,0.9999999225140215
70525.0,70534.8,True,pv,0.9999999225213418
70530.0,70539.8,True,pv,0.9999999224859684
70535.0,70544.8,True,baseload,0.2697167262764284
70540.0,70549.8,True,baseload,0.26917456517716337
70545.0,70554.8,True,baseload,0.2685821454780952
70550.0,70559.8,True,baseload,0.2685821461065208
70555.0,70564.8,True,baseload,0.26858214706190214
70560.0,70569.8,True,pv,0.9999999225746468
70565.0,70574.8,True,pv,0.9999999225482099
70570.0,70579.8,True,baseload,0.26971595079102123
70575.0,70584.8,True,baseload,0.2695236554670146
70580.0,70589.8,True,baseload,0.26893020472932416
70585.0,70594.8,True,baseload,0.26917456517716337
70590.0,70599.8,True,pv,0.9999999225213407
70595.0,70604.8,True,pv,0.9999999224859684
70600.0,70609.8,True,baseload,0.2689302047277013
70605.0,70614.8,True,pv,0.9999999224859684
70610.0,70619.8,True,pv,0.9999999224595313
70615.0,70624.8,True,pv,0.999999922521341
70620.0,70629.8,True,pv,0.9999999225484915
70625.0,70634.8,True,baseload,0.2695236554670146
70630.0,70639.8,True,pv,0.9999999224598133
70635.0,70644.8,True,baseload,0.268582145668136
70640.0,70649.8,True,baseload,0.2691745662458086
70645.0,70654.8,True,baseload,0.26858238011578206
70650.0,70659.8,True,pv,0.9999999224708771
70655.0,70664.8,True,pv,0.9999999225484915
70660.0,70669.8,True,baseload,0.2695236554670146
70665.0,70674.8,True,baseload,0.2685821454767763
70670.0,70679.8,True,pv,0.9999999224707936
70675.0,70684.8,True,baseload,0.2685821454780952
70680.0,70689.8,True,pv,0.9999999223821163
70685.0,70694.8,True,pv,0.9999999225482099
70690.0,70699.8,True,baseload,0.2685821454479964
70695.0,70704.8,True,pv,0.999999922470793
70700.0,70709.8,True,baseload,0.2697167262764284
70705.0,70714.8,True,pv,0.9999999225484935
70710.0,70719.8,True,pv,0.9999999225213423
70715.0,70724.8,True,baseload,0.2695236607534934
70720.0,70729.8,True,baseload,0.2697159465355454
70725.0,70734.8,True,baseload,0.26971673154207165
70730.0,70739.8,True,baseload,0.26972073096875854
70735.0,70744.8,True,baseload,0.268582150904182
70740.0,70749.8,True,baseload,0.2685821517991125
70745.0,70754.8,True,baseload,0.2685821514509405
70750.0,70759.8,True,baseload,0.26917480526715837
70755.0,70764.8,True,baseload,0.24211151276221068
70760.0,70769.8,True,baseload,0.2685823853916902
70765.0,70774.8,True,pv,0.9999999224707952
70770.0,70779.8,True,pv,0.9999999224595322
70775.0,70784.8,True,pv,0.9999999225482119
70780.0,70789.8,True,baseload,0.26971594794060694
70785.0,70794.8,True,pv,0.9999999225746485
70790.0,70799.8,True,baseload,0.2685821503788911
70795.0,70804.8,True,baseload,0.2695236607540372
70800.0,70809.8,True,baseload,0.2685821496894102
70805.0,70814.8,True,baseload,0.26917457017359087
70810.0,70819.8,True,pv,0.9999999224595322
70815.0,70824.8,True,pv,0.9999999225746485
70820.0,70829.8,True,baseload,0.26893020995664974
70825.0,70834.8,True,baseload,0.268925433106892
70830.0,70839.8,True,baseload,0.2695236607540372
70835.0,70844.8,True,pv,0.9999999224707954
70840.0,70849.8,True,baseload,0.2685821503788911
70845.0,70854.8,True,baseload,0.26971594793006715
70850.0,70859.8,True,pv,0.9999999225482115
70855.0,70864.8,True,pv,0.9999999225140233
70860.0,70869.8,True,pv,0.9999999225140233
70865.0,70874.8,True,pv,0.9999999225213427
70870.0,70879.8,True,baseload,0.2691745694268851
70875.0,70884.8,True,pv,0.9999999224707956
70880.0,70889.8,True,baseload,0.2697159465529939
70885.0,70894.8,True,pv,0.9999999224326563
70890.0,70899.8,True,baseload,0.2698700716818323
70895.0,70904.8,True,baseload,0.26917456942510554
70900.0,70909.8,True,baseload,0.268582150419205
70905.0,70914.8,True,baseload,0.2697159465585463
70910.0,70919.8,True,baseload,0.26972073097621113
70915.0,70924.8,True,baseload,0.2689254337433639
70920.0,70929.8,True,baseload,0.26971594649494995
70925.0,70934.8,True,baseload,0.2697159464241295
70930.0,70939.8,True,pv,0.9999999225482119
70935.0,70944.8,True,baseload,0.2695236607901233
70940.0,70949.8,True,baseload,0.26858214974287314
70945.0,70954.8,True,baseload,0.26893020997574274
70950.0,70959.8,True,baseload,0.26893020998705136
70955.0,70964.8,True,pv,0.999999922459534
70960.0,70969.8,True,baseload,0.2695236607728544
70965.0,70974.8,True,pv,0.9999999224707952
70970.0,70979.8,True,baseload,0.26858215144962155
70975.0,70984.8,True,baseload,0.26858215136904023
70980.0,70989.8,True,baseload,0.24211132060322432
70985.0,70994.8,True,baseload,0.24211132114120645
70990.0,70999.8,True,pv,0.9999999223821192
70995.0,71004.8,True,baseload,0.26971594795873644
71000.0,71009.8,True,baseload,0.2697167315776499
71005.0,71014.8,True,pv,0.9999999225213427
71010.0,71019.8,True,pv,0.999999922432657
71015.0,71024.8,True,pv,0.9999999225482119
71020.0,71029.8,True,baseload,0.26971594795997667
71025.0,71034.8,True,baseload,0.2697167315776499
71030.0,71039.8,True,baseload,0.26893020995664974
71035.0,71044.8,True,pv,0.9999999224707969
71040.0,71049.8,True,baseload,0.2685821568691231
71045.0,71054.8,True,baseload,0.2685821557141464
71050.0,71059.8,True,baseload,0.2689262204095571
71055.0,71064.8,True,baseload,0.26892543873083236
71060.0,71069.8,True,baseload,0.2697159515238425
71065.0,71074.8,True,pv,0.9999999225482135
71070.0,71079.8,True,pv,0.9999999225482135
71075.0,71084.8,True,pv,0.999999922459536
71080.0,71089.8,True,baseload,0.26952366582298876
71085.0,71094.8,True,baseload,0.26893021500680414
71090.0,71099.8,True,pv,0.9999999225482139
71095.0,71104.8,True,pv,0.9999999224326601
71100.0,71109.8,True,pv,0.9999999225746505
71105.0,71114.8,True,baseload,0.26917457519465093
71110.0,71119.8,True,baseload,0.2685821564481756
71115.0,71124.8,True,baseload,0.26858215466084584
71120.0,71129.8,True,baseload,0.2689302149549448
71125.0,71134.8,True,baseload,0.2685821559680936
71130.0,71139.8,True,baseload,0.2691745744348734
71135.0,71144.8,True,baseload,0.2689262204095571
71140.0,71149.8,True,baseload,0.268930215018968
71145.0,71154.8,True,baseload,0.26893021498600644
71150.0,71159.8,True,baseload,0.2697159529706386
71155.0,71164.8,True,pv,0.9999999224326592
71160.0,71169.8,True,pv,0.9999999225482141
71165.0,71174.8,True,baseload,0.2697159610902818
71170.0,71179.8,True,baseload,0.2691745744361104
71175.0,71184.8,True,baseload,0.26917457550138785
71180.0,71189.8,True,pv,0.9999999225482141
71185.0,71194.8,True,pv,0.999999922521345
71190.0,71199.8,True,baseload,0.2697167365882077
71195.0,71204.8,True,baseload,0.2689262204095571
71200.0,71209.8,True,pv,0.999999922521345
71205.0,71214.8,True,pv,0.9999999224707983
71210.0,71219.8,True,pv,0.9999999224707983
71215.0,71224.8,True,baseload,0.2689302149549448
71220.0,71229.8,True,pv,0.9999999225482146
71225.0,71234.8,True,pv,0.9999999225213461
71230.0,71239.8,True,pv,0.9999999225140257
71235.0,71244.8,True,pv,0.9999999225140257
71240.0,71249.8,True,baseload,0.2698700751645558
71245.0,71254.8,True,baseload,0.26917481109006425
71250.0,71259.8,True,pv,0.999999922377216
71255.0,71264.8,True,baseload,0.2419004787420458
71260.0,71269.8,True,baseload,0.2685823913110843
71265.0,71274.8,True,pv,0.999999922574651
71270.0,71279.8,True,pv,0.9999999225482146
71275.0,71284.8,True,baseload,0.2697159529706386
71280.0,71289.8,True,baseload,0.2685821573527353
71285.0,71294.8,True,baseload,0.24211151514940163
71290.0,71299.8,True,baseload,0.2685821557777358
71295.0,71304.8,True,baseload,0.2695236657812509
71300.0,71309.8,True,baseload,0.2689302150385875
71305.0,71314.8,True,baseload,0.2689302150151748
71310.0,71319.8,True,baseload,0.2695236657812509
71315.0,71324.8,True,baseload,0.26971595234361073
71320.0,71329.8,True,pv,0.9999999225482146
71325.0,71334.8,True,baseload,0.2697159523861424
71330.0,71339.8,True,pv,0.9999999225213461
71335.0,71344.8,True,pv,0.9999999225213461
71340.0,71349.8,True,pv,0.9999999225140259
71345.0,71354.8,True,pv,0.9999999225482148
71350.0,71359.8,True,pv,0.9999999225482148
71355.0,71364.8,True,pv,0.9999999224707992
71360.0,71369.8,True,baseload,0.2685821591943937
71365.0,71374.8,True,pv,0.9999999225746521
71370.0,71379.8,True,pv,0.9999999225746521
71375.0,71384.8,True,baseload,0.2689302184520702
71380.0,71389.8,True,baseload,0.26892544218539083
71385.0,71394.8,True,baseload,0.26892622386410114
71390.0,71399.8,True,pv,0.999999922548497
71395.0,71404.8,True,pv,0.9999999225459266
71400.0,71409.8,True,pv,0.9999999224707989
71405.0,71414.8,True,baseload,0.2689302184324508
71410.0,71419.8,True,baseload,0.26971674000955953
71415.0,71424.8,True,pv,0.9999999224707992
71420.0,71429.8,True,baseload,0.24211151948551068
71425.0,71434.8,True,baseload,0.24211151864223626
71430.0,71439.8,True,baseload,0.26892544218539083
71435.0,71444.8,True,baseload,0.2697159549298025
71440.0,71449.8,True,baseload,0.2698700786170211
71445.0,71454.8,True,baseload,0.2698700802478631
71450.0,71459.8,True,baseload,0.26971595463607995
71455.0,71464.8,True,pv,0.9999999225213472
71460.0,71469.8,True,pv,0.9999999225213472
71465.0,71474.8,True,baseload,0.2691745805670248
71470.0,71479.8,True,baseload,0.24211132855069656
71475.0,71484.8,True,pv,0.9999999224707989
71480.0,71489.8,True,baseload,0.2689302184337504
71485.0,71494.8,True,baseload,0.26972073911213074
71490.0,71499.8,True,pv,0.9999999225482157
71495.0,71504.8,True,baseload,0.2689254407249978
71500.0,71509.8,True,baseload,0.26858239458027494
71505.0,71514.8,True,baseload,0.2685823938251378
71510.0,71519.8,True,baseload,0.26892544183365025
71515.0,71524.8,True,baseload,0.26971595503891516
71520.0,71529.8,True,pv,0.9999999225459266
71525.0,71534.8,True,pv,0.9999999224707998
71530.0,71539.8,True,baseload,0.26858216022875375
71535.0,71544.8,True,pv,0.9999999224707998
71540.0,71549.8,True,baseload,0.26858215963407706
71545.0,71554.8,True,pv,0.9999999225746521
71550.0,71559.8,True,baseload,0.26892622387100384
71555.0,71564.8,True,baseload,0.2697159564332963
71560.0,71569.8,True,baseload,0.2689254502920388
71565.0,71574.8,True,pv,0.999999922548497
71570.0,71579.8,True,baseload,0.2697159564332963
71575.0,71584.8,True,pv,0.9999999225482152
71580.0,71589.8,True,pv,0.9999999224708833
71585.0,71594.8,True,pc,0.2705563877230804
71590.0,71599.8,True,baseload,0.26858216025579246
71595.0,71604.8,True,baseload,0.26917457791593635
71600.0,71609.8,True,baseload,0.2685821595362558
71605.0,71614.8,True,baseload,0.26858215812477754
71610.0,71619.8,True,pv,0.9999999225482157
71615.0,71624.8,True,baseload,0.2689254421910547
71620.0,71629.8,True,pv,0.9999999225746521
71625.0,71634.8,True,baseload,0.26893021843186765
71630.0,71639.8,True,baseload,0.26996305288786615
71635.0,71644.8,True,pv,0.9999999225746521
71640.0,71649.8,True,baseload,0.2685821590080079
71645.0,71654.8,True,baseload,0.26858215883557096
71650.0,71659.8,True,pv,0.9999999225213472
71655.0,71664.8,True,pv,0.9999999225746521
71660.0,71669.8,True,baseload,0.2421113264818733
71665.0,71674.8,True,pv,0.9999999224707998
71670.0,71679.8,True,pv,0.999999922548497
71675.0,71684.8,True,baseload,0.26892544243861216
71680.0,71689.8,True,baseload,0.2701172703252909
71685.0,71694.8,True,baseload,0.2699630516902683
71690.0,71699.8,True,pv,0.9999999225482157
71695.0,71704.8,True,baseload,0.2689254415678238
71700.0,71709.8,True,baseload,0.2689254421929875
71705.0,71714.8,True,pv,0.9999999225482155
71710.0,71719.8,True,baseload,0.2697159645543205
71715.0,71724.8,True,baseload,0.26972711206701155
71720.0,71729.8,True,pv,0.9999999225213463
71725.0,71734.8,True,pv,0.9999999225482152
71730.0,71739.8,True,baseload,0.2685821596338123
71735.0,71744.8,True,baseload,0.24211132666691687
71740.0,71749.8,True,baseload,0.26858239393181377
71745.0,71754.8,True,pv,0.9999999225482152
71750.0,71759.8,True,baseload,0.26892544091671566
71755.0,71764.8,True,pv,0.9999999225482152
71760.0,71769.8,True,baseload,0.2699638379418825
71765.0,71774.8,True,baseload,0.2689262238512283
71770.0,71779.8,True,baseload,0.2689302184814655
71775.0,71784.8,True,baseload,0.24239754769497646
71780.0,71789.8,True,baseload,0.24239754769629485
71785.0,71794.8,True,baseload,0.26917457862205824
71790.0,71799.8,True,baseload,0.26858215917061556
71795.0,71804.8,True,baseload,0.26858215885512293
71800.0,71809.8,True,baseload,0.2697159558094439
71805.0,71814.8,True,pv,0.9999999225746521
71810.0,71819.8,True,baseload,0.2685821589151569
71815.0,71824.8,True,pv,0.9999999224707996
71820.0,71829.8,True,baseload,0.26858216075970753
71825.0,71834.8,True,baseload,0.2685821591813739
71830.0,71839.8,True,baseload,0.2685821582093159
71835.0,71844.8,True,baseload,0.24211132751699269
71840.0,71849.8,True,pv,0.9999999224707996
71845.0,71854.8,True,pv,0.9999999225213472
71850.0,71859.8,True,pv,0.9999999225482152
71855.0,71864.8,True,baseload,0.2689254419983094
71860.0,71869.8,True,pv,0.9999999225482157
71865.0,71874.8,True,pv,0.9999999225140268
71870.0,71879.8,True,pv,0.9999999225213472
71875.0,71884.8,True,baseload,0.2699630514714044
71880.0,71889.8,True,pv,0.9999999225482157
71885.0,71894.8,True,baseload,0.24211132820597245
71890.0,71899.8,True,fridge,0.9999938847527761
71895.0,71904.8,True,pv,0.9999999224707994
71900.0,71909.8,True,pv,0.9999999225140268
71905.0,71914.8,True,pv,0.9999999225213463
71910.0,71919.8,True,baseload,0.26892622394354143
71915.0,71924.8,True,baseload,0.2689254419983094
71920.0,71929.8,True,pv,0.9999999225485001
71925.0,71934.8,True,pv,0.9999999225140268
71930.0,71939.8,True,pv,0.9999999225140268
71935.0,71944.8,True,pv,0.9999999225140268
71940.0,71949.8,True,pv,0.999999922548497
71945.0,71954.8,True,baseload,0.2689302184814655
71950.0,71959.8,True,baseload,0.2689302184883679
71955.0,71964.8,True,pv,0.9999999224707994
71960.0,71969.8,True,baseload,0.2685821595198957
71965.0,71974.8,True,baseload,0.26893021851252713
71970.0,71979.8,True,pv,0.9999999225484999
71975.0,71984.8,True,pv,0.9999999225140268
71980.0,71989.8,True,baseload,0.26996305316040253
71985.0,71994.8,True,baseload,0.2694210202017002
71990.0,71999.8,True,baseload,0.26858215792706375
71995.0,72004.8,True,baseload,0.2699630517382521
72000.0,72009.8,True,pv,0.9999999225746523
72005.0,72014.8,True,baseload,0.26858215898088944
72010.0,72019.8,True,baseload,0.26858215893586523
72015.0,72024.8,True,baseload,0.26996784467634194
72020.0,72029.8,True,baseload,0.24239754744133846
72025.0,72034.8,True,baseload,0.24211132655285916
72030.0,72039.8,True,baseload,0.2689302182453418
72035.0,72044.8,True,baseload,0.2689262236770194
72040.0,72049.8,True,baseload,0.2685821581821975
72045.0,72054.8,True,baseload,0.24211132714801453
72050.0,72059.8,True,baseload,0.2685821594365076
72055.0,72064.8,True,baseload,0.26858215892898424
72060.0,72069.8,True,baseload,0.2689254420245204
72065.0,72074.8,True,baseload,0.26892544083631165
72070.0,72079.8,True,baseload,0.27011726926434315
72075.0,72084.8,True,baseload,0.2701756058818415
72080.0,72089.8,True,pv,0.9999999225482155
72085.0,72094.8,True,baseload,0.2689254420245204
72090.0,72099.8,True,baseload,0.2689254422967047
72095.0,72104.8,True,baseload,0.26892544083631165
72100.0,72109.8,True,baseload,0.2689302182715537
72105.0,72114.8,True,baseload,0.24239754778928072
72110.0,72119.8,True,pv,0.9999999225484972
72115.0,72124.8,True,pv,0.9999999225482155
72120.0,72129.8,True,baseload,0.26892544104414684
72125.0,72134.8,True,baseload,0.27011727089339227
72130.0,72139.8,True,baseload,0.26893657599207954
72135.0,72144.8,True,pv,0.9999999225459266
72140.0,72149.8,True,pv,0.9999999225213472
72145.0,72154.8,True,baseload,0.2689254420301843
72150.0,72159.8,True,baseload,0.2699630516345442
72155.0,72164.8,True,baseload,0.26858215896078286
72160.0,72169.8,True,baseload,0.2682937506471787
72165.0,72174.8,True,baseload,0.26893021850767734
72170.0,72179.8,True,baseload,0.2697706607109209
72175.0,72184.8,True,baseload,0.26996383778031363
72180.0,72189.8,True,pv,0.9999999225746523
72185.0,72194.8,True,baseload,0.2689262239766553
72190.0,72199.8,True,baseload,0.2689254422967047
72195.0,72204.8,True,baseload,0.26942102098586873
72200.0,72209.8,True,baseload,0.268582160864942
72205.0,72214.8,True,pv,0.9999999225213463
72210.0,72219.8,True,baseload,0.2697706604446189
72215.0,72224.8,True,baseload,0.26893021827221375
72220.0,72229.8,True,baseload,0.26892544041517263
72225.0,72234.8,True,baseload,0.2689254416715417
72230.0,72239.8,True,baseload,0.2691180191626783
72235.0,72244.8,True,baseload,0.26911801998992074
72240.0,72249.8,True,pv,0.9999999224708005
72245.0,72254.8,True,baseload,0.2421509297226355
72250.0,72259.8,True,baseload,0.26896893260159943
72255.0,72264.8,True,baseload,0.2689641566553177
72260.0,72269.8,True,baseload,0.26896494081982475
72265.0,72274.8,True,baseload,0.2700066717850621
72270.0,72279.8,True,baseload,0.2702144504741579
72275.0,72284.8,True,baseload,0.2702144502092954
72280.0,72289.8,True,baseload,0.2701561092060752
72285.0,72294.8,True,baseload,0.26896415519452016
72290.0,72299.8,True,pv,0.999999922548217
72295.0,72304.8,True,baseload,0.26862075570861516
72300.0,72309.8,True,baseload,0.24215093014801028
72305.0,72314.8,True,baseload,0.26945971387275347
72310.0,72319.8,True,baseload,0.26896893396696975
72315.0,72324.8,True,baseload,0.2689641563920693
72320.0,72329.8,True,baseload,0.24243725969730665
72325.0,72334.8,True,baseload,0.26862075866873997
72330.0,72339.8,True,baseload,0.2686209945230262
72335.0,72344.8,True,pc,0.2705970618199242
72340.0,72349.8,True,baseload,0.24215092991471981
72345.0,72354.8,True,baseload,0.26862075633643584
72350.0,72359.8,True,baseload,0.2701561100371538
72355.0,72364.8,True,baseload,0.27000266782542426
72360.0,72369.8,True,baseload,0.26896893587316795
72365.0,72374.8,True,baseload,0.27000266782542426
72370.0,72379.8,True,baseload,0.2691180216305795
72375.0,72384.8,True,baseload,0.26896415683833635
72380.0,72389.8,True,baseload,0.2701561116837023
72385.0,72394.8,True,baseload,0.26945971551503367
72390.0,72399.8,True,baseload,0.24215093135961532
72395.0,72404.8,True,baseload,0.26862076097345644
72400.0,72409.8,True,baseload,0.26862076131883056
72405.0,72414.8,True,baseload,0.24215093075338406
72410.0,72419.8,True,pv,0.9999999225482179
72415.0,72424.8,True,baseload,0.2689641605556662
72420.0,72429.8,True,baseload,0.2689752933052734
72425.0,72434.8,True,baseload,0.26896893387904525
72430.0,72439.8,True,baseload,0.24215092977716082
72435.0,72444.8,True,baseload,0.26896893588006665
72440.0,72449.8,True,baseload,0.2689649408261001
72445.0,72454.8,True,baseload,0.27000667316523624
72450.0,72459.8,True,baseload,0.2424372611412228
72455.0,72464.8,True,baseload,0.2686897837875426
72460.0,72469.8,True,baseload,0.26921105931795364
72465.0,72474.8,True,baseload,0.2700018811490791
72470.0,72479.8,True,baseload,0.2689641599302714
72475.0,72484.8,True,baseload,0.2694597146834014
72480.0,72489.8,True,baseload,0.26862076066356516
72485.0,72494.8,True,pv,0.9999999225482179
72490.0,72499.8,True,pv,0.9999999225746545
72495.0,72504.8,True,baseload,0.26980947148254314
72500.0,72509.8,True,pv,0.9999999225482179
72505.0,72514.8,True,baseload,0.27000188191816427
72510.0,72519.8,True,baseload,0.2694597149920793
72515.0,72524.8,True,pv,0.9999999224708012
72520.0,72529.8,True,pc,0.2688792884825668
72525.0,72534.8,True,baseload,0.26681787397148665
72530.0,72539.8,True,baseload,0.2700018811490791
72535.0,72544.8,True,baseload,0.2686207609803337
72540.0,72549.8,True,pc,0.27059706571083547
72545.0,72554.8,True,pv,0.9999999225746545
72550.0,72559.8,True,baseload,0.2698094714661867
72555.0,72564.8,True,baseload,0.26896893581376013
72560.0,72569.8,True,baseload,0.24215093063081455
72565.0,72574.8,True,baseload,0.26921584594215103
72570.0,72579.8,True,baseload,0.26922222191203776
72575.0,72584.8,True,baseload,0.2692110699639328
72580.0,72589.8,True,baseload,0.2689689360003225
72585.0,72594.8,True,baseload,0.24215093048613118
72590.0,72599.8,True,baseload,0.24215093070079835
72595.0,72604.8,True,baseload,0.2686207630463124
72600.0,72609.8,True,baseload,0.2686207624632386
72605.0,72614.8,True,baseload,0.26896893582065884
72610.0,72619.8,True,baseload,0.2701561135954239
72615.0,72624.8,True,baseload,0.27015611168429804
72620.0,72629.8,True,baseload,0.26896416831524195
72625.0,72634.8,True,pv,0.9999999225213496
72630.0,72639.8,True,baseload,0.26945971676378305
72635.0,72644.8,True,baseload,0.2694597183094913
72640.0,72649.8,True,baseload,0.2693650186046183
72645.0,72654.8,True,baseload,0.26911802412666225
72650.0,72659.8,True,baseload,0.2689641704449417
72655.0,72664.8,True,baseload,0.26896416233011833
72660.0,72669.8,True,baseload,0.2692222234256296
72665.0,72674.8,True,baseload,0.2689641616453179
72670.0,72679.8,True,baseload,0.26886712201745144
72675.0,72684.8,True,pc,0.2705970668513371
72680.0,72689.8,True,baseload,0.26886712201745144
72685.0,72694.8,True,baseload,0.2694597182110338
72690.0,72699.8,True,pc,0.2708554578863759
72695.0,72704.8,True,fridge,0.9999955499093663
72700.0,72709.8,True,fridge,0.9999983611224043
72705.0,72714.8,True,fridge,0.9999986805833505
72710.0,72719.8,True,fridge,0.9999955717250747
72715.0,72724.8,True,fridge,0.9999955717250874
72720.0,72729.8,True,fridge,0.999995571725056
72725.0,72734.8,True,fridge,0.9999955716793985
72730.0,72739.8,True,fridge,0.9999955716793949
72735.0,72744.8,True,fridge,0.9999955742015733
72740.0,72749.8,True,fridge,0.9999955501995279
72745.0,72754.8,True,fridge,0.999995574201597
72750.0,72759.8,True,fridge,0.9999955715407441
72755.0,72764.8,True,fridge,0.9999955716793985
72760.0,72769.8,True,fridge,0.9999955716793985
72765.0,72774.8,True,fridge,0.9999955717250725
72770.0,72779.8,True,fridge,0.9999955717250736
72775.0,72784.8,True,fridge,0.9999955717250718
72780.0,72789.8,True,fridge,0.9999955715407268
72785.0,72794.8,True,fridge,0.9999955717250558
72790.0,72799.8,True,fridge,0.9999955717250736
72795.0,72804.8,True,fridge,0.9999955715407246
72800.0,72809.8,True,fridge,0.9999955715407273
72805.0,72814.8,True,fridge,0.9999955476022884
72810.0,72819.8,True,fridge,0.9999955497263977
72815.0,72824.8,True,fridge,0.9999955737284595
72820.0,72829.8,True,fridge,0.999995574201591
72825.0,72834.8,True,fridge,0.9999955480753906
72830.0,72839.8,True,fridge,0.9999955501995279
72835.0,72844.8,True,fridge,0.9999955742015935
72840.0,72849.8,True,fridge,0.9999955717250729
72845.0,72854.8,True,fridge,0.9999955715408467
72850.0,72859.8,True,fridge,0.9999955717250729
72855.0,72864.8,True,fridge,0.999995571725056
72860.0,72869.8,True,fridge,0.9999955717250729
72865.0,72874.8,True,fridge,0.9999955717250698
72870.0,72879.8,True,fridge,0.9999955717250729
72875.0,72884.8,True,fridge,0.9999955742015793
72880.0,72889.8,True,fridge,0.9999955716794009
72885.0,72894.8,True,fridge,0.999995571679398
72890.0,72899.8,True,fridge,0.999995571540849
72895.0,72904.8,True,fridge,0.9999955715407461
72900.0,72909.8,True,fridge,0.9999955742015941
72905.0,72914.8,True,fridge,0.9999955742015935
72910.0,72919.8,True,fridge,0.999995547602283
72915.0,72924.8,True,fridge,0.9999955503178604
72920.0,72929.8,True,fridge,0.9999955476022868
72925.0,72934.8,True,fridge,0.9999955742015955
72930.0,72939.8,True,fridge,0.9999955480754086
72935.0,72944.8,True,fridge,0.9999955480754072
72940.0,72949.8,True,fridge,0.9999955737284455
72945.0,72954.8,True,fridge,0.9999955497264057
72950.0,72959.8,True,fridge,0.9999955476022828
72955.0,72964.8,True,fridge,0.9999955717250718
72960.0,72969.8,True,fridge,0.9999955742015968
72965.0,72974.8,True,fridge,0.9999955763258166
72970.0,72979.8,True,fridge,0.9999955742015975
72975.0,72984.8,True,fridge,0.9999955717250718
72980.0,72989.8,True,fridge,0.9999955717250769
72985.0,72994.8,True,fridge,0.9999955497263977
72990.0,72999.8,True,fridge,0.9999955503178553
72995.0,73004.8,True,fridge,0.9999955742015975
73000.0,73009.8,True,fridge,0.9999955715407468
73005.0,73014.8,True,fridge,0.9999955717250902
73010.0,73019.8,True,fridge,0.9999955717250762
73015.0,73024.8,True,fridge,0.9999955742015946
73020.0,73029.8,True,fridge,0.9999955742015968
73025.0,73034.8,True,fridge,0.9999955715407468
73030.0,73039.8,True,fridge,0.9999955717250729
73035.0,73044.8,True,fridge,0.9999955717250729
73040.0,73049.8,True,fridge,0.9999955717250902
73045.0,73054.8,True,fridge,0.999995547602277
73050.0,73059.8,True,fridge,0.9999955503119865
73055.0,73064.8,True,fridge,0.9999955476022693
73060.0,73069.8,True,fridge,0.9999955476022881
73065.0,73074.8,True,fridge,0.9999955503119963
73070.0,73079.8,True,fridge,0.9999955476022719
73075.0,73084.8,True,fridge,0.9999955717250718
73080.0,73089.8,True,fridge,0.9999955717250589
73085.0,73094.8,True,fridge,0.9999955737284568
73090.0,73099.8,True,fridge,0.999995547602271
73095.0,73104.8,True,fridge,0.9999955717250727
73100.0,73109.8,True,fridge,0.9999955717250589
73105.0,73114.8,True,fridge,0.9999955717250902
73110.0,73119.8,True,fridge,0.9999955715407461
73115.0,73124.8,True,fridge,0.9999955715408492
73120.0,73129.8,True,fridge,0.9999955717250714
73125.0,73134.8,True,fridge,0.9999955717250711
73130.0,73139.8,True,fridge,0.9999955717250714
73135.0,73144.8,True,fridge,0.9999955717250887
73140.0,73149.8,True,fridge,0.9999955715407268
73145.0,73154.8,True,fridge,0.9999955715408487
73150.0,73159.8,True,fridge,0.9999955717250738
73155.0,73164.8,True,fridge,0.9999955717250818
73160.0,73169.8,True,fridge,0.999995547602271
73165.0,73174.8,True,fridge,0.9999955476022842
73170.0,73179.8,True,fridge,0.9999955737284588
73175.0,73184.8,True,fridge,0.9999955717250705
73180.0,73189.8,True,fridge,0.9999955717250703
73185.0,73194.8,True,fridge,0.9999955715407435
73190.0,73199.8,True,fridge,0.9999986805262935
73195.0,73204.8,True,fridge,0.9999986813269331
73200.0,73209.8,True,fridge,0.9999986805262888
73205.0,73214.8,True,fridge,0.9999955737284644
73210.0,73219.8,True,fridge,0.999995550311979
73215.0,73224.8,True,fridge,0.9999955476022713
73220.0,73229.8,True,fridge,0.9999955717250762
73225.0,73234.8,True,fridge,0.9999955742016023
73230.0,73239.8,True,fridge,0.9999955742015968
73235.0,73244.8,True,fridge,0.9999955742015968
73240.0,73249.8,True,fridge,0.9999955742016023
73245.0,73254.8,True,fridge,0.9999955476022788
73250.0,73259.8,True,fridge,0.999995550311979
73255.0,73264.8,True,fridge,0.9999955710675451
73260.0,73269.8,True,fridge,0.9999955715407435
73265.0,73274.8,True,fridge,0.9999955715407461
73270.0,73279.8,True,fridge,0.9999955476022881
73275.0,73284.8,True,fridge,0.9999955476022853
73280.0,73289.8,True,fridge,0.9999955476022802
73285.0,73294.8,True,fridge,0.9999955503119938
73290.0,73299.8,True,fridge,0.9999955476022859
73295.0,73304.8,True,fridge,0.9999955476022881
73300.0,73309.8,True,fridge,0.9999955476022904
73305.0,73314.8,True,fridge,0.9999955503119794
73310.0,73319.8,True,fridge,0.9999955712519588
73315.0,73324.8,True,fridge,0.999995573728465
73320.0,73329.8,True,fridge,0.9999955715408487
73325.0,73334.8,True,fridge,0.9999955712519382
73330.0,73339.8,True,fridge,0.9999986813243932
73335.0,73344.8,True,fridge,0.9999986813243932
73340.0,73349.8,True,fridge,0.9999955712519388
73345.0,73354.8,True,fridge,0.9999955716794005
73350.0,73359.8,True,fridge,0.9999955715407461
73355.0,73364.8,True,fridge,0.9999955737284655
73360.0,73369.8,True,fridge,0.9999986813243921
73365.0,73374.8,True,fridge,0.9999986805262899
73370.0,73379.8,True,fridge,0.9999955715408498
73375.0,73384.8,True,fridge,0.9999955717251
73380.0,73389.8,True,fridge,0.9999955712519379
73385.0,73394.8,True,fridge,0.9999955503119794
73390.0,73399.8,True,fridge,0.999995547602325
73395.0,73404.8,True,fridge,0.9999986813264371
73400.0,73409.8,True,fridge,0.9999986805262966
73405.0,73414.8,True,fridge,0.9999955481878716
73410.0,73419.8,True,fridge,0.999995547602271
73415.0,73424.8,True,fridge,0.9999955712519581
73420.0,73429.8,True,fridge,0.9999955712519539
73425.0,73434.8,True,fridge,0.999995571679416
73430.0,73439.8,True,fridge,0.9999944007784413
73435.0,73444.8,True,pc,0.2866947815574959
73440.0,73449.8,True,baseload,0.26886711292994614
73445.0,73454.8,True,baseload,0.2693650114361603
73450.0,73459.8,True,baseload,0.2424327785756462
73455.0,73464.8,True,baseload,0.24243277782994832
73460.0,73469.8,True,baseload,0.2693650119163767
73465.0,73474.8,True,baseload,0.2694232436870579
73470.0,73479.8,True,baseload,0.26936501210940195
73475.0,73484.8,True,fridge,0.9999938857692636
73480.0,73489.8,True,baseload,0.26886711449080775
73485.0,73494.8,True,baseload,0.2693650114198111
73490.0,73499.8,True,baseload,0.24243278586677744
73495.0,73504.8,True,baseload,0.26936501190002743
73500.0,73509.8,True,baseload,0.26936501190002743
73505.0,73514.8,True,baseload,0.24243277770311064
73510.0,73519.8,True,baseload,0.2688671129281954
73515.0,73524.8,True,fridge,0.9999855724305473
73520.0,73529.8,True,fridge,0.9999855724305782
73525.0,73534.8,True,baseload,0.26921583848423236
73530.0,73539.8,True,baseload,0.269423243695413
73535.0,73544.8,True,baseload,0.26966334984825924
73540.0,73549.8,True,baseload,0.269423243695413
73545.0,73554.8,True,baseload,0.2692158384548593
73550.0,73559.8,True,baseload,0.2692158384531047
73555.0,73564.8,True,baseload,0.26942324371176446
73560.0,73569.8,True,baseload,0.2692118380761635
73565.0,73574.8,True,baseload,0.24243341417424855
73570.0,73579.8,True,baseload,0.269423243695413
73575.0,73584.8,True,baseload,0.2692110547363049
73580.0,73589.8,True,baseload,0.24243277932491877
73585.0,73594.8,True,pc,0.27085765791394273
73590.0,73599.8,True,baseload,0.26886711396817464
73595.0,73604.8,True,fridge,0.9999855724305395
73600.0,73609.8,True,baseload,0.24277874536342414
73605.0,73614.8,True,baseload,0.2691434062012393
73610.0,73619.8,True,baseload,0.2688884575433593
73615.0,73624.8,True,baseload,0.24243277864332974
73620.0,73629.8,True,baseload,0.2692110547199616
73625.0,73634.8,True,baseload,0.269663354997001
73630.0,73639.8,True,baseload,0.269211838732867
73635.0,73644.8,True,baseload,0.24243341459988105
73640.0,73649.8,True,pc,0.27085166802217125
73645.0,73654.8,True,baseload,0.24263335389745688
73650.0,73659.8,True,baseload,0.26936501027242055
73655.0,73664.8,True,baseload,0.24277874355712328
73660.0,73669.8,True,baseload,0.2693650101534358
73665.0,73674.8,True,baseload,0.269423243695413
73670.0,73679.8,True,baseload,0.2694232435741488
73675.0,73684.8,True,baseload,0.23284213784211283
73680.0,73689.8,True,baseload,0.23284213784211283
73685.0,73694.8,True,baseload,0.2424327768228627
73690.0,73699.8,True,pc,0.27085700608408164
73695.0,73704.8,True,baseload,0.24263335389745688
73700.0,73709.8,True,baseload,0.2692110542546633
73705.0,73714.8,True,baseload,0.26942324355779734
73710.0,73719.8,True,baseload,0.26942324355779734
73715.0,73724.8,True,baseload,0.2694232436349738
73720.0,73729.8,True,baseload,0.2694232436349738
73725.0,73734.8,True,baseload,0.24277880269659902
73730.0,73739.8,True,baseload,0.26942331313319806
73735.0,73744.8,True,baseload,0.26942331301419453
73740.0,73749.8,True,baseload,0.26921112420610877
73745.0,73754.8,True,baseload,0.242633413691522
73750.0,73759.8,True,baseload,0.2424328376604618
73755.0,73764.8,True,baseload,0.26942331391563856
73760.0,73769.8,True,baseload,0.26936507977136437
73765.0,73774.8,True,baseload,0.2426440380614174
73770.0,73779.8,True,fridge,0.9999855615177133
73775.0,73784.8,True,pc,0.2708570340491509
73780.0,73789.8,True,pc,0.27085548737421056
73785.0,73794.8,True,fridge,0.9999855724331699
73790.0,73799.8,True,baseload,0.24235116065541548
73795.0,73804.8,True,fridge,0.9999855724331814
73800.0,73809.8,True,baseload,0.24215097868810823
73805.0,73814.8,True,fridge,0.9999855750624569
73810.0,73819.8,True,baseload,0.26888654028137093
73815.0,73824.8,True,baseload,0.26936507975501517
73820.0,73829.8,True,baseload,0.24243283773454558
73825.0,73834.8,True,pc,0.2708570381798243
73830.0,73839.8,True,baseload,0.2692111250183557
73835.0,73844.8,True,baseload,0.26921112500201244
73840.0,73849.8,True,fridge,0.9999855615177706
73845.0,73854.8,True,fridge,0.9999856509870226
73850.0,73859.8,True,baseload,0.26908527797740195
73855.0,73864.8,True,baseload,0.242778802721758
73860.0,73869.8,True,fridge,0.9999938905176812
73865.0,73874.8,True,pc,0.2708570362873146
73870.0,73879.8,True,baseload,0.24263342494057777
73875.0,73884.8,True,fridge,0.9999855615177022
73880.0,73889.8,True,fridge,0.9999855723902019
73885.0,73894.8,True,baseload,0.2423511631718856
73890.0,73899.8,True,baseload,0.2423511630568849
73895.0,73904.8,True,fridge,0.9999855724332094
73900.0,73909.8,True,baseload,0.24263341612325035
73905.0,73914.8,True,baseload,0.2694233157241572
73910.0,73919.8,True,baseload,0.2427788048330642
73915.0,73924.8,True,baseload,0.2694233157241572
73920.0,73929.8,True,baseload,0.2694233157241572
73925.0,73934.8,True,baseload,0.2694233157241572
73930.0,73939.8,True,baseload,0.24283310004685024
73935.0,73944.8,True,baseload,0.24263341606831426
73940.0,73949.8,True,baseload,0.24263341729969803
73945.0,73954.8,True,baseload,0.2426334243396535
73950.0,73959.8,True,baseload,0.24277880729112172
73955.0,73964.8,True,baseload,0.26921112739756914
73960.0,73969.8,True,baseload,0.24263342494917506
73965.0,73974.8,True,baseload,0.24283310005545275
73970.0,73979.8,True,baseload,0.26914347617915163
73975.0,73984.8,True,baseload,0.2688671806092514
73980.0,73989.8,True,fridge,0.9999855724332094
73985.0,73994.8,True,baseload,0.26921590468687834
73990.0,73999.8,True,baseload,0.24277880525787024
73995.0,74004.8,True,baseload,0.24283310005545275
74000.0,74009.8,True,baseload,0.24283310004216954
74005.0,74014.8,True,baseload,0.24235116231942375
74010.0,74019.8,True,fridge,0.9999858361759809
74015.0,74024.8,True,fridge,0.9999858306049066
74020.0,74029.8,True,pc,0.21969206127790938
74025.0,74034.8,True,baseload,0.24263342341447017
74030.0,74039.8,True,baseload,0.2685883383864442
74035.0,74044.8,True,fridge,0.999985572434403
74040.0,74049.8,True,baseload,0.24263789980919367
74045.0,74054.8,True,fridge,0.9999855724344041
74050.0,74059.8,True,baseload,0.24235116850347235
74055.0,74064.8,True,baseload,0.2428331059611004
74060.0,74069.8,True,baseload,0.24283308219082303
74065.0,74074.8,True,baseload,0.24264402157103251
74070.0,74079.8,True,fridge,0.9999846123654178
74075.0,74084.8,True,baseload,0.24263339888712318
74080.0,74089.8,True,baseload,0.2427787868259066
74085.0,74094.8,True,baseload,0.24277878640300565
74090.0,74099.8,True,baseload,0.2427787878466518
74095.0,74104.8,True,fridge,0.999984978153889
74100.0,74109.8,True,fridge,0.999984978149096
74105.0,74114.8,True,fridge,0.9999846124710075
74110.0,74119.8,True,baseload,0.24263339935700642
74115.0,74124.8,True,baseload,0.2426378757647151
74120.0,74129.8,True,baseload,0.2426378753419822
74125.0,74134.8,True,baseload,0.24277878949291967
74130.0,74139.8,True,fridge,0.9999928518348711
74135.0,74144.8,True,baseload,0.2427787904686748
74140.0,74149.8,True,baseload,0.24283308221335592
74145.0,74154.8,True,baseload,0.24277878822456259
74150.0,74159.8,True,baseload,0.35149028851037356
74155.0,74164.8,True,fridge,0.9999846123654178
74160.0,74169.8,True,fridge,0.9999846123655386
74165.0,74174.8,True,baseload,0.24277879107640443
74170.0,74179.8,True,baseload,0.3513107888787211
74175.0,74184.8,True,fridge,0.9999845341654297
74180.0,74189.8,True,baseload,0.3277170844354164
74185.0,74194.8,True,fridge,0.9999846124709655
74190.0,74199.8,True,baseload,0.32802569875377374
74195.0,74204.8,True,fridge,0.9999845228532781
74200.0,74209.8,True,baseload,0.3513099994269835
74205.0,74214.8,True,baseload,0.32802500855951616
74210.0,74219.8,True,baseload,0.35097942972452484
74215.0,74224.8,True,baseload,0.32773410451573365
74220.0,74229.8,True,fridge,0.999984484509613
74225.0,74234.8,True,fridge,0.9999924977312215
74230.0,74239.8,True,fridge,0.9999846123653068
74235.0,74244.8,True,baseload,0.3513107883471574
74240.0,74249.8,True,fridge,0.9999840467491031
74245.0,74254.8,True,baseload,0.32802501081152685
74250.0,74259.8,True,fridge,0.9999839504169727
74255.0,74264.8,True,baseload,0.3514902907666121
74260.0,74269.8,True,fridge,0.9999922866994555
74265.0,74274.8,True,baseload,0.3516478433767104
74270.0,74279.8,True,fridge,0.9999840467489837
74275.0,74284.8,True,baseload,0.3627611861333473
74280.0,74289.8,True,baseload,0.3628294574798931
74285.0,74294.8,True,baseload,0.3813137748583873
74290.0,74299.8,True,fridge,0.9999840468596987
74295.0,74304.8,True,fridge,0.9999839650921215
74300.0,74309.8,True,fridge,0.9999858361725857
74305.0,74314.8,True,fridge,0.9999858360220792
74310.0,74319.8,True,fridge,0.9999858360220641
74315.0,74324.8,True,baseload,0.3509599057954969
74320.0,74329.8,True,baseload,0.3513155525195671
74325.0,74334.8,True,fridge,0.9999840468598472
74330.0,74339.8,True,fridge,0.9999839555503376
74335.0,74344.8,True,fridge,0.9999922871816521
74340.0,74349.8,True,baseload,0.3486196478874376
74345.0,74354.8,True,baseload,0.3489315572725034
74350.0,74359.8,True,fridge,0.9999858361729907
74355.0,74364.8,True,fridge,0.9999844751394874
74360.0,74369.8,True,fridge,0.9999840467490552
74365.0,74374.8,True,baseload,0.3743446146065298
74370.0,74379.8,True,fridge,0.9999839687397328
74375.0,74384.8,True,fridge,0.9999840467490476
74380.0,74389.8,True,baseload,0.34892601530312783
74385.0,74394.8,True,baseload,0.37494941328720943
74390.0,74399.8,True,baseload,0.374694465708552
74395.0,74404.8,True,fridge,0.9999840468598399
74400.0,74409.8,True,fridge,0.9999922871816455
74405.0,74414.8,True,baseload,0.3748802322256279
74410.0,74419.8,True,fridge,0.9999840467491775
74415.0,74424.8,True,baseload,0.34892601530312783
74420.0,74429.8,True,fridge,0.9999839555504824
74425.0,74434.8,True,fridge,0.9999922913418257
74430.0,74439.8,True,fridge,0.9999840518812817
74435.0,74444.8,True,fridge,0.9999922913419664
74440.0,74449.8,True,fridge,0.9999840467490552
74445.0,74454.8,True,fridge,0.9999840467491828
74450.0,74459.8,True,baseload,0.3748802302103575
74455.0,74464.8,True,baseload,0.3491074743908903
74460.0,74469.8,True,fridge,0.9999840432204109
74465.0,74474.8,True,baseload,0.3748802302103575
74470.0,74479.8,True,fridge,0.9999840467490552
74475.0,74484.8,True,fridge,0.9999840467490552
74480.0,74489.8,True,fridge,0.9999839605710196
74485.0,74494.8,True,baseload,0.34917472103907143
74490.0,74499.8,True,baseload,0.34938371865384804
74495.0,74504.8,True,baseload,0.30659236015556984
74500.0,74509.8,True,fridge,0.9999858270635177
74505.0,74514.8,True,fridge,0.9999844751394472
74510.0,74519.8,True,baseload,0.3485612296337983
74515.0,74524.8,True,fridge,0.9999855749133816
74520.0,74529.8,True,fridge,0.9999845367947845
74525.0,74534.8,True,baseload,0.34885062274779105
74530.0,74539.8,True,fridge,0.9999840424117022
74535.0,74544.8,True,fridge,0.9999843890421386
74540.0,74549.8,True,fridge,0.9999858360269146
74545.0,74554.8,True,baseload,0.3488674363234327
74550.0,74559.8,True,baseload,0.34909929927938127
74555.0,74564.8,True,baseload,0.3488561611739534
74560.0,74569.8,False,off,
74565.0,74574.8,False,off,
74570.0,74579.8,True,fridge,0.999984478472808
74575.0,74584.8,True,fridge,0.9999858360220841
74580.0,74589.8,True,fridge,0.9999844751394379
74585.0,74594.8,True,fridge,0.9999922895430509
74590.0,74599.8,True,fridge,0.9999840449270696
74595.0,74604.8,True,fridge,0.999984041300075
74600.0,74609.8,True,fridge,0.9999840432630004
74605.0,74614.8,True,fridge,0.9999840404924215
74610.0,74619.8,True,fridge,0.9999840404916706
74615.0,74624.8,True,fridge,0.9999840507261553
74620.0,74629.8,True,fridge,0.9999858360220857
74625.0,74634.8,True,fridge,0.9999844765101492
74630.0,74639.8,True,fridge,0.9999858360220908
74635.0,74644.8,False,off,
74640.0,74649.8,True,fridge,0.9999840481197223
74645.0,74654.8,False,off,
74650.0,74659.8,True,fridge,0.9999840481197299
74655.0,74664.8,True,fridge,0.9999839726969406
74660.0,74669.8,True,fridge,0.9999839695471218
74665.0,74674.8,True,fridge,0.9999840413000746
74670.0,74679.8,True,fridge,0.9999840480770575
74675.0,74684.8,False,off,
74680.0,74689.8,True,fridge,0.9999840361186733
74685.0,74694.8,True,fridge,0.9999840459899317
74690.0,74699.8,True,fridge,0.9999845547569532
74695.0,74704.8,True,fridge,0.9999849780416095
74700.0,74709.8,True,fridge,0.9999844765101785
74705.0,74714.8,True,fridge,0.9999840412999291
74710.0,74719.8,True,fridge,0.9999840467490987
74715.0,74724.8,True,fridge,0.9999840481198939
74720.0,74729.8,True,fridge,0.9999840481197583
74725.0,74734.8,True,fridge,0.9999840467491062
74730.0,74739.8,False,off,
74735.0,74744.8,False,off,
74740.0,74749.8,False,off,
74745.0,74754.8,True,fridge,0.9999840404925316
74750.0,74759.8,True,fridge,0.9999840404924215
74755.0,74764.8,False,off,
74760.0,74769.8,False,off,
74765.0,74774.8,True,fridge,0.9999840507260822
74770.0,74779.8,True,fridge,0.9999840493175692
74775.0,74784.8,True,fridge,0.9999840508367541
74780.0,74789.8,True,fridge,0.9999858360221341
74785.0,74794.8,True,fridge,0.9999844733175709
74790.0,74799.8,True,fridge,0.9999840449272435
74795.0,74804.8,True,fridge,0.9999840404925319
74800.0,74809.8,False,off,
74805.0,74814.8,True,fridge,0.999985836022113
74810.0,74819.8,True,fridge,0.9999844765101414
74815.0,74824.8,True,fridge,0.9999840481197583
74820.0,74829.8,False,off,
74825.0,74834.8,False,off,
74830.0,74839.8,True,fridge,0.9999840466004207
74835.0,74844.8,False,off,
74840.0,74849.8,True,fridge,0.9999840493170155
74845.0,74854.8,True,fridge,0.9999840507260827
74850.0,74859.8,False,off,
74855.0,74864.8,False,off,
74860.0,74869.8,False,off,
74865.0,74874.8,True,fridge,0.9999840493169391
74870.0,74879.8,True,fridge,0.9999839727396591
74875.0,74884.8,False,off,
74880.0,74889.8,False,off,
74885.0,74894.8,False,off,
74890.0,74899.8,False,off,
74895.0,74904.8,False,off,
74900.0,74909.8,False,off,
74905.0,74914.8,True,fridge,0.999984473167701
74910.0,74919.8,True,fridge,0.999984476510139
74915.0,74924.8,False,off,
74920.0,74929.8,False,off,
74925.0,74934.8,True,fridge,0.9999840508367548
74930.0,74939.8,True,fridge,0.9999840509130122
74935.0,74944.8,False,off,
74940.0,74949.8,False,off,
74945.0,74954.8,False,off,
74950.0,74959.8,False,off,
74955.0,74964.8,False,off,
74960.0,74969.8,False,off,
74965.0,74974.8,False,off,
74970.0,74979.8,True,fridge,0.999984046600203
74975.0,74984.8,False,off,
74980.0,74989.8,False,off,
74985.0,74994.8,True,fridge,0.9999844765149302
74990.0,74999.8,True,fridge,0.9999858360221514
74995.0,75004.8,False,off,
75000.0,75009.8,False,off,
75005.0,75014.8,False,off,
75010.0,75019.8,False,off,
75015.0,75024.8,False,off,
75020.0,75029.8,False,off,
75025.0,75034.8,False,off,
75030.0,75039.8,True,fridge,0.9999845545399456
75035.0,75044.8,True,fridge,0.9999845514580072
75040.0,75049.8,False,off,
75045.0,75054.8,False,off,
75050.0,75059.8,False,off,
75055.0,75064.8,False,off,
75060.0,75069.8,False,off,
75065.0,75074.8,False,off,
75070.0,75079.8,False,off,
75075.0,75084.8,False,off,
75080.0,75089.8,True,fridge,0.9999844761133998
75085.0,75094.8,True,fridge,0.9999858270635876
75090.0,75099.8,True,fridge,0.9999844761133736
75095.0,75104.8,False,off,
75100.0,75109.8,True,fridge,0.9999845514580117
75105.0,75114.8,True,fridge,0.9999845545399445
75110.0,75119.8,False,off,
75115.0,75124.8,False,off,
75120.0,75129.8,True,fridge,0.9999840505769412
75125.0,75134.8,True,fridge,0.9999840505769945
75130.0,75139.8,True,fridge,0.9999840505769945
75135.0,75144.8,True,fridge,0.9999859146971718
75140.0,75149.8,True,fridge,0.9999844763594948
75145.0,75154.8,True,fridge,0.9999858360221281
75150.0,75159.8,True,fridge,0.9999858270635774
75155.0,75164.8,True,fridge,0.9999858360221376
75160.0,75169.8,False,off,
75165.0,75174.8,True,fridge,0.9999850564941425
75170.0,75179.8,True,fridge,0.9999845545398821
75175.0,75184.8,False,off,
75180.0,75189.8,False,off,
75185.0,75194.8,True,fridge,0.9999840470760449
75190.0,75199.8,True,fridge,0.9999840437574344
75195.0,75204.8,True,fridge,0.9999844763595239
75200.0,75209.8,True,fridge,0.9999858270635064
75205.0,75214.8,True,fridge,0.9999859148027934
75210.0,75219.8,True,fridge,0.9999840505769316
75215.0,75224.8,False,off,
75220.0,75229.8,True,fridge,0.9999840437576341
75225.0,75234.8,True,fridge,0.9999859146971907
75230.0,75239.8,True,fridge,0.9999845546505979
75235.0,75244.8,True,fridge,0.9999845545399261
75240.0,75249.8,True,fridge,0.9999859146971911
75245.0,75254.8,True,fridge,0.9999844763595361
75250.0,75259.8,True,fridge,0.9999858270839916
75255.0,75264.8,True,fridge,0.9999845545399334
75260.0,75269.8,True,fridge,0.9999844804930644
75265.0,75274.8,True,fridge,0.9999858401555703
75270.0,75279.8,True,fridge,0.9999856576256384
75275.0,75284.8,True,fridge,0.9999840525839088
75280.0,75289.8,True,fridge,0.9999840490500229
75285.0,75294.8,True,fridge,0.9999840444808538
75290.0,75299.8,True,fridge,0.9999841039120929
75295.0,75304.8,True,fridge,0.9999840452024705
75300.0,75309.8,True,fridge,0.9999845586768408
75305.0,75314.8,True,fridge,0.9999859189395276
75310.0,75319.8,True,fridge,0.9999845625485723
75315.0,75324.8,True,fridge,0.9999840478945559
75320.0,75329.8,True,fridge,0.9999845573061888
75325.0,75334.8,True,fridge,0.9999845586768492
75330.0,75339.8,True,fridge,0.9999840547138845
75335.0,75344.8,True,fridge,0.9999840533429063
75340.0,75349.8,True,fridge,0.9999840452024237
75345.0,75354.8,True,fridge,0.9999840452023835
75350.0,75359.8,True,fridge,0.9999845586768494
75355.0,75364.8,True,fridge,0.9999845573060259
75360.0,75369.8,True,fridge,0.9999858312222479
75365.0,75374.8,True,pc,0.2866837461161785
75370.0,75379.8,True,pc,0.2866837458735237
75375.0,75384.8,True,fridge,0.9999845526158235
75380.0,75389.8,True,fridge,0.9999840452026
75385.0,75394.8,True,fridge,0.9999840452023955
75390.0,75399.8,True,fridge,0.9999840478943203
75395.0,75404.8,True,fridge,0.9999850605254981
75400.0,75409.8,True,fridge,0.9999845586766638
75405.0,75414.8,True,fridge,0.9999939754542171
75410.0,75419.8,True,fridge,0.9999840547135632
75415.0,75424.8,True,fridge,0.9999840516561732
75420.0,75429.8,True,fridge,0.9999840477700851
75425.0,75434.8,True,fridge,0.9999844824603368
75430.0,75439.8,True,pc,0.2866835268004866
75435.0,75444.8,True,fridge,0.9999928892095508
75440.0,75449.8,True,fridge,0.9999845587871307
75445.0,75454.8,True,pc,0.2866832621272983
75450.0,75459.8,True,fridge,0.999984480492869
75455.0,75464.8,True,pc,0.28668352625169563
75460.0,75469.8,True,pc,0.2866832606414726
75465.0,75474.8,True,fridge,0.9999942418430026
75470.0,75479.8,True,fridge,0.9999928925870974
75475.0,75484.8,True,pc,0.24301712453485752
75480.0,75489.8,True,pc,0.24301449035577313
75485.0,75494.8,True,fridge,0.9999928926957226
75490.0,75499.8,True,fridge,0.9999923836220629
75495.0,75504.8,True,fridge,0.9999923836220629
75500.0,75509.8,True,baseload,0.30964040507685137
75505.0,75514.8,True,baseload,0.28878387153480173
75510.0,75519.8,True,baseload,0.3096404051172582
75515.0,75524.8,True,fridge,0.999992383621971
75520.0,75529.8,True,fridge,0.9999923838542865
75525.0,75534.8,True,baseload,0.309709448478409
75530.0,75539.8,True,baseload,0.3097094484109972
75535.0,75544.8,True,baseload,0.3097094484109972
75540.0,75549.8,True,baseload,0.2700701222670058
75545.0,75554.8,True,pc,0.2427958283809445
75550.0,75559.8,True,baseload,0.2704125503107578
75555.0,75564.8,True,baseload,0.27001547019060146
75560.0,75569.8,True,pc,0.2427958283076299
75565.0,75574.8,True,pc,0.2427958273724057
75570.0,75579.8,True,baseload,0.27007012129587
75575.0,75584.8,True,baseload,0.27030794539318326
75580.0,75589.8,True,baseload,0.2704673007585714
75585.0,75594.8,True,pc,0.24301712332346173
75590.0,75599.8,True,baseload,0.27030794539318326
75595.0,75604.8,True,baseload,0.3096501224702237
75600.0,75609.8,True,baseload,0.27007012147887727
75605.0,75614.8,True,pc,0.24279582492354498
75610.0,75619.8,True,baseload,0.2510795935072142
75615.0,75624.8,True,pc,0.24279582485668294
75620.0,75629.8,True,baseload,0.29295698552542543
75625.0,75634.8,True,pc,0.2430171246782967
75630.0,75639.8,True,fridge,0.251619762339547
75635.0,75644.8,True,baseload,0.27132943306241697
75640.0,75649.8,True,pc,0.24205952755791196
75645.0,75654.8,True,fridge,0.25161976258232244
75650.0,75659.8,True,baseload,0.2932286023009185
75655.0,75664.8,True,baseload,0.29323191949290367
75660.0,75669.8,True,fridge,0.25161976236941774
75665.0,75674.8,True,fridge,0.2516197625784398
75670.0,75679.8,True,baseload,0.2932257492151739
75675.0,75684.8,True,baseload,0.2715978576678661
75680.0,75689.8,True,baseload,0.2715978576678661
75685.0,75694.8,True,baseload,0.33424688370257283
75690.0,75699.8,True,baseload,0.3342468970602695
75695.0,75704.8,True,baseload,0.3344345927025771
75700.0,75709.8,True,baseload,0.2932319192545688
75705.0,75714.8,True,resistive,0.6892670902646847
75710.0,75719.8,True,resistive,0.6890895579416445
75715.0,75724.8,True,resistive,0.660800276345483
75720.0,75729.8,True,resistive,0.6891331206262354
75725.0,75734.8,True,resistive,0.6886840487734702
75730.0,75739.8,True,resistive,0.6886840447799226
75735.0,75744.8,True,resistive,0.6892647093344899
75740.0,75749.8,True,resistive,0.6564326991982711
75745.0,75754.8,True,resistive,0.6888135347481391
75750.0,75759.8,True,resistive,0.6888135348458574
75755.0,75764.8,True,resistive,0.6892647105648143
75760.0,75769.8,True,resistive,0.6891331167276213
75765.0,75774.8,True,resistive,0.689130737403401
75770.0,75779.8,True,resistive,0.6890895579817932
75775.0,75784.8,True,resistive,0.6892235151494884
75780.0,75789.8,True,resistive,0.6599604560660011
75785.0,75794.8,True,resistive,0.6892670902712748
75790.0,75799.8,True,resistive,0.688684045017506
75795.0,75804.8,True,resistive,0.6888178423093759
75800.0,75809.8,True,resistive,0.6891307405172075
75805.0,75814.8,True,resistive,0.6892235149695176
75810.0,75819.8,True,resistive,0.6892235138744313
75815.0,75824.8,True,resistive,0.6376014773655243
75820.0,75829.8,True,baseload,0.9999000544558974
75825.0,75834.8,True,washing_machine,0.9216447207661832
75830.0,75839.8,True,washing_machine,0.9999907472910391
75835.0,75844.8,True,washing_machine,0.9999818479067291
75840.0,75849.8,True,baseload,0.9999000537976016
75845.0,75854.8,True,baseload,0.9999000544558978
75850.0,75859.8,True,baseload,0.9999000534782478
75855.0,75864.8,True,baseload,0.9999628459693077
75860.0,75869.8,True,baseload,0.9999000544558974
75865.0,75874.8,True,fridge,0.6593530783185824
75870.0,75879.8,True,fridge,0.2678676345911853
75875.0,75884.8,True,fridge,0.3013210322327615
75880.0,75889.8,True,fridge,0.3013210318897214
75885.0,75894.8,True,fridge,0.3013210292080947
75890.0,75899.8,True,fridge,0.3013210322327615
75895.0,75904.8,True,fridge,0.2985525712586201
75900.0,75909.8,True,fridge,0.298300060697121
75905.0,75914.8,True,fridge,0.29855077634720273
75910.0,75919.8,True,fridge,0.298535748089975
75915.0,75924.8,True,fridge,0.29855257066931673
75920.0,75929.8,True,fridge,0.2982518204945455
75925.0,75934.8,True,fridge,0.3011265826270455
75930.0,75939.8,True,fridge,0.3012537833046643
75935.0,75944.8,True,fridge,0.3012537833566625
75940.0,75949.8,True,fridge,0.29825381398748935
75945.0,75954.8,True,fridge,0.2982611574184622
75950.0,75959.8,True,fridge,0.2982611575135591
75955.0,75964.8,True,fridge,0.2982611575462067
75960.0,75969.8,True,fridge,0.29855257066931673
75965.0,75974.8,True,fridge,0.29880372273504296
75970.0,75979.8,True,fridge,0.29855257120624196
75975.0,75984.8,True,fridge,0.2983000612276902
75980.0,75989.8,True,fridge,0.2985507753245199
75985.0,75994.8,True,fridge,0.2985525706801284
75990.0,75999.8,True,fridge,0.2982538133339354
75995.0,76004.8,True,fridge,0.29723670560369236
76000.0,76009.8,True,fridge,0.2971099202316125
76005.0,76014.8,True,fridge,0.29723670805199076
76010.0,76019.8,True,fridge,0.2982611574184622
76015.0,76024.8,True,fridge,0.2982611574184622
76020.0,76029.8,True,fridge,0.29826115807202935
76025.0,76034.8,True,fridge,0.2982611577766175
76030.0,76039.8,True,fridge,0.29855257066931673
76035.0,76044.8,True,fridge,0.29830006194853403
76040.0,76049.8,True,fridge,0.29828505973873054
76045.0,76054.8,True,fridge,0.29828505933448857
76050.0,76059.8,True,fridge,0.29830006367721634
76055.0,76064.8,True,fridge,0.2983000625106789
76060.0,76069.8,True,fridge,0.2982611575462067
76065.0,76074.8,True,fridge,0.29855257091069204
76070.0,76079.8,True,fridge,0.2985525706801284
76075.0,76084.8,True,fridge,0.30112658706324275
76080.0,76089.8,True,fridge,0.2982518199331845
76085.0,76094.8,True,fridge,0.2982611575462067
76090.0,76099.8,True,fridge,0.29855257089988035
76095.0,76104.8,True,fridge,0.29825182043148296
76100.0,76109.8,True,fridge,0.30112658656264873
76105.0,76114.8,True,fridge,0.2981250406176239
76110.0,76119.8,True,fridge,0.2981250406176239
76115.0,76124.8,True,fridge,0.2982611574184622
76120.0,76129.8,True,fridge,0.2982611575462067
76125.0,76134.8,True,fridge,0.2982591659831385
76130.0,76139.8,True,fridge,0.3011266047604292
76135.0,76144.8,True,fridge,0.3011108659290313
76140.0,76149.8,True,fridge,0.29825182043148296
76145.0,76154.8,True,fridge,0.2982538133339354
76150.0,76159.8,True,fridge,0.2982518228919826
76155.0,76164.8,True,fridge,0.2983000630365405
76160.0,76169.8,True,fridge,0.2983000630365405
76165.0,76174.8,True,fridge,0.30112658706324275
76170.0,76179.8,True,fridge,0.2982538122751061
76175.0,76184.8,True,fridge,0.2982383823765872
76180.0,76189.8,True,fridge,0.3013210366746892
76185.0,76194.8,True,fridge,0.3011108502567006
76190.0,76199.8,True,fridge,0.2982611576802388
76195.0,76204.8,True,fridge,0.29855257089988035
76200.0,76209.8,True,fridge,0.29826115685788684
76205.0,76214.8,True,fridge,0.2985525706801284
76210.0,76219.8,True,fridge,0.29830006194853403
76215.0,76224.8,True,fridge,0.2982850607675964
76220.0,76229.8,True,fridge,0.2983000631513548
76225.0,76234.8,True,fridge,0.30112658706324275
76230.0,76239.8,True,fridge,0.3011108502567006
76235.0,76244.8,True,fridge,0.30112658706324275
76240.0,76249.8,True,fridge,0.2982363886840504
76245.0,76254.8,True,fridge,0.2982538133339354
76250.0,76259.8,True,fridge,0.2982518228919826
76255.0,76264.8,True,fridge,0.2981250406176239
76260.0,76269.8,True,fridge,0.2981250406176239
76265.0,76274.8,True,fridge,0.2981250411157976
76270.0,76279.8,True,fridge,0.3013210363316491
76275.0,76284.8,True,fridge,0.29823639164276344
76280.0,76289.8,True,fridge,0.2982538133339354
76285.0,76294.8,True,fridge,0.29825381383223537
76290.0,76299.8,True,fridge,0.29825381356434244
76295.0,76304.8,True,fridge,0.29825381383223537
76300.0,76309.8,True,fridge,0.2982611574184622
76305.0,76314.8,True,fridge,0.2982611575135591
76310.0,76319.8,True,fridge,0.2982611575135591
76315.0,76324.8,True,fridge,0.29824572414410877
76320.0,76329.8,True,fridge,0.29825182142052004
76325.0,76334.8,True,fridge,0.29830006171810275
76330.0,76339.8,True,fridge,0.2983000627411102
76335.0,76344.8,True,fridge,0.2985525706801284
76340.0,76349.8,True,fridge,0.2974854612735246
76345.0,76354.8,True,fridge,0.2972355738388017
76350.0,76359.8,True,fridge,0.2982518199331845
76355.0,76364.8,True,fridge,0.29825182142052004
76360.0,76369.8,True,fridge,0.2982538122751061
76365.0,76374.8,True,fridge,0.2981250411157976
76370.0,76379.8,True,fridge,0.2981250406176239
76375.0,76384.8,True,fridge,0.2981250406176239
76380.0,76389.8,True,fridge,0.2982518199331845
76385.0,76394.8,True,fridge,0.2982518223936842
76390.0,76399.8,True,fridge,0.29825182172787107
76395.0,76404.8,True,fridge,0.30112658706324275
76400.0,76409.8,True,fridge,0.2982611571544161
76405.0,76414.8,True,fridge,0.2982611575462067
76410.0,76419.8,True,fridge,0.30112658656264873
76415.0,76424.8,True,fridge,0.2981096169485441
76420.0,76429.8,True,fridge,0.298300060697121
76425.0,76434.8,True,fridge,0.29830006194853403
76430.0,76439.8,True,fridge,0.29855257066931673
76435.0,76444.8,True,fridge,0.29824572533061294
76440.0,76449.8,True,fridge,0.29825916418833676
76445.0,76454.8,True,fridge,0.2982538127734061
76450.0,76459.8,True,fridge,0.29825381383223537
76455.0,76464.8,True,fridge,0.2982611575135591
76460.0,76469.8,True,fridge,0.2982611575135591
76465.0,76474.8,True,fridge,0.29825182172787107
76470.0,76479.8,True,fridge,0.2982383818782997
76475.0,76484.8,True,fridge,0.29830006367721634
76480.0,76489.8,True,fridge,0.2985507771410935
76485.0,76494.8,True,fridge,0.298537543469979
76490.0,76499.8,True,fridge,0.2982437346397971
76495.0,76504.8,True,fridge,0.30112658706324275
76500.0,76509.8,True,fridge,0.30112658656264873
76505.0,76514.8,True,fridge,0.2982591659831385
76510.0,76519.8,True,fridge,0.29855257089988035
76515.0,76524.8,True,fridge,0.29855257066931673
76520.0,76529.8,True,fridge,0.30112658706324275
76525.0,76534.8,True,fridge,0.2982538127734061
76530.0,76539.8,True,fridge,0.2982538133339354
76535.0,76544.8,True,fridge,0.2982538122751061
76540.0,76549.8,True,fridge,0.2982611574184622
76545.0,76554.8,True,fridge,0.2964832319367057
76550.0,76559.8,True,fridge,0.6903287616146089
76555.0,76564.8,True,washing_machine,0.921650779765572
76560.0,76569.8,True,baseload,0.9999000544558789
76565.0,76574.8,True,baseload,0.9999000544558789
76570.0,76579.8,True,baseload,0.9999000537969063
76575.0,76584.8,True,baseload,0.9999000544558783
76580.0,76589.8,True,baseload,0.9998997597311192
76585.0,76594.8,True,baseload,0.9999000128448032
76590.0,76599.8,True,baseload,0.9999000136632478
76595.0,76604.8,True,baseload,0.9999000544558809
76600.0,76609.8,True,baseload,0.999900013663176
76605.0,76614.8,True,baseload,0.999900053478229
76610.0,76619.8,True,baseload,0.9999000136632473
76615.0,76624.8,True,washing_machine,0.9216507731452177
76620.0,76629.8,True,washing_machine,0.921644727232654
76625.0,76634.8,True,washing_machine,0.9223699548284868
76630.0,76639.8,True,washing_machine,0.9216447268418603
76635.0,76644.8,True,washing_machine,0.9223625736564576
76640.0,76649.8,True,baseload,0.9999000544558792
76645.0,76654.8,True,baseload,0.9999000136483343
76650.0,76659.8,True,baseload,0.9999045533573537
76655.0,76664.8,True,washing_machine,0.9223625679608382
76660.0,76669.8,True,washing_machine,0.9216507731414931
76665.0,76674.8,True,baseload,0.999900053478229
76670.0,76679.8,True,baseload,0.999900053478229
76675.0,76684.8,True,baseload,0.999900053478229
76680.0,76689.8,True,baseload,0.999896004556539
76685.0,76694.8,True,baseload,0.9999000136483354
76690.0,76699.8,True,baseload,0.9999000136483343
76695.0,76704.8,True,baseload,0.999900053478229
76700.0,76709.8,True,baseload,0.999900053478229
76705.0,76714.8,True,baseload,0.9999000128447941
76710.0,76719.8,True,baseload,0.999900053478229
76715.0,76724.8,True,washing_machine,0.9216282263214269
76720.0,76729.8,True,washing_machine,0.9216282263342758
76725.0,76734.8,True,washing_machine,0.9216221742551876
76730.0,76739.8,True,washing_machine,0.9216447206105683
76735.0,76744.8,True,washing_machine,0.9223625744111739
76740.0,76749.8,True,washing_machine,0.921644727232654
76745.0,76754.8,True,washing_machine,0.9999818460259783
76750.0,76759.8,True,washing_machine,0.9999907475171234
76755.0,76764.8,True,washing_machine,0.9216507731434502
76760.0,76769.8,True,baseload,0.9999000131183043
76765.0,76774.8,True,baseload,0.9999000128447348
76770.0,76779.8,True,baseload,0.999900053478229
76775.0,76784.8,True,washing_machine,0.9216507797654057
76780.0,76789.8,True,washing_machine,0.9216447274038843
76785.0,76794.8,True,washing_machine,0.922362574410791
76790.0,76799.8,True,baseload,0.9999045520712382
76795.0,76804.8,True,baseload,0.999896004556539
76800.0,76809.8,True,baseload,0.9999000534782294
76805.0,76814.8,True,baseload,0.9999000534782294
76810.0,76819.8,True,baseload,0.999900053478229
76815.0,76824.8,True,baseload,0.999900053478229
76820.0,76829.8,True,baseload,0.9999000131183043
76825.0,76834.8,True,baseload,0.9998960053218235
76830.0,76839.8,True,washing_machine,0.9216447207835892
76835.0,76844.8,True,washing_machine,0.9216447207835892
76840.0,76849.8,True,washing_machine,0.9216447206123586
76845.0,76854.8,True,washing_machine,0.9216447206123586
76850.0,76859.8,True,washing_machine,0.9223625672460928
76855.0,76864.8,True,washing_machine,0.9223699483851288
76860.0,76869.8,True,washing_machine,0.9216221743131524
76865.0,76874.8,True,washing_machine,0.9216447274038843
76870.0,76879.8,True,baseload,0.9999000544558789
76875.0,76884.8,True,baseload,0.9999000136631732
76880.0,76889.8,True,baseload,0.9999000537969065
76885.0,76894.8,True,baseload,0.9999000544558789
76890.0,76899.8,True,baseload,0.9999000544558789
76895.0,76904.8,True,baseload,0.9999000544558787
76900.0,76909.8,True,baseload,0.9998960045565395
76905.0,76914.8,True,baseload,0.99990001284473
76910.0,76919.8,True,baseload,0.999900053478229
76915.0,76924.8,True,baseload,0.999896004556539
76920.0,76929.8,True,baseload,0.999900053478229
76925.0,76934.8,True,baseload,0.9999000544558789
76930.0,76939.8,True,baseload,0.9999000544558789
76935.0,76944.8,True,baseload,0.999900053478229
76940.0,76949.8,True,baseload,0.999896004556539
76945.0,76954.8,True,washing_machine,0.9216507731452177
76950.0,76959.8,True,washing_machine,0.9223625672671102
76955.0,76964.8,True,baseload,0.9999045538873897
76960.0,76969.8,True,washing_machine,0.9216507874825965
76965.0,76974.8,True,washing_machine,0.921644727232654
76970.0,76979.8,True,baseload,0.9999000544558787
76975.0,76984.8,True,washing_machine,0.9223699548339149
76980.0,76989.8,True,washing_machine,0.999990747103197
76985.0,76994.8,True,washing_machine,0.999990747103197
76990.0,76999.8,True,washing_machine,0.9999818475469502
76995.0,77004.8,True,baseload,0.999896004556539
77000.0,77009.8,True,washing_machine,0.9242540778774747
77005.0,77014.8,True,washing_machine,0.9216447206123586
77010.0,77019.8,True,washing_machine,0.9216507731434502
77015.0,77024.8,True,baseload,0.9999000534782294
77020.0,77029.8,True,washing_machine,0.9216507731434502
77025.0,77034.8,True,washing_machine,0.9999818463857499
77030.0,77039.8,True,washing_machine,0.9999818479066822
77035.0,77044.8,True,baseload,0.9999000136483354
77040.0,77049.8,True,baseload,0.999900053478229
77045.0,77054.8,True,washing_machine,0.9999818463857537
77050.0,77059.8,True,washing_machine,0.9999907472910375
77055.0,77064.8,True,washing_machine,0.9216507797656001
77060.0,77069.8,True,washing_machine,0.9216447274058132
77065.0,77074.8,True,baseload,0.9998960053218235
77070.0,77079.8,True,baseload,0.9999000544558789
77075.0,77084.8,True,baseload,0.9999000544558789
77080.0,77089.8,True,baseload,0.9999000544558792
77085.0,77094.8,True,baseload,0.9999000544558809
77090.0,77099.8,True,baseload,0.9999000544558789
77095.0,77104.8,True,baseload,0.9999000144664929
77100.0,77109.8,True,washing_machine,0.9223699483855357
77105.0,77114.8,True,washing_machine,0.921644727232654
77110.0,77119.8,True,washing_machine,0.9223625737323548
77115.0,77124.8,True,baseload,0.9999000544558789
77120.0,77129.8,True,washing_machine,0.9223650882830112
77125.0,77134.8,True,washing_machine,0.9216221742574119
77130.0,77139.8,True,washing_machine,0.9999820266382644
77135.0,77144.8,True,washing_machine,0.9999907472910389
77140.0,77149.8,True,washing_machine,0.9584554406565824
77145.0,77154.8,True,baseload,0.9999000136631832
77150.0,77159.8,True,baseload,0.9999000544558792
77155.0,77164.8,True,baseload,0.9999000537969063
77160.0,77169.8,True,washing_machine,0.921644727232654
77165.0,77174.8,True,washing_machine,0.9216447272345829
77170.0,77179.8,True,baseload,0.9999000544558787
77175.0,77184.8,True,baseload,0.9999000136483349
77180.0,77189.8,True,baseload,0.9999000136483347
77185.0,77194.8,True,baseload,0.999900053478229
77190.0,77199.8,True,baseload,0.9999000544558792
77195.0,77204.8,True,baseload,0.9999000544558792
77200.0,77209.8,True,baseload,0.999896004556539
77205.0,77214.8,True,baseload,0.999896004556539
77210.0,77219.8,True,baseload,0.999900053478229
77215.0,77224.8,True,washing_machine,0.9216282263192306
77220.0,77229.8,True,washing_machine,0.9216221742574119
77225.0,77234.8,True,washing_machine,0.9223625673213359
77230.0,77239.8,True,baseload,0.999900053478229
77235.0,77244.8,True,washing_machine,0.9999825001428084
77240.0,77249.8,True,washing_machine,0.9999818475469535
77245.0,77254.8,True,baseload,0.999900012844716
77250.0,77259.8,True,baseload,0.999900053478229
77255.0,77264.8,True,baseload,0.999900053478229
77260.0,77269.8,True,baseload,0.999896004556539
77265.0,77274.8,True,baseload,0.99990001284473
77270.0,77279.8,True,washing_machine,0.9242540778774747
77275.0,77284.8,True,washing_machine,0.9216447206123586
77280.0,77289.8,True,baseload,0.9999000544558789
77285.0,77294.8,True,baseload,0.999900053478229
77290.0,77299.8,True,baseload,0.9999000544558789
77295.0,77304.8,True,baseload,0.9999000544558807
77300.0,77309.8,True,washing_machine,0.9216447206123586
77305.0,77314.8,True,washing_machine,0.922369948385068
77310.0,77319.8,True,washing_machine,0.9216507731450234
77315.0,77324.8,True,washing_machine,0.9216447272345829
77320.0,77329.8,True,washing_machine,0.9216447268418603
77325.0,77334.8,True,baseload,0.9999000537969065
77330.0,77339.8,True,washing_machine,0.9999907472910373
77335.0,77344.8,True,washing_machine,0.9999818479066811
77340.0,77349.8,True,baseload,0.999900053478229
77345.0,77354.8,True,baseload,0.999900053478229
77350.0,77359.8,True,baseload,0.9999000544558789
77355.0,77364.8,True,baseload,0.9999000544558789
77360.0,77369.8,True,baseload,0.9999000544558789
77365.0,77374.8,True,washing_machine,0.9216447349497466
77370.0,77379.8,True,washing_machine,0.9216221742551876
77375.0,77384.8,True,washing_machine,0.9242540840840037
77380.0,77389.8,True,baseload,0.9999000136631785
77385.0,77394.8,True,baseload,0.9999000537969063
77390.0,77399.8,True,washing_machine,0.9999818479066815
77395.0,77404.8,True,washing_machine,0.9999818463857064
77400.0,77409.8,True,washing_machine,0.9584554406886755
77405.0,77414.8,True,washing_machine,0.9216282263214269
77410.0,77419.8,True,baseload,0.9999000136483347
77415.0,77424.8,True,baseload,0.999900053478229
77420.0,77429.8,True,baseload,0.9999000136483343
77425.0,77434.8,True,baseload,0.999900053478229
77430.0,77439.8,True,washing_machine,0.9999816640219713
77435.0,77444.8,True,washing_machine,0.999990968738926
77440.0,77449.8,True,washing_machine,0.9999820270930317
77445.0,77454.8,True,baseload,0.9999000544558787
77450.0,77459.8,True,baseload,0.9999000128447164
77455.0,77464.8,True,washing_machine,0.922362567417248
77460.0,77469.8,True,washing_machine,0.9216507731432608
77465.0,77474.8,True,baseload,0.9999000128447348
77470.0,77479.8,True,baseload,0.9998960053218235
77475.0,77484.8,True,baseload,0.9999000537969065
77480.0,77489.8,True,baseload,0.9999000544558792
77485.0,77494.8,True,baseload,0.9999000544558789
77490.0,77499.8,True,baseload,0.9999000136631876
77495.0,77504.8,True,washing_machine,0.9242540840840037
77500.0,77509.8,True,washing_machine,0.9216507797656001
77505.0,77514.8,True,baseload,0.999900053478229
77510.0,77519.8,True,baseload,0.999896004556539
77515.0,77524.8,True,baseload,0.9999000136632542
77520.0,77529.8,True,baseload,0.9999000544558787
77525.0,77534.8,True,washing_machine,0.9999818483568396
77530.0,77539.8,True,washing_machine,0.9999825009295269
77535.0,77544.8,True,baseload,0.9999045512676157
77540.0,77549.8,True,baseload,0.9999000128447182
77545.0,77554.8,True,baseload,0.999900053478229
77550.0,77559.8,True,baseload,0.99990001284473
77555.0,77564.8,True,baseload,0.999900053478229
77560.0,77569.8,True,baseload,0.9999000131183039
77565.0,77574.8,True,baseload,0.9999000544558789
77570.0,77579.8,True,washing_machine,0.9216447272345829
77575.0,77584.8,True,washing_machine,0.9216447274038843
77580.0,77589.8,True,washing_machine,0.9216447206123586
77585.0,77594.8,True,baseload,0.9999000136631829
77590.0,77599.8,True,baseload,0.9999000128447348
77595.0,77604.8,True,baseload,0.9999000544558789
77600.0,77609.8,True,baseload,0.9998960053218235
77605.0,77614.8,True,baseload,0.999900053478229
77610.0,77619.8,True,baseload,0.999900053478229
77615.0,77624.8,True,washing_machine,0.9223625679595144
77620.0,77629.8,True,washing_machine,0.9216221742574119
77625.0,77634.8,True,washing_machine,0.9223399854704789
77630.0,77639.8,True,baseload,0.9999000537969065
77635.0,77644.8,True,washing_machine,0.9216282263771964
77640.0,77649.8,True,washing_machine,0.9216221740825025
77645.0,77654.8,True,baseload,0.9999000544558809
77650.0,77659.8,True,baseload,0.9998960053218235
77655.0,77664.8,True,baseload,0.9999000128447182
77660.0,77669.8,True,baseload,0.999900053478229
77665.0,77674.8,True,baseload,0.9999045520712375
77670.0,77679.8,True,baseload,0.9999000128447235
77675.0,77684.8,True,baseload,0.9998960053218235
77680.0,77689.8,True,baseload,0.9999000544558789
77685.0,77694.8,True,baseload,0.9999000544558789
77690.0,77699.8,True,baseload,0.9999000136483349
77695.0,77704.8,True,baseload,0.999904553083767
77700.0,77709.8,True,washing_machine,0.9223625673727658
77705.0,77714.8,True,washing_machine,0.9216447206123586
77710.0,77719.8,True,washing_machine,0.9223625679608382
77715.0,77724.8,True,washing_machine,0.9216447206123586
77720.0,77729.8,True,baseload,0.9999000136631752
77725.0,77734.8,True,baseload,0.9999000144664929
77730.0,77739.8,True,baseload,0.9999000537969063
77735.0,77744.8,True,ev,0.9999957892298035
77740.0,77749.8,True,ev,0.9999995997069276
77745.0,77754.8,True,ev,0.9999997767542005
77750.0,77759.8,True,ev,0.999999739516294
77755.0,77764.8,True,ev,0.9999997767542005
77760.0,77769.8,True,ev,0.9999997124455476
77765.0,77774.8,True,ev,0.9999997395039434
77770.0,77779.8,True,ev,0.9999997767542602
77775.0,77784.8,True,ev,0.9999997395039434
77780.0,77789.8,True,ev,0.9999997770244575
77785.0,77794.8,True,ev,0.9999997770244584
77790.0,77799.8,True,ev,0.9999997770244569
77795.0,77804.8,True,ev,0.9999997767542602
77800.0,77809.8,True,ev,0.9999997767542005
77805.0,77814.8,True,ev,0.9999997767542005
77810.0,77819.8,True,ev,0.9999997767542005
77815.0,77824.8,True,ev,0.9999997395039434
77820.0,77829.8,True,ev,0.9999997767542602
77825.0,77834.8,True,ev,0.9999997767542602
77830.0,77839.8,True,ev,0.9999997395039434
77835.0,77844.8,True,ev,0.9999997767542602
77840.0,77849.8,True,ev,0.9999997398203109
77845.0,77854.8,True,ev,0.9999997772171506
77850.0,77859.8,True,ev,0.9999997772171506
77855.0,77864.8,True,ev,0.9999997772171533
77860.0,77869.8,True,ev,0.9999997772171533
77865.0,77874.8,True,ev,0.9999997772171533
77870.0,77879.8,True,ev,0.9999997772171533
77875.0,77884.8,True,ev,0.9999997398203109
77880.0,77889.8,True,ev,0.9999997398203109
77885.0,77894.8,True,ev,0.9999997772171282
77890.0,77899.8,True,ev,0.9999997398327187
77895.0,77904.8,True,ev,0.999999739516294
77900.0,77909.8,True,ev,0.9999997767542602
77905.0,77914.8,True,ev,0.9999997767542602
77910.0,77919.8,True,ev,0.9999997767542602
77915.0,77924.8,True,ev,0.9999997767542602
77920.0,77929.8,True,ev,0.9999997767542005
77925.0,77934.8,True,ev,0.9999997767541976
77930.0,77939.8,True,ev,0.9999997767541974
77935.0,77944.8,True,ev,0.9999997767542602
77940.0,77949.8,True,ev,0.9999997767542602
77945.0,77954.8,True,ev,0.9999997397305271
77950.0,77959.8,True,ev,0.9999997767542005
77955.0,77964.8,True,ev,0.9999997395039434
77960.0,77969.8,True,ev,0.9999997400649964
77965.0,77974.8,True,ev,0.9999997773149122
77970.0,77979.8,True,ev,0.9999997767542005
77975.0,77984.8,True,ev,0.9999997767542005
77980.0,77989.8,True,ev,0.9999997767542602
77985.0,77994.8,True,ev,0.9999997395039454
77990.0,77999.8,True,ev,0.9999997395039454
77995.0,78004.8,True,ev,0.9999997395039434
78000.0,78009.8,True,ev,0.9999997767542602
78005.0,78014.8,True,ev,0.9999997395039434
78010.0,78019.8,True,ev,0.9999997395039434
78015.0,78024.8,True,ev,0.9999997767542602
78020.0,78029.8,True,ev,0.9999997767542602
78025.0,78034.8,True,ev,0.9999997767542602
78030.0,78039.8,True,ev,0.9999997395039434
78035.0,78044.8,True,ev,0.9999997767542602
78040.0,78049.8,True,ev,0.9999997767542602
78045.0,78054.8,True,ev,0.9999997395039434
78050.0,78059.8,True,ev,0.9999997767542602
78055.0,78064.8,True,ev,0.9999997395039434
78060.0,78069.8,True,ev,0.999999739516294
78065.0,78074.8,True,ev,0.9999997767542005
78070.0,78079.8,True,ev,0.9999997767542005
78075.0,78084.8,True,ev,0.999999739516294
78080.0,78089.8,True,ev,0.9999997772171506
78085.0,78094.8,True,ev,0.9999997398327187
78090.0,78099.8,True,ev,0.9999997130433897
78095.0,78104.8,True,ev,0.9999997772171506
78100.0,78109.8,True,ev,0.9999997772171533
78105.0,78114.8,True,ev,0.9999997767542602
78110.0,78119.8,True,ev,0.9999997767542602
78115.0,78124.8,True,ev,0.9999997767542602
78120.0,78129.8,True,ev,0.9999997395039434
78125.0,78134.8,True,ev,0.9999997767542602
78130.0,78139.8,True,ev,0.9999997767542602
78135.0,78144.8,True,ev,0.9999997769684503
78140.0,78149.8,True,ev,0.9999997395162908
78145.0,78154.8,True,ev,0.9999997767541994
78150.0,78159.8,True,ev,0.999999739516294
78155.0,78164.8,True,ev,0.9999997767542005
78160.0,78169.8,True,ev,0.9999997767542005
78165.0,78174.8,True,ev,0.9999997767542005
78170.0,78179.8,True,ev,0.9999997767542005
78175.0,78184.8,True,ev,0.9999997767541983
78180.0,78189.8,True,ev,0.9999997397305898
78185.0,78194.8,True,ev,0.9999997769684501
78190.0,78199.8,True,ev,0.9999997767542602
78195.0,78204.8,True,ev,0.9999997767542602
78200.0,78209.8,True,ev,0.9999997770244569
78205.0,78214.8,True,ev,0.9999997770244569
78210.0,78219.8,True,ev,0.9999997767542602
78215.0,78224.8,True,ev,0.9999997767542602
78220.0,78229.8,True,ev,0.9999997767542005
78225.0,78234.8,True,ev,0.9999997767542005
78230.0,78239.8,True,ev,0.9999997769684503
78235.0,78244.8,True,ev,0.9999997767542005
78240.0,78249.8,True,ev,0.9999997767542005
78245.0,78254.8,True,ev,0.9999997395039434
78250.0,78259.8,True,ev,0.9999997767542602
78255.0,78264.8,True,ev,0.9999997767542602
78260.0,78269.8,True,ev,0.9999997395039434
78265.0,78274.8,True,ev,0.9999997767542602
78270.0,78279.8,True,ev,0.9999997767542602
78275.0,78284.8,True,ev,0.9999997767542602
78280.0,78289.8,True,ev,0.9999997772171533
78285.0,78294.8,True,ev,0.9999997772171506
78290.0,78299.8,True,ev,0.9999997772171506
78295.0,78304.8,True,ev,0.9999997772171506
78300.0,78309.8,True,ev,0.9999997772171506
78305.0,78314.8,True,ev,0.9999997398327187
78310.0,78319.8,True,ev,0.9999997398327187
78315.0,78324.8,True,ev,0.9999997772171506
78320.0,78329.8,True,ev,0.9999997772171533
78325.0,78334.8,True,ev,0.9999997772171533
78330.0,78339.8,True,ev,0.9999997772171533
78335.0,78344.8,True,ev,0.9999997398203109
78340.0,78349.8,True,ev,0.9999997398327187
78345.0,78354.8,True,ev,0.9999997772171533
78350.0,78359.8,True,ev,0.9999997772171533
78355.0,78364.8,True,ev,0.9999997398203109
78360.0,78369.8,True,ev,0.9999997398203109
78365.0,78374.8,True,ev,0.9999997398203109
78370.0,78379.8,True,ev,0.9999997772171506
78375.0,78384.8,True,ev,0.9999997398327187
78380.0,78389.8,True,ev,0.9999997400918306
78385.0,78394.8,True,ev,0.999999740091831
78390.0,78399.8,True,ev,0.9999997403809392
78395.0,78404.8,True,ev,0.9999997772171533
78400.0,78409.8,True,ev,0.9999997772171533
78405.0,78414.8,True,ev,0.9999997774882703
78410.0,78419.8,True,ev,0.9999997403809392
78415.0,78424.8,True,ev,0.9999997398203109
78420.0,78429.8,True,ev,0.9999997772171533
78425.0,78434.8,True,ev,0.9999997772171533
78430.0,78439.8,True,ev,0.9999997772171533
78435.0,78444.8,True,ev,0.9999997398327187
78440.0,78449.8,True,ev,0.9999997772171506
78445.0,78454.8,True,ev,0.9999997772171506
78450.0,78459.8,True,ev,0.9999997772171506
78455.0,78464.8,True,ev,0.9999997398327187
78460.0,78469.8,True,ev,0.9999997772171506
78465.0,78474.8,True,ev,0.9999997774882703
78470.0,78479.8,True,ev,0.9999997400918315
78475.0,78484.8,True,ev,0.9999997772171506
78480.0,78489.8,True,ev,0.9999997772171506
78485.0,78494.8,True,ev,0.9999997772171506
78490.0,78499.8,True,ev,0.9999997774882723
78495.0,78504.8,True,ev,0.9999997774882723
78500.0,78509.8,True,ev,0.9999997403809392
78505.0,78514.8,True,ev,0.9999997772171506
78510.0,78519.8,True,ev,0.9999997398327187
78515.0,78524.8,True,ev,0.9999997772171533
78520.0,78529.8,True,ev,0.9999997772171533
78525.0,78534.8,True,ev,0.9999997398203109
78530.0,78539.8,True,ev,0.9999997772171506
78535.0,78544.8,True,ev,0.9999997772171506
78540.0,78549.8,True,ev,0.9999997772171506
78545.0,78554.8,True,ev,0.9999997772171506
78550.0,78559.8,True,ev,0.9999997772171533
78555.0,78564.8,True,ev,0.9999997772171533
78560.0,78569.8,True,ev,0.9999997772171506
78565.0,78574.8,True,ev,0.9999997772171506
78570.0,78579.8,True,ev,0.9999997772171533
78575.0,78584.8,True,ev,0.9999997772171533
78580.0,78589.8,True,ev,0.9999997398203109
78585.0,78594.8,True,ev,0.9999997772171488
78590.0,78599.8,True,ev,0.9999997774303138
78595.0,78604.8,True,ev,0.9999997774303138
78600.0,78609.8,True,ev,0.9999997772171533
78605.0,78614.8,True,ev,0.9999997772171533
78610.0,78619.8,True,ev,0.9999997398203109
78615.0,78624.8,True,ev,0.9999997772171506
78620.0,78629.8,True,ev,0.9999997772171506
78625.0,78634.8,True,ev,0.9999997772171506
78630.0,78639.8,True,ev,0.9999997774303302
78635.0,78644.8,True,ev,0.9999997400459743
78640.0,78649.8,True,ev,0.9999997398327187
78645.0,78654.8,True,ev,0.9999997772171506
78650.0,78659.8,True,ev,0.9999997772171506
78655.0,78664.8,True,ev,0.9999997772171506
78660.0,78669.8,True,ev,0.9999997772171506
78665.0,78674.8,True,ev,0.9999997398203109
78670.0,78679.8,True,ev,0.9999997398203109
78675.0,78684.8,True,ev,0.9999997772171533
78680.0,78689.8,True,ev,0.9999997772171533
78685.0,78694.8,True,ev,0.9999997772171533
78690.0,78699.8,True,ev,0.9999997398203109
78695.0,78704.8,True,ev,0.9999997772171533
78700.0,78709.8,True,ev,0.9999997398203109
78705.0,78714.8,True,ev,0.9999997774303302
78710.0,78719.8,True,ev,0.9999997398203109
78715.0,78724.8,True,ev,0.9999997398203109
78720.0,78729.8,True,ev,0.9999997398203109
78725.0,78734.8,True,ev,0.9999997398327187
78730.0,78739.8,True,ev,0.9999997772171506
78735.0,78744.8,True,ev,0.9999997772171533
78740.0,78749.8,True,ev,0.9999997772171533
78745.0,78754.8,True,ev,0.9999997772171533
78750.0,78759.8,True,ev,0.9999997772171533
78755.0,78764.8,True,ev,0.9999997774882703
78760.0,78769.8,True,ev,0.9999997400918315
78765.0,78774.8,True,ev,0.999999777777253
78770.0,78779.8,True,ev,0.9999997774303138
78775.0,78784.8,True,ev,0.9999997772171506
78780.0,78789.8,True,ev,0.9999997774882696
78785.0,78794.8,True,ev,0.9999997774882698
78790.0,78799.8,True,ev,0.9999997772171533
78795.0,78804.8,True,ev,0.9999997772171506
78800.0,78809.8,True,ev,0.9999997772171506
78805.0,78814.8,True,ev,0.9999997772171506
78810.0,78819.8,True,ev,0.9999997398327187
78815.0,78824.8,True,ev,0.9999997772171506
78820.0,78829.8,True,ev,0.9999997772171506
78825.0,78834.8,True,ev,0.9999997772171506
78830.0,78839.8,True,ev,0.9999997772171533
78835.0,78844.8,True,ev,0.9999997774882698
78840.0,78849.8,True,ev,0.9999997770244571
78845.0,78854.8,True,ev,0.9999997769684501
78850.0,78859.8,True,ev,0.9999997769684503
78855.0,78864.8,True,ev,0.999999739516294
78860.0,78869.8,True,ev,0.9999997767542005
78865.0,78874.8,True,ev,0.9999997767542005
78870.0,78879.8,True,ev,0.9999997395039434
78875.0,78884.8,True,ev,0.9999997767542602
78880.0,78889.8,True,ev,0.9999997769684503
78885.0,78894.8,True,ev,0.9999997767542005
78890.0,78899.8,True,ev,0.9999997772171506
78895.0,78904.8,True,ev,0.999999777430314
78900.0,78909.8,True,ev,0.9999997772171506
78905.0,78914.8,True,ev,0.9999997772171506
78910.0,78919.8,True,ev,0.9999997772171506
78915.0,78924.8,True,ev,0.9999997767542005
78920.0,78929.8,True,ev,0.9999997767542602
78925.0,78934.8,True,ev,0.9999997767542602
78930.0,78939.8,True,ev,0.9999997767542602
78935.0,78944.8,True,ev,0.9999997767542602
78940.0,78949.8,True,ev,0.9999997767542005
78945.0,78954.8,True,ev,0.9999997767542005
78950.0,78959.8,True,ev,0.999999709764997
78955.0,78964.8,True,ev,0.9999993766841073
78960.0,78969.8,True,ev,0.9999993839954477
78965.0,78974.8,True,ev,0.9999993831946209
78970.0,78979.8,True,ev,0.9999993839954477
78975.0,78984.8,True,ev,0.9999993824431422
78980.0,78989.8,True,ev,0.9999993824431422
78985.0,78994.8,True,ev,0.9999993824431422
78990.0,78999.8,True,ev,0.9999993824431422
78995.0,79004.8,True,ev,0.9999993824431422
79000.0,79009.8,True,ev,0.9999993824431422
79005.0,79014.8,True,ev,0.9999993824431422
79010.0,79019.8,True,ev,0.9999993830338582
79015.0,79024.8,True,ev,0.9999993824427839
79020.0,79029.8,True,ev,0.9999993824427839
79025.0,79034.8,True,ev,0.9999993824431422
79030.0,79039.8,True,ev,0.9999993824431422
79035.0,79044.8,True,ev,0.9999993824427839
79040.0,79049.8,True,ev,0.9999993824427839
79045.0,79054.8,True,ev,0.9999993824427839
79050.0,79059.8,True,ev,0.9999993824427887
79055.0,79064.8,True,ev,0.9999993824431422
79060.0,79069.8,True,ev,0.9999993824431422
79065.0,79074.8,True,ev,0.9999993824431422
79070.0,79079.8,True,ev,0.9999993824431422
79075.0,79084.8,True,ev,0.9999993824431422
79080.0,79089.8,True,ev,0.9999993824431422
79085.0,79094.8,True,ev,0.9999993824431422
79090.0,79099.8,True,ev,0.9999993824431422
79095.0,79104.8,True,ev,0.9999993824431422
79100.0,79109.8,True,ev,0.9999993839954477
79105.0,79114.8,True,ev,0.9999993831946209
79110.0,79119.8,True,ev,0.9999993839954477
79115.0,79124.8,True,ev,0.9999993824427839
79120.0,79129.8,True,ev,0.9999993824427839
79125.0,79134.8,True,ev,0.9999993831946209
79130.0,79139.8,True,ev,0.9999993831946209
79135.0,79144.8,True,ev,0.9999993824431422
79140.0,79149.8,True,ev,0.9999993830338582
79145.0,79154.8,True,ev,0.9999993830338586
79150.0,79159.8,True,ev,0.9999993824431422
79155.0,79164.8,True,ev,0.9999993831946098
79160.0,79169.8,True,ev,0.99999938319462
79165.0,79174.8,True,ev,0.99999938319462
79170.0,79179.8,True,ev,0.99999938319462
79175.0,79184.8,True,ev,0.9999993824427879
79180.0,79189.8,True,ev,0.9999993824427887
79185.0,79194.8,True,ev,0.9999993824431422
79190.0,79199.8,True,ev,0.9999993824431422
79195.0,79204.8,True,ev,0.9999993824431422
79200.0,79209.8,True,ev,0.9999993824431422
79205.0,79214.8,True,ev,0.9999993824431422
79210.0,79219.8,True,ev,0.9999993824427839
79215.0,79224.8,True,ev,0.9999993824427839
79220.0,79229.8,True,ev,0.9999993824427894
79225.0,79234.8,True,ev,0.9999993824427839
79230.0,79239.8,True,ev,0.9999993824431422
79235.0,79244.8,True,ev,0.9999993824427879
79240.0,79249.8,True,ev,0.9999993824427839
79245.0,79254.8,True,ev,0.9999993824427887
79250.0,79259.8,True,ev,0.9999993830338582
79255.0,79264.8,True,ev,0.9999993824431405
79260.0,79269.8,True,ev,0.9999993824431422
79265.0,79274.8,True,ev,0.9999993831946209
79270.0,79279.8,True,ev,0.9999993831946209
79275.0,79284.8,True,ev,0.9999993830338582
79280.0,79289.8,True,ev,0.9999993811564561
79285.0,79294.8,True,ev,0.9999993824431422
79290.0,79299.8,True,ev,0.9999993824431336
79295.0,79304.8,True,ev,0.99999938175029
79300.0,79309.8,True,ev,0.9999993830338582
79305.0,79314.8,True,ev,0.9999993817502905
79310.0,79319.8,True,ev,0.99999938175029
79315.0,79324.8,True,ev,0.9999993817503353
79320.0,79329.8,True,ev,0.9999993811564561
79325.0,79334.8,True,ev,0.999999381156261
79330.0,79339.8,True,ev,0.9999993811562561
79335.0,79344.8,True,ev,0.9999993811562561
79340.0,79349.8,True,ev,0.9999993819053529
79345.0,79354.8,True,ev,0.9999993819053529
79350.0,79359.8,True,ev,0.9999993819053644
79355.0,79364.8,True,ev,0.9999993827104172
79360.0,79369.8,True,ev,0.9999993817502818
79365.0,79374.8,True,ev,0.9999993811562561
79370.0,79379.8,True,ev,0.9999993811562561
79375.0,79384.8,True,ev,0.9999993819053642
79380.0,79389.8,True,ev,0.9999993819053529
79385.0,79394.8,True,ev,0.9999993811562561
79390.0,79399.8,True,ev,0.9999993811564561
79395.0,79404.8,True,ev,0.9999993817502678
79400.0,79409.8,True,ev,0.9999993811564561
79405.0,79414.8,True,ev,0.9999993811564561
79410.0,79419.8,True,ev,0.9999993811564561
79415.0,79424.8,True,ev,0.999999381156261
79420.0,79429.8,True,ev,0.9999993811562561
79425.0,79434.8,True,ev,0.9999993811562561
79430.0,79439.8,True,ev,0.999999381156261
79435.0,79444.8,True,ev,0.9999993811562601
79440.0,79449.8,True,ev,0.9999993811562601
79445.0,79454.8,True,ev,0.9999993811562561
79450.0,79459.8,True,ev,0.9999993811562561
79455.0,79464.8,True,ev,0.999999381156261
79460.0,79469.8,True,ev,0.9999993811562561
79465.0,79474.8,True,ev,0.9999993811562561
79470.0,79479.8,True,ev,0.9999993811564561
79475.0,79484.8,True,ev,0.9999993811562601
79480.0,79489.8,True,ev,0.9999993811562561
79485.0,79494.8,True,ev,0.9999993819053631
79490.0,79499.8,True,ev,0.9999993819053631
79495.0,79504.8,True,ev,0.9999993827104172
79500.0,79509.8,True,ev,0.9999993811564561
79505.0,79514.8,True,ev,0.99999938175029
79510.0,79519.8,True,ev,0.9999993811562561
79515.0,79524.8,True,ev,0.9999993811562561
79520.0,79529.8,True,ev,0.9999993811562561
79525.0,79534.8,True,ev,0.999999381156261
79530.0,79539.8,True,ev,0.9999993819053642
79535.0,79544.8,True,ev,0.9999993819053642
79540.0,79549.8,True,ev,0.9999993811564561
79545.0,79554.8,True,ev,0.9999993811564561
79550.0,79559.8,True,ev,0.9999993817502905
79555.0,79564.8,True,ev,0.9999993817502905
79560.0,79569.8,True,ev,0.9999993811564561
79565.0,79574.8,True,ev,0.9999993811564561
79570.0,79579.8,True,ev,0.9999993811564561
79575.0,79584.8,True,ev,0.9999993811564561
79580.0,79589.8,True,ev,0.9999993811562601
79585.0,79594.8,True,ev,0.9999993811562561
79590.0,79599.8,True,ev,0.9999993811564561
79595.0,79604.8,True,ev,0.9999993819053642
79600.0,79609.8,True,ev,0.9999993819053642
79605.0,79614.8,True,ev,0.999999381156394
79610.0,79619.8,True,ev,0.9999993817503353
79615.0,79624.8,True,ev,0.9999993811564561
79620.0,79629.8,True,ev,0.9999993811564561
79625.0,79634.8,True,ev,0.9999993811564561
79630.0,79639.8,True,ev,0.9999993811564561
79635.0,79644.8,True,ev,0.9999993811562561
79640.0,79649.8,True,ev,0.9999993811562561
79645.0,79654.8,True,ev,0.9999993811564561
79650.0,79659.8,True,ev,0.9999993811562561
79655.0,79664.8,True,ev,0.9999993753834036
79660.0,79669.8,True,ev,0.999999709764997
79665.0,79674.8,True,ev,0.9999997767542005
79670.0,79679.8,True,ev,0.9999997769684665
79675.0,79684.8,True,ev,0.9999997769684665
79680.0,79689.8,True,ev,0.9999997395162908
79685.0,79694.8,True,ev,0.9999997397305735
79690.0,79699.8,True,ev,0.9999997395039434
79695.0,79704.8,True,ev,0.9999997767542602
79700.0,79709.8,True,ev,0.9999997767542602
79705.0,79714.8,True,ev,0.9999997395162928
79710.0,79719.8,True,ev,0.9999997767541974
79715.0,79724.8,True,ev,0.9999997767542005
79720.0,79729.8,True,ev,0.9999997395039434
79725.0,79734.8,True,ev,0.9999997767542602
79730.0,79739.8,True,ev,0.9999997767542005
79735.0,79744.8,True,ev,0.9999997767541974
79740.0,79749.8,True,ev,0.999999739516294
79745.0,79754.8,True,ev,0.9999997395039434
79750.0,79759.8,True,ev,0.9999997773149122
79755.0,79764.8,True,ev,0.9999997770244571
79760.0,79769.8,True,ev,0.9999997397745002
79765.0,79774.8,True,ev,0.9999997397745002
79770.0,79779.8,True,ev,0.9999997397745006
79775.0,79784.8,True,ev,0.9999997767542005
79780.0,79789.8,True,ev,0.999999739516294
79785.0,79794.8,True,ev,0.9999997767542005
79790.0,79799.8,True,ev,0.9999997767542602
79795.0,79804.8,True,ev,0.9999997395039434
79800.0,79809.8,True,ev,0.9999997395039434
79805.0,79814.8,True,ev,0.9999997767542005
79810.0,79819.8,True,ev,0.999999739516294
79815.0,79824.8,True,ev,0.9999997770244571
79820.0,79829.8,True,ev,0.9999997770244571
79825.0,79834.8,True,ev,0.999999739516294
79830.0,79839.8,True,ev,0.999999739516294
79835.0,79844.8,True,ev,0.999999739516294
79840.0,79849.8,True,ev,0.9999997767542005
79845.0,79854.8,True,ev,0.9999997767541974
79850.0,79859.8,True,ev,0.9999997397305898
79855.0,79864.8,True,ev,0.9999997397745006
79860.0,79869.8,True,ev,0.9999997770244571
79865.0,79874.8,True,ev,0.999999739516294
79870.0,79879.8,True,ev,0.9999997397305733
79875.0,79884.8,True,ev,0.9999997767542005
79880.0,79889.8,True,ev,0.9999997767542005
79885.0,79894.8,True,ev,0.9999997767542005
79890.0,79899.8,True,ev,0.9999997767542602
79895.0,79904.8,True,ev,0.9999997767542602
79900.0,79909.8,True,ev,0.9999997767542602
79905.0,79914.8,True,ev,0.9999997767542602
79910.0,79919.8,True,ev,0.9999997767542602
79915.0,79924.8,True,ev,0.9999997767542005
79920.0,79929.8,True,ev,0.9999997767542005
79925.0,79934.8,True,ev,0.9999997767542005
79930.0,79939.8,True,ev,0.9999997767542602
79935.0,79944.8,True,ev,0.9999997767542005
79940.0,79949.8,True,ev,0.9999997769684665
79945.0,79954.8,True,ev,0.9999997767542005
79950.0,79959.8,True,ev,0.999999739516294
79955.0,79964.8,True,ev,0.9999997770244571
79960.0,79969.8,True,ev,0.9999997397745006
79965.0,79974.8,True,ev,0.9999997767542005
79970.0,79979.8,True,ev,0.9999997767542005
79975.0,79984.8,True,ev,0.999999739516294
79980.0,79989.8,True,ev,0.9999997769684472
79985.0,79994.8,True,ev,0.9999997397305733
79990.0,79999.8,True,ev,0.9999997769684665
79995.0,80004.8,True,ev,0.9999997767541998
80000.0,80009.8,True,ev,0.9999997767542602
80005.0,80014.8,True,ev,0.9999997395039434
80010.0,80019.8,True,ev,0.9999997395039434
80015.0,80024.8,True,ev,0.9999997769684501
80020.0,80029.8,True,ev,0.9999997769684501
80025.0,80034.8,True,ev,0.9999997769684501
80030.0,80039.8,True,ev,0.999999739516294
80035.0,80044.8,True,ev,0.9999997767542602
80040.0,80049.8,True,ev,0.9999997767542602
80045.0,80054.8,True,ev,0.9999997767542602
80050.0,80059.8,True,ev,0.9999997767542005
80055.0,80064.8,True,ev,0.9999997395162908
80060.0,80069.8,True,ev,0.9999997767541978
80065.0,80074.8,True,ev,0.9999997397305735
80070.0,80079.8,True,ev,0.9999997767541974
80075.0,80084.8,True,ev,0.9999997767542005
80080.0,80089.8,True,ev,0.999999739516294
80085.0,80094.8,True,ev,0.9999997767542005
80090.0,80099.8,True,ev,0.9999997767542005
80095.0,80104.8,True,ev,0.9999997767542005
80100.0,80109.8,True,ev,0.9999997767542005
80105.0,80114.8,True,ev,0.9999997767542602
80110.0,80119.8,True,ev,0.9999997767542602
80115.0,80124.8,True,ev,0.9999997767542602
80120.0,80129.8,True,ev,0.9999997772171506
80125.0,80134.8,True,ev,0.9999997772171506
80130.0,80139.8,True,ev,0.9999997772171477
80135.0,80144.8,True,ev,0.9999997398327156
80140.0,80149.8,True,ev,0.9999997774303138
80145.0,80154.8,True,ev,0.9999997774882703
80150.0,80159.8,True,ev,0.9999997400918315
80155.0,80164.8,True,ev,0.9999997403809392
80160.0,80169.8,True,ev,0.9999997398327163
80165.0,80174.8,True,ev,0.9999997398327187
80170.0,80179.8,True,ev,0.9999997772171506
80175.0,80184.8,True,ev,0.9999997400918315
80180.0,80189.8,True,ev,0.9999997774882698
80185.0,80194.8,True,ev,0.9999997772171533
80190.0,80199.8,True,ev,0.9999997772171533
80195.0,80204.8,True,ev,0.9999997772171506
80200.0,80209.8,True,ev,0.9999997772171506
80205.0,80214.8,True,ev,0.9999997772171506
80210.0,80219.8,True,ev,0.9999997772171506
80215.0,80224.8,True,ev,0.9999997772171506
80220.0,80229.8,True,ev,0.9999997772171506
80225.0,80234.8,True,ev,0.9999997772171506
80230.0,80239.8,True,ev,0.999999777430314
80235.0,80244.8,True,ev,0.9999997774303138
80240.0,80249.8,True,ev,0.9999997774303138
80245.0,80254.8,True,ev,0.9999997400459743
80250.0,80259.8,True,ev,0.9999997774303138
80255.0,80264.8,True,ev,0.9999997398327187
80260.0,80269.8,True,ev,0.9999997398327187
80265.0,80274.8,True,ev,0.9999997772171506
80270.0,80279.8,True,ev,0.9999997774303138
80275.0,80284.8,True,ev,0.9999997398327156
80280.0,80289.8,True,ev,0.999999739832717
80285.0,80294.8,True,ev,0.9999997398327156
80290.0,80299.8,True,ev,0.9999997772171533
80295.0,80304.8,True,ev,0.9999997398203109
80300.0,80309.8,True,ev,0.9999997398327187
80305.0,80314.8,True,ev,0.9999997772171506
80310.0,80319.8,True,ev,0.9999997772171533
80315.0,80324.8,True,ev,0.9999997772171533
80320.0,80329.8,True,ev,0.9999997403809392
80325.0,80334.8,True,ev,0.9999997774882703
80330.0,80339.8,True,ev,0.9999997774882696
80335.0,80344.8,True,ev,0.9999997398203109
80340.0,80349.8,True,ev,0.9999997398203109
80345.0,80354.8,True,ev,0.9999997772171533
80350.0,80359.8,True,ev,0.9999997398327187
80355.0,80364.8,True,ev,0.9999997772171506
80360.0,80369.8,True,ev,0.9999997398327187
80365.0,80374.8,True,ev,0.9999997398327187
80370.0,80379.8,True,ev,0.9999997772171506
80375.0,80384.8,True,ev,0.9999997398327187
80380.0,80389.8,True,ev,0.9999997774882698
80385.0,80394.8,True,ev,0.999999740091831
80390.0,80399.8,True,ev,0.9999997772171506
80395.0,80404.8,True,ev,0.9999997772171473
80400.0,80409.8,True,ev,0.9999997772171533
80405.0,80414.8,True,ev,0.9999997772171533
80410.0,80419.8,True,ev,0.9999997772171506
80415.0,80424.8,True,ev,0.9999997398327187
80420.0,80429.8,True,ev,0.9999997772171506
80425.0,80434.8,True,ev,0.9999997398327156
80430.0,80439.8,True,ev,0.9999997774303138
80435.0,80444.8,True,ev,0.9999997400459743
80440.0,80449.8,True,ev,0.9999997398327156
80445.0,80454.8,True,ev,0.9999997772171475
80450.0,80459.8,True,ev,0.9999997398327158
80455.0,80464.8,True,ev,0.9999997772171473
80460.0,80469.8,True,ev,0.9999997772171506
80465.0,80474.8,True,ev,0.9999997772171506
80470.0,80479.8,True,ev,0.9999997772171506
80475.0,80484.8,True,ev,0.9999997400459714
80480.0,80489.8,True,ev,0.9999997774303138
80485.0,80494.8,True,ev,0.9999997772171506
80490.0,80499.8,True,ev,0.9999997772171506
80495.0,80504.8,True,ev,0.9999997772171506
80500.0,80509.8,True,ev,0.9999997772171533
80505.0,80514.8,True,ev,0.9999997398203109
80510.0,80519.8,True,ev,0.9999997772171473
80515.0,80524.8,True,ev,0.9999997772171484
80520.0,80529.8,True,ev,0.9999997772171499
80525.0,80534.8,True,ev,0.9999997398327172
80530.0,80539.8,True,ev,0.9999997772171473
80535.0,80544.8,True,ev,0.9999997398327187
80540.0,80549.8,True,ev,0.9999997772171506
80545.0,80554.8,True,ev,0.9999997772171506
80550.0,80559.8,True,ev,0.9999997772171506
80555.0,80564.8,True,ev,0.9999997772171506
80560.0,80569.8,True,ev,0.9999997769684665
80565.0,80574.8,True,ev,0.9999997767542005
80570.0,80579.8,True,ev,0.9999997773149122
80575.0,80584.8,True,ev,0.9999997773149122
80580.0,80589.8,True,ev,0.9999997767542602
80585.0,80594.8,True,ev,0.999999739516294
80590.0,80599.8,True,ev,0.9999997767542005
80595.0,80604.8,True,ev,0.9999997767542005
80600.0,80609.8,True,ev,0.9999997767542005
80605.0,80614.8,True,ev,0.9999997767542005
80610.0,80619.8,True,ev,0.9999997772171506
80615.0,80624.8,True,ev,0.9999997772171506
80620.0,80629.8,True,ev,0.9999997772171506
80625.0,80634.8,True,ev,0.9999997772171506
80630.0,80639.8,True,ev,0.9999997772171506
80635.0,80644.8,True,ev,0.9999997772171506
80640.0,80649.8,True,ev,0.9999997772171506
80645.0,80654.8,True,ev,0.9999997772171506
80650.0,80659.8,True,ev,0.9999997772171506
80655.0,80664.8,True,ev,0.9999997772171506
80660.0,80669.8,True,ev,0.9999997398327187
80665.0,80674.8,True,ev,0.9999997772171506
80670.0,80679.8,True,ev,0.999999777430314
80675.0,80684.8,True,ev,0.9999997772171533
80680.0,80689.8,True,ev,0.9999997772171533
80685.0,80694.8,True,ev,0.9999997772171506
80690.0,80699.8,True,ev,0.999999777430314
80695.0,80704.8,True,ev,0.9999997774303302
80700.0,80709.8,True,ev,0.9999997772171506
80705.0,80714.8,True,ev,0.9999997772171533
80710.0,80719.8,True,ev,0.9999997398203109
80715.0,80724.8,True,ev,0.9999997772171533
80720.0,80729.8,True,ev,0.9999997772171533
80725.0,80734.8,True,ev,0.9999997772171533
80730.0,80739.8,True,ev,0.999999739832717
80735.0,80744.8,True,ev,0.9999997772171488
80740.0,80749.8,True,ev,0.9999997772171473
80745.0,80754.8,True,ev,0.9999997774303302
80750.0,80759.8,True,ev,0.9999997772171506
80755.0,80764.8,True,ev,0.9999997772171533
80760.0,80769.8,True,ev,0.9999997398203109
80765.0,80774.8,True,ev,0.9999997772171506
80770.0,80779.8,True,ev,0.9999997772171484
80775.0,80784.8,True,ev,0.9999997772171473
80780.0,80789.8,True,ev,0.9999997772171473
80785.0,80794.8,True,ev,0.9999997772171533
80790.0,80799.8,True,ev,0.999999777777253
80795.0,80804.8,True,ev,0.9999997398203109
80800.0,80809.8,True,ev,0.9999997772171533
80805.0,80814.8,True,ev,0.9999997398327187
80810.0,80819.8,True,ev,0.9999997130433957
80815.0,80824.8,True,ev,0.9999997398203109
80820.0,80829.8,True,ev,0.9999997772171533
80825.0,80834.8,True,ev,0.9999997767542602
80830.0,80839.8,True,ev,0.9999997769684501
80835.0,80844.8,True,ev,0.9999997769684503
80840.0,80849.8,True,ev,0.9999997767542602
80845.0,80854.8,True,ev,0.9999997400649964
80850.0,80859.8,True,ev,0.9999997773149122
80855.0,80864.8,True,ev,0.9999997767542005
80860.0,80869.8,True,ev,0.9999997767542005
80865.0,80874.8,True,ev,0.999999739516294
80870.0,80879.8,True,ev,0.9999997767542005
80875.0,80884.8,True,ev,0.9999997395039434
80880.0,80889.8,True,ev,0.9999997767542602
80885.0,80894.8,True,ev,0.9999997767542624
80890.0,80899.8,True,ev,0.9999997395039454
80895.0,80904.8,True,ev,0.9999997767542005
80900.0,80909.8,True,ev,0.9999997767542005
80905.0,80914.8,True,ev,0.9999997767542005
80910.0,80919.8,True,ev,0.9999997767542005
80915.0,80924.8,True,ev,0.9999997767542602
80920.0,80929.8,True,ev,0.9999997767542602
80925.0,80934.8,True,ev,0.9999997395039434
80930.0,80939.8,True,ev,0.9999997773149122
80935.0,80944.8,True,ev,0.9999997774882703
80940.0,80949.8,True,ev,0.9999997774882703
80945.0,80954.8,True,ev,0.9999997772171506
80950.0,80959.8,True,ev,0.9999997398327187
80955.0,80964.8,True,ev,0.9999997398327187
80960.0,80969.8,True,ev,0.999999777430314
80965.0,80974.8,True,ev,0.9999997774303138
80970.0,80979.8,True,ev,0.9999997772171533
80975.0,80984.8,True,ev,0.9999997772171533
80980.0,80989.8,True,ev,0.9999997774303138
80985.0,80994.8,True,ev,0.9999997772171473
80990.0,80999.8,True,ev,0.9999997130433858
80995.0,81004.8,True,ev,0.9999997772171533
81000.0,81009.8,True,ev,0.9999997772171533
81005.0,81014.8,True,ev,0.9999997772171533
81010.0,81019.8,True,ev,0.9999997398203109
81015.0,81024.8,True,ev,0.9999997772171506
81020.0,81029.8,True,ev,0.9999997398327156
81025.0,81034.8,True,ev,0.9999997772171506
81030.0,81039.8,True,ev,0.9999997772171506
81035.0,81044.8,True,ev,0.999999777430314
81040.0,81049.8,True,ev,0.9999997772171473
81045.0,81054.8,True,ev,0.9999997772171533
81050.0,81059.8,True,ev,0.9999997772171533
81055.0,81064.8,True,ev,0.9999997400918306
81060.0,81069.8,True,ev,0.9999997774882698
81065.0,81074.8,True,ev,0.9999997398327156
81070.0,81079.8,True,ev,0.9999997772171484
81075.0,81084.8,True,ev,0.9999997772171473
81080.0,81089.8,True,ev,0.9999997772171475
81085.0,81094.8,True,ev,0.999999740091831
81090.0,81099.8,True,ev,0.9999997774882698
81095.0,81104.8,True,ev,0.9999997772171533
81100.0,81109.8,True,ev,0.9999997398203109
81105.0,81114.8,True,ev,0.9999997772171506
81110.0,81119.8,True,ev,0.9999997772171506
81115.0,81124.8,True,ev,0.9999997772171506
81120.0,81129.8,True,ev,0.9999997772171506
81125.0,81134.8,True,ev,0.9999997398327187
81130.0,81139.8,True,ev,0.9999997772171533
81135.0,81144.8,True,ev,0.9999997398203109
81140.0,81149.8,True,ev,0.9999997398203109
81145.0,81154.8,True,ev,0.9999997772171506
81150.0,81159.8,True,ev,0.9999997772171533
81155.0,81164.8,True,ev,0.9999997403809392
81160.0,81169.8,True,ev,0.9999997774882698
81165.0,81174.8,True,ev,0.999999777777253
81170.0,81179.8,True,ev,0.9999997398327187
81175.0,81184.8,True,ev,0.9999997772171506
81180.0,81189.8,True,ev,0.9999997772171506
81185.0,81194.8,True,ev,0.9999997772171506
81190.0,81199.8,True,ev,0.9999997772171506
81195.0,81204.8,True,ev,0.9999997772171506
81200.0,81209.8,True,ev,0.9999997772171506
81205.0,81214.8,True,ev,0.9999997772171533
81210.0,81219.8,True,ev,0.9999997772171533
81215.0,81224.8,True,ev,0.9999997772171533
81220.0,81229.8,True,ev,0.9999997772171506
81225.0,81234.8,True,ev,0.9999997772171506
81230.0,81239.8,True,ev,0.9999997774303109
81235.0,81244.8,True,ev,0.9999997772171506
81240.0,81249.8,True,ev,0.9999997772171506
81245.0,81254.8,True,ev,0.9999997398327187
81250.0,81259.8,True,ev,0.9999997772171499
81255.0,81264.8,True,ev,0.9999997772171506
81260.0,81269.8,True,ev,0.9999997398203109
81265.0,81274.8,True,ev,0.9999997772171533
81270.0,81279.8,True,ev,0.9999997398203109
81275.0,81284.8,True,ev,0.9999997772171506
81280.0,81289.8,True,ev,0.9999997398327187
81285.0,81294.8,True,ev,0.9999997398327187
81290.0,81299.8,True,ev,0.9999997772171506
81295.0,81304.8,True,ev,0.9999997772171506
81300.0,81309.8,True,ev,0.9999997398203109
81305.0,81314.8,True,ev,0.9999997772171533
81310.0,81319.8,True,ev,0.9999997772171533
81315.0,81324.8,True,ev,0.9999997772171506
81320.0,81329.8,True,ev,0.9999997772171506
81325.0,81334.8,True,ev,0.9999997398327187
81330.0,81339.8,True,ev,0.9999997772171499
81335.0,81344.8,True,ev,0.9999997772171473
81340.0,81349.8,True,ev,0.9999997774303138
81345.0,81354.8,True,ev,0.9999997400459907
81350.0,81359.8,True,ev,0.9999997772171506
81355.0,81364.8,True,ev,0.9999997398327187
81360.0,81369.8,True,ev,0.9999997772171506
81365.0,81374.8,True,ev,0.9999997772171506
81370.0,81379.8,True,ev,0.9999997772171484
81375.0,81384.8,True,ev,0.9999997400459745
81380.0,81389.8,True,ev,0.9999997772171533
81385.0,81394.8,True,ev,0.9999997772171533
81390.0,81399.8,True,ev,0.9999997400459743
81395.0,81404.8,True,ev,0.9999997774303138
81400.0,81409.8,True,ev,0.9999997772171488
81405.0,81414.8,True,ev,0.9999997772171499
81410.0,81419.8,True,ev,0.9999997772171473
81415.0,81424.8,True,ev,0.9999997772171506
81420.0,81429.8,True,ev,0.9999997772171506
81425.0,81434.8,True,ev,0.9999997774882698
81430.0,81439.8,True,ev,0.9999997774882703
81435.0,81444.8,True,ev,0.9999997774882703
81440.0,81449.8,True,ev,0.9999997772171533
81445.0,81454.8,True,ev,0.9999997772171533
81450.0,81459.8,True,ev,0.9999997398327187
81455.0,81464.8,True,ev,0.9999997772171506
81460.0,81469.8,True,ev,0.9999997772171506
81465.0,81474.8,True,ev,0.9999997772171506
81470.0,81479.8,True,ev,0.9999997398327187
81475.0,81484.8,True,ev,0.9999997772171488
81480.0,81489.8,True,ev,0.9999997774303302
81485.0,81494.8,True,ev,0.9999997774303138
81490.0,81499.8,True,ev,0.9999997774303138
81495.0,81504.8,True,ev,0.9999997774303138
81500.0,81509.8,True,ev,0.9999997772171533
81505.0,81514.8,True,ev,0.9999997772171533
81510.0,81519.8,True,ev,0.9999997772171533
81515.0,81524.8,True,ev,0.9999997772171506
81520.0,81529.8,True,ev,0.9999997772171506
81525.0,81534.8,True,ev,0.9999997772171506
81530.0,81539.8,True,ev,0.9999997398327187
81535.0,81544.8,True,ev,0.9999997772171533
81540.0,81549.8,True,ev,0.9999997772171533
81545.0,81554.8,True,ev,0.9999997772171533
81550.0,81559.8,True,ev,0.999999777430314
81555.0,81564.8,True,ev,0.9999997398327163
81560.0,81569.8,True,ev,0.9999997398327187
81565.0,81574.8,True,ev,0.9999997398327187
81570.0,81579.8,True,ev,0.9999997772171475
81575.0,81584.8,True,ev,0.9999997772171506
81580.0,81589.8,True,ev,0.9999997403809392
81585.0,81594.8,True,ev,0.999999740091831
81590.0,81599.8,True,ev,0.999999777777253
81595.0,81604.8,True,ev,0.9999997774303138
81600.0,81609.8,True,ev,0.9999997772171473
81605.0,81614.8,True,ev,0.9999997772171495
81610.0,81619.8,True,ev,0.9999997772171506
81615.0,81624.8,True,ev,0.9999997772171506
81620.0,81629.8,True,ev,0.9999997772171533
81625.0,81634.8,True,ev,0.9999997772171506
81630.0,81639.8,True,ev,0.9999997772171506
81635.0,81644.8,True,ev,0.9999997772171506
81640.0,81649.8,True,ev,0.9999997398327156
81645.0,81654.8,True,ev,0.9999997772171473
81650.0,81659.8,True,ev,0.9999997400459743
81655.0,81664.8,True,ev,0.9999997774882703
81660.0,81669.8,True,ev,0.9999997774882698
81665.0,81674.8,True,ev,0.9999997772171506
81670.0,81679.8,True,ev,0.9999997774882698
81675.0,81684.8,True,ev,0.999999740091831
81680.0,81689.8,True,ev,0.9999997772171506
81685.0,81694.8,True,ev,0.9999997772171473
81690.0,81699.8,True,ev,0.999999777430314
81695.0,81704.8,True,ev,0.9999997774303302
81700.0,81709.8,True,ev,0.9999997772171475
81705.0,81714.8,True,ev,0.9999997398327156
81710.0,81719.8,True,ev,0.9999997398203109
81715.0,81724.8,True,ev,0.9999997772171533
81720.0,81729.8,True,ev,0.9999997772171484
81725.0,81734.8,True,ev,0.9999997772171473
81730.0,81739.8,True,ev,0.9999997772171473
81735.0,81744.8,True,ev,0.9999997772171484
81740.0,81749.8,True,ev,0.9999997772171473
81745.0,81754.8,True,ev,0.9999997772171473
81750.0,81759.8,True,ev,0.9999997774303302
81755.0,81764.8,True,ev,0.9999997400459743
81760.0,81769.8,True,ev,0.999999739832717
81765.0,81774.8,True,ev,0.9999997398203109
81770.0,81779.8,True,ev,0.9999997772171533
81775.0,81784.8,True,ev,0.9999997772171533
81780.0,81789.8,True,ev,0.9999997398327187
81785.0,81794.8,True,ev,0.9999997398327187
81790.0,81799.8,True,ev,0.9999997772171484
81795.0,81804.8,True,ev,0.9999997130433897
81800.0,81809.8,True,ev,0.9999997772171506
81805.0,81814.8,True,ev,0.9999997772171506
81810.0,81819.8,True,ev,0.9999997398327187
81815.0,81824.8,True,ev,0.9999997398327187
81820.0,81829.8,True,ev,0.9999997772171506
81825.0,81834.8,True,ev,0.9999997772171533
81830.0,81839.8,True,ev,0.9999997772171533
81835.0,81844.8,True,ev,0.9999997398203109
81840.0,81849.8,True,ev,0.9999997400918306
81845.0,81854.8,True,ev,0.999999740091831
81850.0,81859.8,True,ev,0.9999997772171553
81855.0,81864.8,True,ev,0.9999997398327156
81860.0,81869.8,True,ev,0.9999997398326963
81865.0,81874.8,True,ev,0.9999997774303138
81870.0,81879.8,True,ev,0.9999997774303109
81875.0,81884.8,True,ev,0.9999997398327156
81880.0,81889.8,True,ev,0.9999997772171488
81885.0,81894.8,True,ev,0.9999997772171473
81890.0,81899.8,True,ev,0.9999997772171506
81895.0,81904.8,True,ev,0.9999997398327187
81900.0,81909.8,True,ev,0.9999997772171506
81905.0,81914.8,True,ev,0.9999997772171506
81910.0,81919.8,True,ev,0.9999997772171473
81915.0,81924.8,True,ev,0.9999997772171506
81920.0,81929.8,True,ev,0.9999997772171506
81925.0,81934.8,True,ev,0.9999997772171506
81930.0,81939.8,True,ev,0.9999997772171506
81935.0,81944.8,True,ev,0.9999997398327187
81940.0,81949.8,True,ev,0.9999997772171506
81945.0,81954.8,True,ev,0.9999997772171533
81950.0,81959.8,True,ev,0.9999997772171533
81955.0,81964.8,True,ev,0.9999997398203109
81960.0,81969.8,True,ev,0.9999997772171506
81965.0,81974.8,True,ev,0.9999997398327187
81970.0,81979.8,True,ev,0.9999997398327187
81975.0,81984.8,True,ev,0.9999997398327187
81980.0,81989.8,True,ev,0.9999997772171506
81985.0,81994.8,True,ev,0.9999997398327187
81990.0,81999.8,True,ev,0.9999997398327187
81995.0,82004.8,True,ev,0.9999997772171473
82000.0,82009.8,True,ev,0.9999997772171475
82005.0,82014.8,True,ev,0.9999997398203109
82010.0,82019.8,True,ev,0.9999997772171533
82015.0,82024.8,True,ev,0.9999997398327187
82020.0,82029.8,True,ev,0.9999997772171506
82025.0,82034.8,True,ev,0.9999997103693941
82030.0,82039.8,True,ev,0.9999993766841073
82035.0,82044.8,True,ev,0.9999993824427839
82040.0,82049.8,True,ev,0.9999993824427839
82045.0,82054.8,True,ev,0.9999993824427839
82050.0,82059.8,True,ev,0.9999993830338582
82055.0,82064.8,True,ev,0.9999993824431422
82060.0,82069.8,True,ev,0.9999993824431422
82065.0,82074.8,True,ev,0.9999993824427879
82070.0,82079.8,True,ev,0.9999993824427839
82075.0,82084.8,True,ev,0.9999993824431336
82080.0,82089.8,True,ev,0.9999993824431336
82085.0,82094.8,True,ev,0.9999993824431365
82090.0,82099.8,True,ev,0.9999993824431376
82095.0,82104.8,True,ev,0.9999993824431422
82100.0,82109.8,True,ev,0.9999993824431422
82105.0,82114.8,True,ev,0.9999993824431382
82110.0,82119.8,True,ev,0.9999993824431382
82115.0,82124.8,True,ev,0.9999993824431376
82120.0,82129.8,True,ev,0.9999993831946209
82125.0,82134.8,True,ev,0.9999993831946209
82130.0,82139.8,True,ev,0.9999993824427839
82135.0,82144.8,True,ev,0.9999993824431422
82140.0,82149.8,True,ev,0.9999993824431422
82145.0,82154.8,True,ev,0.9999993824431422
82150.0,82159.8,True,ev,0.9999993824431422
82155.0,82164.8,True,ev,0.9999993824431422
82160.0,82169.8,True,ev,0.9999993824431422
82165.0,82174.8,True,ev,0.9999993830338582
82170.0,82179.8,True,ev,0.9999993830338582
82175.0,82184.8,True,ev,0.9999993830338582
82180.0,82189.8,True,ev,0.9999993830339035
82185.0,82194.8,True,ev,0.9999993824431422
82190.0,82199.8,True,ev,0.9999993824427887
82195.0,82204.8,True,ev,0.9999993824427839
82200.0,82209.8,True,ev,0.9999993824427839
82205.0,82214.8,True,ev,0.9999993824427839
82210.0,82219.8,True,ev,0.9999993824427839
82215.0,82224.8,True,ev,0.9999993824427887
82220.0,82229.8,True,ev,0.9999993824427839
82225.0,82234.8,True,ev,0.9999993839954477
82230.0,82239.8,True,ev,0.9999993839954477
82235.0,82244.8,True,ev,0.9999993824427839
82240.0,82249.8,True,ev,0.9999993824431356
82245.0,82254.8,True,ev,0.9999993824431336
82250.0,82259.8,True,ev,0.9999993824431422
82255.0,82264.8,True,ev,0.9999993824431422
82260.0,82269.8,True,ev,0.9999993830338582
82265.0,82274.8,True,ev,0.9999993824431422
82270.0,82279.8,True,ev,0.9999993824427887
82275.0,82284.8,True,ev,0.9999993831946062
82280.0,82289.8,True,ev,0.9999993831946098
82285.0,82294.8,True,ev,0.9999993830338582
82290.0,82299.8,True,ev,0.9999993830338362
82295.0,82304.8,True,ev,0.9999993824431422
82300.0,82309.8,True,ev,0.9999993824427879
82305.0,82314.8,True,ev,0.9999993824427839
82310.0,82319.8,True,ev,0.9999993824431422
82315.0,82324.8,True,ev,0.9999993824431422
82320.0,82329.8,True,ev,0.9999993830338586
82325.0,82334.8,True,ev,0.9999993824431336
82330.0,82339.8,True,ev,0.9999993824431336
82335.0,82344.8,True,ev,0.9999993830338582
82340.0,82349.8,True,ev,0.9999993830338582
82345.0,82354.8,True,ev,0.9999993830339035
82350.0,82359.8,True,ev,0.9999993824431336
82355.0,82364.8,True,ev,0.9999993824431422
82360.0,82369.8,True,ev,0.9999993824431422
82365.0,82374.8,True,ev,0.9999993824431422
82370.0,82379.8,True,ev,0.9999993830338582
82375.0,82384.8,True,ev,0.9999993830339035
82380.0,82389.8,True,ev,0.9999993824431422
82385.0,82394.8,True,ev,0.9999993824427887
82390.0,82399.8,True,ev,0.9999993824427887
82395.0,82404.8,True,ev,0.9999993824431422
82400.0,82409.8,True,ev,0.9999993824431422
82405.0,82414.8,True,ev,0.9999993830338586
82410.0,82419.8,True,ev,0.9999993830339035
82415.0,82424.8,True,ev,0.9999993824431365
82420.0,82429.8,True,ev,0.9999993824431336
82425.0,82434.8,True,ev,0.9999993824431336
82430.0,82439.8,True,ev,0.9999993824431376
82435.0,82444.8,True,ev,0.9999993824431336
82440.0,82449.8,True,ev,0.9999993830338582
82445.0,82454.8,True,ev,0.9999993824431336
82450.0,82459.8,True,ev,0.9999993824427887
82455.0,82464.8,True,ev,0.9999993824427839
82460.0,82469.8,True,ev,0.9999993824427887
82465.0,82474.8,True,ev,0.9999993824427887
82470.0,82479.8,True,ev,0.9999993824427839
82475.0,82484.8,True,ev,0.9999993824427887
82480.0,82489.8,True,ev,0.9999993830338586
82485.0,82494.8,True,ev,0.9999993830338586
82490.0,82499.8,True,ev,0.9999993830338582
82495.0,82504.8,True,ev,0.9999993830338586
82500.0,82509.8,True,ev,0.9999993824431336
82505.0,82514.8,True,ev,0.9999993824431422
82510.0,82519.8,True,ev,0.9999993824431422
82515.0,82524.8,True,ev,0.9999993824427879
82520.0,82529.8,True,ev,0.9999993824427839
82525.0,82534.8,True,ev,0.9999993824431422
82530.0,82539.8,True,ev,0.9999993824431422
82535.0,82544.8,True,ev,0.9999993824431422
82540.0,82549.8,True,ev,0.9999993824431422
82545.0,82554.8,True,ev,0.9999993824431422
82550.0,82559.8,True,ev,0.9999993831946153
82555.0,82564.8,True,ev,0.9999997103693941
82560.0,82569.8,True,ev,0.9999997772171533
82565.0,82574.8,True,ev,0.9999997398203109
82570.0,82579.8,True,ev,0.9999997772171533
82575.0,82584.8,True,ev,0.9999997772171533
82580.0,82589.8,True,ev,0.9999997772171506
82585.0,82594.8,True,ev,0.9999997772171506
82590.0,82599.8,True,ev,0.999999740091831
82595.0,82604.8,True,ev,0.9999997774882698
82600.0,82609.8,True,ev,0.9999997774303138
82605.0,82614.8,True,ev,0.9999997400459743
82610.0,82619.8,True,ev,0.9999997772171506
82615.0,82624.8,True,ev,0.9999997772171506
82620.0,82629.8,True,ev,0.9999997772171506
82625.0,82634.8,True,ev,0.9999997772171506
82630.0,82639.8,True,ev,0.999999777777253
82635.0,82644.8,True,ev,0.999999777777253
82640.0,82649.8,True,ev,0.999999777777253
82645.0,82654.8,True,ev,0.9999997772171499
82650.0,82659.8,True,ev,0.9999997772171506
82655.0,82664.8,True,ev,0.9999997772171506
82660.0,82669.8,True,ev,0.9999997772171473
82665.0,82674.8,True,ev,0.9999997772171473
82670.0,82679.8,True,ev,0.9999997772171506
82675.0,82684.8,True,ev,0.9999997772171506
82680.0,82689.8,True,ev,0.9999997772171506
82685.0,82694.8,True,ev,0.9999997772171506
82690.0,82699.8,True,ev,0.9999997133178953
82695.0,82704.8,True,ev,0.9999997774303138
82700.0,82709.8,True,ev,0.9999997400459743
82705.0,82714.8,True,ev,0.9999997400459285
82710.0,82719.8,True,ev,0.9999997400459663
82715.0,82724.8,True,ev,0.9999997774303138
82720.0,82729.8,True,ev,0.9999997772171482
82725.0,82734.8,True,ev,0.9999997398327187
82730.0,82739.8,True,ev,0.9999997772171506
82735.0,82744.8,True,ev,0.9999997398327187
82740.0,82749.8,True,ev,0.9999997772171506
82745.0,82754.8,True,ev,0.9999997772171533
82750.0,82759.8,True,ev,0.9999997398203109
82755.0,82764.8,True,ev,0.9999997772171506
82760.0,82769.8,True,ev,0.9999997398327187
82765.0,82774.8,True,ev,0.9999997772171506
82770.0,82779.8,True,ev,0.9999997772171506
82775.0,82784.8,True,ev,0.9999997772171506
82780.0,82789.8,True,ev,0.9999997133178915
82785.0,82794.8,True,ev,0.9999997774303138
82790.0,82799.8,True,ev,0.9999997774303138
82795.0,82804.8,True,ev,0.9999997400459285
82800.0,82809.8,True,ev,0.9999997400459743
82805.0,82814.8,True,ev,0.999999777430314
82810.0,82819.8,True,ev,0.9999997774303138
82815.0,82824.8,True,ev,0.9999997774303138
82820.0,82829.8,True,ev,0.9999997774303138
82825.0,82834.8,True,ev,0.9999997774303138
82830.0,82839.8,True,ev,0.9999997774303138
82835.0,82844.8,True,ev,0.9999997772171533
82840.0,82849.8,True,ev,0.9999997774882703
82845.0,82854.8,True,ev,0.9999997400918315
82850.0,82859.8,True,ev,0.9999997398327163
82855.0,82864.8,True,ev,0.9999997772171488
82860.0,82869.8,True,ev,0.9999997772171282
82865.0,82874.8,True,ev,0.9999997772171533
82870.0,82879.8,True,ev,0.9999997772171533
82875.0,82884.8,True,ev,0.9999997767542005
82880.0,82889.8,True,ev,0.9999997767542005
82885.0,82894.8,True,ev,0.9999997767541974
82890.0,82899.8,True,ev,0.9999997767542005
82895.0,82904.8,True,ev,0.9999997767542005
82900.0,82909.8,True,ev,0.9999997767542005
82905.0,82914.8,True,ev,0.9999997767542005
82910.0,82919.8,True,ev,0.9999997767542005
82915.0,82924.8,True,ev,0.9999997767542005
82920.0,82929.8,True,ev,0.9999997767541989
82925.0,82934.8,True,ev,0.9999997772171484
82930.0,82939.8,True,ev,0.9999997772171506
82935.0,82944.8,True,ev,0.9999997772171533
82940.0,82949.8,True,ev,0.9999997772171533
82945.0,82954.8,True,ev,0.9999997772171506
82950.0,82959.8,True,ev,0.9999997772171506
82955.0,82964.8,True,ev,0.9999997774303302
82960.0,82969.8,True,ev,0.9999997398327187
82965.0,82974.8,True,ev,0.9999997772171506
82970.0,82979.8,True,ev,0.999999777430314
82975.0,82984.8,True,ev,0.9999997772171473
82980.0,82989.8,True,ev,0.9999997772171473
82985.0,82994.8,True,ev,0.9999997772171506
82990.0,82999.8,True,ev,0.9999997772171506
82995.0,83004.8,True,ev,0.9999997398327187
83000.0,83009.8,True,ev,0.999999777217149
83005.0,83014.8,True,ev,0.9999997774303138
83010.0,83019.8,True,ev,0.999999777430314
83015.0,83024.8,True,ev,0.9999997774303302
83020.0,83029.8,True,ev,0.9999997772171506
83025.0,83034.8,True,ev,0.9999997772171506
83030.0,83039.8,True,ev,0.9999997772171506
83035.0,83044.8,True,ev,0.9999997772171475
83040.0,83049.8,True,ev,0.999999777430314
83045.0,83054.8,True,ev,0.9999997772171506
83050.0,83059.8,True,ev,0.9999997398327187
83055.0,83064.8,True,ev,0.9999997772171506
83060.0,83069.8,True,ev,0.9999997774303138
83065.0,83074.8,True,ev,0.9999997774303109
83070.0,83079.8,True,ev,0.9999997774303138
83075.0,83084.8,True,ev,0.9999997772171473
83080.0,83089.8,True,ev,0.9999997772171506
83085.0,83094.8,True,ev,0.9999997772171506
83090.0,83099.8,True,ev,0.9999997772171506
83095.0,83104.8,True,ev,0.9999997772171506
83100.0,83109.8,True,ev,0.9999997772171506
83105.0,83114.8,True,ev,0.9999997772171533
83110.0,83119.8,True,ev,0.9999997398203109
83115.0,83124.8,True,ev,0.9999997398327187
83120.0,83129.8,True,ev,0.9999997772171506
83125.0,83134.8,True,ev,0.9999997398327187
83130.0,83139.8,True,ev,0.9999997398327187
83135.0,83144.8,True,ev,0.9999997400459745
83140.0,83149.8,True,ev,0.9999997772171533
83145.0,83154.8,True,ev,0.9999997398203109
83150.0,83159.8,True,ev,0.9999997772171533
83155.0,83164.8,True,ev,0.9999997772171533
83160.0,83169.8,True,ev,0.9999997398203109
83165.0,83174.8,True,ev,0.9999997400459743
83170.0,83179.8,True,ev,0.9999997400459743
83175.0,83184.8,True,ev,0.9999997398327187
83180.0,83189.8,True,ev,0.9999997772171506
83185.0,83194.8,True,ev,0.999999777217149
83190.0,83199.8,True,ev,0.9999997772171473
83195.0,83204.8,True,ev,0.9999997774303138
83200.0,83209.8,True,ev,0.9999997772171506
83205.0,83214.8,True,ev,0.9999997772171506
83210.0,83219.8,True,ev,0.9999997772171506
83215.0,83224.8,True,ev,0.999999777430314
83220.0,83229.8,True,ev,0.999999777430314
83225.0,83234.8,True,ev,0.9999997774882696
83230.0,83239.8,True,ev,0.9999997774882698
83235.0,83244.8,True,ev,0.9999997398203129
83240.0,83249.8,True,ev,0.9999997774303138
83245.0,83254.8,True,ev,0.9999997772171506
83250.0,83259.8,True,ev,0.9999997772171506
83255.0,83264.8,True,ev,0.9999997772171506
83260.0,83269.8,True,ev,0.9999997398327165
83265.0,83274.8,True,ev,0.9999997774882696
83270.0,83279.8,True,ev,0.999999740091831
83275.0,83284.8,True,ev,0.9999997772171553
83280.0,83289.8,True,ev,0.9999997772171506
83285.0,83294.8,True,ev,0.9999997774303302
83290.0,83299.8,True,ev,0.9999997774303138
83295.0,83304.8,True,ev,0.999999777430314
83300.0,83309.8,True,ev,0.9999997772171482
83305.0,83314.8,True,ev,0.9999997400459907
83310.0,83319.8,True,ev,0.9999997772171473
83315.0,83324.8,True,ev,0.9999997772171473
83320.0,83329.8,True,ev,0.9999997400459743
83325.0,83334.8,True,ev,0.9999997772171506
83330.0,83339.8,True,ev,0.9999997398327187
83335.0,83344.8,True,ev,0.999999777430268
83340.0,83349.8,True,ev,0.9999997400459743
83345.0,83354.8,True,ev,0.9999997772171506
83350.0,83359.8,True,ev,0.9999997772171506
83355.0,83364.8,True,ev,0.9999997772171506
83360.0,83369.8,True,ev,0.9999997398203109
83365.0,83374.8,True,ev,0.9999997772171533
83370.0,83379.8,True,ev,0.9999997772171533
83375.0,83384.8,True,ev,0.9999997398327187
83380.0,83389.8,True,ev,0.9999997772171473
83385.0,83394.8,True,ev,0.9999997772171506
83390.0,83399.8,True,ev,0.9999997772171506
83395.0,83404.8,True,ev,0.9999997772171506
83400.0,83409.8,True,ev,0.9999997772171473
83405.0,83414.8,True,ev,0.9999997774303302
83410.0,83419.8,True,ev,0.9999997130433897
83415.0,83424.8,True,ev,0.9999997398203109
83420.0,83429.8,True,ev,0.9999997398203109
83425.0,83434.8,True,ev,0.9999997772171473
83430.0,83439.8,True,ev,0.9999997772171477
83435.0,83444.8,True,ev,0.9999997774303138
83440.0,83449.8,True,ev,0.9999997774303138
83445.0,83454.8,True,ev,0.9999997774303138
83450.0,83459.8,True,ev,0.9999997398203109
83455.0,83464.8,True,ev,0.9999997772171533
83460.0,83469.8,True,ev,0.9999997772171533
83465.0,83474.8,True,ev,0.9999997400459907
83470.0,83479.8,True,ev,0.9999997398327187
83475.0,83484.8,True,ev,0.9999997772171506
83480.0,83489.8,True,ev,0.999999777430314
83485.0,83494.8,True,ev,0.9999997398327187
83490.0,83499.8,True,ev,0.9999997772171506
83495.0,83504.8,True,ev,0.9999997772171506
83500.0,83509.8,True,ev,0.9999997772171506
83505.0,83514.8,True,ev,0.9999997403809392
83510.0,83519.8,True,ev,0.9999997774882698
83515.0,83524.8,True,ev,0.999999777777253
83520.0,83529.8,True,ev,0.9999997774303138
83525.0,83534.8,True,ev,0.9999997774303138
83530.0,83539.8,True,ev,0.9999997398327156
83535.0,83544.8,True,ev,0.9999997772171499
83540.0,83549.8,True,ev,0.9999997398327161
83545.0,83554.8,True,ev,0.9999997400459743
83550.0,83559.8,True,ev,0.9999997774303138
83555.0,83564.8,True,ev,0.9999997774303138
83560.0,83569.8,True,ev,0.9999997772171473
83565.0,83574.8,True,ev,0.9999997774303302
83570.0,83579.8,True,ev,0.9999997774303058
83575.0,83584.8,True,ev,0.9999997398327187
83580.0,83589.8,True,ev,0.9999997772171506
83585.0,83594.8,True,ev,0.9999997772171506
83590.0,83599.8,True,ev,0.9999997398327161
83595.0,83604.8,True,ev,0.9999997772171533
83600.0,83609.8,True,ev,0.9999997398203109
83605.0,83614.8,True,ev,0.9999997398327187
83610.0,83619.8,True,ev,0.9999997772171506
83615.0,83624.8,True,ev,0.9999997772171473
83620.0,83629.8,True,ev,0.9999997400459907
83625.0,83634.8,True,ev,0.9999997772171473
83630.0,83639.8,True,ev,0.9999997400459907
83635.0,83644.8,True,ev,0.9999997398327176
83640.0,83649.8,True,ev,0.9999997398327172
83645.0,83654.8,True,ev,0.9999997133178953
83650.0,83659.8,True,ev,0.9999997774303138
83655.0,83664.8,True,ev,0.9999997400459743
83660.0,83669.8,True,ev,0.9999997774303138
83665.0,83674.8,True,ev,0.9999997772171506
83670.0,83679.8,True,ev,0.9999997398327187
83675.0,83684.8,True,ev,0.9999997772171477
83680.0,83689.8,True,ev,0.9999997398327187
83685.0,83694.8,True,ev,0.9999997398327187
83690.0,83699.8,True,ev,0.9999997774303138
83695.0,83704.8,True,ev,0.9999997772171473
83700.0,83709.8,True,ev,0.9999997772171477
83705.0,83714.8,True,ev,0.9999997774303302
83710.0,83719.8,True,ev,0.9999997774303302
83715.0,83724.8,True,ev,0.9999997772171475
83720.0,83729.8,True,ev,0.9999997400459907
83725.0,83734.8,True,ev,0.9999997774303138
83730.0,83739.8,True,ev,0.9999997772171506
83735.0,83744.8,True,ev,0.9999997772171506
83740.0,83749.8,True,ev,0.9999997772171506
83745.0,83754.8,True,ev,0.9999997772171533
83750.0,83759.8,True,ev,0.9999997772171533
83755.0,83764.8,True,ev,0.9999997772171533
83760.0,83769.8,True,ev,0.9999997772171473
83765.0,83774.8,True,ev,0.9999997774303302
83770.0,83779.8,True,ev,0.9999997774303138
83775.0,83784.8,True,ev,0.9999997774303138
83780.0,83789.8,True,ev,0.9999997772171282
83785.0,83794.8,True,ev,0.9999997398327158
83790.0,83799.8,True,ev,0.9999997772171473
83795.0,83804.8,True,ev,0.9999997772171477
83800.0,83809.8,True,ev,0.9999997772171488
83805.0,83814.8,True,ev,0.999999740091831
83810.0,83819.8,True,ev,0.9999997774882698
83815.0,83824.8,True,ev,0.9999997772171506
83820.0,83829.8,True,ev,0.9999997772171506
83825.0,83834.8,True,ev,0.9999997772171473
83830.0,83839.8,True,ev,0.9999997398203109
83835.0,83844.8,True,ev,0.999999740091831
83840.0,83849.8,True,ev,0.9999997774882698
83845.0,83854.8,True,ev,0.999999777430314
83850.0,83859.8,True,ev,0.9999997400459745
83855.0,83864.8,True,ev,0.9999997774303138
83860.0,83869.8,True,ev,0.9999997400459745
83865.0,83874.8,True,ev,0.9999997398327187
83870.0,83879.8,True,ev,0.9999997772171506
83875.0,83884.8,True,ev,0.9999997772171506
83880.0,83889.8,True,ev,0.9999997398327187
83885.0,83894.8,True,ev,0.9999997772171506
83890.0,83899.8,True,ev,0.9999997772171506
83895.0,83904.8,True,ev,0.9999997398327187
83900.0,83909.8,True,ev,0.9999997772171473
83905.0,83914.8,True,ev,0.999999777430314
83910.0,83919.8,True,ev,0.9999997772171506
83915.0,83924.8,True,ev,0.9999997772171506
83920.0,83929.8,True,ev,0.9999997772171473
83925.0,83934.8,True,ev,0.9999997772171506
83930.0,83939.8,True,ev,0.9999997398327187
83935.0,83944.8,True,ev,0.999999777430314
83940.0,83949.8,True,ev,0.9999997774303138
83945.0,83954.8,True,ev,0.9999997774303138
83950.0,83959.8,True,ev,0.9999997398327187
83955.0,83964.8,True,ev,0.9999997772171506
83960.0,83969.8,True,ev,0.9999997772171473
83965.0,83974.8,True,ev,0.9999997398327161
83970.0,83979.8,True,ev,0.9999997772171475
83975.0,83984.8,True,ev,0.999999777430314
83980.0,83989.8,True,ev,0.999999777430314
83985.0,83994.8,True,ev,0.9999997400459745
83990.0,83999.8,True,ev,0.9999997774303302
83995.0,84004.8,True,ev,0.9999997772171473
84000.0,84009.8,True,ev,0.9999997398327187
84005.0,84014.8,True,ev,0.9999997772171506
84010.0,84019.8,True,ev,0.9999997772171482
84015.0,84024.8,True,ev,0.9999997774303138
84020.0,84029.8,True,ev,0.9999997772171506
84025.0,84034.8,True,ev,0.9999997398203109
84030.0,84039.8,True,ev,0.9999997398203109
84035.0,84044.8,True,ev,0.9999997772171473
84040.0,84049.8,True,ev,0.9999997398327156
84045.0,84054.8,True,ev,0.9999997772171475
84050.0,84059.8,True,ev,0.999999777217149
84055.0,84064.8,True,ev,0.9999997103693941
84060.0,84069.8,True,ev,0.9999993766841073
84065.0,84074.8,True,ev,0.9999993824431422
84070.0,84079.8,True,ev,0.9999993824431422
84075.0,84084.8,True,ev,0.9999993824431422
84080.0,84089.8,True,ev,0.9999993824431422
84085.0,84094.8,True,ev,0.9999993824431422
84090.0,84099.8,True,ev,0.9999993830338582
84095.0,84104.8,True,ev,0.9999993824431336
84100.0,84109.8,True,ev,0.9999993824431422
84105.0,84114.8,True,ev,0.9999993824431422
84110.0,84119.8,True,ev,0.9999993824431422
84115.0,84124.8,True,ev,0.9999993824427879
84120.0,84129.8,True,ev,0.9999993824427839
84125.0,84134.8,True,ev,0.9999993824431356
84130.0,84139.8,True,ev,0.9999993830338586
84135.0,84144.8,True,ev,0.9999993824427887
84140.0,84149.8,True,ev,0.9999993824427839
84145.0,84154.8,True,ev,0.9999993824427887
84150.0,84159.8,True,ev,0.9999993830338582
84155.0,84164.8,True,ev,0.9999993824431336
84160.0,84169.8,True,ev,0.9999993824431422
84165.0,84174.8,True,ev,0.9999993824431422
84170.0,84179.8,True,ev,0.9999993824431422
84175.0,84184.8,True,ev,0.9999993824431422
84180.0,84189.8,True,ev,0.9999993824431422
84185.0,84194.8,True,ev,0.9999993830338582
84190.0,84199.8,True,ev,0.9999993830338586
84195.0,84204.8,True,ev,0.9999993824431336
84200.0,84209.8,True,ev,0.9999993824431422
84205.0,84214.8,True,ev,0.9999993824431422
84210.0,84219.8,True,ev,0.9999993824431422
84215.0,84224.8,True,ev,0.9999993824431422
84220.0,84229.8,True,ev,0.9999993824431422
84225.0,84234.8,True,ev,0.9999993824431336
84230.0,84239.8,True,ev,0.9999993824431336
84235.0,84244.8,True,ev,0.9999993830338582
84240.0,84249.8,True,ev,0.9999993830338582
84245.0,84254.8,True,ev,0.9999993830338502
84250.0,84259.8,True,ev,0.9999993830338582
84255.0,84264.8,True,ev,0.9999993830339035
84260.0,84269.8,True,ev,0.9999993824431347
84265.0,84274.8,True,ev,0.9999993824431405
84270.0,84279.8,True,ev,0.9999993824431376
84275.0,84284.8,True,ev,0.9999993824427839
84280.0,84289.8,True,ev,0.9999993831946216
84285.0,84294.8,True,ev,0.9999993831946209
84290.0,84299.8,True,ev,0.9999993824427894
84295.0,84304.8,True,ev,0.9999993830338582
84300.0,84309.8,True,ev,0.9999993830338582
84305.0,84314.8,True,ev,0.9999993830338582
84310.0,84319.8,True,ev,0.9999993830338502
84315.0,84324.8,True,ev,0.9999993824431336
84320.0,84329.8,True,ev,0.9999993824431382
84325.0,84334.8,True,ev,0.9999993830338582
84330.0,84339.8,True,ev,0.9999993830338582
84335.0,84344.8,True,ev,0.9999993824431422
84340.0,84349.8,True,ev,0.9999993824431422
84345.0,84354.8,True,ev,0.9999993830338586
84350.0,84359.8,True,ev,0.9999993830338582
84355.0,84364.8,True,ev,0.9999993824427839
84360.0,84369.8,True,ev,0.9999993824427879
84365.0,84374.8,True,ev,0.9999993824431422
84370.0,84379.8,True,ev,0.9999993824431356
84375.0,84384.8,True,ev,0.9999993824431422
84380.0,84389.8,True,ev,0.9999993824431422
84385.0,84394.8,True,ev,0.9999993824431422
84390.0,84399.8,True,ev,0.9999993824430803
84395.0,84404.8,True,ev,0.9999993830338582
84400.0,84409.8,True,ev,0.9999993830338582
84405.0,84414.8,True,ev,0.9999993824431336
84410.0,84419.8,True,ev,0.9999993824431336
84415.0,84424.8,True,ev,0.9999993830338582
84420.0,84429.8,True,ev,0.9999993830338586
84425.0,84434.8,True,ev,0.9999993824431336
84430.0,84439.8,True,ev,0.9999993824431336
84435.0,84444.8,True,ev,0.9999993824431342
84440.0,84449.8,True,ev,0.9999993824431336
84445.0,84454.8,True,ev,0.9999993830338582
84450.0,84459.8,True,ev,0.9999993830338582
84455.0,84464.8,True,ev,0.9999993824431356
84460.0,84469.8,True,ev,0.9999993824431347
84465.0,84474.8,True,ev,0.9999993824431336
84470.0,84479.8,True,ev,0.9999993824431336
84475.0,84484.8,True,ev,0.9999993830339035
84480.0,84489.8,True,ev,0.9999993824431342
84485.0,84494.8,True,ev,0.9999993824431405
84490.0,84499.8,True,ev,0.9999993824431336
84495.0,84504.8,True,ev,0.9999993830338582
84500.0,84509.8,True,ev,0.9999993830338586
84505.0,84514.8,True,ev,0.9999993824431336
84510.0,84519.8,True,ev,0.9999993830338582
84515.0,84524.8,True,ev,0.9999993830338582
84520.0,84529.8,True,ev,0.9999993824431342
84525.0,84534.8,True,ev,0.9999993824431336
84530.0,84539.8,True,ev,0.9999993830338582
84535.0,84544.8,True,ev,0.9999993830339035
84540.0,84549.8,True,ev,0.9999993824431405
84545.0,84554.8,True,ev,0.9999993824431405
84550.0,84559.8,True,ev,0.9999993824431347
84555.0,84564.8,True,ev,0.9999993824431336
84560.0,84569.8,True,ev,0.9999993824431336
84565.0,84574.8,True,ev,0.9999993824431342
84570.0,84579.8,True,ev,0.9999993830338586
84575.0,84584.8,True,ev,0.9999993830338582
84580.0,84589.8,True,ev,0.9999993824430803
84585.0,84594.8,True,ev,0.9999993824430803
84590.0,84599.8,True,ev,0.9999993824431422
84595.0,84604.8,True,ev,0.9999993824431422
84600.0,84609.8,True,ev,0.9999993839954477
84605.0,84614.8,True,ev,0.9999993831946209
84610.0,84619.8,True,ev,0.99999938319462
84615.0,84624.8,True,ev,0.9999993824431422
84620.0,84629.8,True,ev,0.9999993824431422
84625.0,84634.8,True,ev,0.9999993830339035
84630.0,84639.8,True,ev,0.9999993824431336
84635.0,84644.8,True,ev,0.9999993824431376
84640.0,84649.8,True,ev,0.9999993824431376
84645.0,84654.8,True,ev,0.9999993824431336
84650.0,84659.8,True,ev,0.9999993824427879
84655.0,84664.8,True,ev,0.9999993824427839
84660.0,84669.8,True,ev,0.9999993824427887
84665.0,84674.8,True,ev,0.9999993830338582
84670.0,84679.8,True,ev,0.9999993824427879
84675.0,84684.8,True,ev,0.9999993824427839
84680.0,84689.8,True,ev,0.9999993824427887
84685.0,84694.8,True,ev,0.9999993824431422
84690.0,84699.8,True,ev,0.9999993824427879
84695.0,84704.8,True,ev,0.9999993824427839
84700.0,84709.8,True,ev,0.9999993824427839
84705.0,84714.8,True,ev,0.9999993824427887
84710.0,84719.8,True,ev,0.9999993830338582
84715.0,84724.8,True,ev,0.9999993830338582
84720.0,84729.8,True,ev,0.9999993830339035
84725.0,84734.8,True,ev,0.9999993824431336
84730.0,84739.8,True,ev,0.9999993830338586
84735.0,84744.8,True,ev,0.9999993830338582
84740.0,84749.8,True,ev,0.9999993824431336
84745.0,84754.8,True,ev,0.9999993824427839
84750.0,84759.8,True,ev,0.9999993824427839
84755.0,84764.8,True,ev,0.9999993830339035
84760.0,84769.8,True,ev,0.9999993824431336
84765.0,84774.8,True,ev,0.9999993830339035
84770.0,84779.8,True,ev,0.9999993830338582
84775.0,84784.8,True,ev,0.9999993824431382
84780.0,84789.8,True,ev,0.9999993824431422
84785.0,84794.8,True,ev,0.9999993824431422
84790.0,84799.8,True,ev,0.9999993830338582
84795.0,84804.8,True,ev,0.9999993830338586
84800.0,84809.8,True,ev,0.9999993830338582
84805.0,84814.8,True,ev,0.9999993830338582
84810.0,84819.8,True,ev,0.9999993830338582
84815.0,84824.8,True,ev,0.9999993824431342
84820.0,84829.8,True,ev,0.9999993824431422
84825.0,84834.8,True,ev,0.9999993824431422
84830.0,84839.8,True,ev,0.9999993824431347
84835.0,84844.8,True,ev,0.9999993830339035
84840.0,84849.8,True,ev,0.9999993830338582
84845.0,84854.8,True,ev,0.9999993824427887
84850.0,84859.8,True,ev,0.9999993824427839
84855.0,84864.8,True,ev,0.9999993824427887
84860.0,84869.8,True,ev,0.9999993824431422
84865.0,84874.8,True,ev,0.9999993824431422
84870.0,84879.8,True,ev,0.9999993824431422
84875.0,84884.8,True,ev,0.9999993830338582
84880.0,84889.8,True,ev,0.9999993830338582
84885.0,84894.8,True,ev,0.9999993830338582
84890.0,84899.8,True,ev,0.9999993830338582
84895.0,84904.8,True,ev,0.9999993830338582
84900.0,84909.8,True,ev,0.9999993830338582
84905.0,84914.8,True,ev,0.9999993830339035
84910.0,84919.8,True,ev,0.9999993766841073
84915.0,84924.8,True,ev,0.9999997103693941
84920.0,84929.8,True,ev,0.9999997398327156
84925.0,84934.8,True,ev,0.9999997398327187
84930.0,84939.8,True,ev,0.9999997772171506
84935.0,84944.8,True,ev,0.9999997398327187
84940.0,84949.8,True,ev,0.9999997772171482
84945.0,84954.8,True,ev,0.9999997772171488
84950.0,84959.8,True,ev,0.9999997772171533
84955.0,84964.8,True,ev,0.9999997772171533
84960.0,84969.8,True,ev,0.9999997772171506
84965.0,84974.8,True,ev,0.9999997398327187
84970.0,84979.8,True,ev,0.9999997398203109
84975.0,84984.8,True,ev,0.9999997772171533
84980.0,84989.8,True,ev,0.9999997772171533
84985.0,84994.8,True,ev,0.9999997398327156
84990.0,84999.8,True,ev,0.9999997774303138
84995.0,85004.8,True,ev,0.9999997398327187
85000.0,85009.8,True,ev,0.9999997772171506
85005.0,85014.8,True,ev,0.9999997767542005
85010.0,85019.8,True,ev,0.9999997395162911
85015.0,85024.8,True,ev,0.9999997767542602
85020.0,85029.8,True,ev,0.9999997395039434
85025.0,85034.8,True,ev,0.9999997400459743
85030.0,85039.8,True,ev,0.9999997774303138
85035.0,85044.8,True,ev,0.9999997772171506
85040.0,85049.8,True,ev,0.9999997398327187
85045.0,85054.8,True,ev,0.9999997774882698
85050.0,85059.8,True,ev,0.9999997774882698
85055.0,85064.8,True,ev,0.999999777217149
85060.0,85069.8,True,ev,0.9999997398326963
85065.0,85074.8,True,ev,0.9999997398203109
85070.0,85079.8,True,ev,0.9999997772171533
85075.0,85084.8,True,ev,0.9999997772171533
85080.0,85089.8,True,ev,0.9999997774303302
85085.0,85094.8,True,ev,0.9999997772171475
85090.0,85099.8,True,ev,0.9999997398327187
85095.0,85104.8,True,ev,0.9999997772171533
85100.0,85109.8,True,ev,0.9999997772171553
85105.0,85114.8,True,ev,0.9999997773149122
85110.0,85119.8,True,ev,0.9999997131677388
85115.0,85124.8,True,ev,0.9999997777772317
85120.0,85129.8,True,ev,0.9999997777772319
85125.0,85134.8,True,ev,0.9999997777772319
85130.0,85139.8,True,ev,0.9999997772171413
85135.0,85144.8,True,ev,0.9999997777772319
85140.0,85149.8,True,ev,0.9999997137648884
85145.0,85154.8,True,ev,0.9999997137648884
85150.0,85159.8,True,ev,0.9999997773148904
85155.0,85164.8,True,ev,0.9999997773148904
85160.0,85169.8,True,ev,0.9999997767542464
85165.0,85174.8,True,ev,0.9999997767542464
85170.0,85179.8,True,ev,0.9999997770244349
85175.0,85184.8,True,ev,0.9999997773148904
85180.0,85189.8,True,ev,0.9999997137648884
85185.0,85194.8,True,ev,0.9999997777772319
85190.0,85199.8,True,ev,0.9999997777772348
85195.0,85204.8,True,ev,0.9999997777772348
85200.0,85209.8,True,ev,0.9999997777772348
85205.0,85214.8,True,ev,0.9999997137648922
85210.0,85219.8,True,ev,0.9999997772482795
85215.0,85224.8,True,ev,0.9999997777772348
85220.0,85229.8,True,ev,0.9999997777772348
85225.0,85234.8,True,ev,0.9999997773148938
85230.0,85239.8,True,ev,0.9999997773148938
85235.0,85244.8,True,ev,0.9999997773148938
85240.0,85249.8,True,ev,0.9999997767854246
85245.0,85254.8,True,ev,0.9999997127936343
85250.0,85259.8,True,ev,0.9999997736858209
85255.0,85264.8,True,ev,0.9999997084932725
85260.0,85269.8,True,ev,0.9999997731477235
85265.0,85274.8,True,ev,0.9999997736858209
85270.0,85279.8,True,ev,0.9999997693377675
85275.0,85284.8,True,ev,0.9999997029022335
85280.0,85289.8,True,ev,0.9999997693377675
85285.0,85294.8,True,ev,0.9999997021957695
85290.0,85299.8,True,ev,0.9999997029022335
85295.0,85304.8,True,ev,0.999999768789332
85300.0,85309.8,True,ev,0.9999997690369078
85305.0,85314.8,True,ev,0.9999997693377675
85310.0,85319.8,True,ev,0.9999997690369073
85315.0,85324.8,True,ev,0.999999730204649
85320.0,85329.8,True,ev,0.9999997693377675
85325.0,85334.8,True,ev,0.9999997029022337
85330.0,85339.8,True,ev,0.999999768789332
85335.0,85344.8,True,ev,0.9999997690369078
85340.0,85349.8,True,ev,0.9999997693377675
85345.0,85354.8,True,ev,0.9999997307534653
85350.0,85359.8,True,ev,0.9999997029022337
85355.0,85364.8,True,ev,0.9999997029022337
85360.0,85369.8,True,ev,0.9999997693377675
85365.0,85374.8,True,ev,0.9999997690369078
85370.0,85379.8,True,ev,0.9999997690369089
85375.0,85384.8,True,ev,0.9999997693377675
85380.0,85389.8,True,ev,0.9999997693377675
85385.0,85394.8,True,ev,0.9999997693377686
85390.0,85399.8,True,ev,0.9999997693377686
85395.0,85404.8,True,ev,0.9999997693377686
85400.0,85409.8,True,ev,0.9999997693377686
85405.0,85414.8,True,ev,0.9999997693377686
85410.0,85419.8,True,ev,0.9999997021957739
85415.0,85424.8,True,ev,0.9999997693377686
85420.0,85429.8,True,ev,0.9999997693377686
85425.0,85434.8,True,ev,0.9999997693377686
85430.0,85439.8,True,ev,0.999999769337769
85435.0,85444.8,True,ev,0.999999769337769
85440.0,85449.8,True,ev,0.999999769337769
85445.0,85454.8,True,ev,0.9999997029022357
85450.0,85459.8,True,ev,0.999999769337769
85455.0,85464.8,True,ev,0.999999769337769
85460.0,85469.8,True,ev,0.9999997029022357
85465.0,85474.8,True,ev,0.999999769220832
85470.0,85479.8,True,ev,0.999999769220832
85475.0,85484.8,True,ev,0.999999769220832
85480.0,85489.8,True,ev,0.999999769220832
85485.0,85494.8,True,ev,0.999999769220832
85490.0,85499.8,True,ev,0.999999769220832
85495.0,85504.8,True,ev,0.999999769220832
85500.0,85509.8,True,ev,0.999999769220832
85505.0,85514.8,True,ev,0.999999769220832
85510.0,85519.8,True,ev,0.9999997021957746
85515.0,85524.8,True,ev,0.9999997029022355
85520.0,85529.8,True,ev,0.999999769220832
85525.0,85534.8,True,ev,0.999999769220832
85530.0,85539.8,True,ev,0.9999997029022355
85535.0,85544.8,True,ev,0.999999769220832
85540.0,85549.8,True,ev,0.999999769220832
85545.0,85554.8,True,ev,0.999999769220832
85550.0,85559.8,True,ev,0.999999769220832
85555.0,85564.8,True,ev,0.999999769220832
85560.0,85569.8,True,ev,0.999999769220832
85565.0,85574.8,True,ev,0.999999769220832
85570.0,85579.8,True,ev,0.9999997686721205
85575.0,85584.8,True,ev,0.999999769220832
85580.0,85589.8,True,ev,0.999999769220832
85585.0,85594.8,True,ev,0.999999769220832
85590.0,85599.8,True,ev,0.9999997021957746
85595.0,85604.8,True,ev,0.999999769220832
85600.0,85609.8,True,ev,0.9999997029022357
85605.0,85614.8,True,ev,0.9999997648961914
85610.0,85619.8,True,ev,0.9999997648784498
85615.0,85624.8,True,ev,0.9999997643194114
85620.0,85629.8,True,ev,0.9999997648961914
85625.0,85634.8,True,ev,0.9999997643194136
85630.0,85639.8,True,ev,0.9999997648961914
85635.0,85644.8,True,ev,0.9999996971924652
85640.0,85649.8,True,ev,0.9999996896894155
85645.0,85654.8,True,ev,0.9999997596422681
85650.0,85659.8,True,ev,0.9999997194149662
85655.0,85664.8,True,ev,0.9999997590525992
85660.0,85669.8,True,ev,0.9999997593287617
85665.0,85674.8,True,ev,0.9999997596422681
85670.0,85679.8,True,ev,0.9999997596241303
85675.0,85684.8,True,ev,0.9999997596422692
85680.0,85689.8,True,ev,0.9999997596422692
85685.0,85694.8,True,ev,0.9999997590525992
85690.0,85699.8,True,ev,0.9999997596422692
85695.0,85704.8,True,ev,0.9999997590525992
85700.0,85709.8,True,ev,0.9999997596422707
85705.0,85714.8,True,ev,0.9999997596422843
85710.0,85719.8,True,ev,0.9999996904255709
85715.0,85724.8,True,ev,0.999999689689438
85720.0,85729.8,True,ev,0.9999997194361551
85725.0,85734.8,True,ev,0.9999997596422843
85730.0,85739.8,True,ev,0.9999996904255709
85735.0,85744.8,True,ev,0.9999996904255709
85740.0,85749.8,True,ev,0.9999996904255787
85745.0,85754.8,True,ev,0.9999996904255787
85750.0,85759.8,True,ev,0.9999997596422903
85755.0,85764.8,True,ev,0.9999996904255787
85760.0,85769.8,True,ev,0.9999997596241519
85765.0,85774.8,True,ev,0.9999996904256648
85770.0,85779.8,True,ev,0.9999997596423569
85775.0,85784.8,True,ev,0.9999997590526842
85780.0,85789.8,True,ev,0.9999997596423569
85785.0,85794.8,True,ev,0.999999759052682
85790.0,85799.8,True,ev,0.9999996904256648
85795.0,85804.8,True,ev,0.9999997590526842
85800.0,85809.8,True,ev,0.999999759052682
85805.0,85814.8,True,ev,0.9999997593288508
85810.0,85819.8,True,ev,0.9999997596423569
85815.0,85824.8,True,ev,0.9999997596423569
85820.0,85829.8,True,ev,0.9999997596423598
85825.0,85834.8,True,ev,0.9999996904256686
85830.0,85839.8,True,ev,0.9999997596423604
85835.0,85844.8,True,ev,0.9999997197561054
85840.0,85849.8,True,ev,0.9999997601413935
85845.0,85854.8,True,ev,0.9999997601232995
85850.0,85859.8,True,ev,0.9999997601413999
85855.0,85864.8,True,ev,0.9999996910701734
85860.0,85869.8,True,ev,0.9999997601413999
85865.0,85874.8,True,ev,0.9999997595523168
85870.0,85879.8,True,ev,0.9999997542109835
85875.0,85884.8,True,ev,0.9999997487743484
85880.0,85889.8,True,ev,0.9999997487553899
85885.0,85894.8,True,ev,0.9999997487743484
85890.0,85899.8,True,ev,0.9999997487553899
85895.0,85904.8,True,ev,0.9999996756594731
85900.0,85909.8,True,ev,0.9999997487743484
85905.0,85914.8,True,ev,0.9999997487743484
85910.0,85919.8,True,ev,0.9999997487553899
85915.0,85924.8,True,ev,0.9999997487743484
85920.0,85929.8,True,ev,0.9999997487743484
85925.0,85934.8,True,ev,0.9999997487590538
85930.0,85939.8,True,ev,0.9999997487780119
85935.0,85944.8,True,ev,0.9999996756596099
85940.0,85949.8,True,ev,0.9999997487780119
85945.0,85954.8,True,ev,0.9999997484513172
85950.0,85959.8,True,ev,0.9999996760092521
85955.0,85964.8,True,ev,0.9999996764299396
85960.0,85969.8,True,ev,0.9999997487590587
85965.0,85974.8,True,ev,0.999999748778017
85970.0,85979.8,True,ev,0.9999997492643928
85975.0,85984.8,True,ev,0.9999997492833128
85980.0,85989.8,True,ev,0.9999996770807388
85985.0,85994.8,True,ev,0.9999996770807388
85990.0,85999.8,True,ev,0.9999996770807388
85995.0,86004.8,True,ev,0.9999997492643928
86000.0,86009.8,True,ev,0.9999997492833128
86005.0,86014.8,True,ev,0.9999997492643928
86010.0,86019.8,True,ev,0.9999996762685905
86015.0,86024.8,True,ev,0.9999997492833128
86020.0,86029.8,True,ev,0.9999997492645192
86025.0,86034.8,True,ev,0.9999997492834387
86030.0,86039.8,True,ev,0.9999996342675451
86035.0,86044.8,True,ev,0.9999996342675451
86040.0,86049.8,True,ev,0.9999996342675451
86045.0,86054.8,True,ev,0.9999996333477651
86050.0,86059.8,True,ev,0.9999996342675951
86055.0,86064.8,True,ev,0.9999995969261436
86060.0,86069.8,True,ev,0.9999995969261436
86065.0,86074.8,True,ev,0.999999477506954
86070.0,86079.8,True,ev,0.9999994629486857
86075.0,86084.8,True,ev,0.9999994629486857
86080.0,86089.8,True,ev,0.9999995856955215
86085.0,86094.8,True,ev,0.9999994332225305
86090.0,86099.8,True,ev,0.9999995856955606
86095.0,86104.8,True,ev,0.9999994317968963
86100.0,86109.8,True,ev,0.9999994332226508
86105.0,86114.8,True,ev,0.9999995856956094
86110.0,86119.8,True,ev,0.9999995846535492
86115.0,86124.8,True,ev,0.9999995158344005
86120.0,86129.8,True,ev,0.9999995856956669
86125.0,86134.8,True,ev,0.9999995856460415
86130.0,86139.8,True,ev,0.9999995856460415
86135.0,86144.8,True,ev,0.9999995856460415
86140.0,86149.8,True,ev,0.9999995856460415
86145.0,86154.8,True,ev,0.9999995846037844
86150.0,86159.8,True,ev,0.9999995856460415
86155.0,86164.8,True,ev,0.9999995856460415
86160.0,86169.8,True,ev,0.9999995846037844
86165.0,86174.8,True,ev,0.9999994324182644
86170.0,86179.8,True,ev,0.9999994329094007
86175.0,86184.8,True,ev,0.9999995839948749
86180.0,86189.8,True,ev,0.9999995839948749
86185.0,86194.8,True,ev,0.9999995717138521
86190.0,86199.8,True,ev,0.9999995717138521
86195.0,86204.8,True,ev,0.9999995717138521
86200.0,86209.8,True,ev,0.9999995717138521
86205.0,86214.8,True,ev,0.9999994141780629
86210.0,86219.8,True,ev,0.9999995756887821
86215.0,86224.8,True,ev,0.9999995641605389
86220.0,86229.8,True,ev,0.9999994718334514
86225.0,86234.8,True,ev,0.9999992279604201
86230.0,86239.8,True,ev,0.999999440835075
86235.0,86244.8,True,ev,0.9999992279604201
86240.0,86249.8,True,ev,0.9999994706122877
86245.0,86254.8,True,ev,0.9999992359020503
86250.0,86259.8,True,ev,0.9999994481339213
86255.0,86264.8,True,ev,0.9999994474171132
86260.0,86269.8,True,ev,0.9999994481339213
86265.0,86274.8,True,ev,0.9999994481339213
86270.0,86279.8,True,ev,0.9999994481339215
86275.0,86284.8,True,ev,0.9999995605604431
86280.0,86289.8,True,ev,0.999999393090719
86285.0,86294.8,True,ev,0.9999995605604431
86290.0,86299.8,True,ev,0.999999463334468
86295.0,86304.8,True,ev,0.9999995412157296
86300.0,86309.8,True,ev,0.999999541529402
86305.0,86314.8,True,ev,0.9999976854973537
86310.0,86319.8,True,ev,0.9999976763589254
86315.0,86324.8,True,ev,0.9999974091293962
86320.0,86329.8,True,ev,0.9999962390565574
86325.0,86334.8,True,ev,0.9999970232660841
86330.0,86339.8,True,ev,0.9999970271747537
86335.0,86344.8,True,ev,0.9999969997476398
86340.0,86349.8,True,ev,0.9999955291872595
86345.0,86354.8,True,ev,0.9999987049949478
86350.0,86359.8,True,ev,0.9999987175250252
86355.0,86364.8,True,ev,0.9999985610510225
86360.0,86369.8,True,ev,0.9999983778113759
86365.0,86374.8,True,ev,0.9999976641489067
86370.0,86379.8,True,ev,0.9999976625923032
86375.0,86384.8,True,ev,0.9999975180432755
86380.0,86389.8,True,ev,0.9999975158322862
86385.0,86394.8,True,ev,0.9999964167810236
86390.0,86399.8,True,ev,0.9999961998695633
