hour,baseload,ev,fridge,hair_dryer,pc,pv,resistive,synchronous,washing_machine
0.0,1,0,0,0,0,0,0,0,0
0.002777777777777778,1,0,0,0,0,0,0,0,0
0.005555555555555556,1,0,0,0,0,0,0,0,0
0.008333333333333333,1,0,0,0,0,0,0,0,0
0.011111111111111112,1,0,0,0,0,0,0,0,0
0.013888888888888888,1,0,0,0,0,0,0,0,0
0.016666666666666666,1,0,0,0,0,0,0,0,0
0.019444444444444445,1,0,0,0,0,0,0,0,0
0.022222222222222223,1,0,0,0,0,0,0,0,0
0.025,1,0,0,0,0,0,0,0,0
0.027777777777777776,1,0,0,0,0,0,0,0,0
0.030555555555555555,1,0,0,0,0,0,0,0,0
0.03333333333333333,1,0,0,0,0,0,0,0,0
0.03611111111111111,1,0,0,0,0,0,0,0,0
0.03888888888888889,1,0,0,0,0,0,0,0,0
0.041666666666666664,1,0,0,0,0,0,0,0,0
0.044444444444444446,1,0,0,0,0,0,0,0,0
0.04722222222222222,1,0,0,0,0,0,0,0,0
0.05,1,0,0,0,0,0,0,0,0
0.05277777777777778,1,0,0,0,0,0,0,0,0
0.05555555555555555,1,0,0,0,0,0,0,0,0
0.058333333333333334,1,0,0,0,0,0,0,0,0
0.06111111111111111,1,0,0,0,0,0,0,0,0
0.06388888888888888,1,0,0,0,0,0,0,0,0
0.06666666666666667,1,0,0,0,0,0,0,0,0
0.06944444444444445,1,0,0,0,0,0,0,0,0
0.07222222222222222,1,0,0,0,0,0,0,0,0
0.075,1,0,0,0,0,0,0,0,0
0.07777777777777778,1,0,0,0,0,0,0,0,0
0.08055555555555556,1,0,0,0,0,0,0,0,0
0.08333333333333333,1,0,0,0,0,0,0,0,0
0.08611111111111111,1,0,0,0,0,0,0,0,0
0.08888888888888889,1,0,0,0,0,0,0,0,0
0.09166666666666666,1,0,0,0,0,0,0,0,0
0.09444444444444444,1,0,0,0,0,0,0,0,0
0.09722222222222222,1,0,0,0,0,0,0,0,0
0.1,1,0,0,0,0,0,0,0,0
0.10277777777777777,1,0,0,0,0,0,0,0,0
0.10555555555555556,1,0,0,0,0,0,0,0,0
0.10833333333333334,1,0,0,0,0,0,0,0,0
0.1111111111111111,1,0,0,0,0,0,0,0,0
0.11388888888888889,1,0,0,0,0,0,0,0,0
0.11666666666666667,1,0,0,0,0,0,0,0,0
0.11944444444444445,1,0,0,0,0,0,0,0,0
0.12222222222222222,1,0,0,0,0,0,0,0,0
0.125,1,0,0,0,0,0,0,0,0
0.12777777777777777,1,0,0,0,0,0,0,0,0
0.13055555555555556,1,0,0,0,0,0,0,0,0
0.13333333333333333,1,0,0,0,0,0,0,0,0
0.1361111111111111,1,0,0,0,0,0,0,0,0
0.1388888888888889,1,0,0,0,0,0,0,0,0
0.14166666666666666,1,0,0,0,0,0,0,0,0
0.14444444444444443,1,0,0,0,0,0,0,0,0
0.14722222222222223,1,0,0,0,0,0,0,0,0
0.15,1,0,0,0,0,0,0,0,0
0.1527777777777778,1,0,0,0,0,0,0,0,0
0.15555555555555556,1,0,0,0,0,0,0,0,0
0.15833333333333333,1,0,0,0,0,0,0,0,0
0.16111111111111112,1,0,0,0,0,0,0,0,0
0.1638888888888889,1,0,0,0,0,0,0,0,0
0.16666666666666666,1,0,0,0,0,0,0,0,0
0.16944444444444445,1,0,0,0,0,0,0,0,0
0.17222222222222222,1,0,0,0,0,0,0,0,0
0.175,1,0,0,0,0,0,0,0,0
0.17777777777777778,1,0,0,0,0,0,0,0,0
0.18055555555555555,1,0,0,0,0,0,0,0,0
0.18333333333333332,1,0,0,0,0,0,0,0,0
0.18611111111111112,1,0,0,0,0,0,0,0,0
0.18888888888888888,1,0,0,0,0,0,0,0,0
0.19166666666666668,1,0,0,0,0,0,0,0,0
0.19444444444444445,1,0,0,0,0,0,0,0,0
0.19722222222222222,1,0,0,0,0,0,0,0,0
0.2,1,0,0,0,0,0,0,0,0
0.20277777777777778,1,0,0,0,0,0,0,0,0
0.20555555555555555,1,0,0,0,0,0,0,0,0
0.20833333333333334,1,0,0,0,0,0,0,0,0
0.2111111111111111,1,0,0,0,0,0,0,0,0
0.21388888888888888,1,0,0,0,0,0,0,0,0
0.21666666666666667,1,0,0,0,0,0,0,0,0
0.21944444444444444,1,0,0,0,0,0,0,0,0
0.2222222222222222,1,0,0,0,0,0,0,0,0
0.225,1,0,0,0,0,0,0,0,0
0.22777777777777777,1,0,0,0,0,0,0,0,0
0.23055555555555557,1,0,0,0,0,0,0,0,0
0.23333333333333334,1,0,0,0,0,0,0,0,0
0.2361111111111111,1,0,0,0,0,0,0,0,0
0.2388888888888889,1,0,0,0,0,0,0,0,0
0.24166666666666667,1,0,0,0,0,0,0,0,0
0.24444444444444444,1,0,0,0,0,0,0,0,0
0.24722222222222223,1,0,0,0,0,0,0,0,0
0.25,1,0,0,0,0,0,0,0,0
0.25277777777777777,1,0,0,0,0,0,0,0,0
0.25555555555555554,1,0,0,0,0,0,0,0,0
0.25833333333333336,1,0,0,0,0,0,0,0,0
0.2611111111111111,1,0,0,0,0,0,0,0,0
0.2638888888888889,1,0,0,0,0,0,0,0,0
0.26666666666666666,1,0,0,0,0,0,0,0,0
0.26944444444444443,1,0,0,0,0,0,0,0,0
0.2722222222222222,1,0,0,0,0,0,0,0,0
0.275,1,0,0,0,0,0,0,0,0
0.2777777777777778,1,0,0,0,0,0,0,0,0
0.28055555555555556,1,0,0,0,0,0,0,0,0
0.2833333333333333,1,0,0,0,0,0,0,0,0
0.2861111111111111,1,0,0,0,0,0,0,0,0
0.28888888888888886,1,0,0,0,0,0,0,0,0
0.2916666666666667,1,0,0,0,0,0,0,0,0
0.29444444444444445,1,0,0,0,0,0,0,0,0
0.2972222222222222,1,0,0,0,0,0,0,0,0
0.3,1,0,0,0,0,0,0,0,0
0.30277777777777776,1,0,0,0,0,0,0,0,0
0.3055555555555556,1,0,0,0,0,0,0,0,0
0.30833333333333335,1,0,0,0,0,0,0,0,0
0.3111111111111111,1,0,0,0,0,0,0,0,0
0.3138888888888889,1,0,0,0,0,0,0,0,0
0.31666666666666665,1,0,0,0,0,0,0,0,0
0.3194444444444444,1,0,0,0,0,0,0,0,0
0.32222222222222224,1,0,0,0,0,0,0,0,0
0.325,1,0,0,0,0,0,0,0,0
0.3277777777777778,1,0,0,0,0,0,0,0,0
0.33055555555555555,1,0,0,0,0,0,0,0,0
0.3333333333333333,1,0,0,0,0,0,0,0,0
0.33611111111111114,1,0,0,0,0,0,0,0,0
0.3388888888888889,1,0,0,0,0,0,0,0,0
0.3416666666666667,1,0,0,0,0,0,0,0,0
0.34444444444444444,1,0,0,0,0,0,0,0,0
0.3472222222222222,1,0,0,0,0,0,0,0,0
0.35,1,0,0,0,0,0,0,0,0
0.3527777777777778,1,0,0,0,0,0,0,0,0
0.35555555555555557,1,0,0,0,0,0,0,0,0
0.35833333333333334,1,0,0,0,0,0,0,0,0
0.3611111111111111,1,0,0,0,0,0,0,0,0
0.3638888888888889,1,0,0,0,0,0,0,0,0
0.36666666666666664,1,0,0,0,0,0,0,0,0
0.36944444444444446,1,0,0,0,0,0,0,0,0
0.37222222222222223,1,0,0,0,0,0,0,0,0
0.375,1,0,0,0,0,0,0,0,0
0.37777777777777777,1,0,0,0,0,0,0,0,0
0.38055555555555554,1,0,0,0,0,0,0,0,0
0.38333333333333336,1,0,0,0,0,0,0,0,0
0.3861111111111111,1,0,0,0,0,0,0,0,0
0.3888888888888889,1,0,0,0,0,0,0,0,0
0.39166666666666666,1,0,0,0,0,0,0,0,0
0.39444444444444443,1,0,0,0,0,0,0,0,0
0.3972222222222222,1,0,0,0,0,0,0,0,0
0.4,1,0,0,0,0,0,0,0,0
0.4027777777777778,1,0,0,0,0,0,0,0,0
0.40555555555555556,1,0,0,0,0,0,0,0,0
0.4083333333333333,1,0,0,0,0,0,0,0,0
0.4111111111111111,1,0,0,0,0,0,0,0,0
0.41388888888888886,1,0,0,0,0,0,0,0,0
0.4166666666666667,1,0,0,0,0,0,0,0,0
0.41944444444444445,1,0,0,0,0,0,0,0,0
0.4222222222222222,1,0,0,0,0,0,0,0,0
0.425,1,0,0,0,0,0,0,0,0
0.42777777777777776,1,0,0,0,0,0,0,0,0
0.4305555555555556,1,0,0,0,0,0,0,0,0
0.43333333333333335,1,0,0,0,0,0,0,0,0
0.4361111111111111,1,0,0,0,0,0,0,0,0
0.4388888888888889,1,0,0,0,0,0,0,0,0
0.44166666666666665,1,0,0,0,0,0,0,0,0
0.4444444444444444,1,0,0,0,0,0,0,0,0
0.44722222222222224,1,0,0,0,0,0,0,0,0
0.45,1,0,0,0,0,0,0,0,0
0.4527777777777778,1,0,0,0,0,0,0,0,0
0.45555555555555555,1,0,0,0,0,0,0,0,0
0.4583333333333333,1,0,0,0,0,0,0,0,0
0.46111111111111114,1,0,0,0,0,0,0,0,0
0.4638888888888889,1,0,0,0,0,0,0,0,0
0.4666666666666667,1,0,0,0,0,0,0,0,0
0.46944444444444444,1,0,0,0,0,0,0,0,0
0.4722222222222222,1,0,0,0,0,0,0,0,0
0.475,1,0,0,0,0,0,0,0,0
0.4777777777777778,1,0,0,0,0,0,0,0,0
0.48055555555555557,1,0,0,0,0,0,0,0,0
0.48333333333333334,1,0,0,0,0,0,0,0,0
0.4861111111111111,1,0,0,0,0,0,0,0,0
0.4888888888888889,1,0,0,0,0,0,0,0,0
0.49166666666666664,1,0,0,0,0,0,0,0,0
0.49444444444444446,1,0,0,0,0,0,0,0,0
0.49722222222222223,1,0,0,0,0,0,0,0,0
0.5,1,0,0,0,0,0,0,0,0
0.5027777777777778,1,0,1,0,0,0,0,0,0
0.5055555555555555,1,0,1,0,0,0,0,0,0
0.5083333333333333,1,0,1,0,0,0,0,0,0
0.5111111111111111,1,0,1,0,0,0,0,0,0
0.5138888888888888,1,0,1,0,0,0,0,0,0
0.5166666666666667,1,0,1,0,0,0,0,0,0
0.5194444444444445,1,0,1,0,0,0,0,0,0
0.5222222222222223,1,0,1,0,0,0,0,0,0
0.525,1,0,1,0,0,0,0,0,0
0.5277777777777778,1,0,1,0,0,0,0,0,0
0.5305555555555556,1,0,1,0,0,0,0,0,0
0.5333333333333333,1,0,1,0,0,0,0,0,0
0.5361111111111111,1,0,1,0,0,0,0,0,0
0.5388888888888889,1,0,1,0,0,0,0,0,0
0.5416666666666666,1,0,1,0,0,0,0,0,0
0.5444444444444444,1,0,1,0,0,0,0,0,0
0.5472222222222223,1,0,1,0,0,0,0,0,0
0.55,1,0,1,0,0,0,0,0,0
0.5527777777777778,1,0,1,0,0,0,0,0,0
0.5555555555555556,1,0,1,0,0,0,0,0,0
0.5583333333333333,1,0,1,0,0,0,0,0,0
0.5611111111111111,1,0,1,0,0,0,0,0,0
0.5638888888888889,1,0,1,0,0,0,0,0,0
0.5666666666666667,1,0,1,0,0,0,0,0,0
0.5694444444444444,1,0,1,0,0,0,0,0,0
0.5722222222222222,1,0,1,0,0,0,0,0,0
0.575,1,0,1,0,0,0,0,0,0
0.5777777777777777,1,0,1,0,0,0,0,0,0
0.5805555555555556,1,0,1,0,0,0,0,0,0
0.5833333333333334,1,0,1,0,0,0,0,0,0
0.5861111111111111,1,0,1,0,0,0,0,0,0
0.5888888888888889,1,0,1,0,0,0,0,0,0
0.5916666666666667,1,0,1,0,0,0,0,0,0
0.5944444444444444,1,0,1,0,0,0,0,0,0
0.5972222222222222,1,0,1,0,0,0,0,0,0
0.6,1,0,1,0,0,0,0,0,0
0.6027777777777777,1,0,1,0,0,0,0,0,0
0.6055555555555555,1,0,1,0,0,0,0,0,0
0.6083333333333333,1,0,1,0,0,0,0,0,0
0.6111111111111112,1,0,1,0,0,0,0,0,0
0.6138888888888889,1,0,1,0,0,0,0,0,0
0.6166666666666667,1,0,1,0,0,0,0,0,0
0.6194444444444445,1,0,1,0,0,0,0,0,0
0.6222222222222222,1,0,1,0,0,0,0,0,0
0.625,1,0,1,0,0,0,0,0,0
0.6277777777777778,1,0,1,0,0,0,0,0,0
0.6305555555555555,1,0,1,0,0,0,0,0,0
0.6333333333333333,1,0,1,0,0,0,0,0,0
0.6361111111111111,1,0,1,0,0,0,0,0,0
0.6388888888888888,1,0,1,0,0,0,0,0,0
0.6416666666666667,1,0,1,0,0,0,0,0,0
0.6444444444444445,1,0,1,0,0,0,0,0,0
0.6472222222222223,1,0,1,0,0,0,0,0,0
0.65,1,0,1,0,0,0,0,0,0
0.6527777777777778,1,0,1,0,0,0,0,0,0
0.6555555555555556,1,0,1,0,0,0,0,0,0
0.6583333333333333,1,0,1,0,0,0,0,0,0
0.6611111111111111,1,0,0,0,0,0,0,0,0
0.6638888888888889,1,0,0,0,0,0,0,0,0
0.6666666666666666,1,0,0,0,0,0,0,0,0
0.6694444444444444,1,0,0,0,0,0,0,0,0
0.6722222222222223,1,0,0,0,0,0,0,0,0
0.675,1,0,0,0,0,0,0,0,0
0.6777777777777778,1,0,0,0,0,0,0,0,0
0.6805555555555556,1,0,0,0,0,0,0,0,0
0.6833333333333333,1,0,0,0,0,0,0,0,0
0.6861111111111111,1,0,0,0,0,0,0,0,0
0.6888888888888889,1,0,0,0,0,0,0,0,0
0.6916666666666667,1,0,0,0,0,0,0,0,0
0.6944444444444444,1,0,0,0,0,0,0,0,0
0.6972222222222222,1,0,0,0,0,0,0,0,0
0.7,1,0,0,0,0,0,0,0,0
0.7027777777777777,1,0,0,0,0,0,0,0,0
0.7055555555555556,1,0,0,0,0,0,0,0,0
0.7083333333333334,1,0,0,0,0,0,0,0,0
0.7111111111111111,1,0,0,0,0,0,0,0,0
0.7138888888888889,1,0,0,0,0,0,0,0,0
0.7166666666666667,1,0,0,0,0,0,0,0,0
0.7194444444444444,1,0,0,0,0,0,0,0,0
0.7222222222222222,1,0,0,0,0,0,0,0,0
0.725,1,0,0,0,0,0,0,0,0
0.7277777777777777,1,0,0,0,0,0,0,0,0
0.7305555555555555,1,0,0,0,0,0,0,0,0
0.7333333333333333,1,0,0,0,0,0,0,0,0
0.7361111111111112,1,0,0,0,0,0,0,0,0
0.7388888888888889,1,0,0,0,0,0,0,0,0
0.7416666666666667,1,0,0,0,0,0,0,0,0
0.7444444444444445,1,0,0,0,0,0,0,0,0
0.7472222222222222,1,0,0,0,0,0,0,0,0
0.75,1,0,0,0,0,0,0,0,0
0.7527777777777778,1,0,0,0,0,0,0,0,0
0.7555555555555555,1,0,0,0,0,0,0,0,0
0.7583333333333333,1,0,0,0,0,0,0,0,0
0.7611111111111111,1,0,0,0,0,0,0,0,0
0.7638888888888888,1,0,0,0,0,0,0,0,0
0.7666666666666667,1,0,0,0,0,0,0,0,0
0.7694444444444445,1,0,0,0,0,0,0,0,0
0.7722222222222223,1,0,0,0,0,0,0,0,0
0.775,1,0,0,0,0,0,0,0,0
0.7777777777777778,1,0,0,0,0,0,0,0,0
0.7805555555555556,1,0,0,0,0,0,0,0,0
0.7833333333333333,1,0,0,0,0,0,0,0,0
0.7861111111111111,1,0,0,0,0,0,0,0,0
0.7888888888888889,1,0,0,0,0,0,0,0,0
0.7916666666666666,1,0,0,0,0,0,0,0,0
0.7944444444444444,1,0,0,0,0,0,0,0,0
0.7972222222222223,1,0,0,0,0,0,0,0,0
0.8,1,0,0,0,0,0,0,0,0
0.8027777777777778,1,0,0,0,0,0,0,0,0
0.8055555555555556,1,0,0,0,0,0,0,0,0
0.8083333333333333,1,0,0,0,0,0,0,0,0
0.8111111111111111,1,0,0,0,0,0,0,0,0
0.8138888888888889,1,0,0,0,0,0,0,0,0
0.8166666666666667,1,0,0,0,0,0,0,0,0
0.8194444444444444,1,0,0,0,0,0,0,0,0
0.8222222222222222,1,0,0,0,0,0,0,0,0
0.825,1,0,0,0,0,0,0,0,0
0.8277777777777777,1,0,0,0,0,0,0,0,0
0.8305555555555556,1,0,0,0,0,0,0,0,0
0.8333333333333334,1,0,0,0,0,0,0,0,0
0.8361111111111111,1,0,0,0,0,0,0,0,0
0.8388888888888889,1,0,0,0,0,0,0,0,0
0.8416666666666667,1,0,0,0,0,0,0,0,0
0.8444444444444444,1,0,0,0,0,0,0,0,0
0.8472222222222222,1,0,0,0,0,0,0,0,0
0.85,1,0,0,0,0,0,0,0,0
0.8527777777777777,1,0,0,0,0,0,0,0,0
0.8555555555555555,1,0,0,0,0,0,0,0,0
0.8583333333333333,1,0,0,0,0,0,0,0,0
0.8611111111111112,1,0,0,0,0,0,0,0,0
0.8638888888888889,1,0,0,0,0,0,0,0,0
0.8666666666666667,1,0,0,0,0,0,0,0,0
0.8694444444444445,1,0,0,0,0,0,0,0,0
0.8722222222222222,1,0,0,0,0,0,0,0,0
0.875,1,0,0,0,0,0,0,0,0
0.8777777777777778,1,0,0,0,0,0,0,0,0
0.8805555555555555,1,0,0,0,0,0,0,0,0
0.8833333333333333,1,0,0,0,0,0,0,0,0
0.8861111111111111,1,0,0,0,0,0,0,0,0
0.8888888888888888,1,0,0,0,0,0,0,0,0
0.8916666666666667,1,0,0,0,0,0,0,0,0
0.8944444444444445,1,0,0,0,0,0,0,0,0
0.8972222222222223,1,0,0,0,0,0,0,0,0
0.9,1,0,0,0,0,0,0,0,0
0.9027777777777778,1,0,0,0,0,0,0,0,0
0.9055555555555556,1,0,0,0,0,0,0,0,0
0.9083333333333333,1,0,0,0,0,0,0,0,0
0.9111111111111111,1,0,0,0,0,0,0,0,0
0.9138888888888889,1,0,0,0,0,0,0,0,0
0.9166666666666666,1,0,0,0,0,0,0,0,0
0.9194444444444444,1,0,0,0,0,0,0,0,0
0.9222222222222223,1,0,0,0,0,0,0,0,0
0.925,1,0,0,0,0,0,0,0,0
0.9277777777777778,1,0,0,0,0,0,0,0,0
0.9305555555555556,1,0,0,0,0,0,0,0,0
0.9333333333333333,1,0,0,0,0,0,0,0,0
0.9361111111111111,1,0,0,0,0,0,0,0,0
0.9388888888888889,1,0,0,0,0,0,0,0,0
0.9416666666666667,1,0,0,0,0,0,0,0,0
0.9444444444444444,1,0,0,0,0,0,0,0,0
0.9472222222222222,1,0,0,0,0,0,0,0,0
0.95,1,0,0,0,0,0,0,0,0
0.9527777777777777,1,0,0,0,0,0,0,0,0
0.9555555555555556,1,0,0,0,0,0,0,0,0
0.9583333333333334,1,0,0,0,0,0,0,0,0
0.9611111111111111,1,0,0,0,0,0,0,0,0
0.9638888888888889,1,0,0,0,0,0,0,0,0
0.9666666666666667,1,0,0,0,0,0,0,0,0
0.9694444444444444,1,0,0,0,0,0,0,0,0
0.9722222222222222,1,0,0,0,0,0,0,0,0
0.975,1,0,0,0,0,0,0,0,0
0.9777777777777777,1,0,0,0,0,0,0,0,0
0.9805555555555555,1,0,0,0,0,0,0,0,0
0.9833333333333333,1,0,0,0,0,0,0,0,0
0.9861111111111112,1,0,0,0,0,0,0,0,0
0.9888888888888889,1,0,0,0,0,0,0,0,0
0.9916666666666667,1,0,0,0,0,0,0,0,0
0.9944444444444445,1,0,0,0,0,0,0,0,0
0.9972222222222222,1,0,0,0,0,0,0,0,0
1.0,1,0,0,0,0,0,0,0,0
1.0027777777777778,1,0,0,0,0,0,0,0,0
1.0055555555555555,1,0,0,0,0,0,0,0,0
1.0083333333333333,1,0,0,0,0,0,0,0,0
1.011111111111111,1,0,0,0,0,0,0,0,0
1.0138888888888888,1,0,0,0,0,0,0,0,0
1.0166666666666666,1,0,0,0,0,0,0,0,0
1.0194444444444444,1,0,0,0,0,0,0,0,0
1.0222222222222221,1,0,0,0,0,0,0,0,0
1.025,1,0,0,0,0,0,0,0,0
1.0277777777777777,1,0,0,0,0,0,0,0,0
1.0305555555555554,1,0,0,0,0,0,0,0,0
1.0333333333333334,1,0,0,0,0,0,0,0,0
1.0361111111111112,1,0,0,0,0,0,0,0,0
1.038888888888889,1,0,0,0,0,0,0,0,0
1.0416666666666667,1,0,0,0,0,0,0,0,0
1.0444444444444445,1,0,0,0,0,0,0,0,0
1.0472222222222223,1,0,0,0,0,0,0,0,0
1.05,1,0,0,0,0,0,0,0,0
1.0527777777777778,1,0,0,0,0,0,0,0,0
1.0555555555555556,1,0,0,0,0,0,0,0,0
1.0583333333333333,1,0,0,0,0,0,0,0,0
1.0611111111111111,1,0,0,0,0,0,0,0,0
1.0638888888888889,1,0,0,0,0,0,0,0,0
1.0666666666666667,1,0,0,0,0,0,0,0,0
1.0694444444444444,1,0,0,0,0,0,0,0,0
1.0722222222222222,1,0,0,0,0,0,0,0,0
1.075,1,0,0,0,0,0,0,0,0
1.0777777777777777,1,0,0,0,0,0,0,0,0
1.0805555555555555,1,0,0,0,0,0,0,0,0
1.0833333333333333,1,0,0,0,0,0,0,0,0
1.086111111111111,1,0,0,0,0,0,0,0,0
1.0888888888888888,1,0,0,0,0,0,0,0,0
1.0916666666666666,1,0,0,0,0,0,0,0,0
1.0944444444444446,1,0,0,0,0,0,0,0,0
1.0972222222222223,1,0,0,0,0,0,0,0,0
1.1,1,0,0,0,0,0,0,0,0
1.1027777777777779,1,0,0,0,0,0,0,0,0
1.1055555555555556,1,0,0,0,0,0,0,0,0
1.1083333333333334,1,0,0,0,0,0,0,0,0
1.1111111111111112,1,0,0,0,0,0,0,0,0
1.113888888888889,1,0,0,0,0,0,0,0,0
1.1166666666666667,1,0,0,0,0,0,0,0,0
1.1194444444444445,1,0,0,0,0,0,0,0,0
1.1222222222222222,1,0,0,0,0,0,0,0,0
1.125,1,0,0,0,0,0,0,0,0
1.1277777777777778,1,0,1,0,0,0,0,0,0
1.1305555555555555,1,0,1,0,0,0,0,0,0
1.1333333333333333,1,0,1,0,0,0,0,0,0
1.136111111111111,1,0,1,0,0,0,0,0,0
1.1388888888888888,1,0,1,0,0,0,0,0,0
1.1416666666666666,1,0,1,0,0,0,0,0,0
1.1444444444444444,1,0,1,0,0,0,0,0,0
1.1472222222222221,1,0,1,0,0,0,0,0,0
1.15,1,0,1,0,0,0,0,0,0
1.1527777777777777,1,0,1,0,0,0,0,0,0
1.1555555555555554,1,0,1,0,0,0,0,0,0
1.1583333333333334,1,0,1,0,0,0,0,0,0
1.1611111111111112,1,0,1,0,0,0,0,0,0
1.163888888888889,1,0,1,0,0,0,0,0,0
1.1666666666666667,1,0,1,0,0,0,0,0,0
1.1694444444444445,1,0,1,0,0,0,0,0,0
1.1722222222222223,1,0,1,0,0,0,0,0,0
1.175,1,0,1,0,0,0,0,0,0
1.1777777777777778,1,0,1,0,0,0,0,0,0
1.1805555555555556,1,0,1,0,0,0,0,0,0
1.1833333333333333,1,0,1,0,0,0,0,0,0
1.1861111111111111,1,0,1,0,0,0,0,0,0
1.1888888888888889,1,0,1,0,0,0,0,0,0
1.1916666666666667,1,0,1,0,0,0,0,0,0
1.1944444444444444,1,0,1,0,0,0,0,0,0
1.1972222222222222,1,0,1,0,0,0,0,0,0
1.2,1,0,1,0,0,0,0,0,0
1.2027777777777777,1,0,1,0,0,0,0,0,0
1.2055555555555555,1,0,1,0,0,0,0,0,0
1.2083333333333333,1,0,1,0,0,0,0,0,0
1.211111111111111,1,0,1,0,0,0,0,0,0
1.2138888888888888,1,0,1,0,0,0,0,0,0
1.2166666666666666,1,0,1,0,0,0,0,0,0
1.2194444444444446,1,0,1,0,0,0,0,0,0
1.2222222222222223,1,0,1,0,0,0,0,0,0
1.225,1,0,1,0,0,0,0,0,0
1.2277777777777779,1,0,1,0,0,0,0,0,0
1.2305555555555556,1,0,1,0,0,0,0,0,0
1.2333333333333334,1,0,1,0,0,0,0,0,0
1.2361111111111112,1,0,1,0,0,0,0,0,0
1.238888888888889,1,0,1,0,0,0,0,0,0
1.2416666666666667,1,0,1,0,0,0,0,0,0
1.2444444444444445,1,0,1,0,0,0,0,0,0
1.2472222222222222,1,0,1,0,0,0,0,0,0
1.25,1,0,1,0,0,0,0,0,0
1.2527777777777778,1,0,1,0,0,0,0,0,0
1.2555555555555555,1,0,1,0,0,0,0,0,0
1.2583333333333333,1,0,1,0,0,0,0,0,0
1.261111111111111,1,0,1,0,0,0,0,0,0
1.2638888888888888,1,0,1,0,0,0,0,0,0
1.2666666666666666,1,0,1,0,0,0,0,0,0
1.2694444444444444,1,0,1,0,0,0,0,0,0
1.2722222222222221,1,0,1,0,0,0,0,0,0
1.275,1,0,1,0,0,0,0,0,0
1.2777777777777777,1,0,1,0,0,0,0,0,0
1.2805555555555554,1,0,1,0,0,0,0,0,0
1.2833333333333334,1,0,1,0,0,0,0,0,0
1.2861111111111112,1,0,1,0,0,0,0,0,0
1.288888888888889,1,0,1,0,0,0,0,0,0
1.2916666666666667,1,0,1,0,0,0,0,0,0
1.2944444444444445,1,0,0,0,0,0,0,0,0
1.2972222222222223,1,0,0,0,0,0,0,0,0
1.3,1,0,0,0,0,0,0,0,0
1.3027777777777778,1,0,0,0,0,0,0,0,0
1.3055555555555556,1,0,0,0,0,0,0,0,0
1.3083333333333333,1,0,0,0,0,0,0,0,0
1.3111111111111111,1,0,0,0,0,0,0,0,0
1.3138888888888889,1,0,0,0,0,0,0,0,0
1.3166666666666667,1,0,0,0,0,0,0,0,0
1.3194444444444444,1,0,0,0,0,0,0,0,0
1.3222222222222222,1,0,0,0,0,0,0,0,0
1.325,1,0,0,0,0,0,0,0,0
1.3277777777777777,1,0,0,0,0,0,0,0,0
1.3305555555555555,1,0,0,0,0,0,0,0,0
1.3333333333333333,1,0,0,0,0,0,0,0,0
1.336111111111111,1,0,0,0,0,0,0,0,0
1.3388888888888888,1,0,0,0,0,0,0,0,0
1.3416666666666666,1,0,0,0,0,0,0,0,0
1.3444444444444446,1,0,0,0,0,0,0,0,0
1.3472222222222223,1,0,0,0,0,0,0,0,0
1.35,1,0,0,0,0,0,0,0,0
1.3527777777777779,1,0,0,0,0,0,0,0,0
1.3555555555555556,1,0,0,0,0,0,0,0,0
1.3583333333333334,1,0,0,0,0,0,0,0,0
1.3611111111111112,1,0,0,0,0,0,0,0,0
1.363888888888889,1,0,0,0,0,0,0,0,0
1.3666666666666667,1,0,0,0,0,0,0,0,0
1.3694444444444445,1,0,0,0,0,0,0,0,0
1.3722222222222222,1,0,0,0,0,0,0,0,0
1.375,1,0,0,0,0,0,0,0,0
1.3777777777777778,1,0,0,0,0,0,0,0,0
1.3805555555555555,1,0,0,0,0,0,0,0,0
1.3833333333333333,1,0,0,0,0,0,0,0,0
1.386111111111111,1,0,0,0,0,0,0,0,0
1.3888888888888888,1,0,0,0,0,0,0,0,0
1.3916666666666666,1,0,0,0,0,0,0,0,0
1.3944444444444444,1,0,0,0,0,0,0,0,0
1.3972222222222221,1,0,0,0,0,0,0,0,0
1.4,1,0,0,0,0,0,0,0,0
1.4027777777777777,1,0,0,0,0,0,0,0,0
1.4055555555555554,1,0,0,0,0,0,0,0,0
1.4083333333333334,1,0,0,0,0,0,0,0,0
1.4111111111111112,1,0,0,0,0,0,0,0,0
1.413888888888889,1,0,0,0,0,0,0,0,0
1.4166666666666667,1,0,0,0,0,0,0,0,0
1.4194444444444445,1,0,0,0,0,0,0,0,0
1.4222222222222223,1,0,0,0,0,0,0,0,0
1.425,1,0,0,0,0,0,0,0,0
1.4277777777777778,1,0,0,0,0,0,0,0,0
1.4305555555555556,1,0,0,0,0,0,0,0,0
1.4333333333333333,1,0,0,0,0,0,0,0,0
1.4361111111111111,1,0,0,0,0,0,0,0,0
1.4388888888888889,1,0,0,0,0,0,0,0,0
1.4416666666666667,1,0,0,0,0,0,0,0,0
1.4444444444444444,1,0,0,0,0,0,0,0,0
1.4472222222222222,1,0,0,0,0,0,0,0,0
1.45,1,0,0,0,0,0,0,0,0
1.4527777777777777,1,0,0,0,0,0,0,0,0
1.4555555555555555,1,0,0,0,0,0,0,0,0
1.4583333333333333,1,0,0,0,0,0,0,0,0
1.461111111111111,1,0,0,0,0,0,0,0,0
1.4638888888888888,1,0,0,0,0,0,0,0,0
1.4666666666666666,1,0,0,0,0,0,0,0,0
1.4694444444444446,1,0,0,0,0,0,0,0,0
1.4722222222222223,1,0,0,0,0,0,0,0,0
1.475,1,0,0,0,0,0,0,0,0
1.4777777777777779,1,0,0,0,0,0,0,0,0
1.4805555555555556,1,0,0,0,0,0,0,0,0
1.4833333333333334,1,0,0,0,0,0,0,0,0
1.4861111111111112,1,0,0,0,0,0,0,0,0
1.488888888888889,1,0,0,0,0,0,0,0,0
1.4916666666666667,1,0,0,0,0,0,0,0,0
1.4944444444444445,1,0,0,0,0,0,0,0,0
1.4972222222222222,1,0,0,0,0,0,0,0,0
1.5,1,0,0,0,0,0,0,0,0
1.5027777777777778,1,0,0,0,0,0,0,0,0
1.5055555555555555,1,0,0,0,0,0,0,0,0
1.5083333333333333,1,0,0,0,0,0,0,0,0
1.511111111111111,1,0,0,0,0,0,0,0,0
1.5138888888888888,1,0,0,0,0,0,0,0,0
1.5166666666666666,1,0,0,0,0,0,0,0,0
1.5194444444444444,1,0,0,0,0,0,0,0,0
1.5222222222222221,1,0,0,0,0,0,0,0,0
1.525,1,0,0,0,0,0,0,0,0
1.5277777777777777,1,0,0,0,0,0,0,0,0
1.5305555555555554,1,0,0,0,0,0,0,0,0
1.5333333333333334,1,0,0,0,0,0,0,0,0
1.5361111111111112,1,0,0,0,0,0,0,0,0
1.538888888888889,1,0,0,0,0,0,0,0,0
1.5416666666666667,1,0,0,0,0,0,0,0,0
1.5444444444444445,1,0,0,0,0,0,0,0,0
1.5472222222222223,1,0,0,0,0,0,0,0,0
1.55,1,0,0,0,0,0,0,0,0
1.5527777777777778,1,0,0,0,0,0,0,0,0
1.5555555555555556,1,0,0,0,0,0,0,0,0
1.5583333333333333,1,0,0,0,0,0,0,0,0
1.5611111111111111,1,0,0,0,0,0,0,0,0
1.5638888888888889,1,0,0,0,0,0,0,0,0
1.5666666666666667,1,0,0,0,0,0,0,0,0
1.5694444444444444,1,0,0,0,0,0,0,0,0
1.5722222222222222,1,0,0,0,0,0,0,0,0
1.575,1,0,0,0,0,0,0,0,0
1.5777777777777777,1,0,0,0,0,0,0,0,0
1.5805555555555555,1,0,0,0,0,0,0,0,0
1.5833333333333333,1,0,0,0,0,0,0,0,0
1.586111111111111,1,0,0,0,0,0,0,0,0
1.5888888888888888,1,0,0,0,0,0,0,0,0
1.5916666666666666,1,0,0,0,0,0,0,0,0
1.5944444444444446,1,0,0,0,0,0,0,0,0
1.5972222222222223,1,0,0,0,0,0,0,0,0
1.6,1,0,0,0,0,0,0,0,0
1.6027777777777779,1,0,0,0,0,0,0,0,0
1.6055555555555556,1,0,0,0,0,0,0,0,0
1.6083333333333334,1,0,0,0,0,0,0,0,0
1.6111111111111112,1,0,0,0,0,0,0,0,0
1.613888888888889,1,0,0,0,0,0,0,0,0
1.6166666666666667,1,0,0,0,0,0,0,0,0
1.6194444444444445,1,0,0,0,0,0,0,0,0
1.6222222222222222,1,0,0,0,0,0,0,0,0
1.625,1,0,0,0,0,0,0,0,0
1.6277777777777778,1,0,0,0,0,0,0,0,0
1.6305555555555555,1,0,0,0,0,0,0,0,0
1.6333333333333333,1,0,0,0,0,0,0,0,0
1.636111111111111,1,0,0,0,0,0,0,0,0
1.6388888888888888,1,0,0,0,0,0,0,0,0
1.6416666666666666,1,0,0,0,0,0,0,0,0
1.6444444444444444,1,0,0,0,0,0,0,0,0
1.6472222222222221,1,0,0,0,0,0,0,0,0
1.65,1,0,0,0,0,0,0,0,0
1.6527777777777777,1,0,0,0,0,0,0,0,0
1.6555555555555554,1,0,0,0,0,0,0,0,0
1.6583333333333334,1,0,0,0,0,0,0,0,0
1.6611111111111112,1,0,0,0,0,0,0,0,0
1.663888888888889,1,0,0,0,0,0,0,0,0
1.6666666666666667,1,0,0,0,0,0,0,0,0
1.6694444444444445,1,0,0,0,0,0,0,0,0
1.6722222222222223,1,0,0,0,0,0,0,0,0
1.675,1,0,0,0,0,0,0,0,0
1.6777777777777778,1,0,0,0,0,0,0,0,0
1.6805555555555556,1,0,0,0,0,0,0,0,0
1.6833333333333333,1,0,0,0,0,0,0,0,0
1.6861111111111111,1,0,0,0,0,0,0,0,0
1.6888888888888889,1,0,0,0,0,0,0,0,0
1.6916666666666667,1,0,0,0,0,0,0,0,0
1.6944444444444444,1,0,0,0,0,0,0,0,0
1.6972222222222222,1,0,0,0,0,0,0,0,0
1.7,1,0,0,0,0,0,0,0,0
1.7027777777777777,1,0,0,0,0,0,0,0,0
1.7055555555555555,1,0,0,0,0,0,0,0,0
1.7083333333333333,1,0,0,0,0,0,0,0,0
1.711111111111111,1,0,0,0,0,0,0,0,0
1.7138888888888888,1,0,0,0,0,0,0,0,0
1.7166666666666666,1,0,0,0,0,0,0,0,0
1.7194444444444446,1,0,0,0,0,0,0,0,0
1.7222222222222223,1,0,0,0,0,0,0,0,0
1.725,1,0,0,0,0,0,0,0,0
1.7277777777777779,1,0,0,0,0,0,0,0,0
1.7305555555555556,1,0,0,0,0,0,0,0,0
1.7333333333333334,1,0,0,0,0,0,0,0,0
1.7361111111111112,1,0,0,0,0,0,0,0,0
1.738888888888889,1,0,0,0,0,0,0,0,0
1.7416666666666667,1,0,0,0,0,0,0,0,0
1.7444444444444445,1,0,0,0,0,0,0,0,0
1.7472222222222222,1,0,0,0,0,0,0,0,0
1.75,1,0,0,0,0,0,0,0,0
1.7527777777777778,1,0,0,0,0,0,0,0,0
1.7555555555555555,1,0,0,0,0,0,0,0,0
1.7583333333333333,1,0,0,0,0,0,0,0,0
1.761111111111111,1,0,1,0,0,0,0,0,0
1.7638888888888888,1,0,1,0,0,0,0,0,0
1.7666666666666666,1,0,1,0,0,0,0,0,0
1.7694444444444444,1,0,1,0,0,0,0,0,0
1.7722222222222221,1,0,1,0,0,0,0,0,0
1.775,1,0,1,0,0,0,0,0,0
1.7777777777777777,1,0,1,0,0,0,0,0,0
1.7805555555555554,1,0,1,0,0,0,0,0,0
1.7833333333333334,1,0,1,0,0,0,0,0,0
1.7861111111111112,1,0,1,0,0,0,0,0,0
1.788888888888889,1,0,1,0,0,0,0,0,0
1.7916666666666667,1,0,1,0,0,0,0,0,0
1.7944444444444445,1,0,1,0,0,0,0,0,0
1.7972222222222223,1,0,1,0,0,0,0,0,0
1.8,1,0,1,0,0,0,0,0,0
1.8027777777777778,1,0,1,0,0,0,0,0,0
1.8055555555555556,1,0,1,0,0,0,0,0,0
1.8083333333333333,1,0,1,0,0,0,0,0,0
1.8111111111111111,1,0,1,0,0,0,0,0,0
1.8138888888888889,1,0,1,0,0,0,0,0,0
1.8166666666666667,1,0,1,0,0,0,0,0,0
1.8194444444444444,1,0,1,0,0,0,0,0,0
1.8222222222222222,1,0,1,0,0,0,0,0,0
1.825,1,0,1,0,0,0,0,0,0
1.8277777777777777,1,0,1,0,0,0,0,0,0
1.8305555555555555,1,0,1,0,0,0,0,0,0
1.8333333333333333,1,0,1,0,0,0,0,0,0
1.836111111111111,1,0,1,0,0,0,0,0,0
1.8388888888888888,1,0,1,0,0,0,0,0,0
1.8416666666666666,1,0,1,0,0,0,0,0,0
1.8444444444444446,1,0,1,0,0,0,0,0,0
1.8472222222222223,1,0,1,0,0,0,0,0,0
1.85,1,0,1,0,0,0,0,0,0
1.8527777777777779,1,0,1,0,0,0,0,0,0
1.8555555555555556,1,0,1,0,0,0,0,0,0
1.8583333333333334,1,0,1,0,0,0,0,0,0
1.8611111111111112,1,0,1,0,0,0,0,0,0
1.863888888888889,1,0,1,0,0,0,0,0,0
1.8666666666666667,1,0,1,0,0,0,0,0,0
1.8694444444444445,1,0,1,0,0,0,0,0,0
1.8722222222222222,1,0,1,0,0,0,0,0,0
1.875,1,0,1,0,0,0,0,0,0
1.8777777777777778,1,0,1,0,0,0,0,0,0
1.8805555555555555,1,0,1,0,0,0,0,0,0
1.8833333333333333,1,0,1,0,0,0,0,0,0
1.886111111111111,1,0,1,0,0,0,0,0,0
1.8888888888888888,1,0,1,0,0,0,0,0,0
1.8916666666666666,1,0,1,0,0,0,0,0,0
1.8944444444444444,1,0,1,0,0,0,0,0,0
1.8972222222222221,1,0,1,0,0,0,0,0,0
1.9,1,0,1,0,0,0,0,0,0
1.9027777777777777,1,0,1,0,0,0,0,0,0
1.9055555555555554,1,0,0,0,0,0,0,0,0
1.9083333333333334,1,0,0,0,0,0,0,0,0
1.9111111111111112,1,0,0,0,0,0,0,0,0
1.913888888888889,1,0,0,0,0,0,0,0,0
1.9166666666666667,1,0,0,0,0,0,0,0,0
1.9194444444444445,1,0,0,0,0,0,0,0,0
1.9222222222222223,1,0,0,0,0,0,0,0,0
1.925,1,0,0,0,0,0,0,0,0
1.9277777777777778,1,0,0,0,0,0,0,0,0
1.9305555555555556,1,0,0,0,0,0,0,0,0
1.9333333333333333,1,0,0,0,0,0,0,0,0
1.9361111111111111,1,0,0,0,0,0,0,0,0
1.9388888888888889,1,0,0,0,0,0,0,0,0
1.9416666666666667,1,0,0,0,0,0,0,0,0
1.9444444444444444,1,0,0,0,0,0,0,0,0
1.9472222222222222,1,0,0,0,0,0,0,0,0
1.95,1,0,0,0,0,0,0,0,0
1.9527777777777777,1,0,0,0,0,0,0,0,0
1.9555555555555555,1,0,0,0,0,0,0,0,0
1.9583333333333333,1,0,0,0,0,0,0,0,0
1.961111111111111,1,0,0,0,0,0,0,0,0
1.9638888888888888,1,0,0,0,0,0,0,0,0
1.9666666666666666,1,0,0,0,0,0,0,0,0
1.9694444444444446,1,0,0,0,0,0,0,0,0
1.9722222222222223,1,0,0,0,0,0,0,0,0
1.975,1,0,0,0,0,0,0,0,0
1.9777777777777779,1,0,0,0,0,0,0,0,0
1.9805555555555556,1,0,0,0,0,0,0,0,0
1.9833333333333334,1,0,0,0,0,0,0,0,0
1.9861111111111112,1,0,0,0,0,0,0,0,0
1.988888888888889,1,0,0,0,0,0,0,0,0
1.9916666666666667,1,0,0,0,0,0,0,0,0
1.9944444444444445,1,0,0,0,0,0,0,0,0
1.9972222222222222,1,0,0,0,0,0,0,0,0
2.0,1,0,0,0,0,0,0,0,0
2.0027777777777778,1,0,0,0,0,0,0,0,0
2.0055555555555555,1,0,0,0,0,0,0,0,0
2.0083333333333333,1,0,0,0,0,0,0,0,0
2.011111111111111,1,0,0,0,0,0,0,0,0
2.013888888888889,1,0,0,0,0,0,0,0,0
2.0166666666666666,1,0,0,0,0,0,0,0,0
2.0194444444444444,1,0,0,0,0,0,0,0,0
2.022222222222222,1,0,0,0,0,0,0,0,0
2.025,1,0,0,0,0,0,0,0,0
2.0277777777777777,1,0,0,0,0,0,0,0,0
2.0305555555555554,1,0,0,0,0,0,0,0,0
2.033333333333333,1,0,0,0,0,0,0,0,0
2.036111111111111,1,0,0,0,0,0,0,0,0
2.0388888888888888,1,0,0,0,0,0,0,0,0
2.0416666666666665,1,0,0,0,0,0,0,0,0
2.0444444444444443,1,0,0,0,0,0,0,0,0
2.047222222222222,1,0,0,0,0,0,0,0,0
2.05,1,0,0,0,0,0,0,0,0
2.0527777777777776,1,0,0,0,0,0,0,0,0
2.0555555555555554,1,0,0,0,0,0,0,0,0
2.058333333333333,1,0,0,0,0,0,0,0,0
2.061111111111111,1,0,0,0,0,0,0,0,0
2.063888888888889,1,0,0,0,0,0,0,0,0
2.066666666666667,1,0,0,0,0,0,0,0,0
2.0694444444444446,1,0,0,0,0,0,0,0,0
2.0722222222222224,1,0,0,0,0,0,0,0,0
2.075,1,0,0,0,0,0,0,0,0
2.077777777777778,1,0,0,0,0,0,0,0,0
2.0805555555555557,1,0,0,0,0,0,0,0,0
2.0833333333333335,1,0,0,0,0,0,0,0,0
2.0861111111111112,1,0,0,0,0,0,0,0,0
2.088888888888889,1,0,0,0,0,0,0,0,0
2.091666666666667,1,0,0,0,0,0,0,0,0
2.0944444444444446,1,0,0,0,0,0,0,0,0
2.0972222222222223,1,0,0,0,0,0,0,0,0
2.1,1,0,0,0,0,0,0,0,0
2.102777777777778,1,0,0,0,0,0,0,0,0
2.1055555555555556,1,0,0,0,0,0,0,0,0
2.1083333333333334,1,0,0,0,0,0,0,0,0
2.111111111111111,1,0,0,0,0,0,0,0,0
2.113888888888889,1,0,0,0,0,0,0,0,0
2.1166666666666667,1,0,0,0,0,0,0,0,0
2.1194444444444445,1,0,0,0,0,0,0,0,0
2.1222222222222222,1,0,0,0,0,0,0,0,0
2.125,1,0,0,0,0,0,0,0,0
2.1277777777777778,1,0,0,0,0,0,0,0,0
2.1305555555555555,1,0,0,0,0,0,0,0,0
2.1333333333333333,1,0,0,0,0,0,0,0,0
2.136111111111111,1,0,0,0,0,0,0,0,0
2.138888888888889,1,0,0,0,0,0,0,0,0
2.1416666666666666,1,0,0,0,0,0,0,0,0
2.1444444444444444,1,0,0,0,0,0,0,0,0
2.147222222222222,1,0,0,0,0,0,0,0,0
2.15,1,0,0,0,0,0,0,0,0
2.1527777777777777,1,0,0,0,0,0,0,0,0
2.1555555555555554,1,0,0,0,0,0,0,0,0
2.158333333333333,1,0,0,0,0,0,0,0,0
2.161111111111111,1,0,0,0,0,0,0,0,0
2.1638888888888888,1,0,0,0,0,0,0,0,0
2.1666666666666665,1,0,0,0,0,0,0,0,0
2.1694444444444443,1,0,0,0,0,0,0,0,0
2.172222222222222,1,0,0,0,0,0,0,0,0
2.175,1,0,0,0,0,0,0,0,0
2.1777777777777776,1,0,0,0,0,0,0,0,0
2.1805555555555554,1,0,0,0,0,0,0,0,0
2.183333333333333,1,0,0,0,0,0,0,0,0
2.186111111111111,1,0,0,0,0,0,0,0,0
2.188888888888889,1,0,0,0,0,0,0,0,0
2.191666666666667,1,0,0,0,0,0,0,0,0
2.1944444444444446,1,0,0,0,0,0,0,0,0
2.1972222222222224,1,0,0,0,0,0,0,0,0
2.2,1,0,0,0,0,0,0,0,0
2.202777777777778,1,0,0,0,0,0,0,0,0
2.2055555555555557,1,0,0,0,0,0,0,0,0
2.2083333333333335,1,0,0,0,0,0,0,0,0
2.2111111111111112,1,0,0,0,0,0,0,0,0
2.213888888888889,1,0,0,0,0,0,0,0,0
2.216666666666667,1,0,0,0,0,0,0,0,0
2.2194444444444446,1,0,0,0,0,0,0,0,0
2.2222222222222223,1,0,0,0,0,0,0,0,0
2.225,1,0,0,0,0,0,0,0,0
2.227777777777778,1,0,0,0,0,0,0,0,0
2.2305555555555556,1,0,0,0,0,0,0,0,0
2.2333333333333334,1,0,0,0,0,0,0,0,0
2.236111111111111,1,0,0,0,0,0,0,0,0
2.238888888888889,1,0,0,0,0,0,0,0,0
2.2416666666666667,1,0,0,0,0,0,0,0,0
2.2444444444444445,1,0,0,0,0,0,0,0,0
2.2472222222222222,1,0,0,0,0,0,0,0,0
2.25,1,0,0,0,0,0,0,0,0
2.2527777777777778,1,0,0,0,0,0,0,0,0
2.2555555555555555,1,0,0,0,0,0,0,0,0
2.2583333333333333,1,0,0,0,0,0,0,0,0
2.261111111111111,1,0,0,0,0,0,0,0,0
2.263888888888889,1,0,0,0,0,0,0,0,0
2.2666666666666666,1,0,0,0,0,0,0,0,0
2.2694444444444444,1,0,0,0,0,0,0,0,0
2.272222222222222,1,0,0,0,0,0,0,0,0
2.275,1,0,0,0,0,0,0,0,0
2.2777777777777777,1,0,0,0,0,0,0,0,0
2.2805555555555554,1,0,0,0,0,0,0,0,0
2.283333333333333,1,0,0,0,0,0,0,0,0
2.286111111111111,1,0,0,0,0,0,0,0,0
2.2888888888888888,1,0,0,0,0,0,0,0,0
2.2916666666666665,1,0,0,0,0,0,0,0,0
2.2944444444444443,1,0,0,0,0,0,0,0,0
2.297222222222222,1,0,0,0,0,0,0,0,0
2.3,1,0,0,0,0,0,0,0,0
2.3027777777777776,1,0,0,0,0,0,0,0,0
2.3055555555555554,1,0,0,0,0,0,0,0,0
2.308333333333333,1,0,0,0,0,0,0,0,0
2.311111111111111,1,0,0,0,0,0,0,0,0
2.313888888888889,1,0,0,0,0,0,0,0,0
2.316666666666667,1,0,0,0,0,0,0,0,0
2.3194444444444446,1,0,0,0,0,0,0,0,0
2.3222222222222224,1,0,0,0,0,0,0,0,0
2.325,1,0,0,0,0,0,0,0,0
2.327777777777778,1,0,0,0,0,0,0,0,0
2.3305555555555557,1,0,0,0,0,0,0,0,0
2.3333333333333335,1,0,0,0,0,0,0,0,0
2.3361111111111112,1,0,0,0,0,0,0,0,0
2.338888888888889,1,0,0,0,0,0,0,0,0
2.341666666666667,1,0,0,0,0,0,0,0,0
2.3444444444444446,1,0,0,0,0,0,0,0,0
2.3472222222222223,1,0,0,0,0,0,0,0,0
2.35,1,0,0,0,0,0,0,0,0
2.352777777777778,1,0,0,0,0,0,0,0,0
2.3555555555555556,1,0,0,0,0,0,0,0,0
2.3583333333333334,1,0,0,0,0,0,0,0,0
2.361111111111111,1,0,0,0,0,0,0,0,0
2.363888888888889,1,0,0,0,0,0,0,0,0
2.3666666666666667,1,0,0,0,0,0,0,0,0
2.3694444444444445,1,0,0,0,0,0,0,0,0
2.3722222222222222,1,0,0,0,0,0,0,0,0
2.375,1,0,0,0,0,0,0,0,0
2.3777777777777778,1,0,0,0,0,0,0,0,0
2.3805555555555555,1,0,0,0,0,0,0,0,0
2.3833333333333333,1,0,0,0,0,0,0,0,0
2.386111111111111,1,0,0,0,0,0,0,0,0
2.388888888888889,1,0,0,0,0,0,0,0,0
2.3916666666666666,1,0,0,0,0,0,0,0,0
2.3944444444444444,1,0,0,0,0,0,0,0,0
2.397222222222222,1,0,0,0,0,0,0,0,0
2.4,1,0,0,0,0,0,0,0,0
2.4027777777777777,1,0,0,0,0,0,0,0,0
2.4055555555555554,1,0,0,0,0,0,0,0,0
2.408333333333333,1,0,0,0,0,0,0,0,0
2.411111111111111,1,0,0,0,0,0,0,0,0
2.4138888888888888,1,0,0,0,0,0,0,0,0
2.4166666666666665,1,0,0,0,0,0,0,0,0
2.4194444444444443,1,0,0,0,0,0,0,0,0
2.422222222222222,1,0,0,0,0,0,0,0,0
2.425,1,0,0,0,0,0,0,0,0
2.4277777777777776,1,0,0,0,0,0,0,0,0
2.4305555555555554,1,0,0,0,0,0,0,0,0
2.433333333333333,1,0,0,0,0,0,0,0,0
2.436111111111111,1,0,0,0,0,0,0,0,0
2.438888888888889,1,0,0,0,0,0,0,0,0
2.441666666666667,1,0,0,0,0,0,0,0,0
2.4444444444444446,1,0,0,0,0,0,0,0,0
2.4472222222222224,1,0,0,0,0,0,0,0,0
2.45,1,0,0,0,0,0,0,0,0
2.452777777777778,1,0,0,0,0,0,0,0,0
2.4555555555555557,1,0,0,0,0,0,0,0,0
2.4583333333333335,1,0,0,0,0,0,0,0,0
2.4611111111111112,1,0,0,0,0,0,0,0,0
2.463888888888889,1,0,0,0,0,0,0,0,0
2.466666666666667,1,0,0,0,0,0,0,0,0
2.4694444444444446,1,0,0,0,0,0,0,0,0
2.4722222222222223,1,0,0,0,0,0,0,0,0
2.475,1,0,0,0,0,0,0,0,0
2.477777777777778,1,0,0,0,0,0,0,0,0
2.4805555555555556,1,0,0,0,0,0,0,0,0
2.4833333333333334,1,0,0,0,0,0,0,0,0
2.486111111111111,1,0,0,0,0,0,0,0,0
2.488888888888889,1,0,0,0,0,0,0,0,0
2.4916666666666667,1,0,0,0,0,0,0,0,0
2.4944444444444445,1,0,0,0,0,0,0,0,0
2.4972222222222222,1,0,0,0,0,0,0,0,0
2.5,1,0,1,0,0,0,0,0,0
2.5027777777777778,1,0,1,0,0,0,0,0,0
2.5055555555555555,1,0,1,0,0,0,0,0,0
2.5083333333333333,1,0,1,0,0,0,0,0,0
2.511111111111111,1,0,1,0,0,0,0,0,0
2.513888888888889,1,0,1,0,0,0,0,0,0
2.5166666666666666,1,0,1,0,0,0,0,0,0
2.5194444444444444,1,0,1,0,0,0,0,0,0
2.522222222222222,1,0,1,0,0,0,0,0,0
2.525,1,0,1,0,0,0,0,0,0
2.5277777777777777,1,0,1,0,0,0,0,0,0
2.5305555555555554,1,0,1,0,0,0,0,0,0
2.533333333333333,1,0,1,0,0,0,0,0,0
2.536111111111111,1,0,1,0,0,0,0,0,0
2.5388888888888888,1,0,1,0,0,0,0,0,0
2.5416666666666665,1,0,1,0,0,0,0,0,0
2.5444444444444443,1,0,1,0,0,0,0,0,0
2.547222222222222,1,0,1,0,0,0,0,0,0
2.55,1,0,1,0,0,0,0,0,0
2.5527777777777776,1,0,1,0,0,0,0,0,0
2.5555555555555554,1,0,1,0,0,0,0,0,0
2.558333333333333,1,0,1,0,0,0,0,0,0
2.561111111111111,1,0,1,0,0,0,0,0,0
2.563888888888889,1,0,1,0,0,0,0,0,0
2.566666666666667,1,0,1,0,0,0,0,0,0
2.5694444444444446,1,0,1,0,0,0,0,0,0
2.5722222222222224,1,0,1,0,0,0,0,0,0
2.575,1,0,1,0,0,0,0,0,0
2.577777777777778,1,0,1,0,0,0,0,0,0
2.5805555555555557,1,0,1,0,0,0,0,0,0
2.5833333333333335,1,0,1,0,0,0,0,0,0
2.5861111111111112,1,0,1,0,0,0,0,0,0
2.588888888888889,1,0,1,0,0,0,0,0,0
2.591666666666667,1,0,1,0,0,0,0,0,0
2.5944444444444446,1,0,1,0,0,0,0,0,0
2.5972222222222223,1,0,1,0,0,0,0,0,0
2.6,1,0,1,0,0,0,0,0,0
2.602777777777778,1,0,1,0,0,0,0,0,0
2.6055555555555556,1,0,1,0,0,0,0,0,0
2.6083333333333334,1,0,1,0,0,0,0,0,0
2.611111111111111,1,0,1,0,0,0,0,0,0
2.613888888888889,1,0,1,0,0,0,0,0,0
2.6166666666666667,1,0,1,0,0,0,0,0,0
2.6194444444444445,1,0,1,0,0,0,0,0,0
2.6222222222222222,1,0,1,0,0,0,0,0,0
2.625,1,0,1,0,0,0,0,0,0
2.6277777777777778,1,0,1,0,0,0,0,0,0
2.6305555555555555,1,0,1,0,0,0,0,0,0
2.6333333333333333,1,0,1,0,0,0,0,0,0
2.636111111111111,1,0,1,0,0,0,0,0,0
2.638888888888889,1,0,1,0,0,0,0,0,0
2.6416666666666666,1,0,1,0,0,0,0,0,0
2.6444444444444444,1,0,1,0,0,0,0,0,0
2.647222222222222,1,0,0,0,0,0,0,0,0
2.65,1,0,0,0,0,0,0,0,0
2.6527777777777777,1,0,0,0,0,0,0,0,0
2.6555555555555554,1,0,0,0,0,0,0,0,0
2.658333333333333,1,0,0,0,0,0,0,0,0
2.661111111111111,1,0,0,0,0,0,0,0,0
2.6638888888888888,1,0,0,0,0,0,0,0,0
2.6666666666666665,1,0,0,0,0,0,0,0,0
2.6694444444444443,1,0,0,0,0,0,0,0,0
2.672222222222222,1,0,0,0,0,0,0,0,0
2.675,1,0,0,0,0,0,0,0,0
2.6777777777777776,1,0,0,0,0,0,0,0,0
2.6805555555555554,1,0,0,0,0,0,0,0,0
2.683333333333333,1,0,0,0,0,0,0,0,0
2.686111111111111,1,0,0,0,0,0,0,0,0
2.688888888888889,1,0,0,0,0,0,0,0,0
2.691666666666667,1,0,0,0,0,0,0,0,0
2.6944444444444446,1,0,0,0,0,0,0,0,0
2.6972222222222224,1,0,0,0,0,0,0,0,0
2.7,1,0,0,0,0,0,0,0,0
2.702777777777778,1,0,0,0,0,0,0,0,0
2.7055555555555557,1,0,0,0,0,0,0,0,0
2.7083333333333335,1,0,0,0,0,0,0,0,0
2.7111111111111112,1,0,0,0,0,0,0,0,0
2.713888888888889,1,0,0,0,0,0,0,0,0
2.716666666666667,1,0,0,0,0,0,0,0,0
2.7194444444444446,1,0,0,0,0,0,0,0,0
2.7222222222222223,1,0,0,0,0,0,0,0,0
2.725,1,0,0,0,0,0,0,0,0
2.727777777777778,1,0,0,0,0,0,0,0,0
2.7305555555555556,1,0,0,0,0,0,0,0,0
2.7333333333333334,1,0,0,0,0,0,0,0,0
2.736111111111111,1,0,0,0,0,0,0,0,0
2.738888888888889,1,0,0,0,0,0,0,0,0
2.7416666666666667,1,0,0,0,0,0,0,0,0
2.7444444444444445,1,0,0,0,0,0,0,0,0
2.7472222222222222,1,0,0,0,0,0,0,0,0
2.75,1,0,0,0,0,0,0,0,0
2.7527777777777778,1,0,0,0,0,0,0,0,0
2.7555555555555555,1,0,0,0,0,0,0,0,0
2.7583333333333333,1,0,0,0,0,0,0,0,0
2.761111111111111,1,0,0,0,0,0,0,0,0
2.763888888888889,1,0,0,0,0,0,0,0,0
2.7666666666666666,1,0,0,0,0,0,0,0,0
2.7694444444444444,1,0,0,0,0,0,0,0,0
2.772222222222222,1,0,0,0,0,0,0,0,0
2.775,1,0,0,0,0,0,0,0,0
2.7777777777777777,1,0,0,0,0,0,0,0,0
2.7805555555555554,1,0,0,0,0,0,0,0,0
2.783333333333333,1,0,0,0,0,0,0,0,0
2.786111111111111,1,0,0,0,0,0,0,0,0
2.7888888888888888,1,0,0,0,0,0,0,0,0
2.7916666666666665,1,0,0,0,0,0,0,0,0
2.7944444444444443,1,0,0,0,0,0,0,0,0
2.797222222222222,1,0,0,0,0,0,0,0,0
2.8,1,0,0,0,0,0,0,0,0
2.8027777777777776,1,0,0,0,0,0,0,0,0
2.8055555555555554,1,0,0,0,0,0,0,0,0
2.808333333333333,1,0,0,0,0,0,0,0,0
2.811111111111111,1,0,0,0,0,0,0,0,0
2.813888888888889,1,0,0,0,0,0,0,0,0
2.816666666666667,1,0,0,0,0,0,0,0,0
2.8194444444444446,1,0,0,0,0,0,0,0,0
2.8222222222222224,1,0,0,0,0,0,0,0,0
2.825,1,0,0,0,0,0,0,0,0
2.827777777777778,1,0,0,0,0,0,0,0,0
2.8305555555555557,1,0,0,0,0,0,0,0,0
2.8333333333333335,1,0,0,0,0,0,0,0,0
2.8361111111111112,1,0,0,0,0,0,0,0,0
2.838888888888889,1,0,0,0,0,0,0,0,0
2.841666666666667,1,0,0,0,0,0,0,0,0
2.8444444444444446,1,0,0,0,0,0,0,0,0
2.8472222222222223,1,0,0,0,0,0,0,0,0
2.85,1,0,0,0,0,0,0,0,0
2.852777777777778,1,0,0,0,0,0,0,0,0
2.8555555555555556,1,0,0,0,0,0,0,0,0
2.8583333333333334,1,0,0,0,0,0,0,0,0
2.861111111111111,1,0,0,0,0,0,0,0,0
2.863888888888889,1,0,0,0,0,0,0,0,0
2.8666666666666667,1,0,0,0,0,0,0,0,0
2.8694444444444445,1,0,0,0,0,0,0,0,0
2.8722222222222222,1,0,0,0,0,0,0,0,0
2.875,1,0,0,0,0,0,0,0,0
2.8777777777777778,1,0,0,0,0,0,0,0,0
2.8805555555555555,1,0,0,0,0,0,0,0,0
2.8833333333333333,1,0,0,0,0,0,0,0,0
2.886111111111111,1,0,0,0,0,0,0,0,0
2.888888888888889,1,0,0,0,0,0,0,0,0
2.8916666666666666,1,0,0,0,0,0,0,0,0
2.8944444444444444,1,0,0,0,0,0,0,0,0
2.897222222222222,1,0,0,0,0,0,0,0,0
2.9,1,0,0,0,0,0,0,0,0
2.9027777777777777,1,0,0,0,0,0,0,0,0
2.9055555555555554,1,0,0,0,0,0,0,0,0
2.908333333333333,1,0,0,0,0,0,0,0,0
2.911111111111111,1,0,0,0,0,0,0,0,0
2.9138888888888888,1,0,0,0,0,0,0,0,0
2.9166666666666665,1,0,0,0,0,0,0,0,0
2.9194444444444443,1,0,0,0,0,0,0,0,0
2.922222222222222,1,0,0,0,0,0,0,0,0
2.925,1,0,0,0,0,0,0,0,0
2.9277777777777776,1,0,0,0,0,0,0,0,0
2.9305555555555554,1,0,0,0,0,0,0,0,0
2.933333333333333,1,0,0,0,0,0,0,0,0
2.936111111111111,1,0,0,0,0,0,0,0,0
2.938888888888889,1,0,0,0,0,0,0,0,0
2.941666666666667,1,0,0,0,0,0,0,0,0
2.9444444444444446,1,0,0,0,0,0,0,0,0
2.9472222222222224,1,0,0,0,0,0,0,0,0
2.95,1,0,0,0,0,0,0,0,0
2.952777777777778,1,0,0,0,0,0,0,0,0
2.9555555555555557,1,0,0,0,0,0,0,0,0
2.9583333333333335,1,0,0,0,0,0,0,0,0
2.9611111111111112,1,0,0,0,0,0,0,0,0
2.963888888888889,1,0,0,0,0,0,0,0,0
2.966666666666667,1,0,0,0,0,0,0,0,0
2.9694444444444446,1,0,0,0,0,0,0,0,0
2.9722222222222223,1,0,0,0,0,0,0,0,0
2.975,1,0,0,0,0,0,0,0,0
2.977777777777778,1,0,0,0,0,0,0,0,0
2.9805555555555556,1,0,0,0,0,0,0,0,0
2.9833333333333334,1,0,0,0,0,0,0,0,0
2.986111111111111,1,0,0,0,0,0,0,0,0
2.988888888888889,1,0,0,0,0,0,0,0,0
2.9916666666666667,1,0,0,0,0,0,0,0,0
2.9944444444444445,1,0,0,0,0,0,0,0,0
2.9972222222222222,1,0,0,0,0,0,0,0,0
3.0,1,0,0,0,0,0,0,0,0
3.0027777777777778,1,0,0,0,0,0,0,0,0
3.0055555555555555,1,0,0,0,0,0,0,0,0
3.0083333333333333,1,0,0,0,0,0,0,0,0
3.011111111111111,1,0,0,0,0,0,0,0,0
3.013888888888889,1,0,0,0,0,0,0,0,0
3.0166666666666666,1,0,0,0,0,0,0,0,0
3.0194444444444444,1,0,0,0,0,0,0,0,0
3.022222222222222,1,0,0,0,0,0,0,0,0
3.025,1,0,0,0,0,0,0,0,0
3.0277777777777777,1,0,0,0,0,0,0,0,0
3.0305555555555554,1,0,0,0,0,0,0,0,0
3.033333333333333,1,0,0,0,0,0,0,0,0
3.036111111111111,1,0,0,0,0,0,0,0,0
3.0388888888888888,1,0,0,0,0,0,0,0,0
3.0416666666666665,1,0,0,0,0,0,0,0,0
3.0444444444444443,1,0,0,0,0,0,0,0,0
3.047222222222222,1,0,0,0,0,0,0,0,0
3.05,1,0,0,0,0,0,0,0,0
3.0527777777777776,1,0,0,0,0,0,0,0,0
3.0555555555555554,1,0,0,0,0,0,0,0,0
3.058333333333333,1,0,0,0,0,0,0,0,0
3.061111111111111,1,0,0,0,0,0,0,0,0
3.063888888888889,1,0,0,0,0,0,0,0,0
3.066666666666667,1,0,0,0,0,0,0,0,0
3.0694444444444446,1,0,0,0,0,0,0,0,0
3.0722222222222224,1,0,0,0,0,0,0,0,0
3.075,1,0,0,0,0,0,0,0,0
3.077777777777778,1,0,0,0,0,0,0,0,0
3.0805555555555557,1,0,0,0,0,0,0,0,0
3.0833333333333335,1,0,0,0,0,0,0,0,0
3.0861111111111112,1,0,0,0,0,0,0,0,0
3.088888888888889,1,0,0,0,0,0,0,0,0
3.091666666666667,1,0,0,0,0,0,0,0,0
3.0944444444444446,1,0,0,0,0,0,0,0,0
3.0972222222222223,1,0,0,0,0,0,0,0,0
3.1,1,0,0,0,0,0,0,0,0
3.102777777777778,1,0,0,0,0,0,0,0,0
3.1055555555555556,1,0,0,0,0,0,0,0,0
3.1083333333333334,1,0,0,0,0,0,0,0,0
3.111111111111111,1,0,0,0,0,0,0,0,0
3.113888888888889,1,0,0,0,0,0,0,0,0
3.1166666666666667,1,0,0,0,0,0,0,0,0
3.1194444444444445,1,0,0,0,0,0,0,0,0
3.1222222222222222,1,0,0,0,0,0,0,0,0
3.125,1,0,0,0,0,0,0,0,0
3.1277777777777778,1,0,0,0,0,0,0,0,0
3.1305555555555555,1,0,0,0,0,0,0,0,0
3.1333333333333333,1,0,0,0,0,0,0,0,0
3.136111111111111,1,0,0,0,0,0,0,0,0
3.138888888888889,1,0,0,0,0,0,0,0,0
3.1416666666666666,1,0,0,0,0,0,0,0,0
3.1444444444444444,1,0,0,0,0,0,0,0,0
3.147222222222222,1,0,0,0,0,0,0,0,0
3.15,1,0,0,0,0,0,0,0,0
3.1527777777777777,1,0,0,0,0,0,0,0,0
3.1555555555555554,1,0,0,0,0,0,0,0,0
3.158333333333333,1,0,0,0,0,0,0,0,0
3.161111111111111,1,0,0,0,0,0,0,0,0
3.1638888888888888,1,0,0,0,0,0,0,0,0
3.1666666666666665,1,0,0,0,0,0,0,0,0
3.1694444444444443,1,0,0,0,0,0,0,0,0
3.172222222222222,1,0,0,0,0,0,0,0,0
3.175,1,0,0,0,0,0,0,0,0
3.1777777777777776,1,0,0,0,0,0,0,0,0
3.1805555555555554,1,0,0,0,0,0,0,0,0
3.183333333333333,1,0,0,0,0,0,0,0,0
3.186111111111111,1,0,0,0,0,0,0,0,0
3.188888888888889,1,0,0,0,0,0,0,0,0
3.191666666666667,1,0,0,0,0,0,0,0,0
3.1944444444444446,1,0,0,0,0,0,0,0,0
3.1972222222222224,1,0,0,0,0,0,0,0,0
3.2,1,0,0,0,0,0,0,0,0
3.202777777777778,1,0,0,0,0,0,0,0,0
3.2055555555555557,1,0,0,0,0,0,0,0,0
3.2083333333333335,1,0,0,0,0,0,0,0,0
3.2111111111111112,1,0,0,0,0,0,0,0,0
3.213888888888889,1,0,0,0,0,0,0,0,0
3.216666666666667,1,0,0,0,0,0,0,0,0
3.2194444444444446,1,0,0,0,0,0,0,0,0
3.2222222222222223,1,0,0,0,0,0,0,0,0
3.225,1,0,0,0,0,0,0,0,0
3.227777777777778,1,0,0,0,0,0,0,0,0
3.2305555555555556,1,0,0,0,0,0,0,0,0
3.2333333333333334,1,0,0,0,0,0,0,0,0
3.236111111111111,1,0,0,0,0,0,0,0,0
3.238888888888889,1,0,0,0,0,0,0,0,0
3.2416666666666667,1,0,0,0,0,0,0,0,0
3.2444444444444445,1,0,0,0,0,0,0,0,0
3.2472222222222222,1,0,0,0,0,0,0,0,0
3.25,1,0,0,0,0,0,0,0,0
3.2527777777777778,1,0,0,0,0,0,0,0,0
3.2555555555555555,1,0,0,0,0,0,0,0,0
3.2583333333333333,1,0,0,0,0,0,0,0,0
3.261111111111111,1,0,0,0,0,0,0,0,0
3.263888888888889,1,0,0,0,0,0,0,0,0
3.2666666666666666,1,0,0,0,0,0,0,0,0
3.2694444444444444,1,0,0,0,0,0,0,0,0
3.272222222222222,1,0,0,0,0,0,0,0,0
3.275,1,0,0,0,0,0,0,0,0
3.2777777777777777,1,0,0,0,0,0,0,0,0
3.2805555555555554,1,0,0,0,0,0,0,0,0
3.283333333333333,1,0,0,0,0,0,0,0,0
3.286111111111111,1,0,0,0,0,0,0,0,0
3.2888888888888888,1,0,0,0,0,0,0,0,0
3.2916666666666665,1,0,0,0,0,0,0,0,0
3.2944444444444443,1,0,0,0,0,0,0,0,0
3.297222222222222,1,0,0,0,0,0,0,0,0
3.3,1,0,0,0,0,0,0,0,0
3.3027777777777776,1,0,0,0,0,0,0,0,0
3.3055555555555554,1,0,0,0,0,0,0,0,0
3.308333333333333,1,0,0,0,0,0,0,0,0
3.311111111111111,1,0,0,0,0,0,0,0,0
3.313888888888889,1,0,0,0,0,0,0,0,0
3.316666666666667,1,0,0,0,0,0,0,0,0
3.3194444444444446,1,0,0,0,0,0,0,0,0
3.3222222222222224,1,0,0,0,0,0,0,0,0
3.325,1,0,0,0,0,0,0,0,0
3.327777777777778,1,0,0,0,0,0,0,0,0
3.3305555555555557,1,0,0,0,0,0,0,0,0
3.3333333333333335,1,0,0,0,0,0,0,0,0
3.3361111111111112,1,0,0,0,0,0,0,0,0
3.338888888888889,1,0,0,0,0,0,0,0,0
3.341666666666667,1,0,0,0,0,0,0,0,0
3.3444444444444446,1,0,0,0,0,0,0,0,0
3.3472222222222223,1,0,0,0,0,0,0,0,0
3.35,1,0,0,0,0,0,0,0,0
3.352777777777778,1,0,0,0,0,0,0,0,0
3.3555555555555556,1,0,0,0,0,0,0,0,0
3.3583333333333334,1,0,0,0,0,0,0,0,0
3.361111111111111,1,0,0,0,0,0,0,0,0
3.363888888888889,1,0,0,0,0,0,0,0,0
3.3666666666666667,1,0,0,0,0,0,0,0,0
3.3694444444444445,1,0,0,0,0,0,0,0,0
3.3722222222222222,1,0,0,0,0,0,0,0,0
3.375,1,0,0,0,0,0,0,0,0
3.3777777777777778,1,0,0,0,0,0,0,0,0
3.3805555555555555,1,0,0,0,0,0,0,0,0
3.3833333333333333,1,0,0,0,0,0,0,0,0
3.386111111111111,1,0,1,0,0,0,0,0,0
3.388888888888889,1,0,1,0,0,0,0,0,0
3.3916666666666666,1,0,1,0,0,0,0,0,0
3.3944444444444444,1,0,1,0,0,0,0,0,0
3.397222222222222,1,0,1,0,0,0,0,0,0
3.4,1,0,1,0,0,0,0,0,0
3.4027777777777777,1,0,1,0,0,0,0,0,0
3.4055555555555554,1,0,1,0,0,0,0,0,0
3.408333333333333,1,0,1,0,0,0,0,0,0
3.411111111111111,1,0,1,0,0,0,0,0,0
3.4138888888888888,1,0,1,0,0,0,0,0,0
3.4166666666666665,1,0,1,0,0,0,0,0,0
3.4194444444444443,1,0,1,0,0,0,0,0,0
3.422222222222222,1,0,1,0,0,0,0,0,0
3.425,1,0,1,0,0,0,0,0,0
3.4277777777777776,1,0,1,0,0,0,0,0,0
3.4305555555555554,1,0,1,0,0,0,0,0,0
3.433333333333333,1,0,1,0,0,0,0,0,0
3.436111111111111,1,0,1,0,0,0,0,0,0
3.438888888888889,1,0,1,0,0,0,0,0,0
3.441666666666667,1,0,1,0,0,0,0,0,0
3.4444444444444446,1,0,1,0,0,0,0,0,0
3.4472222222222224,1,0,1,0,0,0,0,0,0
3.45,1,0,1,0,0,0,0,0,0
3.452777777777778,1,0,1,0,0,0,0,0,0
3.4555555555555557,1,0,1,0,0,0,0,0,0
3.4583333333333335,1,0,1,0,0,0,0,0,0
3.4611111111111112,1,0,1,0,0,0,0,0,0
3.463888888888889,1,0,1,0,0,0,0,0,0
3.466666666666667,1,0,1,0,0,0,0,0,0
3.4694444444444446,1,0,1,0,0,0,0,0,0
3.4722222222222223,1,0,1,0,0,0,0,0,0
3.475,1,0,1,0,0,0,0,0,0
3.477777777777778,1,0,1,0,0,0,0,0,0
3.4805555555555556,1,0,1,0,0,0,0,0,0
3.4833333333333334,1,0,1,0,0,0,0,0,0
3.486111111111111,1,0,1,0,0,0,0,0,0
3.488888888888889,1,0,1,0,0,0,0,0,0
3.4916666666666667,1,0,1,0,0,0,0,0,0
3.4944444444444445,1,0,1,0,0,0,0,0,0
3.4972222222222222,1,0,1,0,0,0,0,0,0
3.5,1,0,1,0,0,0,0,0,0
3.5027777777777778,1,0,1,0,0,0,0,0,0
3.5055555555555555,1,0,1,0,0,0,0,0,0
3.5083333333333333,1,0,1,0,0,0,0,0,0
3.511111111111111,1,0,1,0,0,0,0,0,0
3.513888888888889,1,0,1,0,0,0,0,0,0
3.5166666666666666,1,0,1,0,0,0,0,0,0
3.5194444444444444,1,0,1,0,0,0,0,0,0
3.522222222222222,1,0,1,0,0,0,0,0,0
3.525,1,0,1,0,0,0,0,0,0
3.5277777777777777,1,0,1,0,0,0,0,0,0
3.5305555555555554,1,0,1,0,0,0,0,0,0
3.533333333333333,1,0,1,0,0,0,0,0,0
3.536111111111111,1,0,1,0,0,0,0,0,0
3.5388888888888888,1,0,1,0,0,0,0,0,0
3.5416666666666665,1,0,1,0,0,0,0,0,0
3.5444444444444443,1,0,1,0,0,0,0,0,0
3.547222222222222,1,0,0,0,0,0,0,0,0
3.55,1,0,0,0,0,0,0,0,0
3.5527777777777776,1,0,0,0,0,0,0,0,0
3.5555555555555554,1,0,0,0,0,0,0,0,0
3.558333333333333,1,0,0,0,0,0,0,0,0
3.561111111111111,1,0,0,0,0,0,0,0,0
3.563888888888889,1,0,0,0,0,0,0,0,0
3.566666666666667,1,0,0,0,0,0,0,0,0
3.5694444444444446,1,0,0,0,0,0,0,0,0
3.5722222222222224,1,0,0,0,0,0,0,0,0
3.575,1,0,0,0,0,0,0,0,0
3.577777777777778,1,0,0,0,0,0,0,0,0
3.5805555555555557,1,0,0,0,0,0,0,0,0
3.5833333333333335,1,0,0,0,0,0,0,0,0
3.5861111111111112,1,0,0,0,0,0,0,0,0
3.588888888888889,1,0,0,0,0,0,0,0,0
3.591666666666667,1,0,0,0,0,0,0,0,0
3.5944444444444446,1,0,0,0,0,0,0,0,0
3.5972222222222223,1,0,0,0,0,0,0,0,0
3.6,1,0,0,0,0,0,0,0,0
3.602777777777778,1,0,0,0,0,0,0,0,0
3.6055555555555556,1,0,0,0,0,0,0,0,0
3.6083333333333334,1,0,0,0,0,0,0,0,0
3.611111111111111,1,0,0,0,0,0,0,0,0
3.613888888888889,1,0,0,0,0,0,0,0,0
3.6166666666666667,1,0,0,0,0,0,0,0,0
3.6194444444444445,1,0,0,0,0,0,0,0,0
3.6222222222222222,1,0,0,0,0,0,0,0,0
3.625,1,0,0,0,0,0,0,0,0
3.6277777777777778,1,0,0,0,0,0,0,0,0
3.6305555555555555,1,0,0,0,0,0,0,0,0
3.6333333333333333,1,0,0,0,0,0,0,0,0
3.636111111111111,1,0,0,0,0,0,0,0,0
3.638888888888889,1,0,0,0,0,0,0,0,0
3.6416666666666666,1,0,0,0,0,0,0,0,0
3.6444444444444444,1,0,0,0,0,0,0,0,0
3.647222222222222,1,0,0,0,0,0,0,0,0
3.65,1,0,0,0,0,0,0,0,0
3.6527777777777777,1,0,0,0,0,0,0,0,0
3.6555555555555554,1,0,0,0,0,0,0,0,0
3.658333333333333,1,0,0,0,0,0,0,0,0
3.661111111111111,1,0,0,0,0,0,0,0,0
3.6638888888888888,1,0,0,0,0,0,0,0,0
3.6666666666666665,1,0,0,0,0,0,0,0,0
3.6694444444444443,1,0,0,0,0,0,0,0,0
3.672222222222222,1,0,0,0,0,0,0,0,0
3.675,1,0,0,0,0,0,0,0,0
3.6777777777777776,1,0,0,0,0,0,0,0,0
3.6805555555555554,1,0,0,0,0,0,0,0,0
3.683333333333333,1,0,0,0,0,0,0,0,0
3.686111111111111,1,0,0,0,0,0,0,0,0
3.688888888888889,1,0,0,0,0,0,0,0,0
3.691666666666667,1,0,0,0,1,0,0,0,0
3.6944444444444446,1,0,0,0,0,0,0,0,0
3.6972222222222224,1,0,0,0,0,0,0,0,0
3.7,1,0,0,0,0,0,0,0,0
3.702777777777778,1,0,0,0,0,0,0,0,0
3.7055555555555557,1,0,0,0,0,0,0,0,0
3.7083333333333335,1,0,0,0,0,0,0,0,0
3.7111111111111112,1,0,0,0,0,0,0,0,0
3.713888888888889,1,0,0,0,0,0,0,0,0
3.716666666666667,1,0,0,0,0,0,0,0,0
3.7194444444444446,1,0,0,0,0,0,0,0,0
3.7222222222222223,1,0,0,0,0,0,0,0,0
3.725,1,0,0,0,0,0,0,0,0
3.727777777777778,1,0,0,0,0,0,0,0,0
3.7305555555555556,1,0,0,0,0,0,0,0,0
3.7333333333333334,1,0,0,0,0,0,0,0,0
3.736111111111111,1,0,0,0,0,0,0,0,0
3.738888888888889,1,0,0,0,0,0,0,0,0
3.7416666666666667,1,0,0,0,0,0,0,0,0
3.7444444444444445,1,0,0,0,0,0,0,0,0
3.7472222222222222,1,0,0,0,0,0,0,0,0
3.75,1,0,0,0,0,0,0,0,0
3.7527777777777778,1,0,0,0,0,0,0,0,0
3.7555555555555555,1,0,0,0,0,0,0,0,0
3.7583333333333333,1,0,0,0,0,0,0,0,0
3.761111111111111,1,0,0,0,0,0,0,0,0
3.763888888888889,1,0,0,0,0,0,0,0,0
3.7666666666666666,1,0,0,0,0,0,0,0,0
3.7694444444444444,1,0,0,0,0,0,0,0,0
3.772222222222222,1,0,0,0,0,0,0,0,0
3.775,1,0,0,0,0,0,0,0,0
3.7777777777777777,1,0,0,0,0,0,0,0,0
3.7805555555555554,1,0,0,0,0,0,0,0,0
3.783333333333333,1,0,0,0,0,0,0,0,0
3.786111111111111,1,0,0,0,0,0,0,0,0
3.7888888888888888,1,0,0,0,0,0,0,0,0
3.7916666666666665,1,0,0,0,0,0,0,0,0
3.7944444444444443,1,0,0,0,0,0,0,0,0
3.797222222222222,1,0,0,0,0,0,0,0,0
3.8,1,0,0,0,0,0,0,0,0
3.8027777777777776,1,0,0,0,0,0,0,0,0
3.8055555555555554,1,0,0,0,0,0,0,0,0
3.808333333333333,1,0,0,0,0,0,0,0,0
3.811111111111111,1,0,0,0,0,0,0,0,0
3.813888888888889,1,0,0,0,0,0,0,0,0
3.816666666666667,1,0,0,0,0,0,0,0,0
3.8194444444444446,1,0,0,0,0,0,0,0,0
3.8222222222222224,1,0,0,0,0,0,0,0,0
3.825,1,0,0,0,0,0,0,0,0
3.827777777777778,1,0,0,0,0,0,0,0,0
3.8305555555555557,1,0,0,0,0,0,0,0,0
3.8333333333333335,1,0,0,0,0,0,0,0,0
3.8361111111111112,1,0,0,0,0,0,0,0,0
3.838888888888889,1,0,0,0,0,0,0,0,0
3.841666666666667,1,0,0,0,0,0,0,0,0
3.8444444444444446,1,0,0,0,0,0,0,0,0
3.8472222222222223,1,0,0,0,0,0,0,0,0
3.85,1,0,0,0,0,0,0,0,0
3.852777777777778,1,0,0,0,0,0,0,0,0
3.8555555555555556,1,0,0,0,0,0,0,0,0
3.8583333333333334,1,0,0,0,0,0,0,0,0
3.861111111111111,1,0,0,0,0,0,0,0,0
3.863888888888889,1,0,0,0,0,0,0,0,0
3.8666666666666667,1,0,0,0,0,0,0,0,0
3.8694444444444445,1,0,0,0,0,0,0,0,0
3.8722222222222222,1,0,0,0,0,0,0,0,0
3.875,1,0,0,0,0,0,0,0,0
3.8777777777777778,1,0,0,0,0,0,0,0,0
3.8805555555555555,1,0,0,0,0,0,0,0,0
3.8833333333333333,1,0,0,0,0,0,0,0,0
3.886111111111111,1,0,0,0,0,0,0,0,0
3.888888888888889,1,0,0,0,0,0,0,0,0
3.8916666666666666,1,0,0,0,0,0,0,0,0
3.8944444444444444,1,0,0,0,0,0,0,0,0
3.897222222222222,1,0,0,0,0,0,0,0,0
3.9,1,0,0,0,0,0,0,0,0
3.9027777777777777,1,0,0,0,0,0,0,0,0
3.9055555555555554,1,0,0,0,0,0,0,0,0
3.908333333333333,1,0,0,0,0,0,0,0,0
3.911111111111111,1,0,0,0,0,0,0,0,0
3.9138888888888888,1,0,0,0,0,0,0,0,0
3.9166666666666665,1,0,0,0,0,0,0,0,0
3.9194444444444443,1,0,0,0,0,0,0,0,0
3.922222222222222,1,0,0,0,0,0,0,0,0
3.925,1,0,0,0,0,0,0,0,0
3.9277777777777776,1,0,0,0,0,0,0,0,0
3.9305555555555554,1,0,0,0,0,0,0,0,0
3.933333333333333,1,0,0,0,0,0,0,0,0
3.936111111111111,1,0,0,0,0,0,0,0,0
3.938888888888889,1,0,0,0,0,0,0,0,0
3.941666666666667,1,0,0,0,0,0,0,0,0
3.9444444444444446,1,0,0,0,0,0,0,0,0
3.9472222222222224,1,0,0,0,0,0,0,0,0
3.95,1,0,0,0,0,0,0,0,0
3.952777777777778,1,0,0,0,0,0,0,0,0
3.9555555555555557,1,0,0,0,0,0,0,0,0
3.9583333333333335,1,0,0,0,0,0,0,0,0
3.9611111111111112,1,0,0,0,0,0,0,0,0
3.963888888888889,1,0,0,0,0,0,0,0,0
3.966666666666667,1,0,0,0,0,0,0,0,0
3.9694444444444446,1,0,0,0,0,0,0,0,0
3.9722222222222223,1,0,0,0,0,0,0,0,0
3.975,1,0,0,0,0,0,0,0,0
3.977777777777778,1,0,0,0,0,0,0,0,0
3.9805555555555556,1,0,0,0,0,0,0,0,0
3.9833333333333334,1,0,0,0,0,0,0,0,0
3.986111111111111,1,0,0,0,0,0,0,0,0
3.988888888888889,1,0,0,0,0,0,0,0,0
3.9916666666666667,1,0,0,0,0,0,0,0,0
3.9944444444444445,1,0,0,0,0,0,0,0,0
3.9972222222222222,1,0,0,0,0,0,0,0,0
4.0,1,0,1,0,0,0,0,0,0
4.002777777777778,1,0,1,0,0,0,0,0,0
4.0055555555555555,1,0,1,0,0,0,0,0,0
4.008333333333334,1,0,1,0,0,0,0,0,0
4.011111111111111,1,0,1,0,0,0,0,0,0
4.013888888888889,1,0,1,0,0,0,0,0,0
4.016666666666667,1,0,1,0,0,0,0,0,0
4.019444444444445,1,0,1,0,0,0,0,0,0
4.022222222222222,1,0,1,0,0,0,0,0,0
4.025,1,0,1,0,0,0,0,0,0
4.027777777777778,1,0,1,0,0,0,0,0,0
4.030555555555556,1,0,1,0,0,0,0,0,0
4.033333333333333,1,0,1,0,0,0,0,0,0
4.036111111111111,1,0,1,0,0,0,0,0,0
4.038888888888889,1,0,1,0,0,0,0,0,0
4.041666666666667,1,0,1,0,0,0,0,0,0
4.044444444444444,1,0,1,0,0,0,0,0,0
4.0472222222222225,1,0,1,0,0,0,0,0,0
4.05,1,0,1,0,0,0,0,0,0
4.052777777777778,1,0,1,0,0,0,0,0,0
4.055555555555555,1,0,1,0,0,0,0,0,0
4.058333333333334,1,0,1,0,0,0,0,0,0
4.061111111111111,1,0,1,0,0,0,0,0,0
4.063888888888889,1,0,1,0,0,0,0,0,0
4.066666666666666,1,0,1,0,0,0,0,0,0
4.069444444444445,1,0,1,0,0,0,0,0,0
4.072222222222222,1,0,1,0,0,0,0,0,0
4.075,1,0,1,0,0,0,0,0,0
4.0777777777777775,1,0,1,0,0,0,0,0,0
4.080555555555556,1,0,1,0,0,0,0,0,0
4.083333333333333,1,0,1,0,0,0,0,0,0
4.086111111111111,1,0,1,0,0,0,0,0,0
4.088888888888889,1,0,1,0,0,0,0,0,0
4.091666666666667,1,0,1,0,0,0,0,0,0
4.094444444444444,1,0,1,0,0,0,0,0,0
4.097222222222222,1,0,1,0,0,0,0,0,0
4.1,1,0,1,0,0,0,0,0,0
4.102777777777778,1,0,1,0,0,0,0,0,0
4.105555555555555,1,0,1,0,0,0,0,0,0
4.108333333333333,1,0,1,0,0,0,0,0,0
4.111111111111111,1,0,1,0,0,0,0,0,0
4.113888888888889,1,0,1,0,0,0,0,0,0
4.116666666666666,1,0,1,0,0,0,0,0,0
4.1194444444444445,1,0,1,0,0,0,0,0,0
4.122222222222222,1,0,1,0,0,0,0,0,0
4.125,1,0,1,0,0,0,0,0,0
4.127777777777778,1,0,1,0,0,0,0,0,0
4.1305555555555555,1,0,1,0,0,0,0,0,0
4.133333333333334,1,0,1,0,0,0,0,0,0
4.136111111111111,1,0,1,0,0,0,0,0,0
4.138888888888889,1,0,1,0,0,0,0,0,0
4.141666666666667,1,0,1,0,0,0,0,0,0
4.144444444444445,1,0,0,0,0,0,0,0,0
4.147222222222222,1,0,0,0,0,0,0,0,0
4.15,1,0,0,0,0,0,0,0,0
4.152777777777778,1,0,0,0,0,0,0,0,0
4.155555555555556,1,0,0,0,0,0,0,0,0
4.158333333333333,1,0,0,0,0,0,0,0,0
4.161111111111111,1,0,0,0,0,0,0,0,0
4.163888888888889,1,0,0,0,0,0,0,0,0
4.166666666666667,1,0,0,0,0,0,0,0,0
4.169444444444444,1,0,0,0,0,0,0,0,0
4.1722222222222225,1,0,0,0,0,0,0,0,0
4.175,1,0,0,0,0,0,0,0,0
4.177777777777778,1,0,0,0,0,0,0,0,0
4.180555555555555,1,0,0,0,0,0,0,0,0
4.183333333333334,1,0,0,0,0,0,0,0,0
4.186111111111111,1,0,0,0,0,0,0,0,0
4.188888888888889,1,0,0,0,0,0,0,0,0
4.191666666666666,1,0,0,0,0,0,0,0,0
4.194444444444445,1,0,0,0,0,0,0,0,0
4.197222222222222,1,0,0,0,0,0,0,0,0
4.2,1,0,0,0,0,0,0,0,0
4.2027777777777775,1,0,0,0,0,0,0,0,0
4.205555555555556,1,0,0,0,0,0,0,0,0
4.208333333333333,1,0,0,0,0,0,0,0,0
4.211111111111111,1,0,0,0,0,0,0,0,0
4.213888888888889,1,0,0,0,0,0,0,0,0
4.216666666666667,1,0,0,0,0,0,0,0,0
4.219444444444444,1,0,0,0,0,0,0,0,0
4.222222222222222,1,0,0,0,0,0,0,0,0
4.225,1,0,0,0,0,0,0,0,0
4.227777777777778,1,0,0,0,0,0,0,0,0
4.230555555555555,1,0,0,0,0,0,0,0,0
4.233333333333333,1,0,0,0,0,0,0,0,0
4.236111111111111,1,0,0,0,0,0,0,0,0
4.238888888888889,1,0,0,0,0,0,0,0,0
4.241666666666666,1,0,0,0,0,0,0,0,0
4.2444444444444445,1,0,0,0,0,0,0,0,0
4.247222222222222,1,0,0,0,0,0,0,0,0
4.25,1,0,0,0,0,0,0,0,0
4.252777777777778,1,0,0,0,0,0,0,0,0
4.2555555555555555,1,0,0,0,0,0,0,0,0
4.258333333333334,1,0,0,0,0,0,0,0,0
4.261111111111111,1,0,0,0,0,0,0,0,0
4.263888888888889,1,0,0,0,0,0,0,0,0
4.266666666666667,1,0,0,0,0,0,0,0,0
4.269444444444445,1,0,0,0,0,0,0,0,0
4.272222222222222,1,0,0,0,0,0,0,0,0
4.275,1,0,0,0,0,0,0,0,0
4.277777777777778,1,0,0,0,1,0,0,0,0
4.280555555555556,1,0,0,0,0,0,0,0,0
4.283333333333333,1,0,0,0,0,0,0,0,0
4.286111111111111,1,0,0,0,0,0,0,0,0
4.288888888888889,1,0,0,0,0,0,0,0,0
4.291666666666667,1,0,0,0,0,0,0,0,0
4.294444444444444,1,0,0,0,0,0,0,0,0
4.2972222222222225,1,0,0,0,0,0,0,0,0
4.3,1,0,0,0,0,0,0,0,0
4.302777777777778,1,0,0,0,0,0,0,0,0
4.305555555555555,1,0,0,0,0,0,0,0,0
4.308333333333334,1,0,0,0,0,0,0,0,0
4.311111111111111,1,0,0,0,0,0,0,0,0
4.313888888888889,1,0,0,0,0,0,0,0,0
4.316666666666666,1,0,0,0,0,0,0,0,0
4.319444444444445,1,0,0,0,0,0,0,0,0
4.322222222222222,1,0,0,0,0,0,0,0,0
4.325,1,0,0,0,0,0,0,0,0
4.3277777777777775,1,0,0,0,0,0,0,0,0
4.330555555555556,1,0,0,0,0,0,0,0,0
4.333333333333333,1,0,0,0,0,0,0,0,0
4.336111111111111,1,0,0,0,0,0,0,0,0
4.338888888888889,1,0,0,0,0,0,0,0,0
4.341666666666667,1,0,0,0,1,0,0,0,0
4.344444444444444,1,0,0,0,0,0,0,0,0
4.347222222222222,1,0,0,0,0,0,0,0,0
4.35,1,0,0,0,0,0,0,0,0
4.352777777777778,1,0,0,0,0,0,0,0,0
4.355555555555555,1,0,0,0,0,0,0,0,0
4.358333333333333,1,0,0,0,0,0,0,0,0
4.361111111111111,1,0,0,0,0,0,0,0,0
4.363888888888889,1,0,0,0,0,0,0,0,0
4.366666666666666,1,0,0,0,0,0,0,0,0
4.3694444444444445,1,0,0,0,0,0,0,0,0
4.372222222222222,1,0,0,0,0,0,0,0,0
4.375,1,0,0,0,0,0,0,0,0
4.377777777777778,1,0,0,0,0,0,0,0,0
4.3805555555555555,1,0,0,0,0,0,0,0,0
4.383333333333334,1,0,0,0,0,0,0,0,0
4.386111111111111,1,0,0,0,1,0,0,0,0
4.388888888888889,1,0,0,0,0,0,0,0,0
4.391666666666667,1,0,0,0,0,0,0,0,0
4.394444444444445,1,0,0,0,0,0,0,0,0
4.397222222222222,1,0,0,0,0,0,0,0,0
4.4,1,0,0,0,0,0,0,0,0
4.402777777777778,1,0,0,0,0,0,0,0,0
4.405555555555556,1,0,0,0,0,0,0,0,0
4.408333333333333,1,0,0,0,0,0,0,0,0
4.411111111111111,1,0,0,0,0,0,0,0,0
4.413888888888889,1,0,0,0,0,0,0,0,0
4.416666666666667,1,0,0,0,0,0,0,0,0
4.419444444444444,1,0,0,0,0,0,0,0,0
4.4222222222222225,1,0,0,0,0,0,0,0,0
4.425,1,0,0,0,0,0,0,0,0
4.427777777777778,1,0,0,0,0,0,0,0,0
4.430555555555555,1,0,0,0,0,0,0,0,0
4.433333333333334,1,0,0,0,0,0,0,0,0
4.436111111111111,1,0,0,0,0,0,0,0,0
4.438888888888889,1,0,0,0,0,0,0,0,0
4.441666666666666,1,0,0,0,0,0,0,0,0
4.444444444444445,1,0,0,0,0,0,0,0,0
4.447222222222222,1,0,0,0,0,0,0,0,0
4.45,1,0,0,0,0,0,0,0,0
4.4527777777777775,1,0,0,0,0,0,0,0,0
4.455555555555556,1,0,0,0,0,0,0,0,0
4.458333333333333,1,0,0,0,0,0,0,0,0
4.461111111111111,1,0,0,0,0,0,0,0,0
4.463888888888889,1,0,0,0,0,0,0,0,0
4.466666666666667,1,0,0,0,0,0,0,0,0
4.469444444444444,1,0,0,0,0,0,0,0,0
4.472222222222222,1,0,0,0,0,0,0,0,0
4.475,1,0,0,0,0,0,0,0,0
4.477777777777778,1,0,0,0,0,0,0,0,0
4.480555555555555,1,0,0,0,0,0,0,0,0
4.483333333333333,1,0,0,0,0,0,0,0,0
4.486111111111111,1,0,0,0,0,0,0,0,0
4.488888888888889,1,0,0,0,0,0,0,0,0
4.491666666666666,1,0,0,0,0,0,0,0,0
4.4944444444444445,1,0,0,0,0,0,0,0,0
4.497222222222222,1,0,0,0,0,0,0,0,0
4.5,1,0,0,0,0,0,0,0,0
4.502777777777778,1,0,0,0,0,0,0,0,0
4.5055555555555555,1,0,0,0,0,0,0,0,0
4.508333333333334,1,0,0,0,0,0,0,0,0
4.511111111111111,1,0,0,0,0,0,0,0,0
4.513888888888889,1,0,0,0,0,0,0,0,0
4.516666666666667,1,0,0,0,0,0,0,0,0
4.519444444444445,1,0,0,0,0,0,0,0,0
4.522222222222222,1,0,0,0,0,0,0,0,0
4.525,1,0,0,0,0,0,0,0,0
4.527777777777778,1,0,0,0,0,0,0,0,0
4.530555555555556,1,0,0,0,0,0,0,0,0
4.533333333333333,1,0,0,0,0,0,0,0,0
4.536111111111111,1,0,0,0,0,0,0,0,0
4.538888888888889,1,0,0,0,0,0,0,0,0
4.541666666666667,1,0,0,0,0,0,0,0,0
4.544444444444444,1,0,0,0,0,0,0,0,0
4.5472222222222225,1,0,0,0,0,0,0,0,0
4.55,1,0,0,0,0,0,0,0,0
4.552777777777778,1,0,0,0,0,0,0,0,0
4.555555555555555,1,0,0,0,0,0,0,0,0
4.558333333333334,1,0,0,0,0,0,0,0,0
4.561111111111111,1,0,0,0,0,0,0,0,0
4.563888888888889,1,0,0,0,0,0,0,0,0
4.566666666666666,1,0,0,0,0,0,0,0,0
4.569444444444445,1,0,0,0,0,0,0,0,0
4.572222222222222,1,0,0,0,0,0,0,0,0
4.575,1,0,0,0,0,0,0,0,0
4.5777777777777775,1,0,0,0,0,0,0,0,0
4.580555555555556,1,0,0,0,0,0,0,0,0
4.583333333333333,1,0,0,0,0,0,0,0,0
4.586111111111111,1,0,0,0,0,0,0,0,0
4.588888888888889,1,0,0,0,0,0,0,0,0
4.591666666666667,1,0,0,0,0,0,0,0,0
4.594444444444444,1,0,0,0,0,0,0,0,0
4.597222222222222,1,0,0,0,0,0,0,0,0
4.6,1,0,0,0,0,0,0,0,0
4.602777777777778,1,0,0,0,0,0,0,0,0
4.605555555555555,1,0,0,0,0,0,0,0,0
4.608333333333333,1,0,0,0,0,0,0,0,0
4.611111111111111,1,0,0,0,0,0,0,0,0
4.613888888888889,1,0,0,0,0,0,0,0,0
4.616666666666666,1,0,0,0,0,0,0,0,0
4.6194444444444445,1,0,0,0,0,0,0,0,0
4.622222222222222,1,0,0,0,0,0,0,0,0
4.625,1,0,0,0,0,0,0,0,0
4.627777777777778,1,0,0,0,0,0,0,0,0
4.6305555555555555,1,0,0,0,0,0,0,0,0
4.633333333333334,1,0,0,0,0,0,0,0,0
4.636111111111111,1,0,0,0,0,0,0,0,0
4.638888888888889,1,0,0,0,0,0,0,0,0
4.641666666666667,1,0,0,0,0,0,0,0,0
4.644444444444445,1,0,0,0,0,0,0,0,0
4.647222222222222,1,0,0,0,0,0,0,0,0
4.65,1,0,0,0,0,0,0,0,0
4.652777777777778,1,0,0,0,0,0,0,0,0
4.655555555555556,1,0,0,0,0,0,0,0,0
4.658333333333333,1,0,0,0,0,0,0,0,0
4.661111111111111,1,0,0,0,0,0,0,0,0
4.663888888888889,1,0,0,0,0,0,0,0,0
4.666666666666667,1,0,0,0,0,0,0,0,0
4.669444444444444,1,0,0,0,0,0,0,0,0
4.6722222222222225,1,0,0,0,0,0,0,0,0
4.675,1,0,0,0,0,0,0,0,0
4.677777777777778,1,0,0,0,0,0,0,0,0
4.680555555555555,1,0,0,0,0,0,0,0,0
4.683333333333334,1,0,0,0,0,0,0,0,0
4.686111111111111,1,0,0,0,0,0,0,0,0
4.688888888888889,1,0,0,0,0,0,0,0,0
4.691666666666666,1,0,0,0,0,0,0,0,0
4.694444444444445,1,0,0,0,0,0,0,0,0
4.697222222222222,1,0,0,0,0,0,0,0,0
4.7,1,0,0,0,0,0,0,0,0
4.7027777777777775,1,0,0,0,0,0,0,0,0
4.705555555555556,1,0,0,0,0,0,0,0,0
4.708333333333333,1,0,0,0,1,0,0,0,0
4.711111111111111,1,0,0,0,0,0,0,0,0
4.713888888888889,1,0,0,0,0,0,0,0,0
4.716666666666667,1,0,0,0,0,0,0,0,0
4.719444444444444,1,0,0,0,0,0,0,0,0
4.722222222222222,1,0,0,0,0,0,0,0,0
4.725,1,0,0,0,0,0,0,0,0
4.727777777777778,1,0,0,0,0,0,0,0,0
4.730555555555555,1,0,0,0,0,0,0,0,0
4.733333333333333,1,0,0,0,0,0,0,0,0
4.736111111111111,1,0,0,0,0,0,0,0,0
4.738888888888889,1,0,0,0,0,0,0,0,0
4.741666666666666,1,0,0,0,0,0,0,0,0
4.7444444444444445,1,0,0,0,0,0,0,0,0
4.747222222222222,1,0,0,0,0,0,0,0,0
4.75,1,0,0,0,0,0,0,0,0
4.752777777777778,1,0,0,0,0,0,0,0,0
4.7555555555555555,1,0,0,0,0,0,0,0,0
4.758333333333334,1,0,0,0,0,0,0,0,0
4.761111111111111,1,0,0,0,0,0,0,0,0
4.763888888888889,1,0,0,0,0,0,0,0,0
4.766666666666667,1,0,0,0,0,0,0,0,0
4.769444444444445,1,0,0,0,0,0,0,0,0
4.772222222222222,1,0,1,0,0,0,0,0,0
4.775,1,0,1,0,0,0,0,0,0
4.777777777777778,1,0,1,0,0,0,0,0,0
4.780555555555556,1,0,1,0,0,0,0,0,0
4.783333333333333,1,0,1,0,0,0,0,0,0
4.786111111111111,1,0,1,0,0,0,0,0,0
4.788888888888889,1,0,1,0,0,0,0,0,0
4.791666666666667,1,0,1,0,0,0,0,0,0
4.794444444444444,1,0,1,0,0,0,0,0,0
4.7972222222222225,1,0,1,0,0,0,0,0,0
4.8,1,0,1,0,0,0,0,0,0
4.802777777777778,1,0,1,0,0,0,0,0,0
4.805555555555555,1,0,1,0,1,0,0,0,0
4.808333333333334,1,0,1,0,0,0,0,0,0
4.811111111111111,1,0,1,0,0,0,0,0,0
4.813888888888889,1,0,1,0,0,0,0,0,0
4.816666666666666,1,0,1,0,0,0,0,0,0
4.819444444444445,1,0,1,0,0,0,0,0,0
4.822222222222222,1,0,1,0,0,0,0,0,0
4.825,1,0,1,0,0,0,0,0,0
4.8277777777777775,1,0,1,0,0,0,0,0,0
4.830555555555556,1,0,1,0,0,0,0,0,0
4.833333333333333,1,0,1,0,0,0,0,0,0
4.836111111111111,1,0,1,0,0,0,0,0,0
4.838888888888889,1,0,1,0,0,0,0,0,0
4.841666666666667,1,0,1,0,0,0,0,0,0
4.844444444444444,1,0,1,0,0,0,0,0,0
4.847222222222222,1,0,1,0,0,0,0,0,0
4.85,1,0,1,0,0,0,0,0,0
4.852777777777778,1,0,1,0,0,0,0,0,0
4.855555555555555,1,0,1,0,1,0,0,0,0
4.858333333333333,1,0,1,0,0,0,0,0,0
4.861111111111111,1,0,1,0,0,0,0,0,0
4.863888888888889,1,0,1,0,0,0,0,0,0
4.866666666666666,1,0,1,0,0,0,0,0,0
4.8694444444444445,1,0,1,0,0,0,0,0,0
4.872222222222222,1,0,1,0,0,0,0,0,0
4.875,1,0,1,0,0,0,0,0,0
4.877777777777778,1,0,1,0,0,0,0,0,0
4.8805555555555555,1,0,1,0,0,0,0,0,0
4.883333333333334,1,0,1,0,0,0,0,0,0
4.886111111111111,1,0,1,0,0,0,0,0,0
4.888888888888889,1,0,1,0,0,0,0,0,0
4.891666666666667,1,0,1,0,0,0,0,0,0
4.894444444444445,1,0,1,0,0,1,0,0,0
4.897222222222222,1,0,1,0,0,1,0,0,0
4.9,1,0,1,0,0,1,0,0,0
4.902777777777778,1,0,1,0,0,1,0,0,0
4.905555555555556,1,0,1,0,0,1,0,0,0
4.908333333333333,1,0,1,0,0,1,0,0,0
4.911111111111111,1,0,1,0,0,1,0,0,0
4.913888888888889,1,0,1,0,0,1,0,0,0
4.916666666666667,1,0,1,0,0,1,0,0,0
4.919444444444444,1,0,1,0,0,1,0,0,0
4.9222222222222225,1,0,1,0,0,1,0,0,0
4.925,1,0,1,0,0,1,0,0,0
4.927777777777778,1,0,1,0,0,1,0,0,0
4.930555555555555,1,0,1,0,0,1,0,0,0
4.933333333333334,1,0,1,0,0,1,0,0,0
4.936111111111111,1,0,1,0,0,1,0,0,0
4.938888888888889,1,0,1,0,0,1,0,0,0
4.941666666666666,1,0,1,0,0,1,0,0,0
4.944444444444445,1,0,1,0,0,1,0,0,0
4.947222222222222,1,0,1,0,0,1,0,0,0
4.95,1,0,1,0,0,1,0,0,0
4.9527777777777775,1,0,1,0,0,1,0,0,0
4.955555555555556,1,0,1,0,0,1,0,0,0
4.958333333333333,1,0,1,0,0,1,0,0,0
4.961111111111111,1,0,1,0,0,1,0,0,0
4.963888888888889,1,0,1,0,0,1,0,0,0
4.966666666666667,1,0,1,0,0,1,0,0,0
4.969444444444444,1,0,1,0,0,1,0,0,0
4.972222222222222,1,0,1,0,0,0,0,0,0
4.975,1,0,0,0,0,1,0,0,0
4.977777777777778,1,0,0,0,0,1,0,0,0
4.980555555555555,1,0,0,0,0,1,0,0,0
4.983333333333333,1,0,0,0,0,1,0,0,0
4.986111111111111,1,0,0,0,0,1,0,0,0
4.988888888888889,1,0,0,0,0,1,0,0,0
4.991666666666666,1,0,0,0,0,1,0,0,0
4.9944444444444445,1,0,0,0,0,1,0,0,0
4.997222222222222,1,0,0,0,0,1,0,0,0
5.0,1,0,0,0,0,1,0,0,0
5.002777777777778,1,0,0,0,0,1,0,0,0
5.0055555555555555,1,0,0,0,0,1,0,0,0
5.008333333333334,1,0,0,0,0,1,0,0,0
5.011111111111111,1,0,0,0,0,1,0,0,0
5.013888888888889,1,0,0,0,0,1,0,0,0
5.016666666666667,1,0,0,0,0,1,0,0,0
5.019444444444445,1,0,0,0,0,1,0,0,0
5.022222222222222,1,0,0,0,0,1,0,0,0
5.025,1,0,0,0,0,1,0,0,0
5.027777777777778,1,0,0,0,0,1,0,0,0
5.030555555555556,1,0,0,0,0,1,0,0,0
5.033333333333333,1,0,0,0,0,1,0,0,0
5.036111111111111,1,0,0,0,0,1,0,0,0
5.038888888888889,1,0,0,0,0,1,0,0,0
5.041666666666667,1,0,0,0,0,1,0,0,0
5.044444444444444,1,0,0,0,0,1,0,0,0
5.0472222222222225,1,0,0,0,0,1,0,0,0
5.05,1,0,0,0,0,1,0,0,0
5.052777777777778,1,0,0,0,0,1,0,0,0
5.055555555555555,1,0,0,0,0,1,0,0,0
5.058333333333334,1,0,0,0,0,1,0,0,0
5.061111111111111,1,0,0,0,0,1,0,0,0
5.063888888888889,1,0,0,0,0,1,0,0,0
5.066666666666666,1,0,0,0,0,1,0,0,0
5.069444444444445,1,0,0,0,0,1,0,0,0
5.072222222222222,1,0,0,0,0,1,0,0,0
5.075,1,0,0,0,0,1,0,0,0
5.0777777777777775,1,0,0,0,0,1,0,0,0
5.080555555555556,1,0,0,0,0,1,0,0,0
5.083333333333333,1,0,0,0,0,1,0,0,0
5.086111111111111,1,0,0,0,0,1,0,0,0
5.088888888888889,1,0,0,0,0,1,0,0,0
5.091666666666667,1,0,0,0,0,1,0,0,0
5.094444444444444,1,0,0,0,0,1,0,0,0
5.097222222222222,1,0,0,0,0,1,0,0,0
5.1,1,0,0,0,0,1,0,0,0
5.102777777777778,1,0,0,0,0,1,0,0,0
5.105555555555555,1,0,0,0,0,1,0,0,0
5.108333333333333,1,0,0,0,0,1,0,0,0
5.111111111111111,1,0,0,0,0,1,0,0,0
5.113888888888889,1,0,0,0,0,1,0,0,0
5.116666666666666,1,0,0,0,0,1,0,0,0
5.1194444444444445,1,0,0,0,0,1,0,0,0
5.122222222222222,1,0,0,0,0,1,0,0,0
5.125,1,0,0,0,0,1,0,0,0
5.127777777777778,1,0,0,0,0,1,0,0,0
5.1305555555555555,1,0,0,0,0,1,0,0,0
5.133333333333334,1,0,0,0,0,1,0,0,0
5.136111111111111,1,0,0,0,0,1,0,0,0
5.138888888888889,1,0,0,0,0,1,0,0,0
5.141666666666667,1,0,0,0,0,1,0,0,0
5.144444444444445,1,0,0,0,0,1,0,0,0
5.147222222222222,1,0,0,0,0,1,0,0,0
5.15,1,0,0,0,0,1,0,0,0
5.152777777777778,1,0,0,0,0,1,0,0,0
5.155555555555556,1,0,0,0,0,1,0,0,0
5.158333333333333,1,0,0,0,0,1,0,0,0
5.161111111111111,1,0,0,0,0,1,0,0,0
5.163888888888889,1,0,0,0,0,1,0,0,0
5.166666666666667,1,0,0,0,0,1,0,0,0
5.169444444444444,1,0,0,0,0,1,0,0,0
5.1722222222222225,1,0,0,0,0,1,0,0,0
5.175,1,0,0,0,0,1,0,0,0
5.177777777777778,1,0,0,0,0,1,0,0,0
5.180555555555555,1,0,0,0,0,1,0,0,0
5.183333333333334,1,0,0,0,0,1,0,0,0
5.186111111111111,1,0,0,0,0,1,0,0,0
5.188888888888889,1,0,0,0,0,1,0,0,0
5.191666666666666,1,0,0,0,0,1,0,0,0
5.194444444444445,1,0,0,0,0,1,0,0,0
5.197222222222222,1,0,0,0,0,1,0,0,0
5.2,1,0,0,0,0,1,0,0,0
5.2027777777777775,1,0,0,0,0,1,0,0,0
5.205555555555556,1,0,0,0,0,1,0,0,0
5.208333333333333,1,0,0,0,0,1,0,0,0
5.211111111111111,1,0,0,0,0,1,0,0,0
5.213888888888889,1,0,0,0,0,1,0,0,0
5.216666666666667,1,0,0,0,0,1,0,0,0
5.219444444444444,1,0,0,0,0,1,0,0,0
5.222222222222222,1,0,0,0,0,1,0,0,0
5.225,1,0,0,0,0,1,0,0,0
5.227777777777778,1,0,0,0,0,1,0,0,0
5.230555555555555,1,0,0,0,0,1,0,0,0
5.233333333333333,1,0,0,0,0,1,0,0,0
5.236111111111111,1,0,0,0,0,1,0,0,0
5.238888888888889,1,0,0,0,0,1,0,0,0
5.241666666666666,1,0,0,0,0,1,0,0,0
5.2444444444444445,1,0,0,0,0,1,0,0,0
5.247222222222222,1,0,0,0,0,1,0,0,0
5.25,1,0,0,0,0,1,0,0,0
5.252777777777778,1,0,0,0,0,1,0,0,0
5.2555555555555555,1,0,0,0,0,1,0,0,0
5.258333333333334,1,0,0,0,0,1,0,0,0
5.261111111111111,1,0,0,0,0,1,0,0,0
5.263888888888889,1,0,0,0,0,1,0,0,0
5.266666666666667,1,0,0,0,0,1,0,0,0
5.269444444444445,1,0,0,0,0,1,0,0,0
5.272222222222222,1,0,0,0,0,1,0,0,0
5.275,1,0,0,0,0,1,0,0,0
5.277777777777778,1,0,0,0,0,1,0,0,0
5.280555555555556,1,0,0,0,0,1,0,0,0
5.283333333333333,1,0,0,0,0,1,0,0,0
5.286111111111111,1,0,0,0,0,1,0,0,0
5.288888888888889,1,0,0,0,0,1,0,0,0
5.291666666666667,1,0,0,0,0,1,0,0,0
5.294444444444444,1,0,0,0,0,1,0,0,0
5.2972222222222225,1,0,0,0,0,1,0,0,0
5.3,1,0,0,0,0,1,0,0,0
5.302777777777778,1,0,0,0,0,1,0,0,0
5.305555555555555,1,0,0,0,0,1,0,0,0
5.308333333333334,1,0,0,0,0,1,0,0,0
5.311111111111111,1,0,0,0,0,1,0,0,0
5.313888888888889,1,0,0,0,0,1,0,0,0
5.316666666666666,1,0,0,0,0,1,0,0,0
5.319444444444445,1,0,0,0,1,1,0,0,0
5.322222222222222,1,0,0,0,0,1,0,0,0
5.325,1,0,0,0,0,1,0,0,0
5.3277777777777775,1,0,0,0,0,1,0,0,0
5.330555555555556,1,0,0,0,1,1,0,0,0
5.333333333333333,1,0,0,0,1,1,0,0,0
5.336111111111111,1,0,0,0,0,1,0,0,0
5.338888888888889,1,0,0,0,0,1,0,0,0
5.341666666666667,1,0,0,0,0,1,0,0,0
5.344444444444444,1,0,0,0,0,1,0,0,0
5.347222222222222,1,0,0,0,1,1,0,0,0
5.35,1,0,0,0,0,1,0,0,0
5.352777777777778,1,0,0,0,0,1,0,0,0
5.355555555555555,1,0,0,0,0,1,0,0,0
5.358333333333333,1,0,0,0,1,1,0,0,0
5.361111111111111,1,0,0,0,0,1,0,0,0
5.363888888888889,1,0,0,0,0,1,0,0,0
5.366666666666666,1,0,0,0,0,1,0,0,0
5.3694444444444445,1,0,0,0,1,1,0,0,0
5.372222222222222,1,0,0,0,0,1,0,0,0
5.375,1,0,0,0,0,1,0,0,0
5.377777777777778,1,0,0,0,0,1,0,0,0
5.3805555555555555,1,0,0,0,0,1,0,0,0
5.383333333333334,1,0,0,0,0,1,0,0,0
5.386111111111111,1,0,0,0,0,1,0,0,0
5.388888888888889,1,0,0,0,0,1,0,0,0
5.391666666666667,1,0,0,0,0,1,0,0,0
5.394444444444445,1,0,0,0,0,1,0,0,0
5.397222222222222,1,0,0,0,0,1,0,0,0
5.4,1,0,0,0,0,1,0,0,0
5.402777777777778,1,0,0,0,0,1,0,0,0
5.405555555555556,1,0,0,0,0,1,0,0,0
5.408333333333333,1,0,0,0,0,1,0,0,0
5.411111111111111,1,0,0,0,0,1,0,0,0
5.413888888888889,1,0,0,0,0,1,0,0,0
5.416666666666667,1,0,0,0,0,1,0,0,0
5.419444444444444,1,0,0,0,0,1,0,0,0
5.4222222222222225,1,0,0,0,0,1,0,0,0
5.425,1,0,0,0,0,1,0,0,0
5.427777777777778,1,0,0,0,0,1,0,0,0
5.430555555555555,1,0,0,0,0,1,0,0,0
5.433333333333334,1,0,0,0,0,1,0,0,0
5.436111111111111,1,0,0,0,0,1,0,0,0
5.438888888888889,1,0,0,0,0,1,0,0,0
5.441666666666666,1,0,0,0,0,1,0,0,0
5.444444444444445,1,0,0,0,0,1,0,0,0
5.447222222222222,1,0,0,0,1,1,0,0,0
5.45,1,0,0,0,1,1,0,0,0
5.4527777777777775,1,0,0,0,0,1,0,0,0
5.455555555555556,1,0,0,0,0,1,0,0,0
5.458333333333333,1,0,0,0,0,1,0,0,0
5.461111111111111,1,0,0,0,0,1,0,0,0
5.463888888888889,1,0,0,0,0,1,0,0,0
5.466666666666667,1,0,0,0,0,1,0,0,0
5.469444444444444,1,0,0,0,1,1,0,0,0
5.472222222222222,1,0,0,0,0,1,0,0,0
5.475,1,0,0,0,0,1,0,0,0
5.477777777777778,1,0,0,0,0,1,0,0,0
5.480555555555555,1,0,0,0,0,1,0,0,0
5.483333333333333,1,0,0,0,0,1,0,0,0
5.486111111111111,1,0,0,0,0,1,0,0,0
5.488888888888889,1,0,0,0,0,1,0,0,0
5.491666666666666,1,0,0,0,0,1,0,0,0
5.4944444444444445,1,0,0,0,0,1,0,0,0
5.497222222222222,1,0,0,0,0,1,0,0,0
5.5,1,0,0,0,0,1,0,0,0
5.502777777777778,1,0,0,0,0,1,0,0,0
5.5055555555555555,1,0,0,0,0,1,0,0,0
5.508333333333334,1,0,0,0,0,1,0,0,0
5.511111111111111,1,0,0,0,0,1,0,0,0
5.513888888888889,1,0,0,0,0,1,0,0,0
5.516666666666667,1,0,0,0,1,1,0,0,0
5.519444444444445,1,0,0,0,1,1,0,0,0
5.522222222222222,1,0,1,0,0,1,0,0,0
5.525,1,0,1,0,0,1,0,0,0
5.527777777777778,1,0,1,0,0,1,0,0,0
5.530555555555556,1,0,1,0,0,1,0,0,0
5.533333333333333,1,0,1,0,0,1,0,0,0
5.536111111111111,1,0,1,0,0,1,0,0,0
5.538888888888889,1,0,1,0,0,1,0,0,0
5.541666666666667,1,0,1,0,0,1,0,0,0
5.544444444444444,1,0,1,0,0,1,0,0,0
5.5472222222222225,1,0,1,0,0,1,0,0,0
5.55,1,0,1,0,0,1,0,0,0
5.552777777777778,1,0,1,0,0,1,0,0,0
5.555555555555555,1,0,1,0,0,1,0,0,0
5.558333333333334,1,0,1,0,0,1,0,0,0
5.561111111111111,1,0,1,0,0,1,0,0,0
5.563888888888889,1,0,1,0,0,1,0,0,0
5.566666666666666,1,0,1,0,0,1,0,0,0
5.569444444444445,1,0,1,0,0,1,0,0,0
5.572222222222222,1,0,1,0,0,1,0,0,0
5.575,1,0,1,0,0,1,0,0,0
5.5777777777777775,1,0,1,0,0,1,0,0,0
5.580555555555556,1,0,1,0,0,1,0,0,0
5.583333333333333,1,0,1,0,0,1,0,0,0
5.586111111111111,1,0,1,0,0,1,0,0,0
5.588888888888889,1,0,1,0,0,1,0,0,0
5.591666666666667,1,0,1,0,0,1,0,0,0
5.594444444444444,1,0,1,0,0,1,0,0,0
5.597222222222222,1,0,1,0,0,1,0,0,0
5.6,1,0,1,0,0,1,0,0,0
5.602777777777778,1,0,1,0,0,1,0,0,0
5.605555555555555,1,0,1,0,0,1,0,0,0
5.608333333333333,1,0,1,0,0,1,0,0,0
5.611111111111111,1,0,1,0,0,1,0,0,0
5.613888888888889,1,0,1,0,0,1,0,0,0
5.616666666666666,1,0,1,0,0,1,0,0,0
5.6194444444444445,1,0,1,0,0,1,0,0,0
5.622222222222222,1,0,1,0,0,1,0,0,0
5.625,1,0,1,0,0,1,0,0,0
5.627777777777778,1,0,1,0,0,1,0,0,0
5.6305555555555555,1,0,1,0,0,1,0,0,0
5.633333333333334,1,0,1,0,0,1,0,0,0
5.636111111111111,1,0,1,0,0,1,0,0,0
5.638888888888889,1,0,1,0,0,1,0,0,0
5.641666666666667,1,0,1,0,0,1,0,0,0
5.644444444444445,1,0,1,0,0,1,0,0,0
5.647222222222222,1,0,1,0,0,1,0,0,0
5.65,1,0,1,0,0,1,0,0,0
5.652777777777778,1,0,1,0,0,1,0,0,0
5.655555555555556,1,0,1,0,0,1,0,0,0
5.658333333333333,1,0,1,0,0,1,0,0,0
5.661111111111111,1,0,1,0,0,1,0,0,0
5.663888888888889,1,0,1,0,0,1,0,0,0
5.666666666666667,1,0,1,0,0,1,0,0,0
5.669444444444444,1,0,1,0,0,1,0,0,0
5.6722222222222225,1,0,1,0,0,1,0,0,0
5.675,1,0,1,0,0,1,0,0,0
5.677777777777778,1,0,1,0,0,1,0,0,0
5.680555555555555,1,0,1,0,0,1,0,0,0
5.683333333333334,1,0,1,0,0,1,0,0,0
5.686111111111111,1,0,1,0,0,1,0,0,0
5.688888888888889,1,0,1,0,0,1,0,0,0
5.691666666666666,1,0,1,0,0,1,0,0,0
5.694444444444445,1,0,1,0,0,1,0,0,0
5.697222222222222,1,0,1,0,0,1,0,0,0
5.7,1,0,1,0,0,1,0,0,0
5.7027777777777775,1,0,1,0,0,1,0,0,0
5.705555555555556,1,0,1,0,0,1,0,0,0
5.708333333333333,1,0,1,0,0,1,0,0,0
5.711111111111111,1,0,1,0,0,1,0,0,0
5.713888888888889,1,0,1,0,0,1,0,0,0
5.716666666666667,1,0,1,0,0,1,0,0,0
5.719444444444444,1,0,1,0,0,1,0,0,0
5.722222222222222,1,0,1,0,0,1,0,0,0
5.725,1,0,1,0,0,1,0,0,0
5.727777777777778,1,0,1,0,0,1,0,0,0
5.730555555555555,1,0,1,0,0,1,0,0,0
5.733333333333333,1,0,1,0,0,1,0,0,0
5.736111111111111,1,0,1,0,0,1,0,0,0
5.738888888888889,1,0,1,0,0,1,0,0,0
5.741666666666666,1,0,1,0,0,1,0,0,0
5.7444444444444445,1,0,1,0,0,1,0,0,0
5.747222222222222,1,0,1,0,0,1,0,0,0
5.75,1,0,1,0,0,1,0,0,0
5.752777777777778,1,0,1,0,0,1,0,0,0
5.7555555555555555,1,0,1,0,0,1,0,0,0
5.758333333333334,1,0,1,0,0,1,0,0,0
5.761111111111111,1,0,1,0,0,1,0,0,0
5.763888888888889,1,0,1,0,0,1,0,0,0
5.766666666666667,1,0,1,0,0,1,0,0,0
5.769444444444445,1,0,1,0,0,1,0,0,0
5.772222222222222,1,0,0,0,1,1,0,0,0
5.775,1,0,0,0,0,1,0,0,0
5.777777777777778,1,0,0,0,0,1,0,0,0
5.780555555555556,1,0,0,0,0,1,0,0,0
5.783333333333333,1,0,0,0,0,1,0,0,0
5.786111111111111,1,0,0,0,0,1,0,0,0
5.788888888888889,1,0,0,0,0,1,0,0,0
5.791666666666667,1,0,0,0,0,1,0,0,0
5.794444444444444,1,0,0,0,0,1,0,0,0
5.7972222222222225,1,0,0,0,0,1,0,0,0
5.8,1,0,0,0,0,1,0,0,0
5.802777777777778,1,0,0,0,0,1,0,0,0
5.805555555555555,1,0,0,0,0,1,0,0,0
5.808333333333334,1,0,0,0,0,1,0,0,0
5.811111111111111,1,0,0,0,0,1,0,0,0
5.813888888888889,1,0,0,0,0,1,0,0,0
5.816666666666666,1,0,0,0,0,1,0,0,0
5.819444444444445,1,0,0,0,1,1,0,0,0
5.822222222222222,1,0,0,0,1,1,0,0,0
5.825,1,0,0,0,0,1,0,0,0
5.8277777777777775,1,0,0,0,0,1,0,0,0
5.830555555555556,1,0,0,0,0,1,0,0,0
5.833333333333333,1,0,0,0,0,1,0,0,0
5.836111111111111,1,0,0,0,1,1,0,0,0
5.838888888888889,1,0,0,0,0,1,0,0,0
5.841666666666667,1,0,0,0,0,1,0,0,0
5.844444444444444,1,0,0,0,1,1,0,0,0
5.847222222222222,1,0,0,0,0,1,0,0,0
5.85,1,0,0,0,0,1,0,0,0
5.852777777777778,1,0,0,0,0,1,0,0,0
5.855555555555555,1,0,0,0,0,1,0,0,0
5.858333333333333,1,0,0,0,0,1,0,0,0
5.861111111111111,1,0,0,0,0,1,0,0,0
5.863888888888889,1,0,0,0,1,1,0,0,0
5.866666666666666,1,0,0,0,0,1,0,0,0
5.8694444444444445,1,0,0,0,0,1,0,0,0
5.872222222222222,1,0,0,0,0,1,0,0,0
5.875,1,0,0,0,0,1,0,0,0
5.877777777777778,1,0,0,0,1,1,0,0,0
5.8805555555555555,1,0,0,0,0,1,0,0,0
5.883333333333334,1,0,0,0,0,1,0,0,0
5.886111111111111,1,0,0,0,0,1,0,0,0
5.888888888888889,1,0,0,0,0,1,0,0,0
5.891666666666667,1,0,0,0,0,1,0,0,0
5.894444444444445,1,0,0,0,0,1,0,0,0
5.897222222222222,1,0,0,0,0,1,0,0,0
5.9,1,0,0,0,0,1,0,0,0
5.902777777777778,1,0,0,0,0,1,0,0,0
5.905555555555556,1,0,0,0,0,1,0,0,0
5.908333333333333,1,0,0,0,0,1,0,0,0
5.911111111111111,1,0,0,0,1,1,0,0,0
5.913888888888889,1,0,0,0,0,1,0,0,0
5.916666666666667,1,0,0,0,1,1,0,0,0
5.919444444444444,1,0,0,0,0,1,0,0,0
5.9222222222222225,1,0,0,0,0,1,0,0,0
5.925,1,0,0,0,0,1,0,0,0
5.927777777777778,1,0,0,0,0,1,0,0,0
5.930555555555555,1,0,0,0,0,1,0,0,0
5.933333333333334,1,0,0,0,1,1,0,0,0
5.936111111111111,1,0,0,0,0,1,0,0,0
5.938888888888889,1,0,0,0,0,1,0,0,0
5.941666666666666,1,0,0,0,0,1,0,0,0
5.944444444444445,1,0,0,0,0,1,0,0,0
5.947222222222222,1,0,0,0,0,1,0,0,0
5.95,1,0,0,0,0,1,0,0,0
5.9527777777777775,1,0,0,0,1,1,0,0,0
5.955555555555556,1,0,0,0,0,1,0,0,0
5.958333333333333,1,0,0,0,0,1,0,0,0
5.961111111111111,1,0,0,0,1,1,0,0,0
5.963888888888889,1,0,0,0,1,1,0,0,0
5.966666666666667,1,0,0,0,0,1,0,0,0
5.969444444444444,1,0,0,0,0,1,0,0,0
5.972222222222222,1,0,0,0,1,1,0,0,0
5.975,1,0,0,0,1,1,0,0,0
5.977777777777778,1,0,0,0,1,1,0,0,0
5.980555555555555,1,0,0,0,0,1,0,0,0
5.983333333333333,1,0,0,0,0,1,0,0,0
5.986111111111111,1,0,0,0,0,1,0,0,0
5.988888888888889,1,0,0,0,0,1,0,0,0
5.991666666666666,1,0,0,0,0,1,0,0,0
5.9944444444444445,1,0,0,0,0,1,0,0,0
5.997222222222222,1,0,0,0,0,1,0,0,0
6.0,1,0,0,0,1,1,0,0,0
6.002777777777778,1,0,0,0,0,1,0,0,0
6.0055555555555555,1,0,0,0,0,1,0,0,0
6.008333333333334,1,0,0,0,0,1,0,0,0
6.011111111111111,1,0,0,0,0,1,0,0,0
6.013888888888889,1,0,0,0,0,1,0,0,0
6.016666666666667,1,0,0,0,0,1,0,0,0
6.019444444444445,1,0,0,0,0,1,0,0,0
6.022222222222222,1,0,0,0,0,1,0,0,0
6.025,1,0,0,0,0,1,0,0,0
6.027777777777778,1,0,0,0,0,1,0,0,0
6.030555555555556,1,0,0,0,0,1,0,0,0
6.033333333333333,1,0,0,0,1,1,0,0,0
6.036111111111111,1,0,0,0,0,1,0,0,0
6.038888888888889,1,0,0,0,0,1,0,0,0
6.041666666666667,1,0,0,0,0,1,0,0,0
6.044444444444444,1,0,0,0,0,1,0,0,0
6.0472222222222225,1,0,0,0,0,1,0,0,0
6.05,1,0,0,0,0,1,0,0,0
6.052777777777778,1,0,0,0,0,1,0,0,0
6.055555555555555,1,0,0,0,0,1,0,0,0
6.058333333333334,1,0,0,0,1,1,0,0,0
6.061111111111111,1,0,0,0,0,1,0,0,0
6.063888888888889,1,0,0,0,0,1,0,0,0
6.066666666666666,1,0,0,0,1,1,0,0,0
6.069444444444445,1,0,0,0,0,1,0,0,0
6.072222222222222,1,0,0,0,0,1,0,0,0
6.075,1,0,0,0,0,1,0,0,0
6.0777777777777775,1,0,0,0,0,1,0,0,0
6.080555555555556,1,0,0,0,0,1,0,0,0
6.083333333333333,1,0,0,0,0,1,0,0,0
6.086111111111111,1,0,0,0,0,1,0,0,0
6.088888888888889,1,0,0,0,1,1,0,0,0
6.091666666666667,1,0,0,0,0,1,0,0,0
6.094444444444444,1,0,0,0,0,1,0,0,0
6.097222222222222,1,0,0,0,0,1,0,0,0
6.1,1,0,0,0,0,1,0,0,0
6.102777777777778,1,0,0,0,1,1,0,0,0
6.105555555555555,1,0,0,0,1,1,0,0,0
6.108333333333333,1,0,0,0,0,1,0,0,0
6.111111111111111,1,0,0,0,0,1,0,0,0
6.113888888888889,1,0,0,0,0,1,0,0,0
6.116666666666666,1,0,0,0,1,1,0,0,0
6.1194444444444445,1,0,0,0,0,1,0,0,0
6.122222222222222,1,0,1,0,0,1,0,0,0
6.125,1,0,1,0,0,1,0,0,0
6.127777777777778,1,0,1,0,0,1,0,0,0
6.1305555555555555,1,0,1,0,0,1,0,0,0
6.133333333333334,1,0,1,0,0,1,0,0,0
6.136111111111111,1,0,1,0,0,1,0,0,0
6.138888888888889,1,0,1,0,0,1,0,0,0
6.141666666666667,1,0,1,0,0,1,0,0,0
6.144444444444445,1,0,1,0,0,1,0,0,0
6.147222222222222,1,0,1,0,0,1,0,0,0
6.15,1,0,1,0,0,1,0,0,0
6.152777777777778,1,0,1,0,0,1,0,0,0
6.155555555555556,1,0,1,0,0,1,0,0,0
6.158333333333333,1,0,1,0,0,1,0,0,0
6.161111111111111,1,0,1,0,0,1,0,0,0
6.163888888888889,1,0,1,0,0,1,0,0,0
6.166666666666667,1,0,1,0,0,1,0,0,0
6.169444444444444,1,0,1,0,0,1,0,0,0
6.1722222222222225,1,0,1,0,0,1,0,0,0
6.175,1,0,1,0,0,1,0,0,0
6.177777777777778,1,0,1,0,0,1,0,0,0
6.180555555555555,1,0,1,0,0,1,0,0,0
6.183333333333334,1,0,1,0,0,1,0,0,0
6.186111111111111,1,0,1,0,0,1,0,0,0
6.188888888888889,1,0,1,0,0,1,0,0,0
6.191666666666666,1,0,1,0,0,1,0,0,0
6.194444444444445,1,0,1,0,0,1,0,0,0
6.197222222222222,1,0,1,0,0,1,0,0,0
6.2,1,0,1,0,0,1,0,0,0
6.2027777777777775,1,0,1,0,0,1,0,0,0
6.205555555555556,1,0,1,0,0,1,0,0,0
6.208333333333333,1,0,1,0,0,1,0,0,0
6.211111111111111,1,0,1,0,0,1,0,0,0
6.213888888888889,1,0,1,1,1,1,0,0,0
6.216666666666667,1,0,1,1,1,1,0,0,0
6.219444444444444,1,0,1,1,0,1,0,0,0
6.222222222222222,1,0,1,1,1,1,0,0,0
6.225,1,0,1,1,0,1,0,0,0
6.227777777777778,1,0,1,1,1,1,0,0,0
6.230555555555555,1,0,1,1,1,1,0,0,0
6.233333333333333,1,0,1,1,1,1,0,0,0
6.236111111111111,1,0,1,1,0,1,0,0,0
6.238888888888889,1,0,1,1,1,1,0,0,0
6.241666666666666,1,0,1,1,1,1,0,0,0
6.2444444444444445,1,0,1,1,1,1,0,0,0
6.247222222222222,1,0,1,1,1,1,0,0,0
6.25,1,0,1,1,0,1,0,0,0
6.252777777777778,1,0,1,1,1,1,0,0,0
6.2555555555555555,1,0,1,1,1,1,0,0,0
6.258333333333334,1,0,1,1,1,1,0,0,0
6.261111111111111,1,0,1,1,0,1,0,0,0
6.263888888888889,1,0,1,1,1,1,0,0,0
6.266666666666667,1,0,1,1,1,1,0,0,0
6.269444444444445,1,0,1,1,1,1,0,0,0
6.272222222222222,1,0,1,1,1,1,0,0,0
6.275,1,0,1,0,0,1,0,0,0
6.277777777777778,1,0,1,0,0,1,0,0,0
6.280555555555556,1,0,1,0,0,1,0,0,0
6.283333333333333,1,0,1,0,0,1,0,0,0
6.286111111111111,1,0,1,0,0,1,0,0,0
6.288888888888889,1,0,1,0,0,1,0,0,0
6.291666666666667,1,0,1,0,0,1,0,0,0
6.294444444444444,1,0,1,0,0,1,0,0,0
6.2972222222222225,1,0,1,0,1,1,0,0,0
6.3,1,0,0,0,1,1,0,0,0
6.302777777777778,1,0,0,0,1,1,0,0,0
6.305555555555555,1,0,0,0,1,1,0,0,0
6.308333333333334,1,0,0,0,0,1,0,0,0
6.311111111111111,1,0,0,0,0,1,0,0,0
6.313888888888889,1,0,0,0,1,1,0,0,0
6.316666666666666,1,0,0,0,0,1,0,0,0
6.319444444444445,1,0,0,0,1,1,0,0,0
6.322222222222222,1,0,0,0,0,1,0,0,0
6.325,1,0,0,0,0,1,0,0,0
6.3277777777777775,1,0,0,0,1,1,0,0,0
6.330555555555556,1,0,0,0,0,1,0,0,0
6.333333333333333,1,0,0,0,0,1,0,0,0
6.336111111111111,1,0,0,0,1,1,0,0,0
6.338888888888889,1,0,0,0,0,1,0,0,0
6.341666666666667,1,0,0,0,0,1,0,0,0
6.344444444444444,1,0,0,0,0,1,0,0,0
6.347222222222222,1,0,0,0,1,1,0,0,0
6.35,1,0,0,0,0,1,0,0,0
6.352777777777778,1,0,0,0,0,1,0,0,0
6.355555555555555,1,0,0,0,1,1,0,0,0
6.358333333333333,1,0,0,0,0,1,0,0,0
6.361111111111111,1,0,0,0,1,1,0,0,0
6.363888888888889,1,0,0,0,1,1,0,0,0
6.366666666666666,1,0,0,0,1,1,0,0,0
6.3694444444444445,1,0,0,0,0,1,0,0,0
6.372222222222222,1,0,0,0,0,1,0,0,0
6.375,1,0,0,0,0,1,0,0,0
6.377777777777778,1,0,0,0,0,1,0,0,0
6.3805555555555555,1,0,0,0,0,1,0,0,0
6.383333333333334,1,0,0,0,0,1,0,0,0
6.386111111111111,1,0,0,0,1,1,0,0,0
6.388888888888889,1,0,0,0,1,1,0,0,0
6.391666666666667,1,0,0,0,0,1,0,0,0
6.394444444444445,1,0,0,0,0,1,0,0,0
6.397222222222222,1,0,0,0,0,1,0,0,0
6.4,1,0,0,0,0,1,0,0,0
6.402777777777778,1,0,0,0,1,1,0,0,0
6.405555555555556,1,0,0,0,0,1,0,0,0
6.408333333333333,1,0,0,0,1,1,0,0,0
6.411111111111111,1,0,0,0,1,1,0,0,0
6.413888888888889,1,0,0,0,1,1,0,0,0
6.416666666666667,1,0,0,0,1,1,0,0,0
6.419444444444444,1,0,0,0,1,1,0,0,0
6.4222222222222225,1,0,0,0,1,1,0,0,0
6.425,1,0,0,0,1,1,0,0,0
6.427777777777778,1,0,0,0,0,1,0,0,0
6.430555555555555,1,0,0,0,0,1,0,0,0
6.433333333333334,1,0,0,0,1,1,0,0,0
6.436111111111111,1,0,0,0,0,1,0,0,0
6.438888888888889,1,0,0,0,1,1,0,0,0
6.441666666666666,1,0,0,0,0,1,0,0,0
6.444444444444445,1,0,0,0,0,1,0,0,0
6.447222222222222,1,0,0,0,0,1,0,0,0
6.45,1,0,0,0,1,1,0,0,0
6.4527777777777775,1,0,0,0,1,1,0,0,0
6.455555555555556,1,0,0,0,1,1,0,0,0
6.458333333333333,1,0,0,0,0,1,0,0,0
6.461111111111111,1,0,0,0,1,1,0,0,0
6.463888888888889,1,0,0,0,0,1,0,0,0
6.466666666666667,1,0,0,0,0,1,0,0,0
6.469444444444444,1,0,0,0,1,1,0,0,0
6.472222222222222,1,0,0,0,1,1,0,0,0
6.475,1,0,0,0,0,1,0,0,0
6.477777777777778,1,0,0,0,0,1,0,0,0
6.480555555555555,1,0,0,0,0,1,0,0,0
6.483333333333333,1,0,0,0,1,1,0,0,0
6.486111111111111,1,0,0,0,1,1,0,0,0
6.488888888888889,1,0,0,0,0,1,0,0,0
6.491666666666666,1,0,0,0,0,1,0,0,0
6.4944444444444445,1,0,0,0,0,1,0,0,0
6.497222222222222,1,0,0,0,1,1,0,0,0
6.5,1,0,0,0,0,1,0,0,0
6.502777777777778,1,0,0,0,0,1,0,0,0
6.5055555555555555,1,0,0,0,0,1,0,0,0
6.508333333333334,1,0,0,0,0,1,0,0,0
6.511111111111111,1,0,0,0,1,1,0,0,0
6.513888888888889,1,0,0,0,0,1,0,0,0
6.516666666666667,1,0,0,0,0,1,0,0,0
6.519444444444445,1,0,0,0,1,1,0,0,0
6.522222222222222,1,0,0,0,0,1,0,0,0
6.525,1,0,0,0,0,1,0,0,0
6.527777777777778,1,0,0,0,1,1,0,0,0
6.530555555555556,1,0,0,0,0,1,0,0,0
6.533333333333333,1,0,0,0,0,1,0,0,0
6.536111111111111,1,0,0,0,1,1,0,0,0
6.538888888888889,1,0,0,0,0,1,0,0,0
6.541666666666667,1,0,0,0,0,1,0,0,0
6.544444444444444,1,0,0,0,1,1,0,0,0
6.5472222222222225,1,0,0,0,0,1,0,0,0
6.55,1,0,0,0,0,1,0,0,0
6.552777777777778,1,0,0,0,0,1,0,0,0
6.555555555555555,1,0,0,0,1,1,0,0,0
6.558333333333334,1,0,0,0,1,1,0,0,0
6.561111111111111,1,0,0,0,1,1,0,0,0
6.563888888888889,1,0,0,0,0,1,0,0,0
6.566666666666666,1,0,0,0,0,1,0,0,0
6.569444444444445,1,0,0,0,0,1,0,0,0
6.572222222222222,1,0,0,0,0,1,0,0,0
6.575,1,0,0,0,0,1,0,0,0
6.5777777777777775,1,0,0,0,0,1,0,0,0
6.580555555555556,1,0,0,0,0,1,0,0,0
6.583333333333333,1,0,0,0,1,1,0,0,0
6.586111111111111,1,0,0,0,0,1,0,0,0
6.588888888888889,1,0,0,0,0,1,0,0,0
6.591666666666667,1,0,0,0,0,1,0,0,0
6.594444444444444,1,0,0,0,0,1,0,0,0
6.597222222222222,1,0,0,0,0,1,0,0,0
6.6,1,0,0,0,1,1,0,0,0
6.602777777777778,1,0,0,0,1,1,0,0,0
6.605555555555555,1,0,0,0,1,1,0,0,0
6.608333333333333,1,0,0,0,0,1,0,0,0
6.611111111111111,1,0,0,0,0,1,0,0,0
6.613888888888889,1,0,0,0,0,1,0,0,0
6.616666666666666,1,0,0,0,1,1,0,0,0
6.6194444444444445,1,0,0,0,0,1,0,0,0
6.622222222222222,1,0,0,0,1,1,0,0,0
6.625,1,0,0,0,1,1,0,0,0
6.627777777777778,1,0,0,0,1,1,0,0,0
6.6305555555555555,1,0,0,0,1,1,0,0,0
6.633333333333334,1,0,0,0,1,1,0,0,0
6.636111111111111,1,0,0,0,1,1,0,0,0
6.638888888888889,1,0,0,0,0,1,0,0,0
6.641666666666667,1,0,0,0,0,1,0,0,0
6.644444444444445,1,0,0,0,1,1,0,0,0
6.647222222222222,1,0,0,0,0,1,0,0,0
6.65,1,0,0,0,1,1,0,0,0
6.652777777777778,1,0,0,0,0,1,0,0,0
6.655555555555556,1,0,0,0,0,1,0,0,0
6.658333333333333,1,0,0,0,0,1,0,0,0
6.661111111111111,1,0,0,0,1,1,0,0,0
6.663888888888889,1,0,0,0,1,1,0,0,0
6.666666666666667,1,0,0,0,0,1,0,0,0
6.669444444444444,1,0,0,0,0,1,0,0,0
6.6722222222222225,1,0,0,0,1,1,0,0,0
6.675,1,0,0,0,1,1,0,0,0
6.677777777777778,1,0,0,0,1,1,0,0,0
6.680555555555555,1,0,0,0,0,1,0,0,0
6.683333333333334,1,0,0,0,1,1,0,0,0
6.686111111111111,1,0,0,0,1,1,0,0,0
6.688888888888889,1,0,0,0,0,1,0,0,0
6.691666666666666,1,0,0,0,1,1,0,0,0
6.694444444444445,1,0,0,0,1,1,0,0,0
6.697222222222222,1,0,0,0,0,1,0,0,0
6.7,1,0,0,0,0,1,0,0,0
6.7027777777777775,1,0,0,0,1,1,0,0,0
6.705555555555556,1,0,0,0,1,1,0,0,0
6.708333333333333,1,0,0,0,1,1,0,0,0
6.711111111111111,1,0,0,0,0,1,0,0,0
6.713888888888889,1,0,0,0,1,1,0,0,0
6.716666666666667,1,0,0,0,0,1,0,0,0
6.719444444444444,1,0,0,0,1,1,0,0,0
6.722222222222222,1,0,0,0,1,1,0,0,0
6.725,1,0,0,0,1,1,0,0,0
6.727777777777778,1,0,0,0,1,1,0,0,0
6.730555555555555,1,0,0,0,1,1,0,0,0
6.733333333333333,1,0,0,0,0,1,0,0,0
6.736111111111111,1,0,0,0,0,1,0,0,0
6.738888888888889,1,0,0,0,0,1,0,0,0
6.741666666666666,1,0,0,0,1,1,0,0,0
6.7444444444444445,1,0,0,0,1,1,0,0,0
6.747222222222222,1,0,0,0,1,1,0,0,0
6.75,1,0,0,0,1,1,0,0,0
6.752777777777778,1,0,0,0,0,1,0,0,0
6.7555555555555555,1,0,0,0,0,1,0,0,0
6.758333333333334,1,0,0,0,0,1,0,0,0
6.761111111111111,1,0,0,0,1,1,0,0,0
6.763888888888889,1,0,0,0,1,1,0,0,0
6.766666666666667,1,0,0,0,1,1,0,0,0
6.769444444444445,1,0,0,0,1,1,0,0,0
6.772222222222222,1,0,0,0,1,1,0,0,0
6.775,1,0,0,0,1,1,0,0,0
6.777777777777778,1,0,0,0,0,1,0,0,0
6.780555555555556,1,0,0,0,0,1,0,0,0
6.783333333333333,1,0,0,0,1,1,0,0,0
6.786111111111111,1,0,0,0,1,1,0,0,0
6.788888888888889,1,0,0,0,1,1,0,0,0
6.791666666666667,1,0,0,0,0,1,0,0,0
6.794444444444444,1,0,0,0,1,1,0,0,0
6.7972222222222225,1,0,0,0,0,1,0,0,0
6.8,1,0,0,0,1,1,0,0,0
6.802777777777778,1,0,0,0,0,1,0,0,0
6.805555555555555,1,0,1,0,1,1,0,0,0
6.808333333333334,1,0,1,0,1,1,0,0,0
6.811111111111111,1,0,1,0,1,1,0,0,0
6.813888888888889,1,0,1,0,1,1,0,0,0
6.816666666666666,1,0,1,0,1,1,0,0,0
6.819444444444445,1,0,1,0,1,1,0,0,0
6.822222222222222,1,0,1,0,1,1,0,0,0
6.825,1,0,1,0,1,1,0,0,0
6.8277777777777775,1,0,1,0,1,1,0,0,0
6.830555555555556,1,0,1,0,1,1,0,0,0
6.833333333333333,1,0,1,0,1,1,0,0,0
6.836111111111111,1,0,1,0,1,1,0,0,0
6.838888888888889,1,0,1,0,1,1,0,0,0
6.841666666666667,1,0,1,0,1,1,0,0,0
6.844444444444444,1,0,1,0,1,1,0,0,0
6.847222222222222,1,0,1,0,1,1,0,0,0
6.85,1,0,1,0,1,1,0,0,0
6.852777777777778,1,0,1,0,1,1,0,0,0
6.855555555555555,1,0,1,0,1,1,0,0,0
6.858333333333333,1,0,1,0,1,1,0,0,0
6.861111111111111,1,0,1,0,1,1,0,0,0
6.863888888888889,1,0,1,0,1,1,0,0,0
6.866666666666666,1,0,1,0,1,1,0,0,0
6.8694444444444445,1,0,1,0,1,1,0,0,0
6.872222222222222,1,0,1,0,1,1,0,0,0
6.875,1,0,1,0,1,1,0,0,0
6.877777777777778,1,0,1,0,1,1,0,0,0
6.8805555555555555,1,0,1,0,1,1,0,0,0
6.883333333333334,1,0,1,0,1,1,0,0,0
6.886111111111111,1,0,1,0,1,1,0,0,0
6.888888888888889,1,0,1,0,1,1,0,0,0
6.891666666666667,1,0,1,0,1,1,0,0,0
6.894444444444445,1,0,1,0,1,1,0,0,0
6.897222222222222,1,0,1,0,1,1,0,0,0
6.9,1,0,1,0,1,1,0,0,0
6.902777777777778,1,0,1,0,1,1,0,0,0
6.905555555555556,1,0,1,0,1,1,0,0,0
6.908333333333333,1,0,1,0,1,1,0,0,0
6.911111111111111,1,0,1,0,1,1,0,0,0
6.913888888888889,1,0,1,0,1,1,0,0,0
6.916666666666667,1,0,1,0,1,1,0,0,0
6.919444444444444,1,0,1,0,1,1,0,0,0
6.9222222222222225,1,0,1,0,1,1,0,0,0
6.925,1,0,1,0,1,1,0,0,0
6.927777777777778,1,0,1,0,1,1,0,0,0
6.930555555555555,1,0,1,0,1,1,0,0,0
6.933333333333334,1,0,1,0,1,1,0,0,0
6.936111111111111,1,0,1,0,1,1,0,0,0
6.938888888888889,1,0,1,0,1,1,0,0,0
6.941666666666666,1,0,1,0,1,1,0,0,0
6.944444444444445,1,0,1,0,1,1,0,0,0
6.947222222222222,1,0,1,0,1,1,0,0,0
6.95,1,0,1,0,1,1,0,0,0
6.9527777777777775,1,0,1,0,1,1,0,0,0
6.955555555555556,1,0,1,0,1,1,0,0,0
6.958333333333333,1,0,0,0,1,1,0,0,0
6.961111111111111,1,0,0,0,1,1,0,0,0
6.963888888888889,1,0,0,0,1,1,0,0,0
6.966666666666667,1,0,0,0,1,1,0,0,0
6.969444444444444,1,0,0,0,1,1,0,0,0
6.972222222222222,1,0,0,0,1,1,0,0,0
6.975,1,0,0,0,1,1,0,0,0
6.977777777777778,1,0,0,0,0,1,0,0,0
6.980555555555555,1,0,0,0,1,1,0,0,0
6.983333333333333,1,0,0,0,1,1,0,0,0
6.986111111111111,1,0,0,0,1,1,0,0,0
6.988888888888889,1,0,0,0,1,1,0,0,0
6.991666666666666,1,0,0,0,1,1,0,0,0
6.9944444444444445,1,0,0,0,1,1,0,0,0
6.997222222222222,1,0,0,0,1,1,0,0,0
7.0,1,0,0,0,1,1,0,0,0
7.002777777777778,1,0,0,0,1,1,0,0,0
7.0055555555555555,1,0,0,0,1,1,0,0,0
7.008333333333334,1,0,0,0,1,1,0,0,0
7.011111111111111,1,0,0,0,0,1,0,0,0
7.013888888888889,1,0,0,0,1,1,0,0,0
7.016666666666667,1,0,0,0,1,1,0,0,0
7.019444444444445,1,0,0,0,1,1,0,0,0
7.022222222222222,1,0,0,0,1,1,0,0,0
7.025,1,0,0,0,0,1,0,0,0
7.027777777777778,1,0,0,0,0,1,0,0,0
7.030555555555556,1,0,0,0,1,1,0,0,0
7.033333333333333,1,0,0,0,1,1,0,0,0
7.036111111111111,1,0,0,0,1,1,0,0,0
7.038888888888889,1,0,0,0,1,1,0,0,0
7.041666666666667,1,0,0,0,1,1,0,0,0
7.044444444444444,1,0,0,0,1,1,0,0,0
7.0472222222222225,1,0,0,0,1,1,0,0,0
7.05,1,0,0,0,0,1,0,0,0
7.052777777777778,1,0,0,0,1,1,0,0,0
7.055555555555555,1,0,0,0,1,1,0,0,0
7.058333333333334,1,0,0,0,1,1,0,0,0
7.061111111111111,1,0,0,0,1,1,0,0,0
7.063888888888889,1,0,0,0,1,1,0,0,0
7.066666666666666,1,0,0,0,1,1,0,0,0
7.069444444444445,1,0,0,0,0,1,0,0,0
7.072222222222222,1,0,0,0,1,1,0,0,0
7.075,1,0,0,0,1,1,0,0,0
7.0777777777777775,1,0,0,0,1,1,0,0,0
7.080555555555556,1,0,0,0,1,1,0,0,0
7.083333333333333,1,0,0,0,1,1,0,0,0
7.086111111111111,1,0,0,0,1,1,0,0,0
7.088888888888889,1,0,0,0,1,1,0,0,0
7.091666666666667,1,0,0,0,1,1,0,0,0
7.094444444444444,1,0,0,0,1,1,0,0,0
7.097222222222222,1,0,0,0,1,1,0,0,0
7.1,1,0,0,0,1,1,0,0,0
7.102777777777778,1,0,0,0,1,1,0,0,0
7.105555555555555,1,0,0,0,1,1,0,0,0
7.108333333333333,1,0,0,0,1,1,0,0,0
7.111111111111111,1,0,0,0,1,1,0,0,0
7.113888888888889,1,0,0,0,1,1,0,0,0
7.116666666666666,1,0,0,0,0,1,0,0,0
7.1194444444444445,1,0,0,0,1,1,0,0,0
7.122222222222222,1,0,0,0,0,1,0,0,0
7.125,1,0,0,0,0,1,0,0,0
7.127777777777778,1,0,0,0,1,1,0,0,0
7.1305555555555555,1,0,0,0,1,1,0,0,0
7.133333333333334,1,0,0,0,0,1,0,0,0
7.136111111111111,1,0,0,0,1,1,0,0,0
7.138888888888889,1,0,0,0,1,1,0,0,0
7.141666666666667,1,0,0,0,1,1,0,0,0
7.144444444444445,1,0,0,0,1,1,0,0,0
7.147222222222222,1,0,0,0,0,1,0,0,0
7.15,1,0,0,0,1,1,0,0,0
7.152777777777778,1,0,0,0,1,1,0,0,0
7.155555555555556,1,0,0,0,1,1,0,0,0
7.158333333333333,1,0,0,0,1,1,0,0,0
7.161111111111111,1,0,0,0,1,1,0,0,0
7.163888888888889,1,0,0,0,1,1,0,0,0
7.166666666666667,1,0,0,0,1,1,0,0,0
7.169444444444444,1,0,0,0,1,1,0,0,0
7.1722222222222225,1,0,0,0,1,1,0,0,0
7.175,1,0,0,0,0,1,0,0,0
7.177777777777778,1,0,0,0,1,1,0,0,0
7.180555555555555,1,0,0,0,1,1,0,0,0
7.183333333333334,1,0,0,0,1,1,0,0,0
7.186111111111111,1,0,0,0,1,1,0,0,0
7.188888888888889,1,0,0,0,1,1,0,0,0
7.191666666666666,1,0,0,0,1,1,0,0,0
7.194444444444445,1,0,0,0,1,1,0,0,0
7.197222222222222,1,0,0,0,1,1,0,0,0
7.2,1,0,0,0,1,1,0,0,0
7.2027777777777775,1,0,0,0,1,1,0,0,0
7.205555555555556,1,0,0,0,1,1,0,0,0
7.208333333333333,1,0,0,0,1,1,0,0,0
7.211111111111111,1,0,0,0,1,1,0,0,0
7.213888888888889,1,0,0,0,1,1,0,0,0
7.216666666666667,1,0,0,0,1,1,0,0,0
7.219444444444444,1,0,0,0,1,1,0,0,0
7.222222222222222,1,0,0,0,1,1,0,0,0
7.225,1,0,0,0,1,1,0,0,0
7.227777777777778,1,0,0,0,0,1,0,0,0
7.230555555555555,1,0,0,0,1,1,0,0,0
7.233333333333333,1,0,0,0,1,1,0,0,0
7.236111111111111,1,0,0,0,1,1,0,0,0
7.238888888888889,1,0,0,0,1,1,0,0,0
7.241666666666666,1,0,0,0,1,1,0,0,0
7.2444444444444445,1,0,0,0,1,1,0,0,0
7.247222222222222,1,0,0,0,1,1,0,0,0
7.25,1,0,0,0,1,1,0,0,0
7.252777777777778,1,0,0,0,1,1,0,0,0
7.2555555555555555,1,0,0,0,1,1,0,0,0
7.258333333333334,1,0,0,0,1,1,0,0,0
7.261111111111111,1,0,0,0,1,1,0,0,0
7.263888888888889,1,0,0,0,1,1,0,0,0
7.266666666666667,1,0,0,0,1,1,0,0,0
7.269444444444445,1,0,0,0,1,1,0,0,0
7.272222222222222,1,0,0,0,1,1,0,0,0
7.275,1,0,0,0,1,1,0,0,0
7.277777777777778,1,0,0,0,1,1,0,0,0
7.280555555555556,1,0,0,0,1,1,0,0,0
7.283333333333333,1,0,0,0,0,1,0,0,0
7.286111111111111,1,0,0,0,0,1,0,0,0
7.288888888888889,1,0,0,0,1,1,0,0,0
7.291666666666667,1,0,0,0,1,1,0,0,0
7.294444444444444,1,0,0,0,1,1,0,0,0
7.2972222222222225,1,0,0,0,1,1,0,0,0
7.3,1,0,0,0,1,1,0,0,0
7.302777777777778,1,0,0,0,1,1,0,0,0
7.305555555555555,1,0,0,0,0,1,0,0,0
7.308333333333334,1,0,0,0,1,1,0,0,0
7.311111111111111,1,0,0,0,0,1,0,0,0
7.313888888888889,1,0,0,0,1,1,0,0,0
7.316666666666666,1,0,0,0,1,1,0,0,0
7.319444444444445,1,0,0,0,1,1,0,0,0
7.322222222222222,1,0,1,0,1,1,0,0,0
7.325,1,0,1,0,1,1,0,0,0
7.3277777777777775,1,0,1,0,1,1,0,0,0
7.330555555555556,1,0,1,0,1,1,0,0,0
7.333333333333333,1,0,1,0,1,1,0,0,0
7.336111111111111,1,0,1,0,1,1,0,0,0
7.338888888888889,1,0,1,0,1,1,0,0,0
7.341666666666667,1,0,1,0,1,1,0,0,0
7.344444444444444,1,0,1,0,1,1,0,0,0
7.347222222222222,1,0,1,0,1,1,0,0,0
7.35,1,0,1,0,1,1,0,0,0
7.352777777777778,1,0,1,0,1,1,0,0,0
7.355555555555555,1,0,1,0,1,1,0,0,0
7.358333333333333,1,0,1,0,1,1,0,0,0
7.361111111111111,1,0,1,0,1,1,0,0,0
7.363888888888889,1,0,1,0,1,1,0,0,0
7.366666666666666,1,0,1,0,1,1,0,0,0
7.3694444444444445,1,0,1,0,1,1,0,0,0
7.372222222222222,1,0,1,0,1,1,0,0,0
7.375,1,0,1,0,1,1,0,0,0
7.377777777777778,1,0,1,0,1,1,0,0,0
7.3805555555555555,1,0,1,0,1,1,0,0,0
7.383333333333334,1,0,1,0,1,1,0,0,0
7.386111111111111,1,0,1,0,1,1,0,0,0
7.388888888888889,1,0,1,0,1,1,0,0,0
7.391666666666667,1,0,1,0,1,1,0,0,0
7.394444444444445,1,0,1,0,1,1,0,0,0
7.397222222222222,1,0,1,0,1,1,0,0,0
7.4,1,0,1,0,1,1,0,0,0
7.402777777777778,1,0,1,0,1,1,0,0,0
7.405555555555556,1,0,1,0,1,1,0,0,0
7.408333333333333,1,0,1,0,1,1,0,0,0
7.411111111111111,1,0,1,0,1,1,0,0,0
7.413888888888889,1,0,1,0,1,1,0,0,0
7.416666666666667,1,0,1,0,1,1,0,0,0
7.419444444444444,1,0,1,0,1,1,0,0,0
7.4222222222222225,1,0,1,0,1,1,0,0,0
7.425,1,0,1,0,1,1,0,0,0
7.427777777777778,1,0,1,0,1,1,0,0,0
7.430555555555555,1,0,1,0,1,1,0,0,0
7.433333333333334,1,0,1,0,1,1,0,0,0
7.436111111111111,1,0,1,0,1,1,0,0,0
7.438888888888889,1,0,1,0,1,1,0,0,0
7.441666666666666,1,0,1,0,1,1,0,0,0
7.444444444444445,1,0,1,0,1,1,0,0,0
7.447222222222222,1,0,1,0,1,1,0,0,0
7.45,1,0,1,0,1,1,0,0,0
7.4527777777777775,1,0,1,0,1,1,0,0,0
7.455555555555556,1,0,1,0,1,1,0,0,0
7.458333333333333,1,0,0,0,1,1,0,0,0
7.461111111111111,1,0,0,0,1,1,0,0,0
7.463888888888889,1,0,0,0,1,1,0,0,0
7.466666666666667,1,0,0,0,1,1,0,0,0
7.469444444444444,1,0,0,0,1,1,0,0,0
7.472222222222222,1,0,0,0,1,1,0,0,0
7.475,1,0,0,0,1,1,0,0,0
7.477777777777778,1,0,0,0,1,1,0,0,0
7.480555555555555,1,0,0,0,1,1,0,0,0
7.483333333333333,1,0,0,0,1,1,0,0,0
7.486111111111111,1,0,0,0,1,1,0,0,0
7.488888888888889,1,0,0,0,1,1,0,0,0
7.491666666666666,1,0,0,0,1,1,0,0,0
7.4944444444444445,1,0,0,0,0,1,0,0,0
7.497222222222222,1,0,0,0,1,1,0,0,0
7.5,1,0,0,0,1,1,0,0,0
7.502777777777778,1,0,0,0,1,1,0,0,0
7.5055555555555555,1,0,0,0,0,1,0,0,0
7.508333333333334,1,0,0,0,1,1,0,0,0
7.511111111111111,1,0,0,0,1,1,0,0,0
7.513888888888889,1,0,0,0,1,1,0,0,0
7.516666666666667,1,0,0,0,1,1,0,0,0
7.519444444444445,1,0,0,0,1,1,0,0,0
7.522222222222222,1,0,0,0,1,1,0,0,0
7.525,1,0,0,0,1,1,0,0,0
7.527777777777778,1,0,0,0,1,1,0,0,0
7.530555555555556,1,0,0,0,1,1,0,0,0
7.533333333333333,1,0,0,0,1,1,0,0,0
7.536111111111111,1,0,0,0,1,1,0,0,0
7.538888888888889,1,0,0,0,1,1,0,0,0
7.541666666666667,1,0,0,0,0,1,0,1,0
7.544444444444444,1,0,0,0,0,1,0,1,0
7.5472222222222225,1,0,0,0,1,1,0,1,0
7.55,1,0,0,0,1,1,0,1,0
7.552777777777778,1,0,0,0,1,1,0,0,0
7.555555555555555,1,0,0,0,1,1,0,1,0
7.558333333333334,1,0,0,0,1,1,0,1,0
7.561111111111111,1,0,0,0,1,1,0,0,0
7.563888888888889,1,0,0,0,1,1,0,0,0
7.566666666666666,1,0,0,0,1,1,0,1,0
7.569444444444445,1,0,0,0,1,1,0,1,0
7.572222222222222,1,0,0,0,1,1,0,0,0
7.575,1,0,0,0,1,1,0,1,0
7.5777777777777775,1,0,0,0,1,1,0,0,0
7.580555555555556,1,0,0,0,1,1,0,0,0
7.583333333333333,1,0,0,0,1,1,0,0,0
7.586111111111111,1,0,0,0,1,1,0,0,0
7.588888888888889,1,0,0,0,1,1,0,0,0
7.591666666666667,1,0,0,0,1,1,0,0,0
7.594444444444444,1,0,0,0,0,1,0,1,0
7.597222222222222,1,0,0,0,1,1,0,1,0
7.6,1,0,0,0,1,1,0,0,0
7.602777777777778,1,0,0,0,1,1,0,0,0
7.605555555555555,1,0,0,0,1,1,0,0,0
7.608333333333333,1,0,0,0,0,1,0,1,0
7.611111111111111,1,0,0,0,1,1,0,1,0
7.613888888888889,1,0,0,0,1,1,0,1,0
7.616666666666666,1,0,0,0,1,1,0,0,0
7.6194444444444445,1,0,0,0,1,1,0,0,0
7.622222222222222,1,0,0,0,1,1,0,0,0
7.625,1,0,0,0,1,1,0,1,0
7.627777777777778,1,0,0,0,1,1,0,0,0
7.6305555555555555,1,0,0,0,1,1,0,0,0
7.633333333333334,1,0,0,0,1,1,0,0,0
7.636111111111111,1,0,0,0,1,1,0,0,0
7.638888888888889,1,0,0,0,1,1,0,0,0
7.641666666666667,1,0,0,0,1,1,0,0,0
7.644444444444445,1,0,0,0,1,1,0,0,0
7.647222222222222,1,0,0,0,1,1,0,1,0
7.65,1,0,0,0,1,1,0,0,0
7.652777777777778,1,0,0,0,1,1,0,0,0
7.655555555555556,1,0,0,0,1,1,0,0,0
7.658333333333333,1,0,0,0,1,1,0,1,0
7.661111111111111,1,0,0,0,1,1,0,0,0
7.663888888888889,1,0,0,0,1,1,0,1,0
7.666666666666667,1,0,0,0,1,1,0,1,0
7.669444444444444,1,0,0,0,1,1,0,1,0
7.6722222222222225,1,0,0,0,1,1,0,1,0
7.675,1,0,0,0,1,1,0,0,0
7.677777777777778,1,0,0,0,1,1,0,0,0
7.680555555555555,1,0,0,0,1,1,0,0,0
7.683333333333334,1,0,0,0,1,1,0,1,0
7.686111111111111,1,0,0,0,1,1,0,0,0
7.688888888888889,1,0,0,0,1,1,0,0,0
7.691666666666666,1,0,0,0,1,1,0,0,0
7.694444444444445,1,0,0,0,1,1,0,0,0
7.697222222222222,1,0,0,0,1,1,0,1,0
7.7,1,0,0,0,1,1,0,0,0
7.7027777777777775,1,0,0,0,1,1,0,0,0
7.705555555555556,1,0,0,0,1,1,0,1,0
7.708333333333333,1,0,0,0,1,1,0,0,0
7.711111111111111,1,0,0,0,1,1,0,0,0
7.713888888888889,1,0,0,0,1,1,0,0,0
7.716666666666667,1,0,0,0,1,1,0,0,0
7.719444444444444,1,0,0,0,1,1,0,1,0
7.722222222222222,1,0,0,0,1,1,0,0,0
7.725,1,0,0,0,1,1,0,1,0
7.727777777777778,1,0,0,0,1,1,0,1,0
7.730555555555555,1,0,0,0,1,1,0,1,0
7.733333333333333,1,0,0,0,1,1,0,0,0
7.736111111111111,1,0,0,0,1,1,0,1,0
7.738888888888889,1,0,0,0,1,1,0,0,0
7.741666666666666,1,0,0,0,1,1,0,1,0
7.7444444444444445,1,0,0,0,1,1,0,1,0
7.747222222222222,1,0,0,0,0,1,0,1,0
7.75,1,0,0,0,1,1,0,1,0
7.752777777777778,1,0,0,0,1,1,0,1,0
7.7555555555555555,1,0,0,0,1,1,0,1,0
7.758333333333334,1,0,0,0,1,1,0,1,0
7.761111111111111,1,0,0,0,1,1,0,0,0
7.763888888888889,1,0,0,0,1,1,0,0,0
7.766666666666667,1,0,0,0,1,1,0,0,0
7.769444444444445,1,0,0,0,1,1,0,0,0
7.772222222222222,1,0,0,0,1,1,0,0,0
7.775,1,0,0,0,0,1,0,1,0
7.777777777777778,1,0,0,0,1,1,0,0,0
7.780555555555556,1,0,0,0,1,1,0,0,0
7.783333333333333,1,0,0,0,1,1,0,0,0
7.786111111111111,1,0,0,0,1,1,0,0,0
7.788888888888889,1,0,0,0,1,1,0,1,0
7.791666666666667,1,0,0,0,1,1,0,1,0
7.794444444444444,1,0,0,0,1,1,0,0,0
7.7972222222222225,1,0,0,0,1,1,0,1,0
7.8,1,0,0,0,1,1,0,0,0
7.802777777777778,1,0,0,0,1,1,0,0,0
7.805555555555555,1,0,0,0,1,1,0,1,0
7.808333333333334,1,0,0,0,1,1,0,0,0
7.811111111111111,1,0,0,0,1,1,0,0,0
7.813888888888889,1,0,0,0,1,1,0,0,0
7.816666666666666,1,0,0,0,1,1,0,1,0
7.819444444444445,1,0,0,0,1,1,0,0,0
7.822222222222222,1,0,0,0,1,1,0,0,0
7.825,1,0,0,0,1,1,0,1,0
7.8277777777777775,1,0,0,0,1,1,0,1,0
7.830555555555556,1,0,0,0,1,1,0,0,0
7.833333333333333,1,0,0,0,1,1,0,0,0
7.836111111111111,1,0,0,0,1,1,0,0,0
7.838888888888889,1,0,0,0,1,1,0,1,0
7.841666666666667,1,0,0,0,1,1,0,1,0
7.844444444444444,1,0,0,0,1,1,0,1,0
7.847222222222222,1,0,0,0,1,1,0,0,0
7.85,1,0,0,0,1,1,0,1,0
7.852777777777778,1,0,0,0,1,1,0,0,0
7.855555555555555,1,0,0,0,1,1,0,1,0
7.858333333333333,1,0,0,0,1,1,0,1,0
7.861111111111111,1,0,0,0,1,1,0,1,0
7.863888888888889,1,0,0,0,1,1,0,0,0
7.866666666666666,1,0,0,0,1,1,0,1,0
7.8694444444444445,1,0,0,0,1,1,0,1,0
7.872222222222222,1,0,0,0,1,1,0,1,0
7.875,1,0,0,0,1,1,0,0,0
7.877777777777778,1,0,0,0,1,1,0,0,0
7.8805555555555555,1,0,0,0,1,1,0,1,0
7.883333333333334,1,0,0,0,1,1,0,0,0
7.886111111111111,1,0,0,0,1,1,0,0,0
7.888888888888889,1,0,0,0,1,1,0,0,0
7.891666666666667,1,0,0,0,1,1,0,1,0
7.894444444444445,1,0,0,0,1,1,0,1,0
7.897222222222222,1,0,0,0,1,1,0,0,0
7.9,1,0,0,0,1,1,0,0,0
7.902777777777778,1,0,0,0,1,1,0,1,0
7.905555555555556,1,0,0,0,1,1,0,1,0
7.908333333333333,1,0,0,0,1,1,0,1,0
7.911111111111111,1,0,0,0,1,1,0,0,0
7.913888888888889,1,0,0,0,1,1,0,0,0
7.916666666666667,1,0,0,0,1,1,0,1,0
7.919444444444444,1,0,0,0,1,1,0,1,0
7.9222222222222225,1,0,0,0,1,1,0,1,0
7.925,1,0,0,0,1,1,0,1,0
7.927777777777778,1,0,0,0,1,1,0,0,0
7.930555555555555,1,0,0,0,1,1,0,0,0
7.933333333333334,1,0,0,0,1,1,0,0,0
7.936111111111111,1,0,0,0,1,1,0,0,0
7.938888888888889,1,0,0,0,1,1,0,1,0
7.941666666666666,1,0,0,0,1,1,0,0,0
7.944444444444445,1,0,0,0,1,1,0,0,0
7.947222222222222,1,0,0,0,1,1,0,1,0
7.95,1,0,0,0,1,1,0,0,0
7.9527777777777775,1,0,0,0,1,1,0,0,0
7.955555555555556,1,0,0,0,1,1,0,0,0
7.958333333333333,1,0,0,0,1,1,0,1,0
7.961111111111111,1,0,0,0,1,1,0,0,0
7.963888888888889,1,0,0,0,1,1,0,0,0
7.966666666666667,1,0,0,0,1,1,0,1,0
7.969444444444444,1,0,0,0,1,1,0,1,0
7.972222222222222,1,0,0,0,1,1,0,1,0
7.975,1,0,0,0,1,1,0,0,0
7.977777777777778,1,0,0,0,1,1,0,1,0
7.980555555555555,1,0,0,0,1,1,0,1,0
7.983333333333333,1,0,0,0,1,1,0,1,0
7.986111111111111,1,0,0,0,1,1,0,1,0
7.988888888888889,1,0,0,0,1,1,0,1,0
7.991666666666666,1,0,0,0,1,1,0,1,0
7.9944444444444445,1,0,0,0,1,1,0,1,0
7.997222222222222,1,0,0,0,1,1,0,1,0
8.0,1,0,0,0,1,1,0,1,0
8.002777777777778,1,0,0,0,1,1,0,1,0
8.005555555555556,1,0,0,0,1,1,0,0,0
8.008333333333333,1,0,0,0,1,1,0,0,0
8.011111111111111,1,0,0,0,1,1,0,1,0
8.01388888888889,1,0,0,0,1,1,0,1,0
8.016666666666667,1,0,0,0,1,1,0,1,0
8.019444444444444,1,0,0,0,1,1,0,1,0
8.022222222222222,1,0,0,0,1,1,0,1,0
8.025,1,0,0,0,1,1,0,0,0
8.027777777777779,1,0,0,0,1,1,0,1,0
8.030555555555555,1,0,0,0,1,1,0,0,0
8.033333333333333,1,0,0,0,1,1,0,1,0
8.036111111111111,1,0,0,0,1,1,0,1,0
8.03888888888889,1,0,0,0,1,1,0,0,0
8.041666666666666,1,0,0,0,1,1,0,1,0
8.044444444444444,1,0,0,0,1,1,0,0,0
8.047222222222222,1,0,0,0,1,1,0,1,0
8.05,1,0,0,0,1,1,0,0,0
8.052777777777777,1,0,0,0,1,1,0,1,0
8.055555555555555,1,0,0,0,1,1,0,0,0
8.058333333333334,1,0,0,0,1,1,0,0,0
8.061111111111112,1,0,0,0,1,1,0,0,0
8.063888888888888,1,0,0,0,1,1,0,1,0
8.066666666666666,1,0,0,0,1,1,0,0,0
8.069444444444445,1,0,0,0,1,1,0,0,0
8.072222222222223,1,0,0,0,1,1,0,1,0
8.075,1,0,0,0,1,1,0,1,0
8.077777777777778,1,0,0,0,1,1,0,1,0
8.080555555555556,1,0,1,0,1,1,0,1,0
8.083333333333334,1,0,1,0,1,1,0,0,0
8.08611111111111,1,0,1,0,1,1,0,0,0
8.088888888888889,1,0,1,0,1,1,0,0,0
8.091666666666667,1,0,1,0,1,1,0,0,0
8.094444444444445,1,0,1,0,1,1,0,0,0
8.097222222222221,1,0,1,0,1,1,0,0,0
8.1,1,0,1,0,1,1,0,0,0
8.102777777777778,1,0,1,0,1,1,0,0,0
8.105555555555556,1,0,1,0,1,1,0,0,0
8.108333333333333,1,0,1,0,1,1,0,0,0
8.11111111111111,1,0,1,0,1,1,0,0,0
8.113888888888889,1,0,1,0,1,1,0,0,0
8.116666666666667,1,0,1,0,1,1,0,0,0
8.119444444444444,1,0,1,0,1,1,0,0,0
8.122222222222222,1,0,1,0,1,1,0,0,0
8.125,1,0,1,0,1,1,0,0,0
8.127777777777778,1,0,1,0,1,1,0,0,0
8.130555555555556,1,0,1,0,1,1,0,0,0
8.133333333333333,1,0,1,0,1,1,0,0,0
8.136111111111111,1,0,1,0,1,1,0,0,0
8.13888888888889,1,0,1,0,1,1,0,0,0
8.141666666666667,1,0,1,0,1,1,0,0,0
8.144444444444444,1,0,1,0,1,1,0,0,0
8.147222222222222,1,0,1,0,1,1,0,0,0
8.15,1,0,1,0,1,1,0,0,0
8.152777777777779,1,0,1,0,1,1,0,0,0
8.155555555555555,1,0,1,0,1,1,0,0,0
8.158333333333333,1,0,1,0,1,1,0,0,0
8.161111111111111,1,0,1,0,1,1,0,0,0
8.16388888888889,1,0,1,0,1,1,0,0,0
8.166666666666666,1,0,1,0,1,1,0,0,0
8.169444444444444,1,0,1,0,1,1,0,0,0
8.172222222222222,1,0,1,0,1,1,0,0,0
8.175,1,0,1,0,1,1,0,0,0
8.177777777777777,1,0,1,0,1,1,0,0,0
8.180555555555555,1,0,1,0,1,1,0,0,0
8.183333333333334,1,0,1,0,1,1,0,0,0
8.186111111111112,1,0,1,0,1,1,0,0,0
8.188888888888888,1,0,1,0,1,1,0,0,0
8.191666666666666,1,0,1,0,1,1,0,0,0
8.194444444444445,1,0,1,0,1,1,0,0,0
8.197222222222223,1,0,1,0,1,1,0,0,0
8.2,1,0,1,0,1,1,0,0,0
8.202777777777778,1,0,1,0,1,1,0,0,0
8.205555555555556,1,0,1,0,1,1,0,0,0
8.208333333333334,1,0,1,0,1,1,0,0,0
8.21111111111111,1,0,1,0,1,1,0,0,0
8.213888888888889,1,0,1,0,1,1,0,0,0
8.216666666666667,1,0,1,0,1,1,0,0,0
8.219444444444445,1,0,1,0,1,1,0,0,0
8.222222222222221,1,0,1,0,1,1,0,0,0
8.225,1,0,1,0,1,1,0,0,0
8.227777777777778,1,0,1,0,1,1,0,0,0
8.230555555555556,1,0,1,0,1,1,0,0,0
8.233333333333333,1,0,1,0,1,1,0,0,0
8.23611111111111,1,0,1,0,1,1,0,0,0
8.238888888888889,1,0,1,0,1,1,0,0,0
8.241666666666667,1,0,1,0,1,1,0,0,0
8.244444444444444,1,0,1,0,1,1,0,0,0
8.247222222222222,1,0,1,0,1,1,0,0,0
8.25,1,0,1,0,1,1,0,0,0
8.252777777777778,1,0,1,0,1,1,0,0,0
8.255555555555556,1,0,1,0,1,1,0,0,0
8.258333333333333,1,0,1,0,1,1,0,0,0
8.261111111111111,1,0,1,0,1,1,0,0,0
8.26388888888889,1,0,1,0,1,1,0,0,0
8.266666666666667,1,0,1,0,1,1,0,1,0
8.269444444444444,1,0,1,0,1,1,0,0,0
8.272222222222222,1,0,1,0,1,1,0,0,0
8.275,1,0,1,0,1,1,0,1,0
8.277777777777779,1,0,1,0,1,1,0,0,0
8.280555555555555,1,0,1,0,1,1,0,0,0
8.283333333333333,1,0,1,0,1,1,0,0,0
8.286111111111111,1,0,1,0,1,1,0,1,0
8.28888888888889,1,0,0,0,1,1,0,1,0
8.291666666666666,1,0,0,0,1,1,0,1,0
8.294444444444444,1,0,0,0,1,1,0,1,0
8.297222222222222,1,0,0,0,1,1,0,1,0
8.3,1,0,0,0,1,1,0,1,0
8.302777777777777,1,0,0,0,1,1,0,1,0
8.305555555555555,1,0,0,0,1,1,0,1,0
8.308333333333334,1,0,0,0,1,1,0,1,0
8.311111111111112,1,0,0,0,1,1,0,1,0
8.313888888888888,1,0,0,0,1,1,0,1,0
8.316666666666666,1,0,0,0,1,1,0,1,0
8.319444444444445,1,0,0,0,1,1,0,1,0
8.322222222222223,1,0,0,0,1,1,0,1,0
8.325,1,0,0,0,1,1,0,1,0
8.327777777777778,1,0,0,0,1,1,0,1,0
8.330555555555556,1,0,0,0,1,1,0,1,0
8.333333333333334,1,0,0,0,1,1,0,1,0
8.33611111111111,1,0,0,0,1,1,0,1,0
8.338888888888889,1,0,0,0,1,1,0,1,0
8.341666666666667,1,0,0,0,1,1,0,1,0
8.344444444444445,1,0,0,0,1,1,0,1,0
8.347222222222221,1,0,0,0,1,1,0,1,0
8.35,1,0,0,0,1,1,0,1,0
8.352777777777778,1,0,0,0,1,1,0,1,0
8.355555555555556,1,0,0,0,1,1,0,1,0
8.358333333333333,1,0,0,0,1,1,0,1,0
8.36111111111111,1,0,0,0,1,1,0,1,0
8.363888888888889,1,0,0,0,1,1,0,1,0
8.366666666666667,1,0,0,0,1,1,0,1,0
8.369444444444444,1,0,0,0,1,1,0,1,0
8.372222222222222,1,0,0,0,1,1,0,1,0
8.375,1,0,0,0,1,1,0,1,0
8.377777777777778,1,0,0,0,1,1,0,1,0
8.380555555555556,1,0,0,0,1,1,0,1,0
8.383333333333333,1,0,0,0,1,1,0,1,0
8.386111111111111,1,0,0,0,1,1,0,1,0
8.38888888888889,1,0,0,0,1,1,0,1,0
8.391666666666667,1,0,0,0,1,1,0,1,0
8.394444444444444,1,0,0,0,1,1,0,1,0
8.397222222222222,1,0,0,0,1,1,0,1,0
8.4,1,0,0,0,1,1,0,1,0
8.402777777777779,1,0,0,0,1,1,0,1,0
8.405555555555555,1,0,0,0,1,1,0,1,0
8.408333333333333,1,0,0,0,1,1,0,1,0
8.411111111111111,1,0,0,0,1,1,0,1,0
8.41388888888889,1,0,0,0,1,1,0,1,0
8.416666666666666,1,0,0,0,1,1,0,1,0
8.419444444444444,1,0,0,0,1,1,0,1,0
8.422222222222222,1,0,0,0,1,1,0,1,0
8.425,1,0,0,0,1,1,0,1,0
8.427777777777777,1,0,0,0,1,1,0,1,0
8.430555555555555,1,0,0,0,1,1,0,1,0
8.433333333333334,1,0,0,0,1,1,0,1,0
8.436111111111112,1,0,0,0,1,1,0,1,0
8.438888888888888,1,0,0,0,1,1,0,1,0
8.441666666666666,1,0,0,0,1,1,0,1,0
8.444444444444445,1,0,0,0,1,1,0,1,0
8.447222222222223,1,0,0,0,1,1,0,1,0
8.45,1,0,0,0,1,1,0,1,0
8.452777777777778,1,0,0,0,1,1,0,1,0
8.455555555555556,1,0,0,0,1,1,0,1,0
8.458333333333334,1,0,0,0,1,1,0,1,0
8.46111111111111,1,0,0,0,1,1,0,1,0
8.463888888888889,1,0,0,0,1,1,0,1,0
8.466666666666667,1,0,0,0,1,1,0,1,0
8.469444444444445,1,0,0,0,1,1,0,1,0
8.472222222222221,1,0,0,0,1,1,0,1,0
8.475,1,0,0,0,1,1,0,1,0
8.477777777777778,1,0,0,0,1,1,0,1,0
8.480555555555556,1,0,0,0,1,1,0,1,0
8.483333333333333,1,0,0,0,1,1,0,1,0
8.48611111111111,1,0,0,0,1,1,0,1,0
8.488888888888889,1,0,0,0,1,1,0,1,0
8.491666666666667,1,0,0,0,1,1,0,1,0
8.494444444444444,1,0,0,0,1,1,0,1,0
8.497222222222222,1,0,0,0,1,1,0,1,0
8.5,1,0,0,0,1,1,0,1,0
8.502777777777778,1,0,0,0,1,1,0,1,0
8.505555555555556,1,0,0,0,1,1,0,1,0
8.508333333333333,1,0,0,0,1,1,0,1,0
8.511111111111111,1,0,0,0,1,1,0,1,0
8.51388888888889,1,0,0,0,1,1,0,1,0
8.516666666666667,1,0,0,0,1,1,0,1,0
8.519444444444444,1,0,0,0,1,1,0,1,0
8.522222222222222,1,0,0,0,1,1,0,1,0
8.525,1,0,0,0,1,1,0,1,0
8.527777777777779,1,0,0,0,1,1,0,1,0
8.530555555555555,1,0,0,0,1,1,0,1,0
8.533333333333333,1,0,0,0,1,1,0,1,0
8.536111111111111,1,0,0,0,1,1,0,1,0
8.53888888888889,1,0,0,0,1,1,0,1,0
8.541666666666666,1,0,0,0,1,1,0,1,0
8.544444444444444,1,0,0,0,1,1,0,1,0
8.547222222222222,1,0,0,0,1,1,0,1,0
8.55,1,0,0,0,1,1,0,1,0
8.552777777777777,1,0,0,0,1,1,0,1,0
8.555555555555555,1,0,0,0,1,1,0,1,0
8.558333333333334,1,0,0,0,1,1,0,1,0
8.561111111111112,1,0,0,0,1,1,0,1,0
8.563888888888888,1,0,0,0,1,1,0,1,0
8.566666666666666,1,0,0,0,1,1,0,1,0
8.569444444444445,1,0,0,0,1,1,0,1,0
8.572222222222223,1,0,0,0,1,1,0,1,0
8.575,1,0,0,0,1,1,0,1,0
8.577777777777778,1,0,0,0,1,1,0,1,0
8.580555555555556,1,0,0,0,1,1,0,1,0
8.583333333333334,1,0,0,0,1,1,0,1,0
8.58611111111111,1,0,0,0,1,1,0,1,0
8.588888888888889,1,0,0,0,1,1,0,1,0
8.591666666666667,1,0,0,0,1,1,0,1,0
8.594444444444445,1,0,0,0,1,1,0,1,0
8.597222222222221,1,0,0,0,1,1,0,1,0
8.6,1,0,0,0,1,1,0,1,0
8.602777777777778,1,0,0,0,1,1,0,1,0
8.605555555555556,1,0,0,0,1,1,0,1,0
8.608333333333333,1,0,0,0,1,1,0,1,0
8.61111111111111,1,0,0,0,1,1,0,1,0
8.613888888888889,1,0,0,0,1,1,0,1,0
8.616666666666667,1,0,0,0,1,1,0,1,0
8.619444444444444,1,0,0,0,1,1,0,1,0
8.622222222222222,1,0,0,0,1,1,0,1,0
8.625,1,0,0,0,1,1,0,1,0
8.627777777777778,1,0,0,0,1,1,0,1,0
8.630555555555556,1,0,0,0,1,1,0,1,0
8.633333333333333,1,0,0,0,1,1,0,1,0
8.636111111111111,1,0,0,0,1,1,0,1,0
8.63888888888889,1,0,0,0,1,1,0,1,0
8.641666666666667,1,0,0,0,1,1,0,1,0
8.644444444444444,1,0,0,0,1,1,0,1,0
8.647222222222222,1,0,0,0,1,1,0,1,0
8.65,1,0,0,0,1,1,0,1,0
8.652777777777779,1,0,0,0,1,1,0,1,0
8.655555555555555,1,0,0,0,1,1,0,1,0
8.658333333333333,1,0,0,0,1,1,0,1,0
8.661111111111111,1,0,0,0,1,1,0,1,0
8.66388888888889,1,0,0,0,1,1,0,1,0
8.666666666666666,1,0,0,0,1,1,0,1,0
8.669444444444444,1,0,0,0,1,1,0,1,0
8.672222222222222,1,0,0,0,1,1,0,1,0
8.675,1,0,0,0,1,1,0,1,0
8.677777777777777,1,0,0,0,1,1,0,1,0
8.680555555555555,1,0,0,0,1,1,0,1,0
8.683333333333334,1,0,0,0,1,1,0,1,0
8.686111111111112,1,0,0,0,1,1,0,1,0
8.688888888888888,1,0,0,0,1,1,0,1,0
8.691666666666666,1,0,0,0,1,1,0,1,0
8.694444444444445,1,0,0,0,1,1,0,1,0
8.697222222222223,1,0,0,0,1,1,0,1,0
8.7,1,0,0,0,1,1,0,1,0
8.702777777777778,1,0,0,0,1,1,0,1,0
8.705555555555556,1,0,0,0,1,1,0,1,0
8.708333333333334,1,0,0,0,1,1,0,1,0
8.71111111111111,1,0,0,0,1,1,0,1,0
8.713888888888889,1,0,0,0,1,1,0,1,0
8.716666666666667,1,0,0,0,1,1,0,1,0
8.719444444444445,1,0,0,0,1,1,0,1,0
8.722222222222221,1,0,0,0,1,1,0,1,0
8.725,1,0,0,0,1,1,0,1,0
8.727777777777778,1,0,0,0,1,1,0,1,0
8.730555555555556,1,0,0,0,1,1,0,1,0
8.733333333333333,1,0,0,0,1,1,0,1,0
8.73611111111111,1,0,0,0,1,1,0,1,0
8.738888888888889,1,0,0,0,1,1,0,1,0
8.741666666666667,1,0,0,0,1,1,0,1,0
8.744444444444444,1,0,0,0,1,1,0,1,0
8.747222222222222,1,0,0,0,1,1,0,1,0
8.75,1,0,0,0,1,1,0,1,0
8.752777777777778,1,0,0,0,1,1,0,1,0
8.755555555555556,1,0,0,0,1,1,0,1,0
8.758333333333333,1,0,0,0,1,1,0,1,0
8.761111111111111,1,0,0,0,1,1,0,1,0
8.76388888888889,1,0,0,0,1,1,0,1,0
8.766666666666667,1,0,0,0,1,1,0,1,0
8.769444444444444,1,0,0,0,1,1,0,1,0
8.772222222222222,1,0,0,0,1,1,0,1,0
8.775,1,0,0,0,1,1,0,1,0
8.777777777777779,1,0,0,0,1,1,0,1,0
8.780555555555555,1,0,0,0,1,1,0,1,0
8.783333333333333,1,0,0,0,1,1,0,1,0
8.786111111111111,1,0,0,0,1,1,0,1,0
8.78888888888889,1,0,0,0,1,1,0,1,0
8.791666666666666,1,0,0,0,1,1,0,1,0
8.794444444444444,1,0,0,0,1,1,0,1,0
8.797222222222222,1,0,0,0,1,1,0,1,0
8.8,1,0,0,0,1,1,0,1,0
8.802777777777777,1,0,0,0,1,1,0,1,0
8.805555555555555,1,0,0,0,1,1,0,1,0
8.808333333333334,1,0,0,0,1,1,0,1,0
8.811111111111112,1,0,0,0,1,1,0,1,0
8.813888888888888,1,0,0,0,1,1,0,1,0
8.816666666666666,1,0,0,0,1,1,0,1,0
8.819444444444445,1,0,0,0,1,1,0,1,0
8.822222222222223,1,0,0,0,1,1,0,1,0
8.825,1,0,0,0,1,1,0,1,0
8.827777777777778,1,0,0,0,1,1,0,1,0
8.830555555555556,1,0,0,0,1,1,0,1,0
8.833333333333334,1,0,0,0,1,1,0,1,0
8.83611111111111,1,0,0,0,1,1,0,1,0
8.838888888888889,1,0,0,0,1,1,0,1,0
8.841666666666667,1,0,0,0,1,1,0,1,0
8.844444444444445,1,0,0,0,1,1,0,1,0
8.847222222222221,1,0,0,0,1,1,0,1,0
8.85,1,0,0,0,1,1,0,1,0
8.852777777777778,1,0,0,0,1,1,0,1,0
8.855555555555556,1,0,0,0,1,1,0,1,0
8.858333333333333,1,0,0,0,1,1,0,1,0
8.86111111111111,1,0,0,0,1,1,0,1,0
8.863888888888889,1,0,0,0,1,1,0,1,0
8.866666666666667,1,0,0,0,1,1,0,1,0
8.869444444444444,1,0,0,0,1,1,0,1,0
8.872222222222222,1,0,0,0,1,1,0,1,0
8.875,1,0,0,0,1,1,0,1,0
8.877777777777778,1,0,0,0,1,1,0,1,0
8.880555555555556,1,0,0,0,1,1,0,1,0
8.883333333333333,1,0,0,0,1,1,0,1,0
8.886111111111111,1,0,0,0,1,1,0,1,0
8.88888888888889,1,0,0,0,1,1,0,1,0
8.891666666666667,1,0,0,0,1,1,0,1,0
8.894444444444444,1,0,0,0,1,1,0,1,0
8.897222222222222,1,0,0,0,1,1,0,1,0
8.9,1,0,0,0,1,1,0,1,0
8.902777777777779,1,0,0,0,1,1,0,1,0
8.905555555555555,1,0,0,0,1,1,0,1,0
8.908333333333333,1,0,0,0,1,1,0,1,0
8.911111111111111,1,0,0,0,1,1,0,1,0
8.91388888888889,1,0,0,0,1,1,0,1,0
8.916666666666666,1,0,0,0,1,1,0,1,0
8.919444444444444,1,0,0,0,1,1,0,1,0
8.922222222222222,1,0,0,0,1,1,0,1,0
8.925,1,0,0,0,1,1,0,1,0
8.927777777777777,1,0,0,0,1,1,0,1,0
8.930555555555555,1,0,0,0,1,1,0,1,0
8.933333333333334,1,0,0,0,1,1,0,1,0
8.936111111111112,1,0,0,0,1,1,0,1,0
8.938888888888888,1,0,0,0,1,1,0,1,0
8.941666666666666,1,0,0,0,1,1,0,1,0
8.944444444444445,1,0,0,0,1,1,0,1,0
8.947222222222223,1,0,0,0,1,1,0,1,0
8.95,1,0,0,0,1,1,0,1,0
8.952777777777778,1,0,0,0,1,1,0,1,0
8.955555555555556,1,0,0,0,1,1,0,1,0
8.958333333333334,1,0,0,0,1,1,0,1,0
8.96111111111111,1,0,0,0,1,1,0,1,0
8.963888888888889,1,0,0,0,1,1,0,1,0
8.966666666666667,1,0,0,0,1,1,0,1,0
8.969444444444445,1,0,0,0,1,1,0,1,0
8.972222222222221,1,0,0,0,1,1,0,1,0
8.975,1,0,0,0,1,1,0,1,0
8.977777777777778,1,0,0,0,1,1,0,1,0
8.980555555555556,1,0,0,0,1,1,0,1,0
8.983333333333333,1,0,0,0,1,1,0,1,0
8.98611111111111,1,0,0,0,1,1,0,1,0
8.988888888888889,1,0,1,0,1,1,0,1,0
8.991666666666667,1,0,1,0,1,1,0,1,0
8.994444444444444,1,0,1,0,1,1,0,1,0
8.997222222222222,1,0,1,0,1,1,0,1,0
9.0,1,0,1,0,1,1,0,1,0
9.002777777777778,1,0,1,0,1,1,0,0,0
9.005555555555556,1,0,1,0,1,1,0,0,0
9.008333333333333,1,0,1,0,1,1,0,0,0
9.011111111111111,1,0,1,0,1,1,0,0,0
9.01388888888889,1,0,1,0,1,1,0,0,0
9.016666666666667,1,0,1,0,1,1,0,0,0
9.019444444444444,1,0,1,0,1,1,0,0,0
9.022222222222222,1,0,1,0,1,1,0,0,0
9.025,1,0,1,0,1,1,0,0,0
9.027777777777779,1,0,1,0,1,1,0,0,0
9.030555555555555,1,0,1,0,1,1,0,0,0
9.033333333333333,1,0,1,0,1,1,0,0,0
9.036111111111111,1,0,1,0,1,1,0,0,0
9.03888888888889,1,0,1,0,1,1,0,0,0
9.041666666666666,1,0,1,0,1,1,0,0,0
9.044444444444444,1,0,1,0,1,1,0,0,0
9.047222222222222,1,0,1,0,1,1,0,0,0
9.05,1,0,1,0,1,1,0,0,0
9.052777777777777,1,0,1,0,1,1,0,0,0
9.055555555555555,1,0,1,0,1,1,0,0,0
9.058333333333334,1,0,1,0,1,1,0,0,0
9.061111111111112,1,0,1,0,1,1,0,0,0
9.063888888888888,1,0,1,0,1,1,0,0,0
9.066666666666666,1,0,1,0,1,1,0,0,0
9.069444444444445,1,0,1,0,1,1,0,0,0
9.072222222222223,1,0,1,0,1,1,0,0,0
9.075,1,0,1,0,1,1,0,0,0
9.077777777777778,1,0,1,0,1,1,0,0,0
9.080555555555556,1,0,1,0,1,1,0,0,0
9.083333333333334,1,0,1,0,1,1,0,0,0
9.08611111111111,1,0,1,0,1,1,0,0,0
9.088888888888889,1,0,1,0,1,1,0,0,0
9.091666666666667,1,0,1,0,1,1,0,0,0
9.094444444444445,1,0,1,0,1,1,0,0,0
9.097222222222221,1,0,1,0,1,1,0,0,0
9.1,1,0,1,0,1,1,0,0,0
9.102777777777778,1,0,1,0,1,1,0,0,0
9.105555555555556,1,0,1,0,1,1,0,0,0
9.108333333333333,1,0,1,0,1,1,0,0,0
9.11111111111111,1,0,1,0,1,1,0,0,0
9.113888888888889,1,0,1,0,1,1,0,0,0
9.116666666666667,1,0,1,0,1,1,0,0,0
9.119444444444444,1,0,1,0,1,1,0,0,0
9.122222222222222,1,0,1,0,1,1,0,0,0
9.125,1,0,1,0,1,1,0,0,0
9.127777777777778,1,0,1,0,1,1,0,0,0
9.130555555555556,1,0,1,0,1,1,0,0,0
9.133333333333333,1,0,1,0,1,1,0,0,0
9.136111111111111,1,0,1,0,1,1,0,0,0
9.13888888888889,1,0,1,0,1,1,0,0,0
9.141666666666667,1,0,1,0,1,1,0,0,0
9.144444444444444,1,0,1,0,1,1,0,0,0
9.147222222222222,1,0,1,0,1,1,0,1,0
9.15,1,0,1,0,1,1,0,0,0
9.152777777777779,1,0,1,0,1,1,0,0,0
9.155555555555555,1,0,1,0,1,1,0,0,0
9.158333333333333,1,0,1,0,1,1,0,1,0
9.161111111111111,1,0,1,0,1,1,0,1,0
9.16388888888889,1,0,1,0,1,1,0,1,0
9.166666666666666,1,0,1,0,1,1,0,1,0
9.169444444444444,1,0,1,0,1,1,0,1,0
9.172222222222222,1,0,1,0,1,1,0,1,0
9.175,1,0,1,0,1,1,0,0,0
9.177777777777777,1,0,1,0,1,1,0,1,0
9.180555555555555,1,0,1,0,1,1,0,1,0
9.183333333333334,1,0,1,0,1,1,0,1,0
9.186111111111112,1,0,1,0,1,1,0,0,0
9.188888888888888,1,0,1,0,1,1,0,1,0
9.191666666666666,1,0,1,0,1,1,0,1,0
9.194444444444445,1,0,1,0,1,1,0,1,0
9.197222222222223,1,0,1,0,1,1,0,1,0
9.2,1,0,1,0,1,1,0,1,0
9.202777777777778,1,0,1,0,1,1,0,1,0
9.205555555555556,1,0,1,0,1,1,0,1,0
9.208333333333334,1,0,1,0,1,1,0,1,0
9.21111111111111,1,0,1,0,1,1,0,1,0
9.213888888888889,1,0,1,0,1,1,0,1,0
9.216666666666667,1,0,1,0,1,1,0,1,0
9.219444444444445,1,0,1,0,1,1,0,0,0
9.222222222222221,1,0,1,0,1,1,0,1,0
9.225,1,0,1,0,1,1,0,0,0
9.227777777777778,1,0,1,0,1,1,0,1,0
9.230555555555556,1,0,1,0,1,1,0,0,0
9.233333333333333,1,0,1,0,1,1,0,1,0
9.23611111111111,1,0,1,0,1,1,0,1,0
9.238888888888889,1,0,1,0,1,1,0,1,0
9.241666666666667,1,0,1,0,1,1,0,1,0
9.244444444444444,1,0,1,0,1,1,0,1,0
9.247222222222222,1,0,1,0,1,1,0,1,0
9.25,1,0,1,0,1,1,0,1,0
9.252777777777778,1,0,1,0,1,1,0,1,0
9.255555555555556,1,0,1,0,1,1,0,1,0
9.258333333333333,1,0,1,0,1,1,0,1,0
9.261111111111111,1,0,1,0,1,1,0,1,0
9.26388888888889,1,0,1,0,1,1,0,1,0
9.266666666666667,1,0,1,0,1,1,0,1,0
9.269444444444444,1,0,1,0,1,1,0,1,0
9.272222222222222,1,0,1,0,1,1,0,1,0
9.275,1,0,1,0,1,1,0,1,0
9.277777777777779,1,0,1,0,1,1,0,0,0
9.280555555555555,1,0,1,0,1,1,0,1,0
9.283333333333333,1,0,1,0,1,1,0,1,0
9.286111111111111,1,0,1,0,1,1,0,1,0
9.28888888888889,1,0,1,0,1,1,0,1,0
9.291666666666666,1,0,1,0,1,1,0,1,0
9.294444444444444,1,0,1,0,1,1,0,1,0
9.297222222222222,1,0,1,0,1,1,0,1,0
9.3,1,0,1,0,1,1,0,1,0
9.302777777777777,1,0,1,0,1,1,0,1,0
9.305555555555555,1,0,1,0,1,1,0,1,0
9.308333333333334,1,0,1,0,1,1,0,1,0
9.311111111111112,1,0,1,0,1,1,0,1,0
9.313888888888888,1,0,1,0,1,1,0,1,0
9.316666666666666,1,0,1,0,1,1,0,1,0
9.319444444444445,1,0,1,0,1,1,0,1,0
9.322222222222223,1,0,1,0,1,1,0,1,0
9.325,1,0,1,0,1,1,0,1,0
9.327777777777778,1,0,1,0,1,1,0,1,0
9.330555555555556,1,0,1,0,1,1,0,1,0
9.333333333333334,1,0,1,0,1,1,0,0,0
9.33611111111111,1,0,1,0,1,1,0,1,0
9.338888888888889,1,0,1,0,1,1,0,1,0
9.341666666666667,1,0,1,0,1,1,0,1,0
9.344444444444445,1,0,1,0,1,1,0,1,0
9.347222222222221,1,0,1,0,1,1,0,1,0
9.35,1,0,1,0,1,1,0,1,0
9.352777777777778,1,0,1,0,1,1,0,0,0
9.355555555555556,1,0,1,0,1,1,0,1,0
9.358333333333333,1,0,1,0,1,1,0,1,0
9.36111111111111,1,0,1,0,1,1,0,1,0
9.363888888888889,1,0,1,0,1,1,0,1,0
9.366666666666667,1,0,1,0,1,1,0,0,0
9.369444444444444,1,0,1,0,1,1,0,1,0
9.372222222222222,1,0,1,0,1,1,0,1,0
9.375,1,0,1,0,1,1,0,1,0
9.377777777777778,1,0,1,0,1,1,0,1,0
9.380555555555556,1,0,1,0,1,1,0,1,0
9.383333333333333,1,0,1,0,1,1,0,1,0
9.386111111111111,1,0,1,0,1,1,0,1,0
9.38888888888889,1,0,1,0,1,1,0,1,0
9.391666666666667,1,0,1,0,1,1,0,1,0
9.394444444444444,1,0,1,0,1,1,0,0,0
9.397222222222222,1,0,1,0,1,1,0,0,0
9.4,1,0,1,0,1,1,0,0,0
9.402777777777779,1,0,1,0,1,1,0,1,0
9.405555555555555,1,0,1,0,1,1,0,0,0
9.408333333333333,1,0,1,0,1,1,0,1,0
9.411111111111111,1,0,1,0,1,1,0,1,0
9.41388888888889,1,0,1,0,1,1,0,1,0
9.416666666666666,1,0,1,0,1,1,0,1,0
9.419444444444444,1,0,1,0,1,1,0,1,0
9.422222222222222,1,0,1,0,1,1,0,1,0
9.425,1,0,1,0,1,1,0,1,0
9.427777777777777,1,0,1,0,1,1,0,1,0
9.430555555555555,1,0,1,0,1,1,0,1,0
9.433333333333334,1,0,1,0,1,1,0,1,0
9.436111111111112,1,0,1,0,1,1,0,0,0
9.438888888888888,1,0,1,0,1,1,0,1,0
9.441666666666666,1,0,1,0,1,1,0,1,0
9.444444444444445,1,0,1,0,1,1,0,0,0
9.447222222222223,1,0,1,0,1,1,0,1,0
9.45,1,0,1,0,1,1,0,1,0
9.452777777777778,1,0,1,0,1,1,0,1,0
9.455555555555556,1,0,1,0,1,1,0,1,0
9.458333333333334,1,0,1,0,1,1,0,1,0
9.46111111111111,1,0,1,0,1,1,0,1,0
9.463888888888889,1,0,1,0,1,1,0,0,0
9.466666666666667,1,0,1,0,1,1,0,1,0
9.469444444444445,1,0,1,0,1,1,0,1,0
9.472222222222221,1,0,1,0,1,1,0,1,0
9.475,1,0,1,0,1,1,0,1,0
9.477777777777778,1,0,1,0,1,1,0,1,0
9.480555555555556,1,0,1,0,1,1,0,1,0
9.483333333333333,1,0,1,0,1,1,0,0,0
9.48611111111111,1,0,1,0,1,1,0,1,0
9.488888888888889,1,0,1,0,1,1,0,1,0
9.491666666666667,1,0,0,0,1,1,0,1,0
9.494444444444444,1,0,0,0,1,1,0,0,0
9.497222222222222,1,0,0,0,1,1,0,1,0
9.5,1,0,0,0,1,1,0,1,0
9.502777777777778,1,0,0,0,1,1,0,1,0
9.505555555555556,1,0,0,0,1,1,0,1,0
9.508333333333333,1,0,1,0,1,1,0,1,0
9.511111111111111,1,0,1,0,1,1,0,1,0
9.51388888888889,1,0,1,0,1,1,0,1,0
9.516666666666667,1,0,1,0,1,1,0,1,0
9.519444444444444,1,0,1,0,1,1,0,1,0
9.522222222222222,1,0,0,0,1,1,0,1,0
9.525,1,0,1,0,1,1,0,1,0
9.527777777777779,1,0,0,0,1,1,0,1,0
9.530555555555555,1,0,0,0,1,1,0,1,0
9.533333333333333,1,0,0,0,1,1,0,1,0
9.536111111111111,1,0,0,0,1,1,0,1,0
9.53888888888889,1,0,0,0,1,1,0,1,0
9.541666666666666,1,0,0,0,1,1,0,1,0
9.544444444444444,1,0,0,0,1,1,0,1,0
9.547222222222222,1,0,0,0,1,1,0,1,0
9.55,1,0,0,0,1,1,0,1,0
9.552777777777777,1,0,0,0,1,1,0,1,0
9.555555555555555,1,0,0,0,1,1,0,1,0
9.558333333333334,1,0,0,0,1,1,0,1,0
9.561111111111112,1,0,0,0,1,1,0,1,0
9.563888888888888,1,0,0,0,1,1,0,1,0
9.566666666666666,1,0,0,0,1,1,0,1,0
9.569444444444445,1,0,0,0,1,1,0,1,0
9.572222222222223,1,0,0,0,1,1,0,1,0
9.575,1,0,0,0,1,1,0,1,0
9.577777777777778,1,0,0,0,1,1,0,1,0
9.580555555555556,1,0,0,0,1,1,0,1,0
9.583333333333334,1,0,0,0,1,1,0,1,0
9.58611111111111,1,0,0,0,1,1,0,1,0
9.588888888888889,1,0,0,0,1,1,0,1,0
9.591666666666667,1,0,0,0,1,1,0,1,0
9.594444444444445,1,0,0,0,1,1,0,1,0
9.597222222222221,1,0,0,0,1,1,0,1,0
9.6,1,0,0,0,1,1,0,1,0
9.602777777777778,1,0,0,0,1,1,0,1,0
9.605555555555556,1,0,0,0,1,1,0,1,0
9.608333333333333,1,0,0,0,1,1,0,1,0
9.61111111111111,1,0,0,0,1,1,0,1,0
9.613888888888889,1,0,0,0,1,1,0,1,0
9.616666666666667,1,0,0,0,1,1,0,1,0
9.619444444444444,1,0,0,0,1,1,0,1,0
9.622222222222222,1,0,0,0,1,1,0,1,0
9.625,1,0,0,0,1,1,0,1,0
9.627777777777778,1,0,0,0,1,1,0,1,0
9.630555555555556,1,0,0,0,1,1,0,1,0
9.633333333333333,1,0,0,0,1,1,0,1,0
9.636111111111111,1,0,0,0,1,1,0,1,0
9.63888888888889,1,0,0,0,1,1,0,1,0
9.641666666666667,1,0,1,0,1,1,0,1,0
9.644444444444444,1,0,1,0,1,1,0,0,0
9.647222222222222,1,0,1,0,1,1,0,0,0
9.65,1,0,1,0,1,1,0,0,0
9.652777777777779,1,0,1,0,1,1,0,0,0
9.655555555555555,1,0,1,0,1,1,0,0,0
9.658333333333333,1,0,1,0,1,1,0,0,0
9.661111111111111,1,0,1,0,1,1,0,0,0
9.66388888888889,1,0,1,0,1,1,0,0,0
9.666666666666666,1,0,1,0,1,1,0,0,0
9.669444444444444,1,0,1,0,1,1,0,0,0
9.672222222222222,1,0,1,0,1,1,0,0,0
9.675,1,0,1,0,1,1,0,0,0
9.677777777777777,1,0,1,0,1,1,0,0,0
9.680555555555555,1,0,1,0,1,1,0,0,0
9.683333333333334,1,0,1,0,1,1,0,0,0
9.686111111111112,1,0,1,0,1,1,0,0,0
9.688888888888888,1,0,1,0,1,1,0,0,0
9.691666666666666,1,0,1,0,1,1,0,0,0
9.694444444444445,1,0,1,0,1,1,0,0,0
9.697222222222223,1,0,1,0,1,1,0,0,0
9.7,1,0,1,0,1,1,0,0,0
9.702777777777778,1,0,1,0,1,1,0,0,0
9.705555555555556,1,0,1,0,1,1,0,0,0
9.708333333333334,1,0,1,0,1,1,0,0,0
9.71111111111111,1,0,1,0,1,1,0,0,0
9.713888888888889,1,0,1,0,1,1,0,0,0
9.716666666666667,1,0,1,0,1,1,0,0,0
9.719444444444445,1,0,1,0,1,1,0,0,0
9.722222222222221,1,0,1,0,1,1,0,0,0
9.725,1,0,1,0,1,1,0,0,0
9.727777777777778,1,0,1,0,1,1,0,0,0
9.730555555555556,1,0,1,0,1,1,0,0,0
9.733333333333333,1,0,1,0,1,1,0,0,0
9.73611111111111,1,0,1,0,1,1,0,1,0
9.738888888888889,1,0,1,0,1,1,0,1,0
9.741666666666667,1,0,1,0,1,1,0,1,0
9.744444444444444,1,0,1,0,1,1,0,1,0
9.747222222222222,1,0,1,0,1,1,0,1,0
9.75,1,0,1,0,1,1,0,1,0
9.752777777777778,1,0,1,0,1,1,0,1,0
9.755555555555556,1,0,1,0,1,1,0,1,0
9.758333333333333,1,0,1,0,1,1,0,0,0
9.761111111111111,1,0,1,0,1,1,0,1,0
9.76388888888889,1,0,1,0,1,1,0,1,0
9.766666666666667,1,0,1,0,1,1,0,1,0
9.769444444444444,1,0,1,0,1,1,0,1,0
9.772222222222222,1,0,1,0,1,1,0,1,0
9.775,1,0,1,0,1,1,0,0,0
9.777777777777779,1,0,1,0,1,1,0,1,0
9.780555555555555,1,0,1,0,1,1,0,1,0
9.783333333333333,1,0,1,0,1,1,0,1,0
9.786111111111111,1,0,1,0,1,1,0,1,0
9.78888888888889,1,0,1,0,1,1,0,1,0
9.791666666666666,1,0,1,0,1,1,0,1,0
9.794444444444444,1,0,1,0,1,1,0,1,0
9.797222222222222,1,0,1,0,1,1,0,1,0
9.8,1,0,1,0,1,1,0,1,0
9.802777777777777,1,0,1,0,1,1,0,1,0
9.805555555555555,1,0,1,0,1,1,0,0,0
9.808333333333334,1,0,1,0,1,1,0,1,0
9.811111111111112,1,0,1,0,1,1,0,1,0
9.813888888888888,1,0,1,0,1,1,0,1,0
9.816666666666666,1,0,1,0,1,1,0,1,0
9.819444444444445,1,0,1,0,1,1,0,1,0
9.822222222222223,1,0,1,0,1,1,0,1,0
9.825,1,0,1,0,1,1,0,1,0
9.827777777777778,1,0,1,0,1,1,0,1,0
9.830555555555556,1,0,1,0,1,1,0,0,0
9.833333333333334,1,0,1,0,1,1,0,1,0
9.83611111111111,1,0,1,0,1,1,0,1,0
9.838888888888889,1,0,1,0,1,1,0,1,0
9.841666666666667,1,0,1,0,1,1,0,1,0
9.844444444444445,1,0,1,0,1,1,0,1,0
9.847222222222221,1,0,1,0,1,1,0,1,0
9.85,1,0,1,0,1,1,0,0,0
9.852777777777778,1,0,1,0,1,1,0,1,0
9.855555555555556,1,0,1,0,1,1,0,1,0
9.858333333333333,1,0,1,0,1,1,0,1,0
9.86111111111111,1,0,1,0,1,1,0,1,0
9.863888888888889,1,0,1,0,1,1,0,1,0
9.866666666666667,1,0,1,0,1,1,0,1,0
9.869444444444444,1,0,1,0,1,1,0,1,0
9.872222222222222,1,0,1,0,1,1,0,1,0
9.875,1,0,1,0,1,1,0,1,0
9.877777777777778,1,0,1,0,1,1,0,1,0
9.880555555555556,1,0,1,0,1,1,0,1,0
9.883333333333333,1,0,1,0,1,1,0,1,0
9.886111111111111,1,0,1,0,1,1,0,0,0
9.88888888888889,1,0,1,0,1,1,0,1,0
9.891666666666667,1,0,1,0,1,1,0,1,0
9.894444444444444,1,0,1,0,1,1,0,1,0
9.897222222222222,1,0,1,0,1,1,0,1,0
9.9,1,0,1,0,1,1,0,1,0
9.902777777777779,1,0,1,0,1,1,0,0,0
9.905555555555555,1,0,1,0,1,1,0,1,0
9.908333333333333,1,0,1,0,1,1,0,1,0
9.911111111111111,1,0,1,0,1,1,0,1,0
9.91388888888889,1,0,1,0,1,1,0,1,0
9.916666666666666,1,0,1,0,1,1,0,1,0
9.919444444444444,1,0,1,0,1,1,0,1,0
9.922222222222222,1,0,1,0,1,1,0,1,0
9.925,1,0,1,0,1,1,0,1,0
9.927777777777777,1,0,1,0,1,1,0,1,0
9.930555555555555,1,0,1,0,1,1,0,1,0
9.933333333333334,1,0,1,0,1,1,0,1,0
9.936111111111112,1,0,1,0,1,1,0,1,0
9.938888888888888,1,0,0,0,1,1,0,1,0
9.941666666666666,1,0,0,0,1,1,0,1,0
9.944444444444445,1,0,0,0,1,1,0,1,0
9.947222222222223,1,0,0,0,1,1,0,1,0
9.95,1,0,0,0,1,1,0,1,0
9.952777777777778,1,0,0,0,1,1,0,1,0
9.955555555555556,1,0,0,0,1,1,0,1,0
9.958333333333334,1,0,0,0,1,1,0,1,0
9.96111111111111,1,0,0,0,1,1,0,1,0
9.963888888888889,1,0,0,0,1,1,0,1,0
9.966666666666667,1,0,0,0,1,1,0,1,0
9.969444444444445,1,0,0,0,1,1,0,1,0
9.972222222222221,1,0,0,0,1,1,0,1,0
9.975,1,0,0,0,1,1,0,1,0
9.977777777777778,1,0,0,0,1,1,0,1,0
9.980555555555556,1,0,0,0,1,1,0,1,0
9.983333333333333,1,0,0,0,1,1,0,1,0
9.98611111111111,1,0,0,0,1,1,0,1,0
9.988888888888889,1,0,0,0,1,1,0,1,0
9.991666666666667,1,0,0,0,1,1,0,1,0
9.994444444444444,1,0,0,0,1,1,0,1,0
9.997222222222222,1,0,0,0,1,1,0,1,0
10.0,1,0,0,0,1,1,0,1,0
10.002777777777778,1,0,0,0,1,1,0,1,0
10.005555555555556,1,0,0,0,1,1,0,1,0
10.008333333333333,1,0,0,0,1,1,0,1,0
10.011111111111111,1,0,0,0,1,1,0,1,0
10.01388888888889,1,0,0,0,1,1,0,1,0
10.016666666666667,1,0,0,0,1,1,0,1,0
10.019444444444444,1,0,0,0,1,1,0,1,0
10.022222222222222,1,0,0,0,1,1,0,1,0
10.025,1,0,0,0,1,1,0,1,0
10.027777777777779,1,0,0,0,1,1,0,1,0
10.030555555555555,1,0,0,0,1,1,0,1,0
10.033333333333333,1,0,0,0,1,1,0,1,0
10.036111111111111,1,0,0,0,1,1,0,1,0
10.03888888888889,1,0,0,0,1,1,0,1,0
10.041666666666666,1,0,0,0,1,1,0,1,0
10.044444444444444,1,0,0,0,1,1,0,1,0
10.047222222222222,1,0,0,0,1,1,0,1,0
10.05,1,0,0,0,1,1,0,1,0
10.052777777777777,1,0,0,0,1,1,0,1,0
10.055555555555555,1,0,0,0,1,1,0,1,0
10.058333333333334,1,0,0,0,1,1,0,1,0
10.061111111111112,1,0,0,0,1,1,0,1,0
10.063888888888888,1,0,0,0,1,1,0,1,0
10.066666666666666,1,0,0,0,1,1,0,1,0
10.069444444444445,1,0,0,0,1,1,0,1,0
10.072222222222223,1,0,0,0,1,1,0,1,0
10.075,1,0,0,0,1,1,0,1,0
10.077777777777778,1,0,0,0,1,1,0,1,0
10.080555555555556,1,0,0,0,1,1,0,1,0
10.083333333333334,1,0,0,0,1,1,0,1,0
10.08611111111111,1,0,0,0,1,1,0,1,0
10.088888888888889,1,0,0,0,1,1,0,1,0
10.091666666666667,1,0,0,0,1,1,0,1,0
10.094444444444445,1,0,0,0,1,1,0,1,0
10.097222222222221,1,0,0,0,1,1,0,1,0
10.1,1,0,0,0,1,1,0,1,0
10.102777777777778,1,0,0,0,1,1,0,1,0
10.105555555555556,1,0,0,0,1,1,0,1,0
10.108333333333333,1,0,0,0,1,1,0,1,0
10.11111111111111,1,0,0,0,1,1,0,1,0
10.113888888888889,1,0,0,0,1,1,0,1,0
10.116666666666667,1,0,0,0,1,1,0,1,0
10.119444444444444,1,0,0,0,1,1,0,1,0
10.122222222222222,1,0,0,0,1,1,0,1,0
10.125,1,0,0,0,1,1,0,1,0
10.127777777777778,1,0,0,0,1,1,0,1,0
10.130555555555556,1,0,0,0,1,1,0,1,0
10.133333333333333,1,0,0,0,1,1,0,1,0
10.136111111111111,1,0,0,0,1,1,0,1,0
10.13888888888889,1,0,0,0,1,1,0,1,0
10.141666666666667,1,0,0,0,1,1,0,1,0
10.144444444444444,1,0,0,0,1,1,0,1,0
10.147222222222222,1,0,0,0,1,1,0,1,0
10.15,1,0,0,0,1,1,0,1,0
10.152777777777779,1,0,0,0,1,1,0,1,0
10.155555555555555,1,0,0,0,1,1,0,1,0
10.158333333333333,1,0,0,0,1,1,0,1,0
10.161111111111111,1,0,0,0,1,1,0,1,0
10.16388888888889,1,0,0,0,1,1,0,1,0
10.166666666666666,1,0,0,0,1,1,0,1,0
10.169444444444444,1,0,0,0,1,1,0,1,0
10.172222222222222,1,0,0,0,1,1,0,1,0
10.175,1,0,0,0,1,1,0,1,0
10.177777777777777,1,0,0,0,1,1,0,1,0
10.180555555555555,1,0,0,0,1,1,0,1,0
10.183333333333334,1,0,0,0,1,1,0,1,0
10.186111111111112,1,0,0,0,1,1,0,1,0
10.188888888888888,1,0,0,0,1,1,0,1,0
10.191666666666666,1,0,0,0,1,1,0,1,0
10.194444444444445,1,0,0,0,1,1,0,1,0
10.197222222222223,1,0,0,0,1,1,0,1,0
10.2,1,0,0,0,1,1,0,1,0
10.202777777777778,1,0,0,0,1,1,0,1,0
10.205555555555556,1,0,0,0,1,1,0,1,0
10.208333333333334,1,0,0,0,1,1,0,1,0
10.21111111111111,1,0,0,0,1,1,0,1,0
10.213888888888889,1,0,0,0,1,1,0,1,0
10.216666666666667,1,0,0,0,1,1,0,1,0
10.219444444444445,1,0,0,0,1,1,0,1,0
10.222222222222221,1,0,0,0,1,1,0,1,0
10.225,1,0,0,0,1,1,0,1,0
10.227777777777778,1,0,0,0,1,1,0,1,0
10.230555555555556,1,0,0,0,1,1,0,1,0
10.233333333333333,1,0,0,0,1,1,0,1,0
10.23611111111111,1,0,0,0,1,1,0,1,0
10.238888888888889,1,0,0,0,1,1,0,1,0
10.241666666666667,1,0,0,0,1,1,0,1,0
10.244444444444444,1,0,0,0,1,1,0,1,0
10.247222222222222,1,0,0,0,1,1,0,1,0
10.25,1,0,0,0,1,1,0,1,0
10.252777777777778,1,0,0,0,1,1,0,1,0
10.255555555555556,1,0,0,0,1,1,0,1,0
10.258333333333333,1,0,0,0,1,1,0,1,0
10.261111111111111,1,0,0,0,1,1,0,1,0
10.26388888888889,1,0,0,0,1,1,0,1,0
10.266666666666667,1,0,0,0,1,1,0,1,0
10.269444444444444,1,0,0,0,1,1,0,1,0
10.272222222222222,1,0,0,0,1,1,0,1,0
10.275,1,0,0,0,1,1,0,1,0
10.277777777777779,1,0,0,0,1,1,0,1,0
10.280555555555555,1,0,0,0,1,1,0,1,0
10.283333333333333,1,0,0,0,1,1,0,1,0
10.286111111111111,1,0,0,0,1,1,0,1,0
10.28888888888889,1,0,0,0,1,1,0,1,0
10.291666666666666,1,0,0,0,1,1,0,1,0
10.294444444444444,1,0,0,0,1,1,0,1,0
10.297222222222222,1,0,0,0,1,1,0,1,0
10.3,1,0,0,0,1,1,0,1,0
10.302777777777777,1,0,0,0,1,1,0,1,0
10.305555555555555,1,0,0,0,1,1,0,1,0
10.308333333333334,1,0,0,0,1,1,0,1,0
10.311111111111112,1,0,0,0,1,1,0,1,0
10.313888888888888,1,0,0,0,1,1,0,1,0
10.316666666666666,1,0,0,0,1,1,0,1,0
10.319444444444445,1,0,0,0,1,1,0,1,0
10.322222222222223,1,0,0,0,1,1,0,1,0
10.325,1,0,0,0,1,1,0,1,0
10.327777777777778,1,0,0,0,1,1,0,1,0
10.330555555555556,1,0,0,0,1,1,0,1,0
10.333333333333334,1,0,0,0,1,1,0,1,0
10.33611111111111,1,0,0,0,1,1,0,1,0
10.338888888888889,1,0,0,0,1,1,0,1,0
10.341666666666667,1,0,0,0,1,1,0,1,0
10.344444444444445,1,0,0,0,1,1,0,1,0
10.347222222222221,1,0,0,0,1,1,0,1,0
10.35,1,0,0,0,1,1,0,1,0
10.352777777777778,1,0,1,0,1,1,0,1,0
10.355555555555556,1,0,1,0,1,1,0,0,0
10.358333333333333,1,0,1,0,1,1,0,1,0
10.36111111111111,1,0,1,0,1,1,0,1,0
10.363888888888889,1,0,1,0,1,1,0,1,0
10.366666666666667,1,0,1,0,1,1,0,1,0
10.369444444444444,1,0,1,0,1,1,0,0,0
10.372222222222222,1,0,1,0,1,1,0,0,0
10.375,1,0,1,0,1,1,0,0,0
10.377777777777778,1,0,1,0,1,1,0,1,0
10.380555555555556,1,0,1,0,1,1,0,1,0
10.383333333333333,1,0,1,0,1,1,0,1,0
10.386111111111111,1,0,1,0,1,1,0,1,0
10.38888888888889,1,0,1,0,1,1,0,1,0
10.391666666666667,1,0,1,0,1,1,0,1,0
10.394444444444444,1,0,1,0,1,1,0,1,0
10.397222222222222,1,0,1,0,1,1,0,1,0
10.4,1,0,1,0,1,1,0,1,0
10.402777777777779,1,0,1,0,1,1,0,1,0
10.405555555555555,1,0,1,0,1,1,0,1,0
10.408333333333333,1,0,1,0,1,1,0,1,0
10.411111111111111,1,0,1,0,1,1,0,1,0
10.41388888888889,1,0,1,0,1,1,0,1,0
10.416666666666666,1,0,1,0,1,1,0,1,0
10.419444444444444,1,0,1,0,1,1,0,1,0
10.422222222222222,1,0,1,0,1,1,0,1,0
10.425,1,0,1,0,1,1,0,1,0
10.427777777777777,1,0,1,0,1,1,0,1,0
10.430555555555555,1,0,1,0,1,1,0,1,0
10.433333333333334,1,0,1,0,1,1,0,1,0
10.436111111111112,1,0,1,0,1,1,0,1,0
10.438888888888888,1,0,1,0,1,1,0,1,0
10.441666666666666,1,0,1,0,1,1,0,1,0
10.444444444444445,1,0,1,0,1,1,0,1,0
10.447222222222223,1,0,1,0,1,1,0,1,0
10.45,1,0,1,0,1,1,0,1,0
10.452777777777778,1,0,1,0,1,1,0,1,0
10.455555555555556,1,0,1,0,1,1,0,0,0
10.458333333333334,1,0,1,0,1,1,0,1,0
10.46111111111111,1,0,1,0,1,1,0,1,0
10.463888888888889,1,0,1,0,1,1,0,1,0
10.466666666666667,1,0,1,0,1,1,0,1,0
10.469444444444445,1,0,1,0,1,1,0,1,0
10.472222222222221,1,0,1,0,1,1,0,1,0
10.475,1,0,1,0,1,1,0,0,0
10.477777777777778,1,0,1,0,1,1,0,1,0
10.480555555555556,1,0,1,0,1,1,0,1,0
10.483333333333333,1,0,1,0,1,1,0,0,0
10.48611111111111,1,0,1,0,1,1,0,0,0
10.488888888888889,1,0,1,0,1,1,0,0,0
10.491666666666667,1,0,1,0,1,1,0,0,0
10.494444444444444,1,0,1,0,1,1,0,1,0
10.497222222222222,1,0,1,0,1,1,0,1,0
10.5,1,0,1,0,1,1,0,1,0
10.502777777777778,1,0,1,0,1,1,0,1,0
10.505555555555556,1,0,1,0,1,1,0,1,0
10.508333333333333,1,0,1,0,1,1,0,1,0
10.511111111111111,1,0,1,0,1,1,0,1,0
10.51388888888889,1,0,1,0,1,1,0,1,0
10.516666666666667,1,0,1,0,1,1,0,1,0
10.519444444444444,1,0,1,0,1,1,0,1,0
10.522222222222222,1,0,1,0,1,1,0,1,0
10.525,1,0,1,0,1,1,0,1,0
10.527777777777779,1,0,1,0,1,1,0,1,0
10.530555555555555,1,0,1,0,1,1,0,1,0
10.533333333333333,1,0,1,0,1,1,0,1,0
10.536111111111111,1,0,1,0,1,1,0,1,0
10.53888888888889,1,0,1,0,1,1,0,1,0
10.541666666666666,1,0,1,0,1,1,0,1,0
10.544444444444444,1,0,1,0,1,1,0,1,0
10.547222222222222,1,0,1,0,1,1,0,1,0
10.55,1,0,1,0,1,1,0,1,0
10.552777777777777,1,0,1,0,1,1,0,1,0
10.555555555555555,1,0,1,0,1,1,0,1,0
10.558333333333334,1,0,1,0,1,1,0,1,0
10.561111111111112,1,0,1,0,1,1,0,1,0
10.563888888888888,1,0,1,0,1,1,0,1,0
10.566666666666666,1,0,1,0,1,1,0,1,0
10.569444444444445,1,0,1,0,1,1,0,1,0
10.572222222222223,1,0,1,0,1,1,0,1,0
10.575,1,0,1,0,1,1,0,1,0
10.577777777777778,1,0,1,0,1,1,0,1,0
10.580555555555556,1,0,1,0,1,1,0,1,0
10.583333333333334,1,0,1,0,1,1,0,1,0
10.58611111111111,1,0,1,0,1,1,0,1,0
10.588888888888889,1,0,1,0,1,1,0,1,0
10.591666666666667,1,0,1,0,1,1,0,1,0
10.594444444444445,1,0,1,0,1,1,0,1,0
10.597222222222221,1,0,1,0,1,1,0,1,0
10.6,1,0,1,0,1,1,0,1,0
10.602777777777778,1,0,1,0,1,1,0,1,0
10.605555555555556,1,0,1,0,1,1,0,1,0
10.608333333333333,1,0,1,0,1,1,0,1,0
10.61111111111111,1,0,1,0,1,1,0,1,0
10.613888888888889,1,0,1,0,1,1,0,1,0
10.616666666666667,1,0,1,0,1,1,0,1,0
10.619444444444444,1,0,1,0,1,1,0,1,0
10.622222222222222,1,0,1,0,1,1,0,1,0
10.625,1,0,1,0,1,1,0,1,0
10.627777777777778,1,0,1,0,1,1,0,1,0
10.630555555555556,1,0,1,0,1,1,0,1,0
10.633333333333333,1,0,1,0,1,1,0,1,0
10.636111111111111,1,0,1,0,1,1,0,1,0
10.63888888888889,1,0,1,0,1,1,0,1,0
10.641666666666667,1,0,1,0,1,1,0,1,0
10.644444444444444,1,0,1,0,1,1,0,1,0
10.647222222222222,1,0,1,0,1,1,0,1,0
10.65,1,0,1,0,1,1,0,1,0
10.652777777777779,1,0,1,0,1,1,0,1,0
10.655555555555555,1,0,1,0,1,1,0,1,0
10.658333333333333,1,0,1,0,1,1,0,1,0
10.661111111111111,1,0,1,0,1,1,0,1,0
10.66388888888889,1,0,1,0,1,1,0,1,0
10.666666666666666,1,0,1,0,1,1,0,1,0
10.669444444444444,1,0,1,0,1,1,0,1,0
10.672222222222222,1,0,1,0,1,1,0,1,0
10.675,1,0,1,0,1,1,0,1,0
10.677777777777777,1,0,1,0,1,1,0,1,0
10.680555555555555,1,0,1,0,1,1,0,1,0
10.683333333333334,1,0,1,0,1,1,0,1,0
10.686111111111112,1,0,1,0,1,1,0,1,0
10.688888888888888,1,0,1,0,1,1,0,1,0
10.691666666666666,1,0,1,0,1,1,0,1,0
10.694444444444445,1,0,1,0,1,1,0,1,0
10.697222222222223,1,0,1,0,1,1,0,1,0
10.7,1,0,1,0,1,1,0,1,0
10.702777777777778,1,0,1,0,1,1,0,1,0
10.705555555555556,1,0,1,0,1,1,0,1,0
10.708333333333334,1,0,1,0,1,1,0,1,0
10.71111111111111,1,0,1,0,1,1,0,1,0
10.713888888888889,1,0,1,0,1,1,0,1,0
10.716666666666667,1,0,1,0,1,1,0,1,0
10.719444444444445,1,0,1,0,1,1,0,1,0
10.722222222222221,1,0,1,0,1,1,0,1,0
10.725,1,0,1,0,1,1,0,1,0
10.727777777777778,1,0,1,0,1,1,0,1,0
10.730555555555556,1,0,1,0,1,1,0,1,0
10.733333333333333,1,0,1,0,1,1,0,1,0
10.73611111111111,1,0,1,0,1,1,0,1,0
10.738888888888889,1,0,1,0,1,1,0,1,0
10.741666666666667,1,0,1,0,1,1,0,1,0
10.744444444444444,1,0,1,0,1,1,0,1,0
10.747222222222222,1,0,1,0,1,1,0,1,0
10.75,1,0,1,0,1,1,0,1,0
10.752777777777778,1,0,1,0,1,1,0,1,0
10.755555555555556,1,0,1,0,1,1,0,1,0
10.758333333333333,1,0,1,0,1,1,0,1,0
10.761111111111111,1,0,1,0,1,1,0,1,0
10.76388888888889,1,0,1,0,1,1,0,1,0
10.766666666666667,1,0,1,0,1,1,0,1,0
10.769444444444444,1,0,1,0,1,1,0,1,0
10.772222222222222,1,0,1,0,1,1,0,1,0
10.775,1,0,1,0,1,1,0,1,0
10.777777777777779,1,0,1,0,1,1,0,1,0
10.780555555555555,1,0,1,0,1,1,0,1,0
10.783333333333333,1,0,1,0,1,1,0,1,0
10.786111111111111,1,0,1,0,1,1,0,1,0
10.78888888888889,1,0,1,0,1,1,0,1,0
10.791666666666666,1,0,1,0,1,1,0,1,0
10.794444444444444,1,0,1,0,1,1,0,1,0
10.797222222222222,1,0,1,0,1,1,0,1,0
10.8,1,0,1,0,1,1,0,1,0
10.802777777777777,1,0,1,0,1,1,0,1,0
10.805555555555555,1,0,1,0,1,1,0,1,0
10.808333333333334,1,0,1,0,1,1,0,1,0
10.811111111111112,1,0,1,0,1,1,0,1,0
10.813888888888888,1,0,1,0,1,1,0,1,0
10.816666666666666,1,0,1,0,1,1,0,1,0
10.819444444444445,1,0,1,0,1,1,0,1,0
10.822222222222223,1,0,1,0,1,1,0,1,0
10.825,1,0,1,0,1,1,0,1,0
10.827777777777778,1,0,1,0,1,1,0,1,0
10.830555555555556,1,0,1,0,1,1,0,1,0
10.833333333333334,1,0,1,0,1,1,0,1,0
10.83611111111111,1,0,1,0,1,1,0,1,0
10.838888888888889,1,0,1,0,1,1,0,1,0
10.841666666666667,1,0,1,0,1,1,0,1,0
10.844444444444445,1,0,1,0,1,1,0,1,0
10.847222222222221,1,0,1,0,1,1,0,1,0
10.85,1,0,1,0,1,1,0,1,0
10.852777777777778,1,0,1,0,1,1,0,1,0
10.855555555555556,1,0,1,0,1,1,0,1,0
10.858333333333333,1,0,1,0,1,1,0,1,0
10.86111111111111,1,0,1,0,1,1,0,1,0
10.863888888888889,1,0,1,0,1,1,0,1,0
10.866666666666667,1,0,1,0,1,1,0,1,0
10.869444444444444,1,0,1,0,1,1,0,1,0
10.872222222222222,1,0,1,0,1,1,0,1,0
10.875,1,0,1,0,1,1,0,1,0
10.877777777777778,1,0,1,0,1,1,0,1,0
10.880555555555556,1,0,1,0,1,1,0,1,0
10.883333333333333,1,0,1,0,1,1,0,1,0
10.886111111111111,1,0,1,0,1,1,0,1,0
10.88888888888889,1,0,1,0,1,1,0,1,0
10.891666666666667,1,0,1,0,1,1,0,1,0
10.894444444444444,1,0,1,0,1,1,0,1,0
10.897222222222222,1,0,1,0,1,1,0,1,0
10.9,1,0,1,0,1,1,0,1,0
10.902777777777779,1,0,1,0,1,1,0,1,0
10.905555555555555,1,0,1,0,1,1,0,1,0
10.908333333333333,1,0,1,0,1,1,0,1,0
10.911111111111111,1,0,1,0,1,1,0,1,0
10.91388888888889,1,0,1,0,1,1,0,1,0
10.916666666666666,1,0,1,0,1,1,0,1,0
10.919444444444444,1,0,1,0,1,1,0,1,0
10.922222222222222,1,0,1,0,1,1,0,1,0
10.925,1,0,1,0,1,1,0,1,0
10.927777777777777,1,0,1,0,1,1,0,1,0
10.930555555555555,1,0,1,0,1,1,0,1,0
10.933333333333334,1,0,1,0,1,1,0,1,0
10.936111111111112,1,0,1,0,1,1,0,1,0
10.938888888888888,1,0,1,0,1,1,0,1,0
10.941666666666666,1,0,1,0,1,1,0,1,0
10.944444444444445,1,0,1,0,1,1,0,1,0
10.947222222222223,1,0,1,0,1,1,0,1,0
10.95,1,0,1,0,1,1,0,1,0
10.952777777777778,1,0,1,0,1,1,0,1,0
10.955555555555556,1,0,1,0,1,1,0,1,0
10.958333333333334,1,0,1,0,1,1,0,1,0
10.96111111111111,1,0,1,0,1,1,0,1,0
10.963888888888889,1,0,1,0,1,1,0,1,0
10.966666666666667,1,0,1,0,1,1,0,1,0
10.969444444444445,1,0,1,0,1,1,0,1,0
10.972222222222221,1,0,1,0,1,1,0,1,0
10.975,1,0,1,0,1,1,0,1,0
10.977777777777778,1,0,1,0,1,1,0,1,0
10.980555555555556,1,0,1,0,1,1,0,1,0
10.983333333333333,1,0,1,0,1,1,0,1,0
10.98611111111111,1,0,1,0,1,1,0,1,0
10.988888888888889,1,0,1,0,1,1,0,1,0
10.991666666666667,1,0,1,0,1,1,0,1,0
10.994444444444444,1,0,1,0,1,1,0,1,0
10.997222222222222,1,0,1,0,1,1,0,1,0
11.0,1,0,1,0,1,1,0,1,0
11.002777777777778,1,0,1,0,1,1,0,1,0
11.005555555555556,1,0,1,0,1,1,0,1,0
11.008333333333333,1,0,1,0,1,1,0,1,0
11.011111111111111,1,0,1,0,1,1,0,1,0
11.01388888888889,1,0,1,0,1,1,0,1,0
11.016666666666667,1,0,1,0,1,1,0,1,0
11.019444444444444,1,0,1,0,1,1,0,1,0
11.022222222222222,1,0,1,0,1,1,0,1,0
11.025,1,0,1,0,1,1,0,1,0
11.027777777777779,1,0,1,0,1,1,0,1,0
11.030555555555555,1,0,1,0,1,1,0,1,0
11.033333333333333,1,0,1,0,1,1,0,1,0
11.036111111111111,1,0,1,0,1,1,0,1,0
11.03888888888889,1,0,1,0,1,1,0,1,0
11.041666666666666,1,0,1,0,1,1,0,1,0
11.044444444444444,1,0,1,0,1,1,0,1,0
11.047222222222222,1,0,1,0,1,1,0,1,0
11.05,1,0,1,0,1,1,0,1,0
11.052777777777777,1,0,1,0,1,1,0,1,0
11.055555555555555,1,0,1,0,1,1,0,1,0
11.058333333333334,1,0,1,0,1,1,0,1,0
11.061111111111112,1,0,1,0,1,1,0,1,0
11.063888888888888,1,0,1,0,1,1,0,1,0
11.066666666666666,1,0,1,0,1,1,0,1,0
11.069444444444445,1,0,1,0,1,1,0,1,0
11.072222222222223,1,0,1,0,1,1,0,1,0
11.075,1,0,1,0,1,1,0,1,0
11.077777777777778,1,0,1,0,1,1,0,1,0
11.080555555555556,1,0,1,0,1,1,0,1,0
11.083333333333334,1,0,1,0,1,1,0,1,0
11.08611111111111,1,0,1,0,1,1,0,1,0
11.088888888888889,1,0,1,0,1,1,0,1,0
11.091666666666667,1,0,1,0,1,1,0,1,0
11.094444444444445,1,0,1,0,1,1,0,1,0
11.097222222222221,1,0,1,0,1,1,0,1,0
11.1,1,0,1,0,1,1,0,1,0
11.102777777777778,1,0,1,0,1,1,0,1,0
11.105555555555556,1,0,1,0,1,1,0,1,0
11.108333333333333,1,0,1,0,1,1,0,1,0
11.11111111111111,1,0,1,0,1,1,0,1,0
11.113888888888889,1,0,1,0,1,1,0,1,0
11.116666666666667,1,0,1,0,1,1,0,1,0
11.119444444444444,1,0,1,0,1,1,0,1,0
11.122222222222222,1,0,1,0,1,1,0,1,0
11.125,1,0,1,0,1,1,0,1,0
11.127777777777778,1,0,1,0,1,1,0,1,0
11.130555555555556,1,0,1,0,1,1,0,1,0
11.133333333333333,1,0,1,0,1,1,0,1,0
11.136111111111111,1,0,1,0,1,1,0,1,0
11.13888888888889,1,0,1,0,1,1,0,1,0
11.141666666666667,1,0,1,0,1,1,0,1,0
11.144444444444444,1,0,1,0,1,1,0,1,0
11.147222222222222,1,0,1,0,1,1,1,1,0
11.15,1,0,0,0,1,1,1,1,0
11.152777777777779,1,0,0,0,1,1,1,1,0
11.155555555555555,1,0,0,0,1,1,1,1,0
11.158333333333333,1,0,0,0,1,1,1,1,0
11.161111111111111,1,0,0,0,1,1,1,1,0
11.16388888888889,1,0,0,0,1,1,1,1,0
11.166666666666666,1,0,0,0,1,1,1,1,0
11.169444444444444,1,0,0,0,1,1,1,1,0
11.172222222222222,1,0,0,0,1,1,1,1,0
11.175,1,0,0,0,1,1,1,1,0
11.177777777777777,1,0,0,0,1,1,1,1,0
11.180555555555555,1,0,1,0,1,1,1,1,0
11.183333333333334,1,0,1,0,1,1,1,1,0
11.186111111111112,1,0,0,0,1,1,1,1,0
11.188888888888888,1,0,0,0,1,1,1,1,0
11.191666666666666,1,0,0,0,1,1,1,1,0
11.194444444444445,1,0,0,0,1,1,1,1,0
11.197222222222223,1,0,0,0,1,1,1,1,0
11.2,1,0,1,0,1,1,1,1,0
11.202777777777778,1,0,0,0,1,1,1,1,0
11.205555555555556,1,0,0,0,1,1,1,1,0
11.208333333333334,1,0,0,0,1,1,1,1,0
11.21111111111111,1,0,0,0,1,1,1,1,0
11.213888888888889,1,0,0,0,1,1,1,1,0
11.216666666666667,1,0,0,0,1,1,1,1,0
11.219444444444445,1,0,0,0,1,1,1,1,0
11.222222222222221,1,0,0,0,1,1,1,1,0
11.225,1,0,0,0,1,1,1,1,0
11.227777777777778,1,0,0,0,1,1,1,1,0
11.230555555555556,1,0,1,0,1,1,1,1,0
11.233333333333333,1,0,1,0,1,1,1,1,0
11.23611111111111,1,0,0,0,1,1,1,1,0
11.238888888888889,1,0,0,0,1,1,1,1,0
11.241666666666667,1,0,0,0,1,1,1,1,0
11.244444444444444,1,0,0,0,1,1,1,1,0
11.247222222222222,1,0,0,0,1,1,1,1,0
11.25,1,0,0,0,1,1,1,1,0
11.252777777777778,1,0,0,0,1,1,1,1,0
11.255555555555556,1,0,0,0,1,1,1,1,0
11.258333333333333,1,0,0,0,1,1,1,1,0
11.261111111111111,1,0,0,0,1,1,1,1,0
11.26388888888889,1,0,0,0,1,1,1,1,0
11.266666666666667,1,0,0,0,1,1,1,1,0
11.269444444444444,1,0,0,0,1,1,1,1,0
11.272222222222222,1,0,0,0,1,1,1,1,0
11.275,1,0,1,0,1,1,1,1,0
11.277777777777779,1,0,1,0,1,1,1,1,0
11.280555555555555,1,0,1,0,1,1,1,1,0
11.283333333333333,1,0,0,0,1,1,1,1,0
11.286111111111111,1,0,0,0,1,1,1,1,0
11.28888888888889,1,0,1,0,1,1,0,1,0
11.291666666666666,1,0,1,0,1,1,0,1,0
11.294444444444444,1,0,1,0,1,1,0,1,0
11.297222222222222,1,0,1,0,1,1,0,1,0
11.3,1,0,1,0,1,1,0,1,0
11.302777777777777,1,0,1,0,1,1,0,1,0
11.305555555555555,1,0,1,0,1,1,0,1,0
11.308333333333334,1,0,1,0,1,1,0,1,0
11.311111111111112,1,0,1,0,1,1,0,1,0
11.313888888888888,1,0,1,0,1,1,0,1,0
11.316666666666666,1,0,1,0,1,1,0,1,0
11.319444444444445,1,0,1,0,1,1,0,1,0
11.322222222222223,1,0,1,0,1,1,0,1,0
11.325,1,0,1,0,1,1,0,1,0
11.327777777777778,1,0,1,0,1,1,0,1,0
11.330555555555556,1,0,1,0,1,1,0,1,0
11.333333333333334,1,0,1,0,1,1,0,1,0
11.33611111111111,1,0,1,0,1,1,0,1,0
11.338888888888889,1,0,1,0,1,1,0,1,0
11.341666666666667,1,0,1,0,1,1,0,1,0
11.344444444444445,1,0,1,0,1,1,0,1,0
11.347222222222221,1,0,1,0,1,1,0,1,0
11.35,1,0,1,0,1,1,0,1,0
11.352777777777778,1,0,1,0,1,1,0,1,0
11.355555555555556,1,0,1,0,1,1,0,1,0
11.358333333333333,1,0,1,0,1,1,0,1,0
11.36111111111111,1,0,1,0,1,1,0,1,0
11.363888888888889,1,0,1,0,1,1,0,1,0
11.366666666666667,1,0,1,0,1,1,0,1,0
11.369444444444444,1,0,1,0,1,1,0,1,0
11.372222222222222,1,0,1,0,1,1,0,1,0
11.375,1,0,1,0,1,1,0,1,0
11.377777777777778,1,0,1,0,1,1,0,1,0
11.380555555555556,1,0,1,0,1,1,0,1,0
11.383333333333333,1,0,1,0,1,1,0,1,0
11.386111111111111,1,0,1,0,1,1,0,1,0
11.38888888888889,1,0,1,0,1,1,0,1,0
11.391666666666667,1,0,1,0,1,1,0,1,0
11.394444444444444,1,0,1,0,1,1,0,1,0
11.397222222222222,1,0,1,0,1,1,0,1,0
11.4,1,0,1,0,1,1,0,1,0
11.402777777777779,1,0,1,0,1,1,0,1,0
11.405555555555555,1,0,1,0,1,1,0,1,0
11.408333333333333,1,0,1,0,1,1,0,1,0
11.411111111111111,1,0,1,0,1,1,0,1,0
11.41388888888889,1,0,1,0,1,1,0,1,0
11.416666666666666,1,0,1,0,1,1,0,1,0
11.419444444444444,1,0,1,0,1,1,0,1,0
11.422222222222222,1,0,1,0,1,1,0,1,0
11.425,1,0,1,0,1,1,0,1,0
11.427777777777777,1,0,1,0,1,1,0,1,0
11.430555555555555,1,0,1,0,1,1,0,1,0
11.433333333333334,1,0,1,0,1,1,0,1,0
11.436111111111112,1,0,1,0,1,1,0,1,0
11.438888888888888,1,0,1,0,1,1,0,1,0
11.441666666666666,1,0,1,0,1,1,0,1,0
11.444444444444445,1,0,1,0,1,1,0,1,0
11.447222222222223,1,0,1,0,1,1,1,1,0
11.45,1,0,1,0,1,1,1,1,0
11.452777777777778,1,0,1,0,1,1,1,1,0
11.455555555555556,1,0,1,0,1,1,1,1,0
11.458333333333334,1,0,1,0,1,1,1,1,0
11.46111111111111,1,0,1,0,1,1,1,1,0
11.463888888888889,1,0,1,0,1,1,1,1,0
11.466666666666667,1,0,1,0,1,1,1,1,0
11.469444444444445,1,0,1,0,1,1,1,1,0
11.472222222222221,1,0,1,0,1,1,1,1,0
11.475,1,0,1,0,1,1,1,1,0
11.477777777777778,1,0,1,0,1,1,1,1,0
11.480555555555556,1,0,1,0,1,1,1,1,0
11.483333333333333,1,0,1,0,1,1,1,1,0
11.48611111111111,1,0,1,0,1,1,1,1,0
11.488888888888889,1,0,1,0,1,1,1,1,0
11.491666666666667,1,0,1,0,1,1,1,1,0
11.494444444444444,1,0,1,0,1,1,1,1,0
11.497222222222222,1,0,1,0,1,1,1,1,0
11.5,1,0,1,0,1,1,1,1,0
11.502777777777778,1,0,1,0,1,1,1,1,0
11.505555555555556,1,0,1,0,1,1,1,1,0
11.508333333333333,1,0,1,0,1,1,1,1,0
11.511111111111111,1,0,1,0,1,1,1,1,0
11.51388888888889,1,0,1,0,1,1,0,1,0
11.516666666666667,1,0,1,0,1,1,0,1,0
11.519444444444444,1,0,1,0,1,1,1,1,0
11.522222222222222,1,0,1,0,1,1,1,1,0
11.525,1,0,1,0,1,1,1,1,0
11.527777777777779,1,0,1,0,1,1,1,1,0
11.530555555555555,1,0,1,0,1,1,1,1,0
11.533333333333333,1,0,1,0,1,1,1,1,0
11.536111111111111,1,0,1,0,1,1,1,1,0
11.53888888888889,1,0,1,0,1,1,1,1,0
11.541666666666666,1,0,1,0,1,1,1,1,0
11.544444444444444,1,0,1,0,1,1,1,1,0
11.547222222222222,1,0,1,0,1,1,1,1,0
11.55,1,0,1,0,1,1,1,1,0
11.552777777777777,1,0,1,0,1,1,1,1,0
11.555555555555555,1,0,1,0,1,1,1,1,0
11.558333333333334,1,0,1,0,1,1,1,1,0
11.561111111111112,1,0,1,0,1,1,1,1,0
11.563888888888888,1,0,1,0,1,1,1,1,0
11.566666666666666,1,0,1,0,1,1,1,1,0
11.569444444444445,1,0,0,0,1,1,1,1,0
11.572222222222223,1,0,0,0,1,1,1,1,0
11.575,1,0,0,0,1,1,1,1,0
11.577777777777778,1,0,0,0,1,1,1,1,0
11.580555555555556,1,0,0,0,1,1,1,1,0
11.583333333333334,1,0,0,0,1,1,1,1,0
11.58611111111111,1,0,0,0,1,1,1,1,0
11.588888888888889,1,0,0,0,1,1,1,1,0
11.591666666666667,1,0,0,0,1,1,1,1,0
11.594444444444445,1,0,0,0,1,1,1,1,0
11.597222222222221,1,0,0,0,1,1,1,1,0
11.6,1,0,0,0,1,1,1,1,0
11.602777777777778,1,0,0,0,1,1,1,1,0
11.605555555555556,1,0,0,0,1,1,1,1,0
11.608333333333333,1,0,0,0,1,1,1,1,0
11.61111111111111,1,0,0,0,1,1,1,1,0
11.613888888888889,1,0,0,0,1,1,1,1,0
11.616666666666667,1,0,0,0,1,1,1,1,0
11.619444444444444,1,0,0,0,1,1,1,1,0
11.622222222222222,1,0,0,0,1,1,1,1,0
11.625,1,0,0,0,1,1,0,1,0
11.627777777777778,1,0,0,0,1,1,0,1,0
11.630555555555556,1,0,0,0,1,1,0,1,0
11.633333333333333,1,0,0,0,1,1,0,1,0
11.636111111111111,1,0,0,0,1,1,0,1,0
11.63888888888889,1,0,0,0,1,1,0,1,0
11.641666666666667,1,0,0,0,1,1,0,1,0
11.644444444444444,1,0,0,0,1,1,0,1,0
11.647222222222222,1,0,0,0,1,1,0,1,0
11.65,1,0,0,0,1,1,0,1,0
11.652777777777779,1,0,0,0,1,1,0,1,0
11.655555555555555,1,0,0,0,1,1,0,1,0
11.658333333333333,1,0,0,0,1,1,0,1,0
11.661111111111111,1,0,0,0,1,1,0,1,0
11.66388888888889,1,0,0,0,1,1,0,1,0
11.666666666666666,1,0,0,0,1,1,0,1,0
11.669444444444444,1,0,0,0,1,1,0,1,0
11.672222222222222,1,0,0,0,1,1,0,1,0
11.675,1,0,0,0,1,1,0,1,0
11.677777777777777,1,0,0,0,1,1,0,1,0
11.680555555555555,1,0,0,0,1,1,0,1,0
11.683333333333334,1,0,0,0,1,1,0,1,0
11.686111111111112,1,0,0,0,1,1,0,1,0
11.688888888888888,1,0,0,0,1,1,0,1,0
11.691666666666666,1,0,0,0,1,1,0,1,0
11.694444444444445,1,0,0,0,1,1,0,1,0
11.697222222222223,1,0,0,0,1,1,0,1,0
11.7,1,0,0,0,1,1,0,1,0
11.702777777777778,1,0,0,0,1,1,0,1,0
11.705555555555556,1,0,0,0,1,1,0,1,0
11.708333333333334,1,0,0,0,1,1,0,1,0
11.71111111111111,1,0,0,0,1,1,0,1,0
11.713888888888889,1,0,0,0,1,1,0,1,0
11.716666666666667,1,0,0,0,1,1,0,1,0
11.719444444444445,1,0,0,0,1,1,0,1,0
11.722222222222221,1,0,0,0,1,1,0,1,0
11.725,1,0,0,0,1,1,0,1,0
11.727777777777778,1,0,0,0,1,1,0,1,0
11.730555555555556,1,0,0,0,1,1,0,1,0
11.733333333333333,1,0,0,0,1,1,0,1,0
11.73611111111111,1,0,0,0,1,1,0,1,0
11.738888888888889,1,0,0,0,1,1,0,1,0
11.741666666666667,1,0,0,0,1,1,0,1,0
11.744444444444444,1,0,0,0,1,1,0,1,0
11.747222222222222,1,0,0,0,1,1,0,1,0
11.75,1,0,0,0,1,1,0,1,0
11.752777777777778,1,0,0,0,1,1,0,1,0
11.755555555555556,1,0,0,0,1,1,0,1,0
11.758333333333333,1,0,0,0,1,1,0,1,0
11.761111111111111,1,0,0,0,1,1,0,1,0
11.76388888888889,1,0,0,0,1,1,0,1,0
11.766666666666667,1,0,0,0,1,1,0,1,0
11.769444444444444,1,0,0,0,1,1,0,1,0
11.772222222222222,1,0,0,0,1,1,0,1,0
11.775,1,0,0,0,1,1,0,1,0
11.777777777777779,1,0,0,0,1,1,0,1,0
11.780555555555555,1,0,0,0,1,1,0,1,0
11.783333333333333,1,0,0,0,1,1,0,1,0
11.786111111111111,1,0,0,0,1,1,0,1,0
11.78888888888889,1,0,0,0,1,1,0,1,0
11.791666666666666,1,0,0,0,1,1,0,1,0
11.794444444444444,1,0,0,0,1,1,0,1,0
11.797222222222222,1,0,0,0,1,1,0,1,0
11.8,1,0,0,0,1,1,0,1,0
11.802777777777777,1,0,0,0,1,1,0,1,0
11.805555555555555,1,0,0,0,1,1,0,1,0
11.808333333333334,1,0,0,0,1,1,0,1,0
11.811111111111112,1,0,0,0,1,1,0,1,0
11.813888888888888,1,0,0,0,1,1,0,1,0
11.816666666666666,1,0,0,0,1,1,0,1,0
11.819444444444445,1,0,0,0,1,1,0,1,0
11.822222222222223,1,0,0,0,1,1,0,1,0
11.825,1,0,0,0,1,1,0,1,0
11.827777777777778,1,0,0,0,1,1,0,1,0
11.830555555555556,1,0,0,0,1,1,0,1,0
11.833333333333334,1,0,0,0,1,1,0,1,0
11.83611111111111,1,0,0,0,1,1,0,1,0
11.838888888888889,1,0,0,0,1,1,0,1,0
11.841666666666667,1,0,0,0,1,1,0,1,0
11.844444444444445,1,0,0,0,1,1,0,1,0
11.847222222222221,1,0,0,0,1,1,0,1,0
11.85,1,0,0,0,1,1,0,1,0
11.852777777777778,1,0,0,0,1,1,0,1,0
11.855555555555556,1,0,0,0,1,1,0,1,0
11.858333333333333,1,0,0,0,1,1,0,1,0
11.86111111111111,1,0,0,0,1,1,0,1,0
11.863888888888889,1,0,0,0,1,1,0,1,0
11.866666666666667,1,0,0,0,1,1,0,1,0
11.869444444444444,1,0,0,0,1,1,0,1,0
11.872222222222222,1,0,0,0,1,1,0,1,0
11.875,1,0,0,0,1,1,0,1,0
11.877777777777778,1,0,0,0,1,1,0,1,0
11.880555555555556,1,0,0,0,1,1,0,1,0
11.883333333333333,1,0,0,0,1,1,0,1,0
11.886111111111111,1,0,0,0,1,1,0,1,0
11.88888888888889,1,0,0,0,1,1,0,1,0
11.891666666666667,1,0,0,0,1,1,0,1,0
11.894444444444444,1,0,0,0,1,1,0,1,0
11.897222222222222,1,0,0,0,1,1,0,1,0
11.9,1,0,0,0,1,1,0,1,0
11.902777777777779,1,0,0,0,1,1,0,1,0
11.905555555555555,1,0,0,0,1,1,0,1,0
11.908333333333333,1,0,0,0,1,1,0,1,0
11.911111111111111,1,0,0,0,1,1,0,1,0
11.91388888888889,1,0,0,0,1,1,0,1,0
11.916666666666666,1,0,0,0,1,1,0,1,0
11.919444444444444,1,0,0,0,1,1,0,1,0
11.922222222222222,1,0,0,0,1,1,0,1,0
11.925,1,0,0,0,1,1,0,1,0
11.927777777777777,1,0,0,0,1,1,0,1,0
11.930555555555555,1,0,0,0,1,1,0,1,0
11.933333333333334,1,0,0,0,1,1,0,1,0
11.936111111111112,1,0,0,0,1,1,0,1,0
11.938888888888888,1,0,0,0,1,1,0,1,0
11.941666666666666,1,0,0,0,1,1,0,1,0
11.944444444444445,1,0,0,0,1,1,0,1,0
11.947222222222223,1,0,0,0,1,1,0,1,0
11.95,1,0,0,0,1,1,0,1,0
11.952777777777778,1,0,0,0,1,1,0,1,0
11.955555555555556,1,0,0,0,1,1,0,1,0
11.958333333333334,1,0,0,0,1,1,0,1,0
11.96111111111111,1,0,0,0,1,1,0,1,0
11.963888888888889,1,0,0,0,1,1,0,1,0
11.966666666666667,1,0,0,0,1,1,0,1,0
11.969444444444445,1,0,0,0,1,1,0,1,0
11.972222222222221,1,0,0,0,1,1,0,1,0
11.975,1,0,0,0,1,1,0,1,0
11.977777777777778,1,0,0,0,1,1,0,1,0
11.980555555555556,1,0,0,0,1,1,0,1,0
11.983333333333333,1,0,0,0,1,1,0,1,0
11.98611111111111,1,0,0,0,1,1,0,1,0
11.988888888888889,1,0,0,0,1,1,0,1,0
11.991666666666667,1,0,0,0,1,1,0,1,0
11.994444444444444,1,0,0,0,1,1,0,1,0
11.997222222222222,1,0,0,0,1,1,0,1,0
12.0,1,0,0,0,1,1,0,1,0
12.002777777777778,1,0,0,0,1,1,0,1,0
12.005555555555556,1,0,0,0,1,1,0,1,0
12.008333333333333,1,0,0,0,1,1,0,1,0
12.011111111111111,1,0,0,0,1,1,0,1,0
12.01388888888889,1,0,0,0,1,1,0,1,0
12.016666666666667,1,0,0,0,1,1,0,1,0
12.019444444444444,1,0,0,0,1,1,0,1,0
12.022222222222222,1,0,0,0,1,1,0,1,0
12.025,1,0,0,0,1,1,0,1,0
12.027777777777779,1,0,0,0,1,1,0,1,0
12.030555555555555,1,0,0,0,1,1,0,1,0
12.033333333333333,1,0,0,0,1,1,0,1,0
12.036111111111111,1,0,0,0,1,1,0,1,0
12.03888888888889,1,0,0,0,1,1,0,1,0
12.041666666666666,1,0,0,0,1,1,0,1,0
12.044444444444444,1,0,0,0,1,1,0,1,0
12.047222222222222,1,0,0,0,1,1,0,1,0
12.05,1,0,0,0,1,1,0,1,0
12.052777777777777,1,0,0,0,1,1,0,1,0
12.055555555555555,1,0,0,0,1,1,0,1,0
12.058333333333334,1,0,0,0,1,1,0,1,0
12.061111111111112,1,0,0,0,1,1,0,1,0
12.063888888888888,1,0,0,0,1,1,0,1,0
12.066666666666666,1,0,0,0,1,1,0,1,0
12.069444444444445,1,0,0,0,1,1,0,1,0
12.072222222222223,1,0,0,0,1,1,0,1,0
12.075,1,0,0,0,1,1,0,1,0
12.077777777777778,1,0,0,0,1,1,0,1,0
12.080555555555556,1,0,0,0,1,1,0,1,0
12.083333333333334,1,0,0,0,1,1,0,1,0
12.08611111111111,1,0,0,0,1,1,0,1,0
12.088888888888889,1,0,0,0,1,1,0,1,0
12.091666666666667,1,0,0,0,1,1,0,1,0
12.094444444444445,1,0,0,0,1,1,0,1,0
12.097222222222221,1,0,0,0,1,1,0,1,0
12.1,1,0,0,0,1,1,0,1,0
12.102777777777778,1,0,0,0,1,1,0,1,0
12.105555555555556,1,0,0,0,1,1,0,1,0
12.108333333333333,1,0,0,0,1,1,0,1,0
12.11111111111111,1,0,0,0,1,1,0,1,0
12.113888888888889,1,0,0,0,1,1,0,1,0
12.116666666666667,1,0,0,0,1,1,0,1,0
12.119444444444444,1,0,0,0,1,1,0,1,0
12.122222222222222,1,0,0,0,1,1,0,1,0
12.125,1,0,0,0,1,1,0,1,0
12.127777777777778,1,0,0,0,1,1,0,1,0
12.130555555555556,1,0,0,0,1,1,0,1,0
12.133333333333333,1,0,0,0,1,1,0,1,0
12.136111111111111,1,0,0,0,1,1,0,1,0
12.13888888888889,1,0,0,0,1,1,0,1,0
12.141666666666667,1,0,0,0,1,1,0,1,0
12.144444444444444,1,0,0,0,1,1,0,1,0
12.147222222222222,1,0,0,0,1,1,0,1,0
12.15,1,0,0,0,1,1,0,1,0
12.152777777777779,1,0,0,0,1,1,0,1,0
12.155555555555555,1,0,0,0,1,1,0,1,0
12.158333333333333,1,0,0,0,1,1,0,1,0
12.161111111111111,1,0,0,0,1,1,0,1,0
12.16388888888889,1,0,0,0,1,1,0,1,0
12.166666666666666,1,0,0,0,1,1,0,1,0
12.169444444444444,1,0,0,0,1,1,0,1,0
12.172222222222222,1,0,0,0,1,1,0,1,0
12.175,1,0,0,0,1,1,0,1,0
12.177777777777777,1,0,0,0,1,1,0,1,0
12.180555555555555,1,0,0,0,1,1,0,1,0
12.183333333333334,1,0,0,0,1,1,0,1,0
12.186111111111112,1,0,0,0,1,1,0,1,0
12.188888888888888,1,0,0,0,1,1,0,1,0
12.191666666666666,1,0,0,0,1,1,0,1,0
12.194444444444445,1,0,0,0,1,1,0,1,0
12.197222222222223,1,0,0,0,1,1,0,1,0
12.2,1,0,0,0,1,1,0,1,0
12.202777777777778,1,0,0,0,1,1,0,1,0
12.205555555555556,1,0,0,0,1,1,0,1,0
12.208333333333334,1,0,0,0,1,1,0,1,0
12.21111111111111,1,0,0,0,1,1,0,1,0
12.213888888888889,1,0,0,0,1,1,0,1,0
12.216666666666667,1,0,0,0,1,1,0,1,0
12.219444444444445,1,0,0,0,1,1,0,1,0
12.222222222222221,1,0,0,0,1,1,0,1,0
12.225,1,0,0,0,1,1,0,1,0
12.227777777777778,1,0,0,0,1,1,0,1,0
12.230555555555556,1,0,0,0,1,1,0,1,0
12.233333333333333,1,0,0,0,1,1,0,1,0
12.23611111111111,1,0,0,0,1,1,0,1,0
12.238888888888889,1,0,0,0,1,1,0,1,0
12.241666666666667,1,0,0,0,1,1,0,1,0
12.244444444444444,1,0,0,0,1,1,0,1,0
12.247222222222222,1,0,0,0,1,1,0,1,0
12.25,1,0,0,0,1,1,0,1,0
12.252777777777778,1,0,0,0,1,1,0,1,0
12.255555555555556,1,0,0,0,1,1,0,1,0
12.258333333333333,1,0,0,0,1,1,0,1,0
12.261111111111111,1,0,0,0,1,1,0,1,0
12.26388888888889,1,0,0,0,1,1,0,1,0
12.266666666666667,1,0,0,0,1,1,0,1,0
12.269444444444444,1,0,1,0,1,1,0,1,0
12.272222222222222,1,0,1,0,1,1,0,1,0
12.275,1,0,1,0,1,1,0,1,0
12.277777777777779,1,0,1,0,1,1,0,1,0
12.280555555555555,1,0,1,0,1,1,0,1,0
12.283333333333333,1,0,1,0,1,1,0,1,0
12.286111111111111,1,0,1,0,1,1,0,1,0
12.28888888888889,1,0,1,0,1,1,0,1,0
12.291666666666666,1,0,1,0,1,1,0,1,0
12.294444444444444,1,0,1,0,1,1,0,1,0
12.297222222222222,1,0,1,0,1,1,0,1,0
12.3,1,0,1,0,1,1,0,1,0
12.302777777777777,1,0,1,0,1,1,0,1,0
12.305555555555555,1,0,1,0,1,1,0,1,0
12.308333333333334,1,0,1,0,1,1,0,1,0
12.311111111111112,1,0,1,0,1,1,0,1,0
12.313888888888888,1,0,1,0,1,1,0,1,0
12.316666666666666,1,0,1,0,1,1,0,1,0
12.319444444444445,1,0,1,0,1,1,0,1,0
12.322222222222223,1,0,1,0,1,1,0,1,0
12.325,1,0,1,0,1,1,0,1,0
12.327777777777778,1,0,1,0,1,1,0,1,0
12.330555555555556,1,0,1,0,1,1,0,1,0
12.333333333333334,1,0,1,0,1,1,0,1,0
12.33611111111111,1,0,1,0,1,1,0,1,0
12.338888888888889,1,0,1,0,1,1,0,1,0
12.341666666666667,1,0,1,0,1,1,0,1,0
12.344444444444445,1,0,1,0,1,1,0,1,0
12.347222222222221,1,0,1,0,1,1,0,1,0
12.35,1,0,1,0,1,1,0,1,0
12.352777777777778,1,0,1,0,1,1,0,1,0
12.355555555555556,1,0,1,0,1,1,0,1,0
12.358333333333333,1,0,1,0,1,1,0,1,0
12.36111111111111,1,0,1,0,1,1,0,1,0
12.363888888888889,1,0,1,0,1,1,0,1,0
12.366666666666667,1,0,1,0,1,1,0,1,0
12.369444444444444,1,0,1,0,1,1,0,1,0
12.372222222222222,1,0,1,0,1,1,0,1,0
12.375,1,0,1,0,1,1,0,1,0
12.377777777777778,1,0,1,0,1,1,0,1,0
12.380555555555556,1,0,1,0,1,1,0,1,0
12.383333333333333,1,0,1,0,1,1,0,1,0
12.386111111111111,1,0,1,0,1,1,0,1,0
12.38888888888889,1,0,1,0,1,1,0,1,0
12.391666666666667,1,0,1,0,1,1,0,1,0
12.394444444444444,1,0,1,0,1,1,0,1,0
12.397222222222222,1,0,1,0,1,1,0,1,0
12.4,1,0,1,0,1,1,0,1,0
12.402777777777779,1,0,1,0,1,1,0,1,0
12.405555555555555,1,0,1,0,1,1,0,1,0
12.408333333333333,1,0,1,0,1,1,0,1,0
12.411111111111111,1,0,1,0,1,1,0,1,0
12.41388888888889,1,0,1,0,1,1,0,1,0
12.416666666666666,1,0,1,0,1,1,0,1,0
12.419444444444444,1,0,1,0,1,1,0,1,0
12.422222222222222,1,0,1,0,1,1,0,1,0
12.425,1,0,1,0,1,1,0,1,0
12.427777777777777,1,0,1,0,1,1,0,1,0
12.430555555555555,1,0,1,0,1,1,0,1,0
12.433333333333334,1,0,1,0,1,1,0,1,0
12.436111111111112,1,0,1,0,1,1,0,1,0
12.438888888888888,1,0,1,0,1,1,0,1,0
12.441666666666666,1,0,1,0,1,1,0,1,0
12.444444444444445,1,0,1,0,1,1,0,1,0
12.447222222222223,1,0,0,0,1,1,0,1,0
12.45,1,0,0,0,1,1,0,1,0
12.452777777777778,1,0,0,0,1,1,0,1,0
12.455555555555556,1,0,0,0,1,1,0,1,0
12.458333333333334,1,0,0,0,1,1,0,1,0
12.46111111111111,1,0,0,0,1,1,0,1,0
12.463888888888889,1,0,0,0,1,1,0,1,0
12.466666666666667,1,0,0,0,1,1,0,1,0
12.469444444444445,1,0,0,0,1,1,0,1,0
12.472222222222221,1,0,0,0,1,1,0,1,0
12.475,1,0,0,0,1,1,0,1,0
12.477777777777778,1,0,0,0,1,1,0,1,0
12.480555555555556,1,0,0,0,1,1,0,1,0
12.483333333333333,1,0,0,0,1,1,0,1,0
12.48611111111111,1,0,0,0,1,1,0,1,0
12.488888888888889,1,0,0,0,1,1,0,1,0
12.491666666666667,1,0,0,0,1,1,0,1,0
12.494444444444444,1,0,0,0,1,1,0,1,0
12.497222222222222,1,0,0,0,1,1,0,1,0
12.5,1,0,0,0,1,1,0,1,0
12.502777777777778,1,0,0,0,1,1,0,1,0
12.505555555555556,1,0,0,0,1,1,0,1,0
12.508333333333333,1,0,0,0,1,1,0,1,0
12.511111111111111,1,0,0,0,1,1,0,1,0
12.51388888888889,1,0,0,0,1,1,0,1,0
12.516666666666667,1,0,0,0,1,1,0,1,0
12.519444444444444,1,0,0,0,1,1,0,1,0
12.522222222222222,1,0,0,0,1,1,0,1,0
12.525,1,0,0,0,1,1,0,1,0
12.527777777777779,1,0,0,0,1,1,0,1,0
12.530555555555555,1,0,0,0,1,1,0,1,0
12.533333333333333,1,0,0,0,1,1,0,1,0
12.536111111111111,1,0,0,0,1,1,0,1,0
12.53888888888889,1,0,0,0,1,1,0,1,0
12.541666666666666,1,0,0,0,1,1,0,1,0
12.544444444444444,1,0,0,0,1,1,0,1,0
12.547222222222222,1,0,0,0,1,1,0,1,0
12.55,1,0,0,0,1,1,0,1,0
12.552777777777777,1,0,0,0,1,1,0,1,0
12.555555555555555,1,0,0,0,1,1,0,1,0
12.558333333333334,1,0,0,0,1,1,0,1,0
12.561111111111112,1,0,0,0,1,1,0,1,0
12.563888888888888,1,0,0,0,1,1,0,1,0
12.566666666666666,1,0,0,0,1,1,0,1,0
12.569444444444445,1,0,0,0,1,1,0,1,0
12.572222222222223,1,0,0,0,1,1,0,1,0
12.575,1,0,0,0,1,1,0,1,0
12.577777777777778,1,0,0,0,1,1,0,1,0
12.580555555555556,1,0,0,0,1,1,0,1,0
12.583333333333334,1,0,0,0,1,1,0,1,0
12.58611111111111,1,0,0,0,1,1,0,1,0
12.588888888888889,1,0,0,0,1,1,0,1,0
12.591666666666667,1,0,0,0,1,1,0,1,0
12.594444444444445,1,0,0,0,1,1,0,1,0
12.597222222222221,1,0,0,0,1,1,0,1,0
12.6,1,0,0,0,1,1,0,1,0
12.602777777777778,1,0,0,0,1,1,0,1,0
12.605555555555556,1,0,0,0,1,1,0,1,0
12.608333333333333,1,0,0,0,1,1,0,1,0
12.61111111111111,1,0,0,0,1,1,0,1,0
12.613888888888889,1,0,0,0,1,1,0,1,0
12.616666666666667,1,0,0,0,1,1,0,1,0
12.619444444444444,1,0,0,0,1,1,0,1,0
12.622222222222222,1,0,0,0,1,1,0,1,0
12.625,1,0,0,0,1,1,0,1,0
12.627777777777778,1,0,0,0,1,1,0,1,0
12.630555555555556,1,0,0,0,1,1,0,1,0
12.633333333333333,1,0,0,0,1,1,0,1,0
12.636111111111111,1,0,0,0,1,1,0,1,0
12.63888888888889,1,0,0,0,1,1,0,1,0
12.641666666666667,1,0,0,0,1,1,0,1,0
12.644444444444444,1,0,0,0,1,1,0,1,0
12.647222222222222,1,0,0,0,1,1,0,1,0
12.65,1,0,0,0,1,1,0,1,0
12.652777777777779,1,0,0,0,1,1,0,1,0
12.655555555555555,1,0,0,0,1,1,0,1,0
12.658333333333333,1,0,0,0,1,1,0,1,0
12.661111111111111,1,0,0,0,1,1,0,1,0
12.66388888888889,1,0,0,0,1,1,0,1,0
12.666666666666666,1,0,0,0,1,1,0,1,0
12.669444444444444,1,0,0,0,1,1,0,1,0
12.672222222222222,1,0,0,0,1,1,0,1,0
12.675,1,0,0,0,1,1,0,1,0
12.677777777777777,1,0,0,0,1,1,0,1,0
12.680555555555555,1,0,0,0,1,1,0,1,0
12.683333333333334,1,0,0,0,1,1,0,1,0
12.686111111111112,1,0,0,0,1,1,0,1,0
12.688888888888888,1,0,0,0,1,1,0,1,0
12.691666666666666,1,0,0,0,1,1,0,1,0
12.694444444444445,1,0,0,0,1,1,0,1,0
12.697222222222223,1,0,0,0,1,1,0,1,0
12.7,1,0,0,0,1,1,0,1,0
12.702777777777778,1,0,0,0,1,1,0,1,0
12.705555555555556,1,0,0,0,1,1,0,1,0
12.708333333333334,1,0,0,0,1,1,0,1,0
12.71111111111111,1,0,0,0,1,1,0,1,0
12.713888888888889,1,0,0,0,1,1,0,1,0
12.716666666666667,1,0,0,0,1,1,0,1,0
12.719444444444445,1,0,0,0,1,1,0,1,0
12.722222222222221,1,0,0,0,1,1,0,1,0
12.725,1,0,0,0,1,1,0,1,0
12.727777777777778,1,0,0,0,1,1,0,1,0
12.730555555555556,1,0,0,0,1,1,0,1,0
12.733333333333333,1,0,0,0,1,1,0,1,0
12.73611111111111,1,0,0,0,1,1,0,1,0
12.738888888888889,1,0,0,0,1,1,0,1,0
12.741666666666667,1,0,0,0,1,1,0,1,0
12.744444444444444,1,0,0,0,1,1,0,1,0
12.747222222222222,1,0,0,0,1,1,0,1,0
12.75,1,0,0,0,1,1,0,1,0
12.752777777777778,1,0,0,0,1,1,0,1,0
12.755555555555556,1,0,0,0,1,1,0,1,0
12.758333333333333,1,0,0,0,1,1,0,1,0
12.761111111111111,1,0,0,0,1,1,0,1,0
12.76388888888889,1,0,0,0,1,1,0,1,0
12.766666666666667,1,0,0,0,1,1,0,1,0
12.769444444444444,1,0,0,0,1,1,0,1,0
12.772222222222222,1,0,0,0,1,1,0,1,0
12.775,1,0,0,0,1,1,0,1,0
12.777777777777779,1,0,0,0,1,1,0,1,0
12.780555555555555,1,0,0,0,1,1,0,1,0
12.783333333333333,1,0,0,0,1,1,0,1,0
12.786111111111111,1,0,0,0,1,1,0,1,0
12.78888888888889,1,0,0,0,1,1,0,1,0
12.791666666666666,1,0,0,0,1,1,0,1,0
12.794444444444444,1,0,0,0,1,1,0,1,0
12.797222222222222,1,0,0,0,1,1,0,1,0
12.8,1,0,0,0,1,1,0,1,0
12.802777777777777,1,0,0,0,1,1,0,1,0
12.805555555555555,1,0,0,0,1,1,0,1,0
12.808333333333334,1,0,0,0,1,1,0,1,0
12.811111111111112,1,0,0,0,1,1,0,1,0
12.813888888888888,1,0,0,0,1,1,0,1,0
12.816666666666666,1,0,0,0,1,1,0,1,0
12.819444444444445,1,0,0,0,1,1,0,1,0
12.822222222222223,1,0,0,0,1,1,0,1,0
12.825,1,0,0,0,1,1,0,1,0
12.827777777777778,1,0,0,0,1,1,0,1,0
12.830555555555556,1,0,0,0,1,1,0,1,0
12.833333333333334,1,0,0,0,1,1,0,1,1
12.83611111111111,1,0,1,0,1,1,0,1,0
12.838888888888889,1,0,1,0,1,1,0,1,0
12.841666666666667,1,0,1,0,1,1,0,1,0
12.844444444444445,1,0,1,0,1,1,0,1,0
12.847222222222221,1,0,1,0,1,1,0,1,0
12.85,1,0,1,0,1,1,0,1,0
12.852777777777778,1,0,1,0,1,1,0,1,0
12.855555555555556,1,0,1,0,1,1,0,1,0
12.858333333333333,1,0,1,0,1,1,0,1,0
12.86111111111111,1,0,1,0,1,1,0,1,0
12.863888888888889,1,0,1,0,1,1,0,1,0
12.866666666666667,1,0,1,0,1,1,0,1,0
12.869444444444444,1,0,1,0,1,1,0,1,0
12.872222222222222,1,0,1,0,1,1,0,1,0
12.875,1,0,1,0,1,1,0,1,0
12.877777777777778,1,0,1,0,1,1,0,1,0
12.880555555555556,1,0,1,0,1,1,0,1,0
12.883333333333333,1,0,1,0,1,1,0,1,0
12.886111111111111,1,0,1,0,1,1,0,1,0
12.88888888888889,1,0,1,0,1,1,0,1,0
12.891666666666667,1,0,1,0,1,1,0,1,0
12.894444444444444,1,0,1,0,1,1,0,1,0
12.897222222222222,1,0,1,0,1,1,0,1,0
12.9,1,0,1,0,1,1,0,1,0
12.902777777777779,1,0,1,0,1,1,0,1,0
12.905555555555555,1,0,1,0,1,1,0,1,0
12.908333333333333,1,0,1,0,1,1,0,1,0
12.911111111111111,1,0,1,0,1,1,0,1,0
12.91388888888889,1,0,1,0,1,1,0,1,0
12.916666666666666,1,0,1,0,1,1,0,1,0
12.919444444444444,1,0,1,0,1,1,0,1,0
12.922222222222222,1,0,1,0,1,1,0,1,0
12.925,1,0,1,0,1,1,0,1,0
12.927777777777777,1,0,1,0,1,1,0,1,0
12.930555555555555,1,0,1,0,1,1,0,1,0
12.933333333333334,1,0,1,0,1,1,0,1,0
12.936111111111112,1,0,1,0,1,1,0,1,0
12.938888888888888,1,0,1,0,1,1,0,1,0
12.941666666666666,1,0,1,0,1,1,0,1,0
12.944444444444445,1,0,1,0,1,1,0,1,0
12.947222222222223,1,0,1,0,1,1,0,1,0
12.95,1,0,1,0,1,1,0,1,0
12.952777777777778,1,0,1,0,1,1,0,1,0
12.955555555555556,1,0,1,0,1,1,0,1,0
12.958333333333334,1,0,1,0,1,1,0,1,0
12.96111111111111,1,0,1,0,1,1,0,1,0
12.963888888888889,1,0,1,0,1,1,0,1,0
12.966666666666667,1,0,1,0,1,1,0,1,0
12.969444444444445,1,0,1,0,1,1,0,1,0
12.972222222222221,1,0,1,0,1,1,0,1,0
12.975,1,0,1,0,1,1,0,1,0
12.977777777777778,1,0,1,0,1,1,0,1,0
12.980555555555556,1,0,1,0,1,1,0,1,0
12.983333333333333,1,0,1,0,1,1,0,1,0
12.98611111111111,1,0,1,0,1,1,0,1,0
12.988888888888889,1,0,1,0,1,1,0,1,0
12.991666666666667,1,0,1,0,1,1,0,1,0
12.994444444444444,1,0,1,0,1,1,0,1,0
12.997222222222222,1,0,1,0,1,1,0,1,0
13.0,1,0,1,0,1,1,0,1,0
13.002777777777778,1,0,1,0,1,1,0,1,0
13.005555555555556,1,0,1,0,1,1,0,1,0
13.008333333333333,1,0,1,0,1,1,0,1,0
13.011111111111111,1,0,1,0,1,1,0,1,0
13.01388888888889,1,0,1,0,1,1,0,1,0
13.016666666666667,1,0,1,0,1,1,0,1,0
13.019444444444444,1,0,1,0,1,1,0,1,0
13.022222222222222,1,0,1,0,1,1,0,1,0
13.025,1,0,1,0,1,1,0,1,0
13.027777777777779,1,0,1,0,1,1,0,1,0
13.030555555555555,1,0,1,0,1,1,0,1,0
13.033333333333333,1,0,1,0,1,1,0,1,0
13.036111111111111,1,0,1,0,1,1,0,1,0
13.03888888888889,1,0,1,0,1,1,0,1,0
13.041666666666666,1,0,1,0,1,1,0,1,0
13.044444444444444,1,0,1,0,1,1,0,1,0
13.047222222222222,1,0,1,0,1,1,0,1,0
13.05,1,0,1,0,1,1,0,1,0
13.052777777777777,1,0,1,0,1,1,0,1,0
13.055555555555555,1,0,1,0,1,1,0,1,0
13.058333333333334,1,0,1,0,1,1,0,1,0
13.061111111111112,1,0,1,0,1,1,0,1,0
13.063888888888888,1,0,1,0,1,1,0,1,0
13.066666666666666,1,0,1,0,1,1,0,1,0
13.069444444444445,1,0,1,0,1,1,0,1,0
13.072222222222223,1,0,1,0,1,1,0,1,0
13.075,1,0,1,0,1,1,0,1,0
13.077777777777778,1,0,1,0,1,1,0,1,0
13.080555555555556,1,0,1,0,1,1,0,1,0
13.083333333333334,1,0,1,0,1,1,0,1,0
13.08611111111111,1,0,1,0,1,1,0,1,0
13.088888888888889,1,0,1,0,1,1,0,1,0
13.091666666666667,1,0,1,0,1,1,0,1,0
13.094444444444445,1,0,1,0,1,1,0,1,0
13.097222222222221,1,0,1,0,1,1,0,1,0
13.1,1,0,1,0,1,1,0,1,0
13.102777777777778,1,0,1,0,1,1,0,1,0
13.105555555555556,1,0,1,0,1,1,0,1,0
13.108333333333333,1,0,1,0,1,1,0,1,0
13.11111111111111,1,0,1,0,1,1,0,1,0
13.113888888888889,1,0,1,0,1,1,0,1,0
13.116666666666667,1,0,1,0,1,1,0,1,0
13.119444444444444,1,0,1,0,1,1,0,1,0
13.122222222222222,1,0,1,0,1,1,0,1,0
13.125,1,0,1,0,1,1,0,1,0
13.127777777777778,1,0,1,0,1,1,0,1,0
13.130555555555556,1,0,1,0,1,1,0,1,0
13.133333333333333,1,0,1,0,1,1,0,1,0
13.136111111111111,1,0,1,0,1,1,0,1,0
13.13888888888889,1,0,1,0,1,1,0,1,0
13.141666666666667,1,0,1,0,1,1,0,1,0
13.144444444444444,1,0,1,0,1,1,0,1,0
13.147222222222222,1,0,1,0,1,1,0,1,0
13.15,1,0,1,0,1,1,0,1,0
13.152777777777779,1,0,1,0,1,1,0,1,0
13.155555555555555,1,0,1,0,1,1,0,1,0
13.158333333333333,1,0,1,0,1,1,0,1,0
13.161111111111111,1,0,1,0,1,1,0,0,0
13.16388888888889,1,0,1,0,1,1,0,0,0
13.166666666666666,1,0,1,0,1,1,0,1,0
13.169444444444444,1,0,1,0,1,1,0,1,0
13.172222222222222,1,0,1,0,1,1,0,1,0
13.175,1,0,1,0,1,1,0,0,0
13.177777777777777,1,0,1,0,1,1,0,1,0
13.180555555555555,1,0,1,0,1,1,0,1,0
13.183333333333334,1,0,1,0,1,1,0,1,0
13.186111111111112,1,0,1,0,1,1,0,1,0
13.188888888888888,1,0,1,0,1,1,0,1,0
13.191666666666666,1,0,1,0,1,1,0,0,0
13.194444444444445,1,0,1,0,1,1,0,1,0
13.197222222222223,1,0,1,0,1,1,0,1,0
13.2,1,0,1,0,1,1,0,1,0
13.202777777777778,1,0,1,0,1,1,0,1,0
13.205555555555556,1,0,1,0,1,1,0,1,0
13.208333333333334,1,0,1,0,1,1,0,1,0
13.21111111111111,1,0,1,0,1,1,0,1,0
13.213888888888889,1,0,1,0,1,1,0,1,0
13.216666666666667,1,0,1,0,1,1,0,1,0
13.219444444444445,1,0,1,0,1,1,0,1,0
13.222222222222221,1,0,1,0,1,1,0,1,0
13.225,1,0,1,0,1,1,0,1,0
13.227777777777778,1,0,1,0,1,1,0,1,0
13.230555555555556,1,0,1,0,1,1,0,1,0
13.233333333333333,1,0,1,0,1,1,0,1,0
13.23611111111111,1,0,1,0,1,1,0,1,0
13.238888888888889,1,0,1,0,1,1,0,1,0
13.241666666666667,1,0,1,0,1,1,0,1,0
13.244444444444444,1,0,1,0,1,1,0,1,0
13.247222222222222,1,0,1,0,1,1,0,1,0
13.25,1,0,1,0,1,1,0,1,0
13.252777777777778,1,0,1,0,1,1,0,1,0
13.255555555555556,1,0,1,0,1,1,0,1,0
13.258333333333333,1,0,1,0,1,1,0,1,0
13.261111111111111,1,0,1,0,1,1,0,1,0
13.26388888888889,1,0,1,0,1,1,0,1,0
13.266666666666667,1,0,1,0,1,1,0,1,0
13.269444444444444,1,0,1,0,1,1,0,1,0
13.272222222222222,1,0,1,0,1,1,0,1,0
13.275,1,0,1,0,1,1,0,1,0
13.277777777777779,1,0,1,0,1,1,0,1,0
13.280555555555555,1,0,1,0,1,1,0,1,0
13.283333333333333,1,0,1,0,1,1,0,1,0
13.286111111111111,1,0,1,0,1,1,0,1,0
13.28888888888889,1,0,1,0,1,1,0,1,0
13.291666666666666,1,0,1,0,1,1,0,1,0
13.294444444444444,1,0,1,0,1,1,0,1,0
13.297222222222222,1,0,1,0,1,1,0,1,0
13.3,1,0,1,0,1,1,0,1,0
13.302777777777777,1,0,1,0,1,1,0,1,0
13.305555555555555,1,0,1,0,1,1,0,1,0
13.308333333333334,1,0,1,0,1,1,0,1,0
13.311111111111112,1,0,1,0,1,1,0,1,0
13.313888888888888,1,0,1,0,1,1,0,0,0
13.316666666666666,1,0,1,0,1,1,0,1,0
13.319444444444445,1,0,1,0,1,1,0,1,0
13.322222222222223,1,0,1,0,1,1,0,1,0
13.325,1,0,1,0,1,1,0,1,0
13.327777777777778,1,0,1,0,1,1,0,1,0
13.330555555555556,1,0,1,0,1,1,0,0,0
13.333333333333334,1,0,1,0,1,1,0,1,1
13.33611111111111,1,0,1,0,1,1,0,1,0
13.338888888888889,1,0,1,0,1,1,0,1,0
13.341666666666667,1,0,1,0,1,1,0,1,0
13.344444444444445,1,0,1,0,1,1,0,1,0
13.347222222222221,1,0,1,0,1,1,0,1,0
13.35,1,0,1,0,1,1,0,1,0
13.352777777777778,1,0,1,0,1,1,0,1,0
13.355555555555556,1,0,1,0,1,1,0,1,0
13.358333333333333,1,0,1,0,1,1,0,1,0
13.36111111111111,1,0,1,0,1,1,0,1,0
13.363888888888889,1,0,1,0,1,1,0,1,0
13.366666666666667,1,0,1,0,1,1,0,1,0
13.369444444444444,1,0,1,0,1,1,0,1,0
13.372222222222222,1,0,1,0,1,1,0,1,0
13.375,1,0,1,0,1,1,0,1,0
13.377777777777778,1,0,1,0,1,1,0,1,0
13.380555555555556,1,0,1,0,1,1,0,1,0
13.383333333333333,1,0,1,0,1,1,0,1,0
13.386111111111111,1,0,1,0,1,1,0,1,0
13.38888888888889,1,0,1,0,1,1,0,1,0
13.391666666666667,1,0,1,0,1,1,0,1,0
13.394444444444444,1,0,1,0,1,1,0,1,0
13.397222222222222,1,0,1,0,1,1,0,1,0
13.4,1,0,1,0,1,1,0,1,0
13.402777777777779,1,0,1,0,1,1,0,1,0
13.405555555555555,1,0,1,0,1,1,0,1,0
13.408333333333333,1,0,1,0,1,1,0,1,0
13.411111111111111,1,0,1,0,1,1,0,1,0
13.41388888888889,1,0,1,0,1,1,0,1,0
13.416666666666666,1,0,1,0,1,1,0,1,0
13.419444444444444,1,0,1,0,1,1,0,1,0
13.422222222222222,1,0,1,0,1,1,0,1,0
13.425,1,0,1,0,1,1,0,1,0
13.427777777777777,1,0,1,0,1,1,0,1,0
13.430555555555555,1,0,1,0,1,1,0,1,0
13.433333333333334,1,0,1,0,1,1,0,1,0
13.436111111111112,1,0,1,0,1,1,0,1,0
13.438888888888888,1,0,1,0,1,1,0,1,0
13.441666666666666,1,0,1,0,1,1,0,1,0
13.444444444444445,1,0,1,0,1,1,0,1,0
13.447222222222223,1,0,1,0,1,1,0,1,0
13.45,1,0,1,0,1,1,0,1,0
13.452777777777778,1,0,1,0,1,1,0,1,0
13.455555555555556,1,0,1,0,1,1,0,1,0
13.458333333333334,1,0,1,0,1,1,0,1,0
13.46111111111111,1,0,1,0,1,1,0,1,0
13.463888888888889,1,0,1,0,1,1,0,1,0
13.466666666666667,1,0,1,0,1,1,0,1,0
13.469444444444445,1,0,1,0,1,1,0,1,0
13.472222222222221,1,0,1,0,1,1,0,1,0
13.475,1,0,1,0,1,1,0,1,0
13.477777777777778,1,0,1,0,1,1,0,1,0
13.480555555555556,1,0,1,0,1,1,0,1,0
13.483333333333333,1,0,1,0,1,1,0,1,0
13.48611111111111,1,0,1,0,1,1,0,1,0
13.488888888888889,1,0,1,0,1,1,0,1,0
13.491666666666667,1,0,1,0,1,1,0,1,0
13.494444444444444,1,0,1,0,1,1,0,1,0
13.497222222222222,1,0,1,0,1,1,0,1,0
13.5,1,0,1,0,1,1,0,1,0
13.502777777777778,1,0,1,0,1,1,0,1,0
13.505555555555556,1,0,1,0,1,1,0,1,0
13.508333333333333,1,0,1,0,1,1,0,1,0
13.511111111111111,1,0,1,0,1,1,0,1,0
13.51388888888889,1,0,1,0,1,1,0,1,0
13.516666666666667,1,0,1,0,1,1,0,1,0
13.519444444444444,1,0,1,0,1,1,0,1,0
13.522222222222222,1,0,1,0,1,1,0,1,0
13.525,1,0,1,0,1,1,0,1,0
13.527777777777779,1,0,1,0,1,1,0,1,0
13.530555555555555,1,0,1,0,1,1,0,1,0
13.533333333333333,1,0,1,0,1,1,0,1,0
13.536111111111111,1,0,1,0,1,1,0,1,0
13.53888888888889,1,0,1,0,1,1,0,1,0
13.541666666666666,1,0,1,0,1,1,0,1,0
13.544444444444444,1,0,1,0,1,1,0,1,0
13.547222222222222,1,0,1,0,1,1,0,1,0
13.55,1,0,1,0,1,1,0,1,0
13.552777777777777,1,0,1,0,1,1,0,1,0
13.555555555555555,1,0,1,0,1,1,0,1,0
13.558333333333334,1,0,1,0,1,1,0,1,0
13.561111111111112,1,0,1,0,1,1,0,1,0
13.563888888888888,1,0,1,0,1,1,0,1,0
13.566666666666666,1,0,1,0,1,1,0,1,0
13.569444444444445,1,0,1,0,1,1,0,1,0
13.572222222222223,1,0,1,0,1,1,0,1,0
13.575,1,0,1,0,1,1,0,1,0
13.577777777777778,1,0,1,0,1,1,0,1,0
13.580555555555556,1,0,1,0,1,1,0,1,0
13.583333333333334,1,0,1,0,1,1,0,1,0
13.58611111111111,1,0,1,0,1,1,0,1,0
13.588888888888889,1,0,1,0,1,1,0,1,0
13.591666666666667,1,0,1,0,1,1,0,1,0
13.594444444444445,1,0,1,0,1,1,0,1,0
13.597222222222221,1,0,1,0,1,1,0,1,0
13.6,1,0,1,0,1,1,0,1,0
13.602777777777778,1,0,1,0,1,1,0,1,0
13.605555555555556,1,0,1,0,1,1,0,1,0
13.608333333333333,1,0,1,0,1,1,0,1,0
13.61111111111111,1,0,1,0,1,1,0,1,0
13.613888888888889,1,0,1,0,1,1,0,1,0
13.616666666666667,1,0,1,0,1,1,0,1,0
13.619444444444444,1,0,1,0,1,1,0,1,0
13.622222222222222,1,0,1,0,1,1,0,1,0
13.625,1,0,1,0,1,1,0,1,0
13.627777777777778,1,0,1,0,1,1,0,1,0
13.630555555555556,1,0,1,0,1,1,0,1,0
13.633333333333333,1,0,1,0,1,1,0,1,0
13.636111111111111,1,0,1,0,1,1,0,1,0
13.63888888888889,1,0,1,0,1,1,0,1,0
13.641666666666667,1,0,1,0,1,1,0,1,0
13.644444444444444,1,0,1,0,1,1,0,1,0
13.647222222222222,1,0,1,0,1,1,0,1,0
13.65,1,0,1,0,1,1,0,1,0
13.652777777777779,1,0,1,0,1,1,0,1,0
13.655555555555555,1,0,1,0,1,1,0,1,0
13.658333333333333,1,0,1,0,1,1,0,1,0
13.661111111111111,1,0,1,0,1,1,0,1,0
13.66388888888889,1,0,1,0,1,1,0,1,0
13.666666666666666,1,0,1,0,1,1,0,1,0
13.669444444444444,1,0,1,0,1,1,0,1,0
13.672222222222222,1,0,1,0,1,1,0,1,0
13.675,1,0,1,0,1,1,0,1,0
13.677777777777777,1,0,1,0,1,1,0,1,0
13.680555555555555,1,0,1,0,1,1,0,1,0
13.683333333333334,1,0,1,0,1,1,0,1,0
13.686111111111112,1,0,1,0,1,1,0,1,0
13.688888888888888,1,0,1,0,1,1,0,1,0
13.691666666666666,1,0,1,0,1,1,0,1,0
13.694444444444445,1,0,1,0,1,1,0,1,0
13.697222222222223,1,0,1,0,1,1,0,1,0
13.7,1,0,1,0,1,1,0,1,0
13.702777777777778,1,0,1,0,1,1,0,1,0
13.705555555555556,1,0,1,0,1,1,0,1,0
13.708333333333334,1,0,1,0,1,1,0,1,0
13.71111111111111,1,0,1,0,1,1,0,1,0
13.713888888888889,1,0,1,0,1,1,0,1,0
13.716666666666667,1,0,1,0,1,1,0,1,0
13.719444444444445,1,0,1,0,1,1,0,1,0
13.722222222222221,1,0,1,0,1,1,0,1,0
13.725,1,0,1,0,1,1,0,1,0
13.727777777777778,1,0,1,0,1,1,0,1,0
13.730555555555556,1,0,1,0,1,1,0,1,0
13.733333333333333,1,0,1,0,1,1,0,1,0
13.73611111111111,1,0,1,0,1,1,0,1,0
13.738888888888889,1,0,1,0,1,1,0,1,0
13.741666666666667,1,0,1,0,1,1,0,1,0
13.744444444444444,1,0,1,0,1,1,0,1,0
13.747222222222222,1,0,1,0,1,1,0,1,0
13.75,1,0,1,0,1,1,0,1,0
13.752777777777778,1,0,1,0,1,1,0,1,0
13.755555555555556,1,0,1,0,1,1,0,1,0
13.758333333333333,1,0,1,0,1,1,0,1,0
13.761111111111111,1,0,1,0,1,1,0,1,0
13.76388888888889,1,0,1,0,1,1,0,1,0
13.766666666666667,1,0,1,0,1,1,0,1,0
13.769444444444444,1,0,1,0,1,1,0,1,0
13.772222222222222,1,0,1,0,1,1,0,1,0
13.775,1,0,1,0,1,1,0,1,0
13.777777777777779,1,0,1,0,1,1,0,1,0
13.780555555555555,1,0,1,0,1,1,0,1,0
13.783333333333333,1,0,1,0,1,1,0,1,0
13.786111111111111,1,0,1,0,1,1,0,1,0
13.78888888888889,1,0,1,0,1,1,0,1,0
13.791666666666666,1,0,1,0,1,1,0,1,0
13.794444444444444,1,0,1,0,1,1,0,1,0
13.797222222222222,1,0,1,0,1,1,0,1,0
13.8,1,0,1,0,1,1,0,1,0
13.802777777777777,1,0,1,0,1,1,0,1,0
13.805555555555555,1,0,1,0,1,1,0,1,0
13.808333333333334,1,0,1,0,1,1,0,1,0
13.811111111111112,1,0,1,0,1,1,0,1,0
13.813888888888888,1,0,1,0,1,1,0,1,0
13.816666666666666,1,0,1,0,1,1,0,1,0
13.819444444444445,1,0,1,0,1,1,0,1,0
13.822222222222223,1,0,1,0,1,1,0,1,0
13.825,1,0,1,0,1,1,0,1,0
13.827777777777778,1,0,1,0,1,1,0,1,0
13.830555555555556,1,0,1,0,1,1,0,1,0
13.833333333333334,1,0,1,0,1,1,0,1,0
13.83611111111111,1,0,1,0,1,1,0,1,0
13.838888888888889,1,0,1,0,1,1,0,1,0
13.841666666666667,1,0,1,0,1,1,0,1,0
13.844444444444445,1,0,1,0,1,1,0,1,0
13.847222222222221,1,0,1,0,1,1,0,1,0
13.85,1,0,1,0,1,1,0,1,0
13.852777777777778,1,0,1,0,1,1,0,1,0
13.855555555555556,1,0,1,0,1,1,0,1,0
13.858333333333333,1,0,1,0,1,1,0,1,0
13.86111111111111,1,0,1,0,1,1,0,1,0
13.863888888888889,1,0,1,0,1,1,0,1,0
13.866666666666667,1,0,1,0,1,1,0,1,0
13.869444444444444,1,0,1,0,1,1,0,1,0
13.872222222222222,1,0,1,0,1,1,0,1,0
13.875,1,0,1,0,1,1,0,1,0
13.877777777777778,1,0,1,0,1,1,0,1,0
13.880555555555556,1,0,1,0,1,1,0,1,0
13.883333333333333,1,0,1,0,1,1,0,1,0
13.886111111111111,1,0,1,0,1,1,0,1,0
13.88888888888889,1,0,1,0,1,1,0,1,0
13.891666666666667,1,0,1,0,1,1,0,1,0
13.894444444444444,1,0,1,0,1,1,0,1,0
13.897222222222222,1,0,1,0,1,1,0,0,0
13.9,1,0,1,0,1,1,0,1,0
13.902777777777779,1,0,1,0,1,1,0,1,0
13.905555555555555,1,0,1,0,1,1,0,0,0
13.908333333333333,1,0,1,0,1,1,0,1,0
13.911111111111111,1,0,1,0,1,1,0,1,0
13.91388888888889,1,0,1,0,1,1,0,1,0
13.916666666666666,1,0,1,0,1,1,0,1,0
13.919444444444444,1,0,1,0,1,1,0,1,0
13.922222222222222,1,0,1,0,1,1,0,1,0
13.925,1,0,1,0,1,1,0,1,0
13.927777777777777,1,0,1,0,1,1,0,1,0
13.930555555555555,1,0,1,0,1,1,0,1,0
13.933333333333334,1,0,1,0,1,1,0,1,0
13.936111111111112,1,0,1,0,1,1,0,1,0
13.938888888888888,1,0,1,0,1,1,0,0,0
13.941666666666666,1,0,1,0,1,1,0,0,0
13.944444444444445,1,0,1,0,1,1,0,1,0
13.947222222222223,1,0,1,0,1,1,0,1,0
13.95,1,0,1,0,1,1,0,1,0
13.952777777777778,1,0,1,0,1,1,0,0,0
13.955555555555556,1,0,1,0,1,1,0,1,0
13.958333333333334,1,0,1,0,1,1,0,0,0
13.96111111111111,1,0,1,0,1,1,0,1,0
13.963888888888889,1,0,1,0,1,1,0,0,0
13.966666666666667,1,0,1,0,1,1,0,1,0
13.969444444444445,1,0,1,0,1,1,0,1,0
13.972222222222221,1,0,1,0,1,1,0,1,0
13.975,1,0,1,0,1,1,0,1,0
13.977777777777778,1,0,1,0,1,1,0,1,0
13.980555555555556,1,0,1,0,1,1,0,1,0
13.983333333333333,1,0,1,0,1,1,0,1,0
13.98611111111111,1,0,1,0,1,1,0,1,0
13.988888888888889,1,0,1,0,1,1,0,1,0
13.991666666666667,1,0,1,0,1,1,0,0,0
13.994444444444444,1,0,1,0,1,1,0,1,0
13.997222222222222,1,0,1,0,1,1,0,1,0
14.0,1,0,1,0,1,1,0,1,0
14.002777777777778,1,0,1,0,1,1,0,1,0
14.005555555555556,1,0,1,0,1,1,0,1,0
14.008333333333333,1,0,1,0,1,1,0,1,0
14.011111111111111,1,0,1,0,1,1,0,1,0
14.01388888888889,1,0,1,0,1,1,0,1,0
14.016666666666667,1,0,1,0,1,1,0,1,0
14.019444444444444,1,0,1,0,1,1,0,1,0
14.022222222222222,1,0,1,0,1,1,0,1,0
14.025,1,0,1,0,1,1,0,1,0
14.027777777777779,1,0,1,0,1,1,0,1,0
14.030555555555555,1,0,1,0,1,1,0,1,0
14.033333333333333,1,0,1,0,1,1,0,1,0
14.036111111111111,1,0,1,0,1,1,0,1,0
14.03888888888889,1,0,1,0,1,1,0,1,0
14.041666666666666,1,0,1,0,1,1,0,1,0
14.044444444444444,1,0,1,0,1,1,0,1,0
14.047222222222222,1,0,1,0,1,1,0,1,0
14.05,1,0,1,0,1,1,0,1,0
14.052777777777777,1,0,1,0,1,1,0,1,0
14.055555555555555,1,0,1,0,1,1,0,1,0
14.058333333333334,1,0,1,0,1,1,0,1,0
14.061111111111112,1,0,1,0,1,1,0,1,0
14.063888888888888,1,0,1,0,1,1,0,1,0
14.066666666666666,1,0,1,0,1,1,0,1,0
14.069444444444445,1,0,1,0,1,1,0,1,0
14.072222222222223,1,0,1,0,1,1,0,1,0
14.075,1,0,1,0,1,1,0,1,0
14.077777777777778,1,0,1,0,1,1,0,1,0
14.080555555555556,1,0,1,0,1,1,0,1,0
14.083333333333334,1,0,1,0,1,1,0,1,0
14.08611111111111,1,0,1,0,1,1,0,1,0
14.088888888888889,1,0,1,0,1,1,0,0,0
14.091666666666667,1,0,1,0,1,1,0,1,0
14.094444444444445,1,0,1,0,1,1,0,1,0
14.097222222222221,1,0,1,0,1,1,0,1,0
14.1,1,0,1,0,1,1,0,1,0
14.102777777777778,1,0,1,0,1,1,0,1,0
14.105555555555556,1,0,1,0,1,1,0,1,0
14.108333333333333,1,0,1,0,1,1,0,1,0
14.11111111111111,1,0,1,0,1,1,0,1,0
14.113888888888889,1,0,1,0,1,1,0,1,0
14.116666666666667,1,0,1,0,1,1,0,1,0
14.119444444444444,1,0,1,0,1,1,0,1,0
14.122222222222222,1,0,1,0,1,1,0,1,0
14.125,1,0,1,0,1,1,0,1,0
14.127777777777778,1,0,1,0,1,1,0,1,0
14.130555555555556,1,0,1,0,1,1,0,0,0
14.133333333333333,1,0,1,0,1,1,0,1,0
14.136111111111111,1,0,1,0,1,1,0,1,0
14.13888888888889,1,0,1,0,1,1,0,1,0
14.141666666666667,1,0,1,0,1,1,0,1,0
14.144444444444444,1,0,1,0,1,1,0,1,0
14.147222222222222,1,0,1,0,1,1,0,1,0
14.15,1,0,1,0,1,1,0,1,0
14.152777777777779,1,0,1,0,1,1,0,1,0
14.155555555555555,1,0,1,0,1,1,0,1,0
14.158333333333333,1,0,1,0,1,1,0,1,0
14.161111111111111,1,0,1,0,1,1,0,1,0
14.16388888888889,1,0,1,0,1,1,0,1,0
14.166666666666666,1,0,1,0,1,1,0,1,0
14.169444444444444,1,0,1,0,1,1,0,1,0
14.172222222222222,1,0,1,0,1,1,0,1,0
14.175,1,0,1,0,1,1,0,1,0
14.177777777777777,1,0,1,0,1,1,0,1,0
14.180555555555555,1,0,1,0,1,1,0,1,0
14.183333333333334,1,0,1,0,1,1,0,1,0
14.186111111111112,1,0,1,0,1,1,0,1,0
14.188888888888888,1,0,1,0,1,1,0,1,0
14.191666666666666,1,0,1,0,1,1,0,1,0
14.194444444444445,1,0,1,0,1,1,0,1,0
14.197222222222223,1,0,1,0,1,1,0,1,0
14.2,1,0,1,0,1,1,0,1,0
14.202777777777778,1,0,1,0,1,1,0,1,0
14.205555555555556,1,0,1,0,1,1,0,1,0
14.208333333333334,1,0,1,0,1,1,0,1,0
14.21111111111111,1,0,1,0,1,1,0,1,0
14.213888888888889,1,0,1,0,1,1,0,1,0
14.216666666666667,1,0,1,0,1,1,0,1,0
14.219444444444445,1,0,1,0,1,1,0,1,0
14.222222222222221,1,0,1,0,1,1,0,1,0
14.225,1,0,1,0,1,1,0,1,0
14.227777777777778,1,0,1,0,1,1,0,1,0
14.230555555555556,1,0,1,0,1,1,0,1,0
14.233333333333333,1,0,1,0,1,1,0,1,0
14.23611111111111,1,0,1,0,1,1,0,1,0
14.238888888888889,1,0,1,0,1,1,0,1,0
14.241666666666667,1,0,1,0,1,1,0,1,0
14.244444444444444,1,0,1,0,1,1,0,1,0
14.247222222222222,1,0,1,0,1,1,0,1,0
14.25,1,0,1,0,1,1,0,1,0
14.252777777777778,1,0,1,0,1,1,0,1,0
14.255555555555556,1,0,1,0,1,1,0,1,0
14.258333333333333,1,0,1,0,1,1,0,1,0
14.261111111111111,1,0,1,0,1,1,0,1,0
14.26388888888889,1,0,1,0,1,1,0,1,0
14.266666666666667,1,0,1,0,1,1,0,1,0
14.269444444444444,1,0,1,0,1,1,0,1,0
14.272222222222222,1,0,1,0,1,1,0,1,0
14.275,1,0,1,0,1,1,0,1,0
14.277777777777779,1,0,1,0,1,1,0,1,0
14.280555555555555,1,0,1,0,1,1,0,1,0
14.283333333333333,1,0,1,0,1,1,0,1,0
14.286111111111111,1,0,1,0,1,1,0,1,0
14.28888888888889,1,0,1,0,1,1,0,1,0
14.291666666666666,1,0,1,0,1,1,0,1,0
14.294444444444444,1,0,1,0,1,1,0,1,0
14.297222222222222,1,0,1,0,1,1,0,1,0
14.3,1,0,1,0,1,1,0,1,0
14.302777777777777,1,0,1,0,1,1,0,1,0
14.305555555555555,1,0,1,0,1,1,0,0,0
14.308333333333334,1,0,1,0,1,1,0,0,0
14.311111111111112,1,0,1,0,1,1,0,1,0
14.313888888888888,1,0,1,0,1,1,0,1,0
14.316666666666666,1,0,1,0,1,1,0,1,0
14.319444444444445,1,0,0,0,1,1,0,1,0
14.322222222222223,1,0,0,0,1,1,0,1,0
14.325,1,0,0,0,1,1,0,1,0
14.327777777777778,1,0,0,0,1,1,0,1,0
14.330555555555556,1,0,0,0,1,1,0,1,0
14.333333333333334,1,0,0,0,1,1,0,1,0
14.33611111111111,1,0,0,0,1,1,0,1,0
14.338888888888889,1,0,0,0,1,1,0,1,0
14.341666666666667,1,0,0,0,1,1,0,1,0
14.344444444444445,1,0,0,0,1,1,0,1,0
14.347222222222221,1,0,0,0,1,1,0,1,0
14.35,1,0,0,0,1,1,0,1,0
14.352777777777778,1,0,0,0,1,1,0,1,0
14.355555555555556,1,0,0,0,1,1,0,1,0
14.358333333333333,1,0,0,0,1,1,0,1,0
14.36111111111111,1,0,0,0,1,1,0,1,0
14.363888888888889,1,0,0,0,1,1,0,1,0
14.366666666666667,1,0,0,0,1,1,0,1,0
14.369444444444444,1,0,0,0,1,1,0,1,0
14.372222222222222,1,0,0,0,1,1,0,1,0
14.375,1,0,0,0,1,1,0,1,0
14.377777777777778,1,0,0,0,1,1,0,1,0
14.380555555555556,1,0,0,0,1,1,0,1,0
14.383333333333333,1,0,0,0,1,1,0,1,0
14.386111111111111,1,0,0,0,1,1,0,1,0
14.38888888888889,1,0,0,0,1,1,0,1,0
14.391666666666667,1,0,0,0,1,1,0,1,0
14.394444444444444,1,0,0,0,1,1,0,1,0
14.397222222222222,1,0,0,0,1,1,0,1,0
14.4,1,0,0,0,1,1,0,1,0
14.402777777777779,1,0,0,0,1,1,0,1,0
14.405555555555555,1,0,0,0,1,1,0,1,0
14.408333333333333,1,0,0,0,1,1,0,1,0
14.411111111111111,1,0,0,0,1,1,0,1,0
14.41388888888889,1,0,0,0,1,1,0,1,0
14.416666666666666,1,0,0,0,1,1,0,1,0
14.419444444444444,1,0,0,0,1,1,0,1,0
14.422222222222222,1,0,0,0,1,1,0,1,0
14.425,1,0,0,0,1,1,0,1,0
14.427777777777777,1,0,0,0,1,1,0,1,0
14.430555555555555,1,0,0,0,1,1,0,1,0
14.433333333333334,1,0,0,0,1,1,0,1,0
14.436111111111112,1,0,0,0,1,1,0,1,0
14.438888888888888,1,0,0,0,1,1,0,1,0
14.441666666666666,1,0,0,0,1,1,0,1,0
14.444444444444445,1,0,0,0,1,1,0,1,0
14.447222222222223,1,0,0,0,1,1,0,1,0
14.45,1,0,0,0,1,1,0,1,0
14.452777777777778,1,0,0,0,1,1,0,1,0
14.455555555555556,1,0,0,0,1,1,0,1,0
14.458333333333334,1,0,0,0,1,1,0,1,0
14.46111111111111,1,0,0,0,1,1,0,1,0
14.463888888888889,1,0,0,0,1,1,0,1,0
14.466666666666667,1,0,0,0,1,1,0,1,0
14.469444444444445,1,0,0,0,1,1,0,1,0
14.472222222222221,1,0,0,0,1,1,0,1,0
14.475,1,0,0,0,1,1,0,1,0
14.477777777777778,1,0,0,0,1,1,0,1,0
14.480555555555556,1,0,0,0,1,1,0,1,0
14.483333333333333,1,0,0,0,1,1,0,1,0
14.48611111111111,1,0,0,0,1,1,0,1,0
14.488888888888889,1,0,0,0,1,1,0,1,0
14.491666666666667,1,0,0,0,1,1,0,1,0
14.494444444444444,1,0,0,0,1,1,0,1,0
14.497222222222222,1,0,0,0,1,1,0,1,0
14.5,1,0,0,0,1,1,0,1,0
14.502777777777778,1,0,0,0,1,1,0,1,0
14.505555555555556,1,0,0,0,1,1,0,1,0
14.508333333333333,1,0,0,0,1,1,0,1,0
14.511111111111111,1,0,0,0,1,1,0,1,0
14.51388888888889,1,0,0,0,1,1,0,1,0
14.516666666666667,1,0,0,0,1,1,0,1,0
14.519444444444444,1,0,0,0,1,1,0,1,0
14.522222222222222,1,0,0,0,1,1,0,1,0
14.525,1,0,0,0,1,1,0,1,0
14.527777777777779,1,0,0,0,1,1,0,1,0
14.530555555555555,1,0,0,0,1,1,0,1,0
14.533333333333333,1,0,0,0,1,1,0,1,0
14.536111111111111,1,0,0,0,1,1,0,1,0
14.53888888888889,1,0,0,0,1,1,0,1,0
14.541666666666666,1,0,0,0,1,1,0,1,0
14.544444444444444,1,0,0,0,1,1,0,1,0
14.547222222222222,1,0,0,0,1,1,0,1,0
14.55,1,0,0,0,1,1,0,1,0
14.552777777777777,1,0,0,0,1,1,0,1,0
14.555555555555555,1,0,0,0,1,1,0,1,0
14.558333333333334,1,0,0,0,1,1,0,1,0
14.561111111111112,1,0,0,0,1,1,0,1,0
14.563888888888888,1,0,0,0,1,1,0,1,0
14.566666666666666,1,0,0,0,1,1,0,1,0
14.569444444444445,1,0,0,0,1,1,0,1,0
14.572222222222223,1,0,0,0,1,1,0,1,0
14.575,1,0,0,0,1,1,0,1,0
14.577777777777778,1,0,0,0,1,1,0,1,0
14.580555555555556,1,0,0,0,1,1,0,1,0
14.583333333333334,1,0,0,0,1,1,0,1,0
14.58611111111111,1,0,0,0,1,1,0,1,0
14.588888888888889,1,0,0,0,1,1,0,1,0
14.591666666666667,1,0,0,0,1,1,0,1,0
14.594444444444445,1,0,0,0,1,1,0,1,0
14.597222222222221,1,0,0,0,1,1,0,1,0
14.6,1,0,0,0,1,1,0,1,0
14.602777777777778,1,0,0,0,1,1,0,1,0
14.605555555555556,1,0,0,0,1,1,0,1,0
14.608333333333333,1,0,0,0,1,1,0,1,0
14.61111111111111,1,0,0,0,1,1,0,1,0
14.613888888888889,1,0,0,0,1,1,0,1,0
14.616666666666667,1,0,0,0,1,1,0,1,0
14.619444444444444,1,0,0,0,1,1,0,1,0
14.622222222222222,1,0,0,0,1,1,0,1,0
14.625,1,0,0,0,1,1,0,1,0
14.627777777777778,1,0,0,0,1,1,0,1,0
14.630555555555556,1,0,0,0,1,1,0,1,0
14.633333333333333,1,0,0,0,1,1,0,1,0
14.636111111111111,1,0,0,0,1,1,0,1,0
14.63888888888889,1,0,0,0,1,1,0,1,0
14.641666666666667,1,0,0,0,1,1,0,1,0
14.644444444444444,1,0,0,0,1,1,0,1,0
14.647222222222222,1,0,0,0,1,1,0,1,0
14.65,1,0,0,0,1,1,0,1,0
14.652777777777779,1,0,0,0,1,1,0,1,0
14.655555555555555,1,0,0,0,1,1,0,1,0
14.658333333333333,1,0,0,0,1,1,0,1,0
14.661111111111111,1,0,0,0,1,1,0,1,0
14.66388888888889,1,0,0,0,1,1,0,1,0
14.666666666666666,1,0,0,0,1,1,0,1,0
14.669444444444444,1,0,0,0,1,1,0,1,0
14.672222222222222,1,0,0,0,1,1,0,1,0
14.675,1,0,0,0,1,1,0,1,0
14.677777777777777,1,0,0,0,1,1,0,1,0
14.680555555555555,1,0,0,0,1,1,0,1,0
14.683333333333334,1,0,0,0,1,1,0,1,0
14.686111111111112,1,0,0,0,1,1,0,1,0
14.688888888888888,1,0,0,0,1,1,0,1,0
14.691666666666666,1,0,0,0,1,1,0,1,0
14.694444444444445,1,0,0,0,1,1,0,1,0
14.697222222222223,1,0,0,0,1,1,0,1,0
14.7,1,0,0,0,1,1,0,1,0
14.702777777777778,1,0,0,0,1,1,0,1,0
14.705555555555556,1,0,0,0,1,1,0,1,0
14.708333333333334,1,0,0,0,1,1,0,1,0
14.71111111111111,1,0,0,0,1,1,0,1,0
14.713888888888889,1,0,0,0,1,1,0,1,0
14.716666666666667,1,0,0,0,1,1,0,1,0
14.719444444444445,1,0,0,0,1,1,0,1,0
14.722222222222221,1,0,0,0,1,1,0,1,0
14.725,1,0,0,0,1,1,0,1,0
14.727777777777778,1,0,0,0,1,1,0,1,0
14.730555555555556,1,0,0,0,1,1,0,1,0
14.733333333333333,1,0,0,0,1,1,0,1,0
14.73611111111111,1,0,0,0,1,1,0,1,0
14.738888888888889,1,0,0,0,1,1,0,1,0
14.741666666666667,1,0,0,0,1,1,0,1,0
14.744444444444444,1,0,0,0,1,1,0,1,0
14.747222222222222,1,0,0,0,1,1,0,1,0
14.75,1,0,0,0,1,1,0,1,0
14.752777777777778,1,0,0,0,1,1,0,1,0
14.755555555555556,1,0,0,0,1,1,0,1,0
14.758333333333333,1,0,0,0,1,1,0,1,0
14.761111111111111,1,0,0,0,1,1,0,1,0
14.76388888888889,1,0,0,0,1,1,0,1,0
14.766666666666667,1,0,0,0,1,1,0,1,0
14.769444444444444,1,0,0,0,1,1,0,1,0
14.772222222222222,1,0,0,0,1,1,0,1,0
14.775,1,0,0,0,1,1,0,1,0
14.777777777777779,1,0,0,0,1,1,0,1,0
14.780555555555555,1,0,0,0,1,1,0,1,0
14.783333333333333,1,0,0,0,1,1,0,1,0
14.786111111111111,1,0,0,0,1,1,0,1,0
14.78888888888889,1,0,1,0,1,1,0,1,0
14.791666666666666,1,0,1,0,1,1,0,1,0
14.794444444444444,1,0,1,0,1,1,0,1,0
14.797222222222222,1,0,1,0,1,1,0,1,0
14.8,1,0,1,0,1,1,0,1,0
14.802777777777777,1,0,1,0,1,1,0,1,0
14.805555555555555,1,0,1,0,1,1,0,1,0
14.808333333333334,1,0,1,0,1,1,0,1,0
14.811111111111112,1,0,1,0,1,1,0,1,0
14.813888888888888,1,0,1,0,1,1,0,1,0
14.816666666666666,1,0,1,0,1,1,0,1,0
14.819444444444445,1,0,1,0,1,1,0,1,0
14.822222222222223,1,0,1,0,1,1,0,1,0
14.825,1,0,1,0,1,1,0,1,0
14.827777777777778,1,0,1,0,1,1,0,1,0
14.830555555555556,1,0,1,0,1,1,0,1,0
14.833333333333334,1,0,1,0,1,1,0,1,0
14.83611111111111,1,0,1,0,1,1,0,1,0
14.838888888888889,1,0,1,0,1,1,0,1,0
14.841666666666667,1,0,1,0,1,1,0,1,0
14.844444444444445,1,0,1,0,1,1,0,1,0
14.847222222222221,1,0,1,0,1,1,0,1,0
14.85,1,0,1,0,1,1,0,1,0
14.852777777777778,1,0,1,0,1,1,0,1,0
14.855555555555556,1,0,1,0,1,1,0,1,1
14.858333333333333,1,0,1,0,1,1,0,1,1
14.86111111111111,1,0,1,0,1,1,0,1,0
14.863888888888889,1,0,1,0,1,1,0,1,0
14.866666666666667,1,0,1,0,1,1,0,1,0
14.869444444444444,1,0,1,0,1,1,0,1,0
14.872222222222222,1,0,1,0,1,1,0,1,0
14.875,1,0,1,0,1,1,0,1,0
14.877777777777778,1,0,1,0,1,1,0,1,0
14.880555555555556,1,0,1,0,1,1,0,1,0
14.883333333333333,1,0,1,0,1,1,0,1,0
14.886111111111111,1,0,1,0,1,1,0,1,0
14.88888888888889,1,0,1,0,1,1,0,1,0
14.891666666666667,1,0,1,0,1,1,0,1,0
14.894444444444444,1,0,1,0,1,1,0,1,0
14.897222222222222,1,0,1,0,1,1,0,1,0
14.9,1,0,1,0,1,1,0,1,0
14.902777777777779,1,0,1,0,1,1,0,1,0
14.905555555555555,1,0,1,0,1,1,0,1,0
14.908333333333333,1,0,1,0,1,1,0,1,0
14.911111111111111,1,0,1,0,1,1,0,1,0
14.91388888888889,1,0,1,0,1,1,0,1,0
14.916666666666666,1,0,1,0,1,1,0,1,0
14.919444444444444,1,0,1,0,1,1,0,1,0
14.922222222222222,1,0,1,0,1,1,0,1,0
14.925,1,0,1,0,1,1,0,1,0
14.927777777777777,1,0,1,0,1,1,0,1,0
14.930555555555555,1,0,1,0,1,1,0,1,0
14.933333333333334,1,0,1,0,1,1,0,1,0
14.936111111111112,1,0,1,0,1,1,0,1,0
14.938888888888888,1,0,1,0,1,1,0,1,0
14.941666666666666,1,0,1,0,1,1,0,1,0
14.944444444444445,1,0,1,0,1,1,0,1,0
14.947222222222223,1,0,1,0,1,1,0,1,0
14.95,1,0,0,0,1,1,0,1,0
14.952777777777778,1,0,0,0,1,1,0,1,0
14.955555555555556,1,0,0,0,1,1,0,1,0
14.958333333333334,1,0,0,0,1,1,0,1,0
14.96111111111111,1,0,0,0,1,1,0,1,0
14.963888888888889,1,0,0,0,1,1,0,1,0
14.966666666666667,1,0,0,0,1,1,0,1,0
14.969444444444445,1,0,0,0,1,1,0,1,0
14.972222222222221,1,0,0,0,1,1,0,1,0
14.975,1,0,0,0,1,1,0,1,0
14.977777777777778,1,0,0,0,1,1,0,1,0
14.980555555555556,1,0,0,0,1,1,0,1,0
14.983333333333333,1,0,0,0,1,1,0,1,0
14.98611111111111,1,0,0,0,1,1,0,1,0
14.988888888888889,1,0,0,0,1,1,0,1,0
14.991666666666667,1,0,0,0,1,1,0,1,0
14.994444444444444,1,0,0,0,1,1,0,1,0
14.997222222222222,1,0,0,0,1,1,0,1,0
15.0,1,0,0,0,1,1,0,1,0
15.002777777777778,1,0,0,0,1,1,0,1,0
15.005555555555556,1,0,0,0,1,1,0,1,0
15.008333333333333,1,0,0,0,1,1,0,1,0
15.011111111111111,1,0,0,0,1,1,0,1,0
15.01388888888889,1,0,0,0,1,1,0,1,0
15.016666666666667,1,0,0,0,1,1,0,1,0
15.019444444444444,1,0,0,0,1,1,0,1,0
15.022222222222222,1,0,0,0,1,1,0,1,0
15.025,1,0,0,0,1,1,0,1,0
15.027777777777779,1,0,0,0,1,1,0,1,0
15.030555555555555,1,0,0,0,1,1,0,1,0
15.033333333333333,1,0,0,0,1,1,0,1,0
15.036111111111111,1,0,0,0,1,1,0,1,0
15.03888888888889,1,0,0,0,1,1,0,1,0
15.041666666666666,1,0,0,0,1,1,0,1,0
15.044444444444444,1,0,0,0,1,1,0,1,0
15.047222222222222,1,0,0,0,1,1,0,1,0
15.05,1,0,0,0,1,1,0,1,0
15.052777777777777,1,0,0,0,1,1,0,1,0
15.055555555555555,1,0,0,0,1,1,0,1,0
15.058333333333334,1,0,0,0,1,1,0,1,0
15.061111111111112,1,0,0,0,1,1,0,1,0
15.063888888888888,1,0,0,0,1,1,0,1,0
15.066666666666666,1,0,0,0,1,1,0,1,0
15.069444444444445,1,0,0,0,1,1,0,1,0
15.072222222222223,1,0,0,0,1,1,0,1,0
15.075,1,0,0,0,1,1,0,1,0
15.077777777777778,1,0,0,0,1,1,0,1,0
15.080555555555556,1,0,0,0,1,1,0,1,0
15.083333333333334,1,0,0,0,1,1,0,1,0
15.08611111111111,1,0,0,0,1,1,0,1,0
15.088888888888889,1,0,0,0,1,1,0,1,0
15.091666666666667,1,0,0,0,1,1,0,1,0
15.094444444444445,1,0,0,0,1,1,0,1,0
15.097222222222221,1,0,0,0,1,1,0,1,0
15.1,1,0,0,0,1,1,0,1,0
15.102777777777778,1,0,0,0,1,1,0,1,0
15.105555555555556,1,0,0,0,1,1,0,1,0
15.108333333333333,1,0,0,0,1,1,0,1,0
15.11111111111111,1,0,0,0,1,1,0,1,0
15.113888888888889,1,0,0,0,1,1,0,1,0
15.116666666666667,1,0,0,0,1,1,0,1,0
15.119444444444444,1,0,0,0,1,1,0,1,0
15.122222222222222,1,0,0,0,1,1,0,1,0
15.125,1,0,0,0,1,1,0,1,0
15.127777777777778,1,0,0,0,1,1,0,1,0
15.130555555555556,1,0,0,0,1,1,0,1,0
15.133333333333333,1,0,0,0,1,1,0,1,0
15.136111111111111,1,0,0,0,1,1,0,1,0
15.13888888888889,1,0,0,0,1,1,0,1,0
15.141666666666667,1,0,0,0,1,1,0,1,0
15.144444444444444,1,0,0,0,1,1,0,1,0
15.147222222222222,1,0,0,0,1,1,0,1,0
15.15,1,0,0,0,1,1,0,1,0
15.152777777777779,1,0,0,0,1,1,0,1,0
15.155555555555555,1,0,0,0,1,1,0,1,0
15.158333333333333,1,0,0,0,1,1,0,1,0
15.161111111111111,1,0,0,0,1,1,0,1,0
15.16388888888889,1,0,0,0,1,1,0,1,0
15.166666666666666,1,0,0,0,1,1,0,1,0
15.169444444444444,1,0,0,0,1,1,0,1,0
15.172222222222222,1,0,0,0,1,1,0,1,0
15.175,1,0,0,0,1,1,0,1,0
15.177777777777777,1,0,0,0,1,1,0,1,0
15.180555555555555,1,0,0,0,1,1,0,1,0
15.183333333333334,1,0,0,0,1,1,0,1,0
15.186111111111112,1,0,0,0,1,1,0,1,0
15.188888888888888,1,0,0,0,1,1,0,1,0
15.191666666666666,1,0,0,0,1,1,0,1,0
15.194444444444445,1,0,0,0,1,1,0,1,0
15.197222222222223,1,0,0,0,1,1,0,1,0
15.2,1,0,0,0,1,1,0,1,0
15.202777777777778,1,0,0,0,1,1,0,1,0
15.205555555555556,1,0,0,0,1,1,0,1,0
15.208333333333334,1,0,0,0,1,1,0,1,0
15.21111111111111,1,0,0,0,1,1,0,1,0
15.213888888888889,1,0,0,0,1,1,0,1,0
15.216666666666667,1,0,0,0,1,1,0,1,0
15.219444444444445,1,0,0,0,1,1,0,1,0
15.222222222222221,1,0,0,0,1,1,0,1,0
15.225,1,0,0,0,1,1,0,1,0
15.227777777777778,1,0,0,0,1,1,0,1,0
15.230555555555556,1,0,0,0,1,1,0,1,0
15.233333333333333,1,0,0,0,1,1,0,1,0
15.23611111111111,1,0,0,0,1,1,0,1,0
15.238888888888889,1,0,0,0,1,1,0,1,0
15.241666666666667,1,0,0,0,1,1,0,1,0
15.244444444444444,1,0,0,0,1,1,0,1,0
15.247222222222222,1,0,0,0,1,1,0,1,0
15.25,1,0,0,0,1,1,0,1,0
15.252777777777778,1,0,0,0,1,1,0,1,0
15.255555555555556,1,0,0,0,1,1,0,1,0
15.258333333333333,1,0,0,0,1,1,0,1,0
15.261111111111111,1,0,0,0,1,1,0,1,0
15.26388888888889,1,0,0,0,1,1,0,1,0
15.266666666666667,1,0,0,0,1,1,0,1,0
15.269444444444444,1,0,0,0,1,1,0,1,0
15.272222222222222,1,0,0,0,1,1,0,1,0
15.275,1,0,0,0,1,1,0,1,0
15.277777777777779,1,0,0,0,1,1,0,1,0
15.280555555555555,1,0,0,0,1,1,0,1,0
15.283333333333333,1,0,0,0,1,1,0,1,0
15.286111111111111,1,0,0,0,1,1,0,1,0
15.28888888888889,1,0,0,0,1,1,0,1,0
15.291666666666666,1,0,0,0,1,1,0,1,0
15.294444444444444,1,0,0,0,1,1,0,1,0
15.297222222222222,1,0,0,0,1,1,0,1,0
15.3,1,0,0,0,1,1,0,1,0
15.302777777777777,1,0,0,0,1,1,0,1,0
15.305555555555555,1,0,0,0,1,1,0,1,0
15.308333333333334,1,0,0,0,1,1,0,1,0
15.311111111111112,1,0,0,0,1,1,0,1,0
15.313888888888888,1,0,0,0,1,1,0,1,0
15.316666666666666,1,0,0,0,1,1,0,1,0
15.319444444444445,1,0,0,0,1,1,0,1,0
15.322222222222223,1,0,0,0,1,1,0,1,0
15.325,1,0,0,0,1,1,0,1,0
15.327777777777778,1,0,0,0,1,1,0,1,0
15.330555555555556,1,0,0,0,1,1,0,1,0
15.333333333333334,1,0,0,0,1,1,0,1,0
15.33611111111111,1,0,0,0,1,1,0,1,0
15.338888888888889,1,0,0,0,1,1,0,1,0
15.341666666666667,1,0,0,0,1,1,0,1,0
15.344444444444445,1,0,0,0,1,1,0,1,0
15.347222222222221,1,0,0,0,1,1,0,1,0
15.35,1,0,0,0,1,1,0,1,0
15.352777777777778,1,0,0,0,1,1,0,1,0
15.355555555555556,1,0,0,0,1,1,0,1,0
15.358333333333333,1,0,0,0,1,1,0,1,0
15.36111111111111,1,0,0,0,1,1,0,1,0
15.363888888888889,1,0,0,0,1,1,0,1,0
15.366666666666667,1,0,0,0,1,1,0,1,0
15.369444444444444,1,0,0,0,1,1,0,1,0
15.372222222222222,1,0,0,0,1,1,0,1,0
15.375,1,0,0,0,1,1,0,1,0
15.377777777777778,1,0,0,0,1,1,0,1,0
15.380555555555556,1,0,0,0,1,1,0,1,0
15.383333333333333,1,0,0,0,1,1,0,1,0
15.386111111111111,1,0,0,0,1,1,0,1,0
15.38888888888889,1,0,0,0,1,1,0,1,0
15.391666666666667,1,0,0,0,1,1,0,1,0
15.394444444444444,1,0,0,0,1,1,0,1,0
15.397222222222222,1,0,0,0,1,1,0,1,0
15.4,1,0,0,0,1,1,0,1,0
15.402777777777779,1,0,0,0,1,1,0,1,0
15.405555555555555,1,0,0,0,1,1,0,1,0
15.408333333333333,1,0,0,0,1,1,0,1,0
15.411111111111111,1,0,0,0,1,1,0,1,0
15.41388888888889,1,0,0,0,1,1,0,1,0
15.416666666666666,1,0,0,0,1,1,0,1,0
15.419444444444444,1,0,0,0,1,1,0,1,0
15.422222222222222,1,0,0,0,1,1,0,1,0
15.425,1,0,0,0,1,1,0,1,0
15.427777777777777,1,0,0,0,1,1,0,1,0
15.430555555555555,1,0,0,0,1,1,0,1,0
15.433333333333334,1,0,0,0,1,1,0,1,0
15.436111111111112,1,0,0,0,1,1,0,1,0
15.438888888888888,1,0,0,0,1,1,0,1,0
15.441666666666666,1,0,0,0,1,1,0,1,0
15.444444444444445,1,0,0,0,1,1,0,1,0
15.447222222222223,1,0,0,0,1,1,0,1,0
15.45,1,0,0,0,1,1,0,1,0
15.452777777777778,1,0,0,0,1,1,0,1,0
15.455555555555556,1,0,0,0,1,1,0,1,0
15.458333333333334,1,0,0,0,1,1,0,1,0
15.46111111111111,1,0,0,0,1,1,0,1,0
15.463888888888889,1,0,0,0,1,1,0,1,0
15.466666666666667,1,0,0,0,1,1,0,1,0
15.469444444444445,1,0,0,0,1,1,0,1,0
15.472222222222221,1,0,0,0,1,1,0,1,0
15.475,1,0,0,0,1,1,0,1,0
15.477777777777778,1,0,0,0,1,1,0,1,0
15.480555555555556,1,0,0,0,1,1,0,1,0
15.483333333333333,1,0,0,0,1,1,0,1,0
15.48611111111111,1,0,0,0,1,1,0,1,0
15.488888888888889,1,0,0,0,1,1,0,1,0
15.491666666666667,1,0,0,0,1,1,0,1,0
15.494444444444444,1,0,0,0,1,1,0,1,0
15.497222222222222,1,0,0,0,1,1,0,1,0
15.5,1,0,0,0,1,1,0,1,0
15.502777777777778,1,0,0,0,1,1,0,1,0
15.505555555555556,1,0,0,0,1,1,0,1,0
15.508333333333333,1,0,0,0,1,1,0,1,0
15.511111111111111,1,0,0,0,1,1,0,1,0
15.51388888888889,1,0,0,0,1,1,0,1,0
15.516666666666667,1,0,0,0,1,1,0,1,0
15.519444444444444,1,0,0,0,1,1,0,1,0
15.522222222222222,1,0,0,0,1,1,0,1,0
15.525,1,0,0,0,1,1,0,1,0
15.527777777777779,1,0,0,0,1,1,0,1,0
15.530555555555555,1,0,0,0,1,1,0,1,0
15.533333333333333,1,0,0,0,1,1,0,1,0
15.536111111111111,1,0,0,0,1,1,0,1,0
15.53888888888889,1,0,0,0,1,1,0,1,0
15.541666666666666,1,0,0,0,1,1,0,1,0
15.544444444444444,1,0,0,0,1,1,0,1,0
15.547222222222222,1,0,0,0,1,1,0,1,0
15.55,1,0,0,0,1,1,0,1,0
15.552777777777777,1,0,0,0,1,1,0,1,0
15.555555555555555,1,0,0,0,1,1,0,1,0
15.558333333333334,1,0,0,0,1,1,0,1,0
15.561111111111112,1,0,0,0,1,1,0,1,0
15.563888888888888,1,0,0,0,1,1,0,1,0
15.566666666666666,1,0,0,0,1,1,0,1,0
15.569444444444445,1,0,0,0,1,1,0,1,0
15.572222222222223,1,0,0,0,1,1,0,1,0
15.575,1,0,0,0,1,1,0,1,0
15.577777777777778,1,0,0,0,1,1,0,1,0
15.580555555555556,1,0,0,0,1,1,0,1,0
15.583333333333334,1,0,0,0,1,1,0,1,0
15.58611111111111,1,0,0,0,1,1,0,1,0
15.588888888888889,1,0,0,0,1,1,0,1,0
15.591666666666667,1,0,0,0,1,1,0,1,0
15.594444444444445,1,0,0,0,1,1,0,1,0
15.597222222222221,1,0,0,0,1,1,0,1,0
15.6,1,0,0,0,1,1,0,1,0
15.602777777777778,1,0,0,0,1,1,0,1,0
15.605555555555556,1,0,0,0,1,1,0,1,0
15.608333333333333,1,0,0,0,1,1,0,1,0
15.61111111111111,1,0,0,0,1,1,0,1,0
15.613888888888889,1,0,0,0,1,1,0,1,0
15.616666666666667,1,0,0,0,1,1,0,1,0
15.619444444444444,1,0,0,0,1,1,0,1,0
15.622222222222222,1,0,0,0,1,1,0,1,0
15.625,1,0,0,0,1,1,0,1,0
15.627777777777778,1,0,0,0,1,1,0,1,0
15.630555555555556,1,0,0,0,1,1,0,1,0
15.633333333333333,1,0,0,0,1,1,0,1,0
15.636111111111111,1,0,0,0,1,1,0,1,0
15.63888888888889,1,0,0,0,1,1,0,1,0
15.641666666666667,1,0,1,0,1,1,0,1,0
15.644444444444444,1,0,1,0,1,1,0,1,0
15.647222222222222,1,0,1,0,1,1,0,1,0
15.65,1,0,1,0,1,1,0,1,0
15.652777777777779,1,0,1,0,1,1,0,1,0
15.655555555555555,1,0,1,0,1,1,0,1,0
15.658333333333333,1,0,1,0,1,1,0,1,0
15.661111111111111,1,0,1,0,1,1,0,1,0
15.66388888888889,1,0,1,0,1,1,0,1,0
15.666666666666666,1,0,1,0,1,1,0,1,0
15.669444444444444,1,0,1,0,1,1,0,1,0
15.672222222222222,1,0,1,0,1,1,0,1,0
15.675,1,0,1,0,1,1,0,1,0
15.677777777777777,1,0,1,0,1,1,0,1,0
15.680555555555555,1,0,1,0,1,1,0,1,0
15.683333333333334,1,0,1,0,1,1,0,1,0
15.686111111111112,1,0,1,0,1,1,0,1,0
15.688888888888888,1,0,1,0,1,1,0,1,0
15.691666666666666,1,0,1,0,1,1,0,1,0
15.694444444444445,1,0,1,0,1,1,0,1,0
15.697222222222223,1,0,1,0,1,1,0,1,0
15.7,1,0,1,0,1,1,0,1,0
15.702777777777778,1,0,1,0,1,1,0,1,0
15.705555555555556,1,0,1,0,1,1,0,1,0
15.708333333333334,1,0,1,0,1,1,0,1,0
15.71111111111111,1,0,1,0,1,1,0,1,0
15.713888888888889,1,0,1,0,1,1,0,1,0
15.716666666666667,1,0,1,0,1,1,0,1,0
15.719444444444445,1,0,1,0,1,1,0,1,0
15.722222222222221,1,0,1,0,1,1,0,1,0
15.725,1,0,1,0,1,1,0,1,0
15.727777777777778,1,0,1,0,1,1,0,1,0
15.730555555555556,1,0,1,0,1,1,0,1,0
15.733333333333333,1,0,1,0,1,1,0,1,0
15.73611111111111,1,0,1,0,1,1,0,1,0
15.738888888888889,1,0,1,0,1,1,0,1,0
15.741666666666667,1,0,1,0,1,1,0,1,0
15.744444444444444,1,0,1,0,1,1,0,1,0
15.747222222222222,1,0,1,0,1,1,0,1,0
15.75,1,0,1,0,1,1,0,1,0
15.752777777777778,1,0,1,0,1,1,0,1,0
15.755555555555556,1,0,1,0,1,1,0,1,0
15.758333333333333,1,0,1,0,1,1,0,1,0
15.761111111111111,1,0,1,0,1,1,0,1,0
15.76388888888889,1,0,1,0,1,1,0,1,0
15.766666666666667,1,0,1,0,1,1,0,1,0
15.769444444444444,1,0,1,0,1,1,0,1,0
15.772222222222222,1,0,1,0,1,1,0,1,0
15.775,1,0,1,0,1,1,0,1,0
15.777777777777779,1,0,1,0,1,1,0,1,0
15.780555555555555,1,0,1,0,1,1,0,1,0
15.783333333333333,1,0,1,0,1,1,0,1,0
15.786111111111111,1,0,1,0,1,1,0,1,0
15.78888888888889,1,0,1,0,1,1,0,1,0
15.791666666666666,1,0,1,0,1,1,0,1,0
15.794444444444444,1,0,0,0,1,1,0,1,0
15.797222222222222,1,0,0,0,1,1,0,1,0
15.8,1,0,0,0,1,1,0,1,0
15.802777777777777,1,0,0,0,1,1,0,1,0
15.805555555555555,1,0,0,0,1,1,0,1,0
15.808333333333334,1,0,0,0,1,1,0,1,0
15.811111111111112,1,0,0,0,1,1,0,1,0
15.813888888888888,1,0,0,0,1,1,0,1,0
15.816666666666666,1,0,0,0,1,1,0,1,0
15.819444444444445,1,0,0,0,1,1,0,1,0
15.822222222222223,1,0,0,0,1,1,0,1,0
15.825,1,0,0,0,1,1,0,1,0
15.827777777777778,1,0,0,0,1,1,0,1,0
15.830555555555556,1,0,0,0,1,1,0,1,0
15.833333333333334,1,0,0,0,1,1,0,1,0
15.83611111111111,1,0,0,0,1,1,0,1,0
15.838888888888889,1,0,0,0,1,1,0,1,0
15.841666666666667,1,0,0,0,1,1,0,1,0
15.844444444444445,1,0,0,0,1,1,0,1,0
15.847222222222221,1,0,0,0,1,1,0,1,0
15.85,1,0,0,0,1,1,0,1,0
15.852777777777778,1,0,0,0,1,1,0,1,0
15.855555555555556,1,0,0,0,1,1,0,1,0
15.858333333333333,1,0,0,0,1,1,0,1,0
15.86111111111111,1,0,0,0,1,1,0,1,0
15.863888888888889,1,0,0,0,1,1,0,1,0
15.866666666666667,1,0,0,0,1,1,0,1,0
15.869444444444444,1,0,0,0,1,1,0,1,0
15.872222222222222,1,0,0,0,1,1,0,1,0
15.875,1,0,0,0,1,1,0,1,0
15.877777777777778,1,0,0,0,1,1,0,1,0
15.880555555555556,1,0,0,0,1,1,0,1,0
15.883333333333333,1,0,0,0,1,1,0,1,0
15.886111111111111,1,0,0,0,1,1,0,1,0
15.88888888888889,1,0,0,0,1,1,0,1,0
15.891666666666667,1,0,0,0,1,1,0,1,0
15.894444444444444,1,0,0,0,1,1,0,1,0
15.897222222222222,1,0,0,0,1,1,0,1,0
15.9,1,0,0,0,1,1,0,1,0
15.902777777777779,1,0,0,0,1,1,0,1,0
15.905555555555555,1,0,0,0,1,1,0,1,0
15.908333333333333,1,0,0,0,1,1,0,1,0
15.911111111111111,1,0,0,0,1,1,0,1,0
15.91388888888889,1,0,0,0,1,1,0,1,0
15.916666666666666,1,0,0,0,1,1,0,1,0
15.919444444444444,1,0,0,0,1,1,0,1,0
15.922222222222222,1,0,0,0,1,1,0,1,0
15.925,1,0,0,0,1,1,0,1,0
15.927777777777777,1,0,0,0,1,1,0,1,0
15.930555555555555,1,0,0,0,1,1,0,1,0
15.933333333333334,1,0,0,0,1,1,0,1,0
15.936111111111112,1,0,0,0,1,1,0,1,0
15.938888888888888,1,0,0,0,1,1,0,1,0
15.941666666666666,1,0,0,0,1,1,0,1,0
15.944444444444445,1,0,0,0,1,1,0,1,0
15.947222222222223,1,0,0,0,1,1,0,1,0
15.95,1,0,0,0,1,1,0,1,0
15.952777777777778,1,0,0,0,1,1,0,1,0
15.955555555555556,1,0,0,0,1,1,0,1,0
15.958333333333334,1,0,0,0,1,1,0,1,0
15.96111111111111,1,0,0,0,1,1,0,1,0
15.963888888888889,1,0,0,0,1,1,0,1,0
15.966666666666667,1,0,0,0,1,1,0,1,0
15.969444444444445,1,0,0,0,1,1,0,1,0
15.972222222222221,1,0,0,0,1,1,0,1,0
15.975,1,0,0,0,1,1,0,1,0
15.977777777777778,1,0,0,0,1,1,0,1,0
15.980555555555556,1,0,0,0,1,1,0,1,0
15.983333333333333,1,0,0,0,1,1,0,1,0
15.98611111111111,1,0,0,0,1,1,0,1,0
15.988888888888889,1,0,0,0,1,1,0,1,0
15.991666666666667,1,0,0,0,1,1,0,1,0
15.994444444444444,1,0,0,0,1,1,0,1,0
15.997222222222222,1,0,0,0,1,1,0,1,0
16.0,1,0,0,0,1,1,0,1,0
16.002777777777776,1,0,0,0,1,1,0,1,0
16.005555555555556,1,0,0,0,1,1,0,1,0
16.008333333333333,1,0,0,0,1,1,0,1,0
16.011111111111113,1,0,0,0,1,1,0,1,0
16.01388888888889,1,0,0,0,1,1,0,1,0
16.016666666666666,1,0,0,0,1,1,0,1,0
16.019444444444446,1,0,0,0,1,1,0,1,0
16.022222222222222,1,0,0,0,1,1,0,1,0
16.025,1,0,0,0,1,1,0,1,0
16.02777777777778,1,0,0,0,1,1,0,1,0
16.030555555555555,1,0,0,0,1,1,0,1,0
16.033333333333335,1,0,0,0,1,1,0,1,0
16.03611111111111,1,0,0,0,1,1,0,1,0
16.038888888888888,1,0,0,0,1,1,0,1,0
16.041666666666668,1,0,0,0,1,1,0,1,0
16.044444444444444,1,0,0,0,1,1,0,1,0
16.04722222222222,1,0,0,0,1,1,0,1,0
16.05,1,0,0,0,1,1,0,1,0
16.052777777777777,1,0,0,0,1,1,0,1,0
16.055555555555557,1,0,0,0,1,1,0,1,0
16.058333333333334,1,0,0,0,1,1,0,1,0
16.06111111111111,1,0,0,0,1,1,0,1,0
16.06388888888889,1,0,0,0,1,1,0,1,0
16.066666666666666,1,0,0,0,1,1,0,1,0
16.069444444444443,1,0,0,0,1,1,0,1,0
16.072222222222223,1,0,0,0,1,1,0,1,0
16.075,1,0,0,0,1,1,0,1,0
16.07777777777778,1,0,0,0,1,1,0,1,0
16.080555555555556,1,0,0,0,1,1,0,1,0
16.083333333333332,1,0,0,0,1,1,0,1,0
16.086111111111112,1,0,0,0,1,1,0,1,0
16.08888888888889,1,0,0,0,1,1,0,1,0
16.091666666666665,1,0,0,0,1,1,0,1,0
16.094444444444445,1,0,0,0,1,1,0,1,0
16.09722222222222,1,0,0,0,1,1,0,1,0
16.1,1,0,0,0,1,1,0,1,0
16.102777777777778,1,0,0,0,1,1,0,1,0
16.105555555555554,1,0,0,0,1,1,0,1,0
16.108333333333334,1,0,0,0,1,1,0,1,0
16.11111111111111,1,0,0,0,1,1,0,1,0
16.113888888888887,1,0,0,0,1,1,0,1,0
16.116666666666667,1,0,0,0,1,1,0,1,0
16.119444444444444,1,0,0,0,1,1,0,1,0
16.122222222222224,1,0,0,0,1,1,0,1,0
16.125,1,0,0,0,1,1,0,1,0
16.127777777777776,1,0,0,0,1,1,0,1,0
16.130555555555556,1,0,0,0,1,1,0,1,0
16.133333333333333,1,0,0,0,1,1,0,1,0
16.136111111111113,1,0,0,0,1,1,0,1,0
16.13888888888889,1,0,0,0,1,1,0,1,0
16.141666666666666,1,0,0,0,1,1,0,1,0
16.144444444444446,1,0,0,0,1,1,0,1,0
16.147222222222222,1,0,0,0,1,1,0,1,0
16.15,1,0,0,0,1,1,0,1,0
16.15277777777778,1,0,0,0,1,1,0,1,0
16.155555555555555,1,0,0,0,1,1,0,1,0
16.158333333333335,1,0,0,0,1,1,0,1,0
16.16111111111111,1,0,0,0,1,1,0,1,0
16.163888888888888,1,0,0,0,1,1,0,1,0
16.166666666666668,1,0,0,0,1,1,0,1,0
16.169444444444444,1,0,0,0,1,1,0,1,0
16.17222222222222,1,0,0,0,1,1,0,1,0
16.175,1,0,0,0,1,1,0,1,0
16.177777777777777,1,0,0,0,1,1,0,1,0
16.180555555555557,1,0,0,0,1,1,0,1,0
16.183333333333334,1,0,0,0,1,1,0,1,0
16.18611111111111,1,0,0,0,1,1,0,1,0
16.18888888888889,1,0,0,0,1,1,0,1,0
16.191666666666666,1,0,0,0,1,1,0,1,0
16.194444444444443,1,0,0,0,1,1,0,1,0
16.197222222222223,1,0,0,0,1,1,0,1,0
16.2,1,0,0,0,1,1,0,1,0
16.20277777777778,1,0,0,0,1,1,0,1,0
16.205555555555556,1,0,0,0,1,1,0,1,0
16.208333333333332,1,0,0,0,1,1,0,1,0
16.211111111111112,1,0,0,0,1,1,0,1,0
16.21388888888889,1,0,0,0,1,1,0,1,0
16.216666666666665,1,0,0,0,1,1,0,1,0
16.219444444444445,1,0,0,0,1,1,0,1,0
16.22222222222222,1,0,0,0,1,1,0,1,0
16.225,1,0,0,0,1,1,0,1,0
16.227777777777778,1,0,0,0,1,1,0,1,0
16.230555555555554,1,0,0,0,1,1,0,1,0
16.233333333333334,1,0,0,0,1,1,0,1,0
16.23611111111111,1,0,0,0,1,1,0,1,0
16.238888888888887,1,0,0,0,1,1,0,1,0
16.241666666666667,1,0,0,0,1,1,0,1,0
16.244444444444444,1,0,0,0,1,1,0,1,0
16.247222222222224,1,0,0,0,1,1,0,1,0
16.25,1,0,0,0,1,1,0,1,0
16.252777777777776,1,0,0,0,1,1,0,1,0
16.255555555555556,1,0,0,0,1,1,0,1,0
16.258333333333333,1,0,0,0,1,1,0,1,0
16.261111111111113,1,0,0,0,1,1,0,1,0
16.26388888888889,1,0,0,0,1,1,0,1,0
16.266666666666666,1,0,0,0,1,1,0,1,0
16.269444444444446,1,0,0,0,1,1,0,1,0
16.272222222222222,1,0,0,0,1,1,0,1,0
16.275,1,0,0,0,1,1,0,1,0
16.27777777777778,1,0,0,0,1,1,0,1,0
16.280555555555555,1,0,0,0,1,1,0,1,0
16.283333333333335,1,0,0,0,1,1,0,1,0
16.28611111111111,1,0,0,0,1,1,0,1,0
16.288888888888888,1,0,0,0,1,1,0,1,0
16.291666666666668,1,0,0,0,1,1,0,1,0
16.294444444444444,1,0,0,0,1,1,0,1,0
16.29722222222222,1,0,0,0,1,1,0,1,0
16.3,1,0,0,0,1,1,0,1,0
16.302777777777777,1,0,0,0,1,1,0,1,0
16.305555555555557,1,0,0,0,1,1,0,1,0
16.308333333333334,1,0,0,0,1,1,0,1,0
16.31111111111111,1,0,0,0,1,1,0,1,0
16.31388888888889,1,0,0,0,1,1,0,1,0
16.316666666666666,1,0,0,0,1,1,0,1,0
16.319444444444443,1,0,0,0,1,1,0,1,0
16.322222222222223,1,0,0,0,1,1,0,1,0
16.325,1,0,0,0,1,1,0,1,0
16.32777777777778,1,0,0,0,1,1,0,1,0
16.330555555555556,1,0,0,0,1,1,0,1,0
16.333333333333332,1,0,0,0,1,1,0,1,0
16.336111111111112,1,0,0,0,1,1,0,1,0
16.33888888888889,1,0,0,0,1,1,0,1,0
16.341666666666665,1,0,0,0,1,1,0,1,0
16.344444444444445,1,0,0,0,1,1,0,1,0
16.34722222222222,1,0,0,0,1,1,0,1,0
16.35,1,0,0,0,1,1,0,1,0
16.352777777777778,1,0,0,0,1,1,0,1,0
16.355555555555554,1,0,0,0,1,1,0,1,0
16.358333333333334,1,0,0,0,1,1,0,1,0
16.36111111111111,1,0,0,0,1,1,0,1,0
16.363888888888887,1,0,0,0,1,1,0,1,0
16.366666666666667,1,0,0,0,1,1,0,1,0
16.369444444444444,1,0,0,0,1,1,0,1,0
16.372222222222224,1,0,0,0,1,1,0,1,0
16.375,1,0,0,0,1,1,0,1,0
16.377777777777776,1,0,0,0,1,1,0,1,0
16.380555555555556,1,0,0,0,1,1,0,1,0
16.383333333333333,1,0,0,0,1,1,0,1,0
16.386111111111113,1,0,0,0,1,1,0,1,0
16.38888888888889,1,0,0,0,1,1,0,1,0
16.391666666666666,1,0,0,0,1,1,0,1,0
16.394444444444446,1,0,0,0,1,1,0,1,0
16.397222222222222,1,0,0,0,1,1,0,1,0
16.4,1,0,0,0,1,1,0,1,0
16.40277777777778,1,0,0,0,1,1,0,1,0
16.405555555555555,1,0,0,0,1,1,0,1,0
16.408333333333335,1,0,0,0,1,1,0,1,0
16.41111111111111,1,0,0,0,1,1,0,1,0
16.413888888888888,1,0,0,0,1,1,0,1,0
16.416666666666668,1,0,0,0,1,1,0,1,0
16.419444444444444,1,0,1,0,1,1,0,1,0
16.42222222222222,1,0,1,0,1,1,0,1,0
16.425,1,0,1,0,1,1,0,1,0
16.427777777777777,1,0,1,0,1,1,0,1,0
16.430555555555557,1,0,1,0,1,1,0,1,0
16.433333333333334,1,0,1,0,1,1,0,1,0
16.43611111111111,1,0,1,0,1,1,0,1,0
16.43888888888889,1,0,1,0,1,1,0,1,0
16.441666666666666,1,0,1,0,1,1,0,1,0
16.444444444444443,1,0,1,0,1,1,0,1,0
16.447222222222223,1,0,1,0,1,1,0,1,0
16.45,1,0,1,0,1,1,0,1,0
16.45277777777778,1,0,1,0,1,1,0,1,0
16.455555555555556,1,0,1,0,1,1,0,1,0
16.458333333333332,1,0,1,0,1,1,0,1,0
16.461111111111112,1,0,1,0,1,1,0,1,0
16.46388888888889,1,0,1,0,1,1,0,1,0
16.466666666666665,1,0,1,0,1,1,0,1,0
16.469444444444445,1,0,1,0,1,1,0,1,0
16.47222222222222,1,0,1,0,1,1,0,1,0
16.475,1,0,1,0,1,1,0,1,0
16.477777777777778,1,0,1,0,1,1,0,1,0
16.480555555555554,1,0,1,0,1,1,0,1,0
16.483333333333334,1,0,1,0,1,1,0,1,0
16.48611111111111,1,0,1,0,1,1,0,1,0
16.488888888888887,1,0,1,0,1,1,0,1,0
16.491666666666667,1,0,1,0,1,1,0,1,0
16.494444444444444,1,0,1,0,1,1,0,1,0
16.497222222222224,1,0,1,0,1,1,0,1,0
16.5,1,0,1,0,1,1,0,1,0
16.502777777777776,1,0,1,0,1,1,0,1,0
16.505555555555556,1,0,1,0,1,1,0,1,0
16.508333333333333,1,0,1,0,1,1,0,1,0
16.511111111111113,1,0,1,0,1,1,0,1,0
16.51388888888889,1,0,1,0,1,1,0,1,0
16.516666666666666,1,0,1,0,1,1,0,1,0
16.519444444444446,1,0,1,0,1,1,0,1,0
16.522222222222222,1,0,1,0,1,1,0,1,0
16.525,1,0,1,0,1,1,0,1,0
16.52777777777778,1,0,1,0,1,1,0,1,0
16.530555555555555,1,0,1,0,1,1,0,1,0
16.533333333333335,1,0,1,0,1,1,0,1,0
16.53611111111111,1,0,1,0,1,1,0,1,0
16.538888888888888,1,0,1,0,1,1,0,1,0
16.541666666666668,1,0,1,0,1,1,0,1,0
16.544444444444444,1,0,1,0,1,1,0,1,0
16.54722222222222,1,0,1,0,1,1,0,1,0
16.55,1,0,1,0,1,1,0,1,0
16.552777777777777,1,0,1,0,1,1,0,1,0
16.555555555555557,1,0,1,0,1,1,0,1,0
16.558333333333334,1,0,1,0,1,1,0,1,0
16.56111111111111,1,0,1,0,1,1,0,1,0
16.56388888888889,1,0,1,0,1,1,0,1,0
16.566666666666666,1,0,1,0,1,1,0,1,0
16.569444444444443,1,0,1,0,1,1,0,1,0
16.572222222222223,1,0,1,0,1,1,0,1,0
16.575,1,0,1,0,1,1,0,1,0
16.57777777777778,1,0,1,0,1,1,0,1,0
16.580555555555556,1,0,1,0,1,1,0,1,0
16.583333333333332,1,0,1,0,1,1,0,1,0
16.586111111111112,1,0,1,0,1,1,0,1,0
16.58888888888889,1,0,1,0,1,1,0,1,0
16.591666666666665,1,0,1,0,1,1,0,1,0
16.594444444444445,1,0,1,0,1,1,0,1,0
16.59722222222222,1,0,1,0,1,1,0,1,0
16.6,1,0,1,0,1,1,0,1,0
16.602777777777778,1,0,1,0,1,1,0,1,0
16.605555555555554,1,0,1,0,1,1,0,1,0
16.608333333333334,1,0,1,0,1,1,0,1,0
16.61111111111111,1,0,1,0,1,1,0,1,0
16.613888888888887,1,0,1,0,1,1,0,1,0
16.616666666666667,1,0,1,0,1,1,0,1,0
16.619444444444444,1,0,1,0,1,1,0,1,0
16.622222222222224,1,0,1,0,1,1,0,1,0
16.625,1,0,1,0,1,1,0,1,0
16.627777777777776,1,0,1,0,1,1,0,1,0
16.630555555555556,1,0,1,0,1,1,0,1,0
16.633333333333333,1,0,1,0,1,1,0,1,0
16.636111111111113,1,0,1,0,1,1,0,1,0
16.63888888888889,1,0,1,0,1,1,0,1,0
16.641666666666666,1,0,1,0,1,1,0,1,0
16.644444444444446,1,0,1,0,1,1,0,1,0
16.647222222222222,1,0,1,0,1,1,0,1,0
16.65,1,0,1,0,1,1,0,1,0
16.65277777777778,1,0,1,0,1,1,0,1,0
16.655555555555555,1,0,1,0,1,1,0,1,0
16.658333333333335,1,0,1,0,1,1,0,1,0
16.66111111111111,1,0,1,0,1,1,0,1,0
16.663888888888888,1,0,1,0,1,1,0,1,0
16.666666666666668,1,0,1,0,1,1,0,1,0
16.669444444444444,1,0,1,0,1,1,0,1,0
16.67222222222222,1,0,1,0,1,1,0,1,0
16.675,1,0,1,0,1,1,0,1,0
16.677777777777777,1,0,1,0,1,1,0,1,0
16.680555555555557,1,0,1,0,1,1,0,1,0
16.683333333333334,1,0,1,0,1,1,0,1,0
16.68611111111111,1,0,1,0,1,1,0,1,0
16.68888888888889,1,0,0,0,1,1,0,1,0
16.691666666666666,1,0,0,0,1,1,0,1,0
16.694444444444443,1,0,0,0,1,1,0,1,0
16.697222222222223,1,0,0,0,1,1,0,1,0
16.7,1,0,0,0,1,1,0,1,0
16.70277777777778,1,0,0,0,1,1,0,1,0
16.705555555555556,1,0,0,0,1,1,0,1,0
16.708333333333332,1,0,0,0,1,1,0,1,0
16.711111111111112,1,0,0,0,1,1,0,1,0
16.71388888888889,1,0,0,0,1,1,0,1,0
16.716666666666665,1,0,0,0,1,1,0,1,0
16.719444444444445,1,0,0,0,1,1,0,1,0
16.72222222222222,1,0,0,0,1,1,0,1,0
16.725,1,0,0,0,1,1,0,1,0
16.727777777777778,1,0,0,0,1,1,0,1,0
16.730555555555554,1,0,0,0,1,1,0,1,0
16.733333333333334,1,0,0,0,1,1,0,1,0
16.73611111111111,1,0,0,0,1,1,0,1,0
16.738888888888887,1,0,0,0,1,1,0,1,0
16.741666666666667,1,0,0,0,1,1,0,1,0
16.744444444444444,1,0,0,0,1,1,0,1,0
16.747222222222224,1,0,0,0,1,1,0,1,0
16.75,1,0,0,0,1,1,0,1,0
16.752777777777776,1,0,0,0,1,1,0,1,0
16.755555555555556,1,0,0,0,1,1,0,1,0
16.758333333333333,1,0,0,0,1,1,0,1,0
16.761111111111113,1,0,0,0,1,1,0,1,0
16.76388888888889,1,0,0,0,1,1,0,1,0
16.766666666666666,1,0,0,0,1,1,0,1,0
16.769444444444446,1,0,0,0,1,1,0,1,0
16.772222222222222,1,0,0,0,1,1,0,1,0
16.775,1,0,0,0,1,1,0,1,0
16.77777777777778,1,0,0,0,1,1,0,1,0
16.780555555555555,1,0,0,0,1,1,0,1,0
16.783333333333335,1,0,0,0,1,1,0,1,0
16.78611111111111,1,0,0,0,1,1,0,1,0
16.788888888888888,1,0,0,0,1,1,0,1,0
16.791666666666668,1,0,0,0,1,1,0,1,0
16.794444444444444,1,0,0,0,1,1,0,1,0
16.79722222222222,1,0,0,0,1,1,0,1,0
16.8,1,0,0,0,1,1,0,1,0
16.802777777777777,1,0,0,0,1,1,0,1,0
16.805555555555557,1,0,0,0,1,1,0,1,0
16.808333333333334,1,0,0,0,1,1,0,1,0
16.81111111111111,1,0,0,0,1,1,0,1,0
16.81388888888889,1,0,0,0,1,1,0,1,0
16.816666666666666,1,0,0,0,1,1,0,1,0
16.819444444444443,1,0,0,0,1,1,0,1,0
16.822222222222223,1,0,0,0,1,1,0,1,0
16.825,1,0,0,0,1,1,0,1,0
16.82777777777778,1,0,0,0,1,1,0,1,0
16.830555555555556,1,0,0,0,1,1,0,1,0
16.833333333333332,1,0,0,0,1,1,0,1,0
16.836111111111112,1,0,0,0,1,1,0,1,0
16.83888888888889,1,0,0,0,1,1,0,1,0
16.841666666666665,1,0,0,0,1,1,0,1,0
16.844444444444445,1,0,0,0,1,1,0,1,0
16.84722222222222,1,0,0,0,1,1,0,1,0
16.85,1,0,0,0,1,1,0,1,0
16.852777777777778,1,0,0,0,1,1,0,1,0
16.855555555555554,1,0,0,0,1,1,0,1,0
16.858333333333334,1,0,0,0,1,1,0,1,0
16.86111111111111,1,0,0,0,1,1,0,1,0
16.863888888888887,1,0,0,0,1,1,0,1,0
16.866666666666667,1,0,0,0,1,1,0,1,0
16.869444444444444,1,0,0,0,1,1,0,1,0
16.872222222222224,1,0,0,0,1,1,0,1,0
16.875,1,0,0,0,1,1,0,1,0
16.877777777777776,1,0,0,0,1,1,0,1,0
16.880555555555556,1,0,0,0,1,1,0,1,0
16.883333333333333,1,0,0,0,1,1,0,1,0
16.886111111111113,1,0,0,0,1,1,0,1,0
16.88888888888889,1,0,0,0,1,1,0,1,0
16.891666666666666,1,0,0,0,1,1,0,1,0
16.894444444444446,1,0,0,0,1,1,0,1,0
16.897222222222222,1,0,0,0,1,1,0,1,0
16.9,1,0,0,0,1,1,0,1,0
16.90277777777778,1,0,0,0,1,1,0,1,0
16.905555555555555,1,0,0,0,1,1,0,1,0
16.908333333333335,1,0,0,0,1,1,0,1,0
16.91111111111111,1,0,0,0,1,1,0,1,0
16.913888888888888,1,0,0,0,1,1,0,1,0
16.916666666666668,1,0,0,0,1,1,0,1,0
16.919444444444444,1,0,0,0,1,1,0,1,0
16.92222222222222,1,0,0,0,1,1,0,1,0
16.925,1,0,0,0,1,1,0,1,0
16.927777777777777,1,0,0,0,1,1,0,1,0
16.930555555555557,1,0,0,0,1,1,0,1,0
16.933333333333334,1,0,0,0,1,1,0,1,0
16.93611111111111,1,0,0,0,1,1,0,1,0
16.93888888888889,1,0,0,0,1,1,0,1,0
16.941666666666666,1,0,0,0,1,1,0,1,0
16.944444444444443,1,0,0,0,1,1,0,1,0
16.947222222222223,1,0,0,0,1,1,0,1,0
16.95,1,0,0,0,1,1,0,1,0
16.95277777777778,1,0,0,0,1,1,0,1,0
16.955555555555556,1,0,0,0,1,1,0,1,0
16.958333333333332,1,0,0,0,1,1,0,1,0
16.961111111111112,1,0,0,0,1,1,0,1,0
16.96388888888889,1,0,0,0,1,1,0,1,0
16.966666666666665,1,0,0,0,1,1,0,1,0
16.969444444444445,1,0,0,0,1,1,0,1,0
16.97222222222222,1,0,0,0,1,1,0,1,0
16.975,1,0,0,0,1,1,0,1,0
16.977777777777778,1,0,0,0,1,1,0,1,0
16.980555555555554,1,0,0,0,1,1,0,1,0
16.983333333333334,1,0,0,0,1,1,0,1,0
16.98611111111111,1,0,0,0,1,1,0,1,0
16.988888888888887,1,0,0,0,1,1,0,1,0
16.991666666666667,1,0,0,0,1,1,0,1,0
16.994444444444444,1,0,0,0,1,1,0,1,0
16.997222222222224,1,0,0,0,1,1,0,1,0
17.0,1,0,0,0,1,1,0,1,0
17.002777777777776,1,0,0,0,1,1,0,1,0
17.005555555555556,1,0,0,0,1,1,0,1,0
17.008333333333333,1,0,0,0,1,1,0,1,0
17.011111111111113,1,0,0,0,1,1,0,1,0
17.01388888888889,1,0,0,0,1,1,0,1,0
17.016666666666666,1,0,0,0,1,1,0,1,0
17.019444444444446,1,0,0,0,1,1,0,1,0
17.022222222222222,1,0,0,0,1,1,0,1,0
17.025,1,0,0,0,1,1,0,1,0
17.02777777777778,1,0,0,0,1,1,0,1,0
17.030555555555555,1,0,1,0,1,1,0,1,0
17.033333333333335,1,0,1,0,1,1,0,1,0
17.03611111111111,1,0,1,0,1,1,0,1,0
17.038888888888888,1,0,1,0,1,1,0,1,0
17.041666666666668,1,0,1,0,1,1,0,1,0
17.044444444444444,1,0,1,0,1,1,0,1,0
17.04722222222222,1,0,1,0,1,1,0,1,0
17.05,1,0,1,0,1,1,0,1,0
17.052777777777777,1,0,1,0,1,1,0,1,0
17.055555555555557,1,0,1,0,1,1,0,1,0
17.058333333333334,1,0,1,0,1,1,0,1,0
17.06111111111111,1,0,1,0,1,1,0,1,0
17.06388888888889,1,0,1,0,1,1,0,1,0
17.066666666666666,1,0,1,0,1,1,0,1,0
17.069444444444443,1,0,1,0,1,1,0,1,0
17.072222222222223,1,0,1,0,1,1,0,1,0
17.075,1,0,1,0,1,1,0,1,0
17.07777777777778,1,0,1,0,1,1,0,1,0
17.080555555555556,1,0,1,0,1,1,0,1,0
17.083333333333332,1,0,1,0,1,1,0,1,0
17.086111111111112,1,0,1,0,1,1,0,1,0
17.08888888888889,1,0,1,0,1,1,0,1,0
17.091666666666665,1,0,1,0,1,1,0,1,0
17.094444444444445,1,0,1,0,1,1,0,1,0
17.09722222222222,1,0,1,0,1,1,0,1,0
17.1,1,0,1,0,1,1,0,1,0
17.102777777777778,1,0,1,0,1,1,0,1,0
17.105555555555554,1,0,1,0,1,1,0,1,0
17.108333333333334,1,0,1,0,1,1,0,1,0
17.11111111111111,1,0,1,0,1,1,0,1,0
17.113888888888887,1,0,1,0,1,1,0,1,0
17.116666666666667,1,0,1,0,1,1,0,1,0
17.119444444444444,1,0,1,0,1,1,0,1,0
17.122222222222224,1,0,1,0,1,1,0,1,0
17.125,1,0,1,0,1,1,0,1,0
17.127777777777776,1,0,1,0,1,1,0,1,0
17.130555555555556,1,0,1,0,1,1,0,1,0
17.133333333333333,1,0,1,0,1,1,0,1,0
17.136111111111113,1,0,1,0,1,1,0,1,0
17.13888888888889,1,0,1,0,1,1,0,1,0
17.141666666666666,1,0,1,0,1,1,0,1,0
17.144444444444446,1,0,1,0,1,1,0,1,0
17.147222222222222,1,0,1,0,1,1,0,1,0
17.15,1,0,1,0,1,1,0,1,0
17.15277777777778,1,0,1,0,1,1,0,1,0
17.155555555555555,1,0,1,0,1,1,0,1,0
17.158333333333335,1,0,1,0,1,1,0,1,0
17.16111111111111,1,0,1,0,1,1,0,1,0
17.163888888888888,1,0,1,0,1,1,0,1,0
17.166666666666668,1,0,1,0,1,1,0,1,0
17.169444444444444,1,0,1,0,1,1,0,1,0
17.17222222222222,1,0,1,0,1,1,0,1,0
17.175,1,0,1,0,1,1,0,1,0
17.177777777777777,1,0,1,0,1,1,0,1,0
17.180555555555557,1,0,1,0,1,1,0,1,0
17.183333333333334,1,0,1,0,1,1,0,1,0
17.18611111111111,1,0,1,0,1,1,0,1,0
17.18888888888889,1,0,1,0,1,1,0,1,0
17.191666666666666,1,0,1,0,1,1,0,1,0
17.194444444444443,1,0,1,0,1,1,0,1,0
17.197222222222223,1,0,1,0,1,1,0,1,0
17.2,1,0,1,0,1,1,0,1,0
17.20277777777778,1,0,1,0,1,1,0,1,0
17.205555555555556,1,0,1,0,1,1,0,1,0
17.208333333333332,1,0,1,0,1,1,0,1,0
17.211111111111112,1,0,1,0,1,1,0,1,0
17.21388888888889,1,0,1,0,1,1,0,1,0
17.216666666666665,1,0,1,0,1,1,0,1,0
17.219444444444445,1,0,1,0,1,1,0,1,0
17.22222222222222,1,0,1,0,1,1,0,1,0
17.225,1,0,1,0,1,1,0,1,0
17.227777777777778,1,0,0,0,1,1,0,1,0
17.230555555555554,1,0,0,0,1,1,0,1,0
17.233333333333334,1,0,0,0,1,1,0,1,0
17.23611111111111,1,0,0,0,1,1,0,1,0
17.238888888888887,1,0,0,0,1,1,0,1,0
17.241666666666667,1,0,0,0,1,1,0,1,0
17.244444444444444,1,0,0,0,1,1,0,1,0
17.247222222222224,1,0,0,0,1,1,0,1,0
17.25,1,0,0,0,1,1,0,1,0
17.252777777777776,1,0,0,0,1,1,0,1,0
17.255555555555556,1,0,0,0,1,1,0,1,0
17.258333333333333,1,0,0,0,1,1,0,1,0
17.261111111111113,1,0,0,0,1,1,0,1,0
17.26388888888889,1,0,0,0,1,1,0,1,0
17.266666666666666,1,0,0,0,1,1,0,1,0
17.269444444444446,1,0,0,0,1,1,0,1,0
17.272222222222222,1,0,0,0,1,1,0,1,0
17.275,1,0,0,0,1,1,0,1,0
17.27777777777778,1,0,0,0,1,1,0,1,0
17.280555555555555,1,0,0,0,1,1,0,1,0
17.283333333333335,1,0,0,0,1,1,0,1,0
17.28611111111111,1,0,0,0,1,1,0,1,0
17.288888888888888,1,0,0,0,1,1,0,1,0
17.291666666666668,1,0,0,0,1,1,0,1,0
17.294444444444444,1,0,0,0,1,1,0,1,0
17.29722222222222,1,0,0,0,1,1,0,1,0
17.3,1,0,0,0,1,1,0,1,0
17.302777777777777,1,0,0,0,1,1,0,1,0
17.305555555555557,1,0,0,0,1,1,0,1,0
17.308333333333334,1,0,0,0,1,1,0,1,0
17.31111111111111,1,0,0,0,1,1,0,1,0
17.31388888888889,1,0,0,0,1,1,0,1,0
17.316666666666666,1,0,0,0,1,1,0,1,0
17.319444444444443,1,0,0,0,1,1,0,1,0
17.322222222222223,1,0,0,0,1,1,0,1,0
17.325,1,0,0,0,1,1,0,1,0
17.32777777777778,1,0,0,0,1,1,0,1,0
17.330555555555556,1,0,0,0,1,1,0,1,0
17.333333333333332,1,0,0,0,1,1,0,1,0
17.336111111111112,1,0,0,0,1,1,0,1,0
17.33888888888889,1,0,0,0,1,1,0,1,0
17.341666666666665,1,0,0,0,1,1,0,1,0
17.344444444444445,1,0,0,0,1,1,0,1,0
17.34722222222222,1,0,0,0,1,1,0,1,0
17.35,1,0,0,0,1,1,0,1,0
17.352777777777778,1,0,0,0,1,1,0,1,0
17.355555555555554,1,0,0,0,1,1,0,1,0
17.358333333333334,1,0,0,0,1,1,0,1,0
17.36111111111111,1,0,0,0,1,1,0,1,0
17.363888888888887,1,0,0,0,1,1,0,1,0
17.366666666666667,1,0,0,0,1,1,0,1,0
17.369444444444444,1,0,0,0,1,1,0,1,0
17.372222222222224,1,0,0,0,1,1,0,1,0
17.375,1,0,0,0,1,1,0,1,0
17.377777777777776,1,0,0,0,1,1,0,1,0
17.380555555555556,1,0,0,0,1,1,0,1,0
17.383333333333333,1,0,0,0,1,1,0,1,0
17.386111111111113,1,0,0,0,1,1,0,1,0
17.38888888888889,1,0,0,0,1,1,0,1,0
17.391666666666666,1,0,0,0,1,1,0,1,0
17.394444444444446,1,0,0,0,1,1,0,1,0
17.397222222222222,1,0,0,0,1,1,0,1,0
17.4,1,0,0,0,1,1,0,1,0
17.40277777777778,1,0,0,0,1,1,0,1,0
17.405555555555555,1,0,0,0,1,1,0,1,0
17.408333333333335,1,0,0,0,1,1,0,1,0
17.41111111111111,1,0,0,0,1,1,0,1,0
17.413888888888888,1,0,0,0,1,1,0,1,0
17.416666666666668,1,0,0,0,1,1,0,1,0
17.419444444444444,1,0,0,0,1,1,0,1,0
17.42222222222222,1,0,0,0,1,1,0,1,0
17.425,1,0,0,0,1,1,0,1,0
17.427777777777777,1,0,0,0,1,1,0,1,0
17.430555555555557,1,0,0,0,1,1,0,1,0
17.433333333333334,1,0,0,0,1,1,0,1,0
17.43611111111111,1,0,0,0,1,1,0,1,0
17.43888888888889,1,0,0,0,1,1,0,1,0
17.441666666666666,1,0,0,0,1,1,0,1,0
17.444444444444443,1,0,0,0,1,1,0,1,0
17.447222222222223,1,0,0,0,1,1,0,1,0
17.45,1,0,0,0,1,1,0,1,0
17.45277777777778,1,0,0,0,1,1,0,1,0
17.455555555555556,1,0,0,0,1,1,0,1,0
17.458333333333332,1,0,0,0,1,1,0,1,0
17.461111111111112,1,0,0,0,1,1,0,1,0
17.46388888888889,1,0,0,0,1,1,0,1,0
17.466666666666665,1,0,0,0,1,1,0,1,0
17.469444444444445,1,0,0,0,1,1,0,1,0
17.47222222222222,1,0,0,0,1,1,0,1,0
17.475,1,0,0,0,1,1,0,1,0
17.477777777777778,1,0,0,0,1,1,0,1,0
17.480555555555554,1,0,0,0,1,1,0,1,0
17.483333333333334,1,0,0,0,1,1,0,1,0
17.48611111111111,1,0,0,0,1,1,0,1,0
17.488888888888887,1,0,0,0,1,1,0,1,0
17.491666666666667,1,0,0,0,1,1,0,1,0
17.494444444444444,1,0,0,0,1,1,0,1,0
17.497222222222224,1,0,0,0,1,1,0,1,0
17.5,1,0,0,0,1,1,0,1,0
17.502777777777776,1,0,0,0,1,1,0,1,0
17.505555555555556,1,0,0,0,1,1,0,1,0
17.508333333333333,1,0,0,0,1,1,0,1,0
17.511111111111113,1,0,0,0,1,1,0,1,0
17.51388888888889,1,0,0,0,1,1,0,1,0
17.516666666666666,1,0,0,0,1,1,0,1,0
17.519444444444446,1,0,0,0,1,1,0,1,0
17.522222222222222,1,0,0,0,1,1,0,1,0
17.525,1,0,0,0,1,1,0,1,0
17.52777777777778,1,0,0,0,1,1,0,1,0
17.530555555555555,1,0,0,0,1,1,0,1,0
17.533333333333335,1,0,0,0,1,1,0,1,0
17.53611111111111,1,0,0,0,1,1,0,1,0
17.538888888888888,1,0,0,0,1,1,0,1,0
17.541666666666668,1,0,0,0,1,1,0,1,0
17.544444444444444,1,0,0,0,1,1,0,1,0
17.54722222222222,1,0,0,0,1,1,0,1,0
17.55,1,0,0,0,1,1,0,1,0
17.552777777777777,1,0,0,0,1,1,0,1,0
17.555555555555557,1,0,0,0,1,1,0,1,0
17.558333333333334,1,0,0,0,1,1,0,1,0
17.56111111111111,1,0,0,0,1,1,0,1,0
17.56388888888889,1,0,0,0,1,1,0,1,0
17.566666666666666,1,0,0,0,1,1,0,1,0
17.569444444444443,1,0,0,0,1,1,0,1,0
17.572222222222223,1,0,0,0,1,1,0,1,0
17.575,1,0,0,0,1,1,0,1,0
17.57777777777778,1,0,0,0,1,1,0,1,0
17.580555555555556,1,0,0,0,1,1,0,1,0
17.583333333333332,1,0,0,0,1,1,0,1,0
17.586111111111112,1,0,0,0,1,1,0,1,0
17.58888888888889,1,0,0,0,1,1,0,1,0
17.591666666666665,1,0,0,0,1,1,0,1,0
17.594444444444445,1,0,0,0,1,1,0,1,0
17.59722222222222,1,0,0,0,1,1,0,1,0
17.6,1,0,0,0,1,1,0,1,0
17.602777777777778,1,0,0,0,1,1,0,1,0
17.605555555555554,1,0,0,0,1,1,0,1,0
17.608333333333334,1,0,0,0,1,1,0,1,0
17.61111111111111,1,0,0,0,1,1,0,1,0
17.613888888888887,1,0,0,0,1,1,0,1,0
17.616666666666667,1,0,0,0,1,1,0,1,0
17.619444444444444,1,0,0,0,1,1,0,1,0
17.622222222222224,1,0,0,0,1,1,0,1,0
17.625,1,0,0,0,1,1,0,1,0
17.627777777777776,1,0,0,0,1,1,0,1,0
17.630555555555556,1,0,0,0,1,1,0,1,0
17.633333333333333,1,0,0,0,1,1,0,1,0
17.636111111111113,1,0,0,0,1,1,0,1,0
17.63888888888889,1,0,0,0,1,1,0,1,0
17.641666666666666,1,0,0,0,1,1,0,1,0
17.644444444444446,1,0,0,0,1,1,0,1,0
17.647222222222222,1,0,0,0,1,1,0,1,0
17.65,1,0,0,0,1,1,0,1,0
17.65277777777778,1,0,0,0,1,1,0,1,0
17.655555555555555,1,0,0,0,1,1,0,1,0
17.658333333333335,1,0,0,0,1,1,0,1,0
17.66111111111111,1,0,0,0,1,1,0,1,0
17.663888888888888,1,0,0,0,1,1,0,1,0
17.666666666666668,1,0,0,0,1,1,0,1,0
17.669444444444444,1,0,0,0,1,1,0,1,0
17.67222222222222,1,0,0,0,1,1,0,1,0
17.675,1,0,0,0,1,1,0,1,0
17.677777777777777,1,0,0,0,1,1,0,1,0
17.680555555555557,1,0,0,0,1,1,0,1,0
17.683333333333334,1,0,0,0,1,1,0,1,0
17.68611111111111,1,0,0,0,1,1,0,1,0
17.68888888888889,1,0,0,0,1,1,0,1,0
17.691666666666666,1,0,0,0,1,1,0,1,0
17.694444444444443,1,0,0,0,1,1,0,1,0
17.697222222222223,1,0,0,0,1,1,0,1,0
17.7,1,0,0,0,1,1,0,1,0
17.70277777777778,1,0,0,0,1,1,0,1,0
17.705555555555556,1,0,0,0,1,1,0,1,0
17.708333333333332,1,0,0,0,1,1,0,1,0
17.711111111111112,1,0,0,0,1,1,0,1,0
17.71388888888889,1,0,0,0,1,1,0,1,0
17.716666666666665,1,0,0,0,1,1,0,1,0
17.719444444444445,1,0,0,0,1,1,0,1,0
17.72222222222222,1,0,0,0,1,1,0,1,0
17.725,1,0,0,0,1,1,0,1,0
17.727777777777778,1,0,0,0,1,1,0,1,0
17.730555555555554,1,0,0,0,1,1,0,1,0
17.733333333333334,1,0,0,0,1,1,0,1,0
17.73611111111111,1,0,0,0,1,1,0,1,0
17.738888888888887,1,0,0,0,1,1,0,1,0
17.741666666666667,1,0,0,0,1,1,0,1,0
17.744444444444444,1,0,0,0,1,1,0,1,0
17.747222222222224,1,0,0,0,1,1,0,1,0
17.75,1,0,0,0,1,1,0,1,0
17.752777777777776,1,0,0,0,1,1,0,1,0
17.755555555555556,1,0,1,0,1,1,0,1,0
17.758333333333333,1,0,1,0,1,1,0,0,0
17.761111111111113,1,0,1,0,1,1,0,0,0
17.76388888888889,1,0,1,0,1,1,0,0,0
17.766666666666666,1,0,1,0,1,1,0,0,0
17.769444444444446,1,0,1,0,1,1,0,0,0
17.772222222222222,1,0,1,0,1,1,0,0,0
17.775,1,0,1,0,1,1,0,0,0
17.77777777777778,1,0,1,0,1,1,0,0,0
17.780555555555555,1,0,1,0,1,1,0,0,0
17.783333333333335,1,0,1,0,1,1,0,0,0
17.78611111111111,1,0,1,0,1,1,0,0,0
17.788888888888888,1,0,1,0,1,1,0,0,0
17.791666666666668,1,0,1,0,1,1,0,0,0
17.794444444444444,1,0,1,0,1,1,0,0,0
17.79722222222222,1,0,1,0,1,1,0,0,0
17.8,1,0,1,0,1,1,0,0,0
17.802777777777777,1,0,1,0,1,1,0,0,0
17.805555555555557,1,0,1,0,1,1,0,0,0
17.808333333333334,1,0,1,0,1,1,0,0,0
17.81111111111111,1,0,1,0,1,1,0,0,0
17.81388888888889,1,0,1,0,1,1,0,0,0
17.816666666666666,1,0,1,0,1,1,0,0,0
17.819444444444443,1,0,1,0,1,1,0,0,0
17.822222222222223,1,0,1,0,1,1,0,0,0
17.825,1,0,1,0,1,1,0,0,0
17.82777777777778,1,0,1,0,1,1,0,0,0
17.830555555555556,1,0,1,0,1,1,0,0,0
17.833333333333332,1,0,1,0,1,1,0,0,0
17.836111111111112,1,0,1,0,1,1,0,0,0
17.83888888888889,1,0,1,0,1,1,0,0,0
17.841666666666665,1,0,1,0,1,1,0,0,0
17.844444444444445,1,0,1,0,1,1,0,0,0
17.84722222222222,1,0,1,0,1,1,0,0,0
17.85,1,0,1,0,1,1,0,0,0
17.852777777777778,1,0,1,0,1,1,0,0,0
17.855555555555554,1,0,1,0,1,1,0,0,0
17.858333333333334,1,0,1,0,1,1,0,0,0
17.86111111111111,1,0,1,0,1,1,0,0,0
17.863888888888887,1,0,1,0,1,1,0,0,0
17.866666666666667,1,0,1,0,1,1,0,0,0
17.869444444444444,1,0,1,0,1,1,0,0,0
17.872222222222224,1,0,1,0,1,1,0,0,0
17.875,1,0,1,0,1,1,0,0,0
17.877777777777776,1,0,1,0,1,1,0,0,0
17.880555555555556,1,0,1,0,1,1,0,0,0
17.883333333333333,1,0,1,0,1,1,0,0,0
17.886111111111113,1,0,1,0,1,1,0,0,0
17.88888888888889,1,0,1,0,1,1,0,0,0
17.891666666666666,1,0,1,0,1,1,0,0,0
17.894444444444446,1,0,1,0,1,1,0,0,0
17.897222222222222,1,0,1,0,1,1,0,0,0
17.9,1,0,1,0,1,1,0,0,0
17.90277777777778,1,0,1,0,1,1,0,0,0
17.905555555555555,1,0,1,0,1,1,0,0,0
17.908333333333335,1,0,1,0,1,1,0,0,0
17.91111111111111,1,0,1,0,1,1,0,0,0
17.913888888888888,1,0,1,0,1,1,0,0,0
17.916666666666668,1,0,1,0,1,1,0,0,0
17.919444444444444,1,0,1,0,1,1,0,0,0
17.92222222222222,1,0,1,0,1,1,0,0,0
17.925,1,0,1,0,1,1,0,0,0
17.927777777777777,1,0,1,0,1,1,0,0,0
17.930555555555557,1,0,1,0,1,1,0,0,0
17.933333333333334,1,0,1,0,1,1,0,0,0
17.93611111111111,1,0,1,0,1,1,0,0,0
17.93888888888889,1,0,1,0,1,1,0,0,0
17.941666666666666,1,0,1,0,1,1,0,0,0
17.944444444444443,1,0,1,0,1,1,0,0,0
17.947222222222223,1,0,1,0,1,1,0,0,0
17.95,1,0,1,0,1,1,0,0,0
17.95277777777778,1,0,1,0,1,1,0,0,0
17.955555555555556,1,0,1,0,1,1,0,0,0
17.958333333333332,1,0,1,0,1,1,0,0,0
17.961111111111112,1,0,1,0,1,1,0,0,0
17.96388888888889,1,0,1,0,1,1,0,0,0
17.966666666666665,1,0,1,0,1,1,0,0,0
17.969444444444445,1,0,1,0,1,1,0,0,0
17.97222222222222,1,0,1,0,1,1,0,0,0
17.975,1,0,1,0,1,1,0,0,0
17.977777777777778,1,0,1,0,1,1,0,0,0
17.980555555555554,1,0,1,0,1,1,0,0,0
17.983333333333334,1,0,1,0,1,1,0,0,0
17.98611111111111,1,0,1,0,1,1,0,0,0
17.988888888888887,1,0,1,0,1,1,0,0,0
17.991666666666667,1,0,1,0,1,1,0,0,0
17.994444444444444,1,0,1,0,1,1,0,0,0
17.997222222222224,1,0,1,0,1,1,0,1,0
18.0,1,0,0,0,1,1,0,1,0
18.002777777777776,1,0,0,0,1,1,0,1,0
18.005555555555556,1,0,0,0,1,1,0,1,0
18.008333333333333,1,0,0,0,1,1,0,1,0
18.011111111111113,1,0,0,0,1,1,0,1,0
18.01388888888889,1,0,0,0,1,1,0,1,0
18.016666666666666,1,0,0,0,1,1,0,1,0
18.019444444444446,1,0,0,0,1,1,0,1,0
18.022222222222222,1,0,0,0,1,1,0,1,0
18.025,1,0,0,0,1,1,0,1,0
18.02777777777778,1,0,0,0,1,1,0,1,0
18.030555555555555,1,0,0,0,1,1,0,1,0
18.033333333333335,1,0,0,0,1,1,0,0,0
18.03611111111111,1,0,0,0,1,1,0,1,0
18.038888888888888,1,0,0,0,1,1,0,1,0
18.041666666666668,1,0,0,0,1,1,0,1,0
18.044444444444444,1,0,0,0,1,1,0,1,0
18.04722222222222,1,0,0,0,1,1,0,1,0
18.05,1,0,0,0,1,1,0,1,0
18.052777777777777,1,0,0,0,1,1,0,1,0
18.055555555555557,1,0,0,0,1,1,0,1,0
18.058333333333334,1,0,0,0,1,1,0,1,0
18.06111111111111,1,0,0,0,1,1,0,1,0
18.06388888888889,1,0,0,0,1,1,0,1,0
18.066666666666666,1,0,0,0,1,1,0,1,0
18.069444444444443,1,0,0,0,1,1,0,1,0
18.072222222222223,1,0,0,0,1,1,0,1,0
18.075,1,0,0,0,1,1,0,0,0
18.07777777777778,1,0,0,0,1,1,0,1,0
18.080555555555556,1,0,0,0,1,1,0,0,0
18.083333333333332,1,0,0,0,1,1,0,1,0
18.086111111111112,1,0,0,0,1,1,0,1,0
18.08888888888889,1,0,0,0,1,1,0,1,0
18.091666666666665,1,0,0,0,1,1,0,1,0
18.094444444444445,1,0,0,0,1,1,0,1,0
18.09722222222222,1,0,0,0,1,1,0,1,0
18.1,1,0,0,0,1,1,0,0,0
18.102777777777778,1,0,0,0,1,1,0,0,0
18.105555555555554,1,0,0,0,1,1,0,0,0
18.108333333333334,1,0,0,0,1,1,0,1,0
18.11111111111111,1,0,0,0,1,1,0,1,0
18.113888888888887,1,0,0,0,1,1,0,0,0
18.116666666666667,1,0,0,0,1,1,0,1,0
18.119444444444444,1,0,0,0,1,1,0,1,0
18.122222222222224,1,0,0,0,1,1,0,0,0
18.125,1,0,0,0,1,1,0,1,0
18.127777777777776,1,0,0,0,1,1,0,1,0
18.130555555555556,1,0,0,0,1,1,0,1,0
18.133333333333333,1,0,0,0,1,1,0,1,0
18.136111111111113,1,0,0,0,1,1,0,0,0
18.13888888888889,1,0,0,0,1,1,0,1,0
18.141666666666666,1,0,0,0,1,1,0,1,0
18.144444444444446,1,0,0,0,1,1,0,0,0
18.147222222222222,1,0,0,0,1,1,0,1,0
18.15,1,0,0,0,1,1,0,1,0
18.15277777777778,1,0,0,0,1,1,0,0,0
18.155555555555555,1,0,0,0,1,1,0,1,0
18.158333333333335,1,0,0,0,1,1,0,1,0
18.16111111111111,1,0,0,0,1,1,0,0,0
18.163888888888888,1,0,0,0,1,1,0,0,0
18.166666666666668,1,0,0,0,1,1,0,0,0
18.169444444444444,1,0,0,0,1,1,0,0,0
18.17222222222222,1,0,0,0,1,1,0,1,0
18.175,1,0,0,1,1,1,0,0,0
18.177777777777777,1,0,0,1,1,1,0,0,0
18.180555555555557,1,0,0,1,1,1,0,0,0
18.183333333333334,1,0,0,1,1,1,0,0,0
18.18611111111111,1,0,0,1,1,1,0,0,0
18.18888888888889,1,0,0,1,1,1,0,0,0
18.191666666666666,1,0,0,1,1,1,0,0,0
18.194444444444443,1,0,0,1,1,1,0,0,0
18.197222222222223,1,0,0,1,1,1,0,0,0
18.2,1,0,0,1,1,1,0,0,0
18.20277777777778,1,0,0,1,1,1,0,0,0
18.205555555555556,1,0,0,0,1,1,0,0,0
18.208333333333332,1,0,0,0,1,1,0,0,0
18.211111111111112,1,0,0,0,1,1,0,1,0
18.21388888888889,1,0,0,0,1,1,0,0,0
18.216666666666665,1,0,0,0,1,1,0,0,0
18.219444444444445,1,0,0,0,1,1,0,1,0
18.22222222222222,1,0,0,0,1,1,0,1,0
18.225,1,0,0,0,1,1,0,0,0
18.227777777777778,1,0,0,0,1,1,0,0,0
18.230555555555554,1,0,0,0,1,1,0,1,0
18.233333333333334,1,0,0,0,1,1,0,1,0
18.23611111111111,1,0,0,0,1,1,0,0,0
18.238888888888887,1,0,0,0,1,1,0,1,0
18.241666666666667,1,0,0,0,1,1,0,0,0
18.244444444444444,1,0,0,0,1,1,0,1,0
18.247222222222224,1,0,0,0,1,1,0,1,0
18.25,1,0,0,0,1,1,0,1,0
18.252777777777776,1,0,0,0,1,1,0,0,0
18.255555555555556,1,0,0,0,1,1,0,0,0
18.258333333333333,1,0,0,0,1,1,0,0,0
18.261111111111113,1,0,0,0,1,1,0,0,0
18.26388888888889,1,0,0,0,1,1,0,1,0
18.266666666666666,1,0,0,0,1,1,0,1,0
18.269444444444446,1,0,0,0,1,1,0,0,0
18.272222222222222,1,0,0,0,1,1,0,0,0
18.275,1,0,0,0,1,1,0,0,0
18.27777777777778,1,0,0,0,1,1,0,1,0
18.280555555555555,1,0,0,0,1,1,0,0,0
18.283333333333335,1,0,0,0,1,1,0,0,0
18.28611111111111,1,0,0,0,1,1,0,0,0
18.288888888888888,1,0,0,0,1,1,0,0,0
18.291666666666668,1,0,0,0,1,1,0,1,0
18.294444444444444,1,0,0,0,1,1,0,0,0
18.29722222222222,1,0,0,0,1,1,0,1,0
18.3,1,0,0,0,1,1,0,1,0
18.302777777777777,1,0,0,0,1,1,0,0,0
18.305555555555557,1,0,0,0,1,1,0,0,0
18.308333333333334,1,0,0,0,1,1,0,1,0
18.31111111111111,1,0,0,0,1,1,0,1,0
18.31388888888889,1,0,0,0,1,1,0,0,0
18.316666666666666,1,0,0,0,1,1,0,0,0
18.319444444444443,1,0,0,0,1,1,0,0,0
18.322222222222223,1,0,0,0,1,1,0,1,0
18.325,1,0,0,0,1,1,0,0,0
18.32777777777778,1,0,0,0,1,1,0,0,0
18.330555555555556,1,0,0,0,1,1,0,0,0
18.333333333333332,1,0,0,0,1,1,0,1,0
18.336111111111112,1,0,0,0,1,1,0,0,0
18.33888888888889,1,0,0,0,1,1,0,0,0
18.341666666666665,1,0,0,0,1,1,0,1,0
18.344444444444445,1,0,0,0,1,1,0,0,0
18.34722222222222,1,0,0,0,1,1,0,1,0
18.35,1,0,0,0,1,1,0,0,0
18.352777777777778,1,0,0,0,1,1,0,0,0
18.355555555555554,1,0,0,0,1,1,0,0,0
18.358333333333334,1,0,0,0,1,1,0,0,0
18.36111111111111,1,0,0,0,1,1,0,0,0
18.363888888888887,1,0,0,0,1,1,0,1,0
18.366666666666667,1,0,0,0,1,1,0,1,0
18.369444444444444,1,0,0,0,1,1,0,0,0
18.372222222222224,1,0,0,0,1,1,0,1,0
18.375,1,0,0,0,1,1,0,0,0
18.377777777777776,1,0,0,0,1,1,0,0,0
18.380555555555556,1,0,0,0,1,1,0,1,0
18.383333333333333,1,0,0,0,1,1,0,1,0
18.386111111111113,1,0,0,0,1,1,0,0,0
18.38888888888889,1,0,0,0,1,1,0,0,0
18.391666666666666,1,0,0,0,1,1,0,0,0
18.394444444444446,1,0,0,0,1,1,0,0,0
18.397222222222222,1,0,0,0,1,1,0,0,0
18.4,1,0,0,0,1,1,0,1,0
18.40277777777778,1,0,0,0,1,1,0,0,0
18.405555555555555,1,0,0,0,1,1,0,1,0
18.408333333333335,1,0,0,0,1,1,0,1,0
18.41111111111111,1,0,0,0,1,1,0,0,0
18.413888888888888,1,0,0,0,1,1,0,1,0
18.416666666666668,1,0,0,0,1,1,0,1,0
18.419444444444444,1,0,0,0,1,1,0,1,0
18.42222222222222,1,0,0,0,1,1,0,0,0
18.425,1,0,0,0,0,1,0,1,0
18.427777777777777,1,0,0,0,1,1,0,0,0
18.430555555555557,1,0,0,0,1,1,0,1,0
18.433333333333334,1,0,0,0,1,1,0,1,0
18.43611111111111,1,0,1,0,1,1,0,1,0
18.43888888888889,1,0,1,0,1,1,0,0,0
18.441666666666666,1,0,1,0,1,1,0,0,0
18.444444444444443,1,0,1,0,1,1,0,0,0
18.447222222222223,1,0,1,0,1,1,0,0,0
18.45,1,0,1,0,1,1,0,0,0
18.45277777777778,1,0,1,0,1,1,0,0,0
18.455555555555556,1,0,1,0,1,1,0,0,0
18.458333333333332,1,0,1,0,1,1,0,0,0
18.461111111111112,1,0,1,0,1,1,0,0,0
18.46388888888889,1,0,1,0,1,1,0,0,0
18.466666666666665,1,0,1,0,1,1,0,0,0
18.469444444444445,1,0,1,0,1,1,0,0,0
18.47222222222222,1,0,1,0,1,1,0,0,0
18.475,1,0,1,0,1,1,0,0,0
18.477777777777778,1,0,1,0,1,1,0,0,0
18.480555555555554,1,0,1,0,1,1,0,0,0
18.483333333333334,1,0,1,0,1,1,0,0,0
18.48611111111111,1,0,1,0,1,1,0,0,0
18.488888888888887,1,0,1,0,1,1,0,0,0
18.491666666666667,1,0,1,0,1,1,0,0,0
18.494444444444444,1,0,1,0,1,1,0,0,0
18.497222222222224,1,0,1,0,1,1,0,0,0
18.5,1,0,1,0,1,1,0,0,0
18.502777777777776,1,0,1,0,1,1,0,0,0
18.505555555555556,1,0,1,0,1,1,0,0,0
18.508333333333333,1,0,1,0,1,1,0,0,0
18.511111111111113,1,0,1,0,1,1,0,0,0
18.51388888888889,1,0,1,0,1,1,0,0,0
18.516666666666666,1,0,1,0,1,1,0,0,0
18.519444444444446,1,0,1,0,1,1,0,0,0
18.522222222222222,1,0,1,0,1,1,0,0,0
18.525,1,0,1,0,1,1,0,0,0
18.52777777777778,1,0,1,0,1,1,0,0,0
18.530555555555555,1,0,1,0,1,1,0,0,0
18.533333333333335,1,0,1,0,1,1,0,0,0
18.53611111111111,1,0,1,0,1,1,0,0,0
18.538888888888888,1,0,1,0,1,1,0,0,0
18.541666666666668,1,0,1,0,1,1,0,0,0
18.544444444444444,1,0,1,0,1,1,0,0,0
18.54722222222222,1,0,1,0,1,1,0,0,0
18.55,1,0,1,0,1,1,0,0,0
18.552777777777777,1,0,1,0,1,1,0,0,0
18.555555555555557,1,0,1,0,1,1,0,0,0
18.558333333333334,1,0,1,0,1,1,0,0,0
18.56111111111111,1,0,1,0,1,1,0,0,0
18.56388888888889,1,0,1,0,1,1,0,0,0
18.566666666666666,1,0,1,0,1,1,0,0,0
18.569444444444443,1,0,1,0,1,1,0,0,0
18.572222222222223,1,0,1,0,1,1,0,0,0
18.575,1,0,1,0,1,1,0,0,0
18.57777777777778,1,0,1,0,1,1,0,0,0
18.580555555555556,1,0,1,0,1,1,0,0,0
18.583333333333332,1,0,1,0,1,1,0,0,0
18.586111111111112,1,0,1,0,1,1,0,0,0
18.58888888888889,1,0,1,0,1,1,0,0,0
18.591666666666665,1,0,1,0,1,1,0,0,0
18.594444444444445,1,0,1,0,1,1,0,0,0
18.59722222222222,1,0,1,0,1,1,0,0,0
18.6,1,0,1,0,1,1,0,0,0
18.602777777777778,1,0,1,0,1,1,0,0,0
18.605555555555554,1,0,1,0,1,1,0,0,0
18.608333333333334,1,0,1,0,1,1,0,0,0
18.61111111111111,1,0,1,0,1,1,0,0,0
18.613888888888887,1,0,1,0,1,1,0,0,0
18.616666666666667,1,0,1,0,1,1,0,0,0
18.619444444444444,1,0,1,0,1,1,0,0,0
18.622222222222224,1,0,1,0,1,1,0,0,0
18.625,1,0,1,0,1,1,0,0,0
18.627777777777776,1,0,1,0,1,1,0,0,0
18.630555555555556,1,0,1,0,1,1,0,0,0
18.633333333333333,1,0,1,0,1,1,0,0,0
18.636111111111113,1,0,1,0,1,1,0,0,0
18.63888888888889,1,0,1,0,1,1,0,0,0
18.641666666666666,1,0,1,0,1,1,0,0,0
18.644444444444446,1,0,1,0,1,1,0,0,0
18.647222222222222,1,0,1,0,1,1,0,0,0
18.65,1,0,1,0,1,1,0,0,0
18.65277777777778,1,0,1,0,1,1,0,0,0
18.655555555555555,1,0,1,0,1,1,0,0,0
18.658333333333335,1,0,1,0,1,1,0,0,0
18.66111111111111,1,0,1,0,1,1,0,0,0
18.663888888888888,1,0,1,0,1,1,0,0,0
18.666666666666668,1,0,1,0,1,1,0,0,0
18.669444444444444,1,0,1,0,1,1,0,0,0
18.67222222222222,1,0,1,0,1,1,0,0,0
18.675,1,0,1,0,1,1,0,0,0
18.677777777777777,1,0,1,0,1,1,0,0,0
18.680555555555557,1,0,1,0,1,1,0,0,0
18.683333333333334,1,0,1,0,1,1,0,0,0
18.68611111111111,1,0,1,0,1,1,0,0,0
18.68888888888889,1,0,1,0,1,1,0,0,0
18.691666666666666,1,0,1,0,1,1,0,0,0
18.694444444444443,1,0,1,0,1,1,0,0,0
18.697222222222223,1,0,1,0,1,1,0,0,0
18.7,1,0,1,0,1,1,0,0,0
18.70277777777778,1,0,1,0,1,1,0,0,0
18.705555555555556,1,0,1,0,1,1,0,0,0
18.708333333333332,1,0,1,0,1,1,0,0,0
18.711111111111112,1,0,1,0,1,1,0,0,0
18.71388888888889,1,0,1,0,1,1,0,0,0
18.716666666666665,1,0,0,0,1,1,0,0,0
18.719444444444445,1,0,0,0,1,1,0,0,0
18.72222222222222,1,0,0,0,1,1,0,0,0
18.725,1,0,0,0,1,1,0,0,0
18.727777777777778,1,0,0,0,0,1,0,0,0
18.730555555555554,1,0,0,0,1,1,0,0,0
18.733333333333334,1,0,0,0,1,1,0,0,0
18.73611111111111,1,0,0,0,1,1,0,0,0
18.738888888888887,1,0,0,0,1,1,0,0,0
18.741666666666667,1,0,0,0,1,1,0,0,0
18.744444444444444,1,0,0,0,1,1,0,0,0
18.747222222222224,1,0,0,0,1,1,0,0,0
18.75,1,0,0,0,1,1,0,0,0
18.752777777777776,1,0,0,0,1,1,0,0,0
18.755555555555556,1,0,0,0,1,1,0,0,0
18.758333333333333,1,0,0,0,1,1,0,0,0
18.761111111111113,1,0,0,0,1,1,0,0,0
18.76388888888889,1,0,0,0,1,1,0,0,0
18.766666666666666,1,0,0,0,1,1,0,0,0
18.769444444444446,1,0,0,0,1,1,0,0,0
18.772222222222222,1,0,0,0,1,1,0,0,0
18.775,1,0,0,0,1,1,0,0,0
18.77777777777778,1,0,0,0,1,1,0,0,0
18.780555555555555,1,0,0,0,1,1,0,0,0
18.783333333333335,1,0,0,0,1,1,0,0,0
18.78611111111111,1,0,0,0,1,1,0,0,0
18.788888888888888,1,0,0,0,1,1,0,0,0
18.791666666666668,1,0,0,0,1,1,0,0,0
18.794444444444444,1,0,0,0,1,1,0,0,0
18.79722222222222,1,0,0,0,1,1,0,0,0
18.8,1,0,0,0,1,1,0,0,0
18.802777777777777,1,0,0,0,0,1,0,0,0
18.805555555555557,1,0,0,0,1,1,0,0,0
18.808333333333334,1,0,0,0,1,1,0,0,0
18.81111111111111,1,0,0,0,1,1,0,0,0
18.81388888888889,1,0,0,0,1,1,0,0,0
18.816666666666666,1,0,0,0,1,1,0,0,0
18.819444444444443,1,0,0,0,1,1,0,0,0
18.822222222222223,1,0,0,0,1,1,0,0,0
18.825,1,0,0,0,1,1,0,0,0
18.82777777777778,1,0,0,0,1,1,0,0,0
18.830555555555556,1,0,0,0,1,1,0,0,0
18.833333333333332,1,0,0,0,1,1,0,0,0
18.836111111111112,1,0,0,0,1,1,0,0,0
18.83888888888889,1,0,0,0,1,1,0,0,0
18.841666666666665,1,0,0,0,1,1,0,0,0
18.844444444444445,1,0,0,0,1,1,0,0,0
18.84722222222222,1,0,0,0,1,1,0,0,0
18.85,1,0,0,0,1,1,0,0,0
18.852777777777778,1,0,0,0,1,1,0,0,0
18.855555555555554,1,0,0,0,1,1,0,0,0
18.858333333333334,1,0,0,0,1,1,0,0,0
18.86111111111111,1,0,0,0,1,1,0,0,0
18.863888888888887,1,0,0,0,0,1,0,0,0
18.866666666666667,1,0,0,0,1,1,0,0,0
18.869444444444444,1,0,0,0,1,1,0,0,0
18.872222222222224,1,0,0,0,1,1,0,0,0
18.875,1,0,0,0,1,1,0,0,0
18.877777777777776,1,0,0,0,1,1,0,0,0
18.880555555555556,1,0,0,0,1,1,0,0,0
18.883333333333333,1,0,0,0,1,1,0,0,0
18.886111111111113,1,0,0,0,1,1,0,0,0
18.88888888888889,1,0,0,0,1,1,0,0,0
18.891666666666666,1,0,0,0,1,1,0,0,0
18.894444444444446,1,0,0,0,1,1,0,0,0
18.897222222222222,1,0,0,0,0,1,0,0,0
18.9,1,0,0,0,1,1,0,0,0
18.90277777777778,1,0,0,0,1,1,0,0,0
18.905555555555555,1,0,0,0,1,1,0,0,0
18.908333333333335,1,0,0,0,1,1,0,0,0
18.91111111111111,1,0,0,0,1,1,0,0,0
18.913888888888888,1,0,0,0,1,1,0,0,0
18.916666666666668,1,0,0,0,0,1,0,0,0
18.919444444444444,1,0,0,0,1,1,0,0,0
18.92222222222222,1,0,0,0,1,1,0,0,0
18.925,1,0,0,0,1,1,0,0,0
18.927777777777777,1,0,0,0,1,1,0,0,0
18.930555555555557,1,0,0,0,0,1,0,0,0
18.933333333333334,1,0,0,0,1,1,0,0,0
18.93611111111111,1,0,0,0,1,1,0,0,0
18.93888888888889,1,0,0,0,1,1,0,0,0
18.941666666666666,1,0,0,0,1,1,0,0,0
18.944444444444443,1,0,0,0,1,1,0,0,0
18.947222222222223,1,0,0,0,1,1,0,0,0
18.95,1,0,0,0,1,1,0,0,0
18.95277777777778,1,0,0,0,1,1,0,0,0
18.955555555555556,1,0,0,0,1,1,0,0,0
18.958333333333332,1,0,0,0,1,1,0,0,0
18.961111111111112,1,0,0,0,1,1,0,0,0
18.96388888888889,1,0,0,0,1,1,0,0,0
18.966666666666665,1,0,0,0,1,1,0,0,0
18.969444444444445,1,0,0,0,0,1,0,0,0
18.97222222222222,1,0,0,0,0,1,0,0,0
18.975,1,0,0,0,1,1,0,0,0
18.977777777777778,1,0,0,0,1,1,0,0,0
18.980555555555554,1,0,0,0,0,1,0,0,0
18.983333333333334,1,0,0,0,0,1,0,0,0
18.98611111111111,1,0,0,0,1,1,0,0,0
18.988888888888887,1,0,0,0,1,1,0,0,0
18.991666666666667,1,0,0,0,1,1,0,0,0
18.994444444444444,1,0,0,0,1,1,0,0,0
18.997222222222224,1,0,0,0,1,1,0,0,0
19.0,1,0,0,0,1,1,0,0,0
19.002777777777776,1,0,0,0,1,1,0,0,0
19.005555555555556,1,0,0,0,1,1,0,0,0
19.008333333333333,1,0,0,0,1,1,0,0,0
19.011111111111113,1,0,0,0,1,1,0,0,0
19.01388888888889,1,0,0,0,1,1,0,0,0
19.016666666666666,1,0,0,0,1,1,0,0,0
19.019444444444446,1,0,0,0,1,1,0,0,0
19.022222222222222,1,0,0,0,1,1,0,0,0
19.025,1,0,0,0,1,1,0,0,0
19.02777777777778,1,0,0,0,1,1,0,0,0
19.030555555555555,1,0,0,0,1,1,0,0,0
19.033333333333335,1,0,0,0,1,1,0,0,0
19.03611111111111,1,0,0,0,0,1,0,0,0
19.038888888888888,1,0,0,0,1,1,0,0,0
19.041666666666668,1,0,0,0,1,1,0,0,0
19.044444444444444,1,0,0,0,0,1,0,0,0
19.04722222222222,1,0,0,0,0,1,0,0,0
19.05,1,0,0,0,1,1,0,0,0
19.052777777777777,1,0,0,0,1,1,0,0,0
19.055555555555557,1,0,0,0,1,1,0,0,0
19.058333333333334,1,0,0,0,1,1,0,0,0
19.06111111111111,1,0,0,0,0,1,0,0,0
19.06388888888889,1,0,0,0,0,1,0,0,0
19.066666666666666,1,0,0,0,1,1,0,0,0
19.069444444444443,1,0,0,0,0,1,0,0,0
19.072222222222223,1,0,0,0,1,1,0,0,0
19.075,1,0,0,0,1,1,0,0,0
19.07777777777778,1,0,0,0,1,1,0,0,0
19.080555555555556,1,0,0,0,1,1,0,0,0
19.083333333333332,1,0,0,0,1,1,0,0,0
19.086111111111112,1,0,0,0,1,1,0,0,0
19.08888888888889,1,0,0,0,1,1,0,0,0
19.091666666666665,1,0,0,0,1,1,0,0,0
19.094444444444445,1,0,0,0,1,1,0,0,0
19.09722222222222,1,0,0,0,1,1,0,0,0
19.1,1,0,0,0,0,1,0,0,0
19.102777777777778,1,0,0,0,1,1,0,0,0
19.105555555555554,1,0,0,0,1,1,0,0,0
19.108333333333334,1,0,0,0,1,1,0,0,0
19.11111111111111,1,0,0,0,1,1,0,0,0
19.113888888888887,1,0,0,0,1,1,0,0,0
19.116666666666667,1,0,0,0,1,1,0,0,0
19.119444444444444,1,0,0,0,0,1,0,0,0
19.122222222222224,1,0,0,0,0,1,0,0,0
19.125,1,0,0,0,1,1,0,0,0
19.127777777777776,1,0,0,0,1,1,0,0,0
19.130555555555556,1,0,0,0,0,1,0,0,0
19.133333333333333,1,0,0,0,1,1,0,0,0
19.136111111111113,1,0,0,0,1,1,0,0,0
19.13888888888889,1,0,0,0,1,1,0,0,0
19.141666666666666,1,0,0,0,1,1,0,0,0
19.144444444444446,1,0,0,0,1,1,0,0,0
19.147222222222222,1,0,0,0,1,1,0,0,0
19.15,1,0,0,0,1,1,0,0,0
19.15277777777778,1,0,0,0,1,1,0,0,0
19.155555555555555,1,0,0,0,1,1,0,0,0
19.158333333333335,1,0,0,0,0,1,0,0,0
19.16111111111111,1,0,0,0,1,1,0,0,0
19.163888888888888,1,0,0,0,1,1,0,0,0
19.166666666666668,1,0,0,0,1,1,0,0,0
19.169444444444444,1,0,0,0,1,1,0,0,0
19.17222222222222,1,0,0,0,1,1,0,0,0
19.175,1,0,0,0,1,1,0,0,0
19.177777777777777,1,0,0,0,0,1,0,0,0
19.180555555555557,1,0,0,0,1,1,0,0,0
19.183333333333334,1,0,0,0,0,1,0,0,0
19.18611111111111,1,0,0,0,0,1,0,0,0
19.18888888888889,1,0,0,0,0,1,0,0,0
19.191666666666666,1,0,0,0,1,1,0,0,0
19.194444444444443,1,0,0,0,1,1,0,0,0
19.197222222222223,1,0,0,0,0,1,0,0,0
19.2,1,0,0,0,0,1,0,0,0
19.20277777777778,1,0,0,0,1,1,0,0,0
19.205555555555556,1,0,0,0,1,1,0,0,0
19.208333333333332,1,0,0,0,1,1,0,0,0
19.211111111111112,1,0,0,0,0,1,0,0,0
19.21388888888889,1,0,0,0,0,1,0,0,0
19.216666666666665,1,0,0,0,1,1,0,0,0
19.219444444444445,1,0,0,0,1,1,0,0,0
19.22222222222222,1,0,0,0,0,1,0,0,0
19.225,1,0,0,0,1,1,0,0,0
19.227777777777778,1,0,0,0,1,1,0,0,0
19.230555555555554,1,0,0,0,1,1,0,0,0
19.233333333333334,1,0,0,0,1,1,0,0,0
19.23611111111111,1,0,0,0,1,1,0,0,0
19.238888888888887,1,0,0,0,1,1,0,0,0
19.241666666666667,1,0,0,0,0,1,0,0,0
19.244444444444444,1,0,0,0,1,1,0,0,0
19.247222222222224,1,0,0,0,1,1,0,0,0
19.25,1,0,0,0,0,1,0,0,0
19.252777777777776,1,0,0,0,1,1,0,0,0
19.255555555555556,1,0,0,0,0,1,0,0,0
19.258333333333333,1,0,0,0,1,1,0,0,0
19.261111111111113,1,0,0,0,0,1,0,0,0
19.26388888888889,1,0,0,0,1,1,0,0,0
19.266666666666666,1,0,0,0,1,1,0,0,0
19.269444444444446,1,0,0,0,0,1,0,0,0
19.272222222222222,1,0,0,0,0,1,0,0,0
19.275,1,0,0,0,1,1,0,0,0
19.27777777777778,1,0,0,0,1,1,0,0,0
19.280555555555555,1,0,0,0,0,1,0,0,0
19.283333333333335,1,0,0,0,1,1,0,0,0
19.28611111111111,1,0,0,0,1,1,0,0,0
19.288888888888888,1,0,0,0,1,1,0,0,0
19.291666666666668,1,0,0,0,1,1,0,0,0
19.294444444444444,1,0,0,0,1,1,0,0,0
19.29722222222222,1,0,0,0,1,1,0,0,0
19.3,1,0,0,0,0,1,0,0,0
19.302777777777777,1,0,0,0,1,1,0,0,0
19.305555555555557,1,0,0,0,1,1,0,0,0
19.308333333333334,1,0,0,0,0,1,0,0,0
19.31111111111111,1,0,0,0,1,1,0,0,0
19.31388888888889,1,0,0,0,0,1,0,0,0
19.316666666666666,1,0,0,0,0,1,0,0,0
19.319444444444443,1,0,0,0,1,1,0,0,0
19.322222222222223,1,0,0,0,1,1,0,0,0
19.325,1,0,0,0,0,1,0,0,0
19.32777777777778,1,0,0,0,0,1,0,0,0
19.330555555555556,1,0,0,0,0,1,0,0,0
19.333333333333332,1,0,0,0,1,1,0,0,0
19.336111111111112,1,0,0,0,1,1,0,0,0
19.33888888888889,1,0,0,0,0,1,0,0,0
19.341666666666665,1,0,0,0,1,1,0,0,0
19.344444444444445,1,0,0,0,1,1,0,0,0
19.34722222222222,1,0,0,0,1,1,0,0,0
19.35,1,0,0,0,1,1,0,0,0
19.352777777777778,1,0,0,0,1,1,0,0,0
19.355555555555554,1,0,0,0,1,1,0,0,0
19.358333333333334,1,0,0,0,0,1,0,0,0
19.36111111111111,1,0,0,0,1,1,0,0,0
19.363888888888887,1,0,0,0,1,1,0,0,0
19.366666666666667,1,0,0,0,1,1,0,0,0
19.369444444444444,1,0,0,0,1,1,0,0,0
19.372222222222224,1,0,0,0,0,1,0,0,0
19.375,1,0,0,0,1,1,0,0,0
19.377777777777776,1,0,0,0,1,1,0,0,0
19.380555555555556,1,0,0,0,1,1,0,0,0
19.383333333333333,1,0,0,0,1,1,0,0,0
19.386111111111113,1,0,0,0,0,1,0,0,0
19.38888888888889,1,0,0,0,1,1,0,0,0
19.391666666666666,1,0,0,0,0,1,0,0,0
19.394444444444446,1,0,0,0,1,1,0,0,0
19.397222222222222,1,0,0,0,1,1,0,0,0
19.4,1,0,0,0,0,1,0,0,0
19.40277777777778,1,0,0,0,0,1,0,0,0
19.405555555555555,1,0,0,0,1,1,0,0,0
19.408333333333335,1,0,0,0,0,1,0,0,0
19.41111111111111,1,0,0,0,0,1,0,0,0
19.413888888888888,1,0,0,0,0,1,0,0,0
19.416666666666668,1,0,0,0,0,1,0,0,0
19.419444444444444,1,0,0,0,0,1,0,0,0
19.42222222222222,1,0,0,0,0,1,0,0,0
19.425,1,0,0,0,1,1,0,0,0
19.427777777777777,1,0,0,0,1,1,0,0,0
19.430555555555557,1,0,0,0,0,1,0,0,0
19.433333333333334,1,0,0,0,0,1,0,0,0
19.43611111111111,1,0,0,0,0,1,0,0,0
19.43888888888889,1,0,0,0,0,1,0,0,0
19.441666666666666,1,0,0,0,0,1,0,0,0
19.444444444444443,1,0,0,0,0,1,0,0,0
19.447222222222223,1,0,0,0,0,1,0,0,0
19.45,1,0,0,0,1,1,0,0,0
19.45277777777778,1,0,0,0,0,1,0,0,0
19.455555555555556,1,0,0,0,0,1,0,0,0
19.458333333333332,1,0,0,0,1,1,0,0,0
19.461111111111112,1,0,1,0,0,1,0,0,0
19.46388888888889,1,0,1,0,0,1,0,0,0
19.466666666666665,1,0,1,0,1,1,0,0,0
19.469444444444445,1,0,1,0,1,1,0,0,0
19.47222222222222,1,0,1,0,0,1,0,0,0
19.475,1,0,1,0,0,1,0,0,0
19.477777777777778,1,0,1,0,0,1,0,0,0
19.480555555555554,1,0,1,0,1,1,0,0,0
19.483333333333334,1,0,1,0,1,1,0,0,0
19.48611111111111,1,0,1,0,0,1,0,0,0
19.488888888888887,1,0,1,0,0,1,0,0,0
19.491666666666667,1,0,1,0,1,1,0,0,0
19.494444444444444,1,0,1,0,0,1,0,0,0
19.497222222222224,1,0,1,0,0,1,0,0,0
19.5,1,0,1,0,0,1,0,0,0
19.502777777777776,1,0,1,0,0,1,0,0,0
19.505555555555556,1,0,1,0,0,1,0,0,0
19.508333333333333,1,0,1,0,0,1,0,0,0
19.511111111111113,1,0,1,0,1,1,0,0,0
19.51388888888889,1,0,1,0,1,1,0,0,0
19.516666666666666,1,0,1,0,0,1,0,0,0
19.519444444444446,1,0,1,0,0,1,0,0,0
19.522222222222222,1,0,1,0,0,1,0,0,0
19.525,1,0,1,0,0,1,0,0,0
19.52777777777778,1,0,1,0,0,1,0,0,0
19.530555555555555,1,0,1,0,0,1,0,0,0
19.533333333333335,1,0,1,0,0,1,0,0,0
19.53611111111111,1,0,1,0,0,1,0,0,0
19.538888888888888,1,0,1,0,0,1,0,0,0
19.541666666666668,1,0,1,0,0,1,0,0,0
19.544444444444444,1,0,1,0,0,1,0,0,0
19.54722222222222,1,0,1,0,0,1,0,0,0
19.55,1,0,1,0,0,1,0,0,0
19.552777777777777,1,0,1,0,0,1,0,0,0
19.555555555555557,1,0,1,0,0,1,0,0,0
19.558333333333334,1,0,1,0,0,1,0,0,0
19.56111111111111,1,0,1,0,0,1,0,0,0
19.56388888888889,1,0,1,0,0,1,0,0,0
19.566666666666666,1,0,1,0,0,1,0,0,0
19.569444444444443,1,0,1,0,0,1,0,0,0
19.572222222222223,1,0,1,0,0,1,0,0,0
19.575,1,0,1,0,0,1,0,0,0
19.57777777777778,1,0,1,0,0,1,0,0,0
19.580555555555556,1,0,1,0,0,1,0,0,0
19.583333333333332,1,0,1,0,0,1,0,0,0
19.586111111111112,1,0,1,0,0,1,0,0,0
19.58888888888889,1,0,1,0,0,1,0,0,0
19.591666666666665,1,0,1,0,0,1,0,0,0
19.594444444444445,1,0,1,0,0,1,0,0,0
19.59722222222222,1,0,1,0,0,1,0,0,0
19.6,1,0,1,0,0,1,0,0,0
19.602777777777778,1,0,1,0,0,1,0,0,0
19.605555555555554,1,0,1,0,0,1,0,0,0
19.608333333333334,1,0,1,0,0,1,0,0,0
19.61111111111111,1,0,1,0,0,1,0,0,0
19.613888888888887,1,0,1,0,1,1,0,0,1
19.616666666666667,1,0,0,0,0,1,0,0,0
19.619444444444444,1,0,0,0,0,1,0,0,0
19.622222222222224,1,0,0,0,0,1,0,0,0
19.625,1,0,0,0,1,1,0,0,0
19.627777777777776,1,0,0,0,0,1,0,0,0
19.630555555555556,1,0,0,0,0,1,0,0,0
19.633333333333333,1,0,0,0,0,1,0,0,0
19.636111111111113,1,0,0,0,0,1,0,0,0
19.63888888888889,1,0,0,0,1,1,0,0,0
19.641666666666666,1,0,0,0,0,1,0,0,0
19.644444444444446,1,0,0,0,0,1,0,0,0
19.647222222222222,1,0,0,0,0,1,0,0,0
19.65,1,0,0,0,0,1,0,0,0
19.65277777777778,1,0,0,0,1,1,0,0,0
19.655555555555555,1,0,0,0,0,1,0,0,0
19.658333333333335,1,0,0,0,1,1,0,0,0
19.66111111111111,1,0,0,0,1,1,0,0,0
19.663888888888888,1,0,0,0,0,1,0,0,0
19.666666666666668,1,0,0,0,0,1,0,0,0
19.669444444444444,1,0,0,0,1,1,0,0,0
19.67222222222222,1,0,0,0,0,1,0,0,0
19.675,1,0,0,0,0,1,0,0,0
19.677777777777777,1,0,0,0,0,1,0,0,0
19.680555555555557,1,0,0,0,0,1,0,0,0
19.683333333333334,1,0,0,0,0,1,0,0,0
19.68611111111111,1,0,0,0,0,1,0,0,0
19.68888888888889,1,0,0,0,0,1,0,0,0
19.691666666666666,1,0,0,0,1,1,0,0,0
19.694444444444443,1,0,0,0,0,1,0,0,0
19.697222222222223,1,0,0,0,0,1,0,0,0
19.7,1,0,0,0,0,1,0,0,0
19.70277777777778,1,0,0,0,1,1,0,0,0
19.705555555555556,1,0,0,0,0,1,0,0,0
19.708333333333332,1,0,0,0,1,1,0,0,0
19.711111111111112,1,0,0,0,0,1,0,0,0
19.71388888888889,1,0,0,0,1,1,0,0,0
19.716666666666665,1,0,0,0,0,1,0,0,0
19.719444444444445,1,0,0,0,0,1,0,0,0
19.72222222222222,1,0,0,0,1,1,0,0,0
19.725,1,0,0,0,0,1,0,0,0
19.727777777777778,1,0,0,0,0,1,0,0,0
19.730555555555554,1,0,0,0,1,1,0,0,0
19.733333333333334,1,0,0,0,1,1,0,0,0
19.73611111111111,1,0,0,0,0,1,0,0,0
19.738888888888887,1,0,0,0,0,1,0,0,0
19.741666666666667,1,0,0,0,0,1,0,0,0
19.744444444444444,1,0,0,0,0,1,0,0,0
19.747222222222224,1,0,0,0,0,1,0,0,0
19.75,1,0,0,0,1,1,0,0,0
19.752777777777776,1,0,0,0,0,1,0,0,0
19.755555555555556,1,0,0,0,0,1,0,0,0
19.758333333333333,1,0,0,0,0,1,0,0,0
19.761111111111113,1,0,0,0,0,1,0,0,0
19.76388888888889,1,0,0,0,0,1,0,0,0
19.766666666666666,1,0,0,0,0,1,0,0,0
19.769444444444446,1,0,0,0,0,1,0,0,0
19.772222222222222,1,0,0,0,0,1,0,0,0
19.775,1,0,0,0,0,1,0,0,0
19.77777777777778,1,0,0,0,0,1,0,0,0
19.780555555555555,1,0,0,0,0,1,0,0,0
19.783333333333335,1,0,0,0,0,1,0,0,0
19.78611111111111,1,0,0,0,1,1,0,0,0
19.788888888888888,1,0,0,0,0,1,0,0,0
19.791666666666668,1,0,0,0,0,1,0,0,0
19.794444444444444,1,0,0,0,0,1,0,0,0
19.79722222222222,1,0,0,0,0,1,0,0,0
19.8,1,0,0,0,0,1,0,0,0
19.802777777777777,1,0,0,0,0,1,0,0,0
19.805555555555557,1,0,0,0,1,1,0,0,0
19.808333333333334,1,0,0,0,1,1,0,0,0
19.81111111111111,1,0,0,0,0,1,0,0,0
19.81388888888889,1,0,0,0,0,1,0,0,0
19.816666666666666,1,0,0,0,0,1,0,0,0
19.819444444444443,1,0,0,0,1,1,0,0,0
19.822222222222223,1,0,0,0,0,1,0,0,0
19.825,1,0,0,0,0,1,0,0,0
19.82777777777778,1,0,0,0,1,1,0,0,0
19.830555555555556,1,0,0,0,0,1,0,0,0
19.833333333333332,1,0,0,0,0,1,0,0,0
19.836111111111112,1,0,0,0,0,1,0,0,0
19.83888888888889,1,0,0,0,0,1,0,0,0
19.841666666666665,1,0,0,0,0,1,0,0,0
19.844444444444445,1,0,0,0,0,1,0,0,0
19.84722222222222,1,0,0,0,0,1,0,0,0
19.85,1,0,0,0,0,1,0,0,0
19.852777777777778,1,0,0,0,0,1,0,0,0
19.855555555555554,1,0,0,0,0,1,0,0,0
19.858333333333334,1,0,0,0,1,1,0,0,0
19.86111111111111,1,0,0,0,0,1,0,0,0
19.863888888888887,1,0,0,0,0,1,0,0,0
19.866666666666667,1,0,0,0,0,1,0,0,0
19.869444444444444,1,0,0,0,1,1,0,0,0
19.872222222222224,1,0,0,0,0,1,0,0,0
19.875,1,0,0,0,0,1,0,0,0
19.877777777777776,1,0,0,0,0,1,0,0,0
19.880555555555556,1,0,0,0,0,1,0,0,0
19.883333333333333,1,0,0,0,0,1,0,0,0
19.886111111111113,1,0,0,0,0,1,0,0,0
19.88888888888889,1,0,0,0,0,1,0,0,0
19.891666666666666,1,0,0,0,1,1,0,0,0
19.894444444444446,1,0,0,0,0,1,0,0,0
19.897222222222222,1,0,0,0,0,1,0,0,0
19.9,1,0,0,0,0,1,0,0,0
19.90277777777778,1,0,0,0,0,1,0,0,0
19.905555555555555,1,0,0,0,1,1,0,0,0
19.908333333333335,1,0,0,0,1,1,0,0,0
19.91111111111111,1,0,0,0,0,1,0,0,0
19.913888888888888,1,0,0,0,1,1,0,0,0
19.916666666666668,1,0,0,0,0,1,0,0,0
19.919444444444444,1,0,0,0,0,1,0,0,0
19.92222222222222,1,0,0,0,1,1,0,0,0
19.925,1,0,0,0,0,1,0,0,0
19.927777777777777,1,0,0,0,0,1,0,0,0
19.930555555555557,1,0,0,0,0,1,0,0,0
19.933333333333334,1,0,0,0,0,1,0,0,0
19.93611111111111,1,0,0,0,0,1,0,0,0
19.93888888888889,1,0,0,0,0,1,0,0,0
19.941666666666666,1,0,0,0,1,1,0,0,0
19.944444444444443,1,0,0,0,0,1,0,0,0
19.947222222222223,1,0,0,0,0,1,0,0,0
19.95,1,0,0,0,0,1,0,0,0
19.95277777777778,1,0,0,0,0,1,0,0,0
19.955555555555556,1,0,0,0,0,1,0,0,0
19.958333333333332,1,0,0,0,0,1,0,0,0
19.961111111111112,1,0,0,0,1,1,0,0,0
19.96388888888889,1,0,0,0,0,1,0,0,0
19.966666666666665,1,0,0,0,1,1,0,0,0
19.969444444444445,1,0,0,0,0,1,0,0,0
19.97222222222222,1,0,0,0,0,1,0,0,0
19.975,1,0,0,0,0,1,0,0,0
19.977777777777778,1,0,0,0,0,1,0,0,0
19.980555555555554,1,0,0,0,0,1,0,0,0
19.983333333333334,1,0,0,0,1,1,0,0,0
19.98611111111111,1,0,0,0,0,1,0,0,0
19.988888888888887,1,0,0,0,0,1,0,0,0
19.991666666666667,1,0,0,0,0,1,0,0,0
19.994444444444444,1,0,0,0,0,1,0,0,0
19.997222222222224,1,0,0,0,0,1,0,0,0
20.0,1,0,0,0,0,1,0,0,0
20.002777777777776,1,0,0,0,0,1,0,0,0
20.005555555555556,1,0,0,0,0,1,0,0,0
20.008333333333333,1,0,0,0,1,1,0,0,0
20.011111111111113,1,0,0,0,0,1,0,0,0
20.01388888888889,1,0,0,0,0,1,0,0,0
20.016666666666666,1,0,0,0,1,1,0,0,0
20.019444444444446,1,0,0,0,0,1,0,0,0
20.022222222222222,1,0,0,0,1,1,0,0,0
20.025,1,0,0,0,0,1,0,0,0
20.02777777777778,1,0,0,0,1,1,0,0,0
20.030555555555555,1,0,0,0,0,1,0,0,0
20.033333333333335,1,0,0,0,0,1,0,0,0
20.03611111111111,1,0,0,0,0,1,0,0,0
20.038888888888888,1,0,0,0,1,1,0,0,0
20.041666666666668,1,0,0,0,1,1,0,0,0
20.044444444444444,1,0,0,0,1,1,0,0,0
20.04722222222222,1,0,0,0,0,1,0,0,0
20.05,1,0,0,0,0,1,0,0,0
20.052777777777777,1,0,0,0,0,1,0,0,0
20.055555555555557,1,0,0,0,0,1,0,0,0
20.058333333333334,1,0,0,0,1,1,0,0,0
20.06111111111111,1,0,0,0,0,1,0,0,0
20.06388888888889,1,0,0,0,0,1,0,0,0
20.066666666666666,1,0,0,0,1,1,0,0,0
20.069444444444443,1,0,0,0,1,1,0,0,0
20.072222222222223,1,0,0,0,0,1,0,0,0
20.075,1,0,0,0,0,1,0,0,0
20.07777777777778,1,0,0,0,1,1,0,0,0
20.080555555555556,1,0,0,0,0,1,0,0,0
20.083333333333332,1,0,0,0,0,1,0,0,0
20.086111111111112,1,0,0,0,0,1,0,0,0
20.08888888888889,1,0,0,0,0,1,0,0,0
20.091666666666665,1,0,0,0,1,1,0,0,0
20.094444444444445,1,0,0,0,1,1,0,0,0
20.09722222222222,1,0,0,0,0,1,0,0,0
20.1,1,0,0,0,1,1,0,0,0
20.102777777777778,1,0,0,0,0,1,0,0,0
20.105555555555554,1,0,0,0,1,1,0,0,0
20.108333333333334,1,0,0,0,0,1,0,0,0
20.11111111111111,1,0,0,0,0,1,0,0,0
20.113888888888887,1,0,0,0,0,1,0,0,0
20.116666666666667,1,0,0,0,0,1,0,0,0
20.119444444444444,1,0,0,0,0,1,0,0,0
20.122222222222224,1,0,0,0,0,1,0,0,0
20.125,1,0,0,0,0,1,0,0,0
20.127777777777776,1,0,0,0,0,1,0,0,0
20.130555555555556,1,0,0,0,0,1,0,0,0
20.133333333333333,1,0,0,0,0,1,0,0,0
20.136111111111113,1,0,0,0,0,1,0,0,0
20.13888888888889,1,0,0,0,1,1,0,0,0
20.141666666666666,1,0,0,0,1,1,0,0,0
20.144444444444446,1,0,0,0,0,1,0,0,0
20.147222222222222,1,0,0,0,0,1,0,0,0
20.15,1,0,0,0,0,1,0,0,0
20.15277777777778,1,0,0,0,1,1,0,0,0
20.155555555555555,1,0,0,0,0,1,0,0,0
20.158333333333335,1,0,0,0,0,1,0,0,0
20.16111111111111,1,0,0,0,0,1,0,0,0
20.163888888888888,1,0,0,0,0,1,0,0,0
20.166666666666668,1,0,0,0,0,1,0,0,0
20.169444444444444,1,0,0,0,0,1,0,0,0
20.17222222222222,1,0,0,0,1,1,0,0,0
20.175,1,0,0,0,0,1,0,0,0
20.177777777777777,1,0,0,0,0,1,0,0,0
20.180555555555557,1,0,0,0,0,1,0,0,0
20.183333333333334,1,0,0,0,0,1,0,0,0
20.18611111111111,1,0,0,0,0,1,0,0,0
20.18888888888889,1,0,0,0,0,1,0,0,0
20.191666666666666,1,0,0,0,1,1,0,0,0
20.194444444444443,1,0,0,0,1,1,0,0,0
20.197222222222223,1,0,0,0,0,1,0,0,0
20.2,1,0,0,0,0,1,0,0,0
20.20277777777778,1,0,0,0,1,1,0,0,0
20.205555555555556,1,0,0,0,0,1,0,0,0
20.208333333333332,1,0,0,0,0,1,0,0,0
20.211111111111112,1,0,0,0,0,1,0,0,0
20.21388888888889,1,0,0,0,0,1,0,0,0
20.216666666666665,1,0,0,0,0,1,0,0,0
20.219444444444445,1,0,0,0,0,1,0,0,0
20.22222222222222,1,0,0,0,0,1,0,0,0
20.225,1,0,0,0,0,1,0,0,0
20.227777777777778,1,0,0,0,0,1,0,0,0
20.230555555555554,1,0,0,0,0,1,0,0,0
20.233333333333334,1,0,0,0,1,1,0,0,0
20.23611111111111,1,0,0,0,0,1,0,0,0
20.238888888888887,1,0,0,0,1,1,0,0,0
20.241666666666667,1,0,0,0,0,1,0,0,0
20.244444444444444,1,0,0,0,0,1,0,0,0
20.247222222222224,1,0,0,0,0,1,0,0,0
20.25,1,0,0,0,0,1,0,0,0
20.252777777777776,1,0,0,0,0,1,0,0,0
20.255555555555556,1,0,0,0,0,1,0,0,0
20.258333333333333,1,0,0,0,0,1,0,0,0
20.261111111111113,1,0,0,0,0,1,0,0,0
20.26388888888889,1,0,0,0,1,1,0,0,0
20.266666666666666,1,0,0,0,0,1,0,0,0
20.269444444444446,1,0,0,0,0,1,0,0,0
20.272222222222222,1,0,0,0,0,1,0,0,0
20.275,1,0,0,0,0,1,0,0,0
20.27777777777778,1,0,0,0,0,1,0,0,0
20.280555555555555,1,0,0,0,0,1,0,0,0
20.283333333333335,1,0,0,0,1,1,0,0,0
20.28611111111111,1,0,0,0,0,1,0,0,0
20.288888888888888,1,0,0,0,0,1,0,0,0
20.291666666666668,1,0,0,0,0,1,0,0,0
20.294444444444444,1,0,0,0,0,1,0,0,0
20.29722222222222,1,0,0,0,1,1,0,0,0
20.3,1,0,0,0,0,1,0,0,0
20.302777777777777,1,0,0,0,0,1,0,0,0
20.305555555555557,1,0,0,0,0,1,0,0,0
20.308333333333334,1,0,0,0,0,1,0,0,0
20.31111111111111,1,0,0,0,0,1,0,0,0
20.31388888888889,1,0,0,0,0,1,0,0,0
20.316666666666666,1,0,0,0,0,1,0,0,0
20.319444444444443,1,0,0,0,0,1,0,0,0
20.322222222222223,1,0,0,0,0,1,0,0,0
20.325,1,0,0,0,0,1,0,0,0
20.32777777777778,1,0,0,0,0,1,0,0,0
20.330555555555556,1,0,0,0,0,1,0,0,0
20.333333333333332,1,0,0,0,0,1,0,0,0
20.336111111111112,1,0,0,0,0,1,0,0,0
20.33888888888889,1,0,0,0,0,1,0,0,0
20.341666666666665,1,0,0,0,1,1,0,0,0
20.344444444444445,1,0,0,0,0,1,0,0,0
20.34722222222222,1,0,0,0,0,1,0,0,0
20.35,1,0,1,0,0,1,0,0,0
20.352777777777778,1,0,1,0,0,1,0,0,0
20.355555555555554,1,0,1,0,0,1,0,0,0
20.358333333333334,1,0,1,0,0,1,0,0,0
20.36111111111111,1,0,1,0,0,1,0,0,0
20.363888888888887,1,0,1,0,0,1,0,0,0
20.366666666666667,1,0,1,0,0,1,0,0,0
20.369444444444444,1,0,1,0,0,1,0,0,0
20.372222222222224,1,0,1,0,0,1,0,0,0
20.375,1,0,1,0,0,1,0,0,0
20.377777777777776,1,0,1,0,0,1,0,0,0
20.380555555555556,1,0,1,0,0,1,0,0,0
20.383333333333333,1,0,1,0,0,1,0,0,0
20.386111111111113,1,0,1,0,0,1,0,0,0
20.38888888888889,1,0,1,0,0,1,0,0,0
20.391666666666666,1,0,1,0,0,1,0,0,0
20.394444444444446,1,0,1,0,0,1,0,0,0
20.397222222222222,1,0,1,0,0,1,0,0,0
20.4,1,0,1,0,0,1,0,0,0
20.40277777777778,1,0,1,0,0,1,0,0,0
20.405555555555555,1,0,1,0,0,1,0,0,0
20.408333333333335,1,0,1,0,0,1,0,0,0
20.41111111111111,1,0,1,0,0,1,0,0,0
20.413888888888888,1,0,1,0,0,1,0,0,0
20.416666666666668,1,0,1,0,0,1,0,0,0
20.419444444444444,1,0,1,0,0,1,0,0,0
20.42222222222222,1,0,1,0,0,1,0,0,0
20.425,1,0,1,0,0,1,0,0,0
20.427777777777777,1,0,1,0,0,1,0,0,0
20.430555555555557,1,0,1,0,0,1,0,0,0
20.433333333333334,1,0,1,0,0,1,0,0,0
20.43611111111111,1,0,1,0,0,1,0,0,0
20.43888888888889,1,0,1,0,0,1,0,0,0
20.441666666666666,1,0,1,0,0,1,0,0,0
20.444444444444443,1,0,1,0,0,1,0,0,0
20.447222222222223,1,0,1,0,0,1,0,0,0
20.45,1,0,1,0,0,1,0,0,0
20.45277777777778,1,0,1,0,0,1,0,0,0
20.455555555555556,1,0,1,0,0,1,0,0,0
20.458333333333332,1,0,1,0,0,1,0,0,0
20.461111111111112,1,0,1,0,0,1,0,0,0
20.46388888888889,1,0,1,0,0,1,0,0,0
20.466666666666665,1,0,1,0,0,1,0,0,0
20.469444444444445,1,0,1,0,0,1,0,0,0
20.47222222222222,1,0,1,0,0,1,0,0,0
20.475,1,0,1,0,0,1,0,0,0
20.477777777777778,1,0,1,0,0,1,0,0,0
20.480555555555554,1,0,1,0,0,1,0,0,0
20.483333333333334,1,0,1,0,0,1,0,0,0
20.48611111111111,1,0,1,0,0,1,0,0,0
20.488888888888887,1,0,1,0,0,1,0,0,0
20.491666666666667,1,0,1,0,0,1,0,0,0
20.494444444444444,1,0,1,0,0,1,0,0,0
20.497222222222224,1,0,1,0,0,1,0,0,0
20.5,1,0,1,0,0,1,0,0,0
20.502777777777776,1,0,1,0,0,1,0,0,0
20.505555555555556,1,0,1,0,0,1,0,0,0
20.508333333333333,1,0,1,0,0,1,0,0,0
20.511111111111113,1,0,1,0,0,1,0,0,0
20.51388888888889,1,0,1,0,0,1,0,0,0
20.516666666666666,1,0,1,0,0,1,0,0,0
20.519444444444446,1,0,1,0,0,1,0,0,0
20.522222222222222,1,0,1,0,0,1,0,0,0
20.525,1,0,1,0,0,1,0,0,0
20.52777777777778,1,0,1,0,0,1,0,0,0
20.530555555555555,1,0,1,0,0,1,0,0,0
20.533333333333335,1,0,1,0,0,1,0,0,0
20.53611111111111,1,0,1,0,0,1,0,0,0
20.538888888888888,1,0,1,0,0,1,0,0,0
20.541666666666668,1,0,1,0,0,1,0,0,0
20.544444444444444,1,0,1,0,0,1,0,0,1
20.54722222222222,1,0,0,0,0,1,0,0,0
20.55,1,0,0,0,0,1,0,0,0
20.552777777777777,1,0,0,0,0,1,0,0,0
20.555555555555557,1,0,0,0,0,1,0,0,0
20.558333333333334,1,0,0,0,0,1,0,0,0
20.56111111111111,1,0,0,0,0,1,0,0,0
20.56388888888889,1,0,0,0,0,1,0,0,0
20.566666666666666,1,0,0,0,0,1,0,0,0
20.569444444444443,1,0,0,0,0,1,0,0,0
20.572222222222223,1,0,0,0,0,1,0,0,0
20.575,1,0,0,0,0,1,0,0,0
20.57777777777778,1,0,0,0,0,1,0,0,0
20.580555555555556,1,0,0,0,0,1,0,0,0
20.583333333333332,1,0,0,0,0,1,0,0,0
20.586111111111112,1,0,0,0,0,1,0,0,0
20.58888888888889,1,0,0,0,0,1,0,0,0
20.591666666666665,1,0,0,0,0,1,0,0,0
20.594444444444445,1,0,0,0,0,1,0,0,0
20.59722222222222,1,0,0,0,1,1,0,0,0
20.6,1,0,0,0,0,1,0,0,0
20.602777777777778,1,0,0,0,0,1,0,0,0
20.605555555555554,1,0,0,0,0,1,0,0,0
20.608333333333334,1,0,0,0,0,1,0,0,0
20.61111111111111,1,0,0,0,0,1,0,0,0
20.613888888888887,1,0,0,0,0,1,0,0,0
20.616666666666667,1,0,0,0,0,1,0,0,0
20.619444444444444,1,0,0,0,0,1,0,0,0
20.622222222222224,1,0,0,0,0,1,0,0,0
20.625,1,0,0,0,0,1,0,0,0
20.627777777777776,1,0,0,0,0,1,0,0,0
20.630555555555556,1,0,0,0,0,1,0,0,0
20.633333333333333,1,0,0,0,0,1,0,0,0
20.636111111111113,1,0,0,0,0,1,0,0,0
20.63888888888889,1,0,0,0,1,1,0,0,0
20.641666666666666,1,0,0,0,0,1,0,0,0
20.644444444444446,1,0,0,0,0,1,0,0,0
20.647222222222222,1,0,0,0,0,1,0,0,0
20.65,1,0,0,0,0,1,0,0,0
20.65277777777778,1,0,0,0,0,1,0,0,0
20.655555555555555,1,0,0,0,0,1,0,0,0
20.658333333333335,1,0,0,0,0,1,0,0,0
20.66111111111111,1,0,0,0,0,1,0,0,0
20.663888888888888,1,0,0,0,0,1,0,0,0
20.666666666666668,1,0,0,0,1,1,0,0,0
20.669444444444444,1,0,0,0,0,1,0,0,0
20.67222222222222,1,0,0,0,0,1,0,0,0
20.675,1,0,0,0,0,1,0,0,0
20.677777777777777,1,0,0,0,0,1,0,0,0
20.680555555555557,1,0,0,0,0,1,0,0,0
20.683333333333334,1,0,0,0,0,1,0,0,0
20.68611111111111,1,0,0,0,0,1,0,0,0
20.68888888888889,1,0,0,0,0,1,0,0,0
20.691666666666666,1,0,0,0,0,1,0,0,0
20.694444444444443,1,0,0,0,0,1,0,0,0
20.697222222222223,1,0,0,0,0,1,0,0,0
20.7,1,0,0,0,0,1,0,0,0
20.70277777777778,1,0,0,0,0,1,0,0,0
20.705555555555556,1,0,0,0,0,1,0,0,0
20.708333333333332,1,0,0,0,0,1,0,0,0
20.711111111111112,1,0,0,0,0,1,0,0,0
20.71388888888889,1,0,0,0,1,1,0,0,0
20.716666666666665,1,0,0,0,1,1,0,0,0
20.719444444444445,1,0,0,0,0,1,0,0,0
20.72222222222222,1,0,0,0,0,1,0,0,0
20.725,1,0,0,0,0,1,0,0,0
20.727777777777778,1,0,0,0,0,1,0,0,0
20.730555555555554,1,0,0,0,0,1,0,0,0
20.733333333333334,1,0,0,0,0,1,0,0,0
20.73611111111111,1,0,0,0,0,1,0,0,0
20.738888888888887,1,0,0,0,0,1,0,0,0
20.741666666666667,1,0,0,0,0,1,0,0,0
20.744444444444444,1,0,0,0,0,1,0,0,0
20.747222222222224,1,0,0,0,0,1,0,0,0
20.75,1,0,0,0,0,1,0,0,0
20.752777777777776,1,0,0,0,0,1,0,0,0
20.755555555555556,1,0,0,0,0,1,0,0,0
20.758333333333333,1,0,0,0,0,1,0,0,0
20.761111111111113,1,0,0,0,0,1,0,0,0
20.76388888888889,1,0,0,0,0,1,0,0,0
20.766666666666666,1,0,0,0,0,1,0,0,0
20.769444444444446,1,0,0,0,0,1,0,0,0
20.772222222222222,1,0,0,0,0,1,0,0,0
20.775,1,0,0,0,0,1,0,0,0
20.77777777777778,1,0,0,0,0,1,0,0,0
20.780555555555555,1,0,0,0,0,1,0,0,0
20.783333333333335,1,0,0,0,0,1,0,0,0
20.78611111111111,1,0,0,0,0,1,0,0,0
20.788888888888888,1,0,0,0,0,1,0,0,0
20.791666666666668,1,0,0,0,0,1,0,0,0
20.794444444444444,1,0,0,0,0,1,0,0,0
20.79722222222222,1,0,0,0,0,1,0,0,0
20.8,1,0,0,0,0,1,0,0,0
20.802777777777777,1,0,0,0,0,1,0,0,0
20.805555555555557,1,0,0,0,1,1,0,0,0
20.808333333333334,1,0,0,0,0,1,0,0,0
20.81111111111111,1,0,0,0,0,1,0,0,0
20.81388888888889,1,0,0,0,0,1,0,0,0
20.816666666666666,1,0,0,0,0,1,0,0,0
20.819444444444443,1,0,0,0,0,1,0,0,0
20.822222222222223,1,0,0,0,0,1,0,0,0
20.825,1,0,0,0,0,1,0,0,0
20.82777777777778,1,0,0,0,0,1,0,0,0
20.830555555555556,1,0,0,0,0,1,0,0,0
20.833333333333332,1,0,0,0,0,1,0,0,0
20.836111111111112,1,0,0,0,0,1,0,0,0
20.83888888888889,1,0,0,0,0,1,0,0,0
20.841666666666665,1,0,0,0,0,1,0,0,0
20.844444444444445,1,0,0,0,0,1,0,0,0
20.84722222222222,1,0,0,0,0,1,0,0,0
20.85,1,0,0,0,0,1,0,0,0
20.852777777777778,1,0,0,0,0,1,0,0,0
20.855555555555554,1,0,0,0,0,1,0,0,0
20.858333333333334,1,0,0,0,0,1,0,0,0
20.86111111111111,1,0,0,0,0,1,0,0,0
20.863888888888887,1,0,0,0,0,1,0,0,0
20.866666666666667,1,0,0,0,0,1,0,0,0
20.869444444444444,1,0,0,0,0,1,0,0,0
20.872222222222224,1,0,0,0,0,1,0,0,0
20.875,1,0,0,0,0,1,0,0,0
20.877777777777776,1,0,0,0,0,1,0,0,0
20.880555555555556,1,0,0,0,0,1,0,0,0
20.883333333333333,1,0,0,0,0,1,0,0,0
20.886111111111113,1,0,0,0,0,1,0,0,0
20.88888888888889,1,0,0,0,0,1,0,0,0
20.891666666666666,1,0,0,0,0,1,0,0,0
20.894444444444446,1,0,0,0,0,1,0,0,0
20.897222222222222,1,0,0,0,0,1,0,0,0
20.9,1,0,0,0,0,1,0,0,0
20.90277777777778,1,0,0,0,0,1,0,0,0
20.905555555555555,1,0,0,0,0,1,0,0,0
20.908333333333335,1,0,0,0,0,1,0,0,0
20.91111111111111,1,0,0,0,1,1,0,0,0
20.913888888888888,1,0,0,0,0,1,0,0,0
20.916666666666668,1,0,0,0,0,1,0,0,0
20.919444444444444,1,0,0,0,0,1,0,0,0
20.92222222222222,1,0,0,0,0,1,0,0,0
20.925,1,0,0,0,0,1,0,0,0
20.927777777777777,1,0,0,0,0,1,0,0,0
20.930555555555557,1,0,0,0,1,1,0,0,0
20.933333333333334,1,0,0,0,0,1,0,0,0
20.93611111111111,1,0,0,0,0,1,0,0,0
20.93888888888889,1,0,0,0,0,1,0,0,0
20.941666666666666,1,0,0,0,0,1,0,0,0
20.944444444444443,1,0,0,0,0,1,0,0,0
20.947222222222223,1,0,0,0,0,1,0,0,0
20.95,1,0,0,0,0,1,0,0,0
20.95277777777778,1,0,0,0,0,1,0,0,0
20.955555555555556,1,0,0,0,0,1,0,0,0
20.958333333333332,1,0,0,0,0,1,0,0,0
20.961111111111112,1,0,0,0,0,1,0,0,0
20.96388888888889,1,0,0,0,0,1,0,0,0
20.966666666666665,1,0,0,0,0,1,0,0,0
20.969444444444445,1,0,0,0,0,1,0,0,0
20.97222222222222,1,0,0,0,0,1,0,0,0
20.975,1,0,0,0,0,1,0,0,0
20.977777777777778,1,0,0,0,0,1,0,0,0
20.980555555555554,1,0,0,0,0,1,0,0,0
20.983333333333334,1,0,0,0,0,1,0,0,0
20.98611111111111,1,0,0,0,0,1,0,0,0
20.988888888888887,1,0,0,0,0,1,0,0,0
20.991666666666667,1,0,0,0,0,1,0,0,0
20.994444444444444,1,0,0,0,0,1,0,0,0
20.997222222222224,1,0,0,0,0,1,0,0,0
21.0,1,0,0,0,0,1,0,0,0
21.002777777777776,1,0,0,0,0,1,0,0,0
21.005555555555556,1,0,0,0,0,1,0,0,0
21.008333333333333,1,0,0,0,0,1,0,0,0
21.011111111111113,1,0,0,0,0,1,0,0,0
21.01388888888889,1,0,0,0,0,1,0,0,0
21.016666666666666,1,0,0,0,0,1,0,0,0
21.019444444444446,1,0,0,0,0,1,0,0,0
21.022222222222222,1,0,0,0,0,1,0,0,0
21.025,1,0,0,0,0,1,0,0,0
21.02777777777778,1,0,0,0,0,1,0,0,0
21.030555555555555,1,0,0,0,0,1,0,0,0
21.033333333333335,1,0,0,0,0,1,0,0,0
21.03611111111111,1,0,0,0,0,1,0,0,0
21.038888888888888,1,0,0,0,0,1,0,0,0
21.041666666666668,1,0,0,0,0,1,0,0,0
21.044444444444444,1,0,0,0,0,1,0,0,0
21.04722222222222,1,0,0,0,0,0,0,0,0
21.05,1,0,0,0,0,0,0,0,0
21.052777777777777,1,0,0,0,0,0,0,0,0
21.055555555555557,1,0,0,0,0,0,0,0,0
21.058333333333334,1,0,0,0,0,0,0,0,0
21.06111111111111,1,0,0,0,0,0,0,0,0
21.06388888888889,1,0,0,0,0,0,0,0,0
21.066666666666666,1,0,0,0,0,0,0,0,0
21.069444444444443,1,0,0,0,0,0,0,0,0
21.072222222222223,1,0,0,0,0,0,0,0,0
21.075,1,0,0,0,0,0,0,0,0
21.07777777777778,1,0,0,0,0,0,0,0,0
21.080555555555556,1,0,0,0,0,0,0,0,0
21.083333333333332,1,0,0,0,0,0,0,0,0
21.086111111111112,1,0,0,0,0,0,0,0,0
21.08888888888889,1,0,0,0,0,0,0,0,0
21.091666666666665,1,0,0,0,0,0,0,0,0
21.094444444444445,1,0,0,0,0,0,0,0,0
21.09722222222222,1,0,0,0,0,0,0,0,0
21.1,1,0,0,0,0,0,0,0,0
21.102777777777778,1,0,0,0,0,0,0,0,0
21.105555555555554,1,0,0,0,0,0,0,0,0
21.108333333333334,1,0,0,0,0,0,0,0,0
21.11111111111111,1,0,0,0,0,0,0,0,0
21.113888888888887,1,0,0,0,0,0,0,0,0
21.116666666666667,1,0,1,0,1,0,0,0,0
21.119444444444444,1,0,1,0,0,0,0,0,0
21.122222222222224,1,0,1,0,0,0,0,0,0
21.125,1,0,1,0,0,0,0,0,0
21.127777777777776,1,0,1,0,0,0,0,0,0
21.130555555555556,1,0,1,0,0,0,0,0,0
21.133333333333333,1,0,1,0,0,0,0,0,0
21.136111111111113,1,0,1,0,0,0,0,0,0
21.13888888888889,1,0,1,0,0,0,0,0,0
21.141666666666666,1,0,1,0,0,0,0,0,0
21.144444444444446,1,0,1,0,0,0,0,0,0
21.147222222222222,1,0,1,0,0,0,0,0,0
21.15,1,0,1,0,0,0,0,0,0
21.15277777777778,1,0,1,0,0,0,0,0,0
21.155555555555555,1,0,1,0,1,0,0,0,0
21.158333333333335,1,0,1,0,0,0,0,0,0
21.16111111111111,1,0,1,0,0,0,0,0,0
21.163888888888888,1,0,1,0,0,0,0,0,0
21.166666666666668,1,0,1,0,0,0,0,0,0
21.169444444444444,1,0,1,0,0,0,0,0,0
21.17222222222222,1,0,1,0,1,0,0,0,0
21.175,1,0,1,0,0,0,0,0,0
21.177777777777777,1,0,1,0,0,0,0,0,0
21.180555555555557,1,0,1,0,0,0,0,0,0
21.183333333333334,1,0,1,0,0,0,0,0,0
21.18611111111111,1,0,1,0,0,0,0,0,0
21.18888888888889,1,0,1,0,0,0,0,0,0
21.191666666666666,1,0,1,0,0,0,0,0,0
21.194444444444443,1,0,1,0,0,0,0,0,0
21.197222222222223,1,0,1,0,0,0,0,0,0
21.2,1,0,1,0,0,0,0,0,0
21.20277777777778,1,0,1,0,0,0,0,0,0
21.205555555555556,1,0,1,0,0,0,0,0,0
21.208333333333332,1,0,1,0,0,0,0,0,0
21.211111111111112,1,0,1,0,0,0,0,0,0
21.21388888888889,1,0,1,0,0,0,0,0,0
21.216666666666665,1,0,1,0,0,0,0,0,0
21.219444444444445,1,0,1,0,0,0,0,0,0
21.22222222222222,1,0,1,0,0,0,0,0,0
21.225,1,0,1,0,0,0,0,0,0
21.227777777777778,1,0,1,0,0,0,0,0,0
21.230555555555554,1,0,1,0,0,0,0,0,0
21.233333333333334,1,0,1,0,0,0,0,0,0
21.23611111111111,1,0,1,0,0,0,0,0,0
21.238888888888887,1,0,1,0,0,0,0,0,0
21.241666666666667,1,0,1,0,0,0,0,0,0
21.244444444444444,1,0,1,0,0,0,0,0,0
21.247222222222224,1,0,1,0,0,0,0,0,0
21.25,1,0,1,0,0,0,0,0,0
21.252777777777776,1,0,1,0,0,0,0,0,0
21.255555555555556,1,0,1,0,0,0,0,0,0
21.258333333333333,1,0,1,0,0,0,0,0,0
21.261111111111113,1,0,1,0,0,0,0,0,0
21.26388888888889,1,0,1,0,0,0,0,0,0
21.266666666666666,1,0,1,0,0,0,0,0,0
21.269444444444446,1,0,1,0,0,0,0,0,0
21.272222222222222,1,0,1,0,0,0,0,0,0
21.275,1,0,1,0,0,0,0,0,0
21.27777777777778,1,0,1,0,0,0,0,0,0
21.280555555555555,1,0,1,0,0,0,0,0,0
21.283333333333335,1,0,1,0,0,0,0,0,0
21.28611111111111,1,0,1,0,0,0,0,0,0
21.288888888888888,1,0,1,0,0,0,0,0,0
21.291666666666668,1,0,1,0,0,0,0,0,0
21.294444444444444,1,0,1,0,0,0,0,0,0
21.29722222222222,1,0,1,0,0,0,0,0,0
21.3,1,0,1,0,0,0,0,0,0
21.302777777777777,1,0,1,0,0,0,0,0,0
21.305555555555557,1,0,1,0,0,0,0,0,0
21.308333333333334,1,0,1,0,0,0,0,0,0
21.31111111111111,1,0,1,0,0,0,0,0,0
21.31388888888889,1,0,1,0,0,0,0,0,0
21.316666666666666,1,0,1,0,0,0,0,0,0
21.319444444444443,1,0,0,0,0,0,0,0,0
21.322222222222223,1,0,0,0,0,0,0,0,0
21.325,1,0,0,0,0,0,0,0,0
21.32777777777778,1,0,0,0,0,0,0,0,0
21.330555555555556,1,0,0,0,0,0,0,0,0
21.333333333333332,1,0,0,0,0,0,0,0,0
21.336111111111112,1,0,0,0,0,0,0,0,0
21.33888888888889,1,0,0,0,0,0,0,0,0
21.341666666666665,1,0,0,0,0,0,0,0,0
21.344444444444445,1,0,0,0,0,0,0,0,0
21.34722222222222,1,0,0,0,0,0,0,0,0
21.35,1,0,0,0,0,0,0,0,0
21.352777777777778,1,0,0,0,0,0,0,0,0
21.355555555555554,1,0,0,0,0,0,0,0,0
21.358333333333334,1,0,0,0,0,0,0,0,0
21.36111111111111,1,0,0,0,0,0,0,0,0
21.363888888888887,1,0,0,0,0,0,0,0,0
21.366666666666667,1,0,0,0,0,0,0,0,0
21.369444444444444,1,0,0,0,0,0,0,0,0
21.372222222222224,1,0,0,0,0,0,0,0,0
21.375,1,0,0,0,0,0,0,0,0
21.377777777777776,1,0,0,0,0,0,0,0,0
21.380555555555556,1,0,0,0,0,0,0,0,0
21.383333333333333,1,0,0,0,0,0,0,0,0
21.386111111111113,1,0,0,0,0,0,0,0,0
21.38888888888889,1,0,0,0,1,0,0,0,0
21.391666666666666,1,0,0,0,0,0,0,0,0
21.394444444444446,1,0,0,0,0,0,0,0,0
21.397222222222222,1,0,0,0,0,0,0,0,0
21.4,1,0,0,0,0,0,0,0,0
21.40277777777778,1,0,0,0,0,0,0,0,0
21.405555555555555,1,0,0,0,1,0,0,0,0
21.408333333333335,1,0,0,0,0,0,0,0,0
21.41111111111111,1,0,0,0,0,0,0,0,0
21.413888888888888,1,0,0,0,0,0,0,0,0
21.416666666666668,1,0,0,0,0,0,0,0,0
21.419444444444444,1,0,0,0,0,0,0,0,0
21.42222222222222,1,0,0,0,0,0,0,0,0
21.425,1,0,0,0,0,0,0,0,0
21.427777777777777,1,0,0,0,0,0,0,0,0
21.430555555555557,1,0,0,0,0,0,0,0,0
21.433333333333334,1,0,0,0,0,0,0,0,0
21.43611111111111,1,0,0,0,0,0,0,0,0
21.43888888888889,1,0,0,0,0,0,0,0,0
21.441666666666666,1,0,0,0,0,0,0,0,0
21.444444444444443,1,0,0,0,0,0,0,0,0
21.447222222222223,1,0,0,0,0,0,0,0,0
21.45,1,0,0,0,0,0,0,0,0
21.45277777777778,1,0,0,0,0,0,0,0,0
21.455555555555556,1,0,0,0,0,0,0,0,0
21.458333333333332,1,0,0,0,1,0,0,0,0
21.461111111111112,1,0,0,0,0,0,0,0,0
21.46388888888889,1,0,0,0,0,0,0,0,0
21.466666666666665,1,0,0,0,0,0,0,0,0
21.469444444444445,1,0,0,0,0,0,0,0,0
21.47222222222222,1,0,0,0,0,0,0,0,0
21.475,1,0,0,0,0,0,0,0,0
21.477777777777778,1,0,0,0,0,0,0,0,0
21.480555555555554,1,0,0,0,0,0,0,0,0
21.483333333333334,1,0,0,0,0,0,0,0,0
21.48611111111111,1,0,0,0,0,0,0,0,0
21.488888888888887,1,0,0,0,0,0,0,0,0
21.491666666666667,1,0,0,0,0,0,0,0,0
21.494444444444444,1,0,0,0,0,0,0,0,0
21.497222222222224,1,0,0,0,0,0,0,0,0
21.5,1,0,0,0,0,0,0,0,0
21.502777777777776,1,0,0,0,0,0,0,0,0
21.505555555555556,1,0,0,0,0,0,0,0,0
21.508333333333333,1,0,0,0,0,0,0,0,0
21.511111111111113,1,0,0,0,0,0,0,0,0
21.51388888888889,1,0,0,0,0,0,0,0,0
21.516666666666666,1,0,0,0,0,0,0,0,0
21.519444444444446,1,0,0,0,0,0,0,0,0
21.522222222222222,1,0,0,0,0,0,0,0,0
21.525,1,0,0,0,0,0,0,0,0
21.52777777777778,1,0,0,0,0,0,0,0,0
21.530555555555555,1,0,0,0,0,0,0,0,0
21.533333333333335,1,0,0,0,0,0,0,0,0
21.53611111111111,1,0,0,0,0,0,0,0,0
21.538888888888888,1,0,0,0,0,0,0,0,0
21.541666666666668,1,0,0,0,0,0,0,0,0
21.544444444444444,1,0,0,0,0,0,0,0,0
21.54722222222222,1,0,0,0,0,0,0,0,0
21.55,1,0,0,0,0,0,0,0,0
21.552777777777777,1,0,0,0,0,0,0,0,0
21.555555555555557,1,0,0,0,0,0,0,0,0
21.558333333333334,1,0,0,0,0,0,0,0,0
21.56111111111111,1,0,0,0,0,0,0,0,0
21.56388888888889,1,0,0,0,0,0,0,0,0
21.566666666666666,1,0,0,0,0,0,0,0,0
21.569444444444443,1,0,0,0,0,0,0,0,0
21.572222222222223,1,0,0,0,0,0,0,0,0
21.575,1,0,0,0,0,0,0,0,0
21.57777777777778,1,0,0,0,0,0,0,0,0
21.580555555555556,1,0,0,0,0,0,0,0,0
21.583333333333332,1,0,0,0,0,0,0,0,0
21.586111111111112,1,0,0,0,0,0,0,0,0
21.58888888888889,1,0,0,0,0,0,0,0,0
21.591666666666665,1,0,0,0,0,0,0,0,0
21.594444444444445,1,0,0,0,0,0,0,0,0
21.59722222222222,1,0,0,0,0,0,0,0,0
21.6,1,0,0,0,0,0,0,0,0
21.602777777777778,1,0,0,0,0,0,0,0,0
21.605555555555554,1,0,0,0,0,0,0,0,0
21.608333333333334,1,0,0,0,0,0,0,0,0
21.61111111111111,1,0,0,0,0,0,0,0,0
21.613888888888887,1,0,0,0,0,0,0,0,0
21.616666666666667,1,0,0,0,0,0,0,0,0
21.619444444444444,1,0,0,0,0,0,0,0,0
21.622222222222224,1,0,0,0,0,0,0,0,0
21.625,1,0,0,0,0,0,0,0,0
21.627777777777776,1,0,0,0,0,0,0,0,0
21.630555555555556,1,0,0,0,1,0,0,0,0
21.633333333333333,1,0,0,0,0,0,0,0,0
21.636111111111113,1,0,0,0,0,0,0,0,0
21.63888888888889,1,0,0,0,0,0,0,0,0
21.641666666666666,1,0,0,0,0,0,0,0,0
21.644444444444446,1,0,0,0,0,0,0,0,0
21.647222222222222,1,0,0,0,0,0,0,0,0
21.65,1,0,0,0,0,0,0,0,0
21.65277777777778,1,0,0,0,0,0,0,0,0
21.655555555555555,1,0,0,0,0,0,0,0,0
21.658333333333335,1,0,0,0,0,0,0,0,0
21.66111111111111,1,0,0,0,0,0,0,0,0
21.663888888888888,1,0,0,0,0,0,0,0,0
21.666666666666668,1,0,0,0,0,0,0,0,0
21.669444444444444,1,0,0,0,0,0,0,0,0
21.67222222222222,1,0,0,0,0,0,0,0,0
21.675,1,0,0,0,0,0,0,0,0
21.677777777777777,1,0,0,0,0,0,0,0,0
21.680555555555557,1,0,0,0,0,0,0,0,0
21.683333333333334,1,0,0,0,0,0,0,0,0
21.68611111111111,1,0,0,0,0,0,0,0,0
21.68888888888889,1,0,0,0,0,0,0,0,0
21.691666666666666,1,0,0,0,0,0,0,0,0
21.694444444444443,1,0,0,0,0,0,0,0,0
21.697222222222223,1,0,0,0,0,0,0,0,0
21.7,1,0,0,0,0,0,0,0,0
21.70277777777778,1,0,0,0,0,0,0,0,0
21.705555555555556,1,0,0,0,0,0,0,0,0
21.708333333333332,1,0,0,0,0,0,0,0,0
21.711111111111112,1,0,0,0,0,0,0,0,0
21.71388888888889,1,0,0,0,0,0,0,0,0
21.716666666666665,1,0,0,0,0,0,0,0,0
21.719444444444445,1,0,0,0,0,0,0,0,0
21.72222222222222,1,0,0,0,0,0,0,0,0
21.725,1,0,0,0,0,0,0,0,0
21.727777777777778,1,0,0,0,0,0,0,0,0
21.730555555555554,1,0,0,0,0,0,0,0,0
21.733333333333334,1,0,0,0,0,0,0,0,0
21.73611111111111,1,0,0,0,0,0,0,0,0
21.738888888888887,1,0,0,0,0,0,0,0,0
21.741666666666667,1,0,0,0,0,0,0,0,0
21.744444444444444,1,0,0,0,0,0,0,0,0
21.747222222222224,1,0,0,0,0,0,0,0,0
21.75,1,0,0,0,0,0,0,0,0
21.752777777777776,1,0,0,0,0,0,0,0,0
21.755555555555556,1,0,0,0,0,0,0,0,0
21.758333333333333,1,0,0,0,0,0,0,0,0
21.761111111111113,1,0,0,0,0,0,0,0,0
21.76388888888889,1,0,0,0,0,0,0,0,0
21.766666666666666,1,0,0,0,0,0,0,0,0
21.769444444444446,1,0,0,0,0,0,0,0,0
21.772222222222222,1,0,0,0,1,0,0,0,0
21.775,1,0,0,0,0,0,0,0,0
21.77777777777778,1,0,0,0,0,0,0,0,0
21.780555555555555,1,0,0,0,0,0,0,0,0
21.783333333333335,1,0,0,0,0,0,0,0,0
21.78611111111111,1,0,0,0,0,0,0,0,0
21.788888888888888,1,0,0,0,0,0,0,0,0
21.791666666666668,1,0,0,0,0,0,0,0,0
21.794444444444444,1,0,0,0,0,0,0,0,0
21.79722222222222,1,0,0,0,0,0,0,0,0
21.8,1,0,0,0,0,0,0,0,0
21.802777777777777,1,0,0,0,0,0,0,0,0
21.805555555555557,1,0,0,0,0,0,0,0,0
21.808333333333334,1,0,0,0,0,0,0,0,0
21.81111111111111,1,0,0,0,0,0,0,0,0
21.81388888888889,1,0,0,0,0,0,0,0,0
21.816666666666666,1,0,0,0,0,0,0,0,0
21.819444444444443,1,0,0,0,0,0,0,0,0
21.822222222222223,1,0,0,0,0,0,0,0,0
21.825,1,0,0,0,0,0,0,0,0
21.82777777777778,1,0,0,0,0,0,0,0,0
21.830555555555556,1,0,0,0,0,0,0,0,0
21.833333333333332,1,0,0,0,0,0,0,0,0
21.836111111111112,1,0,0,0,0,0,0,0,0
21.83888888888889,1,0,0,0,0,0,0,0,0
21.841666666666665,1,0,0,0,0,0,0,0,0
21.844444444444445,1,0,0,0,0,0,0,0,0
21.84722222222222,1,0,0,0,0,0,0,0,0
21.85,1,0,0,0,0,0,0,0,0
21.852777777777778,1,0,0,0,0,0,0,0,0
21.855555555555554,1,0,0,0,0,0,0,0,0
21.858333333333334,1,0,0,0,0,0,0,0,0
21.86111111111111,1,0,0,0,0,0,0,0,0
21.863888888888887,1,0,0,0,0,0,0,0,0
21.866666666666667,1,0,0,0,0,0,0,0,0
21.869444444444444,1,0,0,0,0,0,0,0,0
21.872222222222224,1,0,0,0,0,0,0,0,0
21.875,1,0,0,0,0,0,0,0,0
21.877777777777776,1,0,0,0,0,0,0,0,0
21.880555555555556,1,0,0,0,0,0,0,0,0
21.883333333333333,1,0,0,0,0,0,0,0,0
21.886111111111113,1,0,0,0,0,0,0,0,0
21.88888888888889,1,0,0,0,0,0,0,0,0
21.891666666666666,1,0,0,0,0,0,0,0,0
21.894444444444446,1,0,0,0,0,0,0,0,0
21.897222222222222,1,0,0,0,0,0,0,0,0
21.9,1,0,0,0,0,0,0,0,0
21.90277777777778,1,0,0,0,0,0,0,0,0
21.905555555555555,1,0,0,0,0,0,0,0,0
21.908333333333335,1,0,0,0,0,0,0,0,0
21.91111111111111,1,0,0,0,0,0,0,0,0
21.913888888888888,1,0,0,0,0,0,0,0,0
21.916666666666668,1,0,0,0,0,0,0,0,0
21.919444444444444,1,0,0,0,0,0,0,0,0
21.92222222222222,1,0,0,0,0,0,0,0,0
21.925,1,0,0,0,0,0,0,0,0
21.927777777777777,1,0,1,0,0,0,0,0,0
21.930555555555557,1,0,1,0,0,0,0,0,0
21.933333333333334,1,0,1,0,0,0,0,0,0
21.93611111111111,1,0,1,0,0,0,0,0,0
21.93888888888889,1,0,1,0,0,0,0,0,0
21.941666666666666,1,0,1,0,0,0,0,0,0
21.944444444444443,1,0,1,0,0,0,0,0,0
21.947222222222223,1,0,1,0,0,0,0,0,0
21.95,1,0,1,0,0,0,0,0,0
21.95277777777778,1,0,1,0,0,0,0,0,0
21.955555555555556,1,0,1,0,0,0,0,0,0
21.958333333333332,1,0,1,0,0,0,0,0,0
21.961111111111112,1,0,1,0,0,0,0,0,0
21.96388888888889,1,0,1,0,0,0,0,0,0
21.966666666666665,1,0,1,0,0,0,0,0,0
21.969444444444445,1,0,1,0,0,0,0,0,0
21.97222222222222,1,0,1,0,0,0,0,0,0
21.975,1,0,1,0,0,0,0,0,0
21.977777777777778,1,0,1,0,0,0,0,0,0
21.980555555555554,1,0,1,0,0,0,0,0,0
21.983333333333334,1,0,1,0,0,0,0,0,0
21.98611111111111,1,0,1,0,0,0,0,0,0
21.988888888888887,1,0,1,0,0,0,0,0,0
21.991666666666667,1,0,1,0,0,0,0,0,0
21.994444444444444,1,0,1,0,0,0,0,0,0
21.997222222222224,1,0,1,0,0,0,0,0,0
22.0,1,0,1,0,0,0,0,0,0
22.002777777777776,1,0,1,0,0,0,0,0,0
22.005555555555556,1,0,1,0,0,0,0,0,0
22.008333333333333,1,0,1,0,0,0,0,0,0
22.011111111111113,1,0,1,0,0,0,0,0,0
22.01388888888889,1,0,1,0,0,0,0,0,0
22.016666666666666,1,0,1,0,0,0,0,0,0
22.019444444444446,1,0,1,0,0,0,0,0,0
22.022222222222222,1,0,1,0,0,0,0,0,0
22.025,1,0,1,0,0,0,0,0,0
22.02777777777778,1,0,1,0,0,0,0,0,0
22.030555555555555,1,0,1,0,0,0,0,0,0
22.033333333333335,1,0,1,0,0,0,0,0,0
22.03611111111111,1,0,1,0,0,0,0,0,0
22.038888888888888,1,0,1,0,0,0,0,0,0
22.041666666666668,1,0,1,0,0,0,0,0,0
22.044444444444444,1,0,1,0,0,0,0,0,0
22.04722222222222,1,0,1,0,0,0,0,0,0
22.05,1,0,1,0,0,0,0,0,0
22.052777777777777,1,0,1,0,0,0,0,0,0
22.055555555555557,1,0,1,0,0,0,0,0,0
22.058333333333334,1,0,1,0,0,0,0,0,0
22.06111111111111,1,0,1,0,0,0,0,0,0
22.06388888888889,1,0,1,0,0,0,0,0,0
22.066666666666666,1,0,1,0,0,0,0,0,0
22.069444444444443,1,0,1,0,0,0,0,0,0
22.072222222222223,1,0,1,0,0,0,0,0,0
22.075,1,0,1,0,0,0,0,0,0
22.07777777777778,1,0,1,0,0,0,0,0,0
22.080555555555556,1,0,1,0,0,0,0,0,0
22.083333333333332,1,0,1,0,0,0,0,0,0
22.086111111111112,1,0,1,0,0,0,0,0,0
22.08888888888889,1,0,1,0,0,0,0,0,0
22.091666666666665,1,0,1,0,0,0,0,0,0
22.094444444444445,1,0,1,0,0,0,0,0,0
22.09722222222222,1,0,1,0,0,0,0,0,0
22.1,1,0,0,0,0,0,0,0,0
22.102777777777778,1,0,0,0,0,0,0,0,0
22.105555555555554,1,0,0,0,0,0,0,0,0
22.108333333333334,1,0,0,0,0,0,0,0,0
22.11111111111111,1,0,0,0,0,0,0,0,0
22.113888888888887,1,0,0,0,0,0,0,0,0
22.116666666666667,1,0,0,0,0,0,0,0,0
22.119444444444444,1,0,0,0,0,0,0,0,0
22.122222222222224,1,0,0,0,0,0,0,0,0
22.125,1,0,0,0,0,0,0,0,0
22.127777777777776,1,0,0,0,0,0,0,0,0
22.130555555555556,1,0,0,0,0,0,0,0,0
22.133333333333333,1,0,0,0,0,0,0,0,0
22.136111111111113,1,0,0,0,0,0,0,0,0
22.13888888888889,1,0,0,0,0,0,0,0,0
22.141666666666666,1,0,0,0,0,0,0,0,0
22.144444444444446,1,0,0,0,0,0,0,0,0
22.147222222222222,1,0,0,0,0,0,0,0,0
22.15,1,0,0,0,0,0,0,0,0
22.15277777777778,1,0,0,0,0,0,0,0,0
22.155555555555555,1,0,0,0,0,0,0,0,0
22.158333333333335,1,0,0,0,0,0,0,0,0
22.16111111111111,1,0,0,0,0,0,0,0,0
22.163888888888888,1,0,0,0,0,0,0,0,0
22.166666666666668,1,0,0,0,0,0,0,0,0
22.169444444444444,1,0,0,0,0,0,0,0,0
22.17222222222222,1,0,0,0,0,0,0,0,0
22.175,1,0,0,0,0,0,0,0,0
22.177777777777777,1,0,0,0,0,0,0,0,0
22.180555555555557,1,0,0,0,0,0,0,0,0
22.183333333333334,1,0,0,0,0,0,0,0,0
22.18611111111111,1,0,0,0,0,0,0,0,0
22.18888888888889,1,0,0,0,0,0,0,0,0
22.191666666666666,1,0,0,0,0,0,0,0,0
22.194444444444443,1,0,0,0,0,0,0,0,0
22.197222222222223,1,0,0,0,0,0,0,0,0
22.2,1,0,0,0,0,0,0,0,0
22.20277777777778,1,0,0,0,0,0,0,0,0
22.205555555555556,1,0,0,0,0,0,0,0,0
22.208333333333332,1,0,0,0,0,0,0,0,0
22.211111111111112,1,0,0,0,0,0,0,0,0
22.21388888888889,1,0,0,0,0,0,0,0,0
22.216666666666665,1,0,0,0,0,0,0,0,0
22.219444444444445,1,0,0,0,0,0,0,0,0
22.22222222222222,1,0,0,0,0,0,0,0,0
22.225,1,0,0,0,0,0,0,0,0
22.227777777777778,1,0,0,0,0,0,0,0,0
22.230555555555554,1,0,0,0,0,0,0,0,0
22.233333333333334,1,0,0,0,0,0,0,0,0
22.23611111111111,1,0,0,0,0,0,0,0,0
22.238888888888887,1,0,0,0,0,0,0,0,0
22.241666666666667,1,0,0,0,0,0,0,0,0
22.244444444444444,1,0,0,0,0,0,0,0,0
22.247222222222224,1,0,0,0,0,0,0,0,0
22.25,1,0,0,0,0,0,0,0,0
22.252777777777776,1,0,0,0,0,0,0,0,0
22.255555555555556,1,0,0,0,0,0,0,0,0
22.258333333333333,1,0,0,0,0,0,0,0,0
22.261111111111113,1,0,0,0,0,0,0,0,0
22.26388888888889,1,0,0,0,0,0,0,0,0
22.266666666666666,1,0,0,0,0,0,0,0,0
22.269444444444446,1,0,0,0,0,0,0,0,0
22.272222222222222,1,0,0,0,0,0,0,0,0
22.275,1,0,0,0,0,0,0,0,0
22.27777777777778,1,0,0,0,0,0,0,0,0
22.280555555555555,1,0,0,0,0,0,0,0,0
22.283333333333335,1,0,0,0,0,0,0,0,0
22.28611111111111,1,0,0,0,0,0,0,0,0
22.288888888888888,1,0,0,0,0,0,0,0,0
22.291666666666668,1,0,0,0,0,0,0,0,0
22.294444444444444,1,0,0,0,0,0,0,0,0
22.29722222222222,1,0,0,0,0,0,0,0,0
22.3,1,0,0,0,1,0,0,0,0
22.302777777777777,1,0,0,0,0,0,0,0,0
22.305555555555557,1,0,0,0,0,0,0,0,0
22.308333333333334,1,0,0,0,0,0,0,0,0
22.31111111111111,1,0,0,0,0,0,0,0,0
22.31388888888889,1,0,0,0,0,0,0,0,0
22.316666666666666,1,0,0,0,0,0,0,0,0
22.319444444444443,1,0,0,0,0,0,0,0,0
22.322222222222223,1,0,0,0,0,0,0,0,0
22.325,1,0,0,0,0,0,0,0,0
22.32777777777778,1,0,0,0,0,0,0,0,0
22.330555555555556,1,0,0,0,0,0,0,0,0
22.333333333333332,1,0,0,0,0,0,0,0,0
22.336111111111112,1,0,0,0,0,0,0,0,0
22.33888888888889,1,0,0,0,0,0,0,0,0
22.341666666666665,1,0,0,0,0,0,0,0,0
22.344444444444445,1,0,0,0,0,0,0,0,0
22.34722222222222,1,0,0,0,0,0,0,0,0
22.35,1,0,0,0,0,0,0,0,0
22.352777777777778,1,0,0,0,0,0,0,0,0
22.355555555555554,1,0,0,0,0,0,0,0,0
22.358333333333334,1,0,0,0,0,0,0,0,0
22.36111111111111,1,0,0,0,0,0,0,0,0
22.363888888888887,1,0,0,0,0,0,0,0,0
22.366666666666667,1,0,0,0,0,0,0,0,0
22.369444444444444,1,0,0,0,0,0,0,0,0
22.372222222222224,1,0,0,0,0,0,0,0,0
22.375,1,0,0,0,0,0,0,0,0
22.377777777777776,1,0,0,0,0,0,0,0,0
22.380555555555556,1,0,0,0,0,0,0,0,0
22.383333333333333,1,0,0,0,0,0,0,0,0
22.386111111111113,1,0,0,0,0,0,0,0,0
22.38888888888889,1,0,0,0,0,0,0,0,0
22.391666666666666,1,0,0,0,0,0,0,0,0
22.394444444444446,1,0,0,0,0,0,0,0,0
22.397222222222222,1,0,0,0,0,0,0,0,0
22.4,1,0,0,0,0,0,0,0,0
22.40277777777778,1,0,0,0,0,0,0,0,0
22.405555555555555,1,0,0,0,0,0,0,0,0
22.408333333333335,1,0,0,0,0,0,0,0,0
22.41111111111111,1,0,0,0,0,0,0,0,0
22.413888888888888,1,0,0,0,0,0,0,0,0
22.416666666666668,1,0,0,0,0,0,0,0,0
22.419444444444444,1,0,0,0,0,0,0,0,0
22.42222222222222,1,0,0,0,0,0,0,0,0
22.425,1,0,0,0,0,0,0,0,0
22.427777777777777,1,0,0,0,0,0,0,0,0
22.430555555555557,1,0,0,0,0,0,0,0,0
22.433333333333334,1,0,0,0,0,0,0,0,0
22.43611111111111,1,0,0,0,0,0,0,0,0
22.43888888888889,1,0,0,0,0,0,0,0,0
22.441666666666666,1,0,0,0,0,0,0,0,0
22.444444444444443,1,0,0,0,0,0,0,0,0
22.447222222222223,1,0,0,0,0,0,0,0,0
22.45,1,0,0,0,0,0,0,0,0
22.45277777777778,1,0,0,0,0,0,0,0,0
22.455555555555556,1,0,0,0,0,0,0,0,0
22.458333333333332,1,0,0,0,0,0,0,0,0
22.461111111111112,1,0,0,0,0,0,0,0,0
22.46388888888889,1,0,0,0,0,0,0,0,0
22.466666666666665,1,0,0,0,0,0,0,0,0
22.469444444444445,1,0,0,0,0,0,0,0,0
22.47222222222222,1,0,0,0,0,0,0,0,0
22.475,1,0,0,0,0,0,0,0,0
22.477777777777778,1,0,0,0,0,0,0,0,0
22.480555555555554,1,0,0,0,0,0,0,0,0
22.483333333333334,1,0,0,0,0,0,0,0,0
22.48611111111111,1,0,0,0,0,0,0,0,0
22.488888888888887,1,0,0,0,0,0,0,0,0
22.491666666666667,1,0,0,0,0,0,0,0,0
22.494444444444444,1,0,0,0,0,0,0,0,0
22.497222222222224,1,0,0,0,0,0,0,0,0
22.5,1,0,0,0,0,0,0,0,0
22.502777777777776,1,0,0,0,0,0,0,0,0
22.505555555555556,1,0,0,0,0,0,0,0,0
22.508333333333333,1,0,0,0,0,0,0,0,0
22.511111111111113,1,0,0,0,0,0,0,0,0
22.51388888888889,1,0,0,0,0,0,0,0,0
22.516666666666666,1,0,0,0,0,0,0,0,0
22.519444444444446,1,0,0,0,0,0,0,0,0
22.522222222222222,1,0,0,0,0,0,0,0,0
22.525,1,0,0,0,0,0,0,0,0
22.52777777777778,1,0,0,0,0,0,0,0,0
22.530555555555555,1,0,0,0,0,0,0,0,0
22.533333333333335,1,0,0,0,0,0,0,0,0
22.53611111111111,1,0,0,0,0,0,0,0,0
22.538888888888888,1,0,0,0,0,0,0,0,0
22.541666666666668,1,0,0,0,0,0,0,0,0
22.544444444444444,1,0,0,0,0,0,0,0,0
22.54722222222222,1,0,0,0,0,0,0,0,0
22.55,1,0,0,0,0,0,0,0,0
22.552777777777777,1,0,0,0,0,0,0,0,0
22.555555555555557,1,0,0,0,0,0,0,0,0
22.558333333333334,1,0,0,0,0,0,0,0,0
22.56111111111111,1,0,0,0,0,0,0,0,0
22.56388888888889,1,0,0,0,0,0,0,0,0
22.566666666666666,1,0,0,0,0,0,0,0,0
22.569444444444443,1,0,0,0,0,0,0,0,0
22.572222222222223,1,0,0,0,0,0,0,0,0
22.575,1,0,0,0,0,0,0,0,0
22.57777777777778,1,0,0,0,0,0,0,0,0
22.580555555555556,1,0,0,0,0,0,0,0,0
22.583333333333332,1,0,0,0,0,0,0,0,0
22.586111111111112,1,0,0,0,0,0,0,0,0
22.58888888888889,1,0,0,0,0,0,0,0,0
22.591666666666665,1,0,0,0,0,0,0,0,0
22.594444444444445,1,0,0,0,0,0,0,0,0
22.59722222222222,1,0,0,0,0,0,0,0,0
22.6,1,0,0,0,0,0,0,0,0
22.602777777777778,1,0,0,0,0,0,0,0,0
22.605555555555554,1,0,0,0,0,0,0,0,0
22.608333333333334,1,0,0,0,0,0,0,0,0
22.61111111111111,1,0,0,0,0,0,0,0,0
22.613888888888887,1,0,0,0,0,0,0,0,0
22.616666666666667,1,0,0,0,0,0,0,0,0
22.619444444444444,1,0,0,0,0,0,0,0,0
22.622222222222224,1,0,0,0,0,0,0,0,0
22.625,1,0,0,0,0,0,0,0,0
22.627777777777776,1,0,0,0,0,0,0,0,0
22.630555555555556,1,0,0,0,0,0,0,0,0
22.633333333333333,1,0,0,0,0,0,0,0,0
22.636111111111113,1,0,0,0,0,0,0,0,0
22.63888888888889,1,0,0,0,0,0,0,0,0
22.641666666666666,1,0,0,0,0,0,0,0,0
22.644444444444446,1,0,0,0,0,0,0,0,0
22.647222222222222,1,0,0,0,0,0,0,0,0
22.65,1,0,0,0,0,0,0,0,0
22.65277777777778,1,0,0,0,0,0,0,0,0
22.655555555555555,1,0,0,0,0,0,0,0,0
22.658333333333335,1,0,0,0,0,0,0,0,0
22.66111111111111,1,0,0,0,0,0,0,0,0
22.663888888888888,1,0,0,0,0,0,0,0,0
22.666666666666668,1,0,0,0,0,0,0,0,0
22.669444444444444,1,0,0,0,0,0,0,0,0
22.67222222222222,1,0,0,0,0,0,0,0,0
22.675,1,0,0,0,0,0,0,0,0
22.677777777777777,1,0,0,0,0,0,0,0,0
22.680555555555557,1,0,0,0,0,0,0,0,0
22.683333333333334,1,0,0,0,0,0,0,0,0
22.68611111111111,1,0,0,0,0,0,0,0,0
22.68888888888889,1,0,0,0,0,0,0,0,0
22.691666666666666,1,0,0,0,0,0,0,0,0
22.694444444444443,1,0,0,0,0,0,0,0,0
22.697222222222223,1,0,0,0,0,0,0,0,0
22.7,1,0,0,0,0,0,0,0,0
22.70277777777778,1,0,0,0,0,0,0,0,0
22.705555555555556,1,0,0,0,0,0,0,0,0
22.708333333333332,1,0,0,0,0,0,0,0,0
22.711111111111112,1,0,0,0,0,0,0,0,0
22.71388888888889,1,0,0,0,0,0,0,0,0
22.716666666666665,1,0,0,0,0,0,0,0,0
22.719444444444445,1,0,0,0,0,0,0,0,0
22.72222222222222,1,0,0,0,0,0,0,0,0
22.725,1,0,0,0,0,0,0,0,0
22.727777777777778,1,0,0,0,0,0,0,0,0
22.730555555555554,1,0,0,0,0,0,0,0,0
22.733333333333334,1,0,0,0,0,0,0,0,0
22.73611111111111,1,0,0,0,0,0,0,0,0
22.738888888888887,1,0,0,0,0,0,0,0,0
22.741666666666667,1,0,0,0,0,0,0,0,0
22.744444444444444,1,0,0,0,0,0,0,0,0
22.747222222222224,1,0,0,0,0,0,0,0,0
22.75,1,0,0,0,0,0,0,0,0
22.752777777777776,1,0,0,0,0,0,0,0,0
22.755555555555556,1,0,1,0,0,0,0,0,0
22.758333333333333,1,0,1,0,0,0,0,0,0
22.761111111111113,1,0,1,0,0,0,0,0,0
22.76388888888889,1,0,1,0,0,0,0,0,0
22.766666666666666,1,0,1,0,0,0,0,0,0
22.769444444444446,1,0,1,0,0,0,0,0,0
22.772222222222222,1,0,1,0,0,0,0,0,0
22.775,1,0,1,0,0,0,0,0,0
22.77777777777778,1,0,1,0,0,0,0,0,0
22.780555555555555,1,0,1,0,0,0,0,0,0
22.783333333333335,1,0,1,0,0,0,0,0,0
22.78611111111111,1,0,1,0,0,0,0,0,0
22.788888888888888,1,0,1,0,0,0,0,0,0
22.791666666666668,1,0,1,0,0,0,0,0,0
22.794444444444444,1,0,1,0,0,0,0,0,0
22.79722222222222,1,0,1,0,0,0,0,0,0
22.8,1,0,1,0,0,0,0,0,0
22.802777777777777,1,0,1,0,0,0,0,0,0
22.805555555555557,1,0,1,0,0,0,0,0,0
22.808333333333334,1,0,1,0,0,0,0,0,0
22.81111111111111,1,0,1,0,0,0,0,0,0
22.81388888888889,1,0,1,0,0,0,0,0,0
22.816666666666666,1,0,1,0,0,0,0,0,0
22.819444444444443,1,0,1,0,0,0,0,0,0
22.822222222222223,1,0,1,0,0,0,0,0,0
22.825,1,0,1,0,0,0,0,0,0
22.82777777777778,1,0,1,0,0,0,0,0,0
22.830555555555556,1,0,1,0,0,0,0,0,0
22.833333333333332,1,0,1,0,0,0,0,0,0
22.836111111111112,1,0,1,0,0,0,0,0,0
22.83888888888889,1,0,1,0,0,0,0,0,0
22.841666666666665,1,0,1,0,0,0,0,0,0
22.844444444444445,1,0,1,0,0,0,0,0,0
22.84722222222222,1,0,1,0,0,0,0,0,0
22.85,1,0,1,0,0,0,0,0,0
22.852777777777778,1,0,1,0,0,0,0,0,0
22.855555555555554,1,0,1,0,0,0,0,0,0
22.858333333333334,1,0,1,0,0,0,0,0,0
22.86111111111111,1,0,1,0,0,0,0,0,0
22.863888888888887,1,0,1,0,0,0,0,0,0
22.866666666666667,1,0,1,0,0,0,0,0,0
22.869444444444444,1,0,1,0,0,0,0,0,0
22.872222222222224,1,0,1,0,0,0,0,0,0
22.875,1,0,1,0,0,0,0,0,0
22.877777777777776,1,0,1,0,0,0,0,0,0
22.880555555555556,1,0,1,0,0,0,0,0,0
22.883333333333333,1,0,1,0,0,0,0,0,0
22.886111111111113,1,0,1,0,0,0,0,0,0
22.88888888888889,1,0,1,0,0,0,0,0,0
22.891666666666666,1,0,1,0,0,0,0,0,0
22.894444444444446,1,0,1,0,0,0,0,0,0
22.897222222222222,1,0,1,0,0,0,0,0,0
22.9,1,0,1,0,0,0,0,0,0
22.90277777777778,1,0,1,0,0,0,0,0,0
22.905555555555555,1,0,1,0,1,0,0,0,0
22.908333333333335,1,0,1,0,0,0,0,0,0
22.91111111111111,1,0,1,0,0,0,0,0,0
22.913888888888888,1,0,1,0,0,0,0,0,0
22.916666666666668,1,0,1,0,0,0,0,0,0
22.919444444444444,1,0,1,0,0,0,0,0,0
22.92222222222222,1,0,1,0,0,0,0,0,0
22.925,1,0,1,0,0,0,0,0,0
22.927777777777777,1,0,1,0,0,0,0,0,0
22.930555555555557,1,0,1,0,0,0,0,0,0
22.933333333333334,1,0,1,0,0,0,0,0,0
22.93611111111111,1,0,1,0,0,0,0,0,0
22.93888888888889,1,0,1,0,0,0,0,0,0
22.941666666666666,1,0,1,0,0,0,0,0,0
22.944444444444443,1,0,1,0,0,0,0,0,0
22.947222222222223,1,0,1,0,0,0,0,0,0
22.95,1,0,1,0,0,0,0,0,0
22.95277777777778,1,0,0,0,0,0,0,0,0
22.955555555555556,1,0,0,0,0,0,0,0,0
22.958333333333332,1,0,0,0,0,0,0,0,0
22.961111111111112,1,0,0,0,0,0,0,0,0
22.96388888888889,1,0,0,0,0,0,0,0,0
22.966666666666665,1,0,0,0,0,0,0,0,0
22.969444444444445,1,0,0,0,0,0,0,0,0
22.97222222222222,1,0,0,0,0,0,0,0,0
22.975,1,0,0,0,0,0,0,0,0
22.977777777777778,1,0,0,0,0,0,0,0,0
22.980555555555554,1,0,0,0,0,0,0,0,0
22.983333333333334,1,0,0,0,0,0,0,0,0
22.98611111111111,1,0,0,0,0,0,0,0,0
22.988888888888887,1,0,0,0,0,0,0,0,0
22.991666666666667,1,0,0,0,0,0,0,0,0
22.994444444444444,1,0,0,0,0,0,0,0,0
22.997222222222224,1,0,0,0,0,0,0,0,0
23.0,1,0,0,0,0,0,0,0,0
23.002777777777776,1,0,0,0,0,0,0,0,0
23.005555555555556,1,0,0,0,0,0,0,0,0
23.008333333333333,1,0,0,0,0,0,0,0,0
23.011111111111113,1,0,0,0,0,0,0,0,0
23.01388888888889,1,0,0,0,0,0,0,0,0
23.016666666666666,1,0,0,0,0,0,0,0,0
23.019444444444446,1,0,0,0,0,0,0,0,0
23.022222222222222,1,0,0,0,0,0,0,0,0
23.025,1,0,0,0,0,0,0,0,0
23.02777777777778,1,0,0,0,0,0,0,0,0
23.030555555555555,1,0,0,0,0,0,0,0,0
23.033333333333335,1,0,0,0,0,0,0,0,0
23.03611111111111,1,0,0,0,0,0,0,0,0
23.038888888888888,1,0,0,0,0,0,0,0,0
23.041666666666668,1,0,0,0,0,0,0,0,0
23.044444444444444,1,0,0,0,0,0,0,0,0
23.04722222222222,1,0,0,0,0,0,0,0,0
23.05,1,0,0,0,0,0,0,0,0
23.052777777777777,1,0,0,0,0,0,0,0,0
23.055555555555557,1,0,0,0,0,0,0,0,0
23.058333333333334,1,0,0,0,0,0,0,0,0
23.06111111111111,1,0,0,0,0,0,0,0,0
23.06388888888889,1,0,0,0,0,0,0,0,0
23.066666666666666,1,0,0,0,0,0,0,0,0
23.069444444444443,1,0,0,0,0,0,0,0,0
23.072222222222223,1,0,0,0,0,0,0,0,0
23.075,1,0,0,0,0,0,0,0,0
23.07777777777778,1,0,0,0,0,0,0,0,0
23.080555555555556,1,0,0,0,0,0,0,0,0
23.083333333333332,1,0,0,0,0,0,0,0,0
23.086111111111112,1,0,0,0,0,0,0,0,0
23.08888888888889,1,0,0,0,0,0,0,0,0
23.091666666666665,1,0,0,0,0,0,0,0,0
23.094444444444445,1,0,0,0,0,0,0,0,0
23.09722222222222,1,0,0,0,0,0,0,0,0
23.1,1,0,0,0,0,0,0,0,0
23.102777777777778,1,0,0,0,0,0,0,0,0
23.105555555555554,1,0,0,0,0,0,0,0,0
23.108333333333334,1,0,0,0,0,0,0,0,0
23.11111111111111,1,0,0,0,0,0,0,0,0
23.113888888888887,1,0,0,0,0,0,0,0,0
23.116666666666667,1,0,0,0,0,0,0,0,0
23.119444444444444,1,0,0,0,0,0,0,0,0
23.122222222222224,1,0,0,0,0,0,0,0,0
23.125,1,0,0,0,0,0,0,0,0
23.127777777777776,1,0,0,0,0,0,0,0,0
23.130555555555556,1,0,0,0,0,0,0,0,0
23.133333333333333,1,0,0,0,0,0,0,0,0
23.136111111111113,1,0,0,0,0,0,0,0,0
23.13888888888889,1,0,0,0,0,0,0,0,0
23.141666666666666,1,0,0,0,0,0,0,0,0
23.144444444444446,1,0,0,0,0,0,0,0,0
23.147222222222222,1,0,0,0,0,0,0,0,0
23.15,1,0,0,0,0,0,0,0,0
23.15277777777778,1,0,0,0,0,0,0,0,0
23.155555555555555,1,0,0,0,0,0,0,0,0
23.158333333333335,1,0,0,0,0,0,0,0,0
23.16111111111111,1,0,0,0,0,0,0,0,0
23.163888888888888,1,0,0,0,0,0,0,0,0
23.166666666666668,1,0,0,0,0,0,0,0,0
23.169444444444444,1,0,0,0,0,0,0,0,0
23.17222222222222,1,0,0,0,0,0,0,0,0
23.175,1,0,0,0,0,0,0,0,0
23.177777777777777,1,0,0,0,0,0,0,0,0
23.180555555555557,1,0,0,0,0,0,0,0,0
23.183333333333334,1,0,0,0,0,0,0,0,0
23.18611111111111,1,0,0,0,0,0,0,0,0
23.18888888888889,1,0,0,0,0,0,0,0,0
23.191666666666666,1,0,0,0,0,0,0,0,0
23.194444444444443,1,0,0,0,0,0,0,0,0
23.197222222222223,1,0,0,0,0,0,0,0,0
23.2,1,0,0,0,0,0,0,0,0
23.20277777777778,1,0,0,0,0,0,0,0,0
23.205555555555556,1,0,0,0,0,0,0,0,0
23.208333333333332,1,0,0,0,0,0,0,0,0
23.211111111111112,1,0,0,0,0,0,0,0,0
23.21388888888889,1,0,0,0,0,0,0,0,0
23.216666666666665,1,0,0,0,0,0,0,0,0
23.219444444444445,1,0,0,0,0,0,0,0,0
23.22222222222222,1,0,0,0,0,0,0,0,0
23.225,1,0,0,0,0,0,0,0,0
23.227777777777778,1,0,0,0,0,0,0,0,0
23.230555555555554,1,0,0,0,0,0,0,0,0
23.233333333333334,1,0,0,0,0,0,0,0,0
23.23611111111111,1,0,0,0,0,0,0,0,0
23.238888888888887,1,0,0,0,0,0,0,0,0
23.241666666666667,1,0,0,0,0,0,0,0,0
23.244444444444444,1,0,0,0,0,0,0,0,0
23.247222222222224,1,0,0,0,0,0,0,0,0
23.25,1,0,0,0,0,0,0,0,0
23.252777777777776,1,0,0,0,0,0,0,0,0
23.255555555555556,1,0,0,0,0,0,0,0,0
23.258333333333333,1,0,0,0,0,0,0,0,0
23.261111111111113,1,0,0,0,0,0,0,0,0
23.26388888888889,1,0,0,0,0,0,0,0,0
23.266666666666666,1,0,0,0,0,0,0,0,0
23.269444444444446,1,0,0,0,0,0,0,0,0
23.272222222222222,1,0,0,0,0,0,0,0,0
23.275,1,0,0,0,0,0,0,0,0
23.27777777777778,1,0,0,0,0,0,0,0,0
23.280555555555555,1,0,0,0,0,0,0,0,0
23.283333333333335,1,0,0,0,0,0,0,0,0
23.28611111111111,1,0,0,0,0,0,0,0,0
23.288888888888888,1,0,0,0,0,0,0,0,0
23.291666666666668,1,0,0,0,0,0,0,0,0
23.294444444444444,1,0,0,0,0,0,0,0,0
23.29722222222222,1,0,0,0,0,0,0,0,0
23.3,1,0,0,0,0,0,0,0,0
23.302777777777777,1,0,0,0,0,0,0,0,0
23.305555555555557,1,0,0,0,0,0,0,0,0
23.308333333333334,1,0,0,0,0,0,0,0,0
23.31111111111111,1,0,0,0,0,0,0,0,0
23.31388888888889,1,0,0,0,0,0,0,0,0
23.316666666666666,1,0,0,0,0,0,0,0,0
23.319444444444443,1,0,0,0,0,0,0,0,0
23.322222222222223,1,0,0,0,0,0,0,0,0
23.325,1,0,0,0,0,0,0,0,0
23.32777777777778,1,0,0,0,0,0,0,0,0
23.330555555555556,1,0,0,0,0,0,0,0,0
23.333333333333332,1,0,0,0,0,0,0,0,0
23.336111111111112,1,0,0,0,0,0,0,0,0
23.33888888888889,1,0,0,0,0,0,0,0,0
23.341666666666665,1,0,0,0,0,0,0,0,0
23.344444444444445,1,0,0,0,0,0,0,0,0
23.34722222222222,1,0,0,0,0,0,0,0,0
23.35,1,0,0,0,0,0,0,0,0
23.352777777777778,1,0,0,0,0,0,0,0,0
23.355555555555554,1,0,0,0,0,0,0,0,0
23.358333333333334,1,0,0,0,0,0,0,0,0
23.36111111111111,1,0,0,0,0,0,0,0,0
23.363888888888887,1,0,0,0,0,0,0,0,0
23.366666666666667,1,0,0,0,0,0,0,0,0
23.369444444444444,1,0,0,0,0,0,0,0,0
23.372222222222224,1,0,0,0,0,0,0,0,0
23.375,1,0,0,0,0,0,0,0,0
23.377777777777776,1,0,0,0,0,0,0,0,0
23.380555555555556,1,0,0,0,0,0,0,0,0
23.383333333333333,1,0,0,0,0,0,0,0,0
23.386111111111113,1,0,0,0,0,0,0,0,0
23.38888888888889,1,0,0,0,0,0,0,0,0
23.391666666666666,1,0,0,0,0,0,0,0,0
23.394444444444446,1,0,0,0,0,0,0,0,0
23.397222222222222,1,0,0,0,0,0,0,0,0
23.4,1,0,0,0,0,0,0,0,0
23.40277777777778,1,0,0,0,0,0,0,0,0
23.405555555555555,1,0,0,0,0,0,0,0,0
23.408333333333335,1,0,0,0,0,0,0,0,0
23.41111111111111,1,0,0,0,0,0,0,0,0
23.413888888888888,1,0,0,0,0,0,0,0,0
23.416666666666668,1,0,0,0,0,0,0,0,0
23.419444444444444,1,0,0,0,0,0,0,0,0
23.42222222222222,1,0,0,0,0,0,0,0,0
23.425,1,0,0,0,0,0,0,0,0
23.427777777777777,1,0,0,0,0,0,0,0,0
23.430555555555557,1,0,0,0,0,0,0,0,0
23.433333333333334,1,0,0,0,0,0,0,0,0
23.43611111111111,1,0,0,0,0,0,0,0,0
23.43888888888889,1,0,0,0,0,0,0,0,0
23.441666666666666,1,0,0,0,0,0,0,0,0
23.444444444444443,1,0,0,0,0,0,0,0,0
23.447222222222223,1,0,0,0,0,0,0,0,0
23.45,1,0,0,0,0,0,0,0,0
23.45277777777778,1,0,0,0,0,0,0,0,0
23.455555555555556,1,0,0,0,0,0,0,0,0
23.458333333333332,1,0,0,0,0,0,0,0,0
23.461111111111112,1,0,0,0,0,0,0,0,0
23.46388888888889,1,0,0,0,0,0,0,0,0
23.466666666666665,1,0,0,0,0,0,0,0,0
23.469444444444445,1,0,0,0,0,0,0,0,0
23.47222222222222,1,0,0,0,0,0,0,0,0
23.475,1,0,0,0,0,0,0,0,0
23.477777777777778,1,0,0,0,0,0,0,0,0
23.480555555555554,1,0,0,0,0,0,0,0,0
23.483333333333334,1,0,0,0,0,0,0,0,0
23.48611111111111,1,0,0,0,0,0,0,0,0
23.488888888888887,1,0,0,0,0,0,0,0,0
23.491666666666667,1,0,0,0,0,0,0,0,0
23.494444444444444,1,0,0,0,0,0,0,0,0
23.497222222222224,1,0,0,0,0,0,0,0,0
23.5,1,0,0,0,0,0,0,0,0
23.502777777777776,1,0,0,0,0,0,0,0,0
23.505555555555556,1,0,0,0,0,0,0,0,0
23.508333333333333,1,0,0,0,0,0,0,0,0
23.511111111111113,1,0,1,0,0,0,0,0,0
23.51388888888889,1,0,1,0,0,0,0,0,0
23.516666666666666,1,0,1,0,0,0,0,0,0
23.519444444444446,1,0,1,0,0,0,0,0,0
23.522222222222222,1,0,1,0,0,0,0,0,0
23.525,1,0,1,0,0,0,0,0,0
23.52777777777778,1,0,1,0,0,0,0,0,0
23.530555555555555,1,0,1,0,0,0,0,0,0
23.533333333333335,1,0,1,0,0,0,0,0,0
23.53611111111111,1,0,1,0,0,0,0,0,0
23.538888888888888,1,0,1,0,0,0,0,0,0
23.541666666666668,1,0,1,0,0,0,0,0,0
23.544444444444444,1,0,1,0,0,0,0,0,0
23.54722222222222,1,0,1,0,0,0,0,0,0
23.55,1,0,1,0,0,0,0,0,0
23.552777777777777,1,0,1,0,0,0,0,0,0
23.555555555555557,1,0,1,0,0,0,0,0,0
23.558333333333334,1,0,1,0,0,0,0,0,0
23.56111111111111,1,0,1,0,0,0,0,0,0
23.56388888888889,1,0,1,0,0,0,0,0,0
23.566666666666666,1,0,1,0,0,0,0,0,0
23.569444444444443,1,0,1,0,0,0,0,0,0
23.572222222222223,1,0,1,0,0,0,0,0,0
23.575,1,0,1,0,0,0,0,0,0
23.57777777777778,1,0,1,0,0,0,0,0,0
23.580555555555556,1,0,1,0,0,0,0,0,0
23.583333333333332,1,0,1,0,0,0,0,0,0
23.586111111111112,1,0,1,0,0,0,0,0,0
23.58888888888889,1,0,1,0,0,0,0,0,0
23.591666666666665,1,0,1,0,0,0,0,0,0
23.594444444444445,1,0,1,0,0,0,0,0,0
23.59722222222222,1,0,1,0,0,0,0,0,0
23.6,1,0,1,0,0,0,0,0,0
23.602777777777778,1,0,1,0,0,0,0,0,0
23.605555555555554,1,0,1,0,0,0,0,0,0
23.608333333333334,1,0,1,0,0,0,0,0,0
23.61111111111111,1,0,1,0,0,0,0,0,0
23.613888888888887,1,0,1,0,0,0,0,0,0
23.616666666666667,1,0,1,0,0,0,0,0,0
23.619444444444444,1,0,1,0,0,0,0,0,0
23.622222222222224,1,0,1,0,0,0,0,0,0
23.625,1,0,1,0,0,0,0,0,0
23.627777777777776,1,0,1,0,0,0,0,0,0
23.630555555555556,1,0,1,0,0,0,0,0,0
23.633333333333333,1,0,1,0,0,0,0,0,0
23.636111111111113,1,0,1,0,0,0,0,0,0
23.63888888888889,1,0,1,0,0,0,0,0,0
23.641666666666666,1,0,1,0,0,0,0,0,0
23.644444444444446,1,0,1,0,0,0,0,0,0
23.647222222222222,1,0,1,0,0,0,0,0,0
23.65,1,0,1,0,0,0,0,0,0
23.65277777777778,1,0,1,0,0,0,0,0,0
23.655555555555555,1,0,1,0,0,0,0,0,0
23.658333333333335,1,0,1,0,0,0,0,0,0
23.66111111111111,1,0,1,0,0,0,0,0,0
23.663888888888888,1,0,1,0,0,0,0,0,0
23.666666666666668,1,0,1,0,0,0,0,0,0
23.669444444444444,1,0,1,0,0,0,0,0,0
23.67222222222222,1,0,1,0,0,0,0,0,0
23.675,1,0,1,0,0,0,0,0,0
23.677777777777777,1,0,1,0,0,0,0,0,0
23.680555555555557,1,0,1,0,0,0,0,0,0
23.683333333333334,1,0,1,0,0,0,0,0,0
23.68611111111111,1,0,1,0,0,0,0,0,0
23.68888888888889,1,0,1,0,0,0,0,0,0
23.691666666666666,1,0,1,0,0,0,0,0,0
23.694444444444443,1,0,1,0,0,0,0,0,0
23.697222222222223,1,0,1,0,0,0,0,0,0
23.7,1,0,1,0,0,0,0,0,0
23.70277777777778,1,0,1,0,0,0,0,0,0
23.705555555555556,1,0,1,0,0,0,0,0,0
23.708333333333332,1,0,1,0,0,0,0,0,0
23.711111111111112,1,0,1,0,0,0,0,0,0
23.71388888888889,1,0,1,0,0,0,0,0,0
23.716666666666665,1,0,1,0,0,0,0,0,0
23.719444444444445,1,0,1,0,0,0,0,0,0
23.72222222222222,1,0,1,0,0,0,0,0,0
23.725,1,0,1,0,0,0,0,0,0
23.727777777777778,1,0,1,0,0,0,0,0,0
23.730555555555554,1,0,1,0,0,0,0,0,0
23.733333333333334,1,0,1,0,0,0,0,0,0
23.73611111111111,1,0,1,0,0,0,0,0,0
23.738888888888887,1,0,1,0,0,0,0,0,0
23.741666666666667,1,0,1,0,0,0,0,0,0
23.744444444444444,1,0,1,0,0,0,0,0,0
23.747222222222224,1,0,1,0,0,0,0,0,0
23.75,1,0,1,0,0,0,0,0,0
23.752777777777776,1,0,1,0,0,0,0,0,0
23.755555555555556,1,0,1,0,0,0,0,0,0
23.758333333333333,1,0,1,0,0,0,0,0,0
23.761111111111113,1,0,1,0,0,0,0,0,0
23.76388888888889,1,0,1,0,0,0,0,0,0
23.766666666666666,1,0,1,0,0,0,0,0,0
23.769444444444446,1,0,1,0,0,0,0,0,0
23.772222222222222,1,0,1,0,0,0,0,0,0
23.775,1,0,1,0,0,0,0,0,0
23.77777777777778,1,0,1,0,0,0,0,0,0
23.780555555555555,1,0,1,0,0,0,0,0,0
23.783333333333335,1,0,1,0,0,0,0,0,0
23.78611111111111,1,0,1,0,0,0,0,0,0
23.788888888888888,1,0,1,0,0,0,0,0,0
23.791666666666668,1,0,1,0,0,0,0,0,0
23.794444444444444,1,0,1,0,0,0,0,0,0
23.79722222222222,1,0,1,0,0,0,0,0,0
23.8,1,0,1,0,0,0,0,0,0
23.802777777777777,1,0,1,0,0,0,0,0,0
23.805555555555557,1,0,1,0,0,0,0,0,0
23.808333333333334,1,0,0,0,0,0,0,0,0
23.81111111111111,1,0,0,0,0,0,0,0,0
23.81388888888889,1,0,0,0,0,0,0,0,0
23.816666666666666,1,0,0,0,0,0,0,0,0
23.819444444444443,1,0,0,0,0,0,0,0,0
23.822222222222223,1,0,0,0,0,0,0,0,0
23.825,1,0,0,0,0,0,0,0,0
23.82777777777778,1,0,0,0,0,0,0,0,0
23.830555555555556,1,0,0,0,0,0,0,0,0
23.833333333333332,1,0,0,0,0,0,0,0,0
23.836111111111112,1,0,0,0,0,0,0,0,0
23.83888888888889,1,0,0,0,0,0,0,0,0
23.841666666666665,1,0,0,0,0,0,0,0,0
23.844444444444445,1,0,0,0,0,0,0,0,0
23.84722222222222,1,0,0,0,0,0,0,0,0
23.85,1,0,0,0,0,0,0,0,0
23.852777777777778,1,0,0,0,0,0,0,0,0
23.855555555555554,1,0,0,0,0,0,0,0,0
23.858333333333334,1,0,0,0,0,0,0,0,0
23.86111111111111,1,0,0,0,0,0,0,0,0
23.863888888888887,1,0,0,0,0,0,0,0,0
23.866666666666667,1,0,0,0,0,0,0,0,0
23.869444444444444,1,0,0,0,0,0,0,0,0
23.872222222222224,1,0,0,0,0,0,0,0,0
23.875,1,0,0,0,0,0,0,0,0
23.877777777777776,1,0,0,0,0,0,0,0,0
23.880555555555556,1,0,0,0,0,0,0,0,0
23.883333333333333,1,0,0,0,0,0,0,0,0
23.886111111111113,1,0,0,0,0,0,0,0,0
23.88888888888889,1,0,0,0,0,0,0,0,0
23.891666666666666,1,0,0,0,0,0,0,0,0
23.894444444444446,1,0,0,0,0,0,0,0,0
23.897222222222222,1,0,0,0,0,0,0,0,0
23.9,1,0,0,0,0,0,0,0,0
23.90277777777778,1,0,0,0,0,0,0,0,0
23.905555555555555,1,0,0,0,0,0,0,0,0
23.908333333333335,1,0,0,0,0,0,0,0,0
23.91111111111111,1,0,0,0,0,0,0,0,0
23.913888888888888,1,0,0,0,0,0,0,0,0
23.916666666666668,1,0,0,0,0,0,0,0,0
23.919444444444444,1,0,0,0,0,0,0,0,0
23.92222222222222,1,0,0,0,0,0,0,0,0
23.925,1,0,0,0,0,0,0,0,0
23.927777777777777,1,0,0,0,0,0,0,0,0
23.930555555555557,1,0,0,0,0,0,0,0,0
23.933333333333334,1,0,0,0,0,0,0,0,0
23.93611111111111,1,0,0,0,0,0,0,0,0
23.93888888888889,1,0,0,0,0,0,0,0,0
23.941666666666666,1,0,0,0,0,0,0,0,0
23.944444444444443,1,0,0,0,0,0,0,0,0
23.947222222222223,1,0,0,0,0,0,0,0,0
23.95,1,0,0,0,0,0,0,0,0
23.95277777777778,1,0,0,0,0,0,0,0,0
23.955555555555556,1,0,0,0,0,0,0,0,0
23.958333333333332,1,0,0,0,0,0,0,0,0
23.961111111111112,1,0,0,0,0,0,0,0,0
23.96388888888889,1,0,0,0,0,0,0,0,0
23.966666666666665,1,0,0,0,0,0,0,0,0
23.969444444444445,1,0,0,0,0,0,0,0,0
23.97222222222222,1,0,0,0,0,0,0,0,0
23.975,1,0,0,0,0,0,0,0,0
23.977777777777778,1,0,0,0,0,0,0,0,0
23.980555555555554,1,0,0,0,0,0,0,0,0
23.983333333333334,1,0,0,0,0,0,0,0,0
23.98611111111111,1,0,0,0,0,0,0,0,0
23.988888888888887,1,0,0,0,0,0,0,0,0
23.991666666666667,1,0,0,0,0,0,0,0,0
23.994444444444444,1,0,0,0,0,0,0,0,0
23.997222222222224,1,0,0,0,0,0,0,0,0
