start_s,end_s,active,predicted,confidence,pred2,conf2
0.0,4.8,True,laptop_ravi,0.9999756357287036,stand_cooler_mixed_withSwing,1.0746542852369319e-05
1.0,5.8,True,laptop_ravi,0.9999252750222339,stand_cooler_mixed_withSwing,6.196700859744364e-05
2.0,6.8,True,laptop_ravi,0.999953481604599,stand_cooler_mixed_withSwing,3.380053136841845e-05
3.0,7.8,True,laptop_ravi,0.9999477667401935,stand_cooler_mixed_withSwing,3.9544480960449594e-05
4.0,8.8,True,laptop_ravi,0.9999867307604108,stand_cooler_mixed_withSwing,9.087714524300016e-06
5.0,9.8,True,laptop_ravi,0.9999929596700814,stand_cooler_mixed_withSwing,3.3101356422429767e-06
6.0,10.8,True,laptop_ravi,0.999992525494785,stand_cooler_mixed_withSwing,3.732737649885651e-06
7.0,11.8,True,laptop_ravi,0.9999929596700814,stand_cooler_mixed_withSwing,3.3101356422429767e-06
8.0,12.8,True,laptop_ravi,0.9999924340280103,stand_cooler_mixed_withSwing,3.7800781605143044e-06
9.0,13.8,True,laptop_ravi,0.9999920740089342,stand_cooler_mixed_withSwing,4.065388508836855e-06
10.0,14.8,True,laptop_ravi,0.9999915495996009,stand_cooler_mixed_withSwing,4.0647164757205396e-06
11.0,15.8,True,laptop_ravi,0.9999912444025265,stand_cooler_mixed_withSwing,4.064716018477543e-06
12.0,16.8,True,laptop_ravi,0.9999907594194365,stand_cooler_mixed_withSwing,4.548899889964668e-06
13.0,17.8,True,laptop_ravi,0.9999912443465383,stand_cooler_mixed_withSwing,4.064716018249965e-06
14.0,18.8,True,laptop_ravi,0.9999912444025265,stand_cooler_mixed_withSwing,4.064716018477543e-06
15.0,19.8,True,laptop_ravi,0.9999907602201865,stand_cooler_mixed_withSwing,4.548899893607233e-06
16.0,20.8,True,laptop_ravi,0.9999912405162409,stand_cooler_mixed_withSwing,4.0647160026807575e-06
17.0,21.8,True,laptop_ravi,0.9999915495996009,stand_cooler_mixed_withSwing,4.0647164757205396e-06
18.0,22.8,True,laptop_ravi,0.9999920740089342,stand_cooler_mixed_withSwing,4.065388508836855e-06
19.0,23.8,True,laptop_ravi,0.9999838160127322,stand_cooler_mixed_withSwing,1.1797123965466988e-05
20.0,24.8,True,laptop_ravi,0.9999538466191682,stand_cooler_2_swing,3.214492475780541e-05
21.0,25.8,True,laptop_ravi,0.9999535138203743,stand_cooler_2_swing,3.2144991639584204e-05
22.0,26.8,True,laptop_ravi,0.9999534377362159,stand_cooler_2_swing,3.21450289328466e-05
23.0,27.8,True,laptop_ravi,0.9999532447385279,stand_cooler_2_swing,3.214502272864145e-05
24.0,28.8,True,laptop_ravi,0.999953513820347,stand_cooler_2_swing,3.214499163958333e-05
25.0,29.8,True,laptop_ravi,0.9999538565892555,stand_cooler_2_swing,3.214496556700621e-05
26.0,30.8,True,laptop_ravi,0.9999540312573116,stand_cooler_2_swing,3.2146420962410885e-05
27.0,31.8,True,laptop_ravi,0.9999557332256908,stand_cooler_2_swing,3.0817006313004095e-05
28.0,32.8,True,laptop_ravi,0.9999538449363458,stand_cooler_2_swing,3.214508186819187e-05
29.0,33.8,True,laptop_ravi,0.9999540312563842,stand_cooler_2_swing,3.2146420962381077e-05
30.0,34.8,True,laptop_ravi,0.9999538449363458,stand_cooler_2_swing,3.214508186819187e-05
31.0,35.8,True,laptop_ravi,0.999953513820347,stand_cooler_2_swing,3.214499163958333e-05
32.0,36.8,True,laptop_ravi,0.999953513820347,stand_cooler_2_swing,3.214499163958333e-05
33.0,37.8,True,laptop_ravi,0.9999538578190562,stand_cooler_2_swing,3.214641538673541e-05
34.0,38.8,True,laptop_ravi,0.9999538578190562,stand_cooler_2_swing,3.214641538673541e-05
35.0,39.8,True,laptop_ravi,0.9999538218416881,stand_cooler_2_swing,3.214641423013862e-05
36.0,40.8,True,laptop_ravi,0.9999582158365506,stand_cooler_2_swing,2.9162217514702664e-05
37.0,41.8,True,laptop_ravi,0.9999479965127356,stand_cooler_2_swing,2.9062758792639653e-05
38.0,42.8,True,laptop_ravi,0.9999854165233796,stand_cooler_mixed_withSwing,1.0541640976017976e-05
39.0,43.8,True,laptop_ravi,0.9999849500793647,stand_cooler_mixed_withSwing,1.0824531491545373e-05
40.0,44.8,True,laptop_ravi,0.9999849317132176,stand_cooler_mixed_withSwing,1.0969206082363147e-05
41.0,45.8,True,laptop_ravi,0.9999745926989663,stand_cooler_mixed_withSwing,2.077697120969073e-05
42.0,46.8,True,laptop_ravi,0.9999612158897893,stand_cooler_mixed_withSwing,2.51263914511983e-05
43.0,47.8,True,laptop_ravi,0.9999728539504066,stand_cooler_mixed_withSwing,1.3916527521682615e-05
44.0,48.8,True,laptop_ravi,0.999983282844937,stand_cooler_2_swing,9.084730837662434e-06
45.0,49.8,True,laptop_ravi,0.9999940844966959,stand_cooler_mixed_withSwing,2.884936065157699e-06
46.0,50.8,True,laptop_ravi,0.9999962461262355,stand_cooler_mixed_withSwing,5.361736243324471e-07
47.0,51.8,True,laptop_ravi,0.9999961329411898,stand_cooler_mixed_withSwing,5.364285171452103e-07
48.0,52.8,True,laptop_ravi,0.999983282844937,stand_cooler_2_swing,9.084730837662434e-06
49.0,53.8,True,laptop_ravi,0.9999829009565853,stand_cooler_2_swing,9.08472946284599e-06
50.0,54.8,True,laptop_ravi,0.9999612797473683,stand_cooler_mixed_withSwing,2.512639305577106e-05
51.0,55.8,True,laptop_ravi,0.9999612797475927,stand_cooler_mixed_withSwing,2.5126393055776697e-05
52.0,56.8,True,laptop_ravi,0.9999838312044267,stand_cooler_mixed_withSwing,1.1797124144688191e-05
53.0,57.8,True,laptop_ravi,0.9999840324673165,stand_cooler_mixed_withSwing,1.1291645663157509e-05
54.0,58.8,True,laptop_ravi,0.9999908813256485,stand_cooler_mixed_withSwing,4.404922814841663e-06
55.0,59.8,True,laptop_ravi,0.9999908759007315,stand_cooler_mixed_withSwing,4.404922790945104e-06
56.0,60.8,True,laptop_ravi,0.9999840046533138,stand_cooler_mixed_withSwing,1.1797126190919331e-05
57.0,61.8,True,laptop_ravi,0.9999838017662555,stand_cooler_mixed_withSwing,1.1797216312093602e-05
58.0,62.8,True,laptop_ravi,0.9999834915024107,stand_cooler_mixed_withSwing,1.179517618791456e-05
59.0,63.8,True,laptop_ravi,0.9999915550488874,stand_cooler_mixed_withSwing,4.064716497870532e-06
60.0,64.8,True,laptop_ravi,0.9999915550488874,stand_cooler_mixed_withSwing,4.064716497870532e-06
61.0,65.8,True,laptop_ravi,0.9999915550326164,stand_cooler_mixed_withSwing,4.0647172811117005e-06
62.0,66.8,True,laptop_ravi,0.9999915495996009,stand_cooler_mixed_withSwing,4.0647164757205396e-06
63.0,67.8,True,laptop_ravi,0.9999918848126882,stand_cooler_mixed_withSwing,4.0653875552756795e-06
64.0,68.8,True,laptop_ravi,0.9999930185979493,stand_cooler_mixed_withSwing,3.251749611932177e-06
65.0,69.8,True,laptop_ravi,0.9999960682576502,stand_cooler_3_swing,6.795317092909776e-07
66.0,70.8,True,laptop_ravi,0.9999960682576502,stand_cooler_3_swing,6.795317092909776e-07
67.0,71.8,True,laptop_ravi,0.9999956577167602,stand_cooler_3_swing,7.413767933548137e-07
68.0,72.8,True,laptop_ravi,0.9999958195178398,stand_cooler_3_swing,7.107160749842348e-07
69.0,73.8,True,laptop_ravi,0.9999960606945416,stand_cooler_3_swing,6.795317041515853e-07
70.0,74.8,True,laptop_ravi,0.9999958319533048,stand_cooler_3_swing,7.413769225303053e-07
71.0,75.8,True,laptop_ravi,0.9999958394250849,stand_cooler_3_swing,7.413813710530502e-07
72.0,76.8,True,laptop_ravi,0.9999958319533048,stand_cooler_3_swing,7.413769225303053e-07
73.0,77.8,True,laptop_ravi,0.9999956577167602,stand_cooler_3_swing,7.413767933548137e-07
74.0,78.8,True,laptop_ravi,0.9999957046813815,stand_cooler_3_swing,7.413781221283193e-07
75.0,79.8,True,laptop_ravi,0.9999956799567233,stand_cooler_3_swing,7.413771699834365e-07
76.0,80.8,True,laptop_ravi,0.9999958394250849,stand_cooler_3_swing,7.413813710530502e-07
77.0,81.8,True,laptop_ravi,0.9999956846606908,stand_cooler_3_swing,7.413781072853533e-07
78.0,82.8,True,laptop_ravi,0.9999955867268566,stand_cooler_3_swing,7.413788901394075e-07
79.0,83.8,True,laptop_ravi,0.9999955867266115,stand_cooler_3_swing,7.413788901392257e-07
80.0,84.8,True,laptop_ravi,0.9999955204990444,stand_cooler_3_swing,7.413788410392889e-07
81.0,85.8,True,laptop_ravi,0.999995586736515,stand_cooler_3_swing,7.41378890146568e-07
82.0,86.8,True,laptop_ravi,0.9999956846606908,stand_cooler_3_swing,7.413781072853533e-07
83.0,87.8,True,laptop_ravi,0.9999956846600033,stand_cooler_3_swing,7.413781072848437e-07
84.0,88.8,True,laptop_ravi,0.9999955867261527,stand_cooler_3_swing,7.413788901388856e-07
85.0,89.8,True,laptop_ravi,0.9999956921467045,stand_cooler_3_swing,7.413771790208492e-07
86.0,90.8,True,laptop_ravi,0.9999956921467045,stand_cooler_3_swing,7.413771790208492e-07
87.0,91.8,True,laptop_ravi,0.9999956904381527,stand_cooler_3_swing,7.413812605964547e-07
88.0,92.8,True,laptop_ravi,0.9999958394256535,stand_cooler_3_swing,7.413813710534718e-07
89.0,93.8,True,laptop_ravi,0.9999958194682643,stand_cooler_3_swing,7.107215409134684e-07
90.0,94.8,True,laptop_ravi,0.9999918997737067,stand_cooler_mixed_withSwing,4.06538780049735e-06
91.0,95.8,True,laptop_ravi,0.9999914719415594,stand_cooler_mixed_withSwing,4.0453743867219816e-06
92.0,96.8,True,laptop_ravi,0.9999731255701995,stand_cooler_mixed_withSwing,1.3589146328034133e-05
93.0,97.8,True,laptop_ravi,0.9999845263832094,stand_cooler_2_swing,8.275359254160894e-06
94.0,98.8,True,laptop_ravi,0.9999941843829758,stand_cooler_mixed_withSwing,2.6494851882496154e-06
95.0,99.8,True,laptop_ravi,0.9999961757679866,stand_cooler_3_swing,6.694501784873048e-07
96.0,100.8,True,laptop_ravi,0.9999961757679866,stand_cooler_3_swing,6.694501784873048e-07
97.0,101.8,True,laptop_ravi,0.9999964403967531,stand_cooler_3_swing,6.151089852084372e-07
98.0,102.8,True,laptop_ravi,0.99999323060123,stand_cooler_mixed_withSwing,3.1104668497587933e-06
99.0,103.8,True,laptop_ravi,0.9999731227471618,stand_cooler_mixed_withSwing,1.3589146289670429e-05
100.0,104.8,True,laptop_ravi,0.9999844346330868,stand_cooler_mixed_withSwing,1.1299613006990991e-05
101.0,105.8,True,laptop_ravi,0.9999911225991818,stand_cooler_mixed_withSwing,5.157634484890385e-06
102.0,106.8,True,laptop_ravi,0.9999915550488874,stand_cooler_mixed_withSwing,4.064716497870532e-06
103.0,107.8,True,laptop_ravi,0.9999915550488874,stand_cooler_mixed_withSwing,4.064716497870532e-06
104.0,108.8,True,laptop_ravi,0.9999915495996284,stand_cooler_mixed_withSwing,4.064716475720651e-06
105.0,109.8,True,laptop_ravi,0.9999915495996284,stand_cooler_mixed_withSwing,4.064716475720651e-06
106.0,110.8,True,laptop_ravi,0.9999915495996284,stand_cooler_mixed_withSwing,4.064716475720651e-06
107.0,111.8,True,laptop_ravi,0.9999915495996284,stand_cooler_mixed_withSwing,4.064716475720651e-06
108.0,112.8,True,laptop_ravi,0.9999915550488874,stand_cooler_mixed_withSwing,4.064716497870532e-06
109.0,113.8,True,laptop_ravi,0.9999915550488874,stand_cooler_mixed_withSwing,4.064716497870532e-06
110.0,114.8,True,laptop_ravi,0.9999915550488874,stand_cooler_mixed_withSwing,4.064716497870532e-06
111.0,115.8,True,laptop_ravi,0.9999915550326164,stand_cooler_mixed_withSwing,4.0647172811117005e-06
112.0,116.8,True,laptop_ravi,0.9999915550488874,stand_cooler_mixed_withSwing,4.064716497870532e-06
113.0,117.8,True,laptop_ravi,0.9999915550488874,stand_cooler_mixed_withSwing,4.064716497870532e-06
114.0,118.8,True,laptop_ravi,0.9999915550488874,stand_cooler_mixed_withSwing,4.064716497870532e-06
115.0,119.8,True,laptop_ravi,0.9999915550488874,stand_cooler_mixed_withSwing,4.064716497870532e-06
116.0,120.8,True,laptop_ravi,0.9999915495994621,stand_cooler_mixed_withSwing,4.0647164757199754e-06
117.0,121.8,True,laptop_ravi,0.9999915495996284,stand_cooler_mixed_withSwing,4.064716475720651e-06
118.0,122.8,True,laptop_ravi,0.9999918952085,stand_cooler_mixed_withSwing,4.064713190348377e-06
119.0,123.8,True,laptop_ravi,0.9999918864265515,stand_cooler_mixed_withSwing,4.065430736099783e-06
120.0,124.8,True,laptop_ravi,0.9999915495996009,stand_cooler_mixed_withSwing,4.0647164757205396e-06
121.0,125.8,True,laptop_ravi,0.9999915495996009,stand_cooler_mixed_withSwing,4.0647164757205396e-06
122.0,126.8,True,laptop_ravi,0.9999915495996009,stand_cooler_mixed_withSwing,4.0647164757205396e-06
123.0,127.8,True,laptop_ravi,0.9999915495996284,stand_cooler_mixed_withSwing,4.064716475720651e-06
124.0,128.8,True,laptop_ravi,0.9999915495996009,stand_cooler_mixed_withSwing,4.0647164757205396e-06
125.0,129.8,True,laptop_ravi,0.9999376086428121,stand_cooler_mixed_withSwing,4.954077199114705e-05
126.0,130.8,True,laptop_ravi,0.9999376086428121,stand_cooler_mixed_withSwing,4.954077199114705e-05
127.0,131.8,True,laptop_ravi,0.9999270884899389,stand_cooler_mixed_withSwing,5.9998404766530417e-05
128.0,132.8,True,laptop_ravi,0.9999270884899389,stand_cooler_mixed_withSwing,5.9998404766530417e-05
129.0,133.8,True,laptop_ravi,0.9999457669219105,stand_cooler_mixed_withSwing,5.015922446760248e-05
130.0,134.8,True,laptop_ravi,0.9999793300210424,stand_cooler_mixed_withSwing,1.6986424331297455e-05
131.0,135.8,True,laptop_ravi,0.99998150795377,stand_cooler_mixed_withSwing,1.4496870242423399e-05
132.0,136.8,True,laptop_ravi,0.9999857533057963,stand_cooler_mixed_withSwing,1.0315247721163419e-05
133.0,137.8,True,laptop_ravi,0.9999705802377963,stand_cooler_mixed_withSwing,2.5325405096844916e-05
134.0,138.8,True,laptop_ravi,0.9999769747391039,stand_cooler_mixed_withSwing,1.9660297399073628e-05
135.0,139.8,True,laptop_ravi,0.9999708208339922,stand_cooler_mixed_withSwing,1.7102149808362957e-05
136.0,140.8,True,laptop_ravi,0.9999715052369389,stand_cooler_mixed_withSwing,1.6470432147884023e-05
137.0,141.8,True,laptop_ravi,0.9999716832112284,stand_cooler_mixed_withSwing,1.6332754139817548e-05
138.0,142.8,True,laptop_ravi,0.999994391709456,stand_cooler_mixed_withSwing,2.376470594348053e-06
139.0,143.8,True,laptop_ravi,0.9999930250354163,stand_cooler_mixed_withSwing,3.310135858612625e-06
140.0,144.8,True,laptop_ravi,0.9999917856649319,stand_cooler_mixed_withSwing,4.114773440839225e-06
141.0,145.8,True,laptop_ravi,0.9999930067766036,stand_cooler_mixed_withSwing,3.3188121969422073e-06
142.0,146.8,True,laptop_ravi,0.9999968056212276,stand_cooler_mixed_withSwing,5.584151723692046e-07
143.0,147.8,True,laptop_ravi,0.999996812283725,stand_cooler_mixed_withSwing,5.432888836461127e-07
144.0,148.8,True,laptop_ravi,0.999996599596952,stand_cooler_mixed_withSwing,6.25579741521909e-07
145.0,149.8,True,laptop_ravi,0.9999963536265394,stand_cooler_mixed_withSwing,7.670208230752627e-07
146.0,150.8,True,laptop_ravi,0.9999968818024677,stand_cooler_mixed_withSwing,4.890393424213712e-07
147.0,151.8,True,laptop_ravi,0.9999848809032034,stand_cooler_2_swing,8.275378361177329e-06
148.0,152.8,True,laptop_ravi,0.9999845565677529,stand_cooler_2_swing,8.337481425674364e-06
149.0,153.8,True,laptop_ravi,0.9999731255693367,stand_cooler_mixed_withSwing,1.3589124016039655e-05
150.0,154.8,True,laptop_ravi,0.9999911225855049,stand_cooler_mixed_withSwing,5.157626016513685e-06
151.0,155.8,True,laptop_ravi,0.9999912443465383,stand_cooler_mixed_withSwing,4.064716018249965e-06
152.0,156.8,True,laptop_ravi,0.9999912443465383,stand_cooler_mixed_withSwing,4.064716018249965e-06
153.0,157.8,True,laptop_ravi,0.9999915550326164,stand_cooler_mixed_withSwing,4.0647172811117005e-06
154.0,158.8,True,laptop_ravi,0.9999915550326164,stand_cooler_mixed_withSwing,4.0647172811117005e-06
155.0,159.8,True,laptop_ravi,0.9999912443465383,stand_cooler_mixed_withSwing,4.064716018249965e-06
156.0,160.8,True,laptop_ravi,0.9999912405162409,stand_cooler_mixed_withSwing,4.0647160026807575e-06
157.0,161.8,True,laptop_ravi,0.9999912405162409,stand_cooler_mixed_withSwing,4.0647160026807575e-06
158.0,162.8,True,laptop_ravi,0.9999930185979493,stand_cooler_mixed_withSwing,3.251749611932177e-06
159.0,163.8,True,laptop_ravi,0.9999930227539159,stand_cooler_mixed_withSwing,3.249483139022381e-06
160.0,164.8,True,laptop_ravi,0.9999600675490626,stand_cooler_2_swing,2.9398357506517536e-05
161.0,165.8,True,laptop_ravi,0.9999582158365506,stand_cooler_2_swing,2.9162217514702664e-05
162.0,166.8,True,laptop_ravi,0.9999538449372731,stand_cooler_2_swing,3.2145081868221686e-05
163.0,167.8,True,laptop_ravi,0.9999540386137709,stand_cooler_2_swing,3.21464795258463e-05
164.0,168.8,True,laptop_ravi,0.9999538466191682,stand_cooler_2_swing,3.214492475780541e-05
165.0,169.8,True,laptop_ravi,0.999953513820347,stand_cooler_2_swing,3.214499163958333e-05
166.0,170.8,True,laptop_ravi,0.999953513820347,stand_cooler_2_swing,3.214499163958333e-05
167.0,171.8,True,laptop_ravi,0.9999538218416881,stand_cooler_2_swing,3.214641423013862e-05
168.0,172.8,True,laptop_ravi,0.9999538578190562,stand_cooler_2_swing,3.214641538673541e-05
169.0,173.8,True,laptop_ravi,0.9999538218416881,stand_cooler_2_swing,3.214641423013862e-05
170.0,174.8,True,laptop_ravi,0.9999588745370545,stand_cooler_2_swing,2.9450132010463176e-05
171.0,175.8,True,laptop_ravi,0.9999479965127356,stand_cooler_2_swing,2.9062758792639653e-05
172.0,176.8,True,laptop_ravi,0.999986534139264,stand_cooler_mixed_withSwing,9.429510405021161e-06
173.0,177.8,True,laptop_ravi,0.9999838312044267,stand_cooler_mixed_withSwing,1.1797124144688191e-05
174.0,178.8,True,laptop_ravi,0.999985119738931,stand_cooler_mixed_withSwing,1.0830501405279236e-05
175.0,179.8,True,laptop_ravi,0.9999855510687782,stand_cooler_mixed_withSwing,1.0386965254069569e-05
176.0,180.8,True,laptop_ravi,0.9999587082331679,stand_cooler_2_swing,2.946505464179362e-05
177.0,181.8,True,laptop_ravi,0.9999570564467427,stand_cooler_2_swing,2.9895843375428743e-05
178.0,182.8,True,laptop_ravi,0.9999538466191682,stand_cooler_2_swing,3.214492475780541e-05
179.0,183.8,True,laptop_ravi,0.9999535192450456,stand_cooler_2_swing,3.2144991813968325e-05
180.0,184.8,True,laptop_ravi,0.9999535138203743,stand_cooler_2_swing,3.2144991639584204e-05
181.0,185.8,True,laptop_ravi,0.9999557332256908,stand_cooler_2_swing,3.0817006313004095e-05
182.0,186.8,True,laptop_ravi,0.9999588745370545,stand_cooler_2_swing,2.9450132010463176e-05
183.0,187.8,True,laptop_ravi,0.9999743274523806,stand_cooler_mixed_withSwing,2.164819430029335e-05
184.0,188.8,True,laptop_ravi,0.9999924419276854,stand_cooler_mixed_withSwing,3.521456847666538e-06
185.0,189.8,True,laptop_ravi,0.9999913957021969,stand_cooler_mixed_withSwing,4.405651051205626e-06
186.0,190.8,True,laptop_ravi,0.9999909187616465,stand_cooler_mixed_withSwing,4.4049238286140095e-06
187.0,191.8,True,laptop_ravi,0.9999909187616465,stand_cooler_mixed_withSwing,4.4049238286140095e-06
188.0,192.8,True,laptop_ravi,0.9999908813256485,stand_cooler_mixed_withSwing,4.404922814841663e-06
189.0,193.8,True,laptop_ravi,0.9999727609915718,stand_cooler_mixed_withSwing,1.3589141373588666e-05
190.0,194.8,True,laptop_ravi,0.9999724894317632,stand_cooler_mixed_withSwing,1.3916522448711172e-05
191.0,195.8,True,laptop_ravi,0.9999829009577622,stand_cooler_2_swing,9.084729462856684e-06
192.0,196.8,True,laptop_ravi,0.9999829518456907,stand_cooler_2_swing,9.137403249932363e-06
193.0,197.8,True,laptop_ravi,0.9999958766922632,stand_cooler_3_swing,7.41341597911823e-07
194.0,198.8,True,laptop_ravi,0.9999956304853805,stand_cooler_3_swing,7.413368605676837e-07
195.0,199.8,True,laptop_ravi,0.999996054317388,stand_cooler_3_swing,6.811356504581214e-07
196.0,200.8,True,laptop_ravi,0.9999829009577622,stand_cooler_2_swing,9.084729462856684e-06
197.0,201.8,True,laptop_ravi,0.9999829009577622,stand_cooler_2_swing,9.084729462856684e-06
198.0,202.8,True,laptop_ravi,0.9999728539599232,stand_cooler_mixed_withSwing,1.3916527521815057e-05
199.0,203.8,True,laptop_ravi,0.9999844346330868,stand_cooler_mixed_withSwing,1.1299613006990991e-05
200.0,204.8,True,laptop_ravi,0.9999920740089342,stand_cooler_mixed_withSwing,4.065388508836855e-06
201.0,205.8,True,laptop_ravi,0.9999918848126882,stand_cooler_mixed_withSwing,4.0653875552756795e-06
202.0,206.8,True,laptop_ravi,0.9999918848126882,stand_cooler_mixed_withSwing,4.0653875552756795e-06
203.0,207.8,True,laptop_ravi,0.9999918637116845,stand_cooler_mixed_withSwing,4.065379038702266e-06
204.0,208.8,True,laptop_ravi,0.9999918848126882,stand_cooler_mixed_withSwing,4.0653875552756795e-06
205.0,209.8,True,laptop_ravi,0.9999954516843925,stand_cooler_3_swing,7.411940452498673e-07
206.0,210.8,True,laptop_ravi,0.9999956904141268,stand_cooler_3_swing,7.413812605786423e-07
207.0,211.8,True,laptop_ravi,0.9999956904381527,stand_cooler_3_swing,7.413812605964547e-07
208.0,212.8,True,laptop_ravi,0.9999956904134394,stand_cooler_3_swing,7.413812605781326e-07
209.0,213.8,True,laptop_ravi,0.9999956904134394,stand_cooler_3_swing,7.413812605781326e-07
210.0,214.8,True,laptop_ravi,0.9999956921467045,stand_cooler_3_swing,7.413771790208492e-07
211.0,215.8,True,laptop_ravi,0.9999955867268566,stand_cooler_3_swing,7.413788901394075e-07
212.0,216.8,True,laptop_ravi,0.99999558672684,stand_cooler_3_swing,7.413788901393951e-07
213.0,217.8,True,laptop_ravi,0.9999955867268566,stand_cooler_3_swing,7.413788901394075e-07
214.0,218.8,True,laptop_ravi,0.9999955921760807,stand_cooler_3_swing,7.41378894179365e-07
215.0,219.8,True,laptop_ravi,0.9999956921473919,stand_cooler_3_swing,7.413771790213589e-07
216.0,220.8,True,laptop_ravi,0.9999956921473919,stand_cooler_3_swing,7.413771790213589e-07
217.0,221.8,True,laptop_ravi,0.9999956921467045,stand_cooler_3_swing,7.413771790208492e-07
218.0,222.8,True,laptop_ravi,0.9999955867261694,stand_cooler_3_swing,7.41378890138898e-07
219.0,223.8,True,laptop_ravi,0.9999957046813815,stand_cooler_3_swing,7.413781221283193e-07
220.0,224.8,True,laptop_ravi,0.9999955867261694,stand_cooler_3_swing,7.41378890138898e-07
221.0,225.8,True,laptop_ravi,0.9999955867268566,stand_cooler_3_swing,7.413788901394075e-07
222.0,226.8,True,laptop_ravi,0.9999954080128814,stand_cooler_3_swing,7.413787576440541e-07
223.0,227.8,True,laptop_ravi,0.9999954041728774,stand_cooler_3_swing,7.413787547971436e-07
224.0,228.8,True,laptop_ravi,0.9999953443134033,stand_cooler_3_swing,7.413787104183974e-07
225.0,229.8,True,laptop_ravi,0.9999953443211601,stand_cooler_3_swing,7.413787104241481e-07
226.0,230.8,True,laptop_ravi,0.9999954080471191,stand_cooler_3_swing,7.413787576694374e-07
227.0,231.8,True,laptop_ravi,0.9999953443134033,stand_cooler_3_swing,7.413787104183974e-07
228.0,232.8,True,laptop_ravi,0.9999955867268566,stand_cooler_3_swing,7.413788901394075e-07
229.0,233.8,True,laptop_ravi,0.9999958319538734,stand_cooler_3_swing,7.413769225307269e-07
230.0,234.8,True,laptop_ravi,0.9999956576223127,stand_cooler_3_swing,7.413824950542503e-07
231.0,235.8,True,laptop_ravi,0.9999918997737067,stand_cooler_mixed_withSwing,4.06538780049735e-06
232.0,236.8,True,laptop_ravi,0.9999920740089342,stand_cooler_mixed_withSwing,4.065388508836855e-06
233.0,237.8,True,laptop_ravi,0.9999918848126882,stand_cooler_mixed_withSwing,4.0653875552756795e-06
234.0,238.8,True,laptop_ravi,0.9999918743188416,stand_cooler_mixed_withSwing,4.065430686876327e-06
235.0,239.8,True,laptop_ravi,0.9999918864265515,stand_cooler_mixed_withSwing,4.065430736099783e-06
236.0,240.8,True,laptop_ravi,0.9999915495996284,stand_cooler_mixed_withSwing,4.064716475720651e-06
237.0,241.8,True,laptop_ravi,0.9999915495996009,stand_cooler_mixed_withSwing,4.0647164757205396e-06
238.0,242.8,True,laptop_ravi,0.9999911225991818,stand_cooler_mixed_withSwing,5.157634484890385e-06
239.0,243.8,True,laptop_ravi,0.9999728538250042,stand_cooler_mixed_withSwing,1.391666244244937e-05
240.0,244.8,True,laptop_ravi,0.9999829009577622,stand_cooler_2_swing,9.084729462856684e-06
241.0,245.8,True,laptop_ravi,0.999984523771163,stand_cooler_2_swing,8.275369550973007e-06
242.0,246.8,True,laptop_ravi,0.999996430663115,stand_cooler_3_swing,6.154207625019467e-07
243.0,247.8,True,laptop_ravi,0.9999961806933305,stand_cooler_3_swing,6.694501817845899e-07
244.0,248.8,True,laptop_ravi,0.9999961757679866,stand_cooler_3_swing,6.694501784873048e-07
245.0,249.8,True,laptop_ravi,0.9999941826000908,stand_cooler_mixed_withSwing,2.6494851835258604e-06
246.0,250.8,True,laptop_ravi,0.9999845263832094,stand_cooler_2_swing,8.275359254160894e-06
247.0,251.8,True,laptop_ravi,0.9999731255701995,stand_cooler_mixed_withSwing,1.3589146328034133e-05
248.0,252.8,True,laptop_ravi,0.9999914719415594,stand_cooler_mixed_withSwing,4.0453743867219816e-06
249.0,253.8,True,laptop_ravi,0.9999915495994621,stand_cooler_mixed_withSwing,4.0647164757199754e-06
250.0,254.8,True,laptop_ravi,0.9999918952085,stand_cooler_mixed_withSwing,4.064713190348377e-06
251.0,255.8,True,laptop_ravi,0.9999918745825152,stand_cooler_mixed_withSwing,4.065435808632073e-06
252.0,256.8,True,laptop_ravi,0.9999920814796802,stand_cooler_mixed_withSwing,4.06540279678421e-06
253.0,257.8,True,laptop_ravi,0.9999918848126882,stand_cooler_mixed_withSwing,4.0653875552756795e-06
254.0,258.8,True,laptop_ravi,0.9999918848126882,stand_cooler_mixed_withSwing,4.0653875552756795e-06
255.0,259.8,True,laptop_ravi,0.9999918864265515,stand_cooler_mixed_withSwing,4.065430736099783e-06
256.0,260.8,True,laptop_ravi,0.9999918745825152,stand_cooler_mixed_withSwing,4.065435808632073e-06
257.0,261.8,True,laptop_ravi,0.9999915495996284,stand_cooler_mixed_withSwing,4.064716475720651e-06
258.0,262.8,True,laptop_ravi,0.9999915495996284,stand_cooler_mixed_withSwing,4.064716475720651e-06
259.0,263.8,True,laptop_ravi,0.9999376086428121,stand_cooler_mixed_withSwing,4.954077199114705e-05
260.0,264.8,True,laptop_ravi,0.9999376086428121,stand_cooler_mixed_withSwing,4.954077199114705e-05
261.0,265.8,True,laptop_ravi,0.9999270864553919,stand_cooler_mixed_withSwing,5.999840464445193e-05
262.0,266.8,True,laptop_ravi,0.9999270864553244,stand_cooler_mixed_withSwing,5.999840464444788e-05
263.0,267.8,True,stand_cooler_mixed_withSwing,0.8046567482112221,laptop_ravi,0.034603787314341924
264.0,268.8,True,stand_cooler_mixed_withSwing,0.9992735691866153,table_fan_mix,0.00014573019340732222
265.0,269.8,True,laptop_ravi,0.9999744486727938,stand_cooler_mixed_withSwing,2.1378504659854732e-05
266.0,270.8,True,laptop_ravi,0.9999743443374209,stand_cooler_mixed_withSwing,2.1220942302671005e-05
267.0,271.8,True,laptop_ravi,0.9999743443374209,stand_cooler_mixed_withSwing,2.1220942302671005e-05
268.0,272.8,True,laptop_ravi,0.9999279793408233,stand_cooler_mixed_withSwing,5.923221249071555e-05
269.0,273.8,True,laptop_ravi,0.9999272715504204,stand_cooler_mixed_withSwing,5.999841575066814e-05
270.0,274.8,True,laptop_ravi,0.9999396819726957,stand_cooler_mixed_withSwing,4.77093585045448e-05
271.0,275.8,True,laptop_ravi,0.9999477046308823,stand_cooler_mixed_withSwing,3.954410994829281e-05
272.0,276.8,True,laptop_ravi,0.9999912702874418,stand_cooler_mixed_withSwing,4.223706262866555e-06
273.0,277.8,True,laptop_ravi,0.9999917076658128,stand_cooler_mixed_withSwing,4.244608935898408e-06
274.0,278.8,True,laptop_ravi,0.9999917076658128,stand_cooler_mixed_withSwing,4.244608935898408e-06
275.0,279.8,True,laptop_ravi,0.9999918811169937,stand_cooler_mixed_withSwing,4.244609672136945e-06
276.0,280.8,True,laptop_ravi,0.9999956904134394,stand_cooler_3_swing,7.413812605781326e-07
277.0,281.8,True,laptop_ravi,0.9999956799567233,stand_cooler_3_swing,7.413771699834365e-07
278.0,282.8,True,laptop_ravi,0.9999956921467045,stand_cooler_3_swing,7.413771790208492e-07
279.0,283.8,True,laptop_ravi,0.9999912444025265,stand_cooler_mixed_withSwing,4.064716018477543e-06
280.0,284.8,True,laptop_ravi,0.999991435133236,stand_cooler_mixed_withSwing,4.064716793750501e-06
281.0,285.8,True,laptop_ravi,0.9999912444025265,stand_cooler_mixed_withSwing,4.064716018477543e-06
282.0,286.8,True,laptop_ravi,0.9999907602201865,stand_cooler_mixed_withSwing,4.548899893607233e-06
283.0,287.8,True,laptop_ravi,0.9999912443465383,stand_cooler_mixed_withSwing,4.064716018249965e-06
284.0,288.8,True,laptop_ravi,0.9999912405162409,stand_cooler_mixed_withSwing,4.0647160026807575e-06
285.0,289.8,True,laptop_ravi,0.9999912443465383,stand_cooler_mixed_withSwing,4.064716018249965e-06
286.0,290.8,True,laptop_ravi,0.9999912443465383,stand_cooler_mixed_withSwing,4.064716018249965e-06
287.0,291.8,True,laptop_ravi,0.9999930185810009,stand_cooler_mixed_withSwing,3.2517442728381355e-06
288.0,292.8,True,laptop_ravi,0.9999731255693367,stand_cooler_mixed_withSwing,1.3589124016039655e-05
289.0,293.8,True,laptop_ravi,0.9999832723631047,stand_cooler_2_swing,9.084729834432074e-06
290.0,294.8,True,laptop_ravi,0.9999848809032034,stand_cooler_2_swing,8.275378361177329e-06
291.0,295.8,True,laptop_ravi,0.9999966010554643,stand_cooler_mixed_withSwing,7.761843336479722e-07
292.0,296.8,True,laptop_ravi,0.9999966534400802,stand_cooler_mixed_withSwing,6.264050804341601e-07
293.0,297.8,True,laptop_ravi,0.9999965953704432,stand_cooler_mixed_withSwing,6.2640874008274e-07
294.0,298.8,True,laptop_ravi,0.9999839422897183,stand_cooler_2_swing,8.228075419722225e-06
295.0,299.8,True,laptop_ravi,0.9999847980532905,stand_cooler_2_swing,8.228082461122508e-06
296.0,300.8,True,laptop_ravi,0.9999728539571955,stand_cooler_mixed_withSwing,1.3916518280970402e-05
297.0,301.8,True,laptop_ravi,0.9999728539571955,stand_cooler_mixed_withSwing,1.3916518280970402e-05
298.0,302.8,True,laptop_ravi,0.9999925273803456,stand_cooler_mixed_withSwing,3.7322790406238516e-06
299.0,303.8,True,laptop_ravi,0.9999922008826814,stand_cooler_mixed_withSwing,3.896566503111649e-06
300.0,304.8,True,laptop_ravi,0.9999925273803456,stand_cooler_mixed_withSwing,3.7322790406238516e-06
301.0,305.8,True,laptop_ravi,0.9999575788211857,stand_cooler_2_swing,2.9536155542531698e-05
302.0,306.8,True,laptop_ravi,0.9999575788686798,stand_cooler_2_swing,2.9536155543934544e-05
303.0,307.8,True,laptop_ravi,0.9999579595365,stand_cooler_2_swing,2.953616678787548e-05
304.0,308.8,True,laptop_ravi,0.9999588745370545,stand_cooler_2_swing,2.9450132010463176e-05
305.0,309.8,True,laptop_ravi,0.9999738770611567,stand_cooler_mixed_withSwing,2.2084675906311485e-05
306.0,310.8,True,laptop_ravi,0.999986534139264,stand_cooler_mixed_withSwing,9.429510405021161e-06
307.0,311.8,True,laptop_ravi,0.9999838312044267,stand_cooler_mixed_withSwing,1.1797124144688191e-05
308.0,312.8,True,laptop_ravi,0.9999849175508001,stand_cooler_mixed_withSwing,1.096920592701033e-05
309.0,313.8,True,laptop_ravi,0.9999602272595361,stand_cooler_2_swing,2.7945968943851587e-05
310.0,314.8,True,laptop_ravi,0.9999575788686798,stand_cooler_2_swing,2.9536155543934544e-05
311.0,315.8,True,laptop_ravi,0.9999557332256908,stand_cooler_2_swing,3.0817006313004095e-05
312.0,316.8,True,laptop_ravi,0.9999535192450456,stand_cooler_2_swing,3.2144991813968325e-05
313.0,317.8,True,laptop_ravi,0.9999535566379758,stand_cooler_2_swing,3.214503275512509e-05
314.0,318.8,True,laptop_ravi,0.9999535138203743,stand_cooler_2_swing,3.2144991639584204e-05
315.0,319.8,True,laptop_ravi,0.9999579595365,stand_cooler_2_swing,2.953616678787548e-05
316.0,320.8,True,laptop_ravi,0.9999582158365506,stand_cooler_2_swing,2.9162217514702664e-05
317.0,321.8,True,laptop_ravi,0.9999733620994167,stand_cooler_mixed_withSwing,2.261355114898601e-05
318.0,322.8,True,laptop_ravi,0.999992437425475,stand_cooler_mixed_withSwing,3.5239130175378536e-06
319.0,323.8,True,laptop_ravi,0.9999908759007042,stand_cooler_mixed_withSwing,4.404922790944984e-06
320.0,324.8,True,laptop_ravi,0.9999909187616465,stand_cooler_mixed_withSwing,4.4049238286140095e-06
321.0,325.8,True,laptop_ravi,0.9999909187616465,stand_cooler_mixed_withSwing,4.4049238286140095e-06
322.0,326.8,True,laptop_ravi,0.9999908813256485,stand_cooler_mixed_withSwing,4.404922814841663e-06
323.0,327.8,True,laptop_ravi,0.9999908759007315,stand_cooler_mixed_withSwing,4.404922790945104e-06
324.0,328.8,True,laptop_ravi,0.9999834860775737,stand_cooler_mixed_withSwing,1.1795176123926595e-05
325.0,329.8,True,laptop_ravi,0.9999835136971463,stand_cooler_mixed_withSwing,1.17951764497097e-05
326.0,330.8,True,laptop_ravi,0.9999822831449396,stand_cooler_mixed_withSwing,1.2717677997281331e-05
327.0,331.8,True,laptop_ravi,0.9999822825966521,stand_cooler_mixed_withSwing,1.2717677990308263e-05
328.0,332.8,True,laptop_ravi,0.999983205643488,stand_cooler_mixed_withSwing,1.1795175089138075e-05
329.0,333.8,True,laptop_ravi,0.9999834708329616,stand_cooler_mixed_withSwing,1.1795175944110741e-05
330.0,334.8,True,laptop_ravi,0.9999834860775737,stand_cooler_mixed_withSwing,1.1795176123926595e-05
331.0,335.8,True,laptop_ravi,0.9999912096439498,stand_cooler_mixed_withSwing,4.405696819496026e-06
332.0,336.8,True,laptop_ravi,0.9999913957021969,stand_cooler_mixed_withSwing,4.405651051205626e-06
333.0,337.8,True,laptop_ravi,0.9999912081037883,stand_cooler_mixed_withSwing,4.405650024872853e-06
334.0,338.8,True,laptop_ravi,0.9999912080989495,stand_cooler_mixed_withSwing,4.405684774410061e-06
335.0,339.8,True,laptop_ravi,0.9999845156782756,stand_cooler_mixed_withSwing,1.1293549514010914e-05
336.0,340.8,True,laptop_ravi,0.9999863570962366,stand_cooler_mixed_withSwing,9.604544934686598e-06
337.0,341.8,True,laptop_ravi,0.999961215647741,stand_cooler_mixed_withSwing,2.5126635048690906e-05
338.0,342.8,True,laptop_ravi,0.9999612795039985,stand_cooler_mixed_withSwing,2.5126636653246018e-05
339.0,343.8,True,laptop_ravi,0.9999829518456907,stand_cooler_2_swing,9.137403249932363e-06
340.0,344.8,True,laptop_ravi,0.9999962230032052,stand_cooler_3_swing,6.144089640921854e-07
341.0,345.8,True,laptop_ravi,0.9999960750773033,stand_cooler_3_swing,6.69450209351732e-07
342.0,346.8,True,laptop_ravi,0.9999962327960464,stand_cooler_3_swing,6.694503149369922e-07
343.0,347.8,True,laptop_ravi,0.9999941843863815,stand_cooler_mixed_withSwing,2.649485188258639e-06
344.0,348.8,True,laptop_ravi,0.9999845263953023,stand_cooler_2_swing,8.275359254260968e-06
345.0,349.8,True,laptop_ravi,0.9999925480654651,stand_cooler_mixed_withSwing,3.4083881551230067e-06
346.0,350.8,True,laptop_ravi,0.9999935953354456,stand_cooler_mixed_withSwing,2.9032538243442634e-06
347.0,351.8,True,laptop_ravi,0.999995819524395,stand_cooler_3_swing,7.107160749888936e-07
348.0,352.8,True,laptop_ravi,0.9999956903751499,stand_cooler_3_swing,7.413869623535615e-07
349.0,353.8,True,laptop_ravi,0.9999956349215525,stand_cooler_3_swing,7.413767764549024e-07
350.0,354.8,True,laptop_ravi,0.9999958195178398,stand_cooler_3_swing,7.107160749842348e-07
351.0,355.8,True,laptop_ravi,0.9999958319533048,stand_cooler_3_swing,7.413769225303053e-07
352.0,356.8,True,laptop_ravi,0.9999955867261527,stand_cooler_3_swing,7.413788901388856e-07
353.0,357.8,True,laptop_ravi,0.9999956921467045,stand_cooler_3_swing,7.413771790208492e-07
354.0,358.8,True,laptop_ravi,0.9999956846600033,stand_cooler_3_swing,7.413781072848437e-07
355.0,359.8,True,laptop_ravi,0.9999955867268566,stand_cooler_3_swing,7.413788901394075e-07
356.0,360.8,True,laptop_ravi,0.9999955205087192,stand_cooler_3_swing,7.413788410464616e-07
357.0,361.8,True,laptop_ravi,0.9999953443134033,stand_cooler_3_swing,7.413787104183974e-07
358.0,362.8,True,laptop_ravi,0.9999953443134033,stand_cooler_3_swing,7.413787104183974e-07
359.0,363.8,True,laptop_ravi,0.9999953443134033,stand_cooler_3_swing,7.413787104183974e-07
360.0,364.8,True,laptop_ravi,0.9999953443636282,stand_cooler_3_swing,7.413787104556332e-07
361.0,365.8,True,laptop_ravi,0.9999953443231154,stand_cooler_3_swing,7.413802474285884e-07
362.0,366.8,True,laptop_ravi,0.9999953443283127,stand_cooler_3_swing,7.41378710429451e-07
363.0,367.8,True,laptop_ravi,0.9999953443231154,stand_cooler_3_swing,7.413802474285884e-07
364.0,368.8,True,laptop_ravi,0.9999955921694949,stand_cooler_3_swing,7.41380431177854e-07
365.0,369.8,True,laptop_ravi,0.9999955867333078,stand_cooler_3_swing,7.413804271475535e-07
366.0,370.8,True,laptop_ravi,0.9999955867268566,stand_cooler_3_swing,7.413788901394075e-07
367.0,371.8,True,laptop_ravi,0.9999955867261694,stand_cooler_3_swing,7.41378890138898e-07
368.0,372.8,True,laptop_ravi,0.9999955921753935,stand_cooler_3_swing,7.413788941788556e-07
369.0,373.8,True,laptop_ravi,0.9999955867261527,stand_cooler_3_swing,7.413788901388856e-07
370.0,374.8,True,laptop_ravi,0.9999958195178398,stand_cooler_3_swing,7.107160749842348e-07
371.0,375.8,True,laptop_ravi,0.9999924340280103,stand_cooler_mixed_withSwing,3.7800781605143044e-06
372.0,376.8,True,laptop_ravi,0.9999922008826814,stand_cooler_mixed_withSwing,3.896566503111649e-06
373.0,377.8,True,laptop_ravi,0.9999918848126882,stand_cooler_mixed_withSwing,4.0653875552756795e-06
374.0,378.8,True,laptop_ravi,0.9999918745825152,stand_cooler_mixed_withSwing,4.065435808632073e-06
375.0,379.8,True,laptop_ravi,0.9999915495996009,stand_cooler_mixed_withSwing,4.0647164757205396e-06
376.0,380.8,True,laptop_ravi,0.9999915495996009,stand_cooler_mixed_withSwing,4.0647164757205396e-06
377.0,381.8,True,laptop_ravi,0.9999915495996009,stand_cooler_mixed_withSwing,4.0647164757205396e-06
378.0,382.8,True,laptop_ravi,0.9999915495996284,stand_cooler_mixed_withSwing,4.064716475720651e-06
379.0,383.8,True,laptop_ravi,0.9999915495996284,stand_cooler_mixed_withSwing,4.064716475720651e-06
380.0,384.8,True,laptop_ravi,0.9999915550488874,stand_cooler_mixed_withSwing,4.064716497870532e-06
381.0,385.8,True,laptop_ravi,0.9999915550488874,stand_cooler_mixed_withSwing,4.064716497870532e-06
382.0,386.8,True,laptop_ravi,0.9999918743188416,stand_cooler_mixed_withSwing,4.065430686876327e-06
383.0,387.8,True,laptop_ravi,0.9999918848126882,stand_cooler_mixed_withSwing,4.0653875552756795e-06
384.0,388.8,True,laptop_ravi,0.9999918848126882,stand_cooler_mixed_withSwing,4.0653875552756795e-06
385.0,389.8,True,laptop_ravi,0.9999920740089342,stand_cooler_mixed_withSwing,4.065388508836855e-06
386.0,390.8,True,laptop_ravi,0.9999731676441187,stand_cooler_mixed_withSwing,1.3589146899798144e-05
387.0,391.8,True,laptop_ravi,0.9999728539596983,stand_cooler_mixed_withSwing,1.3916527521811927e-05
388.0,392.8,True,laptop_ravi,0.9999844773160691,stand_cooler_2_swing,8.22808254149756e-06
389.0,393.8,True,laptop_ravi,0.9999932838441696,stand_cooler_mixed_withSwing,3.110467015370313e-06
390.0,394.8,True,laptop_ravi,0.9999962338534668,stand_cooler_3_swing,6.113635845381745e-07
391.0,395.8,True,laptop_ravi,0.9999962338372086,stand_cooler_3_swing,6.113635845282348e-07
392.0,396.8,True,laptop_ravi,0.9999963929787279,stand_cooler_mixed_withSwing,7.083234464699525e-07
393.0,397.8,True,laptop_ravi,0.9999803266057797,stand_cooler_mixed_withSwing,8.700232156246553e-06
394.0,398.8,True,laptop_ravi,0.9999799378720317,stand_cooler_mixed_withSwing,9.225853533926963e-06
395.0,399.8,True,laptop_ravi,0.9999302605431621,stand_cooler_mixed_withSwing,5.657069793868157e-05
396.0,400.8,True,laptop_ravi,0.999927222299427,stand_cooler_mixed_withSwing,5.955174292382913e-05
397.0,401.8,True,stand_cooler_mixed_withSwing,0.9989664226430622,table_fan_mix,0.00019117363651774177
398.0,402.8,True,stand_cooler_mixed_withSwing,0.9992456907176566,stand_cooler_1_swing,0.00013755175980309083
399.0,403.8,True,laptop_ravi,0.999974344336944,stand_cooler_mixed_withSwing,2.122094267460356e-05
400.0,404.8,True,laptop_ravi,0.9999412661744551,stand_cooler_mixed_withSwing,5.4299612006409726e-05
401.0,405.8,True,laptop_ravi,0.9999412661779105,stand_cooler_mixed_withSwing,5.4299612006597354e-05
402.0,406.8,True,laptop_ravi,0.999927838927226,stand_cooler_mixed_withSwing,5.923220417310848e-05
403.0,407.8,True,laptop_ravi,0.9999313991566388,stand_cooler_mixed_withSwing,5.5857884315151106e-05
404.0,408.8,True,laptop_ravi,0.9999411287184582,stand_cooler_mixed_withSwing,4.612190163260031e-05
405.0,409.8,True,laptop_ravi,0.9999480118735723,stand_cooler_mixed_withSwing,3.9039100543387e-05
406.0,410.8,True,laptop_ravi,0.9999905670170056,stand_cooler_mixed_withSwing,5.589381329699498e-06
407.0,411.8,True,laptop_ravi,0.9999915233559926,stand_cooler_mixed_withSwing,4.444124443935386e-06
408.0,412.8,True,laptop_ravi,0.9999926216244138,stand_cooler_mixed_withSwing,3.5243206679497873e-06
409.0,413.8,True,laptop_ravi,0.9999926216337416,stand_cooler_mixed_withSwing,3.5243206679826615e-06
410.0,414.8,True,laptop_ravi,0.9999930022114406,stand_cooler_mixed_withSwing,3.2517495586469817e-06
411.0,415.8,True,laptop_ravi,0.9999924173038862,stand_cooler_mixed_withSwing,3.78007809729533e-06
412.0,416.8,True,laptop_ravi,0.9999918563357681,stand_cooler_mixed_withSwing,4.065430613766794e-06
413.0,417.8,True,laptop_ravi,0.999991549602991,stand_cooler_mixed_withSwing,4.06471647573432e-06
414.0,418.8,True,laptop_ravi,0.9999915550522499,stand_cooler_mixed_withSwing,4.064716497884199e-06
415.0,419.8,True,laptop_ravi,0.999991899777068,stand_cooler_mixed_withSwing,4.065387800511014e-06
416.0,420.8,True,laptop_ravi,0.9999918637116845,stand_cooler_mixed_withSwing,4.065379038702266e-06
417.0,421.8,True,laptop_ravi,0.9999956577167602,stand_cooler_3_swing,7.413767933548137e-07
418.0,422.8,True,laptop_ravi,0.9999956921467045,stand_cooler_3_swing,7.413771790208492e-07
419.0,423.8,True,laptop_ravi,0.9999955921753935,stand_cooler_3_swing,7.413788941788556e-07
420.0,424.8,True,laptop_ravi,0.9999915550488874,stand_cooler_mixed_withSwing,4.064716497870532e-06
421.0,425.8,True,laptop_ravi,0.9999915550326164,stand_cooler_mixed_withSwing,4.0647172811117005e-06
422.0,426.8,True,laptop_ravi,0.9999912443465383,stand_cooler_mixed_withSwing,4.064716018249965e-06
423.0,427.8,True,laptop_ravi,0.9999912405162409,stand_cooler_mixed_withSwing,4.0647160026807575e-06
424.0,428.8,True,laptop_ravi,0.9999912405162409,stand_cooler_mixed_withSwing,4.0647160026807575e-06
425.0,429.8,True,laptop_ravi,0.9999915550488874,stand_cooler_mixed_withSwing,4.064716497870532e-06
426.0,430.8,True,laptop_ravi,0.9999918952085,stand_cooler_mixed_withSwing,4.064713190348377e-06
427.0,431.8,True,laptop_ravi,0.9999915495996009,stand_cooler_mixed_withSwing,4.0647164757205396e-06
428.0,432.8,True,laptop_ravi,0.9999922008826814,stand_cooler_mixed_withSwing,3.896566503111649e-06
429.0,433.8,True,laptop_ravi,0.9999920740089342,stand_cooler_mixed_withSwing,4.065388508836855e-06
430.0,434.8,True,laptop_ravi,0.9999920740089342,stand_cooler_mixed_withSwing,4.065388508836855e-06
431.0,435.8,True,laptop_ravi,0.9999918848126882,stand_cooler_mixed_withSwing,4.0653875552756795e-06
432.0,436.8,True,laptop_ravi,0.9999918864265515,stand_cooler_mixed_withSwing,4.065430736099783e-06
433.0,437.8,True,laptop_ravi,0.9999915495996009,stand_cooler_mixed_withSwing,4.0647164757205396e-06
434.0,438.8,True,laptop_ravi,0.9999918848126882,stand_cooler_mixed_withSwing,4.0653875552756795e-06
435.0,439.8,True,laptop_ravi,0.9999728538254381,stand_cooler_mixed_withSwing,1.391663959272483e-05
436.0,440.8,True,laptop_ravi,0.9999728539551381,stand_cooler_mixed_withSwing,1.3916509890953213e-05
437.0,441.8,True,laptop_ravi,0.9999848225490736,stand_cooler_2_swing,8.228082662678894e-06
438.0,442.8,True,laptop_ravi,0.9999848783575895,stand_cooler_2_swing,8.275378340111093e-06
439.0,443.8,True,laptop_ravi,0.9999966163849205,stand_cooler_mixed_withSwing,5.978750405530717e-07
440.0,444.8,True,laptop_ravi,0.9999966269835058,stand_cooler_mixed_withSwing,5.87299408761017e-07
441.0,445.8,True,laptop_ravi,0.9999962229202268,stand_cooler_3_swing,6.14417375335407e-07
442.0,446.8,True,laptop_ravi,0.9999958699618878,stand_cooler_3_swing,6.783780935570387e-07
443.0,447.8,True,laptop_ravi,0.9999958699618878,stand_cooler_3_swing,6.783780935570387e-07
444.0,448.8,True,laptop_ravi,0.9999588521559811,stand_cooler_2_swing,2.946505888266229e-05
445.0,449.8,True,laptop_ravi,0.9999540312573116,stand_cooler_2_swing,3.2146420962410885e-05
446.0,450.8,True,laptop_ravi,0.9999535192450456,stand_cooler_2_swing,3.2144991813968325e-05
447.0,451.8,True,laptop_ravi,0.9999535566379758,stand_cooler_2_swing,3.214503275512509e-05
448.0,452.8,True,laptop_ravi,0.9999535138203743,stand_cooler_2_swing,3.2144991639584204e-05
449.0,453.8,True,laptop_ravi,0.9999588521559811,stand_cooler_2_swing,2.946505888266229e-05
450.0,454.8,True,laptop_ravi,0.9999582158365506,stand_cooler_2_swing,2.9162217514702664e-05
451.0,455.8,True,laptop_ravi,0.9999733620994167,stand_cooler_mixed_withSwing,2.261355114898601e-05
452.0,456.8,True,laptop_ravi,0.9999918040624133,stand_cooler_mixed_withSwing,4.096461159955377e-06
453.0,457.8,True,laptop_ravi,0.9999909187616465,stand_cooler_mixed_withSwing,4.4049238286140095e-06
454.0,458.8,True,laptop_ravi,0.9999909187616465,stand_cooler_mixed_withSwing,4.4049238286140095e-06
455.0,459.8,True,laptop_ravi,0.9999909187685024,stand_cooler_mixed_withSwing,4.404922979776049e-06
456.0,460.8,True,laptop_ravi,0.9999908813256485,stand_cooler_mixed_withSwing,4.404922814841663e-06
457.0,461.8,True,laptop_ravi,0.9999834860775464,stand_cooler_mixed_withSwing,1.1795176123926273e-05
458.0,462.8,True,laptop_ravi,0.9999834708296166,stand_cooler_mixed_withSwing,1.1795175944071286e-05
459.0,463.8,True,laptop_ravi,0.9999833947830702,stand_cooler_mixed_withSwing,1.1795177320110031e-05
460.0,464.8,True,laptop_ravi,0.9999822831942667,stand_cooler_mixed_withSwing,1.2717677997908667e-05
461.0,465.8,True,laptop_ravi,0.9999822831445694,stand_cooler_mixed_withSwing,1.271767799727662e-05
462.0,466.8,True,laptop_ravi,0.9999832055872653,stand_cooler_mixed_withSwing,1.1795175088474906e-05
463.0,467.8,True,laptop_ravi,0.9999834708300125,stand_cooler_mixed_withSwing,1.1795175944075955e-05
464.0,468.8,True,laptop_ravi,0.9999834860775737,stand_cooler_mixed_withSwing,1.1795176123926595e-05
465.0,469.8,True,laptop_ravi,0.9999912081037883,stand_cooler_mixed_withSwing,4.405650024872853e-06
466.0,470.8,True,laptop_ravi,0.9999913957021969,stand_cooler_mixed_withSwing,4.405651051205626e-06
467.0,471.8,True,laptop_ravi,0.999984320671837,stand_cooler_mixed_withSwing,1.1293507192360004e-05
468.0,472.8,True,laptop_ravi,0.999983816994954,stand_cooler_mixed_withSwing,1.1797216491752763e-05
469.0,473.8,True,laptop_ravi,0.9999838170581075,stand_cooler_mixed_withSwing,1.17971234427028e-05
470.0,474.8,True,laptop_ravi,0.9999838017497514,stand_cooler_mixed_withSwing,1.1797216311898898e-05
471.0,475.8,True,laptop_ravi,0.9999840893763221,stand_cooler_mixed_withSwing,1.1519303742791708e-05
472.0,476.8,True,laptop_ravi,0.9999538345376874,stand_cooler_2_swing,3.214492639863215e-05
473.0,477.8,True,laptop_ravi,0.9999840776497976,stand_cooler_mixed_withSwing,1.1521214862160933e-05
474.0,478.8,True,laptop_ravi,0.9999913957021969,stand_cooler_mixed_withSwing,4.405651051205626e-06
475.0,479.8,True,laptop_ravi,0.9999911975644435,stand_cooler_mixed_withSwing,4.405696766276917e-06
476.0,480.8,True,laptop_ravi,0.9999912096439498,stand_cooler_mixed_withSwing,4.405696819496026e-06
477.0,481.8,True,laptop_ravi,0.9999912080989495,stand_cooler_mixed_withSwing,4.405684774410061e-06
478.0,482.8,True,laptop_ravi,0.9999913957021969,stand_cooler_mixed_withSwing,4.405651051205626e-06
479.0,483.8,True,laptop_ravi,0.9999912096439498,stand_cooler_mixed_withSwing,4.405696819496026e-06
480.0,484.8,True,laptop_ravi,0.9999912096439498,stand_cooler_mixed_withSwing,4.405696819496026e-06
481.0,485.8,True,laptop_ravi,0.9999918952085,stand_cooler_mixed_withSwing,4.064713190348377e-06
482.0,486.8,True,laptop_ravi,0.9999915495996284,stand_cooler_mixed_withSwing,4.064716475720651e-06
483.0,487.8,True,laptop_ravi,0.9999915495996009,stand_cooler_mixed_withSwing,4.0647164757205396e-06
484.0,488.8,True,laptop_ravi,0.9999914719415594,stand_cooler_mixed_withSwing,4.0453743867219816e-06
485.0,489.8,True,laptop_ravi,0.9999728539599232,stand_cooler_mixed_withSwing,1.3916527521815057e-05
486.0,490.8,True,laptop_ravi,0.9999829009277204,stand_cooler_2_swing,9.084729462583756e-06
487.0,491.8,True,laptop_ravi,0.9999844772991394,stand_cooler_2_swing,8.22808254135826e-06
488.0,492.8,True,laptop_ravi,0.9999964403967531,stand_cooler_3_swing,6.151089852084372e-07
489.0,493.8,True,laptop_ravi,0.9999961807003738,stand_cooler_3_swing,6.69450181789305e-07
490.0,494.8,True,laptop_ravi,0.9999961804592135,stand_cooler_3_swing,6.696842997359649e-07
491.0,495.8,True,laptop_ravi,0.9999955540416896,stand_cooler_mixed_withSwing,9.689140133573222e-07
492.0,496.8,True,laptop_ravi,0.9999845622604743,stand_cooler_2_swing,8.239916559164083e-06
493.0,497.8,True,laptop_ravi,0.9999828917332724,stand_cooler_2_swing,9.084729379053257e-06
494.0,498.8,True,laptop_ravi,0.9999925480661221,stand_cooler_mixed_withSwing,3.408388155125246e-06
495.0,499.8,True,laptop_ravi,0.9999953443186135,stand_cooler_3_swing,7.413787104222601e-07
496.0,500.8,True,laptop_ravi,0.9999953443186135,stand_cooler_3_swing,7.413787104222601e-07
497.0,501.8,True,laptop_ravi,0.9999953443186135,stand_cooler_3_swing,7.413787104222601e-07
498.0,502.8,True,laptop_ravi,0.9999955921760807,stand_cooler_3_swing,7.41378894179365e-07
499.0,503.8,True,laptop_ravi,0.9999955867266115,stand_cooler_3_swing,7.413788901392257e-07
500.0,504.8,True,laptop_ravi,0.9999955867259243,stand_cooler_3_swing,7.413788901387162e-07
501.0,505.8,True,laptop_ravi,0.9999955921753935,stand_cooler_3_swing,7.413788941788556e-07
502.0,506.8,True,laptop_ravi,0.9999954080025192,stand_cooler_3_swing,7.413787576363718e-07
503.0,507.8,True,laptop_ravi,0.9999953443204727,stand_cooler_3_swing,7.413787104236385e-07
504.0,508.8,True,laptop_ravi,0.9999953443204727,stand_cooler_3_swing,7.413787104236385e-07
505.0,509.8,True,laptop_ravi,0.9999953444269969,stand_cooler_3_swing,7.413787105026136e-07
506.0,510.8,True,laptop_ravi,0.9999953443532414,stand_cooler_3_swing,7.413787104479327e-07
507.0,511.8,True,laptop_ravi,0.9999954080025267,stand_cooler_3_swing,7.413787576363774e-07
508.0,512.8,True,laptop_ravi,0.9999954080025192,stand_cooler_3_swing,7.413787576363718e-07
509.0,513.8,True,laptop_ravi,0.9999954041721899,stand_cooler_3_swing,7.41378754796634e-07
510.0,514.8,True,laptop_ravi,0.9999956904374653,stand_cooler_3_swing,7.413812605959451e-07
511.0,515.8,True,laptop_ravi,0.9999958319533048,stand_cooler_3_swing,7.413769225303053e-07
512.0,516.8,True,laptop_ravi,0.9999920740089342,stand_cooler_mixed_withSwing,4.065388508836855e-06
513.0,517.8,True,laptop_ravi,0.9999918997737067,stand_cooler_mixed_withSwing,4.06538780049735e-06
514.0,518.8,True,laptop_ravi,0.9999915495996009,stand_cooler_mixed_withSwing,4.0647164757205396e-06
515.0,519.8,True,laptop_ravi,0.9999915495996284,stand_cooler_mixed_withSwing,4.064716475720651e-06
516.0,520.8,True,laptop_ravi,0.9999918743188416,stand_cooler_mixed_withSwing,4.065430686876327e-06
517.0,521.8,True,laptop_ravi,0.9999918952085,stand_cooler_mixed_withSwing,4.064713190348377e-06
518.0,522.8,True,laptop_ravi,0.9999918743188416,stand_cooler_mixed_withSwing,4.065430686876327e-06
519.0,523.8,True,laptop_ravi,0.9999918952085,stand_cooler_mixed_withSwing,4.064713190348377e-06
520.0,524.8,True,laptop_ravi,0.9999918848105787,stand_cooler_mixed_withSwing,4.065419621005881e-06
521.0,525.8,True,laptop_ravi,0.9999915495996009,stand_cooler_mixed_withSwing,4.0647164757205396e-06
522.0,526.8,True,laptop_ravi,0.9999918864265515,stand_cooler_mixed_withSwing,4.065430736099783e-06
523.0,527.8,True,laptop_ravi,0.9999918743188416,stand_cooler_mixed_withSwing,4.065430686876327e-06
524.0,528.8,True,laptop_ravi,0.9999918848126882,stand_cooler_mixed_withSwing,4.0653875552756795e-06
525.0,529.8,True,laptop_ravi,0.9999918743188416,stand_cooler_mixed_withSwing,4.065430686876327e-06
526.0,530.8,True,laptop_ravi,0.9999573266449041,stand_cooler_mixed_withSwing,2.9834074784403448e-05
527.0,531.8,True,laptop_ravi,0.9999477278706849,stand_cooler_mixed_withSwing,3.954411086733818e-05
528.0,532.8,True,laptop_ravi,0.9999376073115136,stand_cooler_mixed_withSwing,4.9540771925189374e-05
529.0,533.8,True,laptop_ravi,0.9999272715504204,stand_cooler_mixed_withSwing,5.999841575066814e-05
530.0,534.8,True,laptop_ravi,0.9999269850680237,stand_cooler_mixed_withSwing,6.0284901711534597e-05
531.0,535.8,True,stand_cooler_mixed_withSwing,0.9992958600403566,table_fan_mix,0.00012223434250355106
532.0,536.8,True,stand_cooler_mixed_withSwing,0.9992958600403566,table_fan_mix,0.00012223434250355106
533.0,537.8,True,stand_cooler_mixed_withSwing,0.629313355810017,stand_cooler_1_swing,0.07385526312064726
534.0,538.8,True,stand_cooler_mixed_withSwing,0.7151861191154355,stand_cooler_2_swing,0.18570224078188255
535.0,539.8,True,stand_cooler_mixed_withSwing,0.8176998212517312,stand_cooler_2_swing,0.12851087956353177
536.0,540.8,True,laptop_ravi,0.9999756357287036,stand_cooler_mixed_withSwing,1.0746542852369319e-05
537.0,541.8,True,laptop_ravi,0.9999756357287036,stand_cooler_mixed_withSwing,1.0746542852369319e-05
538.0,542.8,True,laptop_ravi,0.9999733640791306,stand_cooler_mixed_withSwing,1.5056072408922799e-05
539.0,543.8,True,laptop_ravi,0.9999865123439047,stand_cooler_mixed_withSwing,1.0327600467259712e-05
540.0,544.8,True,laptop_ravi,0.9999754327977833,stand_cooler_mixed_withSwing,1.3196445627125812e-05
541.0,545.8,True,laptop_ravi,0.9999739371118109,stand_cooler_mixed_withSwing,1.4737282883334668e-05
542.0,546.8,True,laptop_ravi,0.999954467833794,stand_cooler_mixed_withSwing,3.268339477905142e-05
543.0,547.8,True,laptop_ravi,0.9999544756763266,stand_cooler_mixed_withSwing,3.268339503538368e-05
544.0,548.8,True,laptop_ravi,0.9999885165882809,stand_cooler_mixed_withSwing,7.971807006341491e-06
545.0,549.8,True,laptop_ravi,0.9999916825250835,stand_cooler_mixed_withSwing,4.244653714241118e-06
546.0,550.8,True,laptop_ravi,0.9999913607816289,stand_cooler_mixed_withSwing,4.243908029976124e-06
547.0,551.8,True,laptop_ravi,0.9999913662007792,stand_cooler_mixed_withSwing,4.243908870813824e-06
548.0,552.8,True,laptop_ravi,0.9999914172961631,stand_cooler_mixed_withSwing,4.0647167212472305e-06
549.0,553.8,True,laptop_ravi,0.9999912226806019,stand_cooler_mixed_withSwing,4.064715930183315e-06
550.0,554.8,True,laptop_ravi,0.9999915372132393,stand_cooler_mixed_withSwing,4.064716425373066e-06
551.0,555.8,True,laptop_ravi,0.9999920634964751,stand_cooler_mixed_withSwing,4.065402723674658e-06
552.0,556.8,True,laptop_ravi,0.9999920740122954,stand_cooler_mixed_withSwing,4.0653885088505205e-06
553.0,557.8,True,laptop_ravi,0.9999920740122954,stand_cooler_mixed_withSwing,4.0653885088505205e-06
554.0,558.8,True,laptop_ravi,0.9999918952118623,stand_cooler_mixed_withSwing,4.064713190362044e-06
555.0,559.8,True,laptop_ravi,0.9999920560257628,stand_cooler_mixed_withSwing,4.065388435727698e-06
556.0,560.8,True,laptop_ravi,0.9999921836432314,stand_cooler_mixed_withSwing,3.896566435936461e-06
557.0,561.8,True,laptop_ravi,0.9999922008826814,stand_cooler_mixed_withSwing,3.896566503111649e-06
558.0,562.8,True,laptop_ravi,0.9999956577167602,stand_cooler_3_swing,7.413767933548137e-07
559.0,563.8,True,laptop_ravi,0.9999956904374653,stand_cooler_3_swing,7.413812605959451e-07
560.0,564.8,True,laptop_ravi,0.9999920740089342,stand_cooler_mixed_withSwing,4.065388508836855e-06
561.0,565.8,True,laptop_ravi,0.9999920740089342,stand_cooler_mixed_withSwing,4.065388508836855e-06
562.0,566.8,True,laptop_ravi,0.9999924340280103,stand_cooler_mixed_withSwing,3.7800781605143044e-06
563.0,567.8,True,laptop_ravi,0.9999918848105787,stand_cooler_mixed_withSwing,4.065419621005881e-06
564.0,568.8,True,laptop_ravi,0.9999920740089342,stand_cooler_mixed_withSwing,4.065388508836855e-06
565.0,569.8,True,laptop_ravi,0.9999918848105787,stand_cooler_mixed_withSwing,4.065419621005881e-06
566.0,570.8,True,laptop_ravi,0.9999918745825152,stand_cooler_mixed_withSwing,4.065435808632073e-06
567.0,571.8,True,laptop_ravi,0.9999915495996009,stand_cooler_mixed_withSwing,4.0647164757205396e-06
568.0,572.8,True,laptop_ravi,0.9999920740089342,stand_cooler_mixed_withSwing,4.065388508836855e-06
569.0,573.8,True,laptop_ravi,0.9999918997737067,stand_cooler_mixed_withSwing,4.06538780049735e-06
570.0,574.8,True,laptop_ravi,0.9999918997737067,stand_cooler_mixed_withSwing,4.06538780049735e-06
571.0,575.8,True,laptop_ravi,0.9999930185979493,stand_cooler_mixed_withSwing,3.251749611932177e-06
572.0,576.8,True,laptop_ravi,0.9999911225991818,stand_cooler_mixed_withSwing,5.157634484890385e-06
573.0,577.8,True,laptop_ravi,0.9999911225991818,stand_cooler_mixed_withSwing,5.157634484890385e-06
574.0,578.8,True,laptop_ravi,0.9999925273803456,stand_cooler_mixed_withSwing,3.7322790406238516e-06
575.0,579.8,True,laptop_ravi,0.9999922008826814,stand_cooler_mixed_withSwing,3.896566503111649e-06
576.0,580.8,True,laptop_ravi,0.9999925273803456,stand_cooler_mixed_withSwing,3.7322790406238516e-06
577.0,581.8,True,laptop_ravi,0.9999925273803456,stand_cooler_mixed_withSwing,3.7322790406238516e-06
578.0,582.8,True,laptop_ravi,0.9999925273803456,stand_cooler_mixed_withSwing,3.7322790406238516e-06
579.0,583.8,True,laptop_ravi,0.9999918997737067,stand_cooler_mixed_withSwing,4.06538780049735e-06
580.0,584.8,True,laptop_ravi,0.9999915495996009,stand_cooler_mixed_withSwing,4.0647164757205396e-06
581.0,585.8,True,laptop_ravi,0.9999918637116845,stand_cooler_mixed_withSwing,4.065379038702266e-06
582.0,586.8,True,laptop_ravi,0.9999924340280103,stand_cooler_mixed_withSwing,3.7800781605143044e-06
583.0,587.8,True,laptop_ravi,0.9999557332256908,stand_cooler_2_swing,3.0817006313004095e-05
584.0,588.8,True,laptop_ravi,0.9999839968743413,stand_cooler_mixed_withSwing,1.1797167472418292e-05
585.0,589.8,True,laptop_ravi,0.9999958693761011,stand_cooler_3_swing,7.413352484931998e-07
586.0,590.8,True,laptop_ravi,0.9999958142896823,stand_cooler_3_swing,7.413369968291832e-07
587.0,591.8,True,laptop_ravi,0.9999958142649723,stand_cooler_3_swing,7.413369968108646e-07
588.0,592.8,True,laptop_ravi,0.9999958142649723,stand_cooler_3_swing,7.413369968108646e-07
589.0,593.8,True,laptop_ravi,0.9999961079892393,stand_cooler_3_swing,6.794952558943678e-07
590.0,594.8,True,laptop_ravi,0.9999947133615589,stand_cooler_mixed_withSwing,1.069584357944519e-06
591.0,595.8,True,laptop_ravi,0.9999914395337693,stand_cooler_mixed_withSwing,4.045374255619221e-06
592.0,596.8,True,laptop_ravi,0.999962088477266,stand_cooler_2_swing,2.623610740957777e-05
593.0,597.8,True,laptop_ravi,0.9999842652449791,stand_cooler_mixed_withSwing,1.1521217546101918e-05
594.0,598.8,True,laptop_ravi,0.9999825805075778,stand_cooler_mixed_withSwing,1.2420240141933385e-05
595.0,599.8,True,laptop_ravi,0.9999825805075778,stand_cooler_mixed_withSwing,1.2420240141933385e-05
596.0,600.8,True,laptop_ravi,0.9999834813754771,stand_cooler_mixed_withSwing,1.1519312250680013e-05
597.0,601.8,True,laptop_ravi,0.9999834708300125,stand_cooler_mixed_withSwing,1.1795175944075955e-05
598.0,602.8,True,laptop_ravi,0.9999834860775464,stand_cooler_mixed_withSwing,1.1795176123926273e-05
599.0,603.8,True,laptop_ravi,0.9999914031373816,stand_cooler_mixed_withSwing,4.405666534860715e-06
600.0,604.8,True,laptop_ravi,0.9999913957021969,stand_cooler_mixed_withSwing,4.405651051205626e-06
601.0,605.8,True,laptop_ravi,0.9999845156782756,stand_cooler_mixed_withSwing,1.1293549514010914e-05
602.0,606.8,True,laptop_ravi,0.9999838064404047,stand_cooler_mixed_withSwing,1.179724860244855e-05
603.0,607.8,True,laptop_ravi,0.999983816994954,stand_cooler_mixed_withSwing,1.1797216491752763e-05
604.0,608.8,True,laptop_ravi,0.9999838017539169,stand_cooler_mixed_withSwing,1.1797216311948038e-05
605.0,609.8,True,laptop_ravi,0.9999573546224249,stand_cooler_2_swing,2.8636813795726168e-05
606.0,610.8,True,laptop_ravi,0.9999538449363458,stand_cooler_2_swing,3.214508186819187e-05
607.0,611.8,True,laptop_ravi,0.9999838170581075,stand_cooler_mixed_withSwing,1.17971234427028e-05
608.0,612.8,True,laptop_ravi,0.9999913957021969,stand_cooler_mixed_withSwing,4.405651051205626e-06
609.0,613.8,True,laptop_ravi,0.9999912096439498,stand_cooler_mixed_withSwing,4.405696819496026e-06
610.0,614.8,True,laptop_ravi,0.9999912096439498,stand_cooler_mixed_withSwing,4.405696819496026e-06
611.0,615.8,True,laptop_ravi,0.9999912081037883,stand_cooler_mixed_withSwing,4.405650024872853e-06
612.0,616.8,True,laptop_ravi,0.9999912080989495,stand_cooler_mixed_withSwing,4.405684774410061e-06
613.0,617.8,True,laptop_ravi,0.9999908759007315,stand_cooler_mixed_withSwing,4.404922790945104e-06
614.0,618.8,True,laptop_ravi,0.9999908813256485,stand_cooler_mixed_withSwing,4.404922814841663e-06
615.0,619.8,True,laptop_ravi,0.9999908813256485,stand_cooler_mixed_withSwing,4.404922814841663e-06
616.0,620.8,True,laptop_ravi,0.9999908759005646,stand_cooler_mixed_withSwing,4.404922790944369e-06
617.0,621.8,True,laptop_ravi,0.9999908759007042,stand_cooler_mixed_withSwing,4.404922790944984e-06
618.0,622.8,True,laptop_ravi,0.9999843323630963,stand_cooler_mixed_withSwing,1.12916338443504e-05
619.0,623.8,True,laptop_ravi,0.9999837912119839,stand_cooler_mixed_withSwing,1.1797248422792173e-05
620.0,624.8,True,laptop_ravi,0.9999838185197325,stand_cooler_mixed_withSwing,1.1797248744953689e-05
621.0,625.8,True,laptop_ravi,0.9999918848126882,stand_cooler_mixed_withSwing,4.0653875552756795e-06
622.0,626.8,True,laptop_ravi,0.9999918848126882,stand_cooler_mixed_withSwing,4.0653875552756795e-06
623.0,627.8,True,laptop_ravi,0.9999918864265515,stand_cooler_mixed_withSwing,4.065430736099783e-06
624.0,628.8,True,laptop_ravi,0.9999912443465383,stand_cooler_mixed_withSwing,4.064716018249965e-06
625.0,629.8,True,laptop_ravi,0.9999907594729669,stand_cooler_mixed_withSwing,4.5488998902081744e-06
626.0,630.8,True,laptop_ravi,0.9999915495996284,stand_cooler_mixed_withSwing,4.064716475720651e-06
627.0,631.8,True,laptop_ravi,0.9999918745825152,stand_cooler_mixed_withSwing,4.065435808632073e-06
628.0,632.8,True,laptop_ravi,0.9999956903199511,stand_cooler_3_swing,7.413869623126377e-07
629.0,633.8,True,laptop_ravi,0.9999956920516373,stand_cooler_3_swing,7.413828807227924e-07
630.0,634.8,True,laptop_ravi,0.999995407889593,stand_cooler_3_swing,7.413844593372138e-07
631.0,635.8,True,laptop_ravi,0.9999955921329524,stand_cooler_3_swing,7.413845959330045e-07
632.0,636.8,True,laptop_ravi,0.9999828917232572,stand_cooler_2_swing,9.084729378962268e-06
633.0,637.8,True,laptop_ravi,0.9999828917320905,stand_cooler_2_swing,9.084729379042518e-06
634.0,638.8,True,laptop_ravi,0.9999848963031002,stand_cooler_2_swing,8.22808231643888e-06
635.0,639.8,True,laptop_ravi,0.9999849665061732,stand_cooler_2_swing,8.275378111003024e-06
636.0,640.8,True,laptop_ravi,0.9999965824719008,stand_cooler_mixed_withSwing,4.725710241035222e-07
637.0,641.8,True,laptop_ravi,0.9999964796252919,stand_cooler_mixed_withSwing,4.6516340365237125e-07
638.0,642.8,True,laptop_ravi,0.9999967293006929,stand_cooler_mixed_withSwing,4.2642155160019616e-07
639.0,643.8,True,laptop_ravi,0.9999850962081342,stand_cooler_2_swing,8.27537918435193e-06
640.0,644.8,True,laptop_ravi,0.9999845263659467,stand_cooler_2_swing,8.275369572446134e-06
641.0,645.8,True,laptop_ravi,0.9999829418033073,stand_cooler_2_swing,9.13741455146791e-06
642.0,646.8,True,laptop_ravi,0.9999960703291401,stand_cooler_3_swing,6.791874476528138e-07
643.0,647.8,True,laptop_ravi,0.9999954080025267,stand_cooler_3_swing,7.413787576363774e-07
644.0,648.8,True,laptop_ravi,0.9999954080464316,stand_cooler_3_swing,7.413787576689277e-07
645.0,649.8,True,laptop_ravi,0.9999954080464316,stand_cooler_3_swing,7.413787576689277e-07
646.0,650.8,True,laptop_ravi,0.9999953443204727,stand_cooler_3_swing,7.413787104236385e-07
647.0,651.8,True,laptop_ravi,0.9999953444269969,stand_cooler_3_swing,7.413787105026136e-07
648.0,652.8,True,laptop_ravi,0.9999955204983569,stand_cooler_3_swing,7.413788410387792e-07
649.0,653.8,True,laptop_ravi,0.9999955921753935,stand_cooler_3_swing,7.413788941788556e-07
650.0,654.8,True,laptop_ravi,0.9999956921467045,stand_cooler_3_swing,7.413771790208492e-07
651.0,655.8,True,laptop_ravi,0.9999958195178398,stand_cooler_3_swing,7.107160749842348e-07
652.0,656.8,True,laptop_ravi,0.9999960606945416,stand_cooler_3_swing,6.795317041515853e-07
653.0,657.8,True,laptop_ravi,0.9999929606015252,stand_cooler_mixed_withSwing,3.3098017891155777e-06
654.0,658.8,True,laptop_ravi,0.9999926819667264,stand_cooler_mixed_withSwing,3.579431877994811e-06
655.0,659.8,True,laptop_ravi,0.9999918864265515,stand_cooler_mixed_withSwing,4.065430736099783e-06
656.0,660.8,True,laptop_ravi,0.9999915495996009,stand_cooler_mixed_withSwing,4.0647164757205396e-06
657.0,661.8,True,laptop_ravi,0.9999918864265515,stand_cooler_mixed_withSwing,4.065430736099783e-06
658.0,662.8,True,laptop_ravi,0.9999918864265515,stand_cooler_mixed_withSwing,4.065430736099783e-06
659.0,663.8,True,laptop_ravi,0.9999918864265515,stand_cooler_mixed_withSwing,4.065430736099783e-06
660.0,664.8,True,laptop_ravi,0.9999573266449041,stand_cooler_mixed_withSwing,2.9834074784403448e-05
661.0,665.8,True,laptop_ravi,0.9999573266449041,stand_cooler_mixed_withSwing,2.9834074784403448e-05
662.0,666.8,True,laptop_ravi,0.9999572425199367,stand_cooler_mixed_withSwing,3.0122607995362512e-05
663.0,667.8,True,laptop_ravi,0.9999572179701909,stand_cooler_mixed_withSwing,3.0122607255828522e-05
664.0,668.8,True,laptop_ravi,0.9999520779789618,stand_cooler_mixed_withSwing,3.526751255293546e-05
665.0,669.8,True,laptop_ravi,0.999984407970936,stand_cooler_mixed_withSwing,1.1642904934500423e-05
666.0,670.8,True,laptop_ravi,0.9999838724238831,stand_cooler_mixed_withSwing,1.2084569431953375e-05
667.0,671.8,True,laptop_ravi,0.9999523847269308,stand_cooler_mixed_withSwing,4.342017871717306e-05
668.0,672.8,True,laptop_ravi,0.9999412695471381,stand_cooler_mixed_withSwing,5.429961314127338e-05
669.0,673.8,True,laptop_ravi,0.9999747707685323,stand_cooler_mixed_withSwing,2.138334750406313e-05
670.0,674.8,True,laptop_ravi,0.9999270884899389,stand_cooler_mixed_withSwing,5.9998404766530417e-05
671.0,675.8,True,laptop_ravi,0.9999358345593439,stand_cooler_mixed_withSwing,5.12458852326175e-05
672.0,676.8,True,laptop_ravi,0.9999375838976637,stand_cooler_mixed_withSwing,4.9540770765176804e-05
673.0,677.8,True,laptop_ravi,0.9999630283995936,stand_cooler_mixed_withSwing,3.305913282224398e-05
674.0,678.8,True,laptop_ravi,0.9999928625340443,stand_cooler_mixed_withSwing,3.39549277815291e-06
675.0,679.8,True,laptop_ravi,0.9999928625340443,stand_cooler_mixed_withSwing,3.39549277815291e-06
676.0,680.8,True,laptop_ravi,0.9999928670587949,stand_cooler_mixed_withSwing,3.393001320021292e-06
677.0,681.8,True,laptop_ravi,0.9999929432816373,stand_cooler_mixed_withSwing,3.310135587994622e-06
678.0,682.8,True,laptop_ravi,0.9999921836432314,stand_cooler_mixed_withSwing,3.896566435936461e-06
679.0,683.8,True,laptop_ravi,0.9999918668294884,stand_cooler_mixed_withSwing,4.06538748216641e-06
680.0,684.8,True,laptop_ravi,0.9999915372132393,stand_cooler_mixed_withSwing,4.064716425373066e-06
681.0,685.8,True,laptop_ravi,0.9999911062259003,stand_cooler_mixed_withSwing,5.157625932136213e-06
682.0,686.8,True,laptop_ravi,0.9999731255723117,stand_cooler_mixed_withSwing,1.3589124016080084e-05
683.0,687.8,True,laptop_ravi,0.9999812332877582,stand_cooler_2_swing,8.241197299396548e-06
684.0,688.8,True,laptop_ravi,0.9999895217182384,stand_cooler_mixed_withSwing,7.546235162224653e-06
685.0,689.8,True,laptop_ravi,0.9999958959233587,stand_cooler_mixed_withSwing,1.5602714981796555e-06
686.0,690.8,True,laptop_ravi,0.9999958334932577,stand_cooler_mixed_withSwing,1.5592644881872902e-06
687.0,691.8,True,laptop_ravi,0.9999957363277894,stand_cooler_mixed_withSwing,1.5586493791779426e-06
688.0,692.8,True,laptop_ravi,0.9999873965142698,stand_cooler_mixed_withSwing,9.574976634498994e-06
689.0,693.8,True,laptop_ravi,0.9999848809205827,stand_cooler_2_swing,8.275368042882095e-06
690.0,694.8,True,laptop_ravi,0.9999728286842325,stand_cooler_mixed_withSwing,1.3916639242834236e-05
691.0,695.8,True,laptop_ravi,0.9999730976357107,stand_cooler_mixed_withSwing,1.3589123636435946e-05
692.0,696.8,True,laptop_ravi,0.9999918817891155,stand_cooler_mixed_withSwing,4.065387727382419e-06
693.0,697.8,True,laptop_ravi,0.9999929442150184,stand_cooler_mixed_withSwing,3.3098017348791065e-06
694.0,698.8,True,laptop_ravi,0.9999922008859035,stand_cooler_mixed_withSwing,3.896566503124204e-06
695.0,699.8,True,laptop_ravi,0.9999918637116845,stand_cooler_mixed_withSwing,4.065379038702266e-06
696.0,700.8,True,laptop_ravi,0.9999922008826814,stand_cooler_mixed_withSwing,3.896566503111649e-06
697.0,701.8,True,laptop_ravi,0.9999922008826814,stand_cooler_mixed_withSwing,3.896566503111649e-06
698.0,702.8,True,laptop_ravi,0.9999959453155706,stand_cooler_3_swing,6.894709629780798e-07
699.0,703.8,True,laptop_ravi,0.9999959453155706,stand_cooler_3_swing,6.894709629780798e-07
700.0,704.8,True,laptop_ravi,0.9999958319533048,stand_cooler_3_swing,7.413769225303053e-07
701.0,705.8,True,laptop_ravi,0.9999915495996009,stand_cooler_mixed_withSwing,4.0647164757205396e-06
702.0,706.8,True,laptop_ravi,0.9999918997737067,stand_cooler_mixed_withSwing,4.06538780049735e-06
703.0,707.8,True,laptop_ravi,0.9999918997737067,stand_cooler_mixed_withSwing,4.06538780049735e-06
704.0,708.8,True,laptop_ravi,0.9999918637116845,stand_cooler_mixed_withSwing,4.065379038702266e-06
705.0,709.8,True,laptop_ravi,0.9999930227539159,stand_cooler_mixed_withSwing,3.249483139022381e-06
706.0,710.8,True,laptop_ravi,0.9999852196999149,stand_cooler_mixed_withSwing,1.1064041071736642e-05
707.0,711.8,True,laptop_ravi,0.9999911225991818,stand_cooler_mixed_withSwing,5.157634484890385e-06
708.0,712.8,True,laptop_ravi,0.9999922008826814,stand_cooler_mixed_withSwing,3.896566503111649e-06
709.0,713.8,True,laptop_ravi,0.9999924340280103,stand_cooler_mixed_withSwing,3.7800781605143044e-06
710.0,714.8,True,laptop_ravi,0.9999925273803456,stand_cooler_mixed_withSwing,3.7322790406238516e-06
711.0,715.8,True,laptop_ravi,0.9999925273803456,stand_cooler_mixed_withSwing,3.7322790406238516e-06
712.0,716.8,True,laptop_ravi,0.9999924340280103,stand_cooler_mixed_withSwing,3.7800781605143044e-06
713.0,717.8,True,laptop_ravi,0.9999920740089342,stand_cooler_mixed_withSwing,4.065388508836855e-06
714.0,718.8,True,laptop_ravi,0.9999915550488874,stand_cooler_mixed_withSwing,4.064716497870532e-06
715.0,719.8,True,laptop_ravi,0.9999915495996284,stand_cooler_mixed_withSwing,4.064716475720651e-06
716.0,720.8,True,laptop_ravi,0.9999918997737067,stand_cooler_mixed_withSwing,4.06538780049735e-06
717.0,721.8,True,laptop_ravi,0.9999930227539159,stand_cooler_mixed_withSwing,3.249483139022381e-06
718.0,722.8,True,laptop_ravi,0.9999852196999149,stand_cooler_mixed_withSwing,1.1064041071736642e-05
719.0,723.8,True,laptop_ravi,0.9999911225991818,stand_cooler_mixed_withSwing,5.157634484890385e-06
720.0,724.8,True,laptop_ravi,0.9999922008826814,stand_cooler_mixed_withSwing,3.896566503111649e-06
721.0,725.8,True,laptop_ravi,0.9999918848126882,stand_cooler_mixed_withSwing,4.0653875552756795e-06
722.0,726.8,True,laptop_ravi,0.9999924340280103,stand_cooler_mixed_withSwing,3.7800781605143044e-06
723.0,727.8,True,laptop_ravi,0.9999918040624133,stand_cooler_mixed_withSwing,4.096461159955377e-06
724.0,728.8,True,laptop_ravi,0.99999155150488,stand_cooler_mixed_withSwing,4.2226992007866606e-06
725.0,729.8,True,laptop_ravi,0.9999843348182865,stand_cooler_mixed_withSwing,1.1293507864379166e-05
726.0,730.8,True,laptop_ravi,0.9999834860775737,stand_cooler_mixed_withSwing,1.1795176123926595e-05
727.0,731.8,True,laptop_ravi,0.9999822826121674,stand_cooler_mixed_withSwing,1.2717677990505584e-05
728.0,732.8,True,laptop_ravi,0.9999832056397766,stand_cooler_mixed_withSwing,1.1795175089094297e-05
729.0,733.8,True,laptop_ravi,0.9999832056397766,stand_cooler_mixed_withSwing,1.1795175089094297e-05
730.0,734.8,True,laptop_ravi,0.9999851057308551,stand_cooler_mixed_withSwing,1.0830501253562493e-05
731.0,735.8,True,laptop_ravi,0.9999854303522933,stand_cooler_mixed_withSwing,1.0541641121799544e-05
732.0,736.8,True,laptop_ravi,0.9999951322894717,stand_cooler_mixed_withSwing,1.0697841571963212e-06
733.0,737.8,True,laptop_ravi,0.9999925656736606,stand_cooler_mixed_withSwing,3.4342853709155172e-06
734.0,738.8,True,laptop_ravi,0.999996054317388,stand_cooler_3_swing,6.811356504581214e-07
735.0,739.8,True,laptop_ravi,0.9999958766922632,stand_cooler_3_swing,7.41341597911823e-07
736.0,740.8,True,laptop_ravi,0.9999958767143349,stand_cooler_3_swing,7.413393365447283e-07
737.0,741.8,True,laptop_ravi,0.9999958699618878,stand_cooler_3_swing,6.783780935570387e-07
738.0,742.8,True,laptop_ravi,0.9999936187183254,stand_cooler_mixed_withSwing,2.9253130045035695e-06
739.0,743.8,True,laptop_ravi,0.999909958828608,stand_cooler_2_swing,6.193984910832883e-05
740.0,744.8,True,laptop_ravi,0.9999472044312433,stand_cooler_2_swing,2.9392362099844042e-05
741.0,745.8,True,laptop_ravi,0.9999839968337628,stand_cooler_mixed_withSwing,1.1797167471939573e-05
742.0,746.8,True,laptop_ravi,0.9999845156784942,stand_cooler_mixed_withSwing,1.1293549514013384e-05
743.0,747.8,True,laptop_ravi,0.9999843323627844,stand_cooler_mixed_withSwing,1.1291633844346878e-05
744.0,748.8,True,laptop_ravi,0.9999843100597839,stand_cooler_mixed_withSwing,1.1293627009131346e-05
745.0,749.8,True,laptop_ravi,0.9999912081037883,stand_cooler_mixed_withSwing,4.405650024872853e-06
746.0,750.8,True,laptop_ravi,0.9999911978220345,stand_cooler_mixed_withSwing,4.405702316683632e-06
747.0,751.8,True,laptop_ravi,0.9999908759007315,stand_cooler_mixed_withSwing,4.404922790945104e-06
748.0,752.8,True,laptop_ravi,0.9999908813256485,stand_cooler_mixed_withSwing,4.404922814841663e-06
749.0,753.8,True,laptop_ravi,0.9999909187616465,stand_cooler_mixed_withSwing,4.4049238286140095e-06
750.0,754.8,True,laptop_ravi,0.9999908759007042,stand_cooler_mixed_withSwing,4.404922790944984e-06
751.0,755.8,True,laptop_ravi,0.9999912186522844,stand_cooler_mixed_withSwing,4.404919218010285e-06
752.0,756.8,True,laptop_ravi,0.9999838288325876,stand_cooler_mixed_withSwing,1.1795166556656943e-05
753.0,757.8,True,laptop_ravi,0.9999834708296166,stand_cooler_mixed_withSwing,1.1795175944071286e-05
754.0,758.8,True,laptop_ravi,0.9999834860775737,stand_cooler_mixed_withSwing,1.1795176123926595e-05
755.0,759.8,True,laptop_ravi,0.9999839896083182,stand_cooler_mixed_withSwing,1.1291643003200292e-05
756.0,760.8,True,laptop_ravi,0.9999908759005646,stand_cooler_mixed_withSwing,4.404922790944369e-06
757.0,761.8,True,laptop_ravi,0.9999907998510013,stand_cooler_mixed_withSwing,4.404923304816917e-06
758.0,762.8,True,laptop_ravi,0.9999906106520703,stand_cooler_mixed_withSwing,4.40492247140247e-06
759.0,763.8,True,laptop_ravi,0.9999909187685024,stand_cooler_mixed_withSwing,4.404922979776049e-06
760.0,764.8,True,laptop_ravi,0.9999909187685024,stand_cooler_mixed_withSwing,4.404922979776049e-06
761.0,765.8,True,laptop_ravi,0.9999909187685024,stand_cooler_mixed_withSwing,4.404922979776049e-06
762.0,766.8,True,laptop_ravi,0.9999915550326164,stand_cooler_mixed_withSwing,4.0647172811117005e-06
763.0,767.8,True,laptop_ravi,0.9999915550326164,stand_cooler_mixed_withSwing,4.0647172811117005e-06
764.0,768.8,True,laptop_ravi,0.9999907593893309,stand_cooler_mixed_withSwing,4.5488998898277194e-06
765.0,769.8,True,laptop_ravi,0.9999907593893309,stand_cooler_mixed_withSwing,4.5488998898277194e-06
766.0,770.8,True,laptop_ravi,0.9999915495996009,stand_cooler_mixed_withSwing,4.0647164757205396e-06
767.0,771.8,True,laptop_ravi,0.9999925273803456,stand_cooler_mixed_withSwing,3.7322790406238516e-06
768.0,772.8,True,laptop_ravi,0.9999930185979493,stand_cooler_mixed_withSwing,3.251749611932177e-06
769.0,773.8,True,laptop_ravi,0.9999960168300355,stand_cooler_3_swing,6.811721933869357e-07
770.0,774.8,True,laptop_ravi,0.9999957046813815,stand_cooler_3_swing,7.413781221283193e-07
771.0,775.8,True,laptop_ravi,0.9999955921644188,stand_cooler_3_swing,7.413788941707191e-07
772.0,776.8,True,laptop_ravi,0.9999955921753935,stand_cooler_3_swing,7.413788941788556e-07
773.0,777.8,True,laptop_ravi,0.9999955921644188,stand_cooler_3_swing,7.413788941707191e-07
774.0,778.8,True,laptop_ravi,0.9999954080025267,stand_cooler_3_swing,7.413787576363774e-07
775.0,779.8,True,laptop_ravi,0.9999954080025267,stand_cooler_3_swing,7.413787576363774e-07
776.0,780.8,True,laptop_ravi,0.9999955204983569,stand_cooler_3_swing,7.413788410387792e-07
777.0,781.8,True,laptop_ravi,0.9999954080025192,stand_cooler_3_swing,7.413787576363718e-07
778.0,782.8,True,laptop_ravi,0.9999954080025267,stand_cooler_3_swing,7.413787576363774e-07
779.0,783.8,True,laptop_ravi,0.9999959946052707,stand_cooler_3_swing,6.81175363221879e-07
780.0,784.8,True,laptop_ravi,0.9999829418021376,stand_cooler_2_swing,9.137414551457222e-06
781.0,785.8,True,laptop_ravi,0.9999829557746805,stand_cooler_2_swing,9.13740328583374e-06
782.0,786.8,True,laptop_ravi,0.9999922701647418,stand_cooler_mixed_withSwing,4.019810494717173e-06
783.0,787.8,True,laptop_ravi,0.9999968241630279,table_pv_2,4.050572288060185e-07
784.0,788.8,True,laptop_ravi,0.9999965661056216,stand_cooler_mixed_withSwing,4.878990179247698e-07
785.0,789.8,True,laptop_ravi,0.9999965611285104,stand_cooler_mixed_withSwing,4.878990154964339e-07
786.0,790.8,True,laptop_ravi,0.9999955605691171,stand_cooler_mixed_withSwing,9.686631946769238e-07
787.0,791.8,True,laptop_ravi,0.9999845264468356,stand_cooler_2_swing,8.275408041815395e-06
788.0,792.8,True,laptop_ravi,0.9999828916795501,stand_cooler_2_swing,9.084729793294198e-06
789.0,793.8,True,laptop_ravi,0.9999914357356486,stand_cooler_mixed_withSwing,4.405512347513285e-06
790.0,794.8,True,laptop_ravi,0.9999957046813815,stand_cooler_3_swing,7.413781221283193e-07
791.0,795.8,True,laptop_ravi,0.9999955867261694,stand_cooler_3_swing,7.41378890138898e-07
792.0,796.8,True,laptop_ravi,0.9999958319533048,stand_cooler_3_swing,7.413769225303053e-07
793.0,797.8,True,laptop_ravi,0.9999958195178398,stand_cooler_3_swing,7.107160749842348e-07
794.0,798.8,True,laptop_ravi,0.9999573266449041,stand_cooler_mixed_withSwing,2.9834074784403448e-05
795.0,799.8,True,laptop_ravi,0.9999573266449041,stand_cooler_mixed_withSwing,2.9834074784403448e-05
796.0,800.8,True,laptop_ravi,0.999957217964197,stand_cooler_mixed_withSwing,3.0122607255647965e-05
797.0,801.8,True,laptop_ravi,0.9999520779788,stand_cooler_mixed_withSwing,3.526751255292975e-05
798.0,802.8,True,laptop_ravi,0.9999858967537428,stand_cooler_mixed_withSwing,1.0458684784702808e-05
799.0,803.8,True,laptop_ravi,0.9999844025798573,stand_cooler_mixed_withSwing,1.1642904871731628e-05
800.0,804.8,True,laptop_ravi,0.9999838396069852,stand_cooler_mixed_withSwing,1.2084569035368899e-05
801.0,805.8,True,laptop_ravi,0.9999639210297381,stand_cooler_mixed_withSwing,3.212753973953397e-05
802.0,806.8,True,laptop_ravi,0.9999668613019208,stand_cooler_mixed_withSwing,2.920758439204616e-05
803.0,807.8,True,laptop_ravi,0.9999868269963184,stand_cooler_mixed_withSwing,9.512956345221252e-06
804.0,808.8,True,laptop_ravi,0.9999570772910087,stand_cooler_mixed_withSwing,3.012260301802347e-05
805.0,809.8,True,laptop_ravi,0.9999570773347176,stand_cooler_mixed_withSwing,3.0122603019340148e-05
806.0,810.8,True,laptop_ravi,0.9999573016369396,stand_cooler_mixed_withSwing,2.983435209550614e-05
807.0,811.8,True,laptop_ravi,0.9999914216914905,stand_cooler_mixed_withSwing,4.151438183242307e-06
808.0,812.8,True,laptop_ravi,0.9999908832247286,stand_cooler_mixed_withSwing,5.38507173172733e-06
809.0,813.8,True,laptop_ravi,0.9999928020315335,stand_cooler_mixed_withSwing,3.4560618814003755e-06
810.0,814.8,True,laptop_ravi,0.9999923490996079,stand_cooler_mixed_withSwing,3.8972940862091975e-06
811.0,815.8,True,laptop_ravi,0.9999921836432314,stand_cooler_mixed_withSwing,3.896566435936461e-06
812.0,816.8,True,laptop_ravi,0.9999918817905417,stand_cooler_mixed_withSwing,4.065387727388217e-06
813.0,817.8,True,laptop_ravi,0.9999918684434789,stand_cooler_mixed_withSwing,4.065430662990253e-06
814.0,818.8,True,laptop_ravi,0.9999915372132393,stand_cooler_mixed_withSwing,4.064716425373066e-06
815.0,819.8,True,laptop_ravi,0.9999915372118124,stand_cooler_mixed_withSwing,4.064716425367267e-06
816.0,820.8,True,laptop_ravi,0.9999915372118124,stand_cooler_mixed_withSwing,4.064716425367267e-06
817.0,821.8,True,laptop_ravi,0.9999915372118124,stand_cooler_mixed_withSwing,4.064716425367267e-06
818.0,822.8,True,laptop_ravi,0.9999915372132393,stand_cooler_mixed_withSwing,4.064716425373066e-06
819.0,823.8,True,laptop_ravi,0.9999915372132393,stand_cooler_mixed_withSwing,4.064716425373066e-06
820.0,824.8,True,laptop_ravi,0.999991531763981,stand_cooler_mixed_withSwing,4.0647164032231895e-06
821.0,825.8,True,laptop_ravi,0.999991531763981,stand_cooler_mixed_withSwing,4.0647164032231895e-06
822.0,826.8,True,laptop_ravi,0.999991549602991,stand_cooler_mixed_withSwing,4.06471647573432e-06
823.0,827.8,True,laptop_ravi,0.999991531763981,stand_cooler_mixed_withSwing,4.0647164032231895e-06
824.0,828.8,True,laptop_ravi,0.999991531763981,stand_cooler_mixed_withSwing,4.0647164032231895e-06
825.0,829.8,True,laptop_ravi,0.9999915372132393,stand_cooler_mixed_withSwing,4.064716425373066e-06
826.0,830.8,True,laptop_ravi,0.9999915372132393,stand_cooler_mixed_withSwing,4.064716425373066e-06
827.0,831.8,True,laptop_ravi,0.9999918848160493,stand_cooler_mixed_withSwing,4.065387555289344e-06
828.0,832.8,True,laptop_ravi,0.9999922008824458,stand_cooler_mixed_withSwing,3.896566503110731e-06
829.0,833.8,True,laptop_ravi,0.9999911225903196,stand_cooler_mixed_withSwing,5.157632550723372e-06
830.0,834.8,True,laptop_ravi,0.9999914719322799,stand_cooler_mixed_withSwing,4.04537286966248e-06
831.0,835.8,True,laptop_ravi,0.9999935803397223,stand_cooler_mixed_withSwing,3.105479989690776e-06
832.0,836.8,True,laptop_ravi,0.9999968312080709,table_pv_2,4.048335489101006e-07
833.0,837.8,True,laptop_ravi,0.9999964603534548,stand_cooler_mixed_withSwing,4.82030156860258e-07
834.0,838.8,True,laptop_ravi,0.9999964167860071,stand_cooler_mixed_withSwing,4.880131716918406e-07
835.0,839.8,True,laptop_ravi,0.9999945378291848,stand_cooler_mixed_withSwing,2.645263367827676e-06
836.0,840.8,True,laptop_ravi,0.9999945378224558,stand_cooler_mixed_withSwing,2.645263367809876e-06
837.0,841.8,True,laptop_ravi,0.9999852196999149,stand_cooler_mixed_withSwing,1.1064041071736642e-05
838.0,842.8,True,laptop_ravi,0.9999911225991818,stand_cooler_mixed_withSwing,5.157634484890385e-06
839.0,843.8,True,laptop_ravi,0.9999935973012768,stand_cooler_mixed_withSwing,2.903253830051607e-06
840.0,844.8,True,laptop_ravi,0.9999958325528766,stand_cooler_3_swing,6.784144885960664e-07
841.0,845.8,True,laptop_ravi,0.9999958325528766,stand_cooler_3_swing,6.784144885960664e-07
842.0,846.8,True,laptop_ravi,0.9999924340280103,stand_cooler_mixed_withSwing,3.7800781605143044e-06
843.0,847.8,True,laptop_ravi,0.9999925273803456,stand_cooler_mixed_withSwing,3.7322790406238516e-06
844.0,848.8,True,laptop_ravi,0.9999929606015252,stand_cooler_mixed_withSwing,3.3098017891155777e-06
845.0,849.8,True,laptop_ravi,0.9999929606015252,stand_cooler_mixed_withSwing,3.3098017891155777e-06
846.0,850.8,True,laptop_ravi,0.9999924340280103,stand_cooler_mixed_withSwing,3.7800781605143044e-06
847.0,851.8,True,laptop_ravi,0.9999918864265515,stand_cooler_mixed_withSwing,4.065430736099783e-06
848.0,852.8,True,laptop_ravi,0.9999915550488874,stand_cooler_mixed_withSwing,4.064716497870532e-06
849.0,853.8,True,laptop_ravi,0.9999915495994621,stand_cooler_mixed_withSwing,4.0647164757199754e-06
850.0,854.8,True,laptop_ravi,0.9999922008826814,stand_cooler_mixed_withSwing,3.896566503111649e-06
851.0,855.8,True,laptop_ravi,0.9999911225991818,stand_cooler_mixed_withSwing,5.157634484890385e-06
852.0,856.8,True,laptop_ravi,0.9999852196999149,stand_cooler_mixed_withSwing,1.1064041071736642e-05
853.0,857.8,True,laptop_ravi,0.9999930227539159,stand_cooler_mixed_withSwing,3.249483139022381e-06
854.0,858.8,True,laptop_ravi,0.9999920740089342,stand_cooler_mixed_withSwing,4.065388508836855e-06
855.0,859.8,True,laptop_ravi,0.9999915550326164,stand_cooler_mixed_withSwing,4.0647172811117005e-06
856.0,860.8,True,laptop_ravi,0.9999915550326164,stand_cooler_mixed_withSwing,4.0647172811117005e-06
857.0,861.8,True,laptop_ravi,0.9999915550488874,stand_cooler_mixed_withSwing,4.064716497870532e-06
858.0,862.8,True,laptop_ravi,0.9999915495996284,stand_cooler_mixed_withSwing,4.064716475720651e-06
859.0,863.8,True,laptop_ravi,0.9999915495996284,stand_cooler_mixed_withSwing,4.064716475720651e-06
860.0,864.8,True,laptop_ravi,0.9999915550488874,stand_cooler_mixed_withSwing,4.064716497870532e-06
861.0,865.8,True,laptop_ravi,0.9999912443465383,stand_cooler_mixed_withSwing,4.064716018249965e-06
862.0,866.8,True,laptop_ravi,0.9999915495996284,stand_cooler_mixed_withSwing,4.064716475720651e-06
863.0,867.8,True,laptop_ravi,0.9999920814796802,stand_cooler_mixed_withSwing,4.06540279678421e-06
864.0,868.8,True,laptop_ravi,0.999984917534358,stand_cooler_mixed_withSwing,1.0969205926829972e-05
865.0,869.8,True,laptop_ravi,0.9999849175381978,stand_cooler_mixed_withSwing,1.0969205926872093e-05
866.0,870.8,True,laptop_ravi,0.9999838064404047,stand_cooler_mixed_withSwing,1.179724860244855e-05
867.0,871.8,True,laptop_ravi,0.9999845156782756,stand_cooler_mixed_withSwing,1.1293549514010914e-05
868.0,872.8,True,laptop_ravi,0.9999845156782756,stand_cooler_mixed_withSwing,1.1293549514010914e-05
869.0,873.8,True,laptop_ravi,0.999984320671837,stand_cooler_mixed_withSwing,1.1293507192360004e-05
870.0,874.8,True,laptop_ravi,0.999983816994954,stand_cooler_mixed_withSwing,1.1797216491752763e-05
871.0,875.8,True,laptop_ravi,0.9999838170581075,stand_cooler_mixed_withSwing,1.17971234427028e-05
872.0,876.8,True,laptop_ravi,0.9999837911971342,stand_cooler_mixed_withSwing,1.1797248422616986e-05
873.0,877.8,True,laptop_ravi,0.9999840791122571,stand_cooler_mixed_withSwing,1.1521337233879394e-05
874.0,878.8,True,laptop_ravi,0.9999840776497976,stand_cooler_mixed_withSwing,1.1521214862160933e-05
875.0,879.8,True,laptop_ravi,0.9999914031373816,stand_cooler_mixed_withSwing,4.405666534860715e-06
876.0,880.8,True,laptop_ravi,0.9999912081037883,stand_cooler_mixed_withSwing,4.405650024872853e-06
877.0,881.8,True,laptop_ravi,0.9999912186522844,stand_cooler_mixed_withSwing,4.404919218010285e-06
878.0,882.8,True,laptop_ravi,0.9999838620670553,stand_cooler_mixed_withSwing,1.1507526151236398e-05
879.0,883.8,True,laptop_ravi,0.9999816596359585,stand_cooler_mixed_withSwing,1.3589262301819235e-05
880.0,884.8,True,laptop_ravi,0.9999829546701327,stand_cooler_2_swing,9.137403275740868e-06
881.0,885.8,True,laptop_ravi,0.9999936187183254,stand_cooler_mixed_withSwing,2.9253130045035695e-06
882.0,886.8,True,laptop_ravi,0.9999958088677293,stand_cooler_3_swing,7.41336992809672e-07
883.0,887.8,True,laptop_ravi,0.9999956906555003,stand_cooler_3_swing,7.413369051742063e-07
884.0,888.8,True,laptop_ravi,0.9999958718967263,stand_cooler_3_swing,7.413371516117351e-07
885.0,889.8,True,laptop_ravi,0.9999951311859439,stand_cooler_mixed_withSwing,1.0697841560157788e-06
886.0,890.8,True,laptop_ravi,0.9999914468745983,stand_cooler_mixed_withSwing,4.438985766874202e-06
887.0,891.8,True,laptop_ravi,0.9999617510243992,stand_cooler_mixed_withSwing,2.45353087955663e-05
888.0,892.8,True,laptop_ravi,0.9999733457536572,stand_cooler_mixed_withSwing,2.2613550779340493e-05
889.0,893.8,True,laptop_ravi,0.9999834860775737,stand_cooler_mixed_withSwing,1.1795176123926595e-05
890.0,894.8,True,laptop_ravi,0.9999908759005646,stand_cooler_mixed_withSwing,4.404922790944369e-06
891.0,895.8,True,laptop_ravi,0.9999907998510013,stand_cooler_mixed_withSwing,4.404923304816917e-06
892.0,896.8,True,laptop_ravi,0.9999906106520703,stand_cooler_mixed_withSwing,4.40492247140247e-06
893.0,897.8,True,laptop_ravi,0.9999902655948001,stand_cooler_mixed_withSwing,4.749435046120886e-06
894.0,898.8,True,laptop_ravi,0.9999902655947721,stand_cooler_mixed_withSwing,4.749435046120753e-06
895.0,899.8,True,laptop_ravi,0.9999902656589744,stand_cooler_mixed_withSwing,4.749435046425681e-06
896.0,900.8,True,laptop_ravi,0.9999902656589744,stand_cooler_mixed_withSwing,4.749435046425681e-06
897.0,901.8,True,laptop_ravi,0.9999902656589744,stand_cooler_mixed_withSwing,4.749435046425681e-06
898.0,902.8,True,laptop_ravi,0.9999902656589744,stand_cooler_mixed_withSwing,4.749435046425681e-06
899.0,903.8,True,laptop_ravi,0.9999902655419464,stand_cooler_mixed_withSwing,4.749435045869858e-06
900.0,904.8,True,laptop_ravi,0.9999912096439498,stand_cooler_mixed_withSwing,4.405696819496026e-06
901.0,905.8,True,laptop_ravi,0.9999912096439498,stand_cooler_mixed_withSwing,4.405696819496026e-06
902.0,906.8,True,laptop_ravi,0.9999918952085,stand_cooler_mixed_withSwing,4.064713190348377e-06
903.0,907.8,True,laptop_ravi,0.9999915495996284,stand_cooler_mixed_withSwing,4.064716475720651e-06
904.0,908.8,True,laptop_ravi,0.9999915550488874,stand_cooler_mixed_withSwing,4.064716497870532e-06
905.0,909.8,True,laptop_ravi,0.9999907594202281,stand_cooler_mixed_withSwing,4.5488998899682685e-06
906.0,910.8,True,laptop_ravi,0.9999907594729669,stand_cooler_mixed_withSwing,4.5488998902081744e-06
907.0,911.8,True,laptop_ravi,0.9999915495996284,stand_cooler_mixed_withSwing,4.064716475720651e-06
908.0,912.8,True,laptop_ravi,0.9999918997737067,stand_cooler_mixed_withSwing,4.06538780049735e-06
909.0,913.8,True,laptop_ravi,0.9999956577167602,stand_cooler_3_swing,7.413767933548137e-07
910.0,914.8,True,laptop_ravi,0.9999956577167602,stand_cooler_3_swing,7.413767933548137e-07
911.0,915.8,True,laptop_ravi,0.9999955867261527,stand_cooler_3_swing,7.413788901388856e-07
912.0,916.8,True,laptop_ravi,0.9999955921753935,stand_cooler_3_swing,7.413788941788556e-07
913.0,917.8,True,laptop_ravi,0.9999955921753935,stand_cooler_3_swing,7.413788941788556e-07
914.0,918.8,True,laptop_ravi,0.9999954080025267,stand_cooler_3_swing,7.413787576363774e-07
915.0,919.8,True,laptop_ravi,0.9999954080025267,stand_cooler_3_swing,7.413787576363774e-07
916.0,920.8,True,laptop_ravi,0.9999954080025192,stand_cooler_3_swing,7.413787576363718e-07
917.0,921.8,True,laptop_ravi,0.9999955921753935,stand_cooler_3_swing,7.413788941788556e-07
918.0,922.8,True,laptop_ravi,0.9999955867259243,stand_cooler_3_swing,7.413788901387162e-07
919.0,923.8,True,laptop_ravi,0.9999955867261694,stand_cooler_3_swing,7.41378890138898e-07
920.0,924.8,True,laptop_ravi,0.9999955867261527,stand_cooler_3_swing,7.413788901388856e-07
921.0,925.8,True,laptop_ravi,0.9999956921473919,stand_cooler_3_swing,7.413771790213589e-07
922.0,926.8,True,laptop_ravi,0.9999955867261527,stand_cooler_3_swing,7.413788901388856e-07
923.0,927.8,True,laptop_ravi,0.9999955867259243,stand_cooler_3_swing,7.413788901387162e-07
924.0,928.8,True,laptop_ravi,0.9999955921753935,stand_cooler_3_swing,7.413788941788556e-07
925.0,929.8,True,laptop_ravi,0.9999955921753935,stand_cooler_3_swing,7.413788941788556e-07
926.0,930.8,True,laptop_ravi,0.9999955921644188,stand_cooler_3_swing,7.413788941707191e-07
927.0,931.8,True,laptop_ravi,0.9999946778987869,stand_cooler_mixed_withSwing,1.0615188307607044e-06
928.0,932.8,True,laptop_ravi,0.9999794264372749,stand_cooler_2_swing,8.92715761947734e-06
929.0,933.8,True,laptop_ravi,0.99998131969457,stand_cooler_2_swing,8.08539449498664e-06
930.0,934.8,True,laptop_ravi,0.7002359912372428,table_pv_2,0.2997492645015189
931.0,935.8,True,laptop_ravi,0.7002359912372428,table_pv_2,0.2997492645015189
932.0,936.8,True,table_pv_2,0.9999924965698135,table_fan_lvl2,1.2760222579619026e-06
933.0,937.8,True,laptop_ravi,0.7001477794883643,table_pv_2,0.29984900306271733
934.0,938.8,True,laptop_ravi,0.9999800074925705,stand_cooler_2_swing,8.278513422149843e-06
935.0,939.8,True,laptop_ravi,0.9999631845205023,stand_cooler_mixed_withSwing,2.0222379500456414e-05
936.0,940.8,True,laptop_ravi,0.9999517046309286,stand_cooler_mixed_withSwing,3.47597121016167e-05
937.0,941.8,True,laptop_ravi,0.999953041717976,stand_cooler_mixed_withSwing,3.3808316128863334e-05
938.0,942.8,True,laptop_ravi,0.9999568873439578,stand_cooler_mixed_withSwing,3.012259729607826e-05
939.0,943.8,True,laptop_ravi,0.9999569909524418,stand_cooler_mixed_withSwing,2.983406476890203e-05
940.0,944.8,True,laptop_ravi,0.9999578084757853,stand_cooler_mixed_withSwing,2.9132234343020302e-05
941.0,945.8,True,laptop_ravi,0.9999905673915416,stand_cooler_mixed_withSwing,5.589313792961179e-06
942.0,946.8,True,laptop_ravi,0.9999913483638017,stand_cooler_mixed_withSwing,4.444122941016613e-06
943.0,947.8,True,laptop_ravi,0.9999926227128529,stand_cooler_mixed_withSwing,3.5239136704793945e-06
944.0,948.8,True,laptop_ravi,0.9999930022114406,stand_cooler_mixed_withSwing,3.2517495586469817e-06
945.0,949.8,True,laptop_ravi,0.9999924340311362,stand_cooler_mixed_withSwing,3.7800781605261205e-06
946.0,950.8,True,laptop_ravi,0.9999918457285214,stand_cooler_mixed_withSwing,4.065378965593297e-06
947.0,951.8,True,laptop_ravi,0.9999918668294884,stand_cooler_mixed_withSwing,4.06538748216641e-06
948.0,952.8,True,laptop_ravi,0.9999915317625542,stand_cooler_mixed_withSwing,4.064716403217389e-06
949.0,953.8,True,laptop_ravi,0.9999915317625542,stand_cooler_mixed_withSwing,4.064716403217389e-06
950.0,954.8,True,laptop_ravi,0.9999913607826316,stand_cooler_mixed_withSwing,4.243908029980379e-06
951.0,955.8,True,laptop_ravi,0.9999915371969661,stand_cooler_mixed_withSwing,4.064717208614212e-06
952.0,956.8,True,laptop_ravi,0.9999915372132393,stand_cooler_mixed_withSwing,4.064716425373066e-06
953.0,957.8,True,laptop_ravi,0.9999915372132393,stand_cooler_mixed_withSwing,4.064716425373066e-06
954.0,958.8,True,laptop_ravi,0.9999915372132393,stand_cooler_mixed_withSwing,4.064716425373066e-06
955.0,959.8,True,laptop_ravi,0.9999915372132393,stand_cooler_mixed_withSwing,4.064716425373066e-06
956.0,960.8,True,laptop_ravi,0.9999915372132393,stand_cooler_mixed_withSwing,4.064716425373066e-06
957.0,961.8,True,laptop_ravi,0.9999915317638143,stand_cooler_mixed_withSwing,4.064716403222511e-06
958.0,962.8,True,laptop_ravi,0.9999915372132393,stand_cooler_mixed_withSwing,4.064716425373066e-06
959.0,963.8,True,laptop_ravi,0.9999915372132393,stand_cooler_mixed_withSwing,4.064716425373066e-06
960.0,964.8,True,laptop_ravi,0.999991531763981,stand_cooler_mixed_withSwing,4.0647164032231895e-06
961.0,965.8,True,laptop_ravi,0.9999918668294884,stand_cooler_mixed_withSwing,4.06538748216641e-06
962.0,966.8,True,laptop_ravi,0.9999918864265515,stand_cooler_mixed_withSwing,4.065430736099783e-06
963.0,967.8,True,laptop_ravi,0.9999922008826814,stand_cooler_mixed_withSwing,3.896566503111649e-06
964.0,968.8,True,laptop_ravi,0.9999922008826814,stand_cooler_mixed_withSwing,3.896566503111649e-06
965.0,969.8,True,laptop_ravi,0.9999918848126882,stand_cooler_mixed_withSwing,4.0653875552756795e-06
966.0,970.8,True,laptop_ravi,0.9999918848126882,stand_cooler_mixed_withSwing,4.0653875552756795e-06
967.0,971.8,True,laptop_ravi,0.9999918952085,stand_cooler_mixed_withSwing,4.064713190348377e-06
968.0,972.8,True,laptop_ravi,0.9999915495996009,stand_cooler_mixed_withSwing,4.0647164757205396e-06
969.0,973.8,True,laptop_ravi,0.9999915495996009,stand_cooler_mixed_withSwing,4.0647164757205396e-06
970.0,974.8,True,laptop_ravi,0.9999918997737067,stand_cooler_mixed_withSwing,4.06538780049735e-06
971.0,975.8,True,laptop_ravi,0.9999922008826814,stand_cooler_mixed_withSwing,3.896566503111649e-06
972.0,976.8,True,laptop_ravi,0.9999911225991818,stand_cooler_mixed_withSwing,5.157634484890385e-06
973.0,977.8,True,laptop_ravi,0.9999731255701995,stand_cooler_mixed_withSwing,1.3589146328034133e-05
974.0,978.8,True,laptop_ravi,0.9999728538250042,stand_cooler_mixed_withSwing,1.391666244244937e-05
975.0,979.8,True,laptop_ravi,0.9999844346330868,stand_cooler_mixed_withSwing,1.1299613006990991e-05
976.0,980.8,True,laptop_ravi,0.9999914719415594,stand_cooler_mixed_withSwing,4.0453743867219816e-06
977.0,981.8,True,laptop_ravi,0.9999728539487245,stand_cooler_mixed_withSwing,1.3916527521659207e-05
978.0,982.8,True,laptop_ravi,0.9999829009424837,stand_cooler_2_swing,9.084729877446886e-06
979.0,983.8,True,laptop_ravi,0.9999848225490736,stand_cooler_2_swing,8.228082662678894e-06
980.0,984.8,True,laptop_ravi,0.9999847980394434,stand_cooler_2_swing,8.22808246100857e-06
981.0,985.8,True,laptop_ravi,0.9999966194056549,stand_cooler_mixed_withSwing,4.860913512327579e-07
982.0,986.8,True,laptop_ravi,0.9999966045265102,stand_cooler_mixed_withSwing,6.256130164699565e-07
983.0,987.8,True,laptop_ravi,0.9999848809082846,stand_cooler_2_swing,8.27537836121938e-06
984.0,988.8,True,laptop_ravi,0.9999847248169965,stand_cooler_2_swing,8.22808185851908e-06
985.0,989.8,True,laptop_ravi,0.9999728539551381,stand_cooler_mixed_withSwing,1.3916509890953213e-05
986.0,990.8,True,laptop_ravi,0.9999728539551381,stand_cooler_mixed_withSwing,1.3916509890953213e-05
987.0,991.8,True,laptop_ravi,0.9999930185979493,stand_cooler_mixed_withSwing,3.251749611932177e-06
988.0,992.8,True,laptop_ravi,0.9999915495996009,stand_cooler_mixed_withSwing,4.0647164757205396e-06
989.0,993.8,True,laptop_ravi,0.9999915550326164,stand_cooler_mixed_withSwing,4.0647172811117005e-06
990.0,994.8,True,laptop_ravi,0.9999915550326164,stand_cooler_mixed_withSwing,4.0647172811117005e-06
991.0,995.8,True,laptop_ravi,0.9999915550488874,stand_cooler_mixed_withSwing,4.064716497870532e-06
992.0,996.8,True,laptop_ravi,0.9999915495996009,stand_cooler_mixed_withSwing,4.0647164757205396e-06
993.0,997.8,True,laptop_ravi,0.9999915495996284,stand_cooler_mixed_withSwing,4.064716475720651e-06
994.0,998.8,True,laptop_ravi,0.9999915550488874,stand_cooler_mixed_withSwing,4.064716497870532e-06
995.0,999.8,True,laptop_ravi,0.9999912444025265,stand_cooler_mixed_withSwing,4.064716018477543e-06
996.0,1000.8,True,laptop_ravi,0.9999907594729669,stand_cooler_mixed_withSwing,4.5488998902081744e-06
997.0,1001.8,True,laptop_ravi,0.9999912444025265,stand_cooler_mixed_withSwing,4.064716018477543e-06
998.0,1002.8,True,laptop_ravi,0.9999915495996284,stand_cooler_mixed_withSwing,4.064716475720651e-06
999.0,1003.8,True,laptop_ravi,0.9999915495996284,stand_cooler_mixed_withSwing,4.064716475720651e-06
1000.0,1004.8,True,laptop_ravi,0.9999918864265515,stand_cooler_mixed_withSwing,4.065430736099783e-06
1001.0,1005.8,True,laptop_ravi,0.9999920740089342,stand_cooler_mixed_withSwing,4.065388508836855e-06
1002.0,1006.8,True,laptop_ravi,0.9999918848126882,stand_cooler_mixed_withSwing,4.0653875552756795e-06
1003.0,1007.8,True,laptop_ravi,0.9999918997737067,stand_cooler_mixed_withSwing,4.06538780049735e-06
1004.0,1008.8,True,laptop_ravi,0.9999922008826814,stand_cooler_mixed_withSwing,3.896566503111649e-06
1005.0,1009.8,True,laptop_ravi,0.9999839968337628,stand_cooler_mixed_withSwing,1.1797167471939573e-05
1006.0,1010.8,True,laptop_ravi,0.9999837466216001,stand_cooler_mixed_withSwing,1.1519313086308509e-05
1007.0,1011.8,True,laptop_ravi,0.9999840791122571,stand_cooler_mixed_withSwing,1.1521337233879394e-05
1008.0,1012.8,True,laptop_ravi,0.9999840776497976,stand_cooler_mixed_withSwing,1.1521214862160933e-05
1009.0,1013.8,True,laptop_ravi,0.9999914031373816,stand_cooler_mixed_withSwing,4.405666534860715e-06
1010.0,1014.8,True,laptop_ravi,0.9999912081037883,stand_cooler_mixed_withSwing,4.405650024872853e-06
1011.0,1015.8,True,laptop_ravi,0.9999912096439498,stand_cooler_mixed_withSwing,4.405696819496026e-06
1012.0,1016.8,True,laptop_ravi,0.9999843206126556,stand_cooler_mixed_withSwing,1.129359626921411e-05
1013.0,1017.8,True,laptop_ravi,0.9999914031373816,stand_cooler_mixed_withSwing,4.405666534860715e-06
1014.0,1018.8,True,laptop_ravi,0.9999908759007315,stand_cooler_mixed_withSwing,4.404922790945104e-06
1015.0,1019.8,True,laptop_ravi,0.9999908759007315,stand_cooler_mixed_withSwing,4.404922790945104e-06
1016.0,1020.8,True,laptop_ravi,0.9999908813256485,stand_cooler_mixed_withSwing,4.404922814841663e-06
1017.0,1021.8,True,laptop_ravi,0.9999906068388906,stand_cooler_mixed_withSwing,4.404922454605551e-06
1018.0,1022.8,True,laptop_ravi,0.9999908759007042,stand_cooler_mixed_withSwing,4.404922790944984e-06
1019.0,1023.8,True,laptop_ravi,0.9999912096439498,stand_cooler_mixed_withSwing,4.405696819496026e-06
1020.0,1024.8,True,laptop_ravi,0.9999834860775464,stand_cooler_mixed_withSwing,1.1795176123926273e-05
1021.0,1025.8,True,laptop_ravi,0.9999834860775737,stand_cooler_mixed_withSwing,1.1795176123926595e-05
1022.0,1026.8,True,laptop_ravi,0.9999908759007042,stand_cooler_mixed_withSwing,4.404922790944984e-06
1023.0,1027.8,True,laptop_ravi,0.9999908759007315,stand_cooler_mixed_withSwing,4.404922790945104e-06
1024.0,1028.8,True,laptop_ravi,0.9999908813256485,stand_cooler_mixed_withSwing,4.404922814841663e-06
1025.0,1029.8,True,laptop_ravi,0.999991905188317,stand_cooler_mixed_withSwing,4.044661405838212e-06
1026.0,1030.8,True,laptop_ravi,0.9999816596359585,stand_cooler_mixed_withSwing,1.3589262301819235e-05
1027.0,1031.8,True,laptop_ravi,0.9999731255701995,stand_cooler_mixed_withSwing,1.3589146328034133e-05
1028.0,1032.8,True,laptop_ravi,0.9999925656736606,stand_cooler_mixed_withSwing,3.4342853709155172e-06
1029.0,1033.8,True,laptop_ravi,0.99999603084783,stand_cooler_3_swing,6.811388192751299e-07
1030.0,1034.8,True,laptop_ravi,0.9999956304913915,stand_cooler_3_swing,7.413368605721398e-07
1031.0,1035.8,True,laptop_ravi,0.9999956304913915,stand_cooler_3_swing,7.413368605721398e-07
1032.0,1036.8,True,laptop_ravi,0.9999936187183254,stand_cooler_mixed_withSwing,2.9253130045035695e-06
1033.0,1037.8,True,laptop_ravi,0.9999829518456907,stand_cooler_2_swing,9.137403249932363e-06
1034.0,1038.8,True,laptop_ravi,0.9999707134556155,stand_cooler_mixed_withSwing,2.453552869999487e-05
1035.0,1039.8,True,laptop_ravi,0.999973348260574,stand_cooler_mixed_withSwing,2.2613550836032296e-05
1036.0,1040.8,True,laptop_ravi,0.9999838185197325,stand_cooler_mixed_withSwing,1.1797248744953689e-05
1037.0,1041.8,True,laptop_ravi,0.9999834100275439,stand_cooler_mixed_withSwing,1.1795177499924287e-05
1038.0,1042.8,True,laptop_ravi,0.9999822978404234,stand_cooler_mixed_withSwing,1.271767818417707e-05
1039.0,1043.8,True,laptop_ravi,0.9999822977874943,stand_cooler_mixed_withSwing,1.2717678183503923e-05
1040.0,1044.8,True,laptop_ravi,0.9999822978404234,stand_cooler_mixed_withSwing,1.271767818417707e-05
1041.0,1045.8,True,laptop_ravi,0.9999839896083182,stand_cooler_mixed_withSwing,1.1291643003200292e-05
1042.0,1046.8,True,laptop_ravi,0.9999908759007315,stand_cooler_mixed_withSwing,4.404922790945104e-06
1043.0,1047.8,True,laptop_ravi,0.9999915495996284,stand_cooler_mixed_withSwing,4.064716475720651e-06
1044.0,1048.8,True,laptop_ravi,0.9999915495996284,stand_cooler_mixed_withSwing,4.064716475720651e-06
1045.0,1049.8,True,laptop_ravi,0.9999915495996284,stand_cooler_mixed_withSwing,4.064716475720651e-06
1046.0,1050.8,True,laptop_ravi,0.9999912443465383,stand_cooler_mixed_withSwing,4.064716018249965e-06
1047.0,1051.8,True,laptop_ravi,0.9999907602201865,stand_cooler_mixed_withSwing,4.548899893607233e-06
1048.0,1052.8,True,laptop_ravi,0.9999915550488874,stand_cooler_mixed_withSwing,4.064716497870532e-06
1049.0,1053.8,True,laptop_ravi,0.9999915495996009,stand_cooler_mixed_withSwing,4.0647164757205396e-06
1050.0,1054.8,True,laptop_ravi,0.9999958319533048,stand_cooler_3_swing,7.413769225303053e-07
1051.0,1055.8,True,laptop_ravi,0.9999959453155706,stand_cooler_3_swing,6.894709629780798e-07
1052.0,1056.8,True,laptop_ravi,0.9999958319533048,stand_cooler_3_swing,7.413769225303053e-07
1053.0,1057.8,True,laptop_ravi,0.9999957046813815,stand_cooler_3_swing,7.413781221283193e-07
1054.0,1058.8,True,laptop_ravi,0.9999955867261694,stand_cooler_3_swing,7.41378890138898e-07
1055.0,1059.8,True,laptop_ravi,0.9999957046813815,stand_cooler_3_swing,7.413781221283193e-07
1056.0,1060.8,True,laptop_ravi,0.9999955867261694,stand_cooler_3_swing,7.41378890138898e-07
1057.0,1061.8,True,laptop_ravi,0.9999955867261694,stand_cooler_3_swing,7.41378890138898e-07
1058.0,1062.8,True,laptop_ravi,0.9999955867261694,stand_cooler_3_swing,7.41378890138898e-07
1059.0,1063.8,True,laptop_ravi,0.9999955867259243,stand_cooler_3_swing,7.413788901387162e-07
1060.0,1064.8,True,laptop_ravi,0.9999955921644188,stand_cooler_3_swing,7.413788941707191e-07
1061.0,1065.8,True,laptop_ravi,0.9999899696159967,stand_cooler_mixed_withSwing,6.885424914132899e-06
1062.0,1066.8,True,laptop_ravi,0.9999756362844573,stand_cooler_mixed_withSwing,1.2131927666604779e-05
1063.0,1067.8,True,laptop_ravi,0.9999719791169226,stand_cooler_mixed_withSwing,1.5789141076334155e-05
1064.0,1068.8,True,laptop_ravi,0.9999545886429753,stand_cooler_mixed_withSwing,3.297255053246607e-05
1065.0,1069.8,True,laptop_ravi,0.9999545886228989,stand_cooler_mixed_withSwing,3.297255053180407e-05
1066.0,1070.8,True,stand_cooler_mixed_withSwing,0.612671568665652,stand_cooler_2,0.36641960779520416
1067.0,1071.8,True,stand_cooler_mixed_withSwing,0.612671568665652,stand_cooler_2,0.36641960779520416
1068.0,1072.8,True,laptop_ravi,0.9999454676046008,stand_cooler_mixed_withSwing,5.070719399517576e-05
1069.0,1073.8,True,laptop_ravi,0.9999455870934775,stand_cooler_mixed_withSwing,5.070720005445183e-05
1070.0,1074.8,True,laptop_ravi,0.9999455851151947,stand_cooler_mixed_withSwing,5.070712724607864e-05
1071.0,1075.8,True,laptop_ravi,0.9999611400154451,stand_cooler_mixed_withSwing,2.6421222549548265e-05
1072.0,1076.8,True,laptop_ravi,0.9999613137043265,stand_cooler_mixed_withSwing,2.635158983625703e-05
1073.0,1077.8,True,laptop_ravi,0.9999757658801397,stand_cooler_mixed_withSwing,1.225758462730026e-05
1074.0,1078.8,True,laptop_ravi,0.9999758494408629,stand_cooler_mixed_withSwing,1.2167246922128783e-05
1075.0,1079.8,True,laptop_ravi,0.9999782277583573,stand_cooler_mixed_withSwing,9.860855981018797e-06
1076.0,1080.8,True,laptop_ravi,0.9999939870575929,stand_cooler_mixed_withSwing,2.3762499953291617e-06
1077.0,1081.8,True,laptop_ravi,0.9999945287537468,stand_cooler_mixed_withSwing,2.3504501067469554e-06
1078.0,1082.8,True,laptop_ravi,0.9999956056861989,stand_cooler_mixed_withSwing,1.930741919184374e-06
1079.0,1083.8,True,laptop_ravi,0.9999961159361029,stand_cooler_mixed_withSwing,1.4036300185300923e-06
1080.0,1084.8,True,laptop_ravi,0.9999959040000663,stand_cooler_mixed_withSwing,1.4827420973072647e-06
1081.0,1085.8,True,laptop_ravi,0.9999939893483197,stand_cooler_mixed_withSwing,3.392462753940169e-06
1082.0,1086.8,True,laptop_ravi,0.9999847247815684,stand_cooler_2_swing,8.22808185822757e-06
1083.0,1087.8,True,laptop_ravi,0.9999728539551381,stand_cooler_mixed_withSwing,1.3916509890953213e-05
1084.0,1088.8,True,laptop_ravi,0.9999729567096333,stand_cooler_mixed_withSwing,1.3589121721322535e-05
1085.0,1089.8,True,laptop_ravi,0.9999928635845736,stand_cooler_mixed_withSwing,3.395100657924571e-06
1086.0,1090.8,True,laptop_ravi,0.9999913607816289,stand_cooler_mixed_withSwing,4.243908029976124e-06
1087.0,1091.8,True,laptop_ravi,0.9999915317625542,stand_cooler_mixed_withSwing,4.064716403217389e-06
1088.0,1092.8,True,laptop_ravi,0.9999915317625542,stand_cooler_mixed_withSwing,4.064716403217389e-06
1089.0,1093.8,True,laptop_ravi,0.9999915317639535,stand_cooler_mixed_withSwing,4.064716403223077e-06
1090.0,1094.8,True,laptop_ravi,0.9999918773728599,stand_cooler_mixed_withSwing,4.064713117851029e-06
1091.0,1095.8,True,laptop_ravi,0.9999915317639535,stand_cooler_mixed_withSwing,4.064716403223077e-06
1092.0,1096.8,True,laptop_ravi,0.9999915372132393,stand_cooler_mixed_withSwing,4.064716425373066e-06
1093.0,1097.8,True,laptop_ravi,0.9999915372132393,stand_cooler_mixed_withSwing,4.064716425373066e-06
1094.0,1098.8,True,laptop_ravi,0.9999918684434789,stand_cooler_mixed_withSwing,4.065430662990253e-06
1095.0,1099.8,True,laptop_ravi,0.9999920634964751,stand_cooler_mixed_withSwing,4.065402723674658e-06
1096.0,1100.8,True,laptop_ravi,0.9999920814830414,stand_cooler_mixed_withSwing,4.065402796797875e-06
1097.0,1101.8,True,laptop_ravi,0.9999925273803456,stand_cooler_mixed_withSwing,3.7322790406238516e-06
1098.0,1102.8,True,laptop_ravi,0.9999922008826814,stand_cooler_mixed_withSwing,3.896566503111649e-06
1099.0,1103.8,True,laptop_ravi,0.9999918997737067,stand_cooler_mixed_withSwing,4.06538780049735e-06
1100.0,1104.8,True,laptop_ravi,0.9999920740089342,stand_cooler_mixed_withSwing,4.065388508836855e-06
1101.0,1105.8,True,laptop_ravi,0.9999918848126882,stand_cooler_mixed_withSwing,4.0653875552756795e-06
1102.0,1106.8,True,laptop_ravi,0.9999918743188416,stand_cooler_mixed_withSwing,4.065430686876327e-06
1103.0,1107.8,True,laptop_ravi,0.9999918848126882,stand_cooler_mixed_withSwing,4.0653875552756795e-06
1104.0,1108.8,True,laptop_ravi,0.9999918997737067,stand_cooler_mixed_withSwing,4.06538780049735e-06
1105.0,1109.8,True,laptop_ravi,0.9999922008826814,stand_cooler_mixed_withSwing,3.896566503111649e-06
1106.0,1110.8,True,laptop_ravi,0.9999929606045068,stand_cooler_mixed_withSwing,3.309801789125446e-06
1107.0,1111.8,True,laptop_ravi,0.9999930227539159,stand_cooler_mixed_withSwing,3.249483139022381e-06
1108.0,1112.8,True,laptop_ravi,0.9999852196999149,stand_cooler_mixed_withSwing,1.1064041071736642e-05
1109.0,1113.8,True,laptop_ravi,0.9999930185979493,stand_cooler_mixed_withSwing,3.251749611932177e-06
1110.0,1114.8,True,laptop_ravi,0.9999922008826814,stand_cooler_mixed_withSwing,3.896566503111649e-06
1111.0,1115.8,True,laptop_ravi,0.9999929606015252,stand_cooler_mixed_withSwing,3.3098017891155777e-06
1112.0,1116.8,True,laptop_ravi,0.9999929606015252,stand_cooler_mixed_withSwing,3.3098017891155777e-06
1113.0,1117.8,True,laptop_ravi,0.9999922008826814,stand_cooler_mixed_withSwing,3.896566503111649e-06
1114.0,1118.8,True,laptop_ravi,0.9999920740089342,stand_cooler_mixed_withSwing,4.065388508836855e-06
1115.0,1119.8,True,laptop_ravi,0.9999918743188416,stand_cooler_mixed_withSwing,4.065430686876327e-06
1116.0,1120.8,True,laptop_ravi,0.9999915495996009,stand_cooler_mixed_withSwing,4.0647164757205396e-06
1117.0,1121.8,True,laptop_ravi,0.9999918864265515,stand_cooler_mixed_withSwing,4.065430736099783e-06
1118.0,1122.8,True,laptop_ravi,0.9999926819667264,stand_cooler_mixed_withSwing,3.579431877994811e-06
1119.0,1123.8,True,laptop_ravi,0.9999925273803456,stand_cooler_mixed_withSwing,3.7322790406238516e-06
1120.0,1124.8,True,laptop_ravi,0.9999925273803456,stand_cooler_mixed_withSwing,3.7322790406238516e-06
1121.0,1125.8,True,laptop_ravi,0.9999956904141268,stand_cooler_3_swing,7.413812605786423e-07
1122.0,1126.8,True,laptop_ravi,0.9999955867268566,stand_cooler_3_swing,7.413788901394075e-07
1123.0,1127.8,True,laptop_ravi,0.9999915550488874,stand_cooler_mixed_withSwing,4.064716497870532e-06
1124.0,1128.8,True,laptop_ravi,0.9999844346330868,stand_cooler_mixed_withSwing,1.1299613006990991e-05
1125.0,1129.8,True,laptop_ravi,0.9999728539599232,stand_cooler_mixed_withSwing,1.3916527521815057e-05
1126.0,1130.8,True,laptop_ravi,0.9999848622949121,stand_cooler_2_swing,8.22808570918443e-06
1127.0,1131.8,True,laptop_ravi,0.9999848230625715,stand_cooler_2_swing,8.22808171380068e-06
1128.0,1132.8,True,laptop_ravi,0.9999965779766057,stand_cooler_mixed_withSwing,4.804392122608363e-07
1129.0,1133.8,True,laptop_ravi,0.9999964073387348,stand_cooler_mixed_withSwing,5.383408884387886e-07
1130.0,1134.8,True,laptop_ravi,0.9999968294474031,table_pv_2,4.0507241410793845e-07
1131.0,1135.8,True,laptop_ravi,0.9999849668269056,stand_cooler_2_swing,8.275378113657246e-06
1132.0,1136.8,True,laptop_ravi,0.9999847105462347,stand_cooler_2_swing,8.329174173566709e-06
1133.0,1137.8,True,laptop_ravi,0.9999728539599232,stand_cooler_mixed_withSwing,1.3916527521815057e-05
1134.0,1138.8,True,laptop_ravi,0.9999914719415594,stand_cooler_mixed_withSwing,4.0453743867219816e-06
1135.0,1139.8,True,laptop_ravi,0.9999920814796802,stand_cooler_mixed_withSwing,4.06540279678421e-06
1136.0,1140.8,True,laptop_ravi,0.9999918848126882,stand_cooler_mixed_withSwing,4.0653875552756795e-06
1137.0,1141.8,True,laptop_ravi,0.9999918848105787,stand_cooler_mixed_withSwing,4.065419621005881e-06
1138.0,1142.8,True,laptop_ravi,0.9999918848126882,stand_cooler_mixed_withSwing,4.0653875552756795e-06
1139.0,1143.8,True,laptop_ravi,0.9999918848105787,stand_cooler_mixed_withSwing,4.065419621005881e-06
1140.0,1144.8,True,laptop_ravi,0.9999918952085,stand_cooler_mixed_withSwing,4.064713190348377e-06
1141.0,1145.8,True,laptop_ravi,0.9999918743188416,stand_cooler_mixed_withSwing,4.065430686876327e-06
1142.0,1146.8,True,laptop_ravi,0.9999918848126882,stand_cooler_mixed_withSwing,4.0653875552756795e-06
1143.0,1147.8,True,laptop_ravi,0.9999918637116845,stand_cooler_mixed_withSwing,4.065379038702266e-06
1144.0,1148.8,True,laptop_ravi,0.9999929606015252,stand_cooler_mixed_withSwing,3.3098017891155777e-06
1145.0,1149.8,True,laptop_ravi,0.9999930185979493,stand_cooler_mixed_withSwing,3.251749611932177e-06
1146.0,1150.8,True,laptop_ravi,0.9999924419276854,stand_cooler_mixed_withSwing,3.521456847666538e-06
1147.0,1151.8,True,laptop_ravi,0.9999865255164538,stand_cooler_mixed_withSwing,9.43608732572039e-06
1148.0,1152.8,True,laptop_ravi,0.9999908759007315,stand_cooler_mixed_withSwing,4.404922790945104e-06
1149.0,1153.8,True,laptop_ravi,0.9999908759005646,stand_cooler_mixed_withSwing,4.404922790944369e-06
1150.0,1154.8,True,laptop_ravi,0.9999908813256485,stand_cooler_mixed_withSwing,4.404922814841663e-06
1151.0,1155.8,True,laptop_ravi,0.9999909187616465,stand_cooler_mixed_withSwing,4.4049238286140095e-06
1152.0,1156.8,True,laptop_ravi,0.9999908759007042,stand_cooler_mixed_withSwing,4.404922790944984e-06
1153.0,1157.8,True,laptop_ravi,0.9999912096439498,stand_cooler_mixed_withSwing,4.405696819496026e-06
1154.0,1158.8,True,laptop_ravi,0.9999834860775737,stand_cooler_mixed_withSwing,1.1795176123926595e-05
1155.0,1159.8,True,laptop_ravi,0.999983486077407,stand_cooler_mixed_withSwing,1.1795176123924628e-05
1156.0,1160.8,True,laptop_ravi,0.9999843323627844,stand_cooler_mixed_withSwing,1.1291633844346878e-05
1157.0,1161.8,True,laptop_ravi,0.9999908759007315,stand_cooler_mixed_withSwing,4.404922790945104e-06
1158.0,1162.8,True,laptop_ravi,0.9999908813256485,stand_cooler_mixed_withSwing,4.404922814841663e-06
1159.0,1163.8,True,laptop_ravi,0.9999906106520703,stand_cooler_mixed_withSwing,4.40492247140247e-06
1160.0,1164.8,True,laptop_ravi,0.9999902655947721,stand_cooler_mixed_withSwing,4.749435046120753e-06
1161.0,1165.8,True,laptop_ravi,0.9999902655947721,stand_cooler_mixed_withSwing,4.749435046120753e-06
1162.0,1166.8,True,laptop_ravi,0.9999902655947721,stand_cooler_mixed_withSwing,4.749435046120753e-06
1163.0,1167.8,True,laptop_ravi,0.9999902656589744,stand_cooler_mixed_withSwing,4.749435046425681e-06
1164.0,1168.8,True,laptop_ravi,0.9999902656589744,stand_cooler_mixed_withSwing,4.749435046425681e-06
1165.0,1169.8,True,laptop_ravi,0.9999902656589744,stand_cooler_mixed_withSwing,4.749435046425681e-06
1166.0,1170.8,True,laptop_ravi,0.9999902171787174,stand_cooler_mixed_withSwing,4.797522843875038e-06
1167.0,1171.8,True,laptop_ravi,0.9999909187616465,stand_cooler_mixed_withSwing,4.4049238286140095e-06
1168.0,1172.8,True,laptop_ravi,0.9999908813256485,stand_cooler_mixed_withSwing,4.404922814841663e-06
1169.0,1173.8,True,laptop_ravi,0.9999908813256485,stand_cooler_mixed_withSwing,4.404922814841663e-06
1170.0,1174.8,True,laptop_ravi,0.9999908813256485,stand_cooler_mixed_withSwing,4.404922814841663e-06
1171.0,1175.8,True,laptop_ravi,0.9999906106520703,stand_cooler_mixed_withSwing,4.40492247140247e-06
1172.0,1176.8,True,laptop_ravi,0.9999902655419464,stand_cooler_mixed_withSwing,4.749435045869858e-06
1173.0,1177.8,True,laptop_ravi,0.999983985434151,stand_cooler_mixed_withSwing,1.1990066133124256e-05
1174.0,1178.8,True,laptop_ravi,0.9999727609915718,stand_cooler_mixed_withSwing,1.3589141373588666e-05
1175.0,1179.8,True,laptop_ravi,0.9999829009136901,stand_cooler_2_swing,9.084729462456293e-06
1176.0,1180.8,True,laptop_ravi,0.9999914457687966,stand_cooler_mixed_withSwing,4.438985761965522e-06
1177.0,1181.8,True,laptop_ravi,0.9999958766922632,stand_cooler_3_swing,7.41341597911823e-07
1178.0,1182.8,True,laptop_ravi,0.9999956944859493,stand_cooler_3_swing,7.413369080138717e-07
1179.0,1183.8,True,laptop_ravi,0.9999958793832766,stand_cooler_3_swing,7.413415999067915e-07
1180.0,1184.8,True,laptop_ravi,0.9999925656736606,stand_cooler_mixed_withSwing,3.4342853709155172e-06
1181.0,1185.8,True,laptop_ravi,0.9999829546701327,stand_cooler_2_swing,9.137403275740868e-06
1182.0,1186.8,True,laptop_ravi,0.9999617509997166,stand_cooler_mixed_withSwing,2.4535308794960683e-05
1183.0,1187.8,True,laptop_ravi,0.9999733457279344,stand_cooler_mixed_withSwing,2.2613550778758795e-05
1184.0,1188.8,True,laptop_ravi,0.9999915495996284,stand_cooler_mixed_withSwing,4.064716475720651e-06
1185.0,1189.8,True,laptop_ravi,0.9999918864265515,stand_cooler_mixed_withSwing,4.065430736099783e-06
1186.0,1190.8,True,laptop_ravi,0.9999915550488874,stand_cooler_mixed_withSwing,4.064716497870532e-06
1187.0,1191.8,True,laptop_ravi,0.9999915495994621,stand_cooler_mixed_withSwing,4.0647164757199754e-06
1188.0,1192.8,True,laptop_ravi,0.9999915495996284,stand_cooler_mixed_withSwing,4.064716475720651e-06
1189.0,1193.8,True,laptop_ravi,0.9999918997737067,stand_cooler_mixed_withSwing,4.06538780049735e-06
1190.0,1194.8,True,laptop_ravi,0.9999918637116845,stand_cooler_mixed_withSwing,4.065379038702266e-06
1191.0,1195.8,True,laptop_ravi,0.9999959946052707,stand_cooler_3_swing,6.81175363221879e-07
1192.0,1196.8,True,laptop_ravi,0.9999956349147145,stand_cooler_3_swing,7.413767764498328e-07
1193.0,1197.8,True,laptop_ravi,0.9999955867261694,stand_cooler_3_swing,7.41378890138898e-07
1194.0,1198.8,True,laptop_ravi,0.9999955921753935,stand_cooler_3_swing,7.413788941788556e-07
1195.0,1199.8,True,laptop_ravi,0.9999760065756479,stand_cooler_mixed_withSwing,1.1762384981203809e-05
1196.0,1200.8,True,laptop_ravi,0.9999760065756479,stand_cooler_mixed_withSwing,1.1762384981203809e-05
1197.0,1201.8,True,laptop_ravi,0.9999760065756479,stand_cooler_mixed_withSwing,1.1762384981203809e-05
1198.0,1202.8,True,laptop_ravi,0.9999603101614689,stand_cooler_mixed_withSwing,2.725104020863379e-05
1199.0,1203.8,True,laptop_ravi,0.9999603101413923,stand_cooler_mixed_withSwing,2.725104020808666e-05
1200.0,1204.8,True,stand_cooler_mixed_withSwing,0.9990674140886772,table_fan_mix,0.00015298419216055887
1201.0,1205.8,True,stand_cooler_mixed_withSwing,0.9957637196943435,table_fan_mix,0.0006949169459195447
1202.0,1206.8,True,laptop_ravi,0.9999790848462299,stand_cooler_mixed_withSwing,1.7207642985591663e-05
1203.0,1207.8,True,laptop_ravi,0.9999790850836395,stand_cooler_mixed_withSwing,1.7207642989677008e-05
1204.0,1208.8,True,laptop_ravi,0.9999947108472836,stand_cooler_mixed_withSwing,1.5981776991955866e-06
1205.0,1209.8,True,laptop_ravi,0.9999713558740597,stand_cooler_mixed_withSwing,1.6205111654158038e-05
1206.0,1210.8,True,laptop_ravi,0.9999545886429753,stand_cooler_mixed_withSwing,3.297255053246607e-05
1207.0,1211.8,True,laptop_ravi,0.999971683268397,stand_cooler_mixed_withSwing,1.633260191890102e-05
1208.0,1212.8,True,laptop_ravi,0.9999793847796459,stand_cooler_mixed_withSwing,1.695933343190212e-05
1209.0,1213.8,True,laptop_ravi,0.9999963137138129,table_fan_lvl2_directOff,5.034730979434606e-07
1210.0,1214.8,True,laptop_ravi,0.9999962382660283,stand_cooler_mixed_withSwing,4.997267390452975e-07
1211.0,1215.8,True,laptop_ravi,0.9999964990731652,table_fan_lvl2,4.348802982972034e-07
1212.0,1216.8,True,laptop_ravi,0.9999964916098827,table_fan_lvl2,4.3488188881652696e-07
1213.0,1217.8,True,laptop_ravi,0.9999962549072526,stand_cooler_mixed_withSwing,4.831079621683198e-07
1214.0,1218.8,True,laptop_ravi,0.999996369137425,stand_cooler_mixed_withSwing,4.874329064099467e-07
1215.0,1219.8,True,laptop_ravi,0.9999956349147145,stand_cooler_3_swing,7.413767764498328e-07
1216.0,1220.8,True,laptop_ravi,0.9999922008859035,stand_cooler_mixed_withSwing,3.896566503124204e-06
1217.0,1221.8,True,laptop_ravi,0.9999918817905417,stand_cooler_mixed_withSwing,4.065387727388217e-06
1218.0,1222.8,True,laptop_ravi,0.999991531763981,stand_cooler_mixed_withSwing,4.0647164032231895e-06
1219.0,1223.8,True,laptop_ravi,0.999991549602991,stand_cooler_mixed_withSwing,4.06471647573432e-06
1220.0,1224.8,True,laptop_ravi,0.9999918952118623,stand_cooler_mixed_withSwing,4.064713190362044e-06
1221.0,1225.8,True,laptop_ravi,0.9999918848139396,stand_cooler_mixed_withSwing,4.065419621019545e-06
1222.0,1226.8,True,laptop_ravi,0.9999852196962413,stand_cooler_mixed_withSwing,1.1064036922662633e-05
1223.0,1227.8,True,laptop_ravi,0.9999731676462678,stand_cooler_mixed_withSwing,1.3589132780458115e-05
1224.0,1228.8,True,laptop_ravi,0.9999832557263862,stand_cooler_2_swing,9.084732066728143e-06
1225.0,1229.8,True,laptop_ravi,0.999984880922271,stand_cooler_2_swing,8.275368042896067e-06
1226.0,1230.8,True,laptop_ravi,0.9999968799970265,stand_cooler_mixed_withSwing,4.894131290418904e-07
1227.0,1231.8,True,laptop_ravi,0.9999965923542338,stand_cooler_mixed_withSwing,6.277460872281614e-07
1228.0,1232.8,True,laptop_ravi,0.9999966479299424,stand_cooler_mixed_withSwing,6.287661678185028e-07
1229.0,1233.8,True,laptop_ravi,0.9999848809084014,stand_cooler_2_swing,8.275378361220346e-06
1230.0,1234.8,True,laptop_ravi,0.9999846378316661,stand_cooler_2_swing,8.329173497122533e-06
1231.0,1235.8,True,laptop_ravi,0.9999728539571955,stand_cooler_mixed_withSwing,1.3916518280970402e-05
1232.0,1236.8,True,laptop_ravi,0.999973125564094,stand_cooler_mixed_withSwing,1.358914123199923e-05
1233.0,1237.8,True,laptop_ravi,0.9999922008826814,stand_cooler_mixed_withSwing,3.896566503111649e-06
1234.0,1238.8,True,laptop_ravi,0.9999918997737067,stand_cooler_mixed_withSwing,4.06538780049735e-06
1235.0,1239.8,True,laptop_ravi,0.9999920814796802,stand_cooler_mixed_withSwing,4.06540279678421e-06
1236.0,1240.8,True,laptop_ravi,0.9999920814796802,stand_cooler_mixed_withSwing,4.06540279678421e-06
1237.0,1241.8,True,laptop_ravi,0.9999924340280103,stand_cooler_mixed_withSwing,3.7800781605143044e-06
1238.0,1242.8,True,laptop_ravi,0.9999922008826814,stand_cooler_mixed_withSwing,3.896566503111649e-06
1239.0,1243.8,True,laptop_ravi,0.9999922008859035,stand_cooler_mixed_withSwing,3.896566503124204e-06
1240.0,1244.8,True,laptop_ravi,0.9999930227568959,stand_cooler_mixed_withSwing,3.2494831390320643e-06
1241.0,1245.8,True,laptop_ravi,0.9999852196999149,stand_cooler_mixed_withSwing,1.1064041071736642e-05
1242.0,1246.8,True,laptop_ravi,0.9999911225991818,stand_cooler_mixed_withSwing,5.157634484890385e-06
1243.0,1247.8,True,laptop_ravi,0.9999929606015252,stand_cooler_mixed_withSwing,3.3098017891155777e-06
1244.0,1248.8,True,laptop_ravi,0.9999929606015252,stand_cooler_mixed_withSwing,3.3098017891155777e-06
1245.0,1249.8,True,laptop_ravi,0.9999930185979493,stand_cooler_mixed_withSwing,3.251749611932177e-06
1246.0,1250.8,True,laptop_ravi,0.9999930185979493,stand_cooler_mixed_withSwing,3.251749611932177e-06
1247.0,1251.8,True,laptop_ravi,0.9999930227539159,stand_cooler_mixed_withSwing,3.249483139022381e-06
1248.0,1252.8,True,laptop_ravi,0.9999926819667264,stand_cooler_mixed_withSwing,3.579431877994811e-06
1249.0,1253.8,True,laptop_ravi,0.9999918848139396,stand_cooler_mixed_withSwing,4.065419621019545e-06
1250.0,1254.8,True,laptop_ravi,0.9999920814796802,stand_cooler_mixed_withSwing,4.06540279678421e-06
1251.0,1255.8,True,laptop_ravi,0.9999918637116845,stand_cooler_mixed_withSwing,4.065379038702266e-06
1252.0,1256.8,True,laptop_ravi,0.9999930227539159,stand_cooler_mixed_withSwing,3.249483139022381e-06
1253.0,1257.8,True,laptop_ravi,0.9999820241920059,stand_cooler_mixed_withSwing,1.3589267255957846e-05
1254.0,1258.8,True,laptop_ravi,0.9999731255701995,stand_cooler_mixed_withSwing,1.3589146328034133e-05
1255.0,1259.8,True,laptop_ravi,0.9999852177346557,stand_cooler_mixed_withSwing,1.106404104999261e-05
1256.0,1260.8,True,laptop_ravi,0.9999920740089342,stand_cooler_mixed_withSwing,4.065388508836855e-06
1257.0,1261.8,True,laptop_ravi,0.9999915495996284,stand_cooler_mixed_withSwing,4.064716475720651e-06
1258.0,1262.8,True,laptop_ravi,0.9999915495996284,stand_cooler_mixed_withSwing,4.064716475720651e-06
1259.0,1263.8,True,laptop_ravi,0.9999918997737067,stand_cooler_mixed_withSwing,4.06538780049735e-06
1260.0,1264.8,True,laptop_ravi,0.9999930227539159,stand_cooler_mixed_withSwing,3.249483139022381e-06
1261.0,1265.8,True,laptop_ravi,0.9999960703291401,stand_cooler_3_swing,6.791874476528138e-07
1262.0,1266.8,True,laptop_ravi,0.9999958195178398,stand_cooler_3_swing,7.107160749842348e-07
1263.0,1267.8,True,laptop_ravi,0.9999915495996284,stand_cooler_mixed_withSwing,4.064716475720651e-06
1264.0,1268.8,True,laptop_ravi,0.9999915550326164,stand_cooler_mixed_withSwing,4.0647172811117005e-06
1265.0,1269.8,True,laptop_ravi,0.9999912443465383,stand_cooler_mixed_withSwing,4.064716018249965e-06
1266.0,1270.8,True,laptop_ravi,0.9999915495996284,stand_cooler_mixed_withSwing,4.064716475720651e-06
1267.0,1271.8,True,laptop_ravi,0.9999915495996009,stand_cooler_mixed_withSwing,4.0647164757205396e-06
1268.0,1272.8,True,laptop_ravi,0.9999920814796802,stand_cooler_mixed_withSwing,4.06540279678421e-06
1269.0,1273.8,True,laptop_ravi,0.9999920740089342,stand_cooler_mixed_withSwing,4.065388508836855e-06
1270.0,1274.8,True,laptop_ravi,0.9999920814796802,stand_cooler_mixed_withSwing,4.06540279678421e-06
1271.0,1275.8,True,laptop_ravi,0.9999930227539159,stand_cooler_mixed_withSwing,3.249483139022381e-06
1272.0,1276.8,True,laptop_ravi,0.9999728539596983,stand_cooler_mixed_withSwing,1.3916527521811927e-05
1273.0,1277.8,True,laptop_ravi,0.9999828917320905,stand_cooler_2_swing,9.084729379042518e-06
1274.0,1278.8,True,laptop_ravi,0.9999848227586516,stand_cooler_2_swing,8.228081711299964e-06
1275.0,1279.8,True,laptop_ravi,0.9999946041827069,stand_cooler_mixed_withSwing,2.613132359395849e-06
1276.0,1280.8,True,laptop_ravi,0.9999966415175392,stand_cooler_mixed_withSwing,4.659932930533118e-07
1277.0,1281.8,True,laptop_ravi,0.9999966143653887,stand_cooler_mixed_withSwing,4.887085032545393e-07
1278.0,1282.8,True,laptop_ravi,0.9999956130479212,stand_cooler_mixed_withSwing,9.689946074289874e-07
1279.0,1283.8,True,laptop_ravi,0.9999844769560032,stand_cooler_2_swing,8.228082538534862e-06
1280.0,1284.8,True,laptop_ravi,0.9999728539596834,stand_cooler_mixed_withSwing,1.391652752181172e-05
1281.0,1285.8,True,laptop_ravi,0.9999728538247644,stand_cooler_mixed_withSwing,1.3916662442446033e-05
1282.0,1286.8,True,laptop_ravi,0.9999918997737067,stand_cooler_mixed_withSwing,4.06538780049735e-06
1283.0,1287.8,True,laptop_ravi,0.9999915550488874,stand_cooler_mixed_withSwing,4.064716497870532e-06
1284.0,1288.8,True,laptop_ravi,0.9999915495996284,stand_cooler_mixed_withSwing,4.064716475720651e-06
1285.0,1289.8,True,laptop_ravi,0.9999915495994621,stand_cooler_mixed_withSwing,4.0647164757199754e-06
1286.0,1290.8,True,laptop_ravi,0.9999915550488874,stand_cooler_mixed_withSwing,4.064716497870532e-06
1287.0,1291.8,True,laptop_ravi,0.9999834915024107,stand_cooler_mixed_withSwing,1.179517618791456e-05
1288.0,1292.8,True,laptop_ravi,0.9999834915024107,stand_cooler_mixed_withSwing,1.179517618791456e-05
1289.0,1293.8,True,laptop_ravi,0.9999834860775737,stand_cooler_mixed_withSwing,1.1795176123926595e-05
1290.0,1294.8,True,laptop_ravi,0.9999908759007042,stand_cooler_mixed_withSwing,4.404922790944984e-06
1291.0,1295.8,True,laptop_ravi,0.9999908759007315,stand_cooler_mixed_withSwing,4.404922790945104e-06
1292.0,1296.8,True,laptop_ravi,0.9999908813256485,stand_cooler_mixed_withSwing,4.404922814841663e-06
1293.0,1297.8,True,laptop_ravi,0.9999906106520703,stand_cooler_mixed_withSwing,4.40492247140247e-06
1294.0,1298.8,True,laptop_ravi,0.9999902655948001,stand_cooler_mixed_withSwing,4.749435046120886e-06
1295.0,1299.8,True,laptop_ravi,0.9999902655947721,stand_cooler_mixed_withSwing,4.749435046120753e-06
1296.0,1300.8,True,laptop_ravi,0.9999902655947721,stand_cooler_mixed_withSwing,4.749435046120753e-06
1297.0,1301.8,True,laptop_ravi,0.9999902656589744,stand_cooler_mixed_withSwing,4.749435046425681e-06
1298.0,1302.8,True,laptop_ravi,0.9999902656589744,stand_cooler_mixed_withSwing,4.749435046425681e-06
1299.0,1303.8,True,laptop_ravi,0.9999902656589744,stand_cooler_mixed_withSwing,4.749435046425681e-06
1300.0,1304.8,True,laptop_ravi,0.9999902171380971,stand_cooler_mixed_withSwing,4.797522843680159e-06
1301.0,1305.8,True,laptop_ravi,0.9999909187616465,stand_cooler_mixed_withSwing,4.4049238286140095e-06
1302.0,1306.8,True,laptop_ravi,0.9999908813256485,stand_cooler_mixed_withSwing,4.404922814841663e-06
1303.0,1307.8,True,laptop_ravi,0.9999908813256485,stand_cooler_mixed_withSwing,4.404922814841663e-06
1304.0,1308.8,True,laptop_ravi,0.9999840324751871,stand_cooler_mixed_withSwing,1.1291643487245421e-05
1305.0,1309.8,True,laptop_ravi,0.9999837243616718,stand_cooler_mixed_withSwing,1.129164218408219e-05
1306.0,1310.8,True,laptop_ravi,0.9999828406448611,stand_cooler_mixed_withSwing,1.2174764159225852e-05
1307.0,1311.8,True,laptop_ravi,0.9999822977338562,stand_cooler_mixed_withSwing,1.271767818282176e-05
1308.0,1312.8,True,laptop_ravi,0.9999822978404234,stand_cooler_mixed_withSwing,1.271767818417707e-05
1309.0,1313.8,True,laptop_ravi,0.9999822977338562,stand_cooler_mixed_withSwing,1.271767818282176e-05
1310.0,1314.8,True,laptop_ravi,0.9999832208874025,stand_cooler_mixed_withSwing,1.1795175268945736e-05
1311.0,1315.8,True,laptop_ravi,0.9999832208314092,stand_cooler_mixed_withSwing,1.1795175268285274e-05
1312.0,1316.8,True,laptop_ravi,0.999983724361765,stand_cooler_mixed_withSwing,1.1291642184083243e-05
1313.0,1317.8,True,laptop_ravi,0.9999906107080653,stand_cooler_mixed_withSwing,4.404922471649126e-06
1314.0,1318.8,True,laptop_ravi,0.9999906106520703,stand_cooler_mixed_withSwing,4.40492247140247e-06
1315.0,1319.8,True,laptop_ravi,0.9999902655419464,stand_cooler_mixed_withSwing,4.749435045869858e-06
1316.0,1320.8,True,laptop_ravi,0.9999828406448611,stand_cooler_mixed_withSwing,1.2174764159225852e-05
1317.0,1321.8,True,laptop_ravi,0.9999837244176649,stand_cooler_mixed_withSwing,1.1291642184714456e-05
1318.0,1322.8,True,laptop_ravi,0.9999906107080653,stand_cooler_mixed_withSwing,4.404922471649126e-06
1319.0,1323.8,True,laptop_ravi,0.9999908813256485,stand_cooler_mixed_withSwing,4.404922814841663e-06
1320.0,1324.8,True,laptop_ravi,0.9999843348182865,stand_cooler_mixed_withSwing,1.1293507864379166e-05
1321.0,1325.8,True,laptop_ravi,0.9999838620670553,stand_cooler_mixed_withSwing,1.1507526151236398e-05
1322.0,1326.8,True,laptop_ravi,0.9999724894317632,stand_cooler_mixed_withSwing,1.3916522448711172e-05
1323.0,1327.8,True,laptop_ravi,0.9999829009577622,stand_cooler_2_swing,9.084729462856684e-06
1324.0,1328.8,True,laptop_ravi,0.999993164119419,stand_cooler_mixed_withSwing,3.14041379831957e-06
1325.0,1329.8,True,laptop_ravi,0.9999962331506084,stand_cooler_3_swing,6.694494444387639e-07
1326.0,1330.8,True,laptop_ravi,0.9999962331506084,stand_cooler_3_swing,6.694494444387639e-07
1327.0,1331.8,True,laptop_ravi,0.9999964404042587,stand_cooler_3_swing,6.15108985213054e-07
1328.0,1332.8,True,laptop_ravi,0.9999843719493686,stand_cooler_2_swing,8.357934754648946e-06
1329.0,1333.8,True,laptop_ravi,0.9999728539551381,stand_cooler_mixed_withSwing,1.3916509890953213e-05
1330.0,1334.8,True,laptop_ravi,0.999952671721734,stand_cooler_mixed_withSwing,3.456172103462106e-05
1331.0,1335.8,True,laptop_ravi,0.9999361498661511,stand_cooler_mixed_withSwing,5.124590139183082e-05
1332.0,1336.8,True,laptop_ravi,0.9999636315982342,stand_cooler_mixed_withSwing,2.4499063898645276e-05
1333.0,1337.8,True,laptop_ravi,0.9999636315982342,stand_cooler_mixed_withSwing,2.4499063898645276e-05
1334.0,1338.8,True,stand_cooler_2_swing,0.9980851738184839,stand_cooler_mixed_withSwing,0.0015758763371158918
1335.0,1339.8,True,stand_cooler_2_swing,0.9995306351522584,stand_cooler_mixed_withSwing,0.00011898982662741381
1336.0,1340.8,True,laptop_ravi,0.9999790848462299,stand_cooler_mixed_withSwing,1.7207642985591663e-05
1337.0,1341.8,True,laptop_ravi,0.9999790848462299,stand_cooler_mixed_withSwing,1.7207642985591663e-05
1338.0,1342.8,True,laptop_ravi,0.9999951950938736,stand_cooler_mixed_withSwing,1.5917116390424708e-06
1339.0,1343.8,True,laptop_ravi,0.9999713558740597,stand_cooler_mixed_withSwing,1.6205111654158038e-05
1340.0,1344.8,True,laptop_ravi,0.9999779294589041,stand_cooler_mixed_withSwing,1.0381257090774833e-05
1341.0,1345.8,True,laptop_ravi,0.9999758492324278,stand_cooler_mixed_withSwing,1.2167360319824152e-05
1342.0,1346.8,True,laptop_ravi,0.9999931636616753,stand_cooler_mixed_withSwing,2.8943268785738655e-06
1343.0,1347.8,True,laptop_ravi,0.9999962921349372,table_fan_lvl2_directOff,5.034588157402828e-07
1344.0,1348.8,True,laptop_ravi,0.9999962409141167,table_fan_lvl2_directOff,5.047860138689819e-07
1345.0,1349.8,True,laptop_ravi,0.9999964916100579,table_fan_lvl2,4.3488188881660314e-07
1346.0,1350.8,True,laptop_ravi,0.9999962313063926,stand_cooler_mixed_withSwing,5.06652173238073e-07
1347.0,1351.8,True,laptop_ravi,0.9999962707326391,stand_cooler_mixed_withSwing,5.328232340416054e-07
1348.0,1352.8,True,laptop_ravi,0.9999960163625091,stand_cooler_mixed_withSwing,5.324566265263564e-07
1349.0,1353.8,True,laptop_ravi,0.9999958363860638,table_fan_mix,6.25897141728116e-07
1350.0,1354.8,True,laptop_ravi,0.9999957729607829,table_fan_mix,6.258971309673008e-07
1351.0,1355.8,True,laptop_ravi,0.9999959497085886,stand_cooler_mixed_withSwing,5.32457227824721e-07
1352.0,1356.8,True,laptop_ravi,0.99999562527171,stand_cooler_3_swing,6.762406058929729e-07
1353.0,1357.8,True,laptop_ravi,0.9999955533163609,stand_cooler_3_swing,7.481958121111623e-07
1354.0,1358.8,True,laptop_ravi,0.9999956252866387,stand_cooler_3_swing,6.762400094929355e-07
1355.0,1359.8,True,laptop_ravi,0.9999956188528109,stand_cooler_3_swing,7.482724598309724e-07
1356.0,1360.8,True,laptop_ravi,0.9999958195178398,stand_cooler_3_swing,7.107160749842348e-07
1357.0,1361.8,True,laptop_ravi,0.9999925108574469,stand_cooler_mixed_withSwing,3.7322789789553223e-06
1358.0,1362.8,True,laptop_ravi,0.9999918817891155,stand_cooler_mixed_withSwing,4.065387727382419e-06
1359.0,1363.8,True,laptop_ravi,0.9999918684420529,stand_cooler_mixed_withSwing,4.065430662984456e-06
1360.0,1364.8,True,laptop_ravi,0.9999918668273784,stand_cooler_mixed_withSwing,4.065419547896033e-06
1361.0,1365.8,True,laptop_ravi,0.9999918563357681,stand_cooler_mixed_withSwing,4.065430613766794e-06
1362.0,1366.8,True,laptop_ravi,0.999991899777068,stand_cooler_mixed_withSwing,4.065387800511014e-06
1363.0,1367.8,True,laptop_ravi,0.9999920740089342,stand_cooler_mixed_withSwing,4.065388508836855e-06
1364.0,1368.8,True,laptop_ravi,0.9999922008826814,stand_cooler_mixed_withSwing,3.896566503111649e-06
1365.0,1369.8,True,laptop_ravi,0.9999924340280103,stand_cooler_mixed_withSwing,3.7800781605143044e-06
1366.0,1370.8,True,laptop_ravi,0.9999920740089342,stand_cooler_mixed_withSwing,4.065388508836855e-06
1367.0,1371.8,True,laptop_ravi,0.9999920740089342,stand_cooler_mixed_withSwing,4.065388508836855e-06
1368.0,1372.8,True,laptop_ravi,0.9999920740089342,stand_cooler_mixed_withSwing,4.065388508836855e-06
1369.0,1373.8,True,laptop_ravi,0.9999918848126882,stand_cooler_mixed_withSwing,4.0653875552756795e-06
1370.0,1374.8,True,laptop_ravi,0.9999820241863067,stand_cooler_mixed_withSwing,1.3589262159883117e-05
1371.0,1375.8,True,laptop_ravi,0.9999559608635813,stand_cooler_mixed_withSwing,3.126235737850464e-05
1372.0,1376.8,True,laptop_ravi,0.9999820252565547,stand_cooler_2_swing,8.185542736560464e-06
1373.0,1377.8,True,laptop_ravi,0.9999819255928734,stand_cooler_2_swing,8.086194538149922e-06
1374.0,1378.8,True,laptop_ravi,0.9999960575985366,stand_cooler_mixed_withSwing,1.4394359055740891e-06
1375.0,1379.8,True,laptop_ravi,0.999990335637065,stand_cooler_mixed_withSwing,7.16421190778255e-06
1376.0,1380.8,True,laptop_ravi,0.999984966281311,stand_cooler_2_swing,8.275379067724156e-06
1377.0,1381.8,True,laptop_ravi,0.9999848617190145,stand_cooler_2_swing,8.228086657549666e-06
1378.0,1382.8,True,laptop_ravi,0.999984370486267,stand_cooler_2_swing,8.37702885866487e-06
1379.0,1383.8,True,laptop_ravi,0.9999914719415594,stand_cooler_mixed_withSwing,4.0453743867219816e-06
1380.0,1384.8,True,laptop_ravi,0.9999930227539159,stand_cooler_mixed_withSwing,3.249483139022381e-06
1381.0,1385.8,True,laptop_ravi,0.9999925273803456,stand_cooler_mixed_withSwing,3.7322790406238516e-06
1382.0,1386.8,True,laptop_ravi,0.999991899777068,stand_cooler_mixed_withSwing,4.065387800511014e-06
1383.0,1387.8,True,laptop_ravi,0.9999915496029634,stand_cooler_mixed_withSwing,4.064716475734208e-06
1384.0,1388.8,True,laptop_ravi,0.9999918848139396,stand_cooler_mixed_withSwing,4.065419621019545e-06
1385.0,1389.8,True,laptop_ravi,0.9999924340311362,stand_cooler_mixed_withSwing,3.7800781605261205e-06
1386.0,1390.8,True,laptop_ravi,0.9999930227539159,stand_cooler_mixed_withSwing,3.249483139022381e-06
1387.0,1391.8,True,laptop_ravi,0.9999852177346557,stand_cooler_mixed_withSwing,1.106404104999261e-05
1388.0,1392.8,True,laptop_ravi,0.9999911225991818,stand_cooler_mixed_withSwing,5.157634484890385e-06
1389.0,1393.8,True,laptop_ravi,0.9999924340280103,stand_cooler_mixed_withSwing,3.7800781605143044e-06
1390.0,1394.8,True,laptop_ravi,0.9999918864265515,stand_cooler_mixed_withSwing,4.065430736099783e-06
1391.0,1395.8,True,laptop_ravi,0.9999918745825152,stand_cooler_mixed_withSwing,4.065435808632073e-06
1392.0,1396.8,True,laptop_ravi,0.9999918864265515,stand_cooler_mixed_withSwing,4.065430736099783e-06
1393.0,1397.8,True,laptop_ravi,0.9999918864265515,stand_cooler_mixed_withSwing,4.065430736099783e-06
1394.0,1398.8,True,laptop_ravi,0.9999918864265515,stand_cooler_mixed_withSwing,4.065430736099783e-06
1395.0,1399.8,True,laptop_ravi,0.9999915495996284,stand_cooler_mixed_withSwing,4.064716475720651e-06
1396.0,1400.8,True,laptop_ravi,0.9999915495996284,stand_cooler_mixed_withSwing,4.064716475720651e-06
1397.0,1401.8,True,laptop_ravi,0.9999915550488874,stand_cooler_mixed_withSwing,4.064716497870532e-06
1398.0,1402.8,True,laptop_ravi,0.9999915550488874,stand_cooler_mixed_withSwing,4.064716497870532e-06
1399.0,1403.8,True,laptop_ravi,0.9999915495994621,stand_cooler_mixed_withSwing,4.0647164757199754e-06
1400.0,1404.8,True,laptop_ravi,0.9999918864265515,stand_cooler_mixed_withSwing,4.065430736099783e-06
1401.0,1405.8,True,laptop_ravi,0.9999918848126882,stand_cooler_mixed_withSwing,4.0653875552756795e-06
1402.0,1406.8,True,laptop_ravi,0.9999960606950623,stand_cooler_3_swing,6.795317041519391e-07
1403.0,1407.8,True,laptop_ravi,0.9999959946052707,stand_cooler_3_swing,6.81175363221879e-07
1404.0,1408.8,True,laptop_ravi,0.9999922008826814,stand_cooler_mixed_withSwing,3.896566503111649e-06
1405.0,1409.8,True,laptop_ravi,0.9999918848105787,stand_cooler_mixed_withSwing,4.065419621005881e-06
1406.0,1410.8,True,laptop_ravi,0.9999918848126882,stand_cooler_mixed_withSwing,4.0653875552756795e-06
1407.0,1411.8,True,laptop_ravi,0.9999918848105787,stand_cooler_mixed_withSwing,4.065419621005881e-06
1408.0,1412.8,True,laptop_ravi,0.9999918864265515,stand_cooler_mixed_withSwing,4.065430736099783e-06
1409.0,1413.8,True,laptop_ravi,0.9999918743188416,stand_cooler_mixed_withSwing,4.065430686876327e-06
1410.0,1414.8,True,laptop_ravi,0.9999920814796802,stand_cooler_mixed_withSwing,4.06540279678421e-06
1411.0,1415.8,True,laptop_ravi,0.9999920814796802,stand_cooler_mixed_withSwing,4.06540279678421e-06
1412.0,1416.8,True,laptop_ravi,0.9999918952085,stand_cooler_mixed_withSwing,4.064713190348377e-06
1413.0,1417.8,True,laptop_ravi,0.9999918864265515,stand_cooler_mixed_withSwing,4.065430736099783e-06
1414.0,1418.8,True,laptop_ravi,0.9999920814796802,stand_cooler_mixed_withSwing,4.06540279678421e-06
1415.0,1419.8,True,laptop_ravi,0.9999918864265515,stand_cooler_mixed_withSwing,4.065430736099783e-06
1416.0,1420.8,True,laptop_ravi,0.9999915495996284,stand_cooler_mixed_withSwing,4.064716475720651e-06
1417.0,1421.8,True,laptop_ravi,0.9999915550488874,stand_cooler_mixed_withSwing,4.064716497870532e-06
1418.0,1422.8,True,laptop_ravi,0.9999915550326164,stand_cooler_mixed_withSwing,4.0647172811117005e-06
1419.0,1423.8,True,laptop_ravi,0.9999731255701995,stand_cooler_mixed_withSwing,1.3589146328034133e-05
1420.0,1424.8,True,laptop_ravi,0.9999728539599232,stand_cooler_mixed_withSwing,1.3916527521815057e-05
1421.0,1425.8,True,laptop_ravi,0.9999844772991394,stand_cooler_2_swing,8.22808254135826e-06
1422.0,1426.8,True,laptop_ravi,0.9999850027912491,stand_cooler_2_swing,8.239916511302744e-06
1423.0,1427.8,True,laptop_ravi,0.9999964866361432,stand_cooler_mixed_withSwing,4.6473871644159133e-07
1424.0,1428.8,True,laptop_ravi,0.9999965662136726,stand_cooler_mixed_withSwing,4.871620215616135e-07
1425.0,1429.8,True,laptop_ravi,0.999996222999794,stand_cooler_3_swing,6.144089640900895e-07
1426.0,1430.8,True,laptop_ravi,0.9999844772991394,stand_cooler_2_swing,8.22808254135826e-06
1427.0,1431.8,True,laptop_ravi,0.9999829009519955,stand_cooler_2_swing,9.084729462804293e-06
1428.0,1432.8,True,laptop_ravi,0.9999724894317632,stand_cooler_mixed_withSwing,1.3916522448711172e-05
1429.0,1433.8,True,laptop_ravi,0.9999838620670553,stand_cooler_mixed_withSwing,1.1507526151236398e-05
1430.0,1434.8,True,laptop_ravi,0.9999902656589744,stand_cooler_mixed_withSwing,4.749435046425681e-06
1431.0,1435.8,True,laptop_ravi,0.9999902656589744,stand_cooler_mixed_withSwing,4.749435046425681e-06
1432.0,1436.8,True,laptop_ravi,0.9999902656589744,stand_cooler_mixed_withSwing,4.749435046425681e-06
1433.0,1437.8,True,laptop_ravi,0.9999902171380971,stand_cooler_mixed_withSwing,4.797522843680159e-06
1434.0,1438.8,True,laptop_ravi,0.9999902656589744,stand_cooler_mixed_withSwing,4.749435046425681e-06
1435.0,1439.8,True,laptop_ravi,0.9999909187616465,stand_cooler_mixed_withSwing,4.4049238286140095e-06
1436.0,1440.8,True,laptop_ravi,0.9999908813256485,stand_cooler_mixed_withSwing,4.404922814841663e-06
1437.0,1441.8,True,laptop_ravi,0.9999908813256485,stand_cooler_mixed_withSwing,4.404922814841663e-06
1438.0,1442.8,True,laptop_ravi,0.9999840324752803,stand_cooler_mixed_withSwing,1.1291643487246473e-05
1439.0,1443.8,True,laptop_ravi,0.999983724361765,stand_cooler_mixed_withSwing,1.1291642184083243e-05
1440.0,1444.8,True,laptop_ravi,0.9999828406451734,stand_cooler_mixed_withSwing,1.2174764159229655e-05
1441.0,1445.8,True,laptop_ravi,0.9999822978404234,stand_cooler_mixed_withSwing,1.271767818417707e-05
1442.0,1446.8,True,laptop_ravi,0.9999822977338562,stand_cooler_mixed_withSwing,1.271767818282176e-05
1443.0,1447.8,True,laptop_ravi,0.9999822977338562,stand_cooler_mixed_withSwing,1.271767818282176e-05
1444.0,1448.8,True,laptop_ravi,0.9999832208314092,stand_cooler_mixed_withSwing,1.1795175268285274e-05
1445.0,1449.8,True,laptop_ravi,0.9999832208314092,stand_cooler_mixed_withSwing,1.1795175268285274e-05
1446.0,1450.8,True,laptop_ravi,0.9999837244177582,stand_cooler_mixed_withSwing,1.1291642184715508e-05
1447.0,1451.8,True,laptop_ravi,0.9999906107080653,stand_cooler_mixed_withSwing,4.404922471649126e-06
1448.0,1452.8,True,laptop_ravi,0.9999906107080653,stand_cooler_mixed_withSwing,4.404922471649126e-06
1449.0,1453.8,True,laptop_ravi,0.9999902655419464,stand_cooler_mixed_withSwing,4.749435045869858e-06
1450.0,1454.8,True,laptop_ravi,0.9999828407514286,stand_cooler_mixed_withSwing,1.2174764160523308e-05
1451.0,1455.8,True,laptop_ravi,0.9999837244176649,stand_cooler_mixed_withSwing,1.1291642184714456e-05
1452.0,1456.8,True,laptop_ravi,0.999983724361765,stand_cooler_mixed_withSwing,1.1291642184083243e-05
1453.0,1457.8,True,laptop_ravi,0.9999834915024107,stand_cooler_mixed_withSwing,1.179517618791456e-05
1454.0,1458.8,True,laptop_ravi,0.999983486077407,stand_cooler_mixed_withSwing,1.1795176123924628e-05
1455.0,1459.8,True,laptop_ravi,0.9999834860775737,stand_cooler_mixed_withSwing,1.1795176123926595e-05
1456.0,1460.8,True,laptop_ravi,0.9999908759007042,stand_cooler_mixed_withSwing,4.404922790944984e-06
1457.0,1461.8,True,laptop_ravi,0.9999839896080722,stand_cooler_mixed_withSwing,1.1291643003197514e-05
1458.0,1462.8,True,laptop_ravi,0.9999908759005646,stand_cooler_mixed_withSwing,4.404922790944369e-06
1459.0,1463.8,True,laptop_ravi,0.9999908813256485,stand_cooler_mixed_withSwing,4.404922814841663e-06
1460.0,1464.8,True,laptop_ravi,0.9999839950328488,stand_cooler_mixed_withSwing,1.1291643064453135e-05
1461.0,1465.8,True,laptop_ravi,0.9999907998510013,stand_cooler_mixed_withSwing,4.404923304816917e-06
1462.0,1466.8,True,laptop_ravi,0.9999908759007315,stand_cooler_mixed_withSwing,4.404922790945104e-06
1463.0,1467.8,True,laptop_ravi,0.9999724894205329,stand_cooler_mixed_withSwing,1.391652244855488e-05
1464.0,1468.8,True,laptop_ravi,0.9999724894205329,stand_cooler_mixed_withSwing,1.391652244855488e-05
1465.0,1469.8,True,laptop_ravi,0.9999730089368565,stand_cooler_mixed_withSwing,1.4051120758186101e-05
1466.0,1470.8,True,laptop_ravi,0.9999730089368565,stand_cooler_mixed_withSwing,1.4051120758186101e-05
1467.0,1471.8,True,laptop_ravi,0.9999920626040391,stand_cooler_mixed_withSwing,4.166839743719905e-06
1468.0,1472.8,True,laptop_ravi,0.9999908059842367,stand_cooler_mixed_withSwing,5.868058997597961e-06
1469.0,1473.8,True,laptop_ravi,0.9999570537489697,stand_cooler_mixed_withSwing,3.0191262518395774e-05
1470.0,1474.8,True,laptop_ravi,0.9999349314569064,table_fan_lvl1,3.683646319743565e-05
1471.0,1475.8,True,laptop_ravi,0.9999358565513221,table_fan_lvl1,3.3325931470924024e-05
1472.0,1476.8,True,laptop_ravi,0.9999487490886667,table_fan_lvl1,3.3332769316391026e-05
1473.0,1477.8,True,laptop_ravi,0.9999906529720323,stand_cooler_mixed_withSwing,6.130432770977045e-06
1474.0,1478.8,True,laptop_ravi,0.9999818789906718,stand_cooler_2_swing,8.316285465784538e-06
1475.0,1479.8,True,laptop_ravi,0.9999740534278819,stand_cooler_mixed_withSwing,1.4712410686698969e-05
1476.0,1480.8,True,laptop_ravi,0.9999741429546767,stand_cooler_mixed_withSwing,1.467392773678269e-05
1477.0,1481.8,True,laptop_ravi,0.9999807391450588,stand_cooler_2_swing,8.979429781675372e-06
1478.0,1482.8,True,laptop_ravi,0.9999799489698195,stand_cooler_2_swing,8.927238129429637e-06
1479.0,1483.8,True,laptop_ravi,0.9999963030649853,table_fan_lvl2_directOff,5.034708636320166e-07
1480.0,1484.8,True,laptop_ravi,0.9999963691127697,stand_cooler_mixed_withSwing,4.874327236097978e-07
1481.0,1485.8,True,laptop_ravi,0.9999957946374829,stand_cooler_3_swing,7.482727419050018e-07
1482.0,1486.8,True,laptop_ravi,0.9999956197895502,stand_cooler_3_swing,6.762400057755682e-07
1483.0,1487.8,True,laptop_ravi,0.9999952979377283,stand_cooler_3_swing,7.490769645408233e-07
1484.0,1488.8,True,laptop_ravi,0.9999953675426083,stand_cooler_3_swing,7.481957845081588e-07
1485.0,1489.8,True,laptop_ravi,0.9999954394976331,stand_cooler_3_swing,6.76240480264449e-07
1486.0,1490.8,True,laptop_ravi,0.9999954329144226,stand_cooler_3_swing,6.828237163078123e-07
1487.0,1491.8,True,laptop_ravi,0.9999954329587144,stand_cooler_3_swing,6.828237163380558e-07
1488.0,1492.8,True,laptop_ravi,0.9999955463950115,stand_cooler_3_swing,6.828237937954036e-07
1489.0,1493.8,True,laptop_ravi,0.9999954356336482,stand_cooler_3_swing,6.762404776514542e-07
1490.0,1494.8,True,laptop_ravi,0.9999953675424429,stand_cooler_3_swing,7.481956731152768e-07
1491.0,1495.8,True,laptop_ravi,0.9999955919051471,stand_cooler_3_swing,7.416381667799854e-07
1492.0,1496.8,True,laptop_ravi,0.999995618703473,stand_cooler_3_swing,6.828231995007093e-07
1493.0,1497.8,True,laptop_ravi,0.999995618703473,stand_cooler_3_swing,6.828231995007093e-07
1494.0,1498.8,True,laptop_ravi,0.9999956132063846,stand_cooler_3_swing,6.828231957471534e-07
1495.0,1499.8,True,laptop_ravi,0.9999961151432746,stand_cooler_mixed_withSwing,5.325507627672428e-07
1496.0,1500.8,True,laptop_ravi,0.9999936563502335,stand_cooler_mixed_withSwing,2.9032538911803904e-06
1497.0,1501.8,True,laptop_ravi,0.9999935973012768,stand_cooler_mixed_withSwing,2.903253830051607e-06
1498.0,1502.8,True,laptop_ravi,0.9999844346330868,stand_cooler_mixed_withSwing,1.1299613006990991e-05
1499.0,1503.8,True,laptop_ravi,0.9999911225991818,stand_cooler_mixed_withSwing,5.157634484890385e-06
1500.0,1504.8,True,laptop_ravi,0.9999918997737067,stand_cooler_mixed_withSwing,4.06538780049735e-06
1501.0,1505.8,True,laptop_ravi,0.9999922008826814,stand_cooler_mixed_withSwing,3.896566503111649e-06
1502.0,1506.8,True,laptop_ravi,0.9999920814796802,stand_cooler_mixed_withSwing,4.06540279678421e-06
1503.0,1507.8,True,laptop_ravi,0.9999920814796802,stand_cooler_mixed_withSwing,4.06540279678421e-06
1504.0,1508.8,True,laptop_ravi,0.9999920814796802,stand_cooler_mixed_withSwing,4.06540279678421e-06
1505.0,1509.8,True,laptop_ravi,0.9999924340280103,stand_cooler_mixed_withSwing,3.7800781605143044e-06
1506.0,1510.8,True,laptop_ravi,0.9999922008826814,stand_cooler_mixed_withSwing,3.896566503111649e-06
1507.0,1511.8,True,laptop_ravi,0.999992527383434,stand_cooler_mixed_withSwing,3.7322790406353785e-06
1508.0,1512.8,True,laptop_ravi,0.9999911225991818,stand_cooler_mixed_withSwing,5.157634484890385e-06
1509.0,1513.8,True,laptop_ravi,0.9999852196999149,stand_cooler_mixed_withSwing,1.1064041071736642e-05
1510.0,1514.8,True,laptop_ravi,0.9999930227539159,stand_cooler_mixed_withSwing,3.249483139022381e-06
1511.0,1515.8,True,laptop_ravi,0.9999918637116845,stand_cooler_mixed_withSwing,4.065379038702266e-06
1512.0,1516.8,True,laptop_ravi,0.9999930227539159,stand_cooler_mixed_withSwing,3.249483139022381e-06
1513.0,1517.8,True,laptop_ravi,0.9999930227539159,stand_cooler_mixed_withSwing,3.249483139022381e-06
1514.0,1518.8,True,laptop_ravi,0.9999930185979493,stand_cooler_mixed_withSwing,3.251749611932177e-06
1515.0,1519.8,True,laptop_ravi,0.9999925273803456,stand_cooler_mixed_withSwing,3.7322790406238516e-06
1516.0,1520.8,True,laptop_ravi,0.9999920740089342,stand_cooler_mixed_withSwing,4.065388508836855e-06
1517.0,1521.8,True,laptop_ravi,0.9999911225965776,stand_cooler_mixed_withSwing,5.157629126001507e-06
1518.0,1522.8,True,laptop_ravi,0.9999731255723439,stand_cooler_mixed_withSwing,1.3589132208694635e-05
1519.0,1523.8,True,laptop_ravi,0.999982808813935,stand_cooler_2_swing,9.137414394704356e-06
1520.0,1524.8,True,laptop_ravi,0.9999936417372458,stand_cooler_mixed_withSwing,3.090563342567576e-06
1521.0,1525.8,True,laptop_ravi,0.9999946039715212,stand_cooler_mixed_withSwing,2.6131296437522407e-06
1522.0,1526.8,True,laptop_ravi,0.9999964403356966,stand_cooler_3_swing,6.151174060484148e-07
1523.0,1527.8,True,laptop_ravi,0.9999960750010803,stand_cooler_3_swing,6.694593741127356e-07
1524.0,1528.8,True,laptop_ravi,0.99999323060123,stand_cooler_mixed_withSwing,3.1104668497587933e-06
1525.0,1529.8,True,laptop_ravi,0.9999844773050343,stand_cooler_2_swing,8.228082541406764e-06
1526.0,1530.8,True,laptop_ravi,0.9999728539599232,stand_cooler_mixed_withSwing,1.3916527521815057e-05
1527.0,1531.8,True,laptop_ravi,0.9999731255701995,stand_cooler_mixed_withSwing,1.3589146328034133e-05
1528.0,1532.8,True,laptop_ravi,0.9999924340280103,stand_cooler_mixed_withSwing,3.7800781605143044e-06
1529.0,1533.8,True,laptop_ravi,0.9999918864265515,stand_cooler_mixed_withSwing,4.065430736099783e-06
1530.0,1534.8,True,laptop_ravi,0.9999915550488874,stand_cooler_mixed_withSwing,4.064716497870532e-06
1531.0,1535.8,True,laptop_ravi,0.9999915495996284,stand_cooler_mixed_withSwing,4.064716475720651e-06
1532.0,1536.8,True,laptop_ravi,0.9999915495996284,stand_cooler_mixed_withSwing,4.064716475720651e-06
1533.0,1537.8,True,laptop_ravi,0.9999915495996009,stand_cooler_mixed_withSwing,4.0647164757205396e-06
1534.0,1538.8,True,laptop_ravi,0.9999918997737067,stand_cooler_mixed_withSwing,4.06538780049735e-06
1535.0,1539.8,True,laptop_ravi,0.9999924340280103,stand_cooler_mixed_withSwing,3.7800781605143044e-06
1536.0,1540.8,True,laptop_ravi,0.9999925273803456,stand_cooler_mixed_withSwing,3.7322790406238516e-06
1537.0,1541.8,True,laptop_ravi,0.9999922008826814,stand_cooler_mixed_withSwing,3.896566503111649e-06
1538.0,1542.8,True,laptop_ravi,0.9999920740089342,stand_cooler_mixed_withSwing,4.065388508836855e-06
1539.0,1543.8,True,laptop_ravi,0.9999918997737067,stand_cooler_mixed_withSwing,4.06538780049735e-06
1540.0,1544.8,True,laptop_ravi,0.9999918637116845,stand_cooler_mixed_withSwing,4.065379038702266e-06
1541.0,1545.8,True,laptop_ravi,0.9999930185979493,stand_cooler_mixed_withSwing,3.251749611932177e-06
1542.0,1546.8,True,laptop_ravi,0.9999925273803456,stand_cooler_mixed_withSwing,3.7322790406238516e-06
1543.0,1547.8,True,laptop_ravi,0.9999954564587182,stand_cooler_3_swing,7.4119275515498e-07
1544.0,1548.8,True,laptop_ravi,0.9999956306951858,stand_cooler_3_swing,7.411928842983741e-07
1545.0,1549.8,True,laptop_ravi,0.9999918997737067,stand_cooler_mixed_withSwing,4.06538780049735e-06
1546.0,1550.8,True,laptop_ravi,0.9999918864265515,stand_cooler_mixed_withSwing,4.065430736099783e-06
1547.0,1551.8,True,laptop_ravi,0.9999918864265515,stand_cooler_mixed_withSwing,4.065430736099783e-06
1548.0,1552.8,True,laptop_ravi,0.9999920814796802,stand_cooler_mixed_withSwing,4.06540279678421e-06
1549.0,1553.8,True,laptop_ravi,0.9999915495996284,stand_cooler_mixed_withSwing,4.064716475720651e-06
1550.0,1554.8,True,laptop_ravi,0.9999915495996284,stand_cooler_mixed_withSwing,4.064716475720651e-06
1551.0,1555.8,True,laptop_ravi,0.9999915550488874,stand_cooler_mixed_withSwing,4.064716497870532e-06
1552.0,1556.8,True,laptop_ravi,0.9999912405162409,stand_cooler_mixed_withSwing,4.0647160026807575e-06
1553.0,1557.8,True,laptop_ravi,0.9999915495996009,stand_cooler_mixed_withSwing,4.0647164757205396e-06
1554.0,1558.8,True,laptop_ravi,0.9999918745825152,stand_cooler_mixed_withSwing,4.065435808632073e-06
1555.0,1559.8,True,laptop_ravi,0.9999918952085,stand_cooler_mixed_withSwing,4.064713190348377e-06
1556.0,1560.8,True,laptop_ravi,0.9999915495996284,stand_cooler_mixed_withSwing,4.064716475720651e-06
1557.0,1561.8,True,laptop_ravi,0.9999915495996009,stand_cooler_mixed_withSwing,4.0647164757205396e-06
1558.0,1562.8,True,laptop_ravi,0.9999915495996284,stand_cooler_mixed_withSwing,4.064716475720651e-06
1559.0,1563.8,True,laptop_ravi,0.9999915495994621,stand_cooler_mixed_withSwing,4.0647164757199754e-06
1560.0,1564.8,True,laptop_ravi,0.999991435133236,stand_cooler_mixed_withSwing,4.064716793750501e-06
1561.0,1565.8,True,laptop_ravi,0.9999912443465383,stand_cooler_mixed_withSwing,4.064716018249965e-06
1562.0,1566.8,True,laptop_ravi,0.9999907594194365,stand_cooler_mixed_withSwing,4.548899889964668e-06
1563.0,1567.8,True,laptop_ravi,0.9999907594194085,stand_cooler_mixed_withSwing,4.548899889964541e-06
1564.0,1568.8,True,laptop_ravi,0.9999907593893309,stand_cooler_mixed_withSwing,4.5488998898277194e-06
1565.0,1569.8,True,laptop_ravi,0.9999907593893309,stand_cooler_mixed_withSwing,4.5488998898277194e-06
1566.0,1570.8,True,laptop_ravi,0.9999915495996284,stand_cooler_mixed_withSwing,4.064716475720651e-06
1567.0,1571.8,True,laptop_ravi,0.9999930185979493,stand_cooler_mixed_withSwing,3.251749611932177e-06
1568.0,1572.8,True,laptop_ravi,0.9999852196999149,stand_cooler_mixed_withSwing,1.1064041071736642e-05
1569.0,1573.8,True,laptop_ravi,0.9999925656736606,stand_cooler_mixed_withSwing,3.4342853709155172e-06
1570.0,1574.8,True,laptop_ravi,0.9999951311859439,stand_cooler_mixed_withSwing,1.0697841560157788e-06
1571.0,1575.8,True,laptop_ravi,0.9999958142909608,stand_cooler_3_swing,7.41336996830131e-07
1572.0,1576.8,True,laptop_ravi,0.9999958142649723,stand_cooler_3_swing,7.413369968108646e-07
1573.0,1577.8,True,laptop_ravi,0.9999958699618878,stand_cooler_3_swing,6.783780935570387e-07
1574.0,1578.8,True,laptop_ravi,0.9999829546701327,stand_cooler_2_swing,9.137403275740868e-06
1575.0,1579.8,True,laptop_ravi,0.9999728217419288,stand_cooler_mixed_withSwing,1.391652707344028e-05
1576.0,1580.8,True,laptop_ravi,0.9999617476274738,stand_cooler_mixed_withSwing,2.45353087122185e-05
1577.0,1581.8,True,laptop_ravi,0.9999844527658632,stand_cooler_mixed_withSwing,1.1307234576886241e-05
1578.0,1582.8,True,laptop_ravi,0.999983205583432,stand_cooler_mixed_withSwing,1.1795175088429691e-05
1579.0,1583.8,True,laptop_ravi,0.999983205583432,stand_cooler_mixed_withSwing,1.1795175088429691e-05
1580.0,1584.8,True,laptop_ravi,0.9999837244177582,stand_cooler_mixed_withSwing,1.1291642184715508e-05
1581.0,1585.8,True,laptop_ravi,0.9999906106520703,stand_cooler_mixed_withSwing,4.40492247140247e-06
1582.0,1586.8,True,laptop_ravi,0.9999906107080653,stand_cooler_mixed_withSwing,4.404922471649126e-06
1583.0,1587.8,True,laptop_ravi,0.9999828406448611,stand_cooler_mixed_withSwing,1.2174764159225852e-05
1584.0,1588.8,True,laptop_ravi,0.9999828412993479,stand_cooler_mixed_withSwing,1.2174764167194211e-05
1585.0,1589.8,True,laptop_ravi,0.9999837244176649,stand_cooler_mixed_withSwing,1.1291642184714456e-05
1586.0,1590.8,True,laptop_ravi,0.9999840324752803,stand_cooler_mixed_withSwing,1.1291643487246473e-05
1587.0,1591.8,True,laptop_ravi,0.9999834915024107,stand_cooler_mixed_withSwing,1.179517618791456e-05
1588.0,1592.8,True,laptop_ravi,0.999983486077407,stand_cooler_mixed_withSwing,1.1795176123924628e-05
1589.0,1593.8,True,laptop_ravi,0.9999834860775737,stand_cooler_mixed_withSwing,1.1795176123926595e-05
1590.0,1594.8,True,laptop_ravi,0.9999908759007042,stand_cooler_mixed_withSwing,4.404922790944984e-06
1591.0,1595.8,True,laptop_ravi,0.9999908759007315,stand_cooler_mixed_withSwing,4.404922790945104e-06
1592.0,1596.8,True,laptop_ravi,0.9999908813256485,stand_cooler_mixed_withSwing,4.404922814841663e-06
1593.0,1597.8,True,laptop_ravi,0.9999908813256485,stand_cooler_mixed_withSwing,4.404922814841663e-06
1594.0,1598.8,True,laptop_ravi,0.9999839950328488,stand_cooler_mixed_withSwing,1.1291643064453135e-05
1595.0,1599.8,True,laptop_ravi,0.9999907998510013,stand_cooler_mixed_withSwing,4.404923304816917e-06
1596.0,1600.8,True,laptop_ravi,0.9999907998510013,stand_cooler_mixed_withSwing,4.404923304816917e-06
1597.0,1601.8,True,laptop_ravi,0.9999724894205329,stand_cooler_mixed_withSwing,1.391652244855488e-05
1598.0,1602.8,True,laptop_ravi,0.9999612797363626,stand_cooler_mixed_withSwing,2.5126393055494514e-05
1599.0,1603.8,True,laptop_ravi,0.9999636766379887,stand_cooler_mixed_withSwing,3.0887666775270343e-05
1600.0,1604.8,True,laptop_ravi,0.9999636766379887,stand_cooler_mixed_withSwing,3.0887666775270343e-05
1601.0,1605.8,True,laptop_ravi,0.9999808513515709,stand_cooler_mixed_withSwing,1.3832860573362084e-05
1602.0,1606.8,True,laptop_ravi,0.9999792752577837,stand_cooler_mixed_withSwing,1.540810783611126e-05
1603.0,1607.8,True,laptop_ravi,0.9999446459823054,stand_cooler_mixed_withSwing,5.049908453218964e-05
1604.0,1608.8,True,laptop_ravi,0.9999746857707369,stand_cooler_mixed_withSwing,1.5649483941614892e-05
1605.0,1609.8,True,laptop_ravi,0.9999470232965819,stand_cooler_mixed_withSwing,4.854433933344598e-05
1606.0,1610.8,True,laptop_ravi,0.9999366140516449,stand_cooler_mixed_withSwing,5.059145884163262e-05
1607.0,1611.8,True,laptop_ravi,0.9999360175227989,stand_cooler_mixed_withSwing,5.124589460934338e-05
1608.0,1612.8,True,laptop_ravi,0.9999728285730385,stand_cooler_mixed_withSwing,1.3916526639762688e-05
1609.0,1613.8,True,laptop_ravi,0.9999731004273851,stand_cooler_mixed_withSwing,1.3589140890403761e-05
1610.0,1614.8,True,laptop_ravi,0.9999908835946826,stand_cooler_mixed_withSwing,5.385006663646106e-06
1611.0,1615.8,True,laptop_ravi,0.9999918885533202,stand_cooler_mixed_withSwing,4.244624589817133e-06
1612.0,1616.8,True,laptop_ravi,0.9999918885533202,stand_cooler_mixed_withSwing,4.244624589817133e-06
1613.0,1617.8,True,laptop_ravi,0.9999920740089342,stand_cooler_mixed_withSwing,4.065388508836855e-06
1614.0,1618.8,True,laptop_ravi,0.9999956188528464,stand_cooler_3_swing,7.48272459830999e-07
1615.0,1619.8,True,laptop_ravi,0.9999960644106571,stand_cooler_mixed_withSwing,5.327999538479782e-07
1616.0,1620.8,True,laptop_ravi,0.9999768821793628,stand_cooler_mixed_withSwing,1.126241355612124e-05
1617.0,1621.8,True,laptop_ravi,0.9999768811638055,stand_cooler_mixed_withSwing,1.126347156845924e-05
1618.0,1622.8,True,laptop_ravi,0.9999677270040181,stand_cooler_mixed_withSwing,2.1657150112267288e-05
1619.0,1623.8,True,laptop_ravi,0.9999911332057937,stand_cooler_mixed_withSwing,5.717935208746457e-06
1620.0,1624.8,True,laptop_ravi,0.999993429406697,stand_cooler_mixed_withSwing,3.843499050586292e-06
1621.0,1625.8,True,laptop_ravi,0.999994208650821,stand_cooler_mixed_withSwing,3.0636596868500828e-06
1622.0,1626.8,True,laptop_ravi,0.9999950570417148,stand_cooler_mixed_withSwing,2.4473013895845896e-06
1623.0,1627.8,True,laptop_ravi,0.9999708153383184,stand_cooler_mixed_withSwing,1.8568396095099407e-05
1624.0,1628.8,True,laptop_ravi,0.9999798417410717,stand_cooler_mixed_withSwing,9.575803791075825e-06
1625.0,1629.8,True,laptop_ravi,0.9999783049045899,stand_cooler_mixed_withSwing,9.532737829468287e-06
1626.0,1630.8,True,laptop_ravi,0.9999960675439044,stand_cooler_3_swing,6.798637266911233e-07
1627.0,1631.8,True,laptop_ravi,0.9999955529782235,stand_cooler_3_swing,6.76240557004968e-07
1628.0,1632.8,True,laptop_ravi,0.9999955533161169,stand_cooler_3_swing,7.481958719578511e-07
1629.0,1633.8,True,laptop_ravi,0.9999955533283976,stand_cooler_3_swing,7.481951522491699e-07
1630.0,1634.8,True,laptop_ravi,0.9999957046813815,stand_cooler_3_swing,7.413781221283193e-07
1631.0,1635.8,True,laptop_ravi,0.9999955867261527,stand_cooler_3_swing,7.413788901388856e-07
1632.0,1636.8,True,laptop_ravi,0.9999958195178398,stand_cooler_3_swing,7.107160749842348e-07
1633.0,1637.8,True,laptop_ravi,0.9999956577167602,stand_cooler_3_swing,7.413767933548137e-07
1634.0,1638.8,True,laptop_ravi,0.9999958319533048,stand_cooler_3_swing,7.413769225303053e-07
1635.0,1639.8,True,laptop_ravi,0.9999956577167602,stand_cooler_3_swing,7.413767933548137e-07
1636.0,1640.8,True,laptop_ravi,0.9999956577167602,stand_cooler_3_swing,7.413767933548137e-07
1637.0,1641.8,True,laptop_ravi,0.9999959946052707,stand_cooler_3_swing,6.81175363221879e-07
1638.0,1642.8,True,laptop_ravi,0.9999960606945416,stand_cooler_3_swing,6.795317041515853e-07
1639.0,1643.8,True,laptop_ravi,0.9999929606015252,stand_cooler_mixed_withSwing,3.3098017891155777e-06
1640.0,1644.8,True,laptop_ravi,0.9999929606015252,stand_cooler_mixed_withSwing,3.3098017891155777e-06
1641.0,1645.8,True,laptop_ravi,0.9999930186009308,stand_cooler_mixed_withSwing,3.251749611941872e-06
1642.0,1646.8,True,laptop_ravi,0.9999911226021584,stand_cooler_mixed_withSwing,5.157634484905737e-06
1643.0,1647.8,True,laptop_ravi,0.9999852196999149,stand_cooler_mixed_withSwing,1.1064041071736642e-05
1644.0,1648.8,True,laptop_ravi,0.9999911225991818,stand_cooler_mixed_withSwing,5.157634484890385e-06
1645.0,1649.8,True,laptop_ravi,0.9999924340280103,stand_cooler_mixed_withSwing,3.7800781605143044e-06
1646.0,1650.8,True,laptop_ravi,0.9999930185979493,stand_cooler_mixed_withSwing,3.251749611932177e-06
1647.0,1651.8,True,laptop_ravi,0.9999930185979493,stand_cooler_mixed_withSwing,3.251749611932177e-06
1648.0,1652.8,True,laptop_ravi,0.9999930185979493,stand_cooler_mixed_withSwing,3.251749611932177e-06
1649.0,1653.8,True,laptop_ravi,0.9999926819667264,stand_cooler_mixed_withSwing,3.579431877994811e-06
1650.0,1654.8,True,laptop_ravi,0.9999915495996009,stand_cooler_mixed_withSwing,4.0647164757205396e-06
1651.0,1655.8,True,laptop_ravi,0.9999918864265515,stand_cooler_mixed_withSwing,4.065430736099783e-06
1652.0,1656.8,True,laptop_ravi,0.9999918864299128,stand_cooler_mixed_withSwing,4.065430736113448e-06
1653.0,1657.8,True,laptop_ravi,0.9999925273803456,stand_cooler_mixed_withSwing,3.7322790406238516e-06
1654.0,1658.8,True,laptop_ravi,0.9999911225991818,stand_cooler_mixed_withSwing,5.157634484890385e-06
1655.0,1659.8,True,laptop_ravi,0.9999852177346557,stand_cooler_mixed_withSwing,1.106404104999261e-05
1656.0,1660.8,True,laptop_ravi,0.9999930227539159,stand_cooler_mixed_withSwing,3.249483139022381e-06
1657.0,1661.8,True,laptop_ravi,0.9999918952085,stand_cooler_mixed_withSwing,4.064713190348377e-06
1658.0,1662.8,True,laptop_ravi,0.9999915495994621,stand_cooler_mixed_withSwing,4.0647164757199754e-06
1659.0,1663.8,True,laptop_ravi,0.9999915550488874,stand_cooler_mixed_withSwing,4.064716497870532e-06
1660.0,1664.8,True,laptop_ravi,0.9999915495996284,stand_cooler_mixed_withSwing,4.064716475720651e-06
1661.0,1665.8,True,laptop_ravi,0.9999918745825152,stand_cooler_mixed_withSwing,4.065435808632073e-06
1662.0,1666.8,True,laptop_ravi,0.9999918864265515,stand_cooler_mixed_withSwing,4.065430736099783e-06
1663.0,1667.8,True,laptop_ravi,0.9999915495994621,stand_cooler_mixed_withSwing,4.0647164757199754e-06
1664.0,1668.8,True,laptop_ravi,0.9999915550488874,stand_cooler_mixed_withSwing,4.064716497870532e-06
1665.0,1669.8,True,laptop_ravi,0.9999918944688833,stand_cooler_mixed_withSwing,4.04613008060701e-06
1666.0,1670.8,True,laptop_ravi,0.9999728538154876,stand_cooler_mixed_withSwing,1.3916662442316928e-05
1667.0,1671.8,True,laptop_ravi,0.9999847603887266,stand_cooler_2_swing,8.357938001250494e-06
1668.0,1672.8,True,laptop_ravi,0.9999937599082122,stand_cooler_mixed_withSwing,2.966170853166287e-06
1669.0,1673.8,True,laptop_ravi,0.9999962654578831,stand_cooler_3_swing,5.878271502259559e-07
1670.0,1674.8,True,laptop_ravi,0.9999960543205995,stand_cooler_3_swing,6.694593602679394e-07
1671.0,1675.8,True,laptop_ravi,0.9999964306013844,stand_cooler_3_swing,6.154291876097396e-07
1672.0,1676.8,True,laptop_ravi,0.9999845234004692,stand_cooler_2_swing,8.27536992568607e-06
1673.0,1677.8,True,laptop_ravi,0.999984320633085,stand_cooler_2_swing,8.329171306099352e-06
1674.0,1678.8,True,laptop_ravi,0.999973125564094,stand_cooler_mixed_withSwing,1.358914123199923e-05
1675.0,1679.8,True,laptop_ravi,0.9999852196999149,stand_cooler_mixed_withSwing,1.1064041071736642e-05
1676.0,1680.8,True,laptop_ravi,0.9999930185979493,stand_cooler_mixed_withSwing,3.251749611932177e-06
1677.0,1681.8,True,laptop_ravi,0.9999930227539159,stand_cooler_mixed_withSwing,3.249483139022381e-06
1678.0,1682.8,True,laptop_ravi,0.9999930185979493,stand_cooler_mixed_withSwing,3.251749611932177e-06
1679.0,1683.8,True,laptop_ravi,0.9999922008826814,stand_cooler_mixed_withSwing,3.896566503111649e-06
1680.0,1684.8,True,laptop_ravi,0.9999920740089342,stand_cooler_mixed_withSwing,4.065388508836855e-06
1681.0,1685.8,True,laptop_ravi,0.9999920740089342,stand_cooler_mixed_withSwing,4.065388508836855e-06
1682.0,1686.8,True,laptop_ravi,0.9999920740089342,stand_cooler_mixed_withSwing,4.065388508836855e-06
1683.0,1687.8,True,laptop_ravi,0.9999918848126882,stand_cooler_mixed_withSwing,4.0653875552756795e-06
1684.0,1688.8,True,laptop_ravi,0.9999918864265515,stand_cooler_mixed_withSwing,4.065430736099783e-06
1685.0,1689.8,True,laptop_ravi,0.9999915550488874,stand_cooler_mixed_withSwing,4.064716497870532e-06
1686.0,1690.8,True,laptop_ravi,0.9999915550326164,stand_cooler_mixed_withSwing,4.0647172811117005e-06
1687.0,1691.8,True,laptop_ravi,0.9999915495996009,stand_cooler_mixed_withSwing,4.0647164757205396e-06
1688.0,1692.8,True,laptop_ravi,0.9999918864265515,stand_cooler_mixed_withSwing,4.065430736099783e-06
1689.0,1693.8,True,laptop_ravi,0.9999915495996009,stand_cooler_mixed_withSwing,4.0647164757205396e-06
1690.0,1694.8,True,laptop_ravi,0.9999915495996284,stand_cooler_mixed_withSwing,4.064716475720651e-06
1691.0,1695.8,True,laptop_ravi,0.9999915495996009,stand_cooler_mixed_withSwing,4.0647164757205396e-06
1692.0,1696.8,True,laptop_ravi,0.9999915495996284,stand_cooler_mixed_withSwing,4.064716475720651e-06
1693.0,1697.8,True,laptop_ravi,0.9999915550488874,stand_cooler_mixed_withSwing,4.064716497870532e-06
1694.0,1698.8,True,laptop_ravi,0.9999912405162409,stand_cooler_mixed_withSwing,4.0647160026807575e-06
1695.0,1699.8,True,laptop_ravi,0.9999907594202281,stand_cooler_mixed_withSwing,4.5488998899682685e-06
1696.0,1700.8,True,laptop_ravi,0.9999907594194365,stand_cooler_mixed_withSwing,4.548899889964668e-06
1697.0,1701.8,True,laptop_ravi,0.9999907594194085,stand_cooler_mixed_withSwing,4.548899889964541e-06
1698.0,1702.8,True,laptop_ravi,0.9999907593893309,stand_cooler_mixed_withSwing,4.5488998898277194e-06
1699.0,1703.8,True,laptop_ravi,0.9999907593893309,stand_cooler_mixed_withSwing,4.5488998898277194e-06
1700.0,1704.8,True,laptop_ravi,0.9999907593893309,stand_cooler_mixed_withSwing,4.5488998898277194e-06
1701.0,1705.8,True,laptop_ravi,0.9999907593893309,stand_cooler_mixed_withSwing,4.5488998898277194e-06
1702.0,1706.8,True,laptop_ravi,0.9999912443465383,stand_cooler_mixed_withSwing,4.064716018249965e-06
1703.0,1707.8,True,laptop_ravi,0.9999915550488874,stand_cooler_mixed_withSwing,4.064716497870532e-06
1704.0,1708.8,True,laptop_ravi,0.9999915550488874,stand_cooler_mixed_withSwing,4.064716497870532e-06
1705.0,1709.8,True,laptop_ravi,0.9999915550488874,stand_cooler_mixed_withSwing,4.064716497870532e-06
1706.0,1710.8,True,laptop_ravi,0.999991435133236,stand_cooler_mixed_withSwing,4.064716793750501e-06
1707.0,1711.8,True,laptop_ravi,0.9999918743188416,stand_cooler_mixed_withSwing,4.065430686876327e-06
1708.0,1712.8,True,laptop_ravi,0.9999918997737067,stand_cooler_mixed_withSwing,4.06538780049735e-06
1709.0,1713.8,True,laptop_ravi,0.9999912222507458,stand_cooler_mixed_withSwing,4.4056502870324835e-06
1710.0,1714.8,True,laptop_ravi,0.9999838185197325,stand_cooler_mixed_withSwing,1.1797248744953689e-05
1711.0,1715.8,True,laptop_ravi,0.9999822978404234,stand_cooler_mixed_withSwing,1.271767818417707e-05
1712.0,1716.8,True,laptop_ravi,0.9999832208314092,stand_cooler_mixed_withSwing,1.1795175268285274e-05
1713.0,1717.8,True,laptop_ravi,0.999983724361765,stand_cooler_mixed_withSwing,1.1291642184083243e-05
1714.0,1718.8,True,laptop_ravi,0.9999924419276854,stand_cooler_mixed_withSwing,3.521456847666538e-06
1715.0,1719.8,True,laptop_ravi,0.9999727609915718,stand_cooler_mixed_withSwing,1.3589141373588666e-05
1716.0,1720.8,True,laptop_ravi,0.9999829020633396,stand_cooler_2_swing,9.084729472900726e-06
1717.0,1721.8,True,laptop_ravi,0.9999829518456907,stand_cooler_2_swing,9.137403249932363e-06
1718.0,1722.8,True,laptop_ravi,0.999995981992627,stand_cooler_3_swing,6.894339742855005e-07
1719.0,1723.8,True,laptop_ravi,0.9999956945226043,stand_cooler_3_swing,7.413369080410456e-07
1720.0,1724.8,True,laptop_ravi,0.9999958088413333,stand_cooler_3_swing,7.413369927901036e-07
1721.0,1725.8,True,laptop_ravi,0.9999829518456907,stand_cooler_2_swing,9.137403249932363e-06
1722.0,1726.8,True,laptop_ravi,0.9999829009577622,stand_cooler_2_swing,9.084729462856684e-06
1723.0,1727.8,True,laptop_ravi,0.9999612797475927,stand_cooler_mixed_withSwing,2.5126393055776697e-05
1724.0,1728.8,True,laptop_ravi,0.9999617509848856,stand_cooler_mixed_withSwing,2.4535308794596784e-05
1725.0,1729.8,True,laptop_ravi,0.999983486077407,stand_cooler_mixed_withSwing,1.1795176123924628e-05
1726.0,1730.8,True,laptop_ravi,0.9999834915024107,stand_cooler_mixed_withSwing,1.179517618791456e-05
1727.0,1731.8,True,laptop_ravi,0.9999834915024107,stand_cooler_mixed_withSwing,1.179517618791456e-05
1728.0,1732.8,True,laptop_ravi,0.9999834915024107,stand_cooler_mixed_withSwing,1.179517618791456e-05
1729.0,1733.8,True,laptop_ravi,0.9999837205486379,stand_cooler_mixed_withSwing,1.1291642141026075e-05
1730.0,1734.8,True,laptop_ravi,0.9999879907318027,stand_cooler_mixed_withSwing,7.627427069240197e-06
1731.0,1735.8,True,laptop_ravi,0.9999612797363626,stand_cooler_mixed_withSwing,2.5126393055494514e-05
1732.0,1736.8,True,laptop_ravi,0.999961215881026,stand_cooler_mixed_withSwing,2.51263914509781e-05
1733.0,1737.8,True,laptop_ravi,0.9999636766379887,stand_cooler_mixed_withSwing,3.0887666775270343e-05
1734.0,1738.8,True,laptop_ravi,0.9999636766379887,stand_cooler_mixed_withSwing,3.0887666775270343e-05
1735.0,1739.8,True,laptop_ravi,0.9999796182316075,stand_cooler_mixed_withSwing,1.5065139973397879e-05
1736.0,1740.8,True,laptop_ravi,0.9999792752579014,stand_cooler_mixed_withSwing,1.540810783611307e-05
1737.0,1741.8,True,laptop_ravi,0.9999718048517302,stand_cooler_3_swing,1.862571037401703e-05
1738.0,1742.8,True,laptop_ravi,0.9999718048517302,stand_cooler_3_swing,1.862571037401703e-05
1739.0,1743.8,True,laptop_ravi,0.9999718048875847,stand_cooler_3_swing,1.862568725698212e-05
1740.0,1744.8,True,laptop_ravi,0.9999643955848792,stand_cooler_mixed_withSwing,3.0161047951952215e-05
1741.0,1745.8,True,laptop_ravi,0.9999636766379887,stand_cooler_mixed_withSwing,3.0887666775270343e-05
1742.0,1746.8,True,laptop_ravi,0.9999637862243028,stand_cooler_mixed_withSwing,3.088767133380718e-05
1743.0,1747.8,True,laptop_ravi,0.9999645020169929,stand_cooler_mixed_withSwing,3.0161052308111664e-05
1744.0,1748.8,True,laptop_ravi,0.9999844832562538,stand_cooler_mixed_withSwing,1.1343461468408763e-05
1745.0,1749.8,True,laptop_ravi,0.9999827740740462,stand_cooler_mixed_withSwing,1.2694437887028538e-05
1746.0,1750.8,True,laptop_ravi,0.9999928678556725,stand_cooler_mixed_withSwing,3.3927355418564505e-06
1747.0,1751.8,True,laptop_ravi,0.9999930022112152,stand_cooler_mixed_withSwing,3.2517495586462486e-06
1748.0,1752.8,True,laptop_ravi,0.9999929442147931,stand_cooler_mixed_withSwing,3.3098017348783602e-06
1749.0,1753.8,True,laptop_ravi,0.9999918668294884,stand_cooler_mixed_withSwing,4.06538748216641e-06
1750.0,1754.8,True,laptop_ravi,0.9999915317638143,stand_cooler_mixed_withSwing,4.064716403222511e-06
1751.0,1755.8,True,laptop_ravi,0.9999907418236366,stand_cooler_mixed_withSwing,4.548899809922395e-06
1752.0,1756.8,True,laptop_ravi,0.9999915371969661,stand_cooler_mixed_withSwing,4.064717208614212e-06
1753.0,1757.8,True,laptop_ravi,0.9999918817905417,stand_cooler_mixed_withSwing,4.065387727388217e-06
1754.0,1758.8,True,laptop_ravi,0.9999959946052707,stand_cooler_3_swing,6.81175363221879e-07
1755.0,1759.8,True,laptop_ravi,0.9999959450744519,stand_cooler_3_swing,6.897120825274404e-07
1756.0,1760.8,True,laptop_ravi,0.9999957191587273,stand_cooler_3_swing,6.828647717865355e-07
1757.0,1761.8,True,laptop_ravi,0.9999955533311095,stand_cooler_3_swing,7.481952120980173e-07
1758.0,1762.8,True,laptop_ravi,0.9999956252866387,stand_cooler_3_swing,6.762400094929355e-07
1759.0,1763.8,True,laptop_ravi,0.999995618703473,stand_cooler_3_swing,6.828231995007093e-07
1760.0,1764.8,True,laptop_ravi,0.999995949708973,stand_cooler_mixed_withSwing,5.324572278249256e-07
1761.0,1765.8,True,laptop_ravi,0.9999958323869719,table_fan_mix,6.259789091244078e-07
1762.0,1766.8,True,laptop_ravi,0.999995363678467,stand_cooler_3_swing,7.481956702242533e-07
1763.0,1767.8,True,laptop_ravi,0.999995635421548,stand_cooler_3_swing,7.501399549928237e-07
1764.0,1768.8,True,laptop_ravi,0.9999960595331849,stand_cooler_3_swing,6.812644366489727e-07
1765.0,1769.8,True,laptop_ravi,0.9999919745691488,stand_cooler_mixed_withSwing,5.1062065394142826e-06
1766.0,1770.8,True,laptop_ravi,0.9999966389381001,stand_cooler_mixed_withSwing,6.717048668401785e-07
1767.0,1771.8,True,laptop_ravi,0.9999964737370209,stand_cooler_mixed_withSwing,7.866598057985436e-07
1768.0,1772.8,True,laptop_ravi,0.9999963595553706,stand_cooler_mixed_withSwing,8.580632199964754e-07
1769.0,1773.8,True,laptop_ravi,0.9999963692649073,stand_cooler_mixed_withSwing,8.517160192353376e-07
1770.0,1774.8,True,laptop_ravi,0.9999945872980212,stand_cooler_mixed_withSwing,2.6325331742512914e-06
1771.0,1775.8,True,laptop_ravi,0.9999848225167822,stand_cooler_2_swing,8.228082084931801e-06
1772.0,1776.8,True,laptop_ravi,0.9999829847915113,stand_cooler_2_swing,9.09779595588432e-06
1773.0,1777.8,True,laptop_ravi,0.9999914357271938,stand_cooler_mixed_withSwing,4.405510695401754e-06
1774.0,1778.8,True,laptop_ravi,0.999996068247486,stand_cooler_3_swing,6.795410121124176e-07
1775.0,1779.8,True,laptop_ravi,0.9999960682576502,stand_cooler_3_swing,6.795317092909776e-07
1776.0,1780.8,True,laptop_ravi,0.9999935973012768,stand_cooler_mixed_withSwing,2.903253830051607e-06
1777.0,1781.8,True,laptop_ravi,0.9999925480654651,stand_cooler_mixed_withSwing,3.4083881551230067e-06
1778.0,1782.8,True,laptop_ravi,0.9999950957455508,stand_cooler_mixed_withSwing,1.0617171222174249e-06
1779.0,1783.8,True,laptop_ravi,0.9999930227539159,stand_cooler_mixed_withSwing,3.249483139022381e-06
1780.0,1784.8,True,laptop_ravi,0.9999925273803456,stand_cooler_mixed_withSwing,3.7322790406238516e-06
1781.0,1785.8,True,laptop_ravi,0.9999929606015252,stand_cooler_mixed_withSwing,3.3098017891155777e-06
1782.0,1786.8,True,laptop_ravi,0.9999930185979493,stand_cooler_mixed_withSwing,3.251749611932177e-06
1783.0,1787.8,True,laptop_ravi,0.9999929606015252,stand_cooler_mixed_withSwing,3.3098017891155777e-06
1784.0,1788.8,True,laptop_ravi,0.9999920814830414,stand_cooler_mixed_withSwing,4.065402796797875e-06
1785.0,1789.8,True,laptop_ravi,0.9999918848160493,stand_cooler_mixed_withSwing,4.065387555289344e-06
1786.0,1790.8,True,laptop_ravi,0.9999918668273784,stand_cooler_mixed_withSwing,4.065419547896033e-06
1787.0,1791.8,True,laptop_ravi,0.9999930185979493,stand_cooler_mixed_withSwing,3.251749611932177e-06
1788.0,1792.8,True,laptop_ravi,0.9999852196999149,stand_cooler_mixed_withSwing,1.1064041071736642e-05
1789.0,1793.8,True,laptop_ravi,0.9999852196999149,stand_cooler_mixed_withSwing,1.1064041071736642e-05
1790.0,1794.8,True,laptop_ravi,0.9999929606015252,stand_cooler_mixed_withSwing,3.3098017891155777e-06
1791.0,1795.8,True,laptop_ravi,0.9999918864265515,stand_cooler_mixed_withSwing,4.065430736099783e-06
1792.0,1796.8,True,laptop_ravi,0.9999918952085,stand_cooler_mixed_withSwing,4.064713190348377e-06
1793.0,1797.8,True,laptop_ravi,0.9999915495996009,stand_cooler_mixed_withSwing,4.0647164757205396e-06
1794.0,1798.8,True,laptop_ravi,0.9999918848105787,stand_cooler_mixed_withSwing,4.065419621005881e-06
1795.0,1799.8,True,laptop_ravi,0.9999918848105787,stand_cooler_mixed_withSwing,4.065419621005881e-06
1796.0,1800.8,True,laptop_ravi,0.9999918864265515,stand_cooler_mixed_withSwing,4.065430736099783e-06
1797.0,1801.8,True,laptop_ravi,0.9999915495996284,stand_cooler_mixed_withSwing,4.064716475720651e-06
1798.0,1802.8,True,laptop_ravi,0.9999915550488874,stand_cooler_mixed_withSwing,4.064716497870532e-06
1799.0,1803.8,True,laptop_ravi,0.9999915550488874,stand_cooler_mixed_withSwing,4.064716497870532e-06
1800.0,1804.8,True,laptop_ravi,0.9999915550488874,stand_cooler_mixed_withSwing,4.064716497870532e-06
1801.0,1805.8,True,laptop_ravi,0.9999918864265515,stand_cooler_mixed_withSwing,4.065430736099783e-06
1802.0,1806.8,True,laptop_ravi,0.9999918848105787,stand_cooler_mixed_withSwing,4.065419621005881e-06
1803.0,1807.8,True,laptop_ravi,0.9999918997737067,stand_cooler_mixed_withSwing,4.06538780049735e-06
1804.0,1808.8,True,laptop_ravi,0.9999922008826814,stand_cooler_mixed_withSwing,3.896566503111649e-06
1805.0,1809.8,True,laptop_ravi,0.9999918637116845,stand_cooler_mixed_withSwing,4.065379038702266e-06
1806.0,1810.8,True,laptop_ravi,0.9999922008826814,stand_cooler_mixed_withSwing,3.896566503111649e-06
1807.0,1811.8,True,laptop_ravi,0.9999922008826814,stand_cooler_mixed_withSwing,3.896566503111649e-06
1808.0,1812.8,True,laptop_ravi,0.9999918997737067,stand_cooler_mixed_withSwing,4.06538780049735e-06
1809.0,1813.8,True,laptop_ravi,0.9999920740089342,stand_cooler_mixed_withSwing,4.065388508836855e-06
1810.0,1814.8,True,laptop_ravi,0.9999918997737067,stand_cooler_mixed_withSwing,4.06538780049735e-06
1811.0,1815.8,True,laptop_ravi,0.9999922008826814,stand_cooler_mixed_withSwing,3.896566503111649e-06
1812.0,1816.8,True,laptop_ravi,0.9999929606015252,stand_cooler_mixed_withSwing,3.3098017891155777e-06
1813.0,1817.8,True,laptop_ravi,0.9999820241920059,stand_cooler_mixed_withSwing,1.3589267255957846e-05
1814.0,1818.8,True,laptop_ravi,0.9999731255701995,stand_cooler_mixed_withSwing,1.3589146328034133e-05
1815.0,1819.8,True,laptop_ravi,0.9999922163812173,stand_cooler_mixed_withSwing,4.020434537945942e-06
1816.0,1820.8,True,laptop_ravi,0.9999964403967531,stand_cooler_3_swing,6.151089852084372e-07
1817.0,1821.8,True,laptop_ravi,0.9999963237291651,stand_cooler_3_swing,6.244222995777209e-07
1818.0,1822.8,True,laptop_ravi,0.9999962096654804,stand_cooler_3_swing,6.436630328550551e-07
1819.0,1823.8,True,laptop_ravi,0.9999932306077429,stand_cooler_mixed_withSwing,3.1104668497790514e-06
1820.0,1824.8,True,laptop_ravi,0.9999845237936276,stand_cooler_2_swing,8.275359232730842e-06
1821.0,1825.8,True,laptop_ravi,0.9999828091731571,stand_cooler_2_swing,9.137413339550572e-06
1822.0,1826.8,True,laptop_ravi,0.9999918944784122,stand_cooler_mixed_withSwing,4.046130080645565e-06
1823.0,1827.8,True,laptop_ravi,0.9999930227539159,stand_cooler_mixed_withSwing,3.249483139022381e-06
1824.0,1828.8,True,laptop_ravi,0.9999918997737067,stand_cooler_mixed_withSwing,4.06538780049735e-06
1825.0,1829.8,True,laptop_ravi,0.9999918848126882,stand_cooler_mixed_withSwing,4.0653875552756795e-06
1826.0,1830.8,True,laptop_ravi,0.9999915495996009,stand_cooler_mixed_withSwing,4.0647164757205396e-06
1827.0,1831.8,True,laptop_ravi,0.9999915550488874,stand_cooler_mixed_withSwing,4.064716497870532e-06
1828.0,1832.8,True,laptop_ravi,0.9999912443465383,stand_cooler_mixed_withSwing,4.064716018249965e-06
1829.0,1833.8,True,laptop_ravi,0.9999907594194365,stand_cooler_mixed_withSwing,4.548899889964668e-06
1830.0,1834.8,True,laptop_ravi,0.9999907594194085,stand_cooler_mixed_withSwing,4.548899889964541e-06
1831.0,1835.8,True,laptop_ravi,0.9999907594194085,stand_cooler_mixed_withSwing,4.548899889964541e-06
1832.0,1836.8,True,laptop_ravi,0.9999907593893309,stand_cooler_mixed_withSwing,4.5488998898277194e-06
1833.0,1837.8,True,laptop_ravi,0.9999907593893309,stand_cooler_mixed_withSwing,4.5488998898277194e-06
1834.0,1838.8,True,laptop_ravi,0.9999907593893309,stand_cooler_mixed_withSwing,4.5488998898277194e-06
1835.0,1839.8,True,laptop_ravi,0.9999907128918686,stand_cooler_mixed_withSwing,4.594957287740007e-06
1836.0,1840.8,True,laptop_ravi,0.9999915550326164,stand_cooler_mixed_withSwing,4.0647172811117005e-06
1837.0,1841.8,True,laptop_ravi,0.9999915550488874,stand_cooler_mixed_withSwing,4.064716497870532e-06
1838.0,1842.8,True,laptop_ravi,0.9999915550488874,stand_cooler_mixed_withSwing,4.064716497870532e-06
1839.0,1843.8,True,laptop_ravi,0.9999915550488874,stand_cooler_mixed_withSwing,4.064716497870532e-06
1840.0,1844.8,True,laptop_ravi,0.9999912443465383,stand_cooler_mixed_withSwing,4.064716018249965e-06
1841.0,1845.8,True,laptop_ravi,0.9999907593664845,stand_cooler_mixed_withSwing,4.548899889723792e-06
1842.0,1846.8,True,laptop_ravi,0.9999907593664845,stand_cooler_mixed_withSwing,4.548899889723792e-06
1843.0,1847.8,True,laptop_ravi,0.9999907594729669,stand_cooler_mixed_withSwing,4.5488998902081744e-06
1844.0,1848.8,True,laptop_ravi,0.9999907593553922,stand_cooler_mixed_withSwing,4.548899889673334e-06
1845.0,1849.8,True,laptop_ravi,0.9999907602201865,stand_cooler_mixed_withSwing,4.548899893607233e-06
1846.0,1850.8,True,laptop_ravi,0.9999912443465383,stand_cooler_mixed_withSwing,4.064716018249965e-06
1847.0,1851.8,True,laptop_ravi,0.999991435133236,stand_cooler_mixed_withSwing,4.064716793750501e-06
1848.0,1852.8,True,laptop_ravi,0.9999918848105787,stand_cooler_mixed_withSwing,4.065419621005881e-06
1849.0,1853.8,True,laptop_ravi,0.9999920814796802,stand_cooler_mixed_withSwing,4.06540279678421e-06
1850.0,1854.8,True,laptop_ravi,0.9999838066886824,stand_cooler_mixed_withSwing,1.1797263464806848e-05
1851.0,1855.8,True,laptop_ravi,0.9999834860775464,stand_cooler_mixed_withSwing,1.1795176123926273e-05
1852.0,1856.8,True,laptop_ravi,0.9999837244179771,stand_cooler_mixed_withSwing,1.129164218471798e-05
1853.0,1857.8,True,laptop_ravi,0.9999837244177582,stand_cooler_mixed_withSwing,1.1291642184715508e-05
1854.0,1858.8,True,laptop_ravi,0.9999839950331608,stand_cooler_mixed_withSwing,1.1291643064456657e-05
1855.0,1859.8,True,laptop_ravi,0.9999839950329421,stand_cooler_mixed_withSwing,1.129164306445419e-05
1856.0,1860.8,True,laptop_ravi,0.9999908759005646,stand_cooler_mixed_withSwing,4.404922790944369e-06
1857.0,1861.8,True,laptop_ravi,0.9999908759007315,stand_cooler_mixed_withSwing,4.404922790945104e-06
1858.0,1862.8,True,laptop_ravi,0.9999912186522844,stand_cooler_mixed_withSwing,4.404919218010285e-06
1859.0,1863.8,True,laptop_ravi,0.9999908759005646,stand_cooler_mixed_withSwing,4.404922790944369e-06
1860.0,1864.8,True,laptop_ravi,0.9999908813256485,stand_cooler_mixed_withSwing,4.404922814841663e-06
1861.0,1865.8,True,laptop_ravi,0.9999908813256485,stand_cooler_mixed_withSwing,4.404922814841663e-06
1862.0,1866.8,True,laptop_ravi,0.999983983489065,stand_cooler_mixed_withSwing,1.1990066109802173e-05
1863.0,1867.8,True,laptop_ravi,0.9999727609915718,stand_cooler_mixed_withSwing,1.3589141373588666e-05
1864.0,1868.8,True,laptop_ravi,0.9999800080205233,stand_cooler_2_swing,8.927212306335574e-06
1865.0,1869.8,True,laptop_ravi,0.9999800080205233,stand_cooler_2_swing,8.927212306335574e-06
1866.0,1870.8,True,laptop_ravi,0.9999800080205233,stand_cooler_2_swing,8.927212306335574e-06
1867.0,1871.8,True,laptop_ravi,0.9999288789690525,table_fan_lvl1,3.7053155046728744e-05
1868.0,1872.8,True,laptop_ravi,0.9999288789690525,table_fan_lvl1,3.7053155046728744e-05
1869.0,1873.8,True,laptop_ravi,0.999931134589597,table_fan_lvl1,3.705323863053107e-05
1870.0,1874.8,True,laptop_ravi,0.999973389449891,stand_cooler_mixed_withSwing,1.4578460281703482e-05
1871.0,1875.8,True,laptop_ravi,0.9999721274657741,stand_cooler_mixed_withSwing,1.8254099331039045e-05
1872.0,1876.8,True,laptop_ravi,0.9999854030027414,stand_cooler_mixed_withSwing,6.1597268914588105e-06
1873.0,1877.8,True,laptop_ravi,0.9999821287348925,stand_cooler_mixed_withSwing,1.2829698333189297e-05
1874.0,1878.8,True,laptop_ravi,0.9999636766379887,stand_cooler_mixed_withSwing,3.0887666775270343e-05
1875.0,1879.8,True,laptop_ravi,0.9999636766379887,stand_cooler_mixed_withSwing,3.0887666775270343e-05
1876.0,1880.8,True,laptop_ravi,0.9999637864618172,stand_cooler_mixed_withSwing,3.088767134114371e-05
1877.0,1881.8,True,laptop_ravi,0.999971045521627,stand_cooler_mixed_withSwing,2.4244451367711972e-05
1878.0,1882.8,True,laptop_ravi,0.9999856611228212,stand_cooler_mixed_withSwing,1.0153817665356771e-05
1879.0,1883.8,True,laptop_ravi,0.9999827740742754,stand_cooler_mixed_withSwing,1.2694437887031447e-05
1880.0,1884.8,True,laptop_ravi,0.9999587082331679,stand_cooler_2_swing,2.946505464179362e-05
1881.0,1885.8,True,laptop_ravi,0.9999575788686798,stand_cooler_2_swing,2.9536155543934544e-05
1882.0,1886.8,True,laptop_ravi,0.9999538578190562,stand_cooler_2_swing,3.214641538673541e-05
1883.0,1887.8,True,laptop_ravi,0.9999538345386147,stand_cooler_2_swing,3.214492639866196e-05
1884.0,1888.8,True,laptop_ravi,0.9999538565892555,stand_cooler_2_swing,3.214496556700621e-05
1885.0,1889.8,True,laptop_ravi,0.9999535192450456,stand_cooler_2_swing,3.2144991813968325e-05
1886.0,1890.8,True,laptop_ravi,0.9999535138203743,stand_cooler_2_swing,3.2144991639584204e-05
1887.0,1891.8,True,laptop_ravi,0.999991531763981,stand_cooler_mixed_withSwing,4.0647164032231895e-06
1888.0,1892.8,True,laptop_ravi,0.9999915550522499,stand_cooler_mixed_withSwing,4.064716497884199e-06
1889.0,1893.8,True,laptop_ravi,0.9999912405196035,stand_cooler_mixed_withSwing,4.064716002694425e-06
1890.0,1894.8,True,laptop_ravi,0.9999914351365986,stand_cooler_mixed_withSwing,4.064716793764169e-06
1891.0,1895.8,True,laptop_ravi,0.9999912443499009,stand_cooler_mixed_withSwing,4.064716018263633e-06
1892.0,1896.8,True,laptop_ravi,0.999991555035979,stand_cooler_mixed_withSwing,4.064717281125368e-06
1893.0,1897.8,True,laptop_ravi,0.999991899777068,stand_cooler_mixed_withSwing,4.065387800511014e-06
1894.0,1898.8,True,laptop_ravi,0.999992527383434,stand_cooler_mixed_withSwing,3.7322790406353785e-06
1895.0,1899.8,True,laptop_ravi,0.9999959946052707,stand_cooler_3_swing,6.81175363221879e-07
1896.0,1900.8,True,laptop_ravi,0.9999959453155706,stand_cooler_3_swing,6.894709629780798e-07
1897.0,1901.8,True,laptop_ravi,0.9999955478342664,stand_cooler_3_swing,7.481951481384691e-07
1898.0,1902.8,True,laptop_ravi,0.999995586466881,stand_cooler_3_swing,7.41638162746742e-07
1899.0,1903.8,True,laptop_ravi,0.9999956904134394,stand_cooler_3_swing,7.413812605781326e-07
1900.0,1904.8,True,laptop_ravi,0.9999959946052707,stand_cooler_3_swing,6.81175363221879e-07
1901.0,1905.8,True,laptop_ravi,0.9999958319533048,stand_cooler_3_swing,7.413769225303053e-07
1902.0,1906.8,True,laptop_ravi,0.9999956577167602,stand_cooler_3_swing,7.413767933548137e-07
1903.0,1907.8,True,laptop_ravi,0.9999956904134394,stand_cooler_3_swing,7.413812605781326e-07
1904.0,1908.8,True,laptop_ravi,0.9999957046813815,stand_cooler_3_swing,7.413781221283193e-07
1905.0,1909.8,True,laptop_ravi,0.9999955867261527,stand_cooler_3_swing,7.413788901388856e-07
1906.0,1910.8,True,laptop_ravi,0.9999958319533048,stand_cooler_3_swing,7.413769225303053e-07
1907.0,1911.8,True,laptop_ravi,0.9999956577167602,stand_cooler_3_swing,7.413767933548137e-07
1908.0,1912.8,True,laptop_ravi,0.9999956349147145,stand_cooler_3_swing,7.413767764498328e-07
1909.0,1913.8,True,laptop_ravi,0.9999960682576502,stand_cooler_3_swing,6.795317092909776e-07
1910.0,1914.8,True,laptop_ravi,0.9999935973012768,stand_cooler_mixed_withSwing,2.903253830051607e-06
1911.0,1915.8,True,laptop_ravi,0.9999914357271938,stand_cooler_mixed_withSwing,4.405510695401754e-06
1912.0,1916.8,True,laptop_ravi,0.9999829847915113,stand_cooler_2_swing,9.09779595588432e-06
1913.0,1917.8,True,laptop_ravi,0.9999827334214236,stand_cooler_2_swing,8.087281141443414e-06
1914.0,1918.8,True,laptop_ravi,0.9999822105538713,stand_cooler_2_swing,8.086196842441637e-06
1915.0,1919.8,True,laptop_ravi,0.9999962281165399,stand_cooler_mixed_withSwing,1.1087605414406367e-06
1916.0,1920.8,True,laptop_ravi,0.9999959892008369,stand_cooler_mixed_withSwing,1.5347856569515229e-06
1917.0,1921.8,True,laptop_ravi,0.9999963116948277,stand_cooler_mixed_withSwing,1.2174052047016954e-06
1918.0,1922.8,True,laptop_ravi,0.99997972907234,stand_cooler_mixed_withSwing,9.69876704801662e-06
1919.0,1923.8,True,laptop_ravi,0.9999780146759412,stand_cooler_mixed_withSwing,1.141464850530462e-05
1920.0,1924.8,True,laptop_ravi,0.9999477278736024,stand_cooler_mixed_withSwing,3.954411086745356e-05
1921.0,1925.8,True,laptop_ravi,0.999947696203787,stand_cooler_mixed_withSwing,3.954410961503339e-05
1922.0,1926.8,True,laptop_ravi,0.9999914719415594,stand_cooler_mixed_withSwing,4.0453743867219816e-06
1923.0,1927.8,True,laptop_ravi,0.9999852177346557,stand_cooler_mixed_withSwing,1.106404104999261e-05
1924.0,1928.8,True,laptop_ravi,0.9999930185979493,stand_cooler_mixed_withSwing,3.251749611932177e-06
1925.0,1929.8,True,laptop_ravi,0.9999918952085,stand_cooler_mixed_withSwing,4.064713190348377e-06
1926.0,1930.8,True,laptop_ravi,0.9999915495996284,stand_cooler_mixed_withSwing,4.064716475720651e-06
1927.0,1931.8,True,laptop_ravi,0.9999915495996009,stand_cooler_mixed_withSwing,4.0647164757205396e-06
1928.0,1932.8,True,laptop_ravi,0.9999918864265515,stand_cooler_mixed_withSwing,4.065430736099783e-06
1929.0,1933.8,True,laptop_ravi,0.9999918848126882,stand_cooler_mixed_withSwing,4.0653875552756795e-06
1930.0,1934.8,True,laptop_ravi,0.9999918848126882,stand_cooler_mixed_withSwing,4.0653875552756795e-06
1931.0,1935.8,True,laptop_ravi,0.9999915495996009,stand_cooler_mixed_withSwing,4.0647164757205396e-06
1932.0,1936.8,True,laptop_ravi,0.9999915495996284,stand_cooler_mixed_withSwing,4.064716475720651e-06
1933.0,1937.8,True,laptop_ravi,0.9999915495994621,stand_cooler_mixed_withSwing,4.0647164757199754e-06
1934.0,1938.8,True,laptop_ravi,0.9999915495996284,stand_cooler_mixed_withSwing,4.064716475720651e-06
1935.0,1939.8,True,laptop_ravi,0.9999918864265515,stand_cooler_mixed_withSwing,4.065430736099783e-06
1936.0,1940.8,True,laptop_ravi,0.9999918848126882,stand_cooler_mixed_withSwing,4.0653875552756795e-06
1937.0,1941.8,True,laptop_ravi,0.9999918637116845,stand_cooler_mixed_withSwing,4.065379038702266e-06
1938.0,1942.8,True,laptop_ravi,0.9999922008826814,stand_cooler_mixed_withSwing,3.896566503111649e-06
1939.0,1943.8,True,laptop_ravi,0.9999922008826814,stand_cooler_mixed_withSwing,3.896566503111649e-06
1940.0,1944.8,True,laptop_ravi,0.9999918997737067,stand_cooler_mixed_withSwing,4.06538780049735e-06
1941.0,1945.8,True,laptop_ravi,0.9999918997737067,stand_cooler_mixed_withSwing,4.06538780049735e-06
1942.0,1946.8,True,laptop_ravi,0.9999918997737067,stand_cooler_mixed_withSwing,4.06538780049735e-06
1943.0,1947.8,True,laptop_ravi,0.9999918848126882,stand_cooler_mixed_withSwing,4.0653875552756795e-06
1944.0,1948.8,True,laptop_ravi,0.9999920740089342,stand_cooler_mixed_withSwing,4.065388508836855e-06
1945.0,1949.8,True,laptop_ravi,0.9999920740089342,stand_cooler_mixed_withSwing,4.065388508836855e-06
1946.0,1950.8,True,laptop_ravi,0.9999920740089342,stand_cooler_mixed_withSwing,4.065388508836855e-06
1947.0,1951.8,True,laptop_ravi,0.9999918864265515,stand_cooler_mixed_withSwing,4.065430736099783e-06
1948.0,1952.8,True,laptop_ravi,0.9999918848105787,stand_cooler_mixed_withSwing,4.065419621005881e-06
1949.0,1953.8,True,laptop_ravi,0.9999918997737067,stand_cooler_mixed_withSwing,4.06538780049735e-06
1950.0,1954.8,True,laptop_ravi,0.9999918997737067,stand_cooler_mixed_withSwing,4.06538780049735e-06
1951.0,1955.8,True,laptop_ravi,0.9999918848126882,stand_cooler_mixed_withSwing,4.0653875552756795e-06
1952.0,1956.8,True,laptop_ravi,0.9999918864265515,stand_cooler_mixed_withSwing,4.065430736099783e-06
1953.0,1957.8,True,laptop_ravi,0.9999918743188416,stand_cooler_mixed_withSwing,4.065430686876327e-06
1954.0,1958.8,True,laptop_ravi,0.9999915495996284,stand_cooler_mixed_withSwing,4.064716475720651e-06
1955.0,1959.8,True,laptop_ravi,0.9999918743188416,stand_cooler_mixed_withSwing,4.065430686876327e-06
1956.0,1960.8,True,laptop_ravi,0.9999918848126882,stand_cooler_mixed_withSwing,4.0653875552756795e-06
1957.0,1961.8,True,laptop_ravi,0.9999918997737067,stand_cooler_mixed_withSwing,4.06538780049735e-06
1958.0,1962.8,True,laptop_ravi,0.9999924340280103,stand_cooler_mixed_withSwing,3.7800781605143044e-06
1959.0,1963.8,True,laptop_ravi,0.9999925273803456,stand_cooler_mixed_withSwing,3.7322790406238516e-06
1960.0,1964.8,True,laptop_ravi,0.9999930185979493,stand_cooler_mixed_withSwing,3.251749611932177e-06
1961.0,1965.8,True,laptop_ravi,0.9999731255701995,stand_cooler_mixed_withSwing,1.3589146328034133e-05
1962.0,1966.8,True,laptop_ravi,0.9999829007464318,stand_cooler_2_swing,9.08472946093677e-06
1963.0,1967.8,True,laptop_ravi,0.9999844772772012,stand_cooler_2_swing,8.228082541177747e-06
1964.0,1968.8,True,laptop_ravi,0.999996222999794,stand_cooler_3_swing,6.144089640900895e-07
1965.0,1969.8,True,laptop_ravi,0.9999961757917893,stand_cooler_3_swing,6.694501785032397e-07
1966.0,1970.8,True,laptop_ravi,0.9999961757918107,stand_cooler_3_swing,6.694501785032539e-07
1967.0,1971.8,True,laptop_ravi,0.9999951756605076,stand_cooler_mixed_withSwing,9.687331292989486e-07
1968.0,1972.8,True,laptop_ravi,0.9999844772592226,stand_cooler_2_swing,8.228082541029816e-06
1969.0,1973.8,True,laptop_ravi,0.9999731676441187,stand_cooler_mixed_withSwing,1.3589146899798144e-05
1970.0,1974.8,True,laptop_ravi,0.9999918944784122,stand_cooler_mixed_withSwing,4.046130080645565e-06
1971.0,1975.8,True,laptop_ravi,0.9999915495994621,stand_cooler_mixed_withSwing,4.0647164757199754e-06
1972.0,1976.8,True,laptop_ravi,0.9999915550488874,stand_cooler_mixed_withSwing,4.064716497870532e-06
1973.0,1977.8,True,laptop_ravi,0.9999915550488874,stand_cooler_mixed_withSwing,4.064716497870532e-06
1974.0,1978.8,True,laptop_ravi,0.9999912443465383,stand_cooler_mixed_withSwing,4.064716018249965e-06
1975.0,1979.8,True,laptop_ravi,0.9999907593664845,stand_cooler_mixed_withSwing,4.548899889723792e-06
1976.0,1980.8,True,laptop_ravi,0.9999907593664845,stand_cooler_mixed_withSwing,4.548899889723792e-06
1977.0,1981.8,True,laptop_ravi,0.9999907594729669,stand_cooler_mixed_withSwing,4.5488998902081744e-06
1978.0,1982.8,True,laptop_ravi,0.9999907593664845,stand_cooler_mixed_withSwing,4.548899889723792e-06
1979.0,1983.8,True,laptop_ravi,0.9999912444025265,stand_cooler_mixed_withSwing,4.064716018477543e-06
1980.0,1984.8,True,laptop_ravi,0.9999912443465383,stand_cooler_mixed_withSwing,4.064716018249965e-06
1981.0,1985.8,True,laptop_ravi,0.9999912443465383,stand_cooler_mixed_withSwing,4.064716018249965e-06
1982.0,1986.8,True,laptop_ravi,0.9999912444025265,stand_cooler_mixed_withSwing,4.064716018477543e-06
1983.0,1987.8,True,laptop_ravi,0.9999912443465383,stand_cooler_mixed_withSwing,4.064716018249965e-06
1984.0,1988.8,True,laptop_ravi,0.9999907593664845,stand_cooler_mixed_withSwing,4.548899889723792e-06
1985.0,1989.8,True,laptop_ravi,0.9999907593664845,stand_cooler_mixed_withSwing,4.548899889723792e-06
1986.0,1990.8,True,laptop_ravi,0.9999912444025265,stand_cooler_mixed_withSwing,4.064716018477543e-06
1987.0,1991.8,True,laptop_ravi,0.9999912444025265,stand_cooler_mixed_withSwing,4.064716018477543e-06
1988.0,1992.8,True,laptop_ravi,0.9999918848105787,stand_cooler_mixed_withSwing,4.065419621005881e-06
1989.0,1993.8,True,laptop_ravi,0.9999922008826814,stand_cooler_mixed_withSwing,3.896566503111649e-06
1990.0,1994.8,True,laptop_ravi,0.9999926819667264,stand_cooler_mixed_withSwing,3.579431877994811e-06
1991.0,1995.8,True,laptop_ravi,0.9999918040624133,stand_cooler_mixed_withSwing,4.096461159955377e-06
1992.0,1996.8,True,laptop_ravi,0.99999155150488,stand_cooler_mixed_withSwing,4.2226992007866606e-06
1993.0,1997.8,True,laptop_ravi,0.9999908759005646,stand_cooler_mixed_withSwing,4.404922790944369e-06
1994.0,1998.8,True,laptop_ravi,0.9999839950329421,stand_cooler_mixed_withSwing,1.129164306445419e-05
1995.0,1999.8,True,laptop_ravi,0.9999839950331608,stand_cooler_mixed_withSwing,1.1291643064456657e-05
1996.0,2000.8,True,laptop_ravi,0.9999840324673165,stand_cooler_mixed_withSwing,1.1291645663157509e-05
1997.0,2001.8,True,laptop_ravi,0.9999835289364317,stand_cooler_mixed_withSwing,1.1795178902498994e-05
1998.0,2002.8,True,laptop_ravi,0.9999612797363626,stand_cooler_mixed_withSwing,2.5126393055494514e-05
1999.0,2003.8,True,laptop_ravi,0.9999612797363626,stand_cooler_mixed_withSwing,2.5126393055494514e-05
2000.0,2004.8,True,laptop_ravi,0.9999636766379887,stand_cooler_mixed_withSwing,3.0887666775270343e-05
2001.0,2005.8,True,laptop_ravi,0.9999636766379887,stand_cooler_mixed_withSwing,3.0887666775270343e-05
2002.0,2006.8,True,laptop_ravi,0.9999636766379887,stand_cooler_mixed_withSwing,3.0887666775270343e-05
2003.0,2007.8,True,laptop_ravi,0.9999505709474421,stand_cooler_2_swing,3.249915726429105e-05
2004.0,2008.8,True,laptop_ravi,0.9999502626858741,stand_cooler_2_swing,3.249914724555465e-05
2005.0,2009.8,True,laptop_ravi,0.9999718048517302,stand_cooler_3_swing,1.862571037401703e-05
2006.0,2010.8,True,laptop_ravi,0.9999718048517302,stand_cooler_3_swing,1.862571037401703e-05
2007.0,2011.8,True,laptop_ravi,0.9999821232500044,stand_cooler_mixed_withSwing,1.2829698262818579e-05
2008.0,2012.8,True,laptop_ravi,0.9999096330946611,stand_cooler_2_swing,6.15826976343572e-05
2009.0,2013.8,True,laptop_ravi,0.9999096331213214,stand_cooler_2_swing,6.158270195813167e-05
2010.0,2014.8,True,laptop_ravi,0.9998829707947068,stand_cooler_2_swing,6.052739198661286e-05
2011.0,2015.8,True,laptop_ravi,0.9999573264079377,stand_cooler_mixed_withSwing,2.983407477733347e-05
2012.0,2016.8,True,laptop_ravi,0.9999804166211895,stand_cooler_2_swing,8.938172344932667e-06
2013.0,2017.8,True,laptop_ravi,0.9999950719531302,stand_cooler_mixed_withSwing,1.8484319538815444e-06
2014.0,2018.8,True,laptop_ravi,0.999996265892794,stand_cooler_mixed_withSwing,9.748589885724353e-07
2015.0,2019.8,True,laptop_ravi,0.9999959126127905,stand_cooler_mixed_withSwing,1.2765624009997932e-06
2016.0,2020.8,True,laptop_ravi,0.9999910042346519,stand_cooler_mixed_withSwing,5.487828573054795e-06
2017.0,2021.8,True,laptop_ravi,0.9999825455379602,stand_cooler_2_swing,9.1068667930418e-06
2018.0,2022.8,True,laptop_ravi,0.9999637861739508,stand_cooler_mixed_withSwing,3.088795920913175e-05
2019.0,2023.8,True,laptop_ravi,0.9999645020169929,stand_cooler_mixed_withSwing,3.0161052308111664e-05
2020.0,2024.8,True,laptop_ravi,0.9999538436159471,stand_cooler_2_swing,3.214647325706463e-05
2021.0,2025.8,True,laptop_ravi,0.9999532486076375,stand_cooler_2_swing,3.214502285301988e-05
2022.0,2026.8,True,laptop_ravi,0.9999524602402677,stand_cooler_2_swing,3.2144997509747934e-05
2023.0,2027.8,True,laptop_ravi,0.9999532447385279,stand_cooler_2_swing,3.214502272864145e-05
2024.0,2028.8,True,laptop_ravi,0.9999534377362159,stand_cooler_2_swing,3.21450289328466e-05
2025.0,2029.8,True,laptop_ravi,0.9999535138203743,stand_cooler_2_swing,3.2144991639584204e-05
2026.0,2030.8,True,laptop_ravi,0.999953513820347,stand_cooler_2_swing,3.214499163958333e-05
2027.0,2031.8,True,laptop_ravi,0.9999915317639535,stand_cooler_mixed_withSwing,4.064716403223077e-06
2028.0,2032.8,True,laptop_ravi,0.999991531763981,stand_cooler_mixed_withSwing,4.0647164032231895e-06
2029.0,2033.8,True,laptop_ravi,0.9999915317639535,stand_cooler_mixed_withSwing,4.064716403223077e-06
2030.0,2034.8,True,laptop_ravi,0.9999912226806019,stand_cooler_mixed_withSwing,4.064715930183315e-06
2031.0,2035.8,True,laptop_ravi,0.9999915317639535,stand_cooler_mixed_withSwing,4.064716403223077e-06
2032.0,2036.8,True,laptop_ravi,0.9999918952118623,stand_cooler_mixed_withSwing,4.064713190362044e-06
2033.0,2037.8,True,laptop_ravi,0.9999918848126882,stand_cooler_mixed_withSwing,4.0653875552756795e-06
2034.0,2038.8,True,laptop_ravi,0.9999918743188416,stand_cooler_mixed_withSwing,4.065430686876327e-06
2035.0,2039.8,True,laptop_ravi,0.9999924340280103,stand_cooler_mixed_withSwing,3.7800781605143044e-06
2036.0,2040.8,True,laptop_ravi,0.9999959946052707,stand_cooler_3_swing,6.81175363221879e-07
2037.0,2041.8,True,laptop_ravi,0.9999960606945416,stand_cooler_3_swing,6.795317041515853e-07
2038.0,2042.8,True,laptop_ravi,0.9999956577167602,stand_cooler_3_swing,7.413767933548137e-07
2039.0,2043.8,True,laptop_ravi,0.9999955867261527,stand_cooler_3_swing,7.413788901388856e-07
2040.0,2044.8,True,laptop_ravi,0.9999956577167602,stand_cooler_3_swing,7.413767933548137e-07
2041.0,2045.8,True,laptop_ravi,0.9999956904134394,stand_cooler_3_swing,7.413812605781326e-07
2042.0,2046.8,True,laptop_ravi,0.9999958319533048,stand_cooler_3_swing,7.413769225303053e-07
2043.0,2047.8,True,laptop_ravi,0.9999960703291401,stand_cooler_3_swing,6.791874476528138e-07
2044.0,2048.8,True,laptop_ravi,0.9999935973012768,stand_cooler_mixed_withSwing,2.903253830051607e-06
2045.0,2049.8,True,laptop_ravi,0.9999958325528766,stand_cooler_3_swing,6.784144885960664e-07
2046.0,2050.8,True,laptop_ravi,0.9999959453155706,stand_cooler_3_swing,6.894709629780798e-07
2047.0,2051.8,True,laptop_ravi,0.9999959946052707,stand_cooler_3_swing,6.81175363221879e-07
2048.0,2052.8,True,laptop_ravi,0.9999960606945416,stand_cooler_3_swing,6.795317041515853e-07
2049.0,2053.8,True,laptop_ravi,0.9999960606945416,stand_cooler_3_swing,6.795317041515853e-07
2050.0,2054.8,True,laptop_ravi,0.9999959946052707,stand_cooler_3_swing,6.81175363221879e-07
2051.0,2055.8,True,laptop_ravi,0.9999956577167602,stand_cooler_3_swing,7.413767933548137e-07
2052.0,2056.8,True,laptop_ravi,0.9999955921753935,stand_cooler_3_swing,7.413788941788556e-07
2053.0,2057.8,True,laptop_ravi,0.9999955921753935,stand_cooler_3_swing,7.413788941788556e-07
2054.0,2058.8,True,laptop_ravi,0.9999958319533048,stand_cooler_3_swing,7.413769225303053e-07
2055.0,2059.8,True,laptop_ravi,0.9999960703291401,stand_cooler_3_swing,6.791874476528138e-07
2056.0,2060.8,True,laptop_ravi,0.9999935973012768,stand_cooler_mixed_withSwing,2.903253830051607e-06
2057.0,2061.8,True,laptop_ravi,0.9999958325528766,stand_cooler_3_swing,6.784144885960664e-07
2058.0,2062.8,True,laptop_ravi,0.9999960606945416,stand_cooler_3_swing,6.795317041515853e-07
2059.0,2063.8,True,laptop_ravi,0.9999958325533918,stand_cooler_3_swing,6.784144885964159e-07
2060.0,2064.8,True,laptop_ravi,0.9999935973012768,stand_cooler_mixed_withSwing,2.903253830051607e-06
2061.0,2065.8,True,laptop_ravi,0.9999941843829758,stand_cooler_mixed_withSwing,2.6494851882496154e-06
2062.0,2066.8,True,laptop_ravi,0.9999964385196863,stand_cooler_3_swing,6.154207673370611e-07
2063.0,2067.8,True,laptop_ravi,0.9999960750773033,stand_cooler_3_swing,6.69450209351732e-07
2064.0,2068.8,True,laptop_ravi,0.9999966502348633,stand_cooler_mixed_withSwing,4.833076062083477e-07
2065.0,2069.8,True,laptop_ravi,0.9999966271811166,stand_cooler_mixed_withSwing,5.87342735705237e-07
2066.0,2070.8,True,laptop_ravi,0.99998491135875,stand_cooler_2_swing,8.275362440021092e-06
2067.0,2071.8,True,laptop_ravi,0.9999728539599232,stand_cooler_mixed_withSwing,1.3916527521815057e-05
2068.0,2072.8,True,laptop_ravi,0.9999731255701995,stand_cooler_mixed_withSwing,1.3589146328034133e-05
2069.0,2073.8,True,laptop_ravi,0.9999911225991818,stand_cooler_mixed_withSwing,5.157634484890385e-06
2070.0,2074.8,True,laptop_ravi,0.9999920814796802,stand_cooler_mixed_withSwing,4.06540279678421e-06
2071.0,2075.8,True,laptop_ravi,0.9999922008826814,stand_cooler_mixed_withSwing,3.896566503111649e-06
2072.0,2076.8,True,laptop_ravi,0.9999918997737067,stand_cooler_mixed_withSwing,4.06538780049735e-06
2073.0,2077.8,True,laptop_ravi,0.9999918997737067,stand_cooler_mixed_withSwing,4.06538780049735e-06
2074.0,2078.8,True,laptop_ravi,0.9999918997737067,stand_cooler_mixed_withSwing,4.06538780049735e-06
2075.0,2079.8,True,laptop_ravi,0.9999918848126882,stand_cooler_mixed_withSwing,4.0653875552756795e-06
2076.0,2080.8,True,laptop_ravi,0.9999918997737067,stand_cooler_mixed_withSwing,4.06538780049735e-06
2077.0,2081.8,True,laptop_ravi,0.9999918864265515,stand_cooler_mixed_withSwing,4.065430736099783e-06
2078.0,2082.8,True,laptop_ravi,0.9999920814796802,stand_cooler_mixed_withSwing,4.06540279678421e-06
2079.0,2083.8,True,laptop_ravi,0.9999920740089342,stand_cooler_mixed_withSwing,4.065388508836855e-06
2080.0,2084.8,True,laptop_ravi,0.9999918997737067,stand_cooler_mixed_withSwing,4.06538780049735e-06
2081.0,2085.8,True,laptop_ravi,0.9999918848105787,stand_cooler_mixed_withSwing,4.065419621005881e-06
2082.0,2086.8,True,laptop_ravi,0.9999920814796802,stand_cooler_mixed_withSwing,4.06540279678421e-06
2083.0,2087.8,True,laptop_ravi,0.9999918997737067,stand_cooler_mixed_withSwing,4.06538780049735e-06
2084.0,2088.8,True,laptop_ravi,0.9999920740089342,stand_cooler_mixed_withSwing,4.065388508836855e-06
2085.0,2089.8,True,laptop_ravi,0.9999918864265515,stand_cooler_mixed_withSwing,4.065430736099783e-06
2086.0,2090.8,True,laptop_ravi,0.9999918952085,stand_cooler_mixed_withSwing,4.064713190348377e-06
2087.0,2091.8,True,laptop_ravi,0.9999915495996009,stand_cooler_mixed_withSwing,4.0647164757205396e-06
2088.0,2092.8,True,laptop_ravi,0.9999918864265515,stand_cooler_mixed_withSwing,4.065430736099783e-06
2089.0,2093.8,True,laptop_ravi,0.9999920814796802,stand_cooler_mixed_withSwing,4.06540279678421e-06
2090.0,2094.8,True,laptop_ravi,0.9999920740089342,stand_cooler_mixed_withSwing,4.065388508836855e-06
2091.0,2095.8,True,laptop_ravi,0.9999918743188416,stand_cooler_mixed_withSwing,4.065430686876327e-06
2092.0,2096.8,True,laptop_ravi,0.9999918848105787,stand_cooler_mixed_withSwing,4.065419621005881e-06
2093.0,2097.8,True,laptop_ravi,0.9999918743188416,stand_cooler_mixed_withSwing,4.065430686876327e-06
2094.0,2098.8,True,laptop_ravi,0.9999918952085,stand_cooler_mixed_withSwing,4.064713190348377e-06
2095.0,2099.8,True,laptop_ravi,0.9999915550488874,stand_cooler_mixed_withSwing,4.064716497870532e-06
2096.0,2100.8,True,laptop_ravi,0.9999915495996284,stand_cooler_mixed_withSwing,4.064716475720651e-06
2097.0,2101.8,True,laptop_ravi,0.9999918864265515,stand_cooler_mixed_withSwing,4.065430736099783e-06
2098.0,2102.8,True,laptop_ravi,0.9999920814796802,stand_cooler_mixed_withSwing,4.06540279678421e-06
2099.0,2103.8,True,laptop_ravi,0.9999920814796802,stand_cooler_mixed_withSwing,4.06540279678421e-06
2100.0,2104.8,True,laptop_ravi,0.9999915495994621,stand_cooler_mixed_withSwing,4.0647164757199754e-06
2101.0,2105.8,True,laptop_ravi,0.9999915550326164,stand_cooler_mixed_withSwing,4.0647172811117005e-06
2102.0,2106.8,True,laptop_ravi,0.999991435133236,stand_cooler_mixed_withSwing,4.064716793750501e-06
2103.0,2107.8,True,laptop_ravi,0.9999915550326164,stand_cooler_mixed_withSwing,4.0647172811117005e-06
2104.0,2108.8,True,laptop_ravi,0.9999918997737067,stand_cooler_mixed_withSwing,4.06538780049735e-06
2105.0,2109.8,True,laptop_ravi,0.9999930185979493,stand_cooler_mixed_withSwing,3.251749611932177e-06
2106.0,2110.8,True,laptop_ravi,0.9999930185979493,stand_cooler_mixed_withSwing,3.251749611932177e-06
2107.0,2111.8,True,laptop_ravi,0.9999922008826814,stand_cooler_mixed_withSwing,3.896566503111649e-06
2108.0,2112.8,True,laptop_ravi,0.9999918944784122,stand_cooler_mixed_withSwing,4.046130080645565e-06
2109.0,2113.8,True,laptop_ravi,0.9999731255701995,stand_cooler_mixed_withSwing,1.3589146328034133e-05
2110.0,2114.8,True,laptop_ravi,0.9999845263669963,stand_cooler_2_swing,8.27536957245482e-06
2111.0,2115.8,True,laptop_ravi,0.9999959393430851,stand_cooler_mixed_withSwing,9.689144234959052e-07
2112.0,2116.8,True,laptop_ravi,0.9999963997492622,stand_cooler_mixed_withSwing,5.458651980870397e-07
2113.0,2117.8,True,laptop_ravi,0.9999964731306571,stand_cooler_mixed_withSwing,4.7252752876706376e-07
2114.0,2118.8,True,laptop_ravi,0.9999968285360759,table_pv_2,4.050572251427128e-07
2115.0,2119.8,True,laptop_ravi,0.9999845794140053,stand_cooler_2_swing,8.275370011445218e-06
2116.0,2120.8,True,laptop_ravi,0.999984356387676,stand_cooler_2_swing,8.3101856367285e-06
2117.0,2121.8,True,laptop_ravi,0.9999820241920059,stand_cooler_mixed_withSwing,1.3589267255957846e-05
2118.0,2122.8,True,laptop_ravi,0.9999930185979493,stand_cooler_mixed_withSwing,3.251749611932177e-06
2119.0,2123.8,True,laptop_ravi,0.9999907594729669,stand_cooler_mixed_withSwing,4.5488998902081744e-06
2120.0,2124.8,True,laptop_ravi,0.9999912444025265,stand_cooler_mixed_withSwing,4.064716018477543e-06
2121.0,2125.8,True,laptop_ravi,0.9999912443465383,stand_cooler_mixed_withSwing,4.064716018249965e-06
2122.0,2126.8,True,laptop_ravi,0.9999915550488874,stand_cooler_mixed_withSwing,4.064716497870532e-06
2123.0,2127.8,True,laptop_ravi,0.9999915495994621,stand_cooler_mixed_withSwing,4.0647164757199754e-06
2124.0,2128.8,True,laptop_ravi,0.9999915495996284,stand_cooler_mixed_withSwing,4.064716475720651e-06
2125.0,2129.8,True,laptop_ravi,0.9999915495996009,stand_cooler_mixed_withSwing,4.0647164757205396e-06
2126.0,2130.8,True,laptop_ravi,0.9999915495996009,stand_cooler_mixed_withSwing,4.0647164757205396e-06
2127.0,2131.8,True,laptop_ravi,0.9999915495994621,stand_cooler_mixed_withSwing,4.0647164757199754e-06
2128.0,2132.8,True,laptop_ravi,0.9999915550488874,stand_cooler_mixed_withSwing,4.064716497870532e-06
2129.0,2133.8,True,laptop_ravi,0.9999918848126882,stand_cooler_mixed_withSwing,4.0653875552756795e-06
2130.0,2134.8,True,laptop_ravi,0.9999918997737067,stand_cooler_mixed_withSwing,4.06538780049735e-06
2131.0,2135.8,True,laptop_ravi,0.9999912222507458,stand_cooler_mixed_withSwing,4.4056502870324835e-06
2132.0,2136.8,True,laptop_ravi,0.9999612797363626,stand_cooler_mixed_withSwing,2.5126393055494514e-05
2133.0,2137.8,True,laptop_ravi,0.999961215894936,stand_cooler_mixed_withSwing,2.5126391451327624e-05
2134.0,2138.8,True,laptop_ravi,0.9999636766379887,stand_cooler_mixed_withSwing,3.0887666775270343e-05
2135.0,2139.8,True,laptop_ravi,0.9999636766379887,stand_cooler_mixed_withSwing,3.0887666775270343e-05
2136.0,2140.8,True,laptop_ravi,0.9999871012996703,stand_cooler_mixed_withSwing,8.207586064207705e-06
2137.0,2141.8,True,laptop_ravi,0.9999792752579014,stand_cooler_mixed_withSwing,1.540810783611307e-05
2138.0,2142.8,True,laptop_ravi,0.9999788872396447,stand_cooler_mixed_withSwing,1.5796151713620724e-05
2139.0,2143.8,True,laptop_ravi,0.9999716846980918,stand_cooler_3_swing,1.8625708136007063e-05
2140.0,2144.8,True,laptop_ravi,0.9999716846980918,stand_cooler_3_swing,1.8625708136007063e-05
2141.0,2145.8,True,laptop_ravi,0.9999831926003017,stand_cooler_mixed_withSwing,1.227353135422683e-05
2142.0,2146.8,True,laptop_ravi,0.9999636766379887,stand_cooler_mixed_withSwing,3.0887666775270343e-05
2143.0,2147.8,True,laptop_ravi,0.9999636766657805,stand_cooler_mixed_withSwing,3.0887666776128794e-05
2144.0,2148.8,True,laptop_ravi,0.999964505413937,stand_cooler_mixed_withSwing,3.0161052410570707e-05
2145.0,2149.8,True,laptop_ravi,0.999971496065218,stand_cooler_mixed_withSwing,2.433355596467985e-05
2146.0,2150.8,True,laptop_ravi,0.9999854799320352,stand_cooler_mixed_withSwing,1.0335088412573007e-05
2147.0,2151.8,True,laptop_ravi,0.9999854799320352,stand_cooler_mixed_withSwing,1.0335088412573007e-05
2148.0,2152.8,True,laptop_ravi,0.9999587082331679,stand_cooler_2_swing,2.946505464179362e-05
2149.0,2153.8,True,laptop_ravi,0.9999557332256908,stand_cooler_2_swing,3.0817006313004095e-05
2150.0,2154.8,True,laptop_ravi,0.9999540312573116,stand_cooler_2_swing,3.2146420962410885e-05
2151.0,2155.8,True,laptop_ravi,0.9999535138203743,stand_cooler_2_swing,3.2144991639584204e-05
2152.0,2156.8,True,laptop_ravi,0.9999524596195758,stand_cooler_2_swing,3.214499938227975e-05
2153.0,2157.8,True,laptop_ravi,0.9999532486076375,stand_cooler_2_swing,3.214502285301988e-05
2154.0,2158.8,True,laptop_ravi,0.9999532485514174,stand_cooler_2_swing,3.2145022851212606e-05
2155.0,2159.8,True,laptop_ravi,0.9999524602402677,stand_cooler_2_swing,3.2144997509747934e-05
2156.0,2160.8,True,laptop_ravi,0.9999524602402677,stand_cooler_2_swing,3.2144997509747934e-05
2157.0,2161.8,True,laptop_ravi,0.9999582158363004,stand_cooler_2_swing,2.9162217514695366e-05
2158.0,2162.8,True,laptop_ravi,0.9999410866000863,stand_cooler_2_swing,3.081121150480807e-05
2159.0,2163.8,True,laptop_ravi,0.9999834422101672,stand_cooler_2_swing,9.137374210620772e-06
2160.0,2164.8,True,laptop_ravi,0.9999930123214035,stand_cooler_mixed_withSwing,3.4161518504236525e-06
2161.0,2165.8,True,laptop_ravi,0.9999960511657731,stand_cooler_mixed_withSwing,7.88216448764932e-07
2162.0,2166.8,True,laptop_ravi,0.9999960615587233,stand_cooler_mixed_withSwing,7.881698420796743e-07
2163.0,2167.8,True,laptop_ravi,0.9999963087936201,stand_cooler_mixed_withSwing,5.372437304637384e-07
2164.0,2168.8,True,laptop_ravi,0.9999919067800747,stand_cooler_mixed_withSwing,4.410217955840932e-06
2165.0,2169.8,True,laptop_ravi,0.9999832839446061,stand_cooler_2_swing,9.08473126238187e-06
2166.0,2170.8,True,laptop_ravi,0.999909742906881,stand_cooler_2_swing,6.15827043975011e-05
2167.0,2171.8,True,laptop_ravi,0.9999099622310382,stand_cooler_2_swing,6.193985214672375e-05
2168.0,2172.8,True,laptop_ravi,0.9999922008826814,stand_cooler_mixed_withSwing,3.896566503111649e-06
2169.0,2173.8,True,laptop_ravi,0.9999920740089342,stand_cooler_mixed_withSwing,4.065388508836855e-06
2170.0,2174.8,True,laptop_ravi,0.9999920740089342,stand_cooler_mixed_withSwing,4.065388508836855e-06
2171.0,2175.8,True,laptop_ravi,0.9999918864265515,stand_cooler_mixed_withSwing,4.065430736099783e-06
2172.0,2176.8,True,laptop_ravi,0.9999915495996009,stand_cooler_mixed_withSwing,4.0647164757205396e-06
2173.0,2177.8,True,laptop_ravi,0.9999915495996009,stand_cooler_mixed_withSwing,4.0647164757205396e-06
2174.0,2178.8,True,laptop_ravi,0.9999929606015252,stand_cooler_mixed_withSwing,3.3098017891155777e-06
2175.0,2179.8,True,laptop_ravi,0.9999852177346557,stand_cooler_mixed_withSwing,1.106404104999261e-05
2176.0,2180.8,True,laptop_ravi,0.9999918944784122,stand_cooler_mixed_withSwing,4.046130080645565e-06
2177.0,2181.8,True,laptop_ravi,0.9999958325528766,stand_cooler_3_swing,6.784144885960664e-07
2178.0,2182.8,True,laptop_ravi,0.9999960682576502,stand_cooler_3_swing,6.795317092909776e-07
2179.0,2183.8,True,laptop_ravi,0.9999960682576502,stand_cooler_3_swing,6.795317092909776e-07
2180.0,2184.8,True,laptop_ravi,0.9999956577167602,stand_cooler_3_swing,7.413767933548137e-07
2181.0,2185.8,True,laptop_ravi,0.9999959946052707,stand_cooler_3_swing,6.81175363221879e-07
2182.0,2186.8,True,laptop_ravi,0.9999959946052707,stand_cooler_3_swing,6.81175363221879e-07
2183.0,2187.8,True,laptop_ravi,0.9999960168300355,stand_cooler_3_swing,6.811721933869357e-07
2184.0,2188.8,True,laptop_ravi,0.9999959453155706,stand_cooler_3_swing,6.894709629780798e-07
2185.0,2189.8,True,laptop_ravi,0.9999956921467045,stand_cooler_3_swing,7.413771790208492e-07
2186.0,2190.8,True,laptop_ravi,0.9999955921753935,stand_cooler_3_swing,7.413788941788556e-07
2187.0,2191.8,True,laptop_ravi,0.9999955867259243,stand_cooler_3_swing,7.413788901387162e-07
2188.0,2192.8,True,laptop_ravi,0.9999956349147145,stand_cooler_3_swing,7.413767764498328e-07
2189.0,2193.8,True,laptop_ravi,0.9999960703291401,stand_cooler_3_swing,6.791874476528138e-07
2190.0,2194.8,True,laptop_ravi,0.9999935973012768,stand_cooler_mixed_withSwing,2.903253830051607e-06
2191.0,2195.8,True,laptop_ravi,0.9999960703291401,stand_cooler_3_swing,6.791874476528138e-07
2192.0,2196.8,True,laptop_ravi,0.9999958394250849,stand_cooler_3_swing,7.413813710530502e-07
2193.0,2197.8,True,laptop_ravi,0.9999955921753935,stand_cooler_3_swing,7.413788941788556e-07
2194.0,2198.8,True,laptop_ravi,0.9999955921753935,stand_cooler_3_swing,7.413788941788556e-07
2195.0,2199.8,True,laptop_ravi,0.9999955867266115,stand_cooler_3_swing,7.413788901392257e-07
2196.0,2200.8,True,laptop_ravi,0.9999957046813815,stand_cooler_3_swing,7.413781221283193e-07
2197.0,2201.8,True,laptop_ravi,0.9999956921467045,stand_cooler_3_swing,7.413771790208492e-07
2198.0,2202.8,True,laptop_ravi,0.9999955867261694,stand_cooler_3_swing,7.41378890138898e-07
2199.0,2203.8,True,laptop_ravi,0.9999956904134394,stand_cooler_3_swing,7.413812605781326e-07
2200.0,2204.8,True,laptop_ravi,0.9999958195178398,stand_cooler_3_swing,7.107160749842348e-07
2201.0,2205.8,True,laptop_ravi,0.9999959453155706,stand_cooler_3_swing,6.894709629780798e-07
2202.0,2206.8,True,laptop_ravi,0.9999930185979493,stand_cooler_mixed_withSwing,3.251749611932177e-06
2203.0,2207.8,True,laptop_ravi,0.9999929606015252,stand_cooler_mixed_withSwing,3.3098017891155777e-06
2204.0,2208.8,True,laptop_ravi,0.9999918848126882,stand_cooler_mixed_withSwing,4.0653875552756795e-06
2205.0,2209.8,True,laptop_ravi,0.9999918637116845,stand_cooler_mixed_withSwing,4.065379038702266e-06
2206.0,2210.8,True,laptop_ravi,0.9999911225991818,stand_cooler_mixed_withSwing,5.157634484890385e-06
2207.0,2211.8,True,laptop_ravi,0.9999728538250042,stand_cooler_mixed_withSwing,1.391666244244937e-05
2208.0,2212.8,True,laptop_ravi,0.9999829009277204,stand_cooler_2_swing,9.084729462583756e-06
2209.0,2213.8,True,laptop_ravi,0.9999844772772012,stand_cooler_2_swing,8.228082541177747e-06
2210.0,2214.8,True,laptop_ravi,0.999996636497112,stand_cooler_mixed_withSwing,5.780234216376283e-07
2211.0,2215.8,True,laptop_ravi,0.9999966569132385,stand_cooler_mixed_withSwing,4.833131510925039e-07
2212.0,2216.8,True,laptop_ravi,0.9999966525399919,stand_cooler_mixed_withSwing,4.83315798656043e-07
2213.0,2217.8,True,laptop_ravi,0.9999941843829758,stand_cooler_mixed_withSwing,2.6494851882496154e-06
2214.0,2218.8,True,laptop_ravi,0.9999845263953023,stand_cooler_2_swing,8.275359254260968e-06
2215.0,2219.8,True,laptop_ravi,0.9999844346330868,stand_cooler_mixed_withSwing,1.1299613006990991e-05
2216.0,2220.8,True,laptop_ravi,0.9999852196999149,stand_cooler_mixed_withSwing,1.1064041071736642e-05
2217.0,2221.8,True,laptop_ravi,0.9999918637116845,stand_cooler_mixed_withSwing,4.065379038702266e-06
2218.0,2222.8,True,laptop_ravi,0.9999920814796802,stand_cooler_mixed_withSwing,4.06540279678421e-06
2219.0,2223.8,True,laptop_ravi,0.9999920740089342,stand_cooler_mixed_withSwing,4.065388508836855e-06
2220.0,2224.8,True,laptop_ravi,0.9999918743188416,stand_cooler_mixed_withSwing,4.065430686876327e-06
2221.0,2225.8,True,laptop_ravi,0.9999915495996009,stand_cooler_mixed_withSwing,4.0647164757205396e-06
2222.0,2226.8,True,laptop_ravi,0.9999920814796802,stand_cooler_mixed_withSwing,4.06540279678421e-06
2223.0,2227.8,True,laptop_ravi,0.9999920740089342,stand_cooler_mixed_withSwing,4.065388508836855e-06
2224.0,2228.8,True,laptop_ravi,0.9999920814796802,stand_cooler_mixed_withSwing,4.06540279678421e-06
2225.0,2229.8,True,laptop_ravi,0.9999918743188416,stand_cooler_mixed_withSwing,4.065430686876327e-06
2226.0,2230.8,True,laptop_ravi,0.9999918848105787,stand_cooler_mixed_withSwing,4.065419621005881e-06
2227.0,2231.8,True,laptop_ravi,0.9999918864265515,stand_cooler_mixed_withSwing,4.065430736099783e-06
2228.0,2232.8,True,laptop_ravi,0.9999915495996009,stand_cooler_mixed_withSwing,4.0647164757205396e-06
2229.0,2233.8,True,laptop_ravi,0.9999915550488874,stand_cooler_mixed_withSwing,4.064716497870532e-06
2230.0,2234.8,True,laptop_ravi,0.9999915550488874,stand_cooler_mixed_withSwing,4.064716497870532e-06
2231.0,2235.8,True,laptop_ravi,0.9999915550326164,stand_cooler_mixed_withSwing,4.0647172811117005e-06
2232.0,2236.8,True,laptop_ravi,0.999991435133236,stand_cooler_mixed_withSwing,4.064716793750501e-06
2233.0,2237.8,True,laptop_ravi,0.9999915550326164,stand_cooler_mixed_withSwing,4.0647172811117005e-06
2234.0,2238.8,True,laptop_ravi,0.999991435133236,stand_cooler_mixed_withSwing,4.064716793750501e-06
2235.0,2239.8,True,laptop_ravi,0.999991435133236,stand_cooler_mixed_withSwing,4.064716793750501e-06
2236.0,2240.8,True,laptop_ravi,0.9999912405162409,stand_cooler_mixed_withSwing,4.0647160026807575e-06
2237.0,2241.8,True,laptop_ravi,0.9999915495994621,stand_cooler_mixed_withSwing,4.0647164757199754e-06
2238.0,2242.8,True,laptop_ravi,0.9999915495994621,stand_cooler_mixed_withSwing,4.0647164757199754e-06
2239.0,2243.8,True,laptop_ravi,0.9999915495994621,stand_cooler_mixed_withSwing,4.0647164757199754e-06
2240.0,2244.8,True,laptop_ravi,0.9999915495994621,stand_cooler_mixed_withSwing,4.0647164757199754e-06
2241.0,2245.8,True,laptop_ravi,0.9999915550488874,stand_cooler_mixed_withSwing,4.064716497870532e-06
2242.0,2246.8,True,laptop_ravi,0.9999912405162409,stand_cooler_mixed_withSwing,4.0647160026807575e-06
2243.0,2247.8,True,laptop_ravi,0.9999912405162409,stand_cooler_mixed_withSwing,4.0647160026807575e-06
2244.0,2248.8,True,laptop_ravi,0.9999915550326164,stand_cooler_mixed_withSwing,4.0647172811117005e-06
2245.0,2249.8,True,laptop_ravi,0.9999918848105787,stand_cooler_mixed_withSwing,4.065419621005881e-06
2246.0,2250.8,True,laptop_ravi,0.9999918637116845,stand_cooler_mixed_withSwing,4.065379038702266e-06
2247.0,2251.8,True,laptop_ravi,0.9999918997737067,stand_cooler_mixed_withSwing,4.06538780049735e-06
2248.0,2252.8,True,laptop_ravi,0.9999918864265515,stand_cooler_mixed_withSwing,4.065430736099783e-06
2249.0,2253.8,True,laptop_ravi,0.9999912443465383,stand_cooler_mixed_withSwing,4.064716018249965e-06
2250.0,2254.8,True,laptop_ravi,0.9999912443465383,stand_cooler_mixed_withSwing,4.064716018249965e-06
2251.0,2255.8,True,laptop_ravi,0.9999907602201865,stand_cooler_mixed_withSwing,4.548899893607233e-06
2252.0,2256.8,True,laptop_ravi,0.9999907593664845,stand_cooler_mixed_withSwing,4.548899889723792e-06
2253.0,2257.8,True,laptop_ravi,0.9999907602201865,stand_cooler_mixed_withSwing,4.548899893607233e-06
2254.0,2258.8,True,laptop_ravi,0.9999912444025265,stand_cooler_mixed_withSwing,4.064716018477543e-06
2255.0,2259.8,True,laptop_ravi,0.9999911225989568,stand_cooler_mixed_withSwing,5.157634484889224e-06
2256.0,2260.8,True,laptop_ravi,0.9999731255699745,stand_cooler_mixed_withSwing,1.3589146328031075e-05
2257.0,2261.8,True,laptop_ravi,0.9999829060883011,stand_cooler_2_swing,9.084729509467039e-06
2258.0,2262.8,True,laptop_ravi,0.9999845263659467,stand_cooler_2_swing,8.275369572446134e-06
2259.0,2263.8,True,laptop_ravi,0.9999962229990395,stand_cooler_3_swing,6.144089640896258e-07
2260.0,2264.8,True,laptop_ravi,0.9999961757918202,stand_cooler_3_swing,6.694501785032604e-07
2261.0,2265.8,True,laptop_ravi,0.999996180693217,stand_cooler_3_swing,6.694501817845139e-07
2262.0,2266.8,True,laptop_ravi,0.9999945678167613,stand_cooler_mixed_withSwing,2.649486204157659e-06
2263.0,2267.8,True,laptop_ravi,0.9999844772991394,stand_cooler_2_swing,8.22808254135826e-06
2264.0,2268.8,True,laptop_ravi,0.9999728539599232,stand_cooler_mixed_withSwing,1.3916527521815057e-05
2265.0,2269.8,True,laptop_ravi,0.9999820241920059,stand_cooler_mixed_withSwing,1.3589267255957846e-05
2266.0,2270.8,True,laptop_ravi,0.9999526815659112,stand_cooler_mixed_withSwing,3.4561721374868867e-05
2267.0,2271.8,True,laptop_ravi,0.9999526815659112,stand_cooler_mixed_withSwing,3.4561721374868867e-05
2268.0,2272.8,True,laptop_ravi,0.9999003610742692,stand_cooler_mixed_withSwing,8.720480918418167e-05
2269.0,2273.8,True,laptop_ravi,0.9999003610742692,stand_cooler_mixed_withSwing,8.720480918418167e-05
2270.0,2274.8,True,laptop_ravi,0.9999631882793716,stand_cooler_mixed_withSwing,3.3087456484578744e-05
2271.0,2275.8,True,laptop_ravi,0.9999635084602215,stand_cooler_mixed_withSwing,3.30961828185169e-05
2272.0,2276.8,True,laptop_ravi,0.9999623690837679,stand_cooler_mixed_withSwing,3.343539626711788e-05
2273.0,2277.8,True,laptop_ravi,0.9999797626219307,stand_cooler_mixed_withSwing,1.1005001865057364e-05
2274.0,2278.8,True,laptop_ravi,0.9999792610881556,stand_cooler_mixed_withSwing,1.1002056588822382e-05
2275.0,2279.8,True,laptop_ravi,0.9999709356631739,stand_cooler_mixed_withSwing,2.4244447783031703e-05
2276.0,2280.8,True,laptop_ravi,0.9999636766379887,stand_cooler_mixed_withSwing,3.0887666775270343e-05
2277.0,2281.8,True,laptop_ravi,0.9999636766657805,stand_cooler_mixed_withSwing,3.0887666776128794e-05
2278.0,2282.8,True,laptop_ravi,0.999964505413937,stand_cooler_mixed_withSwing,3.0161052410570707e-05
2279.0,2283.8,True,laptop_ravi,0.9999844832562538,stand_cooler_mixed_withSwing,1.1343461468408763e-05
2280.0,2284.8,True,laptop_ravi,0.9999827613846255,stand_cooler_mixed_withSwing,1.2694571964588634e-05
2281.0,2285.8,True,laptop_ravi,0.9999854799320352,stand_cooler_mixed_withSwing,1.0335088412573007e-05
2282.0,2286.8,True,laptop_ravi,0.999984627898105,stand_cooler_mixed_withSwing,1.1177020882320441e-05
2283.0,2287.8,True,laptop_ravi,0.9999538218416881,stand_cooler_2_swing,3.214641423013862e-05
2284.0,2288.8,True,laptop_ravi,0.9999540386146982,stand_cooler_2_swing,3.214647952587611e-05
2285.0,2289.8,True,laptop_ravi,0.9999535138203743,stand_cooler_2_swing,3.2144991639584204e-05
2286.0,2290.8,True,laptop_ravi,0.9999524596367262,stand_cooler_2_swing,3.214499938283107e-05
2287.0,2291.8,True,laptop_ravi,0.9999532485514174,stand_cooler_2_swing,3.2145022851212606e-05
2288.0,2292.8,True,laptop_ravi,0.9999532485514174,stand_cooler_2_swing,3.2145022851212606e-05
2289.0,2293.8,True,laptop_ravi,0.9999524602402677,stand_cooler_2_swing,3.2144997509747934e-05
2290.0,2294.8,True,laptop_ravi,0.9999532485514174,stand_cooler_2_swing,3.2145022851212606e-05
2291.0,2295.8,True,laptop_ravi,0.9999532447385279,stand_cooler_2_swing,3.214502272864145e-05
2292.0,2296.8,True,laptop_ravi,0.9999532485514174,stand_cooler_2_swing,3.2145022851212606e-05
2293.0,2297.8,True,laptop_ravi,0.9999532485514174,stand_cooler_2_swing,3.2145022851212606e-05
2294.0,2298.8,True,laptop_ravi,0.9999535566379758,stand_cooler_2_swing,3.214503275512509e-05
2295.0,2299.8,True,laptop_ravi,0.9999532485514174,stand_cooler_2_swing,3.2145022851212606e-05
2296.0,2300.8,True,laptop_ravi,0.9999532485514174,stand_cooler_2_swing,3.2145022851212606e-05
2297.0,2301.8,True,laptop_ravi,0.9999534377362159,stand_cooler_2_swing,3.21450289328466e-05
2298.0,2302.8,True,laptop_ravi,0.9999535192450456,stand_cooler_2_swing,3.2144991813968325e-05
2299.0,2303.8,True,laptop_ravi,0.9999538347506551,stand_cooler_2_swing,3.214496486497275e-05
2300.0,2304.8,True,laptop_ravi,0.999953513820347,stand_cooler_2_swing,3.214499163958333e-05
2301.0,2305.8,True,laptop_ravi,0.9999557332256908,stand_cooler_2_swing,3.0817006313004095e-05
2302.0,2306.8,True,laptop_ravi,0.9999538578181287,stand_cooler_2_swing,3.2146415386705596e-05
2303.0,2307.8,True,laptop_ravi,0.9999538466182408,stand_cooler_2_swing,3.21449247577756e-05
2304.0,2308.8,True,laptop_ravi,0.9999857938815858,stand_cooler_mixed_withSwing,1.0144036968966984e-05
2305.0,2309.8,True,laptop_ravi,0.9999618032130451,stand_cooler_mixed_withSwing,2.4538986747559358e-05
2306.0,2310.8,True,laptop_ravi,0.9999724894205329,stand_cooler_mixed_withSwing,1.391652244855488e-05
2307.0,2311.8,True,laptop_ravi,0.9999832821187613,stand_cooler_2_swing,9.084731245794283e-06
2308.0,2312.8,True,laptop_ravi,0.9999846701072567,stand_cooler_2_swing,8.32917229658321e-06
2309.0,2313.8,True,laptop_ravi,0.9999965476471085,stand_cooler_mixed_withSwing,4.641501544460953e-07
2310.0,2314.8,True,laptop_ravi,0.9999968196310862,table_pv_2,4.050938674464537e-07
2311.0,2315.8,True,laptop_ravi,0.9999847983348117,stand_cooler_2_swing,8.228081510335563e-06
2312.0,2316.8,True,laptop_ravi,0.9999847105302726,stand_cooler_2_swing,8.329174173433755e-06
2313.0,2317.8,True,laptop_ravi,0.999982760640797,stand_cooler_2_swing,9.084728188093218e-06
2314.0,2318.8,True,laptop_ravi,0.9999728539599232,stand_cooler_mixed_withSwing,1.3916527521815057e-05
2315.0,2319.8,True,laptop_ravi,0.9999852177346557,stand_cooler_mixed_withSwing,1.106404104999261e-05
2316.0,2320.8,True,laptop_ravi,0.9999731255701995,stand_cooler_mixed_withSwing,1.3589146328034133e-05
2317.0,2321.8,True,laptop_ravi,0.9999728538250042,stand_cooler_mixed_withSwing,1.391666244244937e-05
2318.0,2322.8,True,laptop_ravi,0.9999829446279078,stand_cooler_2_swing,9.137414577277897e-06
2319.0,2323.8,True,laptop_ravi,0.9999958195178398,stand_cooler_3_swing,7.107160749842348e-07
2320.0,2324.8,True,laptop_ravi,0.9999955867259243,stand_cooler_3_swing,7.413788901387162e-07
2321.0,2325.8,True,laptop_ravi,0.9999955867261694,stand_cooler_3_swing,7.41378890138898e-07
2322.0,2326.8,True,laptop_ravi,0.9999960682576502,stand_cooler_3_swing,6.795317092909776e-07
2323.0,2327.8,True,laptop_ravi,0.9999958325528766,stand_cooler_3_swing,6.784144885960664e-07
2324.0,2328.8,True,laptop_ravi,0.9999935973012768,stand_cooler_mixed_withSwing,2.903253830051607e-06
2325.0,2329.8,True,laptop_ravi,0.9999960682576502,stand_cooler_3_swing,6.795317092909776e-07
2326.0,2330.8,True,laptop_ravi,0.9999957046813815,stand_cooler_3_swing,7.413781221283193e-07
2327.0,2331.8,True,laptop_ravi,0.9999955921753935,stand_cooler_3_swing,7.413788941788556e-07
2328.0,2332.8,True,laptop_ravi,0.9999955921760807,stand_cooler_3_swing,7.41378894179365e-07
2329.0,2333.8,True,laptop_ravi,0.9999955867268566,stand_cooler_3_swing,7.413788901394075e-07
2330.0,2334.8,True,laptop_ravi,0.9999957046813815,stand_cooler_3_swing,7.413781221283193e-07
2331.0,2335.8,True,laptop_ravi,0.9999955867261527,stand_cooler_3_swing,7.413788901388856e-07
2332.0,2336.8,True,laptop_ravi,0.9999955921753935,stand_cooler_3_swing,7.413788941788556e-07
2333.0,2337.8,True,laptop_ravi,0.9999953451401467,stand_cooler_3_swing,7.413787110313301e-07
2334.0,2338.8,True,laptop_ravi,0.9999953444269969,stand_cooler_3_swing,7.413787105026136e-07
2335.0,2339.8,True,laptop_ravi,0.9999954080025267,stand_cooler_3_swing,7.413787576363774e-07
2336.0,2340.8,True,laptop_ravi,0.9999955867261694,stand_cooler_3_swing,7.41378890138898e-07
2337.0,2341.8,True,laptop_ravi,0.9999957046813815,stand_cooler_3_swing,7.413781221283193e-07
2338.0,2342.8,True,laptop_ravi,0.9999956904374653,stand_cooler_3_swing,7.413812605959451e-07
2339.0,2343.8,True,laptop_ravi,0.9999956577167602,stand_cooler_3_swing,7.413767933548137e-07
2340.0,2344.8,True,laptop_ravi,0.9999956349147145,stand_cooler_3_swing,7.413767764498328e-07
2341.0,2345.8,True,laptop_ravi,0.9999959946052707,stand_cooler_3_swing,6.81175363221879e-07
2342.0,2346.8,True,laptop_ravi,0.9999960606945416,stand_cooler_3_swing,6.795317041515853e-07
2343.0,2347.8,True,laptop_ravi,0.9999922008826814,stand_cooler_mixed_withSwing,3.896566503111649e-06
2344.0,2348.8,True,laptop_ravi,0.9999918997737067,stand_cooler_mixed_withSwing,4.06538780049735e-06
2345.0,2349.8,True,laptop_ravi,0.9999922008826814,stand_cooler_mixed_withSwing,3.896566503111649e-06
2346.0,2350.8,True,laptop_ravi,0.9999922008826814,stand_cooler_mixed_withSwing,3.896566503111649e-06
2347.0,2351.8,True,laptop_ravi,0.9999918637116845,stand_cooler_mixed_withSwing,4.065379038702266e-06
2348.0,2352.8,True,laptop_ravi,0.9999918997737067,stand_cooler_mixed_withSwing,4.06538780049735e-06
2349.0,2353.8,True,laptop_ravi,0.9999918848105787,stand_cooler_mixed_withSwing,4.065419621005881e-06
2350.0,2354.8,True,laptop_ravi,0.9999920740089342,stand_cooler_mixed_withSwing,4.065388508836855e-06
2351.0,2355.8,True,laptop_ravi,0.9999918637116845,stand_cooler_mixed_withSwing,4.065379038702266e-06
2352.0,2356.8,True,laptop_ravi,0.9999920814796802,stand_cooler_mixed_withSwing,4.06540279678421e-06
2353.0,2357.8,True,laptop_ravi,0.9999920814796802,stand_cooler_mixed_withSwing,4.06540279678421e-06
2354.0,2358.8,True,laptop_ravi,0.9999820241920059,stand_cooler_mixed_withSwing,1.3589267255957846e-05
2355.0,2359.8,True,laptop_ravi,0.9999728539599232,stand_cooler_mixed_withSwing,1.3916527521815057e-05
2356.0,2360.8,True,laptop_ravi,0.9999844769618981,stand_cooler_2_swing,8.228082538583366e-06
2357.0,2361.8,True,laptop_ravi,0.9999844769560032,stand_cooler_2_swing,8.228082538534862e-06
2358.0,2362.8,True,laptop_ravi,0.9999966365538612,stand_cooler_mixed_withSwing,4.807805717587656e-07
2359.0,2363.8,True,laptop_ravi,0.9999965729417238,stand_cooler_mixed_withSwing,4.804564719302294e-07
2360.0,2364.8,True,laptop_ravi,0.9999946037699067,stand_cooler_mixed_withSwing,2.613539196891629e-06
2361.0,2365.8,True,laptop_ravi,0.9999844772991394,stand_cooler_2_swing,8.22808254135826e-06
2362.0,2366.8,True,laptop_ravi,0.9999829009277204,stand_cooler_2_swing,9.084729462583756e-06
2363.0,2367.8,True,laptop_ravi,0.9999728539599232,stand_cooler_mixed_withSwing,1.3916527521815057e-05
2364.0,2368.8,True,laptop_ravi,0.9999911225991818,stand_cooler_mixed_withSwing,5.157634484890385e-06
2365.0,2369.8,True,laptop_ravi,0.9999915550326164,stand_cooler_mixed_withSwing,4.0647172811117005e-06
2366.0,2370.8,True,laptop_ravi,0.999991435133236,stand_cooler_mixed_withSwing,4.064716793750501e-06
2367.0,2371.8,True,laptop_ravi,0.9999915550326164,stand_cooler_mixed_withSwing,4.0647172811117005e-06
2368.0,2372.8,True,laptop_ravi,0.999991435133236,stand_cooler_mixed_withSwing,4.064716793750501e-06
2369.0,2373.8,True,laptop_ravi,0.9999912405162409,stand_cooler_mixed_withSwing,4.0647160026807575e-06
2370.0,2374.8,True,laptop_ravi,0.999991435133236,stand_cooler_mixed_withSwing,4.064716793750501e-06
2371.0,2375.8,True,laptop_ravi,0.9999915550488874,stand_cooler_mixed_withSwing,4.064716497870532e-06
2372.0,2376.8,True,laptop_ravi,0.9999915495996009,stand_cooler_mixed_withSwing,4.0647164757205396e-06
2373.0,2377.8,True,laptop_ravi,0.9999915495996009,stand_cooler_mixed_withSwing,4.0647164757205396e-06
2374.0,2378.8,True,laptop_ravi,0.9999915495996009,stand_cooler_mixed_withSwing,4.0647164757205396e-06
2375.0,2379.8,True,laptop_ravi,0.9999915495996284,stand_cooler_mixed_withSwing,4.064716475720651e-06
2376.0,2380.8,True,laptop_ravi,0.9999915550488874,stand_cooler_mixed_withSwing,4.064716497870532e-06
2377.0,2381.8,True,laptop_ravi,0.9999915550488874,stand_cooler_mixed_withSwing,4.064716497870532e-06
2378.0,2382.8,True,laptop_ravi,0.9999915495996009,stand_cooler_mixed_withSwing,4.0647164757205396e-06
2379.0,2383.8,True,laptop_ravi,0.9999915495996009,stand_cooler_mixed_withSwing,4.0647164757205396e-06
2380.0,2384.8,True,laptop_ravi,0.9999915495996284,stand_cooler_mixed_withSwing,4.064716475720651e-06
2381.0,2385.8,True,laptop_ravi,0.9999915495996284,stand_cooler_mixed_withSwing,4.064716475720651e-06
2382.0,2386.8,True,laptop_ravi,0.9999915550488874,stand_cooler_mixed_withSwing,4.064716497870532e-06
2383.0,2387.8,True,laptop_ravi,0.9999915550488874,stand_cooler_mixed_withSwing,4.064716497870532e-06
2384.0,2388.8,True,laptop_ravi,0.9999915550488874,stand_cooler_mixed_withSwing,4.064716497870532e-06
2385.0,2389.8,True,laptop_ravi,0.9999915495996284,stand_cooler_mixed_withSwing,4.064716475720651e-06
2386.0,2390.8,True,laptop_ravi,0.9999918745825152,stand_cooler_mixed_withSwing,4.065435808632073e-06
2387.0,2391.8,True,laptop_ravi,0.9999918864265515,stand_cooler_mixed_withSwing,4.065430736099783e-06
2388.0,2392.8,True,laptop_ravi,0.9999918864265515,stand_cooler_mixed_withSwing,4.065430736099783e-06
2389.0,2393.8,True,laptop_ravi,0.9999918745825152,stand_cooler_mixed_withSwing,4.065435808632073e-06
2390.0,2394.8,True,laptop_ravi,0.9999915550488874,stand_cooler_mixed_withSwing,4.064716497870532e-06
2391.0,2395.8,True,laptop_ravi,0.9999915495994621,stand_cooler_mixed_withSwing,4.0647164757199754e-06
2392.0,2396.8,True,laptop_ravi,0.9999915495996284,stand_cooler_mixed_withSwing,4.064716475720651e-06
2393.0,2397.8,True,laptop_ravi,0.9999918952085,stand_cooler_mixed_withSwing,4.064713190348377e-06
2394.0,2398.8,True,laptop_ravi,0.9999915495996284,stand_cooler_mixed_withSwing,4.064716475720651e-06
2395.0,2399.8,True,laptop_ravi,0.9999915550488874,stand_cooler_mixed_withSwing,4.064716497870532e-06
2396.0,2400.8,True,laptop_ravi,0.9999915550488874,stand_cooler_mixed_withSwing,4.064716497870532e-06
2397.0,2401.8,True,laptop_ravi,0.9999915550488874,stand_cooler_mixed_withSwing,4.064716497870532e-06
2398.0,2402.8,True,laptop_ravi,0.9999912405162409,stand_cooler_mixed_withSwing,4.0647160026807575e-06
2399.0,2403.8,True,laptop_ravi,0.9999874994300674,stand_cooler_mixed_withSwing,8.67413554336669e-06
2400.0,2404.8,True,laptop_ravi,0.9999526815659112,stand_cooler_mixed_withSwing,3.4561721374868867e-05
2401.0,2405.8,True,laptop_ravi,0.9999526815659112,stand_cooler_mixed_withSwing,3.4561721374868867e-05
2402.0,2406.8,True,laptop_ravi,0.9999134689344881,stand_cooler_mixed_withSwing,7.409678596422116e-05
2403.0,2407.8,True,laptop_ravi,0.9999176040022095,stand_cooler_mixed_withSwing,6.999964156532111e-05
2404.0,2408.8,True,stand_cooler_2_swing,0.9999383353005933,stand_cooler_mixed_withSwing,4.5407714870833815e-05
2405.0,2409.8,True,stand_cooler_2_swing,0.9999705494847972,stand_cooler_mixed_withSwing,8.440082322037e-06
2406.0,2410.8,True,stand_cooler_2_swing,0.9994855039150072,stand_cooler_mixed_withSwing,0.00012623283027467417
2407.0,2411.8,False,off,,,
2408.0,2412.8,False,off,,,
2409.0,2413.8,True,laptop_ravi,0.9999775279266435,stand_cooler_mixed_withSwing,1.0442744727068865e-05
2410.0,2414.8,True,laptop_ravi,0.9999775279266435,stand_cooler_mixed_withSwing,1.0442744727068865e-05
2411.0,2415.8,True,laptop_ravi,0.9999741432207718,stand_cooler_mixed_withSwing,1.4673927740687453e-05
2412.0,2416.8,True,laptop_ravi,0.999954485860945,stand_cooler_mixed_withSwing,3.268339536826674e-05
2413.0,2417.8,True,laptop_ravi,0.9999224445738335,stand_cooler_mixed_withSwing,7.240995224196706e-05
2414.0,2418.8,True,laptop_ravi,0.9999827740740462,stand_cooler_mixed_withSwing,1.2694437887028538e-05
2415.0,2419.8,True,laptop_ravi,0.9999854799320352,stand_cooler_mixed_withSwing,1.0335088412573007e-05
2416.0,2420.8,True,laptop_ravi,0.9999841491066088,stand_cooler_mixed_withSwing,1.1654292824352836e-05
2417.0,2421.8,True,laptop_ravi,0.9999538578190562,stand_cooler_2_swing,3.214641538673541e-05
2418.0,2422.8,True,laptop_ravi,0.9999538436159471,stand_cooler_2_swing,3.214647325706463e-05
2419.0,2423.8,True,laptop_ravi,0.9999535138203743,stand_cooler_2_swing,3.2144991639584204e-05
2420.0,2424.8,True,laptop_ravi,0.9999524596386187,stand_cooler_2_swing,3.214499749040701e-05
2421.0,2425.8,True,laptop_ravi,0.9999532485514174,stand_cooler_2_swing,3.2145022851212606e-05
2422.0,2426.8,True,laptop_ravi,0.9999532485514174,stand_cooler_2_swing,3.2145022851212606e-05
2423.0,2427.8,True,laptop_ravi,0.9999524602402677,stand_cooler_2_swing,3.2144997509747934e-05
2424.0,2428.8,True,laptop_ravi,0.9999532485514174,stand_cooler_2_swing,3.2145022851212606e-05
2425.0,2429.8,True,laptop_ravi,0.9999534377362159,stand_cooler_2_swing,3.21450289328466e-05
2426.0,2430.8,True,laptop_ravi,0.9999532485514174,stand_cooler_2_swing,3.2145022851212606e-05
2427.0,2431.8,True,laptop_ravi,0.9999535566379758,stand_cooler_2_swing,3.214503275512509e-05
2428.0,2432.8,True,laptop_ravi,0.9999535566379758,stand_cooler_2_swing,3.214503275512509e-05
2429.0,2433.8,True,laptop_ravi,0.9999532447385279,stand_cooler_2_swing,3.214502272864145e-05
2430.0,2434.8,True,laptop_ravi,0.9999532447385279,stand_cooler_2_swing,3.214502272864145e-05
2431.0,2435.8,True,laptop_ravi,0.9999532447385279,stand_cooler_2_swing,3.214502272864145e-05
2432.0,2436.8,True,laptop_ravi,0.9999535192450456,stand_cooler_2_swing,3.2144991813968325e-05
2433.0,2437.8,True,laptop_ravi,0.9999538565892555,stand_cooler_2_swing,3.214496556700621e-05
2434.0,2438.8,True,laptop_ravi,0.999953513820347,stand_cooler_2_swing,3.214499163958333e-05
2435.0,2439.8,True,laptop_ravi,0.9999557332256908,stand_cooler_2_swing,3.0817006313004095e-05
2436.0,2440.8,True,laptop_ravi,0.9999540312563842,stand_cooler_2_swing,3.2146420962381077e-05
2437.0,2441.8,True,laptop_ravi,0.9999540312563842,stand_cooler_2_swing,3.2146420962381077e-05
2438.0,2442.8,True,laptop_ravi,0.9999838018699878,stand_cooler_mixed_withSwing,1.1797123263523778e-05
2439.0,2443.8,True,laptop_ravi,0.9999538466191682,stand_cooler_2_swing,3.214492475780541e-05
2440.0,2444.8,True,laptop_ravi,0.999953513820347,stand_cooler_2_swing,3.214499163958333e-05
2441.0,2445.8,True,laptop_ravi,0.9999538436159471,stand_cooler_2_swing,3.214647325706463e-05
2442.0,2446.8,True,laptop_ravi,0.9999540312573116,stand_cooler_2_swing,3.2146420962410885e-05
2443.0,2447.8,True,laptop_ravi,0.9999538218416881,stand_cooler_2_swing,3.214641423013862e-05
2444.0,2448.8,True,laptop_ravi,0.9999588521559811,stand_cooler_2_swing,2.946505888266229e-05
2445.0,2449.8,True,laptop_ravi,0.9999582158365506,stand_cooler_2_swing,2.9162217514702664e-05
2446.0,2450.8,True,laptop_ravi,0.9999854165111657,stand_cooler_mixed_withSwing,1.054164097588922e-05
2447.0,2451.8,True,laptop_ravi,0.9999869366819932,stand_cooler_mixed_withSwing,9.026966050935793e-06
2448.0,2452.8,True,laptop_ravi,0.9999923744309858,stand_cooler_mixed_withSwing,3.5868240005442864e-06
2449.0,2453.8,True,laptop_ravi,0.9999930185979493,stand_cooler_mixed_withSwing,3.251749611932177e-06
2450.0,2454.8,True,laptop_ravi,0.9999930227539159,stand_cooler_mixed_withSwing,3.249483139022381e-06
2451.0,2455.8,True,laptop_ravi,0.9999929606015252,stand_cooler_mixed_withSwing,3.3098017891155777e-06
2452.0,2456.8,True,laptop_ravi,0.9999731255699745,stand_cooler_mixed_withSwing,1.3589146328031075e-05
2453.0,2457.8,True,laptop_ravi,0.9999731676438938,stand_cooler_mixed_withSwing,1.3589146899795086e-05
2454.0,2458.8,True,laptop_ravi,0.9999832828403624,stand_cooler_2_swing,9.084730837620875e-06
2455.0,2459.8,True,laptop_ravi,0.999992566282612,stand_cooler_mixed_withSwing,4.013988542097733e-06
2456.0,2460.8,True,laptop_ravi,0.9999967817233076,stand_cooler_mixed_withSwing,4.172800589438749e-07
2457.0,2461.8,True,laptop_ravi,0.9999966179754105,stand_cooler_mixed_withSwing,4.819918530554641e-07
2458.0,2462.8,True,laptop_ravi,0.9999966208892754,stand_cooler_mixed_withSwing,4.873295999421804e-07
2459.0,2463.8,True,laptop_ravi,0.9999951757202905,stand_cooler_mixed_withSwing,9.685827125833862e-07
2460.0,2464.8,True,laptop_ravi,0.9999845235505915,stand_cooler_2_swing,8.27536954914767e-06
2461.0,2465.8,True,laptop_ravi,0.9999829446279078,stand_cooler_2_swing,9.137414577277897e-06
2462.0,2466.8,True,laptop_ravi,0.9999946779094248,stand_cooler_mixed_withSwing,1.0615188307719967e-06
2463.0,2467.8,True,laptop_ravi,0.9999955867261694,stand_cooler_3_swing,7.41378890138898e-07
2464.0,2468.8,True,laptop_ravi,0.9999957046813815,stand_cooler_3_swing,7.413781221283193e-07
2465.0,2469.8,True,laptop_ravi,0.9999955867261694,stand_cooler_3_swing,7.41378890138898e-07
2466.0,2470.8,True,laptop_ravi,0.9999955921753935,stand_cooler_3_swing,7.413788941788556e-07
2467.0,2471.8,True,laptop_ravi,0.9999954080025267,stand_cooler_3_swing,7.413787576363774e-07
2468.0,2472.8,True,laptop_ravi,0.9999954080025267,stand_cooler_3_swing,7.413787576363774e-07
2469.0,2473.8,True,laptop_ravi,0.9999954080025192,stand_cooler_3_swing,7.413787576363718e-07
2470.0,2474.8,True,laptop_ravi,0.9999955867261527,stand_cooler_3_swing,7.413788901388856e-07
2471.0,2475.8,True,laptop_ravi,0.9999955867261527,stand_cooler_3_swing,7.413788901388856e-07
2472.0,2476.8,True,laptop_ravi,0.9999956904134394,stand_cooler_3_swing,7.413812605781326e-07
2473.0,2477.8,True,laptop_ravi,0.9999958319533048,stand_cooler_3_swing,7.413769225303053e-07
2474.0,2478.8,True,laptop_ravi,0.9999956904374653,stand_cooler_3_swing,7.413812605959451e-07
2475.0,2479.8,True,laptop_ravi,0.9999956799567233,stand_cooler_3_swing,7.413771699834365e-07
2476.0,2480.8,True,laptop_ravi,0.9999956904134394,stand_cooler_3_swing,7.413812605781326e-07
2477.0,2481.8,True,laptop_ravi,0.9999958394250849,stand_cooler_3_swing,7.413813710530502e-07
2478.0,2482.8,True,laptop_ravi,0.9999958394250849,stand_cooler_3_swing,7.413813710530502e-07
2479.0,2483.8,True,laptop_ravi,0.9999956349147145,stand_cooler_3_swing,7.413767764498328e-07
2480.0,2484.8,True,laptop_ravi,0.9999959453155706,stand_cooler_3_swing,6.894709629780798e-07
2481.0,2485.8,True,laptop_ravi,0.9999960682576502,stand_cooler_3_swing,6.795317092909776e-07
2482.0,2486.8,True,laptop_ravi,0.9999960703291401,stand_cooler_3_swing,6.791874476528138e-07
2483.0,2487.8,True,laptop_ravi,0.9999930227539159,stand_cooler_mixed_withSwing,3.249483139022381e-06
2484.0,2488.8,True,laptop_ravi,0.9999911225991818,stand_cooler_mixed_withSwing,5.157634484890385e-06
2485.0,2489.8,True,laptop_ravi,0.9999930185979493,stand_cooler_mixed_withSwing,3.251749611932177e-06
2486.0,2490.8,True,laptop_ravi,0.9999918848126882,stand_cooler_mixed_withSwing,4.0653875552756795e-06
2487.0,2491.8,True,laptop_ravi,0.9999918848126882,stand_cooler_mixed_withSwing,4.0653875552756795e-06
2488.0,2492.8,True,laptop_ravi,0.9999918743188416,stand_cooler_mixed_withSwing,4.065430686876327e-06
2489.0,2493.8,True,laptop_ravi,0.9999915495996284,stand_cooler_mixed_withSwing,4.064716475720651e-06
2490.0,2494.8,True,laptop_ravi,0.9999918848126882,stand_cooler_mixed_withSwing,4.0653875552756795e-06
2491.0,2495.8,True,laptop_ravi,0.9999920740089342,stand_cooler_mixed_withSwing,4.065388508836855e-06
2492.0,2496.8,True,laptop_ravi,0.9999918848105787,stand_cooler_mixed_withSwing,4.065419621005881e-06
2493.0,2497.8,True,laptop_ravi,0.9999918864265515,stand_cooler_mixed_withSwing,4.065430736099783e-06
2494.0,2498.8,True,laptop_ravi,0.9999918848105787,stand_cooler_mixed_withSwing,4.065419621005881e-06
2495.0,2499.8,True,laptop_ravi,0.9999915495996284,stand_cooler_mixed_withSwing,4.064716475720651e-06
2496.0,2500.8,True,laptop_ravi,0.9999915495996009,stand_cooler_mixed_withSwing,4.0647164757205396e-06
2497.0,2501.8,True,laptop_ravi,0.9999915495996284,stand_cooler_mixed_withSwing,4.064716475720651e-06
2498.0,2502.8,True,laptop_ravi,0.9999915550488874,stand_cooler_mixed_withSwing,4.064716497870532e-06
2499.0,2503.8,True,laptop_ravi,0.9999915550488874,stand_cooler_mixed_withSwing,4.064716497870532e-06
2500.0,2504.8,True,laptop_ravi,0.9999915550488874,stand_cooler_mixed_withSwing,4.064716497870532e-06
2501.0,2505.8,True,laptop_ravi,0.9999929606015252,stand_cooler_mixed_withSwing,3.3098017891155777e-06
2502.0,2506.8,True,laptop_ravi,0.9999820241920059,stand_cooler_mixed_withSwing,1.3589267255957846e-05
2503.0,2507.8,True,laptop_ravi,0.9999829848015341,stand_cooler_2_swing,9.097795540650004e-06
2504.0,2508.8,True,laptop_ravi,0.9999845263669963,stand_cooler_2_swing,8.27536957245482e-06
2505.0,2509.8,True,laptop_ravi,0.999996222999794,stand_cooler_3_swing,6.144089640900895e-07
2506.0,2510.8,True,laptop_ravi,0.999996245974264,stand_cooler_3_swing,6.694494530235853e-07
2507.0,2511.8,True,laptop_ravi,0.9999966304705754,stand_cooler_mixed_withSwing,4.873458131821678e-07
2508.0,2512.8,True,laptop_ravi,0.99999323060123,stand_cooler_mixed_withSwing,3.1104668497587933e-06
2509.0,2513.8,True,laptop_ravi,0.9999844773050343,stand_cooler_2_swing,8.228082541406764e-06
2510.0,2514.8,True,laptop_ravi,0.9999728539599232,stand_cooler_mixed_withSwing,1.3916527521815057e-05
2511.0,2515.8,True,laptop_ravi,0.9999731227471618,stand_cooler_mixed_withSwing,1.3589146289670429e-05
2512.0,2516.8,True,laptop_ravi,0.9999920740089342,stand_cooler_mixed_withSwing,4.065388508836855e-06
2513.0,2517.8,True,laptop_ravi,0.9999915550488874,stand_cooler_mixed_withSwing,4.064716497870532e-06
2514.0,2518.8,True,laptop_ravi,0.9999915550488874,stand_cooler_mixed_withSwing,4.064716497870532e-06
2515.0,2519.8,True,laptop_ravi,0.9999915550488874,stand_cooler_mixed_withSwing,4.064716497870532e-06
2516.0,2520.8,True,laptop_ravi,0.9999915550326164,stand_cooler_mixed_withSwing,4.0647172811117005e-06
2517.0,2521.8,True,laptop_ravi,0.9999912443465383,stand_cooler_mixed_withSwing,4.064716018249965e-06
2518.0,2522.8,True,laptop_ravi,0.999991435133236,stand_cooler_mixed_withSwing,4.064716793750501e-06
2519.0,2523.8,True,laptop_ravi,0.9999915495996284,stand_cooler_mixed_withSwing,4.064716475720651e-06
2520.0,2524.8,True,laptop_ravi,0.9999918864265515,stand_cooler_mixed_withSwing,4.065430736099783e-06
2521.0,2525.8,True,laptop_ravi,0.9999918864265515,stand_cooler_mixed_withSwing,4.065430736099783e-06
2522.0,2526.8,True,laptop_ravi,0.9999915495996284,stand_cooler_mixed_withSwing,4.064716475720651e-06
2523.0,2527.8,True,laptop_ravi,0.9999918864265515,stand_cooler_mixed_withSwing,4.065430736099783e-06
2524.0,2528.8,True,laptop_ravi,0.9999918848126882,stand_cooler_mixed_withSwing,4.0653875552756795e-06
2525.0,2529.8,True,laptop_ravi,0.9999920814796802,stand_cooler_mixed_withSwing,4.06540279678421e-06
2526.0,2530.8,True,laptop_ravi,0.9999918997737067,stand_cooler_mixed_withSwing,4.06538780049735e-06
2527.0,2531.8,True,laptop_ravi,0.9999925273803456,stand_cooler_mixed_withSwing,3.7322790406238516e-06
2528.0,2532.8,True,laptop_ravi,0.9999922008826814,stand_cooler_mixed_withSwing,3.896566503111649e-06
2529.0,2533.8,True,laptop_ravi,0.9999918997737067,stand_cooler_mixed_withSwing,4.06538780049735e-06
2530.0,2534.8,True,laptop_ravi,0.9999918864265515,stand_cooler_mixed_withSwing,4.065430736099783e-06
2531.0,2535.8,True,laptop_ravi,0.9999915550488874,stand_cooler_mixed_withSwing,4.064716497870532e-06
2532.0,2536.8,True,laptop_ravi,0.999991435133236,stand_cooler_mixed_withSwing,4.064716793750501e-06
2533.0,2537.8,True,laptop_ravi,0.9999526815659112,stand_cooler_mixed_withSwing,3.4561721374868867e-05
2534.0,2538.8,True,laptop_ravi,0.9999526815659112,stand_cooler_mixed_withSwing,3.4561721374868867e-05
2535.0,2539.8,True,laptop_ravi,0.9999526815659112,stand_cooler_mixed_withSwing,3.4561721374868867e-05
2536.0,2540.8,True,laptop_ravi,0.9999003610742692,stand_cooler_mixed_withSwing,8.720480918418167e-05
2537.0,2541.8,True,laptop_ravi,0.9999003610742692,stand_cooler_mixed_withSwing,8.720480918418167e-05
2538.0,2542.8,True,stand_cooler_2_swing,0.9914841552354379,stand_cooler_mixed_withSwing,0.008138992288023103
2539.0,2543.8,True,stand_cooler_2_swing,0.9914841546300268,stand_cooler_mixed_withSwing,0.008138992283053346
2540.0,2544.8,True,laptop_ravi,0.9999732482199508,stand_cooler_mixed_withSwing,2.2627789415378124e-05
2541.0,2545.8,True,laptop_ravi,0.9999732482199508,stand_cooler_mixed_withSwing,2.2627789415378124e-05
2542.0,2546.8,True,laptop_ravi,0.9999631973933779,stand_cooler_mixed_withSwing,3.308745678614913e-05
2543.0,2547.8,True,laptop_ravi,0.999900364447127,stand_cooler_mixed_withSwing,8.72048094783404e-05
2544.0,2548.8,True,laptop_ravi,0.999900364447127,stand_cooler_mixed_withSwing,8.72048094783404e-05
2545.0,2549.8,True,laptop_ravi,0.9999537696777453,stand_cooler_mixed_withSwing,3.3734856697108875e-05
2546.0,2550.8,True,laptop_ravi,0.999967989252005,stand_cooler_mixed_withSwing,2.806270350104428e-05
2547.0,2551.8,True,laptop_ravi,0.9999934432075557,stand_cooler_mixed_withSwing,3.2521253404584746e-06
2548.0,2552.8,True,laptop_ravi,0.9999918999266468,stand_cooler_mixed_withSwing,4.100889240815825e-06
2549.0,2553.8,True,laptop_ravi,0.9999929596700814,stand_cooler_mixed_withSwing,3.3101356422429767e-06
2550.0,2554.8,True,laptop_ravi,0.9999930185883489,stand_cooler_mixed_withSwing,3.2517483924895752e-06
2551.0,2555.8,True,laptop_ravi,0.999982024192174,stand_cooler_mixed_withSwing,1.3589244943778827e-05
2552.0,2556.8,True,laptop_ravi,0.9999731227462989,stand_cooler_mixed_withSwing,1.3589123977676015e-05
2553.0,2557.8,True,laptop_ravi,0.9999922831160541,stand_cooler_mixed_withSwing,4.325066417832477e-06
2554.0,2558.8,True,laptop_ravi,0.9999964969567822,stand_cooler_mixed_withSwing,6.288969413155077e-07
2555.0,2559.8,True,laptop_ravi,0.9999962339901896,stand_cooler_mixed_withSwing,7.902217200558931e-07
2556.0,2560.8,True,laptop_ravi,0.9999961246744595,stand_cooler_mixed_withSwing,5.363363776269692e-07
2557.0,2561.8,True,laptop_ravi,0.9999965187840013,stand_cooler_mixed_withSwing,6.154495770642137e-07
2558.0,2562.8,True,laptop_ravi,0.9999834568668622,stand_cooler_2_swing,9.097798153194534e-06
2559.0,2563.8,True,laptop_ravi,0.9999724894205329,stand_cooler_mixed_withSwing,1.391652244855488e-05
2560.0,2564.8,True,laptop_ravi,0.9999099622310382,stand_cooler_2_swing,6.193985214672375e-05
2561.0,2565.8,True,laptop_ravi,0.999958852157361,stand_cooler_2_swing,2.946506022781896e-05
2562.0,2566.8,True,laptop_ravi,0.9999535566379758,stand_cooler_2_swing,3.214503275512509e-05
2563.0,2567.8,True,laptop_ravi,0.9999532447385279,stand_cooler_2_swing,3.214502272864145e-05
2564.0,2568.8,True,laptop_ravi,0.9999534377362159,stand_cooler_2_swing,3.21450289328466e-05
2565.0,2569.8,True,laptop_ravi,0.9999532447385279,stand_cooler_2_swing,3.214502272864145e-05
2566.0,2570.8,True,laptop_ravi,0.9999535138203743,stand_cooler_2_swing,3.2144991639584204e-05
2567.0,2571.8,True,laptop_ravi,0.9999538565892555,stand_cooler_2_swing,3.214496556700621e-05
2568.0,2572.8,True,laptop_ravi,0.9999538449372731,stand_cooler_2_swing,3.2145081868221686e-05
2569.0,2573.8,True,laptop_ravi,0.9999570564458801,stand_cooler_2_swing,2.9895843375402956e-05
2570.0,2574.8,True,laptop_ravi,0.9999538449363458,stand_cooler_2_swing,3.214508186819187e-05
2571.0,2575.8,True,laptop_ravi,0.9999540312563842,stand_cooler_2_swing,3.2146420962381077e-05
2572.0,2576.8,True,laptop_ravi,0.9999538436150197,stand_cooler_2_swing,3.214647325703482e-05
2573.0,2577.8,True,laptop_ravi,0.9999538347506551,stand_cooler_2_swing,3.214496486497275e-05
2574.0,2578.8,True,laptop_ravi,0.999953513820347,stand_cooler_2_swing,3.214499163958333e-05
2575.0,2579.8,True,laptop_ravi,0.9999540312573116,stand_cooler_2_swing,3.2146420962410885e-05
2576.0,2580.8,True,laptop_ravi,0.9999538578190562,stand_cooler_2_swing,3.214641538673541e-05
2577.0,2581.8,True,laptop_ravi,0.9999538218416881,stand_cooler_2_swing,3.214641423013862e-05
2578.0,2582.8,True,laptop_ravi,0.9999588521559811,stand_cooler_2_swing,2.946505888266229e-05
2579.0,2583.8,True,laptop_ravi,0.9999582158365506,stand_cooler_2_swing,2.9162217514702664e-05
2580.0,2584.8,True,laptop_ravi,0.999985416507201,stand_cooler_mixed_withSwing,1.0541640975847424e-05
2581.0,2585.8,True,laptop_ravi,0.999985119738931,stand_cooler_mixed_withSwing,1.0830501405279236e-05
2582.0,2586.8,True,laptop_ravi,0.9999844673781539,stand_cooler_mixed_withSwing,1.1307234742113408e-05
2583.0,2587.8,True,laptop_ravi,0.999985119738931,stand_cooler_mixed_withSwing,1.0830501405279236e-05
2584.0,2588.8,True,laptop_ravi,0.9999853589661523,stand_cooler_mixed_withSwing,1.0577199746637457e-05
2585.0,2589.8,True,laptop_ravi,0.9999575788686798,stand_cooler_2_swing,2.9536155543934544e-05
2586.0,2590.8,True,laptop_ravi,0.9999538578190562,stand_cooler_2_swing,3.214641538673541e-05
2587.0,2591.8,True,laptop_ravi,0.9999538565892555,stand_cooler_2_swing,3.214496556700621e-05
2588.0,2592.8,True,laptop_ravi,0.9999538466191682,stand_cooler_2_swing,3.214492475780541e-05
2589.0,2593.8,True,laptop_ravi,0.9999540312573116,stand_cooler_2_swing,3.2146420962410885e-05
2590.0,2594.8,True,laptop_ravi,0.9999911225991818,stand_cooler_mixed_withSwing,5.157634484890385e-06
2591.0,2595.8,True,laptop_ravi,0.9999918944784122,stand_cooler_mixed_withSwing,4.046130080645565e-06
2592.0,2596.8,True,laptop_ravi,0.9999911225991818,stand_cooler_mixed_withSwing,5.157634484890385e-06
2593.0,2597.8,True,laptop_ravi,0.9999924340280103,stand_cooler_mixed_withSwing,3.7800781605143044e-06
2594.0,2598.8,True,laptop_ravi,0.9999915550326164,stand_cooler_mixed_withSwing,4.0647172811117005e-06
2595.0,2599.8,True,laptop_ravi,0.9999915550326164,stand_cooler_mixed_withSwing,4.0647172811117005e-06
2596.0,2600.8,True,laptop_ravi,0.9999915550488874,stand_cooler_mixed_withSwing,4.064716497870532e-06
2597.0,2601.8,True,laptop_ravi,0.9999930185979493,stand_cooler_mixed_withSwing,3.251749611932177e-06
2598.0,2602.8,True,laptop_ravi,0.9999914719415594,stand_cooler_mixed_withSwing,4.0453743867219816e-06
2599.0,2603.8,True,laptop_ravi,0.9999925480654651,stand_cooler_mixed_withSwing,3.4083881551230067e-06
2600.0,2604.8,True,laptop_ravi,0.9999828917215982,stand_cooler_2_swing,9.0847297936762e-06
2601.0,2605.8,True,laptop_ravi,0.9999828916795501,stand_cooler_2_swing,9.084729793294198e-06
2602.0,2606.8,True,laptop_ravi,0.9999849664513998,stand_cooler_2_swing,8.275378488330874e-06
2603.0,2607.8,True,laptop_ravi,0.9999955738998562,stand_cooler_mixed_withSwing,9.554414530030958e-07
2604.0,2608.8,True,laptop_ravi,0.9999966214730819,stand_cooler_mixed_withSwing,4.818196917292125e-07
2605.0,2609.8,True,laptop_ravi,0.9999966279417069,stand_cooler_mixed_withSwing,4.819990285828629e-07
2606.0,2610.8,True,laptop_ravi,0.9999961759939827,stand_cooler_3_swing,6.496588755239713e-07
2607.0,2611.8,True,laptop_ravi,0.9999845259127111,stand_cooler_2_swing,8.275408037395228e-06
2608.0,2612.8,True,laptop_ravi,0.9999844766929855,stand_cooler_2_swing,8.228082536370697e-06
2609.0,2613.8,True,laptop_ravi,0.9999828916790714,stand_cooler_2_swing,9.084729378560846e-06
2610.0,2614.8,True,laptop_ravi,0.9999946778987869,stand_cooler_mixed_withSwing,1.0615188307607044e-06
2611.0,2615.8,True,laptop_ravi,0.9999958394250849,stand_cooler_3_swing,7.413813710530502e-07
2612.0,2616.8,True,laptop_ravi,0.9999956799567233,stand_cooler_3_swing,7.413771699834365e-07
2613.0,2617.8,True,laptop_ravi,0.9999956904134394,stand_cooler_3_swing,7.413812605781326e-07
2614.0,2618.8,True,laptop_ravi,0.9999958319533048,stand_cooler_3_swing,7.413769225303053e-07
2615.0,2619.8,True,laptop_ravi,0.9999956577167602,stand_cooler_3_swing,7.413767933548137e-07
2616.0,2620.8,True,laptop_ravi,0.9999956799567233,stand_cooler_3_swing,7.413771699834365e-07
2617.0,2621.8,True,laptop_ravi,0.9999956904374653,stand_cooler_3_swing,7.413812605959451e-07
2618.0,2622.8,True,laptop_ravi,0.9999958394250849,stand_cooler_3_swing,7.413813710530502e-07
2619.0,2623.8,True,laptop_ravi,0.9999958319538734,stand_cooler_3_swing,7.413769225307269e-07
2620.0,2624.8,True,laptop_ravi,0.99999558672684,stand_cooler_3_swing,7.413788901393951e-07
2621.0,2625.8,True,laptop_ravi,0.999995704682069,stand_cooler_3_swing,7.413781221288289e-07
2622.0,2626.8,True,laptop_ravi,0.9999956349152832,stand_cooler_3_swing,7.413767764502544e-07
2623.0,2627.8,True,laptop_ravi,0.9999956577173289,stand_cooler_3_swing,7.413767933552353e-07
2624.0,2628.8,True,laptop_ravi,0.9999918997737067,stand_cooler_mixed_withSwing,4.06538780049735e-06
2625.0,2629.8,True,laptop_ravi,0.9999918997737067,stand_cooler_mixed_withSwing,4.06538780049735e-06
2626.0,2630.8,True,laptop_ravi,0.9999918997737067,stand_cooler_mixed_withSwing,4.06538780049735e-06
2627.0,2631.8,True,laptop_ravi,0.9999918997737067,stand_cooler_mixed_withSwing,4.06538780049735e-06
2628.0,2632.8,True,laptop_ravi,0.9999918997737067,stand_cooler_mixed_withSwing,4.06538780049735e-06
2629.0,2633.8,True,laptop_ravi,0.9999918997737067,stand_cooler_mixed_withSwing,4.06538780049735e-06
2630.0,2634.8,True,laptop_ravi,0.9999918743188416,stand_cooler_mixed_withSwing,4.065430686876327e-06
2631.0,2635.8,True,laptop_ravi,0.9999915495996009,stand_cooler_mixed_withSwing,4.0647164757205396e-06
2632.0,2636.8,True,laptop_ravi,0.9999915550488874,stand_cooler_mixed_withSwing,4.064716497870532e-06
2633.0,2637.8,True,laptop_ravi,0.9999915495994621,stand_cooler_mixed_withSwing,4.0647164757199754e-06
2634.0,2638.8,True,laptop_ravi,0.9999915550488874,stand_cooler_mixed_withSwing,4.064716497870532e-06
2635.0,2639.8,True,laptop_ravi,0.9999915550488874,stand_cooler_mixed_withSwing,4.064716497870532e-06
2636.0,2640.8,True,laptop_ravi,0.9999915550488874,stand_cooler_mixed_withSwing,4.064716497870532e-06
2637.0,2641.8,True,laptop_ravi,0.9999915550488874,stand_cooler_mixed_withSwing,4.064716497870532e-06
2638.0,2642.8,True,laptop_ravi,0.9999912443465383,stand_cooler_mixed_withSwing,4.064716018249965e-06
2639.0,2643.8,True,laptop_ravi,0.9999915495996284,stand_cooler_mixed_withSwing,4.064716475720651e-06
2640.0,2644.8,True,laptop_ravi,0.9999918864265515,stand_cooler_mixed_withSwing,4.065430736099783e-06
2641.0,2645.8,True,laptop_ravi,0.9999918952085,stand_cooler_mixed_withSwing,4.064713190348377e-06
2642.0,2646.8,True,laptop_ravi,0.9999915495996009,stand_cooler_mixed_withSwing,4.0647164757205396e-06
2643.0,2647.8,True,laptop_ravi,0.9999915550488874,stand_cooler_mixed_withSwing,4.064716497870532e-06
2644.0,2648.8,True,laptop_ravi,0.9999915550488874,stand_cooler_mixed_withSwing,4.064716497870532e-06
2645.0,2649.8,True,laptop_ravi,0.9999915550326164,stand_cooler_mixed_withSwing,4.0647172811117005e-06
2646.0,2650.8,True,laptop_ravi,0.9999915550326164,stand_cooler_mixed_withSwing,4.0647172811117005e-06
2647.0,2651.8,True,laptop_ravi,0.999991435133236,stand_cooler_mixed_withSwing,4.064716793750501e-06
2648.0,2652.8,True,laptop_ravi,0.9999915550488874,stand_cooler_mixed_withSwing,4.064716497870532e-06
2649.0,2653.8,True,laptop_ravi,0.9999911225991818,stand_cooler_mixed_withSwing,5.157634484890385e-06
2650.0,2654.8,True,laptop_ravi,0.9999731255701995,stand_cooler_mixed_withSwing,1.3589146328034133e-05
2651.0,2655.8,True,laptop_ravi,0.9999845263953023,stand_cooler_2_swing,8.275359254260968e-06
2652.0,2656.8,True,laptop_ravi,0.9999922163745958,stand_cooler_mixed_withSwing,4.02043453791932e-06
2653.0,2657.8,True,laptop_ravi,0.9999961394555572,stand_cooler_3_swing,6.050680009546398e-07
2654.0,2658.8,True,laptop_ravi,0.9999961759230487,stand_cooler_3_swing,6.703034978733046e-07
2655.0,2659.8,True,laptop_ravi,0.9999962655056341,stand_cooler_3_swing,5.878191029765556e-07
2656.0,2660.8,True,laptop_ravi,0.9999845263669963,stand_cooler_2_swing,8.27536957245482e-06
2657.0,2661.8,True,laptop_ravi,0.9999843223906236,stand_cooler_2_swing,8.310186288204504e-06
2658.0,2662.8,True,laptop_ravi,0.9999731676441187,stand_cooler_mixed_withSwing,1.3589146899798144e-05
2659.0,2663.8,True,laptop_ravi,0.9999820241920059,stand_cooler_mixed_withSwing,1.3589267255957846e-05
2660.0,2664.8,True,laptop_ravi,0.9999922008826814,stand_cooler_mixed_withSwing,3.896566503111649e-06
2661.0,2665.8,True,laptop_ravi,0.9999924340280103,stand_cooler_mixed_withSwing,3.7800781605143044e-06
2662.0,2666.8,True,laptop_ravi,0.9999920814796802,stand_cooler_mixed_withSwing,4.06540279678421e-06
2663.0,2667.8,True,laptop_ravi,0.9999915495996009,stand_cooler_mixed_withSwing,4.0647164757205396e-06
2664.0,2668.8,True,laptop_ravi,0.9999915495996009,stand_cooler_mixed_withSwing,4.0647164757205396e-06
2665.0,2669.8,True,laptop_ravi,0.9999915495996284,stand_cooler_mixed_withSwing,4.064716475720651e-06
2666.0,2670.8,True,laptop_ravi,0.9999915495996284,stand_cooler_mixed_withSwing,4.064716475720651e-06
2667.0,2671.8,True,laptop_ravi,0.9999526905884678,stand_cooler_mixed_withSwing,3.456172168671871e-05
2668.0,2672.8,True,laptop_ravi,0.9999526905884678,stand_cooler_mixed_withSwing,3.456172168671871e-05
2669.0,2673.8,True,laptop_ravi,0.9999522519581677,stand_cooler_mixed_withSwing,3.515505855565801e-05
2670.0,2674.8,True,laptop_ravi,0.999900364447127,stand_cooler_mixed_withSwing,8.72048094783404e-05
2671.0,2675.8,True,laptop_ravi,0.999900364447127,stand_cooler_mixed_withSwing,8.72048094783404e-05
2672.0,2676.8,True,stand_cooler_2_swing,0.9914841546300268,stand_cooler_mixed_withSwing,0.008138992283053346
2673.0,2677.8,True,stand_cooler_2_swing,0.9910158069043584,stand_cooler_mixed_withSwing,0.00860752207370497
2674.0,2678.8,True,laptop_ravi,0.9999732482199508,stand_cooler_mixed_withSwing,2.2627789415378124e-05
2675.0,2679.8,True,laptop_ravi,0.9999732482199508,stand_cooler_mixed_withSwing,2.2627789415378124e-05
2676.0,2680.8,True,laptop_ravi,0.9999631920120992,stand_cooler_mixed_withSwing,3.308745660808975e-05
2677.0,2681.8,True,laptop_ravi,0.999900364447127,stand_cooler_mixed_withSwing,8.72048094783404e-05
2678.0,2682.8,True,laptop_ravi,0.9999522519581677,stand_cooler_mixed_withSwing,3.515505855565801e-05
2679.0,2683.8,True,laptop_ravi,0.9999527173293294,stand_cooler_mixed_withSwing,3.456204473046039e-05
2680.0,2684.8,True,laptop_ravi,0.9999857916752897,stand_cooler_mixed_withSwing,1.0046836474766192e-05
2681.0,2685.8,True,laptop_ravi,0.9999930190314242,stand_cooler_mixed_withSwing,3.310135838738457e-06
2682.0,2686.8,True,laptop_ravi,0.999992525494785,stand_cooler_mixed_withSwing,3.732737649885651e-06
2683.0,2687.8,True,laptop_ravi,0.9999929596700814,stand_cooler_mixed_withSwing,3.3101356422429767e-06
2684.0,2688.8,True,laptop_ravi,0.9999924340280103,stand_cooler_mixed_withSwing,3.7800781605143044e-06
2685.0,2689.8,True,laptop_ravi,0.9999920740089342,stand_cooler_mixed_withSwing,4.065388508836855e-06
2686.0,2690.8,True,laptop_ravi,0.9999915495996009,stand_cooler_mixed_withSwing,4.0647164757205396e-06
2687.0,2691.8,True,laptop_ravi,0.9999907602201865,stand_cooler_mixed_withSwing,4.548899893607233e-06
2688.0,2692.8,True,laptop_ravi,0.9999907594194365,stand_cooler_mixed_withSwing,4.548899889964668e-06
2689.0,2693.8,True,laptop_ravi,0.9999912444025265,stand_cooler_mixed_withSwing,4.064716018477543e-06
2690.0,2694.8,True,laptop_ravi,0.9999912444025265,stand_cooler_mixed_withSwing,4.064716018477543e-06
2691.0,2695.8,True,laptop_ravi,0.9999907602201865,stand_cooler_mixed_withSwing,4.548899893607233e-06
2692.0,2696.8,True,laptop_ravi,0.9999918952085,stand_cooler_mixed_withSwing,4.064713190348377e-06
2693.0,2697.8,True,laptop_ravi,0.9999918997737067,stand_cooler_mixed_withSwing,4.06538780049735e-06
2694.0,2698.8,True,laptop_ravi,0.9999918637116845,stand_cooler_mixed_withSwing,4.065379038702266e-06
2695.0,2699.8,True,laptop_ravi,0.9999538578190562,stand_cooler_2_swing,3.214641538673541e-05
2696.0,2700.8,True,laptop_ravi,0.9999535138203743,stand_cooler_2_swing,3.2144991639584204e-05
2697.0,2701.8,True,laptop_ravi,0.9999532447385279,stand_cooler_2_swing,3.214502272864145e-05
2698.0,2702.8,True,laptop_ravi,0.999958852157361,stand_cooler_2_swing,2.946506022781896e-05
2699.0,2703.8,True,laptop_ravi,0.9999099588344648,stand_cooler_2_swing,6.193985193632156e-05
2700.0,2704.8,True,laptop_ravi,0.9999919332733078,stand_cooler_mixed_withSwing,4.377716541195825e-06
2701.0,2705.8,True,laptop_ravi,0.9999951532646512,stand_cooler_mixed_withSwing,1.054820884887002e-06
2702.0,2706.8,True,laptop_ravi,0.9999964638732324,stand_cooler_mixed_withSwing,4.798824754672909e-07
2703.0,2707.8,True,laptop_ravi,0.9999962773989162,stand_cooler_mixed_withSwing,5.063617879685889e-07
2704.0,2708.8,True,laptop_ravi,0.9999963167061865,stand_cooler_mixed_withSwing,5.325417632861821e-07
2705.0,2709.8,True,laptop_ravi,0.9999836263323271,stand_cooler_2_swing,9.097799279656972e-06
2706.0,2710.8,True,laptop_ravi,0.9999829009577622,stand_cooler_2_swing,9.084729462856684e-06
2707.0,2711.8,True,laptop_ravi,0.9999102315387995,stand_cooler_2_swing,6.167129764026809e-05
2708.0,2712.8,True,laptop_ravi,0.9999099622251815,stand_cooler_2_swing,6.193984931873102e-05
2709.0,2713.8,True,laptop_ravi,0.9999538578190562,stand_cooler_2_swing,3.214641538673541e-05
2710.0,2714.8,True,laptop_ravi,0.9999538578190562,stand_cooler_2_swing,3.214641538673541e-05
2711.0,2715.8,True,laptop_ravi,0.9999538218416881,stand_cooler_2_swing,3.214641423013862e-05
2712.0,2716.8,True,laptop_ravi,0.9999588745370545,stand_cooler_2_swing,2.9450132010463176e-05
2713.0,2717.8,True,laptop_ravi,0.9999582158365506,stand_cooler_2_swing,2.9162217514702664e-05
2714.0,2718.8,True,laptop_ravi,0.9999854165105037,stand_cooler_mixed_withSwing,1.0541640975882239e-05
2715.0,2719.8,True,laptop_ravi,0.9999844673781539,stand_cooler_mixed_withSwing,1.1307234742113408e-05
2716.0,2720.8,True,laptop_ravi,0.9999849317132176,stand_cooler_mixed_withSwing,1.0969206082363147e-05
2717.0,2721.8,True,laptop_ravi,0.999985119738931,stand_cooler_mixed_withSwing,1.0830501405279236e-05
2718.0,2722.8,True,laptop_ravi,0.9999575788678275,stand_cooler_2_swing,2.9536155543909377e-05
2719.0,2723.8,True,laptop_ravi,0.9999570564467427,stand_cooler_2_swing,2.9895843375428743e-05
2720.0,2724.8,True,laptop_ravi,0.9999540312573116,stand_cooler_2_swing,3.2146420962410885e-05
2721.0,2725.8,True,laptop_ravi,0.9999535192450456,stand_cooler_2_swing,3.2144991813968325e-05
2722.0,2726.8,True,laptop_ravi,0.9999535138203743,stand_cooler_2_swing,3.2144991639584204e-05
2723.0,2727.8,True,laptop_ravi,0.9999538578190562,stand_cooler_2_swing,3.214641538673541e-05
2724.0,2728.8,True,laptop_ravi,0.9999588745370545,stand_cooler_2_swing,2.9450132010463176e-05
2725.0,2729.8,True,laptop_ravi,0.9999733483029044,stand_cooler_mixed_withSwing,2.2613550836989562e-05
2726.0,2730.8,True,laptop_ravi,0.9999858803710453,stand_cooler_mixed_withSwing,1.0091620556974016e-05
2727.0,2731.8,True,laptop_ravi,0.99999155150488,stand_cooler_mixed_withSwing,4.2226992007866606e-06
2728.0,2732.8,True,laptop_ravi,0.9999911975644435,stand_cooler_mixed_withSwing,4.405696766276917e-06
2729.0,2733.8,True,laptop_ravi,0.9999912080989495,stand_cooler_mixed_withSwing,4.405684774410061e-06
2730.0,2734.8,True,laptop_ravi,0.9999918848126882,stand_cooler_mixed_withSwing,4.0653875552756795e-06
2731.0,2735.8,True,laptop_ravi,0.9999918848126882,stand_cooler_mixed_withSwing,4.0653875552756795e-06
2732.0,2736.8,True,laptop_ravi,0.9999920814796802,stand_cooler_mixed_withSwing,4.06540279678421e-06
2733.0,2737.8,True,laptop_ravi,0.9999915495994621,stand_cooler_mixed_withSwing,4.0647164757199754e-06
2734.0,2738.8,True,laptop_ravi,0.9999907593664845,stand_cooler_mixed_withSwing,4.548899889723792e-06
2735.0,2739.8,True,laptop_ravi,0.9999912444025265,stand_cooler_mixed_withSwing,4.064716018477543e-06
2736.0,2740.8,True,laptop_ravi,0.9999912444025265,stand_cooler_mixed_withSwing,4.064716018477543e-06
2737.0,2741.8,True,laptop_ravi,0.9999912443465383,stand_cooler_mixed_withSwing,4.064716018249965e-06
2738.0,2742.8,True,laptop_ravi,0.9999915495996284,stand_cooler_mixed_withSwing,4.064716475720651e-06
2739.0,2743.8,True,laptop_ravi,0.9999920814796802,stand_cooler_mixed_withSwing,4.06540279678421e-06
2740.0,2744.8,True,laptop_ravi,0.9999960682576502,stand_cooler_3_swing,6.795317092909776e-07
2741.0,2745.8,True,laptop_ravi,0.9999959946052707,stand_cooler_3_swing,6.81175363221879e-07
2742.0,2746.8,True,laptop_ravi,0.9999958319533048,stand_cooler_3_swing,7.413769225303053e-07
2743.0,2747.8,True,laptop_ravi,0.9999956904374653,stand_cooler_3_swing,7.413812605959451e-07
2744.0,2748.8,True,laptop_ravi,0.9999956904374653,stand_cooler_3_swing,7.413812605959451e-07
2745.0,2749.8,True,laptop_ravi,0.9999956921467045,stand_cooler_3_swing,7.413771790208492e-07
2746.0,2750.8,True,laptop_ravi,0.9999956921467045,stand_cooler_3_swing,7.413771790208492e-07
2747.0,2751.8,True,laptop_ravi,0.9999959946052707,stand_cooler_3_swing,6.81175363221879e-07
2748.0,2752.8,True,laptop_ravi,0.9999829417932798,stand_cooler_2_swing,9.13741496851043e-06
2749.0,2753.8,True,laptop_ravi,0.9999829020056943,stand_cooler_2_swing,9.084729887106033e-06
2750.0,2754.8,True,laptop_ravi,0.9999848624623486,stand_cooler_2_swing,8.228086086184303e-06
2751.0,2755.8,True,laptop_ravi,0.9999945678767792,stand_cooler_mixed_withSwing,2.649293913305383e-06
2752.0,2756.8,True,laptop_ravi,0.9999962520748253,stand_cooler_3_swing,6.188207738896599e-07
2753.0,2757.8,True,laptop_ravi,0.9999961317668297,stand_cooler_3_swing,6.774803005958787e-07
2754.0,2758.8,True,laptop_ravi,0.999992215921062,stand_cooler_mixed_withSwing,4.0207669044505986e-06
2755.0,2759.8,True,laptop_ravi,0.999984476873166,stand_cooler_2_swing,8.228082913475288e-06
2756.0,2760.8,True,laptop_ravi,0.9999828917321054,stand_cooler_2_swing,9.084729379042654e-06
2757.0,2761.8,True,laptop_ravi,0.9999829446267404,stand_cooler_2_swing,9.13741457726723e-06
2758.0,2762.8,True,laptop_ravi,0.9999956577167602,stand_cooler_3_swing,7.413767933548137e-07
2759.0,2763.8,True,laptop_ravi,0.9999956904134394,stand_cooler_3_swing,7.413812605781326e-07
2760.0,2764.8,True,laptop_ravi,0.9999956799567233,stand_cooler_3_swing,7.413771699834365e-07
2761.0,2765.8,True,laptop_ravi,0.9999956904134394,stand_cooler_3_swing,7.413812605781326e-07
2762.0,2766.8,True,laptop_ravi,0.9999956904374653,stand_cooler_3_swing,7.413812605959451e-07
2763.0,2767.8,True,laptop_ravi,0.9999960606950623,stand_cooler_3_swing,6.795317041519391e-07
2764.0,2768.8,True,laptop_ravi,0.999995945302437,stand_cooler_3_swing,6.89472392358508e-07
2765.0,2769.8,True,laptop_ravi,0.9999924340280103,stand_cooler_mixed_withSwing,3.7800781605143044e-06
2766.0,2770.8,True,laptop_ravi,0.9999918848105787,stand_cooler_mixed_withSwing,4.065419621005881e-06
2767.0,2771.8,True,laptop_ravi,0.9999915550488874,stand_cooler_mixed_withSwing,4.064716497870532e-06
2768.0,2772.8,True,laptop_ravi,0.9999915495994621,stand_cooler_mixed_withSwing,4.0647164757199754e-06
2769.0,2773.8,True,laptop_ravi,0.9999915550488874,stand_cooler_mixed_withSwing,4.064716497870532e-06
2770.0,2774.8,True,laptop_ravi,0.9999915550488874,stand_cooler_mixed_withSwing,4.064716497870532e-06
2771.0,2775.8,True,laptop_ravi,0.9999915550488874,stand_cooler_mixed_withSwing,4.064716497870532e-06
2772.0,2776.8,True,laptop_ravi,0.9999915550326164,stand_cooler_mixed_withSwing,4.0647172811117005e-06
2773.0,2777.8,True,laptop_ravi,0.9999915495996009,stand_cooler_mixed_withSwing,4.0647164757205396e-06
2774.0,2778.8,True,laptop_ravi,0.9999918848105787,stand_cooler_mixed_withSwing,4.065419621005881e-06
2775.0,2779.8,True,laptop_ravi,0.9999918848126882,stand_cooler_mixed_withSwing,4.0653875552756795e-06
2776.0,2780.8,True,laptop_ravi,0.9999918864265515,stand_cooler_mixed_withSwing,4.065430736099783e-06
2777.0,2781.8,True,laptop_ravi,0.9999915495996284,stand_cooler_mixed_withSwing,4.064716475720651e-06
2778.0,2782.8,True,laptop_ravi,0.9999915550488874,stand_cooler_mixed_withSwing,4.064716497870532e-06
2779.0,2783.8,True,laptop_ravi,0.999991435133236,stand_cooler_mixed_withSwing,4.064716793750501e-06
2780.0,2784.8,True,laptop_ravi,0.999991435133236,stand_cooler_mixed_withSwing,4.064716793750501e-06
2781.0,2785.8,True,laptop_ravi,0.9999915550326164,stand_cooler_mixed_withSwing,4.0647172811117005e-06
2782.0,2786.8,True,laptop_ravi,0.9999915550488874,stand_cooler_mixed_withSwing,4.064716497870532e-06
2783.0,2787.8,True,laptop_ravi,0.9999915550488874,stand_cooler_mixed_withSwing,4.064716497870532e-06
2784.0,2788.8,True,laptop_ravi,0.9999915550488874,stand_cooler_mixed_withSwing,4.064716497870532e-06
2785.0,2789.8,True,laptop_ravi,0.9999915550488874,stand_cooler_mixed_withSwing,4.064716497870532e-06
2786.0,2790.8,True,laptop_ravi,0.9999915550488874,stand_cooler_mixed_withSwing,4.064716497870532e-06
2787.0,2791.8,True,laptop_ravi,0.9999915550488874,stand_cooler_mixed_withSwing,4.064716497870532e-06
2788.0,2792.8,True,laptop_ravi,0.9999915550488874,stand_cooler_mixed_withSwing,4.064716497870532e-06
2789.0,2793.8,True,laptop_ravi,0.9999915550488874,stand_cooler_mixed_withSwing,4.064716497870532e-06
2790.0,2794.8,True,laptop_ravi,0.9999915550488874,stand_cooler_mixed_withSwing,4.064716497870532e-06
2791.0,2795.8,True,laptop_ravi,0.9999915495996284,stand_cooler_mixed_withSwing,4.064716475720651e-06
2792.0,2796.8,True,laptop_ravi,0.9999915495996009,stand_cooler_mixed_withSwing,4.0647164757205396e-06
2793.0,2797.8,True,laptop_ravi,0.9999918743188416,stand_cooler_mixed_withSwing,4.065430686876327e-06
2794.0,2798.8,True,laptop_ravi,0.9999918848126882,stand_cooler_mixed_withSwing,4.0653875552756795e-06
2795.0,2799.8,True,laptop_ravi,0.9999918848126882,stand_cooler_mixed_withSwing,4.0653875552756795e-06
2796.0,2800.8,True,laptop_ravi,0.9999922008826814,stand_cooler_mixed_withSwing,3.896566503111649e-06
2797.0,2801.8,True,laptop_ravi,0.9999731255701995,stand_cooler_mixed_withSwing,1.3589146328034133e-05
2798.0,2802.8,True,laptop_ravi,0.9999728538250042,stand_cooler_mixed_withSwing,1.391666244244937e-05
2799.0,2803.8,True,laptop_ravi,0.9999844772651174,stand_cooler_2_swing,8.228082541078318e-06
2800.0,2804.8,True,laptop_ravi,0.999996222999794,stand_cooler_3_swing,6.144089640900895e-07
2801.0,2805.8,True,laptop_ravi,0.9999818463114012,stand_cooler_2_swing,8.085419715282008e-06
2802.0,2806.8,True,laptop_ravi,0.9999818463114012,stand_cooler_2_swing,8.085419715282008e-06
2803.0,2807.8,True,laptop_ravi,0.9999358565203311,table_fan_lvl1,3.332593146989116e-05
2804.0,2808.8,True,laptop_ravi,0.9999358565203311,table_fan_lvl1,3.332593146989116e-05
2805.0,2809.8,True,laptop_ravi,0.9999391178196922,stand_cooler_mixed_withSwing,4.8486493089378664e-05
2806.0,2810.8,True,laptop_ravi,0.9999560577890115,stand_cooler_mixed_withSwing,3.01912324478158e-05
2807.0,2811.8,True,laptop_ravi,0.9999898156363058,stand_cooler_mixed_withSwing,5.9166179413135665e-06
2808.0,2812.8,True,laptop_ravi,0.9999654423166889,stand_cooler_mixed_withSwing,3.0640195347898825e-05
2809.0,2813.8,True,laptop_ravi,0.9999654603760264,stand_cooler_mixed_withSwing,3.064041004889283e-05
2810.0,2814.8,True,laptop_ravi,0.9999837370724811,stand_cooler_mixed_withSwing,1.2679574285946915e-05
2811.0,2815.8,True,laptop_ravi,0.9999043652986339,stand_cooler_mixed_withSwing,8.318680215924399e-05
2812.0,2816.8,True,laptop_ravi,0.9999526086082278,stand_cooler_mixed_withSwing,3.4895977293408686e-05
2813.0,2817.8,True,laptop_ravi,0.9999534753560547,stand_cooler_mixed_withSwing,3.374867455361938e-05
2814.0,2818.8,True,laptop_ravi,0.9999665123145359,stand_cooler_mixed_withSwing,3.0116127015619103e-05
2815.0,2819.8,True,laptop_ravi,0.9999929596700814,stand_cooler_mixed_withSwing,3.3101356422429767e-06
2816.0,2820.8,True,laptop_ravi,0.9999929596700814,stand_cooler_mixed_withSwing,3.3101356422429767e-06
2817.0,2821.8,True,laptop_ravi,0.9999929596700814,stand_cooler_mixed_withSwing,3.3101356422429767e-06
2818.0,2822.8,True,laptop_ravi,0.9999922008826814,stand_cooler_mixed_withSwing,3.896566503111649e-06
2819.0,2823.8,True,laptop_ravi,0.9999920740089342,stand_cooler_mixed_withSwing,4.065388508836855e-06
2820.0,2824.8,True,laptop_ravi,0.9999915495996284,stand_cooler_mixed_withSwing,4.064716475720651e-06
2821.0,2825.8,True,laptop_ravi,0.9999907593893309,stand_cooler_mixed_withSwing,4.5488998898277194e-06
2822.0,2826.8,True,laptop_ravi,0.9999912444025265,stand_cooler_mixed_withSwing,4.064716018477543e-06
2823.0,2827.8,True,laptop_ravi,0.9999912444025265,stand_cooler_mixed_withSwing,4.064716018477543e-06
2824.0,2828.8,True,laptop_ravi,0.9999907602201865,stand_cooler_mixed_withSwing,4.548899893607233e-06
2825.0,2829.8,True,laptop_ravi,0.9999907602201865,stand_cooler_mixed_withSwing,4.548899893607233e-06
2826.0,2830.8,True,laptop_ravi,0.9999912405162409,stand_cooler_mixed_withSwing,4.0647160026807575e-06
2827.0,2831.8,True,laptop_ravi,0.9999912443465383,stand_cooler_mixed_withSwing,4.064716018249965e-06
2828.0,2832.8,True,laptop_ravi,0.9999912443465383,stand_cooler_mixed_withSwing,4.064716018249965e-06
2829.0,2833.8,True,laptop_ravi,0.9999915550326164,stand_cooler_mixed_withSwing,4.0647172811117005e-06
2830.0,2834.8,True,laptop_ravi,0.9999915550326164,stand_cooler_mixed_withSwing,4.0647172811117005e-06
2831.0,2835.8,True,laptop_ravi,0.9999912405162409,stand_cooler_mixed_withSwing,4.0647160026807575e-06
2832.0,2836.8,True,laptop_ravi,0.9999912405162409,stand_cooler_mixed_withSwing,4.0647160026807575e-06
2833.0,2837.8,True,laptop_ravi,0.9999918745825152,stand_cooler_mixed_withSwing,4.065435808632073e-06
2834.0,2838.8,True,laptop_ravi,0.9999911225991818,stand_cooler_mixed_withSwing,5.157634484890385e-06
2835.0,2839.8,True,laptop_ravi,0.9999582158365506,stand_cooler_2_swing,2.9162217514702664e-05
2836.0,2840.8,True,laptop_ravi,0.9999479965127356,stand_cooler_2_swing,2.9062758792639653e-05
2837.0,2841.8,True,laptop_ravi,0.9999588521559811,stand_cooler_2_swing,2.946505888266229e-05
2838.0,2842.8,True,laptop_ravi,0.9999538347506551,stand_cooler_2_swing,3.214496486497275e-05
2839.0,2843.8,True,laptop_ravi,0.9999842652449791,stand_cooler_mixed_withSwing,1.1521217546101918e-05
2840.0,2844.8,True,laptop_ravi,0.9999538466182408,stand_cooler_2_swing,3.21449247577756e-05
2841.0,2845.8,True,laptop_ravi,0.9999535138194192,stand_cooler_2_swing,3.21449916395535e-05
2842.0,2846.8,True,laptop_ravi,0.9999535138194192,stand_cooler_2_swing,3.21449916395535e-05
2843.0,2847.8,True,laptop_ravi,0.9999538218416881,stand_cooler_2_swing,3.214641423013862e-05
2844.0,2848.8,True,laptop_ravi,0.9999538578190562,stand_cooler_2_swing,3.214641538673541e-05
2845.0,2849.8,True,laptop_ravi,0.9999538218416881,stand_cooler_2_swing,3.214641423013862e-05
2846.0,2850.8,True,laptop_ravi,0.9999557332256908,stand_cooler_2_swing,3.0817006313004095e-05
2847.0,2851.8,True,laptop_ravi,0.9999847171448225,stand_cooler_mixed_withSwing,1.1042783453377215e-05
2848.0,2852.8,True,laptop_ravi,0.9999961079892393,stand_cooler_3_swing,6.794952558943678e-07
2849.0,2853.8,True,laptop_ravi,0.9999961079892393,stand_cooler_3_swing,6.794952558943678e-07
2850.0,2854.8,True,laptop_ravi,0.9999960993434196,stand_cooler_3_swing,6.794952500195514e-07
2851.0,2855.8,True,laptop_ravi,0.9999960993434196,stand_cooler_3_swing,6.794952500195514e-07
2852.0,2856.8,True,laptop_ravi,0.9999965395921235,table_fan_lvl2,4.348990806844809e-07
2853.0,2857.8,True,laptop_ravi,0.9999955713526745,stand_cooler_mixed_withSwing,1.0550187770226534e-06
2854.0,2858.8,True,laptop_ravi,0.9999835872767624,stand_cooler_2_swing,9.137375119038141e-06
2855.0,2859.8,True,laptop_ravi,0.9999597277400708,stand_cooler_2_swing,2.9392730208906314e-05
2856.0,2860.8,True,laptop_ravi,0.9999588745370545,stand_cooler_2_swing,2.9450132010463176e-05
2857.0,2861.8,True,laptop_ravi,0.9999557332256908,stand_cooler_2_swing,3.0817006313004095e-05
2858.0,2862.8,True,laptop_ravi,0.9999588745370545,stand_cooler_2_swing,2.9450132010463176e-05
2859.0,2863.8,True,laptop_ravi,0.999973348260574,stand_cooler_mixed_withSwing,2.2613550836032296e-05
2860.0,2864.8,True,laptop_ravi,0.999986534139264,stand_cooler_mixed_withSwing,9.429510405021161e-06
2861.0,2865.8,True,laptop_ravi,0.9999913957021969,stand_cooler_mixed_withSwing,4.405651051205626e-06
2862.0,2866.8,True,laptop_ravi,0.9999909187616465,stand_cooler_mixed_withSwing,4.4049238286140095e-06
2863.0,2867.8,True,laptop_ravi,0.9999909187616465,stand_cooler_mixed_withSwing,4.4049238286140095e-06
2864.0,2868.8,True,laptop_ravi,0.9999908813256485,stand_cooler_mixed_withSwing,4.404922814841663e-06
2865.0,2869.8,True,laptop_ravi,0.9999908759007315,stand_cooler_mixed_withSwing,4.404922790945104e-06
2866.0,2870.8,True,laptop_ravi,0.9999834860775737,stand_cooler_mixed_withSwing,1.1795176123926595e-05
2867.0,2871.8,True,laptop_ravi,0.9999834762545763,stand_cooler_mixed_withSwing,1.1795176008060697e-05
2868.0,2872.8,True,laptop_ravi,0.9999832056414193,stand_cooler_mixed_withSwing,1.1795175089113673e-05
2869.0,2873.8,True,laptop_ravi,0.9999832056414193,stand_cooler_mixed_withSwing,1.1795175089113673e-05
2870.0,2874.8,True,laptop_ravi,0.9999832056028951,stand_cooler_mixed_withSwing,1.1795175088659266e-05
2871.0,2875.8,True,laptop_ravi,0.9999915495996284,stand_cooler_mixed_withSwing,4.064716475720651e-06
2872.0,2876.8,True,laptop_ravi,0.9999918864265515,stand_cooler_mixed_withSwing,4.065430736099783e-06
2873.0,2877.8,True,laptop_ravi,0.9999915495996009,stand_cooler_mixed_withSwing,4.0647164757205396e-06
2874.0,2878.8,True,laptop_ravi,0.9999920814796802,stand_cooler_mixed_withSwing,4.06540279678421e-06
2875.0,2879.8,True,laptop_ravi,0.9999920814796802,stand_cooler_mixed_withSwing,4.06540279678421e-06
2876.0,2880.8,True,laptop_ravi,0.9999918848126882,stand_cooler_mixed_withSwing,4.0653875552756795e-06
2877.0,2881.8,True,laptop_ravi,0.9999918848105787,stand_cooler_mixed_withSwing,4.065419621005881e-06
2878.0,2882.8,True,laptop_ravi,0.9999929606015252,stand_cooler_mixed_withSwing,3.3098017891155777e-06
2879.0,2883.8,True,laptop_ravi,0.9999852196999149,stand_cooler_mixed_withSwing,1.1064041071736642e-05
2880.0,2884.8,True,laptop_ravi,0.9999930227539159,stand_cooler_mixed_withSwing,3.249483139022381e-06
2881.0,2885.8,True,laptop_ravi,0.9999960606945416,stand_cooler_3_swing,6.795317041515853e-07
2882.0,2886.8,True,laptop_ravi,0.9999958319533048,stand_cooler_3_swing,7.413769225303053e-07
2883.0,2887.8,True,laptop_ravi,0.9999958394250849,stand_cooler_3_swing,7.413813710530502e-07
2884.0,2888.8,True,laptop_ravi,0.9999956799567233,stand_cooler_3_swing,7.413771699834365e-07
2885.0,2889.8,True,laptop_ravi,0.9999956904134394,stand_cooler_3_swing,7.413812605781326e-07
2886.0,2890.8,True,laptop_ravi,0.9999956577167602,stand_cooler_3_swing,7.413767933548137e-07
2887.0,2891.8,True,laptop_ravi,0.99999558672684,stand_cooler_3_swing,7.413788901393951e-07
2888.0,2892.8,True,laptop_ravi,0.999995704682069,stand_cooler_3_swing,7.413781221288289e-07
2889.0,2893.8,True,laptop_ravi,0.9999955867333078,stand_cooler_3_swing,7.413804271475535e-07
2890.0,2894.8,True,laptop_ravi,0.9999955921284364,stand_cooler_3_swing,7.413804311474139e-07
2891.0,2895.8,True,laptop_ravi,0.9999956799550338,stand_cooler_3_swing,7.413787069819809e-07
2892.0,2896.8,True,laptop_ravi,0.9999956799574106,stand_cooler_3_swing,7.41377169983946e-07
2893.0,2897.8,True,laptop_ravi,0.9999956921467045,stand_cooler_3_swing,7.413771790208492e-07
2894.0,2898.8,True,laptop_ravi,0.9999955867261527,stand_cooler_3_swing,7.413788901388856e-07
2895.0,2899.8,True,laptop_ravi,0.9999960703291401,stand_cooler_3_swing,6.791874476528138e-07
2896.0,2900.8,True,laptop_ravi,0.9999950957455508,stand_cooler_mixed_withSwing,1.0617171222174249e-06
2897.0,2901.8,True,laptop_ravi,0.9999951756605076,stand_cooler_mixed_withSwing,9.687331292989486e-07
2898.0,2902.8,True,laptop_ravi,0.999994182518331,stand_cooler_mixed_withSwing,2.649485082644514e-06
2899.0,2903.8,True,laptop_ravi,0.9999961474345502,stand_cooler_3_swing,6.756052296433674e-07
2900.0,2904.8,True,laptop_ravi,0.9999960380238654,stand_cooler_3_swing,6.756057515748752e-07
2901.0,2905.8,True,laptop_ravi,0.9999961994218718,stand_cooler_3_swing,6.756771211489962e-07
2902.0,2906.8,True,laptop_ravi,0.9999845268910365,stand_cooler_2_swing,8.275407667708918e-06
2903.0,2907.8,True,laptop_ravi,0.9999844772991394,stand_cooler_2_swing,8.22808254135826e-06
2904.0,2908.8,True,laptop_ravi,0.9999828917332724,stand_cooler_2_swing,9.084729379053257e-06
2905.0,2909.8,True,laptop_ravi,0.9999829446279078,stand_cooler_2_swing,9.137414577277897e-06
2906.0,2910.8,True,laptop_ravi,0.9999922008826814,stand_cooler_mixed_withSwing,3.896566503111649e-06
2907.0,2911.8,True,laptop_ravi,0.9999918637116845,stand_cooler_mixed_withSwing,4.065379038702266e-06
2908.0,2912.8,True,laptop_ravi,0.9999920814796802,stand_cooler_mixed_withSwing,4.06540279678421e-06
2909.0,2913.8,True,laptop_ravi,0.9999920814796802,stand_cooler_mixed_withSwing,4.06540279678421e-06
2910.0,2914.8,True,laptop_ravi,0.9999918952085,stand_cooler_mixed_withSwing,4.064713190348377e-06
2911.0,2915.8,True,laptop_ravi,0.9999915495996284,stand_cooler_mixed_withSwing,4.064716475720651e-06
2912.0,2916.8,True,laptop_ravi,0.9999915495994621,stand_cooler_mixed_withSwing,4.0647164757199754e-06
2913.0,2917.8,True,laptop_ravi,0.9999915495996009,stand_cooler_mixed_withSwing,4.0647164757205396e-06
2914.0,2918.8,True,laptop_ravi,0.9999915495996284,stand_cooler_mixed_withSwing,4.064716475720651e-06
2915.0,2919.8,True,laptop_ravi,0.9999915495996009,stand_cooler_mixed_withSwing,4.0647164757205396e-06
2916.0,2920.8,True,laptop_ravi,0.9999915495996009,stand_cooler_mixed_withSwing,4.0647164757205396e-06
2917.0,2921.8,True,laptop_ravi,0.9999915495996284,stand_cooler_mixed_withSwing,4.064716475720651e-06
2918.0,2922.8,True,laptop_ravi,0.9999915550488874,stand_cooler_mixed_withSwing,4.064716497870532e-06
2919.0,2923.8,True,laptop_ravi,0.9999915550488874,stand_cooler_mixed_withSwing,4.064716497870532e-06
2920.0,2924.8,True,laptop_ravi,0.9999915550326164,stand_cooler_mixed_withSwing,4.0647172811117005e-06
2921.0,2925.8,True,laptop_ravi,0.999991435133236,stand_cooler_mixed_withSwing,4.064716793750501e-06
2922.0,2926.8,True,laptop_ravi,0.999991435133236,stand_cooler_mixed_withSwing,4.064716793750501e-06
2923.0,2927.8,True,laptop_ravi,0.9999912443465383,stand_cooler_mixed_withSwing,4.064716018249965e-06
2924.0,2928.8,True,laptop_ravi,0.9999915550488874,stand_cooler_mixed_withSwing,4.064716497870532e-06
2925.0,2929.8,True,laptop_ravi,0.9999915495996009,stand_cooler_mixed_withSwing,4.0647164757205396e-06
2926.0,2930.8,True,laptop_ravi,0.9999918848126882,stand_cooler_mixed_withSwing,4.0653875552756795e-06
2927.0,2931.8,True,laptop_ravi,0.9999920814796802,stand_cooler_mixed_withSwing,4.06540279678421e-06
2928.0,2932.8,True,laptop_ravi,0.9999918997737067,stand_cooler_mixed_withSwing,4.06538780049735e-06
2929.0,2933.8,True,laptop_ravi,0.9999918997737067,stand_cooler_mixed_withSwing,4.06538780049735e-06
2930.0,2934.8,True,laptop_ravi,0.9999920740089342,stand_cooler_mixed_withSwing,4.065388508836855e-06
2931.0,2935.8,True,laptop_ravi,0.9999918848105787,stand_cooler_mixed_withSwing,4.065419621005881e-06
2932.0,2936.8,True,laptop_ravi,0.9999918864265515,stand_cooler_mixed_withSwing,4.065430736099783e-06
2933.0,2937.8,True,laptop_ravi,0.9999915495996284,stand_cooler_mixed_withSwing,4.064716475720651e-06
2934.0,2938.8,True,laptop_ravi,0.9999915495996284,stand_cooler_mixed_withSwing,4.064716475720651e-06
2935.0,2939.8,True,laptop_ravi,0.9999477278706849,stand_cooler_mixed_withSwing,3.954411086733818e-05
2936.0,2940.8,True,laptop_ravi,0.9999376073115136,stand_cooler_mixed_withSwing,4.9540771925189374e-05
2937.0,2941.8,True,laptop_ravi,0.9999272715504204,stand_cooler_mixed_withSwing,5.999841575066814e-05
2938.0,2942.8,True,laptop_ravi,0.9999272715504204,stand_cooler_mixed_withSwing,5.999841575066814e-05
2939.0,2943.8,True,stand_cooler_mixed_withSwing,0.8025909236790626,laptop_ravi,0.035808171192479865
2940.0,2944.8,True,laptop_ravi,0.9999754920526733,stand_cooler_mixed_withSwing,2.0499289884031745e-05
2941.0,2945.8,True,laptop_ravi,0.9999746772532465,stand_cooler_mixed_withSwing,2.1226687641435695e-05
2942.0,2946.8,True,laptop_ravi,0.999979279631402,stand_cooler_mixed_withSwing,1.6862811279628416e-05
2943.0,2947.8,True,laptop_ravi,0.9999818161431393,stand_cooler_mixed_withSwing,1.4500768758603918e-05
2944.0,2948.8,True,laptop_ravi,0.9999855051521462,stand_cooler_mixed_withSwing,1.1256891648638706e-05
2945.0,2949.8,True,laptop_ravi,0.9999857024484737,stand_cooler_mixed_withSwing,1.1059507858197198e-05
2946.0,2950.8,True,laptop_ravi,0.9999959615181448,stand_cooler_mixed_withSwing,1.3452320306545953e-06
2947.0,2951.8,True,laptop_ravi,0.9999960842305677,stand_cooler_mixed_withSwing,1.4448198243791407e-06
2948.0,2952.8,True,laptop_ravi,0.9999957294951486,stand_cooler_mixed_withSwing,1.7995080336674826e-06
2949.0,2953.8,True,laptop_ravi,0.9999954377236837,stand_cooler_mixed_withSwing,1.8532149285225853e-06
2950.0,2954.8,True,laptop_ravi,0.9999951904282524,stand_cooler_mixed_withSwing,2.1949549730707266e-06
2951.0,2955.8,True,laptop_ravi,0.9999855981930349,stand_cooler_mixed_withSwing,1.1373135361993166e-05
2952.0,2956.8,True,laptop_ravi,0.9999776479930466,stand_cooler_mixed_withSwing,1.1672399414026222e-05
2953.0,2957.8,True,laptop_ravi,0.9999376073115136,stand_cooler_mixed_withSwing,4.9540771925189374e-05
2954.0,2958.8,True,laptop_ravi,0.9999930185883489,stand_cooler_mixed_withSwing,3.2517483924895752e-06
2955.0,2959.8,True,laptop_ravi,0.9999907594202281,stand_cooler_mixed_withSwing,4.5488998899682685e-06
2956.0,2960.8,True,laptop_ravi,0.9999912443465383,stand_cooler_mixed_withSwing,4.064716018249965e-06
2957.0,2961.8,True,laptop_ravi,0.9999912443465383,stand_cooler_mixed_withSwing,4.064716018249965e-06
2958.0,2962.8,True,laptop_ravi,0.9999907602201865,stand_cooler_mixed_withSwing,4.548899893607233e-06
2959.0,2963.8,True,laptop_ravi,0.9999912443465383,stand_cooler_mixed_withSwing,4.064716018249965e-06
2960.0,2964.8,True,laptop_ravi,0.9999912405162409,stand_cooler_mixed_withSwing,4.0647160026807575e-06
2961.0,2965.8,True,laptop_ravi,0.9999912443465383,stand_cooler_mixed_withSwing,4.064716018249965e-06
2962.0,2966.8,True,laptop_ravi,0.9999912443465383,stand_cooler_mixed_withSwing,4.064716018249965e-06
2963.0,2967.8,True,laptop_ravi,0.9999915550326164,stand_cooler_mixed_withSwing,4.0647172811117005e-06
2964.0,2968.8,True,laptop_ravi,0.9999912443465383,stand_cooler_mixed_withSwing,4.064716018249965e-06
2965.0,2969.8,True,laptop_ravi,0.9999912443465383,stand_cooler_mixed_withSwing,4.064716018249965e-06
2966.0,2970.8,True,laptop_ravi,0.999991435133236,stand_cooler_mixed_withSwing,4.064716793750501e-06
2967.0,2971.8,True,laptop_ravi,0.9999915550488874,stand_cooler_mixed_withSwing,4.064716497870532e-06
2968.0,2972.8,True,laptop_ravi,0.9999918745825152,stand_cooler_mixed_withSwing,4.065435808632073e-06
2969.0,2973.8,True,laptop_ravi,0.9999915495996009,stand_cooler_mixed_withSwing,4.0647164757205396e-06
2970.0,2974.8,True,laptop_ravi,0.9999922008826814,stand_cooler_mixed_withSwing,3.896566503111649e-06
2971.0,2975.8,True,laptop_ravi,0.9999918997737067,stand_cooler_mixed_withSwing,4.06538780049735e-06
2972.0,2976.8,True,laptop_ravi,0.9999918864265515,stand_cooler_mixed_withSwing,4.065430736099783e-06
2973.0,2977.8,True,laptop_ravi,0.9999920814796802,stand_cooler_mixed_withSwing,4.06540279678421e-06
2974.0,2978.8,True,laptop_ravi,0.9999918848126882,stand_cooler_mixed_withSwing,4.0653875552756795e-06
2975.0,2979.8,True,laptop_ravi,0.9999922008826814,stand_cooler_mixed_withSwing,3.896566503111649e-06
2976.0,2980.8,True,laptop_ravi,0.9999849175508001,stand_cooler_mixed_withSwing,1.096920592701033e-05
2977.0,2981.8,True,laptop_ravi,0.9999557332256908,stand_cooler_2_swing,3.0817006313004095e-05
2978.0,2982.8,True,laptop_ravi,0.9999557332256908,stand_cooler_2_swing,3.0817006313004095e-05
2979.0,2983.8,True,laptop_ravi,0.9999575788686798,stand_cooler_2_swing,2.9536155543934544e-05
2980.0,2984.8,True,laptop_ravi,0.9999588745370545,stand_cooler_2_swing,2.9450132010463176e-05
2981.0,2985.8,True,laptop_ravi,0.9999479965127356,stand_cooler_2_swing,2.9062758792639653e-05
2982.0,2986.8,True,laptop_ravi,0.999986534139264,stand_cooler_mixed_withSwing,9.429510405021161e-06
2983.0,2987.8,True,laptop_ravi,0.9999838312044267,stand_cooler_mixed_withSwing,1.1797124144688191e-05
2984.0,2988.8,True,laptop_ravi,0.999985119738931,stand_cooler_mixed_withSwing,1.0830501405279236e-05
2985.0,2989.8,True,laptop_ravi,0.9999865677846924,stand_cooler_mixed_withSwing,9.379915439641358e-06
2986.0,2990.8,True,laptop_ravi,0.9999575788678275,stand_cooler_2_swing,2.9536155543909377e-05
2987.0,2991.8,True,laptop_ravi,0.9999557332256908,stand_cooler_2_swing,3.0817006313004095e-05
2988.0,2992.8,True,laptop_ravi,0.9999535192450456,stand_cooler_2_swing,3.2144991813968325e-05
2989.0,2993.8,True,laptop_ravi,0.9999535566379758,stand_cooler_2_swing,3.214503275512509e-05
2990.0,2994.8,True,laptop_ravi,0.9999535138203743,stand_cooler_2_swing,3.2144991639584204e-05
2991.0,2995.8,True,laptop_ravi,0.9999579595365,stand_cooler_2_swing,2.953616678787548e-05
2992.0,2996.8,True,laptop_ravi,0.9999582158365506,stand_cooler_2_swing,2.9162217514702664e-05
2993.0,2997.8,True,laptop_ravi,0.9999733620994167,stand_cooler_mixed_withSwing,2.261355114898601e-05
2994.0,2998.8,True,laptop_ravi,0.9999838620670553,stand_cooler_mixed_withSwing,1.1507526151236398e-05
2995.0,2999.8,True,laptop_ravi,0.9999731676441187,stand_cooler_mixed_withSwing,1.3589146899798144e-05
2996.0,3000.8,True,laptop_ravi,0.9999829546701327,stand_cooler_2_swing,9.137403275740868e-06
2997.0,3001.8,True,laptop_ravi,0.9999958699618878,stand_cooler_3_swing,6.783780935570387e-07
2998.0,3002.8,True,laptop_ravi,0.9999958142896823,stand_cooler_3_swing,7.413369968291832e-07
2999.0,3003.8,True,laptop_ravi,0.9999958088902414,stand_cooler_3_swing,7.41336992826361e-07
3000.0,3004.8,True,laptop_ravi,0.9999958699618878,stand_cooler_3_swing,6.783780935570387e-07
3001.0,3005.8,True,laptop_ravi,0.9999829546701327,stand_cooler_2_swing,9.137403275740868e-06
3002.0,3006.8,True,laptop_ravi,0.9999097426721211,stand_cooler_2_swing,6.158270157171692e-05
3003.0,3007.8,True,laptop_ravi,0.9999410865928083,stand_cooler_2_swing,3.081121009801435e-05
3004.0,3008.8,True,laptop_ravi,0.9999573517881867,stand_cooler_2_swing,2.8638193305582352e-05
3005.0,3009.8,True,laptop_ravi,0.9999837466216001,stand_cooler_mixed_withSwing,1.1519313086308509e-05
3006.0,3010.8,True,laptop_ravi,0.9999834708335713,stand_cooler_mixed_withSwing,1.1795175944117933e-05
3007.0,3011.8,True,laptop_ravi,0.9999838185197325,stand_cooler_mixed_withSwing,1.1797248744953689e-05
3008.0,3012.8,True,laptop_ravi,0.9999845082673483,stand_cooler_mixed_withSwing,1.1293509823258197e-05
3009.0,3013.8,True,laptop_ravi,0.9999845082673483,stand_cooler_mixed_withSwing,1.1293509823258197e-05
3010.0,3014.8,True,laptop_ravi,0.9999914031373816,stand_cooler_mixed_withSwing,4.405666534860715e-06
3011.0,3015.8,True,laptop_ravi,0.9999920740089342,stand_cooler_mixed_withSwing,4.065388508836855e-06
3012.0,3016.8,True,laptop_ravi,0.9999918848126882,stand_cooler_mixed_withSwing,4.0653875552756795e-06
3013.0,3017.8,True,laptop_ravi,0.9999915495996009,stand_cooler_mixed_withSwing,4.0647164757205396e-06
3014.0,3018.8,True,laptop_ravi,0.9999918864265515,stand_cooler_mixed_withSwing,4.065430736099783e-06
3015.0,3019.8,True,laptop_ravi,0.9999918848126882,stand_cooler_mixed_withSwing,4.0653875552756795e-06
3016.0,3020.8,True,laptop_ravi,0.9999920814796802,stand_cooler_mixed_withSwing,4.06540279678421e-06
3017.0,3021.8,True,laptop_ravi,0.9999918848126882,stand_cooler_mixed_withSwing,4.0653875552756795e-06
3018.0,3022.8,True,laptop_ravi,0.9999918952085,stand_cooler_mixed_withSwing,4.064713190348377e-06
3019.0,3023.8,True,laptop_ravi,0.9999924340280103,stand_cooler_mixed_withSwing,3.7800781605143044e-06
3020.0,3024.8,True,laptop_ravi,0.9999925273803456,stand_cooler_mixed_withSwing,3.7322790406238516e-06
3021.0,3025.8,True,laptop_ravi,0.9999958705963611,stand_cooler_3_swing,6.793630258603323e-07
3022.0,3026.8,True,laptop_ravi,0.9999959453160993,stand_cooler_3_swing,6.894709629784442e-07
3023.0,3027.8,True,laptop_ravi,0.9999955867268566,stand_cooler_3_swing,7.413788901394075e-07
3024.0,3028.8,True,laptop_ravi,0.9999954080032066,stand_cooler_3_swing,7.413787576368815e-07
3025.0,3029.8,True,laptop_ravi,0.9999955867268566,stand_cooler_3_swing,7.413788901394075e-07
3026.0,3030.8,True,laptop_ravi,0.9999957046813815,stand_cooler_3_swing,7.413781221283193e-07
3027.0,3031.8,True,laptop_ravi,0.9999955867261527,stand_cooler_3_swing,7.413788901388856e-07
3028.0,3032.8,True,laptop_ravi,0.9999955867261694,stand_cooler_3_swing,7.41378890138898e-07
3029.0,3033.8,True,laptop_ravi,0.9999957046813815,stand_cooler_3_swing,7.413781221283193e-07
3030.0,3034.8,True,laptop_ravi,0.9999955867261527,stand_cooler_3_swing,7.413788901388856e-07
3031.0,3035.8,True,laptop_ravi,0.9999955921760807,stand_cooler_3_swing,7.41378894179365e-07
3032.0,3036.8,True,laptop_ravi,0.9999955204990444,stand_cooler_3_swing,7.413788410392889e-07
3033.0,3037.8,True,laptop_ravi,0.9999954080032142,stand_cooler_3_swing,7.413787576368871e-07
3034.0,3038.8,True,laptop_ravi,0.9999953444373836,stand_cooler_3_swing,7.413787105103141e-07
3035.0,3039.8,True,laptop_ravi,0.9999953450931349,stand_cooler_3_swing,7.413802479994683e-07
3036.0,3040.8,True,laptop_ravi,0.9999953443729536,stand_cooler_3_swing,7.413844122467482e-07
3037.0,3041.8,True,laptop_ravi,0.99999534426674,stand_cooler_3_swing,7.413844121680027e-07
3038.0,3042.8,True,laptop_ravi,0.999995344302056,stand_cooler_3_swing,7.413844121941856e-07
3039.0,3043.8,True,laptop_ravi,0.999995344317906,stand_cooler_3_swing,7.413802474247263e-07
3040.0,3044.8,True,laptop_ravi,0.9999955921694949,stand_cooler_3_swing,7.41380431177854e-07
3041.0,3045.8,True,laptop_ravi,0.9999955867365317,stand_cooler_3_swing,7.413788901465804e-07
3042.0,3046.8,True,laptop_ravi,0.9999956577173289,stand_cooler_3_swing,7.413767933552353e-07
3043.0,3047.8,True,laptop_ravi,0.9999829446267404,stand_cooler_2_swing,9.13741457726723e-06
3044.0,3048.8,True,laptop_ravi,0.9999829848003672,stand_cooler_2_swing,9.097795540639388e-06
3045.0,3049.8,True,laptop_ravi,0.9999932305096065,stand_cooler_mixed_withSwing,3.1104668494737994e-06
3046.0,3050.8,True,laptop_ravi,0.999996222883145,stand_cooler_3_swing,6.146312129404225e-07
3047.0,3051.8,True,laptop_ravi,0.9999962096641928,stand_cooler_3_swing,6.436630328542263e-07
3048.0,3052.8,True,laptop_ravi,0.9999962371576138,stand_cooler_3_swing,6.694543297925956e-07
3049.0,3053.8,True,laptop_ravi,0.9999964403997006,stand_cooler_3_swing,6.151089852102502e-07
3050.0,3054.8,True,laptop_ravi,0.9999844772651174,stand_cooler_2_swing,8.228082541078318e-06
3051.0,3055.8,True,laptop_ravi,0.9999728539599232,stand_cooler_mixed_withSwing,1.3916527521815057e-05
3052.0,3056.8,True,laptop_ravi,0.9999731676441187,stand_cooler_mixed_withSwing,1.3589146899798144e-05
3053.0,3057.8,True,laptop_ravi,0.9999911225991818,stand_cooler_mixed_withSwing,5.157634484890385e-06
3054.0,3058.8,True,laptop_ravi,0.9999915495996284,stand_cooler_mixed_withSwing,4.064716475720651e-06
3055.0,3059.8,True,laptop_ravi,0.9999915495996284,stand_cooler_mixed_withSwing,4.064716475720651e-06
3056.0,3060.8,True,laptop_ravi,0.9999915495996284,stand_cooler_mixed_withSwing,4.064716475720651e-06
3057.0,3061.8,True,laptop_ravi,0.9999915495996284,stand_cooler_mixed_withSwing,4.064716475720651e-06
3058.0,3062.8,True,laptop_ravi,0.9999918864265515,stand_cooler_mixed_withSwing,4.065430736099783e-06
3059.0,3063.8,True,laptop_ravi,0.9999918952085,stand_cooler_mixed_withSwing,4.064713190348377e-06
3060.0,3064.8,True,laptop_ravi,0.9999915495996009,stand_cooler_mixed_withSwing,4.0647164757205396e-06
3061.0,3065.8,True,laptop_ravi,0.9999915495996284,stand_cooler_mixed_withSwing,4.064716475720651e-06
3062.0,3066.8,True,laptop_ravi,0.9999918952085,stand_cooler_mixed_withSwing,4.064713190348377e-06
3063.0,3067.8,True,laptop_ravi,0.9999918952085,stand_cooler_mixed_withSwing,4.064713190348377e-06
3064.0,3068.8,True,laptop_ravi,0.9999915495996009,stand_cooler_mixed_withSwing,4.0647164757205396e-06
3065.0,3069.8,True,laptop_ravi,0.9999915495996284,stand_cooler_mixed_withSwing,4.064716475720651e-06
3066.0,3070.8,True,laptop_ravi,0.9999915495996009,stand_cooler_mixed_withSwing,4.0647164757205396e-06
3067.0,3071.8,True,laptop_ravi,0.9999918864265515,stand_cooler_mixed_withSwing,4.065430736099783e-06
3068.0,3072.8,True,laptop_ravi,0.9999914719260405,stand_cooler_mixed_withSwing,4.045367744569892e-06
3069.0,3073.8,True,laptop_ravi,0.9999477278706849,stand_cooler_mixed_withSwing,3.954411086733818e-05
3070.0,3074.8,True,laptop_ravi,0.9999376073115136,stand_cooler_mixed_withSwing,4.9540771925189374e-05
3071.0,3075.8,True,laptop_ravi,0.9999272715504204,stand_cooler_mixed_withSwing,5.999841575066814e-05
3072.0,3076.8,True,laptop_ravi,0.9999272715504204,stand_cooler_mixed_withSwing,5.999841575066814e-05
3073.0,3077.8,True,stand_cooler_mixed_withSwing,0.9992919626631103,table_fan_mix,0.00012291140395276215
3074.0,3078.8,True,stand_cooler_mixed_withSwing,0.9992636336303174,table_fan_mix,0.0001512569314552773
3075.0,3079.8,True,laptop_ravi,0.9999743443374209,stand_cooler_mixed_withSwing,2.1220942302671005e-05
3076.0,3080.8,True,laptop_ravi,0.9999743443339655,stand_cooler_mixed_withSwing,2.1220942302597676e-05
3077.0,3081.8,True,laptop_ravi,0.9999743443350168,stand_cooler_mixed_withSwing,2.1220944268915474e-05
3078.0,3082.8,True,laptop_ravi,0.9999270858961725,stand_cooler_mixed_withSwing,5.9998963803376806e-05
3079.0,3083.8,True,laptop_ravi,0.9999270864553244,stand_cooler_mixed_withSwing,5.999840464444788e-05
3080.0,3084.8,True,laptop_ravi,0.999937436961829,stand_cooler_mixed_withSwing,4.954076348540793e-05
3081.0,3085.8,True,laptop_ravi,0.9999373984395332,stand_cooler_mixed_withSwing,4.9541223302830056e-05
3082.0,3086.8,True,laptop_ravi,0.9999841699146614,stand_cooler_mixed_withSwing,1.199004865863228e-05
3083.0,3087.8,True,laptop_ravi,0.9999928030382782,stand_cooler_mixed_withSwing,3.455713310728074e-06
3084.0,3088.8,True,laptop_ravi,0.9999908835949071,stand_cooler_mixed_withSwing,5.385006663647315e-06
3085.0,3089.8,True,laptop_ravi,0.9999930022114406,stand_cooler_mixed_withSwing,3.2517495586469817e-06
3086.0,3090.8,True,laptop_ravi,0.9999922008859035,stand_cooler_mixed_withSwing,3.896566503124204e-06
3087.0,3091.8,True,laptop_ravi,0.999991899777068,stand_cooler_mixed_withSwing,4.065387800511014e-06
3088.0,3092.8,True,laptop_ravi,0.9999918952118623,stand_cooler_mixed_withSwing,4.064713190362044e-06
3089.0,3093.8,True,laptop_ravi,0.999991555035979,stand_cooler_mixed_withSwing,4.064717281125368e-06
3090.0,3094.8,True,laptop_ravi,0.999991549602991,stand_cooler_mixed_withSwing,4.06471647573432e-06
3091.0,3095.8,True,laptop_ravi,0.9999920740122954,stand_cooler_mixed_withSwing,4.0653885088505205e-06
3092.0,3096.8,True,laptop_ravi,0.9999731677038362,stand_cooler_mixed_withSwing,1.3589094290596381e-05
3093.0,3097.8,True,laptop_ravi,0.9999728540156605,stand_cooler_mixed_withSwing,1.3916478863834428e-05
3094.0,3098.8,True,laptop_ravi,0.9999848809366524,stand_cooler_2_swing,8.275359910842612e-06
3095.0,3099.8,True,laptop_ravi,0.9999939893616934,stand_cooler_mixed_withSwing,3.3924551902211273e-06
3096.0,3100.8,True,laptop_ravi,0.999996604601326,stand_cooler_mixed_withSwing,6.25615006826776e-07
3097.0,3101.8,True,laptop_ravi,0.9999966045925357,stand_cooler_mixed_withSwing,6.256166264180495e-07
3098.0,3102.8,True,laptop_ravi,0.9999968800166149,stand_cooler_mixed_withSwing,4.893995332287376e-07
3099.0,3103.8,True,laptop_ravi,0.9999849167967878,stand_cooler_2_swing,8.239916757179109e-06
3100.0,3104.8,True,laptop_ravi,0.9999845565684531,stand_cooler_2_swing,8.337481425680203e-06
3101.0,3105.8,True,laptop_ravi,0.9999728539551381,stand_cooler_mixed_withSwing,1.3916509890953213e-05
3102.0,3106.8,True,laptop_ravi,0.9999914719260405,stand_cooler_mixed_withSwing,4.045367744569892e-06
3103.0,3107.8,True,laptop_ravi,0.9999915495996009,stand_cooler_mixed_withSwing,4.0647164757205396e-06
3104.0,3108.8,True,laptop_ravi,0.9999922008826814,stand_cooler_mixed_withSwing,3.896566503111649e-06
3105.0,3109.8,True,laptop_ravi,0.9999920740089342,stand_cooler_mixed_withSwing,4.065388508836855e-06
3106.0,3110.8,True,laptop_ravi,0.9999920740089342,stand_cooler_mixed_withSwing,4.065388508836855e-06
3107.0,3111.8,True,laptop_ravi,0.9999918848126882,stand_cooler_mixed_withSwing,4.0653875552756795e-06
3108.0,3112.8,True,laptop_ravi,0.9999918864265515,stand_cooler_mixed_withSwing,4.065430736099783e-06
3109.0,3113.8,True,laptop_ravi,0.9999915495996009,stand_cooler_mixed_withSwing,4.0647164757205396e-06
3110.0,3114.8,True,laptop_ravi,0.9999918848126882,stand_cooler_mixed_withSwing,4.0653875552756795e-06
3111.0,3115.8,True,laptop_ravi,0.9999920814796802,stand_cooler_mixed_withSwing,4.06540279678421e-06
3112.0,3116.8,True,laptop_ravi,0.9999918997737067,stand_cooler_mixed_withSwing,4.06538780049735e-06
3113.0,3117.8,True,laptop_ravi,0.9999930185979493,stand_cooler_mixed_withSwing,3.251749611932177e-06
3114.0,3118.8,True,laptop_ravi,0.9999911225991818,stand_cooler_mixed_withSwing,5.157634484890385e-06
3115.0,3119.8,True,laptop_ravi,0.9999731227471618,stand_cooler_mixed_withSwing,1.3589146289670429e-05
3116.0,3120.8,True,laptop_ravi,0.9999914719415594,stand_cooler_mixed_withSwing,4.0453743867219816e-06
3117.0,3121.8,True,laptop_ravi,0.9999865202946463,stand_cooler_mixed_withSwing,9.429510274471437e-06
3118.0,3122.8,True,laptop_ravi,0.9999851057311036,stand_cooler_mixed_withSwing,1.0830501253565183e-05
3119.0,3123.8,True,laptop_ravi,0.9999602272595361,stand_cooler_2_swing,2.7945968943851587e-05
3120.0,3124.8,True,laptop_ravi,0.9999575788686798,stand_cooler_2_swing,2.9536155543934544e-05
3121.0,3125.8,True,laptop_ravi,0.9999557332256908,stand_cooler_2_swing,3.0817006313004095e-05
3122.0,3126.8,True,laptop_ravi,0.9999535192450456,stand_cooler_2_swing,3.2144991813968325e-05
3123.0,3127.8,True,laptop_ravi,0.9999535566379758,stand_cooler_2_swing,3.214503275512509e-05
3124.0,3128.8,True,laptop_ravi,0.9999535138203743,stand_cooler_2_swing,3.2144991639584204e-05
3125.0,3129.8,True,laptop_ravi,0.9999588521559811,stand_cooler_2_swing,2.946505888266229e-05
3126.0,3130.8,True,laptop_ravi,0.9999582158365506,stand_cooler_2_swing,2.9162217514702664e-05
3127.0,3131.8,True,laptop_ravi,0.9999733620994167,stand_cooler_mixed_withSwing,2.261355114898601e-05
3128.0,3132.8,True,laptop_ravi,0.9999853999841309,stand_cooler_mixed_withSwing,1.0500933045999833e-05
3129.0,3133.8,True,laptop_ravi,0.9999909187616465,stand_cooler_mixed_withSwing,4.4049238286140095e-06
3130.0,3134.8,True,laptop_ravi,0.9999909187616465,stand_cooler_mixed_withSwing,4.4049238286140095e-06
3131.0,3135.8,True,laptop_ravi,0.9999909187616465,stand_cooler_mixed_withSwing,4.4049238286140095e-06
3132.0,3136.8,True,laptop_ravi,0.9999908813256485,stand_cooler_mixed_withSwing,4.404922814841663e-06
3133.0,3137.8,True,laptop_ravi,0.9999908759007042,stand_cooler_mixed_withSwing,4.404922790944984e-06
3134.0,3138.8,True,laptop_ravi,0.9999834860775737,stand_cooler_mixed_withSwing,1.1795176123926595e-05
3135.0,3139.8,True,laptop_ravi,0.9999834100275439,stand_cooler_mixed_withSwing,1.1795177499924287e-05
3136.0,3140.8,True,laptop_ravi,0.9999822831407441,stand_cooler_mixed_withSwing,1.2717677997227971e-05
3137.0,3141.8,True,laptop_ravi,0.9999832056397766,stand_cooler_mixed_withSwing,1.1795175089094297e-05
3138.0,3142.8,True,laptop_ravi,0.9999832055835532,stand_cooler_mixed_withSwing,1.1795175088431122e-05
3139.0,3143.8,True,laptop_ravi,0.9999834708296166,stand_cooler_mixed_withSwing,1.1795175944071286e-05
3140.0,3144.8,True,laptop_ravi,0.9999834860775737,stand_cooler_mixed_withSwing,1.1795176123926595e-05
3141.0,3145.8,True,laptop_ravi,0.9999727609915718,stand_cooler_mixed_withSwing,1.3589141373588666e-05
3142.0,3146.8,True,laptop_ravi,0.9999724894317632,stand_cooler_mixed_withSwing,1.3916522448711172e-05
3143.0,3147.8,True,laptop_ravi,0.9999829009577622,stand_cooler_2_swing,9.084729462856684e-06
3144.0,3148.8,True,laptop_ravi,0.9999829009136901,stand_cooler_2_swing,9.084729462456293e-06
3145.0,3149.8,True,laptop_ravi,0.9999960993442518,stand_cooler_3_swing,6.794952500201169e-07
3146.0,3150.8,True,laptop_ravi,0.9999958767143349,stand_cooler_3_swing,7.413393365447283e-07
3147.0,3151.8,True,laptop_ravi,0.9999960903559957,stand_cooler_3_swing,6.216304575985759e-07
3148.0,3152.8,True,laptop_ravi,0.9999833261698511,stand_cooler_2_swing,9.084733325859528e-06
3149.0,3153.8,True,laptop_ravi,0.9999829009577622,stand_cooler_2_swing,9.084729462856684e-06
3150.0,3154.8,True,laptop_ravi,0.9999612158897893,stand_cooler_mixed_withSwing,2.51263914511983e-05
3151.0,3155.8,True,laptop_ravi,0.9999617509833396,stand_cooler_mixed_withSwing,2.4535308794558854e-05
3152.0,3156.8,True,laptop_ravi,0.9999922008826814,stand_cooler_mixed_withSwing,3.896566503111649e-06
3153.0,3157.8,True,laptop_ravi,0.9999922008826814,stand_cooler_mixed_withSwing,3.896566503111649e-06
3154.0,3158.8,True,laptop_ravi,0.9999924340280103,stand_cooler_mixed_withSwing,3.7800781605143044e-06
3155.0,3159.8,True,laptop_ravi,0.9999915495996284,stand_cooler_mixed_withSwing,4.064716475720651e-06
3156.0,3160.8,True,laptop_ravi,0.9999915495994621,stand_cooler_mixed_withSwing,4.0647164757199754e-06
3157.0,3161.8,True,laptop_ravi,0.9999915550488874,stand_cooler_mixed_withSwing,4.064716497870532e-06
3158.0,3162.8,True,laptop_ravi,0.9999915550326164,stand_cooler_mixed_withSwing,4.0647172811117005e-06
3159.0,3163.8,True,laptop_ravi,0.9999918864265515,stand_cooler_mixed_withSwing,4.065430736099783e-06
3160.0,3164.8,True,laptop_ravi,0.9999930227539159,stand_cooler_mixed_withSwing,3.249483139022381e-06
3161.0,3165.8,True,laptop_ravi,0.9999911225991818,stand_cooler_mixed_withSwing,5.157634484890385e-06
3162.0,3166.8,True,laptop_ravi,0.9999960606945416,stand_cooler_3_swing,6.795317041515853e-07
3163.0,3167.8,True,laptop_ravi,0.9999958394250849,stand_cooler_3_swing,7.413813710530502e-07
3164.0,3168.8,True,laptop_ravi,0.9999955867261694,stand_cooler_3_swing,7.41378890138898e-07
3165.0,3169.8,True,laptop_ravi,0.9999955921760807,stand_cooler_3_swing,7.41378894179365e-07
3166.0,3170.8,True,laptop_ravi,0.9999955921651063,stand_cooler_3_swing,7.413788941712288e-07
3167.0,3171.8,True,laptop_ravi,0.9999953443211601,stand_cooler_3_swing,7.413787104241481e-07
3168.0,3172.8,True,laptop_ravi,0.9999953443211601,stand_cooler_3_swing,7.413787104241481e-07
3169.0,3173.8,True,laptop_ravi,0.9999953451453456,stand_cooler_3_swing,7.413802480381764e-07
3170.0,3174.8,True,laptop_ravi,0.9999953442664289,stand_cooler_3_swing,7.41384412167772e-07
3171.0,3175.8,True,laptop_ravi,0.999995344301556,stand_cooler_3_swing,7.413844121938149e-07
3172.0,3176.8,True,laptop_ravi,0.999995344301556,stand_cooler_3_swing,7.413844121938149e-07
3173.0,3177.8,True,laptop_ravi,0.99999534426674,stand_cooler_3_swing,7.413844121680027e-07
3174.0,3178.8,True,laptop_ravi,0.9999955921694949,stand_cooler_3_swing,7.41380431177854e-07
3175.0,3179.8,True,laptop_ravi,0.9999955921857557,stand_cooler_3_swing,7.413788941865379e-07
3176.0,3180.8,True,laptop_ravi,0.9999955921753935,stand_cooler_3_swing,7.413788941788556e-07
3177.0,3181.8,True,laptop_ravi,0.9999955921753935,stand_cooler_3_swing,7.413788941788556e-07
3178.0,3182.8,True,laptop_ravi,0.9999955204983569,stand_cooler_3_swing,7.413788410387792e-07
3179.0,3183.8,True,laptop_ravi,0.9999954080025192,stand_cooler_3_swing,7.413787576363718e-07
3180.0,3184.8,True,laptop_ravi,0.9999955921753935,stand_cooler_3_swing,7.413788941788556e-07
3181.0,3185.8,True,laptop_ravi,0.9999955921753935,stand_cooler_3_swing,7.413788941788556e-07
3182.0,3186.8,True,laptop_ravi,0.9999955921753935,stand_cooler_3_swing,7.413788941788556e-07
3183.0,3187.8,True,laptop_ravi,0.9999955867261694,stand_cooler_3_swing,7.41378890138898e-07
3184.0,3188.8,True,laptop_ravi,0.9999955867261694,stand_cooler_3_swing,7.41378890138898e-07
3185.0,3189.8,True,laptop_ravi,0.9999956904134394,stand_cooler_3_swing,7.413812605781326e-07
3186.0,3190.8,True,laptop_ravi,0.9999956577167602,stand_cooler_3_swing,7.413767933548137e-07
3187.0,3191.8,True,laptop_ravi,0.9999922008826814,stand_cooler_mixed_withSwing,3.896566503111649e-06
3188.0,3192.8,True,laptop_ravi,0.9999920740089342,stand_cooler_mixed_withSwing,4.065388508836855e-06
3189.0,3193.8,True,laptop_ravi,0.9999918848126882,stand_cooler_mixed_withSwing,4.0653875552756795e-06
3190.0,3194.8,True,laptop_ravi,0.9999911225991818,stand_cooler_mixed_withSwing,5.157634484890385e-06
3191.0,3195.8,True,laptop_ravi,0.9999731255701995,stand_cooler_mixed_withSwing,1.3589146328034133e-05
3192.0,3196.8,True,laptop_ravi,0.9999829009277204,stand_cooler_2_swing,9.084729462583756e-06
3193.0,3197.8,True,laptop_ravi,0.9999845263953023,stand_cooler_2_swing,8.275359254260968e-06
3194.0,3198.8,True,laptop_ravi,0.9999964403997006,stand_cooler_3_swing,6.151089852102502e-07
3195.0,3199.8,True,laptop_ravi,0.9999962331422767,stand_cooler_3_swing,6.694494444331862e-07
3196.0,3200.8,True,laptop_ravi,0.9999962371551984,stand_cooler_3_swing,6.694543297909786e-07
3197.0,3201.8,True,laptop_ravi,0.9999955541257232,stand_cooler_mixed_withSwing,9.689140502517315e-07
3198.0,3202.8,True,laptop_ravi,0.9999843707319463,stand_cooler_2_swing,8.35793474447365e-06
3199.0,3203.8,True,laptop_ravi,0.9999731255701995,stand_cooler_mixed_withSwing,1.3589146328034133e-05
3200.0,3204.8,True,laptop_ravi,0.9999852196999149,stand_cooler_mixed_withSwing,1.1064041071736642e-05
3201.0,3205.8,True,laptop_ravi,0.9999915550488874,stand_cooler_mixed_withSwing,4.064716497870532e-06
3202.0,3206.8,True,laptop_ravi,0.9999573266449041,stand_cooler_mixed_withSwing,2.9834074784403448e-05
3203.0,3207.8,True,laptop_ravi,0.9999376086428121,stand_cooler_mixed_withSwing,4.954077199114705e-05
3204.0,3208.8,True,laptop_ravi,0.9999376086428121,stand_cooler_mixed_withSwing,4.954077199114705e-05
3205.0,3209.8,True,laptop_ravi,0.9999270884899389,stand_cooler_mixed_withSwing,5.9998404766530417e-05
3206.0,3210.8,True,laptop_ravi,0.9999270884899389,stand_cooler_mixed_withSwing,5.9998404766530417e-05
3207.0,3211.8,True,stand_cooler_mixed_withSwing,0.9992919626631103,table_fan_mix,0.00012291140395276215
3208.0,3212.8,True,stand_cooler_mixed_withSwing,0.9992770324265786,table_fan_mix,0.00014492737096391265
3209.0,3213.8,True,laptop_ravi,0.9999743443374209,stand_cooler_mixed_withSwing,2.1220942302671005e-05
3210.0,3214.8,True,laptop_ravi,0.9999743443297076,stand_cooler_mixed_withSwing,2.1220942674449988e-05
3211.0,3215.8,True,laptop_ravi,0.999974649123617,stand_cooler_mixed_withSwing,2.1225980460596772e-05
3212.0,3216.8,True,laptop_ravi,0.9999272992211764,stand_cooler_mixed_withSwing,5.9556227492688136e-05
3213.0,3217.8,True,laptop_ravi,0.9999305096960549,stand_cooler_mixed_withSwing,5.6570712034417635e-05
3214.0,3218.8,True,laptop_ravi,0.9999373989012302,stand_cooler_mixed_withSwing,4.954076159973883e-05
3215.0,3219.8,True,laptop_ravi,0.9999577902871101,stand_cooler_mixed_withSwing,2.9132233813121196e-05
3216.0,3220.8,True,laptop_ravi,0.999990567000775,stand_cooler_mixed_withSwing,5.589374460806117e-06
3217.0,3221.8,True,laptop_ravi,0.9999913483531504,stand_cooler_mixed_withSwing,4.444121999640795e-06
3218.0,3222.8,True,laptop_ravi,0.9999928625340443,stand_cooler_mixed_withSwing,3.39549277815291e-06
3219.0,3223.8,True,laptop_ravi,0.9999926655405406,stand_cooler_mixed_withSwing,3.5794318191979676e-06
3220.0,3224.8,True,laptop_ravi,0.9999918817905417,stand_cooler_mixed_withSwing,4.065387727388217e-06
3221.0,3225.8,True,laptop_ravi,0.9999920560257628,stand_cooler_mixed_withSwing,4.065388435727698e-06
3222.0,3226.8,True,laptop_ravi,0.9999918668294884,stand_cooler_mixed_withSwing,4.06538748216641e-06
3223.0,3227.8,True,laptop_ravi,0.9999918684434789,stand_cooler_mixed_withSwing,4.065430662990253e-06
3224.0,3228.8,True,laptop_ravi,0.9999918563357681,stand_cooler_mixed_withSwing,4.065430613766794e-06
3225.0,3229.8,True,laptop_ravi,0.9999915317638143,stand_cooler_mixed_withSwing,4.064716403222511e-06
3226.0,3230.8,True,laptop_ravi,0.9999915372132393,stand_cooler_mixed_withSwing,4.064716425373066e-06
3227.0,3231.8,True,laptop_ravi,0.9999915372132393,stand_cooler_mixed_withSwing,4.064716425373066e-06
3228.0,3232.8,True,laptop_ravi,0.9999915372132393,stand_cooler_mixed_withSwing,4.064716425373066e-06
3229.0,3233.8,True,laptop_ravi,0.9999915371969661,stand_cooler_mixed_withSwing,4.064717208614212e-06
3230.0,3234.8,True,laptop_ravi,0.9999915550522499,stand_cooler_mixed_withSwing,4.064716497884199e-06
3231.0,3235.8,True,laptop_ravi,0.9999920814830414,stand_cooler_mixed_withSwing,4.065402796797875e-06
3232.0,3236.8,True,laptop_ravi,0.9999920814796802,stand_cooler_mixed_withSwing,4.06540279678421e-06
3233.0,3237.8,True,laptop_ravi,0.9999918848126882,stand_cooler_mixed_withSwing,4.0653875552756795e-06
3234.0,3238.8,True,laptop_ravi,0.9999915495996284,stand_cooler_mixed_withSwing,4.064716475720651e-06
3235.0,3239.8,True,laptop_ravi,0.9999915495996284,stand_cooler_mixed_withSwing,4.064716475720651e-06
3236.0,3240.8,True,laptop_ravi,0.9999918745825152,stand_cooler_mixed_withSwing,4.065435808632073e-06
3237.0,3241.8,True,laptop_ravi,0.9999918848105787,stand_cooler_mixed_withSwing,4.065419621005881e-06
3238.0,3242.8,True,laptop_ravi,0.9999922008826814,stand_cooler_mixed_withSwing,3.896566503111649e-06
3239.0,3243.8,True,laptop_ravi,0.9999911225903196,stand_cooler_mixed_withSwing,5.157632550723372e-06
3240.0,3244.8,True,laptop_ravi,0.9999731227410563,stand_cooler_mixed_withSwing,1.358914119363554e-05
3241.0,3245.8,True,laptop_ravi,0.9999828917215982,stand_cooler_2_swing,9.0847297936762e-06
3242.0,3246.8,True,laptop_ravi,0.9999847981239692,stand_cooler_2_swing,8.228081884222687e-06
3243.0,3247.8,True,laptop_ravi,0.9999968292134751,table_pv_2,4.048737518674812e-07
3244.0,3248.8,True,laptop_ravi,0.9999966154657021,stand_cooler_mixed_withSwing,4.860438205459229e-07
3245.0,3249.8,True,laptop_ravi,0.9999964552034329,stand_cooler_mixed_withSwing,4.861222433879303e-07
3246.0,3250.8,True,laptop_ravi,0.9999848809029518,stand_cooler_2_swing,8.275378361175247e-06
3247.0,3251.8,True,laptop_ravi,0.9999847248173398,stand_cooler_2_swing,8.228081858521904e-06
3248.0,3252.8,True,laptop_ravi,0.9999728539551381,stand_cooler_mixed_withSwing,1.3916509890953213e-05
3249.0,3253.8,True,laptop_ravi,0.9999728539551381,stand_cooler_mixed_withSwing,1.3916509890953213e-05
3250.0,3254.8,True,laptop_ravi,0.9999852196932714,stand_cooler_mixed_withSwing,1.1064036922629773e-05
3251.0,3255.8,True,laptop_ravi,0.9999922008826814,stand_cooler_mixed_withSwing,3.896566503111649e-06
3252.0,3256.8,True,laptop_ravi,0.9999925273803456,stand_cooler_mixed_withSwing,3.7322790406238516e-06
3253.0,3257.8,True,laptop_ravi,0.9999925273803456,stand_cooler_mixed_withSwing,3.7322790406238516e-06
3254.0,3258.8,True,laptop_ravi,0.9999925273803456,stand_cooler_mixed_withSwing,3.7322790406238516e-06
3255.0,3259.8,True,laptop_ravi,0.9999922008826814,stand_cooler_mixed_withSwing,3.896566503111649e-06
3256.0,3260.8,True,laptop_ravi,0.9999918997737067,stand_cooler_mixed_withSwing,4.06538780049735e-06
3257.0,3261.8,True,laptop_ravi,0.9999925273803456,stand_cooler_mixed_withSwing,3.7322790406238516e-06
3258.0,3262.8,True,laptop_ravi,0.9999588521559811,stand_cooler_2_swing,2.946505888266229e-05
3259.0,3263.8,True,laptop_ravi,0.9999479939636177,stand_cooler_2_swing,2.90627587185514e-05
3260.0,3264.8,True,laptop_ravi,0.9999582158365506,stand_cooler_2_swing,2.9162217514702664e-05
3261.0,3265.8,True,laptop_ravi,0.9999854303522933,stand_cooler_mixed_withSwing,1.0541641121799544e-05
3262.0,3266.8,True,laptop_ravi,0.9999853999841309,stand_cooler_mixed_withSwing,1.0500933045999833e-05
3263.0,3267.8,True,laptop_ravi,0.9999909187616465,stand_cooler_mixed_withSwing,4.4049238286140095e-06
3264.0,3268.8,True,laptop_ravi,0.9999909187616465,stand_cooler_mixed_withSwing,4.4049238286140095e-06
3265.0,3269.8,True,laptop_ravi,0.9999908813256485,stand_cooler_mixed_withSwing,4.404922814841663e-06
3266.0,3270.8,True,laptop_ravi,0.9999908759005646,stand_cooler_mixed_withSwing,4.404922790944369e-06
3267.0,3271.8,True,laptop_ravi,0.9999839896080722,stand_cooler_mixed_withSwing,1.1291643003197514e-05
3268.0,3272.8,True,laptop_ravi,0.9999834860775737,stand_cooler_mixed_withSwing,1.1795176123926595e-05
3269.0,3273.8,True,laptop_ravi,0.9999832056028951,stand_cooler_mixed_withSwing,1.1795175088659266e-05
3270.0,3274.8,True,laptop_ravi,0.9999822831410146,stand_cooler_mixed_withSwing,1.271767799723141e-05
3271.0,3275.8,True,laptop_ravi,0.9999822831410146,stand_cooler_mixed_withSwing,1.271767799723141e-05
3272.0,3276.8,True,laptop_ravi,0.9999832055838239,stand_cooler_mixed_withSwing,1.1795175088434314e-05
3273.0,3277.8,True,laptop_ravi,0.9999834708296166,stand_cooler_mixed_withSwing,1.1795175944071286e-05
3274.0,3278.8,True,laptop_ravi,0.9999834860775464,stand_cooler_mixed_withSwing,1.1795176123926273e-05
3275.0,3279.8,True,laptop_ravi,0.9999914031373816,stand_cooler_mixed_withSwing,4.405666534860715e-06
3276.0,3280.8,True,laptop_ravi,0.999984508267567,stand_cooler_mixed_withSwing,1.1293509823260667e-05
3277.0,3281.8,True,laptop_ravi,0.9999840120624672,stand_cooler_mixed_withSwing,1.1797167651598026e-05
3278.0,3282.8,True,laptop_ravi,0.9999837912119839,stand_cooler_mixed_withSwing,1.1797248422792173e-05
3279.0,3283.8,True,laptop_ravi,0.9999838170581075,stand_cooler_mixed_withSwing,1.17971234427028e-05
3280.0,3284.8,True,laptop_ravi,0.9999838018129049,stand_cooler_mixed_withSwing,1.1797123262850353e-05
3281.0,3285.8,True,laptop_ravi,0.9999838033295154,stand_cooler_mixed_withSwing,1.1797248565748021e-05
3282.0,3286.8,True,laptop_ravi,0.9999840775890245,stand_cooler_mixed_withSwing,1.1521305735027197e-05
3283.0,3287.8,True,laptop_ravi,0.9999912081037883,stand_cooler_mixed_withSwing,4.405650024872853e-06
3284.0,3288.8,True,laptop_ravi,0.9999913957021969,stand_cooler_mixed_withSwing,4.405651051205626e-06
3285.0,3289.8,True,laptop_ravi,0.9999912096439498,stand_cooler_mixed_withSwing,4.405696819496026e-06
3286.0,3290.8,True,laptop_ravi,0.9999912096439498,stand_cooler_mixed_withSwing,4.405696819496026e-06
3287.0,3291.8,True,laptop_ravi,0.9999912081037883,stand_cooler_mixed_withSwing,4.405650024872853e-06
3288.0,3292.8,True,laptop_ravi,0.9999918040624133,stand_cooler_mixed_withSwing,4.096461159955377e-06
3289.0,3293.8,True,laptop_ravi,0.9999909743287394,stand_cooler_mixed_withSwing,4.223711947714289e-06
3290.0,3294.8,True,laptop_ravi,0.9999724892968443,stand_cooler_mixed_withSwing,1.3916657369296303e-05
3291.0,3295.8,True,laptop_ravi,0.9999829546701327,stand_cooler_2_swing,9.137403275740868e-06
3292.0,3296.8,True,laptop_ravi,0.9999947133701067,stand_cooler_mixed_withSwing,1.0695843579536615e-06
3293.0,3297.8,True,laptop_ravi,0.9999961929802669,stand_cooler_3_swing,6.761332686846624e-07
3294.0,3298.8,True,laptop_ravi,0.9999962304968554,stand_cooler_3_swing,6.694485994465999e-07
3295.0,3299.8,True,laptop_ravi,0.9999941826076133,stand_cooler_mixed_withSwing,2.649485183545791e-06
3296.0,3300.8,True,laptop_ravi,0.9999843223814431,stand_cooler_2_swing,8.31018628812821e-06
3297.0,3301.8,True,laptop_ravi,0.9999728539599232,stand_cooler_mixed_withSwing,1.3916527521815057e-05
3298.0,3302.8,True,laptop_ravi,0.9999728539599232,stand_cooler_mixed_withSwing,1.3916527521815057e-05
3299.0,3303.8,True,laptop_ravi,0.9999911225991818,stand_cooler_mixed_withSwing,5.157634484890385e-06
3300.0,3304.8,True,laptop_ravi,0.9999915550488874,stand_cooler_mixed_withSwing,4.064716497870532e-06
3301.0,3305.8,True,laptop_ravi,0.9999918997737067,stand_cooler_mixed_withSwing,4.06538780049735e-06
3302.0,3306.8,True,laptop_ravi,0.9999925273803456,stand_cooler_mixed_withSwing,3.7322790406238516e-06
3303.0,3307.8,True,laptop_ravi,0.9999956349215525,stand_cooler_3_swing,7.413767764549024e-07
3304.0,3308.8,True,laptop_ravi,0.9999956921187257,stand_cooler_3_swing,7.413787159999221e-07
3305.0,3309.8,True,laptop_ravi,0.9999953443584313,stand_cooler_3_swing,7.41380247454771e-07
3306.0,3310.8,True,laptop_ravi,0.9999953443231154,stand_cooler_3_swing,7.413802474285884e-07
3307.0,3311.8,True,laptop_ravi,0.9999953443283127,stand_cooler_3_swing,7.41378710429451e-07
3308.0,3312.8,True,laptop_ravi,0.9999955921747811,stand_cooler_3_swing,7.413788941784015e-07
3309.0,3313.8,True,laptop_ravi,0.9999955921760807,stand_cooler_3_swing,7.41378894179365e-07
3310.0,3314.8,True,laptop_ravi,0.9999955921753935,stand_cooler_3_swing,7.413788941788556e-07
3311.0,3315.8,True,laptop_ravi,0.9999955921753935,stand_cooler_3_swing,7.413788941788556e-07
3312.0,3316.8,True,laptop_ravi,0.9999954041721899,stand_cooler_3_swing,7.41378754796634e-07
3313.0,3317.8,True,laptop_ravi,0.9999954080025267,stand_cooler_3_swing,7.413787576363774e-07
3314.0,3318.8,True,laptop_ravi,0.9999954080025267,stand_cooler_3_swing,7.413787576363774e-07
3315.0,3319.8,True,laptop_ravi,0.9999954080025267,stand_cooler_3_swing,7.413787576363774e-07
3316.0,3320.8,True,laptop_ravi,0.9999953451401467,stand_cooler_3_swing,7.413787110313301e-07
3317.0,3321.8,True,laptop_ravi,0.9999954080464316,stand_cooler_3_swing,7.413787576689277e-07
3318.0,3322.8,True,laptop_ravi,0.9999954080025192,stand_cooler_3_swing,7.413787576363718e-07
3319.0,3323.8,True,laptop_ravi,0.9999954080025192,stand_cooler_3_swing,7.413787576363718e-07
3320.0,3324.8,True,laptop_ravi,0.9999954041721899,stand_cooler_3_swing,7.41378754796634e-07
3321.0,3325.8,True,laptop_ravi,0.9999955921753935,stand_cooler_3_swing,7.413788941788556e-07
3322.0,3326.8,True,laptop_ravi,0.9999955921753935,stand_cooler_3_swing,7.413788941788556e-07
3323.0,3327.8,True,laptop_ravi,0.9999955921753935,stand_cooler_3_swing,7.413788941788556e-07
3324.0,3328.8,True,laptop_ravi,0.9999955867261694,stand_cooler_3_swing,7.41378890138898e-07
3325.0,3329.8,True,laptop_ravi,0.9999955867261527,stand_cooler_3_swing,7.413788901388856e-07
3326.0,3330.8,True,laptop_ravi,0.9999959453155706,stand_cooler_3_swing,6.894709629780798e-07
3327.0,3331.8,True,laptop_ravi,0.9999960682576502,stand_cooler_3_swing,6.795317092909776e-07
3328.0,3332.8,True,laptop_ravi,0.9999930227539159,stand_cooler_mixed_withSwing,3.249483139022381e-06
3329.0,3333.8,True,laptop_ravi,0.9999930227539159,stand_cooler_mixed_withSwing,3.249483139022381e-06
3330.0,3334.8,True,laptop_ravi,0.9999929606015252,stand_cooler_mixed_withSwing,3.3098017891155777e-06
3331.0,3335.8,True,laptop_ravi,0.9999918997737067,stand_cooler_mixed_withSwing,4.06538780049735e-06
3332.0,3336.8,True,laptop_ravi,0.9999918848126882,stand_cooler_mixed_withSwing,4.0653875552756795e-06
3333.0,3337.8,True,laptop_ravi,0.9999918745825152,stand_cooler_mixed_withSwing,4.065435808632073e-06
3334.0,3338.8,True,laptop_ravi,0.9999915550488874,stand_cooler_mixed_withSwing,4.064716497870532e-06
3335.0,3339.8,True,laptop_ravi,0.9999915495994621,stand_cooler_mixed_withSwing,4.0647164757199754e-06
3336.0,3340.8,True,laptop_ravi,0.9999573266449041,stand_cooler_mixed_withSwing,2.9834074784403448e-05
3337.0,3341.8,True,laptop_ravi,0.99994115241218,stand_cooler_mixed_withSwing,4.612190272546415e-05
3338.0,3342.8,True,laptop_ravi,0.9999522707901874,stand_cooler_mixed_withSwing,3.4759731782100015e-05
3339.0,3343.8,True,laptop_ravi,0.9999316972960518,stand_cooler_mixed_withSwing,5.552946947708819e-05
3340.0,3344.8,True,laptop_ravi,0.9978697433475309,stand_cooler_mixed_withSwing,0.00211825299687369
3341.0,3345.8,True,stand_cooler_mixed_withSwing,0.9828692910993239,stand_cooler_2,0.007711927790968872
3342.0,3346.8,False,off,,,
3343.0,3347.8,False,off,,,
3344.0,3348.8,True,stand_cooler_mixed_withSwing,0.9791750075422301,table_fan_lvl1,0.011570666246987216
3345.0,3349.8,True,laptop_ravi,0.9999633779301174,stand_cooler_mixed_withSwing,1.9957036729505297e-05
3346.0,3350.8,True,laptop_ravi,0.9999334632626096,table_fan_lvl1,3.7416591520130846e-05
3347.0,3351.8,True,laptop_ravi,0.999951953433101,stand_cooler_mixed_withSwing,3.4759720750326274e-05
3348.0,3352.8,True,laptop_ravi,0.9999540267441726,stand_cooler_mixed_withSwing,3.2683380362088755e-05
3349.0,3353.8,True,laptop_ravi,0.9999909734060277,stand_cooler_mixed_withSwing,4.223705008915721e-06
3350.0,3354.8,True,laptop_ravi,0.9999923729070277,stand_cooler_mixed_withSwing,3.5871844490255338e-06
3351.0,3355.8,True,laptop_ravi,0.9999923921341877,stand_cooler_mixed_withSwing,3.587184517997429e-06
3352.0,3356.8,True,laptop_ravi,0.9999928625340443,stand_cooler_mixed_withSwing,3.39549277815291e-06
3353.0,3357.8,True,laptop_ravi,0.9999926655405406,stand_cooler_mixed_withSwing,3.5794318191979676e-06
3354.0,3358.8,True,laptop_ravi,0.9999918817905417,stand_cooler_mixed_withSwing,4.065387727388217e-06
3355.0,3359.8,True,laptop_ravi,0.9999918684434789,stand_cooler_mixed_withSwing,4.065430662990253e-06
3356.0,3360.8,True,laptop_ravi,0.9999915372132393,stand_cooler_mixed_withSwing,4.064716425373066e-06
3357.0,3361.8,True,laptop_ravi,0.9999912265108991,stand_cooler_mixed_withSwing,4.064715945752522e-06
3358.0,3362.8,True,laptop_ravi,0.9999915371969661,stand_cooler_mixed_withSwing,4.064717208614212e-06
3359.0,3363.8,True,laptop_ravi,0.9999915372118124,stand_cooler_mixed_withSwing,4.064716425367267e-06
3360.0,3364.8,True,laptop_ravi,0.9999915372118124,stand_cooler_mixed_withSwing,4.064716425367267e-06
3361.0,3365.8,True,laptop_ravi,0.9999915372118124,stand_cooler_mixed_withSwing,4.064716425367267e-06
3362.0,3366.8,True,laptop_ravi,0.9999915317625266,stand_cooler_mixed_withSwing,4.064716403217277e-06
3363.0,3367.8,True,laptop_ravi,0.9999918563357681,stand_cooler_mixed_withSwing,4.065430613766794e-06
3364.0,3368.8,True,laptop_ravi,0.9999918848160493,stand_cooler_mixed_withSwing,4.065387555289344e-06
3365.0,3369.8,True,laptop_ravi,0.9999915496029634,stand_cooler_mixed_withSwing,4.064716475734208e-06
3366.0,3370.8,True,laptop_ravi,0.999991531763981,stand_cooler_mixed_withSwing,4.0647164032231895e-06
3367.0,3371.8,True,laptop_ravi,0.999991549602991,stand_cooler_mixed_withSwing,4.06471647573432e-06
3368.0,3372.8,True,laptop_ravi,0.9999915317639535,stand_cooler_mixed_withSwing,4.064716403223077e-06
3369.0,3373.8,True,laptop_ravi,0.9999918848160493,stand_cooler_mixed_withSwing,4.065387555289344e-06
3370.0,3374.8,True,laptop_ravi,0.9999918848126882,stand_cooler_mixed_withSwing,4.0653875552756795e-06
3371.0,3375.8,True,laptop_ravi,0.9999920814796802,stand_cooler_mixed_withSwing,4.06540279678421e-06
3372.0,3376.8,True,laptop_ravi,0.9999918864265515,stand_cooler_mixed_withSwing,4.065430736099783e-06
3373.0,3377.8,True,laptop_ravi,0.9999915495996009,stand_cooler_mixed_withSwing,4.0647164757205396e-06
3374.0,3378.8,True,laptop_ravi,0.9999918864265515,stand_cooler_mixed_withSwing,4.065430736099783e-06
3375.0,3379.8,True,laptop_ravi,0.9999918864265515,stand_cooler_mixed_withSwing,4.065430736099783e-06
3376.0,3380.8,True,laptop_ravi,0.9999915495996009,stand_cooler_mixed_withSwing,4.0647164757205396e-06
3377.0,3381.8,True,laptop_ravi,0.9999915495996009,stand_cooler_mixed_withSwing,4.0647164757205396e-06
3378.0,3382.8,True,laptop_ravi,0.9999918997737067,stand_cooler_mixed_withSwing,4.06538780049735e-06
3379.0,3383.8,True,laptop_ravi,0.9999918997737067,stand_cooler_mixed_withSwing,4.06538780049735e-06
3380.0,3384.8,True,laptop_ravi,0.9999918637116845,stand_cooler_mixed_withSwing,4.065379038702266e-06
3381.0,3385.8,True,laptop_ravi,0.9999911225991818,stand_cooler_mixed_withSwing,5.157634484890385e-06
3382.0,3386.8,True,laptop_ravi,0.9999852196999149,stand_cooler_mixed_withSwing,1.1064041071736642e-05
3383.0,3387.8,True,laptop_ravi,0.9999911225991818,stand_cooler_mixed_withSwing,5.157634484890385e-06
3384.0,3388.8,True,laptop_ravi,0.9999922008826814,stand_cooler_mixed_withSwing,3.896566503111649e-06
3385.0,3389.8,True,laptop_ravi,0.9999924340280103,stand_cooler_mixed_withSwing,3.7800781605143044e-06
3386.0,3390.8,True,laptop_ravi,0.9999925273803456,stand_cooler_mixed_withSwing,3.7322790406238516e-06
3387.0,3391.8,True,laptop_ravi,0.9999728539487245,stand_cooler_mixed_withSwing,1.3916527521659207e-05
3388.0,3392.8,True,laptop_ravi,0.9999728539551381,stand_cooler_mixed_withSwing,1.3916509890953213e-05
3389.0,3393.8,True,laptop_ravi,0.999984798053299,stand_cooler_2_swing,8.228082461122577e-06
3390.0,3394.8,True,laptop_ravi,0.9999848809042942,stand_cooler_2_swing,8.275378361186357e-06
3391.0,3395.8,True,laptop_ravi,0.9999964936194362,stand_cooler_mixed_withSwing,6.265415382952085e-07
3392.0,3396.8,True,laptop_ravi,0.9999964936194362,stand_cooler_mixed_withSwing,6.265415382952085e-07
3393.0,3397.8,True,laptop_ravi,0.9999935692473648,stand_cooler_mixed_withSwing,3.3253590011605333e-06
3394.0,3398.8,True,laptop_ravi,0.9999848225410598,stand_cooler_2_swing,8.228082662612955e-06
3395.0,3399.8,True,laptop_ravi,0.9999844769313809,stand_cooler_2_swing,8.228083491435743e-06
3396.0,3400.8,True,laptop_ravi,0.9999728539487245,stand_cooler_mixed_withSwing,1.3916527521659207e-05
3397.0,3401.8,True,laptop_ravi,0.9999731255701995,stand_cooler_mixed_withSwing,1.3589146328034133e-05
3398.0,3402.8,True,laptop_ravi,0.9999918997737067,stand_cooler_mixed_withSwing,4.06538780049735e-06
3399.0,3403.8,True,laptop_ravi,0.9999913957021969,stand_cooler_mixed_withSwing,4.405651051205626e-06
3400.0,3404.8,True,laptop_ravi,0.9999838170581075,stand_cooler_mixed_withSwing,1.17971234427028e-05
3401.0,3405.8,True,laptop_ravi,0.9999834860775464,stand_cooler_mixed_withSwing,1.1795176123926273e-05
3402.0,3406.8,True,laptop_ravi,0.9999834708296166,stand_cooler_mixed_withSwing,1.1795175944071286e-05
3403.0,3407.8,True,laptop_ravi,0.9999822825930965,stand_cooler_mixed_withSwing,1.2717677990263041e-05
3404.0,3408.8,True,laptop_ravi,0.9999832056431625,stand_cooler_mixed_withSwing,1.1795175089134234e-05
3405.0,3409.8,True,laptop_ravi,0.9999832056400471,stand_cooler_mixed_withSwing,1.1795175089097487e-05
3406.0,3410.8,True,laptop_ravi,0.9999835136888385,stand_cooler_mixed_withSwing,1.1795178722647943e-05
3407.0,3411.8,True,laptop_ravi,0.9999834708296166,stand_cooler_mixed_withSwing,1.1795175944071286e-05
3408.0,3412.8,True,laptop_ravi,0.9999834860775464,stand_cooler_mixed_withSwing,1.1795176123926273e-05
3409.0,3413.8,True,laptop_ravi,0.9999845156782756,stand_cooler_mixed_withSwing,1.1293549514010914e-05
3410.0,3414.8,True,laptop_ravi,0.9999840120624672,stand_cooler_mixed_withSwing,1.1797167651598026e-05
3411.0,3415.8,True,laptop_ravi,0.9999838170581075,stand_cooler_mixed_withSwing,1.17971234427028e-05
3412.0,3416.8,True,laptop_ravi,0.9999838064404047,stand_cooler_mixed_withSwing,1.179724860244855e-05
3413.0,3417.8,True,laptop_ravi,0.9999838170581075,stand_cooler_mixed_withSwing,1.17971234427028e-05
3414.0,3418.8,True,laptop_ravi,0.9999838018070386,stand_cooler_mixed_withSwing,1.1797216312574737e-05
3415.0,3419.8,True,laptop_ravi,0.9999840791122571,stand_cooler_mixed_withSwing,1.1521337233879394e-05
3416.0,3420.8,True,laptop_ravi,0.9999840670329724,stand_cooler_mixed_withSwing,1.1521337094707666e-05
3417.0,3421.8,True,laptop_ravi,0.9999914031373816,stand_cooler_mixed_withSwing,4.405666534860715e-06
3418.0,3422.8,True,laptop_ravi,0.9999914031373816,stand_cooler_mixed_withSwing,4.405666534860715e-06
3419.0,3423.8,True,laptop_ravi,0.9999912186522844,stand_cooler_mixed_withSwing,4.404919218010285e-06
3420.0,3424.8,True,laptop_ravi,0.9999911975644435,stand_cooler_mixed_withSwing,4.405696766276917e-06
3421.0,3425.8,True,laptop_ravi,0.9999914031373816,stand_cooler_mixed_withSwing,4.405666534860715e-06
3422.0,3426.8,True,laptop_ravi,0.9999912096439498,stand_cooler_mixed_withSwing,4.405696819496026e-06
3423.0,3427.8,True,laptop_ravi,0.9999908759007315,stand_cooler_mixed_withSwing,4.404922790945104e-06
3424.0,3428.8,True,laptop_ravi,0.9999908813256485,stand_cooler_mixed_withSwing,4.404922814841663e-06
3425.0,3429.8,True,laptop_ravi,0.9999909187616465,stand_cooler_mixed_withSwing,4.4049238286140095e-06
3426.0,3430.8,True,laptop_ravi,0.9999908759007042,stand_cooler_mixed_withSwing,4.404922790944984e-06
3427.0,3431.8,True,laptop_ravi,0.9999911978220345,stand_cooler_mixed_withSwing,4.405702316683632e-06
3428.0,3432.8,True,laptop_ravi,0.9999843103086962,stand_cooler_mixed_withSwing,1.129364123702645e-05
3429.0,3433.8,True,laptop_ravi,0.9999834860775737,stand_cooler_mixed_withSwing,1.1795176123926595e-05
3430.0,3434.8,True,laptop_ravi,0.9999908759007315,stand_cooler_mixed_withSwing,4.404922790945104e-06
3431.0,3435.8,True,laptop_ravi,0.9999912186522844,stand_cooler_mixed_withSwing,4.404919218010285e-06
3432.0,3436.8,True,laptop_ravi,0.9999908759007042,stand_cooler_mixed_withSwing,4.404922790944984e-06
3433.0,3437.8,True,laptop_ravi,0.9999915495996284,stand_cooler_mixed_withSwing,4.064716475720651e-06
3434.0,3438.8,True,laptop_ravi,0.9999915495994621,stand_cooler_mixed_withSwing,4.0647164757199754e-06
3435.0,3439.8,True,laptop_ravi,0.9999915550488874,stand_cooler_mixed_withSwing,4.064716497870532e-06
3436.0,3440.8,True,laptop_ravi,0.9999930185979493,stand_cooler_mixed_withSwing,3.251749611932177e-06
3437.0,3441.8,True,laptop_ravi,0.9999820241920059,stand_cooler_mixed_withSwing,1.3589267255957846e-05
3438.0,3442.8,True,laptop_ravi,0.9999843703730111,stand_cooler_2_swing,8.377028475294503e-06
3439.0,3443.8,True,laptop_ravi,0.9999922163812173,stand_cooler_mixed_withSwing,4.020434537945942e-06
3440.0,3444.8,True,laptop_ravi,0.9999963237326579,stand_cooler_3_swing,6.24422299579902e-07
3441.0,3445.8,True,laptop_ravi,0.9999961806971825,stand_cooler_3_swing,6.694501817871686e-07
3442.0,3446.8,True,laptop_ravi,0.9999964403676673,stand_cooler_3_swing,6.151089851905462e-07
3443.0,3447.8,True,laptop_ravi,0.9999962229486568,stand_cooler_3_swing,6.144089640586702e-07
3444.0,3448.8,True,laptop_ravi,0.9999941823791909,stand_cooler_mixed_withSwing,2.6497053095593195e-06
3445.0,3449.8,True,laptop_ravi,0.999994677908073,stand_cooler_mixed_withSwing,1.0615188307705618e-06
3446.0,3450.8,True,laptop_ravi,0.9999925480642793,stand_cooler_mixed_withSwing,3.4083881551189647e-06
3447.0,3451.8,True,laptop_ravi,0.9999954080025192,stand_cooler_3_swing,7.413787576363718e-07
3448.0,3452.8,True,laptop_ravi,0.9999953451401467,stand_cooler_3_swing,7.413787110313301e-07
3449.0,3453.8,True,laptop_ravi,0.9999953444269969,stand_cooler_3_swing,7.413787105026136e-07
3450.0,3454.8,True,laptop_ravi,0.9999954080025267,stand_cooler_3_swing,7.413787576363774e-07
3451.0,3455.8,True,laptop_ravi,0.9999954080025267,stand_cooler_3_swing,7.413787576363774e-07
3452.0,3456.8,True,laptop_ravi,0.9999954080025267,stand_cooler_3_swing,7.413787576363774e-07
3453.0,3457.8,True,laptop_ravi,0.9999954080025267,stand_cooler_3_swing,7.413787576363774e-07
3454.0,3458.8,True,laptop_ravi,0.9999954080025267,stand_cooler_3_swing,7.413787576363774e-07
3455.0,3459.8,True,laptop_ravi,0.9999954080464316,stand_cooler_3_swing,7.413787576689277e-07
3456.0,3460.8,True,laptop_ravi,0.9999953444269969,stand_cooler_3_swing,7.413787105026136e-07
3457.0,3461.8,True,laptop_ravi,0.9999954080025267,stand_cooler_3_swing,7.413787576363774e-07
3458.0,3462.8,True,laptop_ravi,0.9999954080025267,stand_cooler_3_swing,7.413787576363774e-07
3459.0,3463.8,True,laptop_ravi,0.9999955921644188,stand_cooler_3_swing,7.413788941707191e-07
3460.0,3464.8,True,laptop_ravi,0.9999955867261694,stand_cooler_3_swing,7.41378890138898e-07
3461.0,3465.8,True,laptop_ravi,0.9999955867261527,stand_cooler_3_swing,7.413788901388856e-07
3462.0,3466.8,True,laptop_ravi,0.9999957046813815,stand_cooler_3_swing,7.413781221283193e-07
3463.0,3467.8,True,laptop_ravi,0.9999956904374653,stand_cooler_3_swing,7.413812605959451e-07
3464.0,3468.8,True,laptop_ravi,0.9999958319533048,stand_cooler_3_swing,7.413769225303053e-07
3465.0,3469.8,True,laptop_ravi,0.9999956904134394,stand_cooler_3_swing,7.413812605781326e-07
3466.0,3470.8,True,laptop_ravi,0.9999958394250849,stand_cooler_3_swing,7.413813710530502e-07
3467.0,3471.8,True,laptop_ravi,0.9999960682576502,stand_cooler_3_swing,6.795317092909776e-07
3468.0,3472.8,True,laptop_ravi,0.9999960682576502,stand_cooler_3_swing,6.795317092909776e-07
3469.0,3473.8,True,laptop_ravi,0.9999930185979493,stand_cooler_mixed_withSwing,3.251749611932177e-06
3470.0,3474.8,True,laptop_ravi,0.9999573266449041,stand_cooler_mixed_withSwing,2.9834074784403448e-05
3471.0,3475.8,True,laptop_ravi,0.9999573266449041,stand_cooler_mixed_withSwing,2.9834074784403448e-05
3472.0,3476.8,True,laptop_ravi,0.999957217964197,stand_cooler_mixed_withSwing,3.0122607255647965e-05
3473.0,3477.8,True,laptop_ravi,0.9999570773406177,stand_cooler_mixed_withSwing,3.0122603019517882e-05
3474.0,3478.8,True,laptop_ravi,0.9999671565875287,stand_cooler_mixed_withSwing,2.8734862952876695e-05
3475.0,3479.8,True,laptop_ravi,0.9999856437064848,stand_cooler_mixed_withSwing,1.03152534710186e-05
3476.0,3480.8,True,laptop_ravi,0.9999837705396043,stand_cooler_mixed_withSwing,1.199552181457417e-05
3477.0,3481.8,True,laptop_ravi,0.9999837279847129,stand_cooler_mixed_withSwing,1.1995504103956174e-05
3478.0,3482.8,True,laptop_ravi,0.9999837279883894,stand_cooler_mixed_withSwing,1.1995504104000277e-05
3479.0,3483.8,True,laptop_ravi,0.9999800964145033,stand_cooler_mixed_withSwing,1.6367143374252653e-05
3480.0,3484.8,True,laptop_ravi,0.9999394917278758,stand_cooler_mixed_withSwing,4.788804092769177e-05
3481.0,3485.8,True,laptop_ravi,0.999946482097573,stand_cooler_mixed_withSwing,4.090555805595412e-05
3482.0,3486.8,True,laptop_ravi,0.9999481529106231,stand_cooler_mixed_withSwing,3.903910604963287e-05
3483.0,3487.8,True,laptop_ravi,0.9999841462530098,stand_cooler_mixed_withSwing,1.2136425625940188e-05
3484.0,3488.8,True,laptop_ravi,0.9999928625340443,stand_cooler_mixed_withSwing,3.39549277815291e-06
3485.0,3489.8,True,laptop_ravi,0.9999918091231654,stand_cooler_mixed_withSwing,4.281675877994767e-06
3486.0,3490.8,True,laptop_ravi,0.999968096357462,stand_cooler_mixed_withSwing,2.8442026086904196e-05
3487.0,3491.8,True,laptop_ravi,0.9999910170723909,stand_cooler_mixed_withSwing,5.499067698363777e-06
3488.0,3492.8,True,laptop_ravi,0.9999908056783502,stand_cooler_mixed_withSwing,6.220420053359129e-06
3489.0,3493.8,True,laptop_ravi,0.9999948886005318,stand_cooler_mixed_withSwing,2.350668205311886e-06
3490.0,3494.8,True,laptop_ravi,0.999995838348627,stand_cooler_mixed_withSwing,1.5593220294543663e-06
3491.0,3495.8,True,laptop_ravi,0.9999958383039963,stand_cooler_mixed_withSwing,1.5593410653558858e-06
3492.0,3496.8,True,laptop_ravi,0.9999945289427598,stand_cooler_mixed_withSwing,2.3502293198360695e-06
3493.0,3497.8,True,laptop_ravi,0.9999797289811346,stand_cooler_mixed_withSwing,9.698857440828792e-06
3494.0,3498.8,True,laptop_ravi,0.999957849785553,stand_cooler_mixed_withSwing,2.9132235546516914e-05
3495.0,3499.8,True,laptop_ravi,0.9999840577602835,stand_cooler_mixed_withSwing,1.1507509509037796e-05
3496.0,3500.8,True,laptop_ravi,0.9999916716676301,stand_cooler_mixed_withSwing,4.244595377897835e-06
3497.0,3501.8,True,laptop_ravi,0.9999915372118124,stand_cooler_mixed_withSwing,4.064716425367267e-06
3498.0,3502.8,True,laptop_ravi,0.9999915317623874,stand_cooler_mixed_withSwing,4.064716403216711e-06
3499.0,3503.8,True,laptop_ravi,0.9999915317625542,stand_cooler_mixed_withSwing,4.064716403217389e-06
3500.0,3504.8,True,laptop_ravi,0.9999915317625542,stand_cooler_mixed_withSwing,4.064716403217389e-06
3501.0,3505.8,True,laptop_ravi,0.999991531763981,stand_cooler_mixed_withSwing,4.0647164032231895e-06
3502.0,3506.8,True,laptop_ravi,0.9999918773728599,stand_cooler_mixed_withSwing,4.064713117851029e-06
3503.0,3507.8,True,laptop_ravi,0.9999930186009308,stand_cooler_mixed_withSwing,3.251749611941872e-06
3504.0,3508.8,True,laptop_ravi,0.9999930227539159,stand_cooler_mixed_withSwing,3.249483139022381e-06
3505.0,3509.8,True,laptop_ravi,0.9999852196999149,stand_cooler_mixed_withSwing,1.1064041071736642e-05
3506.0,3510.8,True,laptop_ravi,0.9999930227539159,stand_cooler_mixed_withSwing,3.249483139022381e-06
3507.0,3511.8,True,laptop_ravi,0.9999918848126882,stand_cooler_mixed_withSwing,4.0653875552756795e-06
3508.0,3512.8,True,laptop_ravi,0.9999918637116845,stand_cooler_mixed_withSwing,4.065379038702266e-06
3509.0,3513.8,True,laptop_ravi,0.9999920814796802,stand_cooler_mixed_withSwing,4.06540279678421e-06
3510.0,3514.8,True,laptop_ravi,0.9999918743188416,stand_cooler_mixed_withSwing,4.065430686876327e-06
3511.0,3515.8,True,laptop_ravi,0.9999918743188416,stand_cooler_mixed_withSwing,4.065430686876327e-06
3512.0,3516.8,True,laptop_ravi,0.9999911225991818,stand_cooler_mixed_withSwing,5.157634484890385e-06
3513.0,3517.8,True,laptop_ravi,0.9999852196999149,stand_cooler_mixed_withSwing,1.1064041071736642e-05
3514.0,3518.8,True,laptop_ravi,0.9999852196999149,stand_cooler_mixed_withSwing,1.1064041071736642e-05
3515.0,3519.8,True,laptop_ravi,0.9999911225991818,stand_cooler_mixed_withSwing,5.157634484890385e-06
3516.0,3520.8,True,laptop_ravi,0.9999911225991818,stand_cooler_mixed_withSwing,5.157634484890385e-06
3517.0,3521.8,True,laptop_ravi,0.9999930227539159,stand_cooler_mixed_withSwing,3.249483139022381e-06
3518.0,3522.8,True,laptop_ravi,0.9999918997737067,stand_cooler_mixed_withSwing,4.06538780049735e-06
3519.0,3523.8,True,laptop_ravi,0.9999925273803456,stand_cooler_mixed_withSwing,3.7322790406238516e-06
3520.0,3524.8,True,laptop_ravi,0.9999926819667264,stand_cooler_mixed_withSwing,3.579431877994811e-06
3521.0,3525.8,True,laptop_ravi,0.9999929606015252,stand_cooler_mixed_withSwing,3.3098017891155777e-06
3522.0,3526.8,True,laptop_ravi,0.9999924340280103,stand_cooler_mixed_withSwing,3.7800781605143044e-06
3523.0,3527.8,True,laptop_ravi,0.9999918864265515,stand_cooler_mixed_withSwing,4.065430736099783e-06
3524.0,3528.8,True,laptop_ravi,0.9999915550488874,stand_cooler_mixed_withSwing,4.064716497870532e-06
3525.0,3529.8,True,laptop_ravi,0.9999915495994621,stand_cooler_mixed_withSwing,4.0647164757199754e-06
3526.0,3530.8,True,laptop_ravi,0.9999922008826814,stand_cooler_mixed_withSwing,3.896566503111649e-06
3527.0,3531.8,True,laptop_ravi,0.9999930227539159,stand_cooler_mixed_withSwing,3.249483139022381e-06
3528.0,3532.8,True,laptop_ravi,0.9999852196999149,stand_cooler_mixed_withSwing,1.1064041071736642e-05
3529.0,3533.8,True,laptop_ravi,0.9999930227539159,stand_cooler_mixed_withSwing,3.249483139022381e-06
3530.0,3534.8,True,laptop_ravi,0.9999920740089342,stand_cooler_mixed_withSwing,4.065388508836855e-06
3531.0,3535.8,True,laptop_ravi,0.9999915550326164,stand_cooler_mixed_withSwing,4.0647172811117005e-06
3532.0,3536.8,True,laptop_ravi,0.9999915550326164,stand_cooler_mixed_withSwing,4.0647172811117005e-06
3533.0,3537.8,True,laptop_ravi,0.9999915550488874,stand_cooler_mixed_withSwing,4.064716497870532e-06
3534.0,3538.8,True,laptop_ravi,0.9999926819667264,stand_cooler_mixed_withSwing,3.579431877994811e-06
3535.0,3539.8,True,laptop_ravi,0.9999728539599232,stand_cooler_mixed_withSwing,1.3916527521815057e-05
3536.0,3540.8,True,laptop_ravi,0.9999728539599232,stand_cooler_mixed_withSwing,1.3916527521815057e-05
3537.0,3541.8,True,laptop_ravi,0.9999849668269056,stand_cooler_2_swing,8.275378113657246e-06
3538.0,3542.8,True,laptop_ravi,0.9999946061818243,stand_cooler_mixed_withSwing,2.6129164056001124e-06
3539.0,3543.8,True,laptop_ravi,0.9999956972827455,stand_cooler_3_swing,7.413370221633696e-07
3540.0,3544.8,True,laptop_ravi,0.9999958573130617,stand_cooler_3_swing,7.106779473299552e-07
3541.0,3545.8,True,laptop_ravi,0.9999925656736606,stand_cooler_mixed_withSwing,3.4342853709155172e-06
3542.0,3546.8,True,laptop_ravi,0.9999829009577622,stand_cooler_2_swing,9.084729462856684e-06
3543.0,3547.8,True,laptop_ravi,0.9999728539599232,stand_cooler_mixed_withSwing,1.3916527521815057e-05
3544.0,3548.8,True,laptop_ravi,0.9999623213241267,stand_cooler_mixed_withSwing,2.3961489702830352e-05
3545.0,3549.8,True,laptop_ravi,0.9999851057469089,stand_cooler_mixed_withSwing,1.0830501253736365e-05
3546.0,3550.8,True,laptop_ravi,0.9999838017662555,stand_cooler_mixed_withSwing,1.1797216312093602e-05
3547.0,3551.8,True,laptop_ravi,0.9999838018129049,stand_cooler_mixed_withSwing,1.1797123262850353e-05
3548.0,3552.8,True,laptop_ravi,0.9999840670329724,stand_cooler_mixed_withSwing,1.1521337094707666e-05
3549.0,3553.8,True,laptop_ravi,0.9999538465674359,stand_cooler_2_swing,3.2144924756142406e-05
3550.0,3554.8,True,laptop_ravi,0.9999840775890245,stand_cooler_mixed_withSwing,1.1521305735027197e-05
3551.0,3555.8,True,laptop_ravi,0.9999914031373816,stand_cooler_mixed_withSwing,4.405666534860715e-06
3552.0,3556.8,True,laptop_ravi,0.9999912081037883,stand_cooler_mixed_withSwing,4.405650024872853e-06
3553.0,3557.8,True,laptop_ravi,0.9999912096439498,stand_cooler_mixed_withSwing,4.405696819496026e-06
3554.0,3558.8,True,laptop_ravi,0.9999912096439498,stand_cooler_mixed_withSwing,4.405696819496026e-06
3555.0,3559.8,True,laptop_ravi,0.9999914031373816,stand_cooler_mixed_withSwing,4.405666534860715e-06
3556.0,3560.8,True,laptop_ravi,0.9999908759007315,stand_cooler_mixed_withSwing,4.404922790945104e-06
3557.0,3561.8,True,laptop_ravi,0.9999908759007315,stand_cooler_mixed_withSwing,4.404922790945104e-06
3558.0,3562.8,True,laptop_ravi,0.9999908813256485,stand_cooler_mixed_withSwing,4.404922814841663e-06
3559.0,3563.8,True,laptop_ravi,0.9999906068388906,stand_cooler_mixed_withSwing,4.404922454605551e-06
3560.0,3564.8,True,laptop_ravi,0.9999908759007042,stand_cooler_mixed_withSwing,4.404922790944984e-06
3561.0,3565.8,True,laptop_ravi,0.9999911978220345,stand_cooler_mixed_withSwing,4.405702316683632e-06
3562.0,3566.8,True,laptop_ravi,0.9999838288325876,stand_cooler_mixed_withSwing,1.1795166556656943e-05
3563.0,3567.8,True,laptop_ravi,0.9999834860775737,stand_cooler_mixed_withSwing,1.1795176123926595e-05
3564.0,3568.8,True,laptop_ravi,0.9999839896079792,stand_cooler_mixed_withSwing,1.1291643003196463e-05
3565.0,3569.8,True,laptop_ravi,0.9999908759007315,stand_cooler_mixed_withSwing,4.404922790945104e-06
3566.0,3570.8,True,laptop_ravi,0.9999908759005646,stand_cooler_mixed_withSwing,4.404922790944369e-06
3567.0,3571.8,True,laptop_ravi,0.9999906068388906,stand_cooler_mixed_withSwing,4.404922454605551e-06
3568.0,3572.8,True,laptop_ravi,0.9999906106520703,stand_cooler_mixed_withSwing,4.40492247140247e-06
3569.0,3573.8,True,laptop_ravi,0.9999902655948001,stand_cooler_mixed_withSwing,4.749435046120886e-06
3570.0,3574.8,True,laptop_ravi,0.9999902655947721,stand_cooler_mixed_withSwing,4.749435046120753e-06
3571.0,3575.8,True,laptop_ravi,0.9999908813256485,stand_cooler_mixed_withSwing,4.404922814841663e-06
3572.0,3576.8,True,laptop_ravi,0.9999909187685024,stand_cooler_mixed_withSwing,4.404922979776049e-06
3573.0,3577.8,True,laptop_ravi,0.9999909187685024,stand_cooler_mixed_withSwing,4.404922979776049e-06
3574.0,3578.8,True,laptop_ravi,0.9999915550488874,stand_cooler_mixed_withSwing,4.064716497870532e-06
3575.0,3579.8,True,laptop_ravi,0.9999915550488874,stand_cooler_mixed_withSwing,4.064716497870532e-06
3576.0,3580.8,True,laptop_ravi,0.9999915550488874,stand_cooler_mixed_withSwing,4.064716497870532e-06
3577.0,3581.8,True,laptop_ravi,0.9999915550488874,stand_cooler_mixed_withSwing,4.064716497870532e-06
3578.0,3582.8,True,laptop_ravi,0.9999915550488874,stand_cooler_mixed_withSwing,4.064716497870532e-06
3579.0,3583.8,True,laptop_ravi,0.9999915550326164,stand_cooler_mixed_withSwing,4.0647172811117005e-06
3580.0,3584.8,True,laptop_ravi,0.9999912444025265,stand_cooler_mixed_withSwing,4.064716018477543e-06
3581.0,3585.8,True,laptop_ravi,0.9999912443465383,stand_cooler_mixed_withSwing,4.064716018249965e-06
3582.0,3586.8,True,laptop_ravi,0.9999915495996009,stand_cooler_mixed_withSwing,4.0647164757205396e-06
3583.0,3587.8,True,laptop_ravi,0.9999929606015252,stand_cooler_mixed_withSwing,3.3098017891155777e-06
3584.0,3588.8,True,laptop_ravi,0.9999728539596834,stand_cooler_mixed_withSwing,1.391652752181172e-05
3585.0,3589.8,True,laptop_ravi,0.9999828917320905,stand_cooler_2_swing,9.084729379042518e-06
3586.0,3590.8,True,laptop_ravi,0.9999848625851248,stand_cooler_2_swing,8.22808571157236e-06
3587.0,3591.8,True,laptop_ravi,0.9999946911737262,stand_cooler_mixed_withSwing,2.526181982061021e-06
3588.0,3592.8,True,laptop_ravi,0.9999964794730735,stand_cooler_mixed_withSwing,4.652213031694138e-07
3589.0,3593.8,True,laptop_ravi,0.9999964796034515,stand_cooler_mixed_withSwing,4.6520724976940227e-07
3590.0,3594.8,True,laptop_ravi,0.9999968419916215,table_pv_2,4.0505723602764073e-07
3591.0,3595.8,True,laptop_ravi,0.9999849610445412,stand_cooler_2_swing,8.228086521717111e-06
3592.0,3596.8,True,laptop_ravi,0.9999844769560032,stand_cooler_2_swing,8.228082538534862e-06
3593.0,3597.8,True,laptop_ravi,0.9999829446267253,stand_cooler_2_swing,9.137414577267092e-06
3594.0,3598.8,True,laptop_ravi,0.9999958325528766,stand_cooler_3_swing,6.784144885960664e-07
3595.0,3599.8,True,laptop_ravi,0.9999955867261694,stand_cooler_3_swing,7.41378890138898e-07
