hour,baseload,ev,fridge,hair_dryer,pc,pv,resistive,synchronous,washing_machine
0.0,21.681158284468225,0.014356430368420088,139.3681241697228,-0.00903221497562678,4.000569842336221,-34.97720805324152,-0.021801898530062043,-0.0008239324903726969,-1.6228621972358352
0.008333333333333333,21.681158284468225,0.014356430368420088,139.3681241697228,-0.00903221497562678,4.000569842336221,-34.97720805324152,-0.021801898530062043,-0.0008239324903726969,-1.6228621972358352
0.016666666666666666,23.43767333370146,-0.003775579190207367,150.53048082097803,0.5006163262228375,4.9254406150361545,-6.595090865953437,2.8737955596797136,7.510196999561695,-8.017436601695715
0.025,22.023443522200722,0.013336956669414712,155.2509129533622,0.19758794724774226,5.006928335255274,-36.03930899215634,-0.053916372238671136,-0.0008239324903726969,19.571527269251987
0.03333333333333333,22.023443522200722,0.013336956669414712,155.2509129533622,0.19758794724774226,5.006928335255274,-36.03930899215634,-0.053916372238671136,-0.0008239324903726969,19.571527269251987
0.041666666666666664,22.023443522200722,0.013336956669414712,155.2509129533622,0.19758794724774226,5.006928335255274,-36.03930899215634,-0.053916372238671136,-0.0008239324903726969,19.571527269251987
0.05,22.023443522200722,0.013336956669414712,155.2509129533622,0.19758794724774226,5.006928335255274,-36.03930899215634,-0.053916372238671136,-0.0008239324903726969,19.571527269251987
0.058333333333333334,22.023443522200722,-0.003775579190207367,155.2509129533622,0.19758794724774226,5.549629216501752,-36.03930899215634,-0.0603404540091526,-0.0008239324903726969,19.68088609711044
0.06666666666666667,22.023443522200722,0.013336956669414712,155.2509129533622,0.19758794724774226,5.006928335255274,-36.03930899215634,-0.053916372238671136,-0.0008239324903726969,19.571527269251987
0.075,22.023443522200722,0.013336956669414712,155.2509129533622,0.19758794724774226,5.006928335255274,-36.03930899215634,-0.053916372238671136,-0.0008239324903726969,19.571527269251987
0.08333333333333333,22.023443522200722,0.013336956669414712,155.2509129533622,0.19758794724774226,5.006928335255274,-36.03930899215634,-0.053916372238671136,-0.0008239324903726969,19.571527269251987
0.09166666666666666,22.023443522200722,0.013336956669414712,155.2509129533622,0.19758794724774226,5.006928335255274,-36.03930899215634,-0.053916372238671136,-0.0008239324903726969,19.571527269251987
0.1,22.023443522200722,0.013336956669414712,155.2509129533622,0.19758794724774226,5.174887710113452,-36.03930899215634,-0.0603404540091526,-0.0008239324903726969,19.571527269251987
0.10833333333333334,22.023443522200722,0.013336956669414712,155.2509129533622,0.19758794724774226,5.006928335255274,-36.03930899215634,-0.053916372238671136,-0.0008239324903726969,19.571527269251987
0.11666666666666667,22.023443522200722,0.013336956669414712,155.2509129533622,0.19758794724774226,5.006928335255274,-36.03930899215634,-0.053916372238671136,-0.0008239324903726969,19.571527269251987
0.125,22.023443522200722,0.013336956669414712,155.2509129533622,0.19758794724774226,5.043353644127125,-36.03930899215634,-0.053916372238671136,-0.0008239324903726969,19.571527269251987
0.13333333333333333,22.023443522200722,0.013336956669414712,155.2509129533622,0.19758794724774226,5.006928335255274,-36.03930899215634,-0.053916372238671136,-0.0008239324903726969,19.571527269251987
0.14166666666666666,22.023443522200722,0.013336956669414712,155.2509129533622,0.19758794724774226,5.006928335255274,-36.03930899215634,-0.053916372238671136,-0.0008239324903726969,19.571527269251987
0.15,22.023443522200722,0.013336956669414712,155.2509129533622,0.19758794724774226,5.006928335255274,-36.03930899215634,-0.053916372238671136,-0.0008239324903726969,19.571527269251987
0.15833333333333333,22.023443522200722,0.013336956669414712,155.2509129533622,0.19758794724774226,5.006928335255274,-36.03930899215634,-0.053916372238671136,-0.0008239324903726969,19.571527269251987
0.16666666666666666,22.023443522200722,0.013336956669414712,155.2509129533622,0.19758794724774226,5.174887710113452,-36.03930899215634,-0.0603404540091526,-0.0008239324903726969,19.571527269251987
0.175,22.023443522200722,0.013336956669414712,155.2509129533622,0.19758794724774226,5.043353644127125,-36.03930899215634,-0.053916372238671136,-0.0008239324903726969,19.571527269251987
0.18333333333333332,22.023443522200722,0.013336956669414712,155.2509129533622,0.19758794724774226,5.006928335255274,-36.03930899215634,-0.053916372238671136,-0.0008239324903726969,19.571527269251987
0.19166666666666668,22.023443522200722,0.013336956669414712,155.2509129533622,0.19758794724774226,5.174887710113452,-36.03930899215634,-0.0603404540091526,-0.0008239324903726969,19.571527269251987
0.2,22.023443522200722,0.013336956669414712,155.2509129533622,0.19758794724774226,5.006928335255274,-36.03930899215634,-0.053916372238671136,-0.0008239324903726969,19.571527269251987
0.20833333333333334,22.023443522200722,0.013336956669414712,155.2509129533622,0.19758794724774226,5.006928335255274,-36.03930899215634,-0.053916372238671136,-0.0008239324903726969,19.571527269251987
0.21666666666666667,22.023443522200722,0.013336956669414712,155.2509129533622,0.19758794724774226,5.006928335255274,-36.03930899215634,-0.053916372238671136,-0.0008239324903726969,19.571527269251987
0.225,22.023443522200722,0.013336956669414712,155.2509129533622,0.19758794724774226,5.006928335255274,-36.03930899215634,-0.053916372238671136,-0.0008239324903726969,19.571527269251987
0.23333333333333334,22.023443522200722,0.013336956669414712,155.2509129533622,0.19758794724774226,5.006928335255274,-36.03930899215634,-0.053916372238671136,-0.0008239324903726969,19.571527269251987
0.24166666666666667,22.023443522200722,0.013336956669414712,155.2509129533622,0.19758794724774226,5.006928335255274,-36.03930899215634,-0.053916372238671136,-0.0008239324903726969,19.571527269251987
0.25,22.023443522200722,0.013336956669414712,155.2509129533622,0.19758794724774226,5.174887710113452,-36.03930899215634,-0.0603404540091526,-0.0008239324903726969,19.571527269251987
0.25833333333333336,22.023443522200722,0.013336956669414712,155.2509129533622,0.19758794724774226,5.006928335255274,-36.03930899215634,-0.053916372238671136,-0.0008239324903726969,19.571527269251987
0.26666666666666666,22.023443522200722,0.013336956669414712,155.2509129533622,0.19758794724774226,5.006928335255274,-36.03930899215634,-0.053916372238671136,-0.0008239324903726969,19.571527269251987
0.275,22.023443522200722,0.013336956669414712,155.2509129533622,0.19758794724774226,5.006928335255274,-36.03930899215634,-0.053916372238671136,-0.0008239324903726969,19.571527269251987
0.2833333333333333,22.023443522200722,0.013336956669414712,155.2509129533622,0.19758794724774226,5.006928335255274,-36.03930899215634,-0.053916372238671136,-0.0008239324903726969,19.571527269251987
0.2916666666666667,22.023443522200722,0.013336956669414712,155.2509129533622,0.19758794724774226,5.006928335255274,-36.03930899215634,-0.053916372238671136,-0.0008239324903726969,19.571527269251987
0.3,22.023443522200722,-0.003775579190207367,155.2509129533622,0.19758794724774226,5.549629216501752,-36.03930899215634,-0.0603404540091526,-0.0008239324903726969,19.68088609711044
0.30833333333333335,22.023443522200722,0.013336956669414712,155.2509129533622,0.19758794724774226,5.006928335255274,-36.03930899215634,-0.053916372238671136,-0.0008239324903726969,19.571527269251987
0.31666666666666665,24.444308250554304,-0.003775579190207367,161.76462510660224,-0.08140048570960161,5.595209840536523,-7.1216053085351865,1.4025067597210104,-0.09332779816933102,-10.104898063950868
0.325,21.681158284468225,0.014356430368420088,139.3681241697228,-0.00903221497562678,4.000569842336221,-34.97720805324152,-0.021801898530062043,-0.0008239324903726969,-1.6228621972358352
0.3333333333333333,21.681158284468225,0.013336956669414712,137.9255678992551,-0.00903221497562678,4.160249317957118,-34.97720805324152,-0.021801898530062043,-0.0008239324903726969,-1.6228621972358352
0.3416666666666667,21.681158284468225,0.014356430368420088,139.3681241697228,-0.00903221497562678,4.000569842336221,-34.97720805324152,-0.021801898530062043,-0.0008239324903726969,-1.6228621972358352
0.35,21.681158284468225,0.014356430368420088,139.3681241697228,-0.00903221497562678,4.000569842336221,-34.97720805324152,-0.021801898530062043,-0.0008239324903726969,-1.6228621972358352
0.35833333333333334,21.681158284468225,0.014356430368420088,139.3681241697228,-0.00903221497562678,4.000569842336221,-34.97720805324152,-0.021801898530062043,-0.0008239324903726969,-1.6228621972358352
0.36666666666666664,21.681158284468225,0.014356430368420088,139.3681241697228,-0.00903221497562678,4.000569842336221,-34.97720805324152,-0.021801898530062043,-0.0008239324903726969,-1.6228621972358352
0.375,21.681158284468225,0.014356430368420088,139.3681241697228,-0.00903221497562678,4.000569842336221,-34.97720805324152,-0.021801898530062043,-0.0008239324903726969,-1.6228621972358352
0.38333333333333336,21.681158284468225,0.014356430368420088,137.9255678992551,-0.00903221497562678,4.160249317957118,-34.97720805324152,-0.021801898530062043,-0.0008239324903726969,-1.6228621972358352
0.39166666666666666,21.681158284468225,0.014356430368420088,139.3681241697228,-0.00903221497562678,4.000569842336221,-34.97720805324152,-0.021801898530062043,-0.0008239324903726969,-1.6228621972358352
0.4,21.681158284468225,0.014356430368420088,139.3681241697228,-0.00903221497562678,4.000569842336221,-34.97720805324152,-0.021801898530062043,-0.0008239324903726969,-1.6228621972358352
0.4083333333333333,21.681158284468225,0.014356430368420088,139.3681241697228,-0.00903221497562678,4.000569842336221,-34.97720805324152,-0.021801898530062043,-0.0008239324903726969,-1.6228621972358352
0.4166666666666667,21.681158284468225,0.014356430368420088,139.3681241697228,-0.00903221497562678,4.000569842336221,-34.97720805324152,-0.021801898530062043,-0.0008239324903726969,-1.6228621972358352
0.425,21.681158284468225,0.014356430368420088,139.3681241697228,-0.00903221497562678,4.000569842336221,-34.97720805324152,-0.021801898530062043,-0.0008239324903726969,-1.6228621972358352
0.43333333333333335,21.681158284468225,0.014356430368420088,139.3681241697228,-0.00903221497562678,4.000569842336221,-34.97720805324152,-0.021801898530062043,-0.0008239324903726969,-1.6228621972358352
0.44166666666666665,21.681158284468225,0.014356430368420088,137.9255678992551,-0.00903221497562678,4.160249317957118,-34.97720805324152,-0.021801898530062043,-0.0008239324903726969,-1.6228621972358352
0.45,21.681158284468225,0.014356430368420088,139.3681241697228,-0.00903221497562678,4.000569842336221,-34.97720805324152,-0.021801898530062043,-0.0008239324903726969,-1.6228621972358352
0.4583333333333333,21.681158284468225,0.014356430368420088,139.3681241697228,-0.00903221497562678,4.000569842336221,-34.97720805324152,-0.021801898530062043,-0.0008239324903726969,-1.6228621972358352
0.4666666666666667,21.681158284468225,0.014356430368420088,139.3681241697228,-0.00903221497562678,4.000569842336221,-34.97720805324152,-0.021801898530062043,-0.0008239324903726969,-1.6228621972358352
0.475,21.681158284468225,0.014356430368420088,139.3681241697228,-0.00903221497562678,4.000569842336221,-34.97720805324152,-0.021801898530062043,-0.0008239324903726969,-1.6228621972358352
0.48333333333333334,21.681158284468225,0.014356430368420088,139.3681241697228,-0.00903221497562678,4.000569842336221,-34.97720805324152,-0.021801898530062043,-0.0008239324903726969,-1.6228621972358352
0.49166666666666664,21.681158284468225,0.014356430368420088,139.3681241697228,-0.00903221497562678,4.028715251970791,-34.97720805324152,-0.021801898530062043,-0.0008239324903726969,-1.6228621972358352
0.5,21.681158284468225,0.014356430368420088,139.3681241697228,-0.00903221497562678,4.000569842336221,-34.97720805324152,-0.021801898530062043,-0.0008239324903726969,-1.6228621972358352
0.5083333333333333,21.681158284468225,0.014356430368420088,139.3681241697228,-0.00903221497562678,4.000569842336221,-34.97720805324152,-0.021801898530062043,-0.0008239324903726969,-1.6228621972358352
0.5166666666666667,21.681158284468225,0.014356430368420088,139.3681241697228,-0.00903221497562678,4.000569842336221,-34.97720805324152,-0.021801898530062043,-0.0008239324903726969,-1.6228621972358352
0.525,21.681158284468225,0.014356430368420088,139.3681241697228,-0.00903221497562678,4.000569842336221,-34.97720805324152,-0.021801898530062043,-0.0008239324903726969,-1.6228621972358352
0.5333333333333333,21.681158284468225,0.014356430368420088,139.3681241697228,-0.00903221497562678,4.000569842336221,-34.97720805324152,-0.021801898530062043,-0.0008239324903726969,-1.6228621972358352
0.5416666666666666,21.66200463206147,-0.003775579190207367,137.9255678992551,-0.00903221497562678,4.53499082434542,-34.97720805324152,-0.021801898530062043,-0.0008239324903726969,-1.6228621972358352
0.55,21.681158284468225,0.014356430368420088,137.9255678992551,-0.00903221497562678,4.160249317957118,-34.97720805324152,-0.021801898530062043,-0.0008239324903726969,-1.6228621972358352
0.5583333333333333,21.681158284468225,0.013336956669414712,137.9255678992551,-0.00903221497562678,4.160249317957118,-34.97720805324152,-0.021801898530062043,-0.0008239324903726969,-1.6228621972358352
0.5666666666666667,21.66200463206147,-0.003775579190207367,137.9255678992551,-0.00903221497562678,4.53499082434542,-34.97720805324152,-0.021801898530062043,-0.0008239324903726969,-1.6228621972358352
0.575,21.681158284468225,0.014356430368420088,139.3681241697228,-0.00903221497562678,4.000569842336221,-34.97720805324152,-0.021801898530062043,-0.0008239324903726969,-1.6228621972358352
0.5833333333333334,21.681158284468225,0.014356430368420088,139.3681241697228,-0.00903221497562678,4.000569842336221,-34.97720805324152,-0.021801898530062043,-0.0008239324903726969,-1.6228621972358352
0.5916666666666667,21.681158284468225,0.014356430368420088,139.3681241697228,-0.00903221497562678,4.000569842336221,-34.97720805324152,-0.021801898530062043,-0.0008239324903726969,-1.6228621972358352
0.6,21.681158284468225,0.014356430368420088,137.9255678992551,-0.00903221497562678,4.160249317957118,-34.97720805324152,-0.021801898530062043,-0.0008239324903726969,-1.6228621972358352
0.6083333333333333,21.681158284468225,0.014356430368420088,139.3681241697228,-0.00903221497562678,4.000569842336221,-34.97720805324152,-0.021801898530062043,-0.0008239324903726969,-1.6228621972358352
0.6166666666666667,21.681158284468225,0.014356430368420088,139.3681241697228,-0.00903221497562678,4.000569842336221,-34.97720805324152,-0.021801898530062043,-0.0008239324903726969,-1.6228621972358352
0.625,21.681158284468225,0.014356430368420088,139.3681241697228,-0.00903221497562678,4.000569842336221,-34.97720805324152,-0.021801898530062043,-0.0008239324903726969,-1.6228621972358352
0.6333333333333333,21.681158284468225,0.014356430368420088,139.3681241697228,-0.00903221497562678,4.000569842336221,-34.97720805324152,-0.021801898530062043,-0.0008239324903726969,-1.6228621972358352
0.6416666666666667,21.681158284468225,0.014356430368420088,139.3681241697228,-0.00903221497562678,4.000569842336221,-34.97720805324152,-0.021801898530062043,-0.0008239324903726969,-1.6228621972358352
0.65,21.681158284468225,0.013336956669414712,137.9255678992551,-0.00903221497562678,4.160249317957118,-34.97720805324152,-0.021801898530062043,-0.0008239324903726969,-1.6228621972358352
0.6583333333333333,21.681158284468225,0.014356430368420088,139.3681241697228,-0.00903221497562678,4.000569842336221,-34.97720805324152,-0.021801898530062043,-0.0008239324903726969,-1.6228621972358352
0.6666666666666666,21.681158284468225,0.014356430368420088,139.3681241697228,-0.00903221497562678,4.000569842336221,-34.97720805324152,-0.021801898530062043,-0.0008239324903726969,-1.6228621972358352
0.675,21.681158284468225,0.014356430368420088,139.3681241697228,-0.00903221497562678,4.000569842336221,-34.97720805324152,-0.021801898530062043,-0.0008239324903726969,-1.6228621972358352
0.6833333333333333,21.681158284468225,0.014356430368420088,139.3681241697228,-0.00903221497562678,4.000569842336221,-34.97720805324152,-0.021801898530062043,-0.0008239324903726969,-1.6228621972358352
0.6916666666666667,21.681158284468225,0.014356430368420088,137.9255678992551,-0.00903221497562678,4.160249317957118,-34.97720805324152,-0.021801898530062043,-0.0008239324903726969,-1.6228621972358352
0.7,21.681158284468225,0.014356430368420088,139.3681241697228,-0.00903221497562678,4.000569842336221,-34.97720805324152,-0.021801898530062043,-0.0008239324903726969,-1.6228621972358352
0.7083333333333334,21.681158284468225,0.014356430368420088,139.3681241697228,-0.00903221497562678,4.000569842336221,-34.97720805324152,-0.021801898530062043,-0.0008239324903726969,-1.6228621972358352
0.7166666666666667,21.681158284468225,0.014356430368420088,139.3681241697228,-0.00903221497562678,4.000569842336221,-34.97720805324152,-0.021801898530062043,-0.0008239324903726969,-1.6228621972358352
0.725,21.66200463206147,-0.003775579190207367,137.9255678992551,-0.00903221497562678,4.411178637941645,-34.97720805324152,-0.021801898530062043,-0.0008239324903726969,-1.6228621972358352
0.7333333333333333,24.31758262130028,18.41028356636684,94.80784460828279,-0.3015433588489809,4.0342448633766015,-6.4716973689254065,-3.7630541572458154,13.043374513434596,-0.566270979701614
0.7416666666666667,22.041778776740514,0.12793564893352857,231.90270651399425,-0.33317876787762757,3.9779846006128228,-34.89500853736856,9.6294100509393,0.007572765775169776,124.81238246351991
0.75,22.041778776740514,0.12793564893352857,231.90270651399425,-0.33317876787762757,3.9779846006128228,-34.89500853736856,9.6294100509393,0.007572765775169776,124.81238246351991
0.7583333333333333,22.041778776740514,-0.18342271159824441,231.90270651399425,-0.33317876787762757,3.9779846006128228,-34.89500853736856,9.6294100509393,0.007572765775169776,124.81238246351991
0.7666666666666667,22.041778776740514,0.12793564893352857,231.90270651399425,-0.33317876787762757,3.9779846006128228,-34.89500853736856,9.6294100509393,0.007572765775169776,124.81238246351991
0.775,22.041778776740514,-0.32490649422163076,231.90270651399425,-0.33317876787762757,4.137664076233716,-34.89500853736856,9.6294100509393,0.007572765775169776,124.81238246351991
0.7833333333333333,22.041778776740514,0.12793564893352857,231.90270651399425,-0.33317876787762757,3.9779846006128228,-34.89500853736856,9.6294100509393,0.007572765775169776,124.81238246351991
0.7916666666666666,22.041778776740514,-0.18342271159824441,231.90270651399425,-0.33317876787762757,4.006130010247389,-34.89500853736856,9.6294100509393,0.007572765775169776,124.81238246351991
0.8,22.041778776740514,-0.32490649422163076,231.90270651399425,-0.33317876787762757,4.137664076233716,-34.89500853736856,9.6294100509393,0.007572765775169776,124.81238246351991
0.8083333333333333,22.041778776740514,0.12793564893352857,231.90270651399425,-0.33317876787762757,3.9779846006128228,-34.89500853736856,9.6294100509393,0.007572765775169776,124.81238246351991
0.8166666666666667,22.041778776740514,0.12793564893352857,231.90270651399425,-0.33317876787762757,3.9779846006128228,-34.89500853736856,9.6294100509393,0.007572765775169776,124.81238246351991
0.825,22.041778776740514,0.12793564893352857,231.90270651399425,-0.33317876787762757,3.9779846006128228,-34.89500853736856,9.6294100509393,0.007572765775169776,124.81238246351991
0.8333333333333334,22.041778776740514,0.12793564893352857,231.90270651399425,-0.33317876787762757,3.9779846006128228,-34.89500853736856,9.6294100509393,0.007572765775169776,124.81238246351991
0.8416666666666667,22.041778776740514,-0.32490649422163076,231.90270651399425,-0.33317876787762757,4.596535892099076,-34.89500853736856,9.6294100509393,0.007572765775169776,124.81238246351991
0.85,22.041778776740514,0.12793564893352857,231.90270651399425,-0.33317876787762757,3.9779846006128228,-34.89500853736856,9.6294100509393,0.007572765775169776,124.81238246351991
0.8583333333333333,22.041778776740514,0.12793564893352857,231.90270651399425,-0.33317876787762757,3.9779846006128228,-34.89500853736856,9.6294100509393,0.007572765775169776,124.81238246351991
0.8666666666666667,22.041778776740514,-0.32490649422163076,231.90270651399425,-0.33317876787762757,4.137664076233716,-34.89500853736856,9.6294100509393,0.007572765775169776,124.81238246351991
0.875,22.041778776740514,-0.32490649422163076,231.90270651399425,-0.33317876787762757,4.388593396218243,-34.89500853736856,9.6294100509393,0.007572765775169776,124.81238246351991
0.8833333333333333,22.041778776740514,-0.32490649422163076,231.90270651399425,-0.33317876787762757,4.472723705695301,-34.89500853736856,9.6294100509393,0.007572765775169776,124.81238246351991
0.8916666666666667,22.041778776740514,-0.18342271159824441,231.90270651399425,-0.33317876787762757,4.030246722253926,-34.89500853736856,9.6294100509393,0.007572765775169776,124.81238246351991
0.9,22.041778776740514,-0.32490649422163076,231.90270651399425,-0.33317876787762757,4.472723705695301,-34.89500853736856,9.6294100509393,0.007572765775169776,124.81238246351991
0.9083333333333333,22.041778776740514,0.12793564893352857,231.90270651399425,-0.33317876787762757,3.9779846006128228,-34.89500853736856,9.6294100509393,0.007572765775169776,124.81238246351991
0.9166666666666666,22.041778776740514,0.12793564893352857,231.90270651399425,-0.33317876787762757,3.9779846006128228,-34.89500853736856,9.6294100509393,0.007572765775169776,124.81238246351991
0.925,22.041778776740514,-0.18342271159824441,231.90270651399425,-0.33317876787762757,3.9779846006128228,-34.89500853736856,9.6294100509393,0.007572765775169776,124.81238246351991
0.9333333333333333,22.041778776740514,-0.32490649422163076,231.90270651399425,-0.33317876787762757,4.137664076233716,-34.89500853736856,9.6294100509393,0.007572765775169776,124.81238246351991
0.9416666666666667,23.28469130019155,-0.3532534034735738,133.28288187319117,-0.3267919585526465,4.441384869950462,-7.230236844482033,-0.18177861158405229,-0.12199251026388153,-5.404932458882922
0.95,21.681158284468225,0.014356430368420088,139.3681241697228,-0.00903221497562678,4.000569842336221,-34.97720805324152,-0.021801898530062043,-0.0008239324903726969,-1.6228621972358352
0.9583333333333334,21.66200463206147,-0.003775579190207367,137.9255678992551,-0.00903221497562678,4.411178637941645,-34.97720805324152,-0.021801898530062043,-0.0008239324903726969,-1.6228621972358352
0.9666666666666667,25.062667823971466,-0.003775579190207367,142.02207471469774,0.48512850905508553,5.7530988258571245,-8.581398606792632,2.058735828709385,5.638152665673047,-7.725002274680622
0.975,22.023443522200722,0.013336956669414712,155.2509129533622,0.19758794724774226,5.006928335255274,-36.03930899215634,-0.053916372238671136,-0.0008239324903726969,19.571527269251987
0.9833333333333333,22.023443522200722,0.013336956669414712,155.2509129533622,0.19758794724774226,5.006928335255274,-36.03930899215634,-0.053916372238671136,-0.0008239324903726969,19.571527269251987
0.9916666666666667,22.023443522200722,0.013336956669414712,155.2509129533622,0.19758794724774226,5.006928335255274,-36.03930899215634,-0.053916372238671136,-0.0008239324903726969,19.571527269251987
1.0,22.023443522200722,0.013336956669414712,155.2509129533622,0.19758794724774226,5.174887710113452,-36.03930899215634,-0.0603404540091526,-0.0008239324903726969,19.571527269251987
1.0083333333333333,22.023443522200722,0.013336956669414712,155.2509129533622,0.19758794724774226,5.006928335255274,-36.03930899215634,-0.053916372238671136,-0.0008239324903726969,19.571527269251987
1.0166666666666666,22.023443522200722,0.013336956669414712,155.2509129533622,0.19758794724774226,5.006928335255274,-36.03930899215634,-0.053916372238671136,-0.0008239324903726969,19.571527269251987
1.025,22.023443522200722,0.013336956669414712,155.2509129533622,0.19758794724774226,5.006928335255274,-36.03930899215634,-0.053916372238671136,-0.0008239324903726969,19.571527269251987
1.0333333333333334,22.023443522200722,0.013336956669414712,155.2509129533622,0.19758794724774226,5.006928335255274,-36.03930899215634,-0.053916372238671136,-0.0008239324903726969,19.571527269251987
1.0416666666666667,22.023443522200722,0.013336956669414712,155.2509129533622,0.19758794724774226,5.006928335255274,-36.03930899215634,-0.053916372238671136,-0.0008239324903726969,19.571527269251987
1.05,22.023443522200722,-0.003775579190207367,155.2509129533622,0.19758794724774226,5.425817030097979,-36.03930899215634,-0.0603404540091526,-0.0008239324903726969,19.68088609711044
1.0583333333333333,22.023443522200722,-0.003775579190207367,155.2509129533622,0.19758794724774226,5.339070614670107,-36.03930899215634,-0.0603404540091526,-0.0008239324903726969,19.68088609711044
1.0666666666666667,22.023443522200722,0.013336956669414712,155.2509129533622,0.19758794724774226,5.174887710113452,-36.03930899215634,-0.0603404540091526,-0.0008239324903726969,19.571527269251987
1.075,22.023443522200722,0.013336956669414712,155.2509129533622,0.19758794724774226,5.006928335255274,-36.03930899215634,-0.053916372238671136,-0.0008239324903726969,19.571527269251987
1.0833333333333333,22.023443522200722,0.013336956669414712,155.2509129533622,0.19758794724774226,5.174887710113452,-36.03930899215634,-0.0603404540091526,-0.0008239324903726969,19.571527269251987
1.0916666666666666,22.023443522200722,0.013336956669414712,155.2509129533622,0.19758794724774226,5.006928335255274,-36.03930899215634,-0.053916372238671136,-0.0008239324903726969,19.571527269251987
1.1,22.023443522200722,0.013336956669414712,155.2509129533622,0.19758794724774226,5.006928335255274,-36.03930899215634,-0.053916372238671136,-0.0008239324903726969,19.571527269251987
1.1083333333333334,22.023443522200722,0.013336956669414712,155.2509129533622,0.19758794724774226,5.006928335255274,-36.03930899215634,-0.053916372238671136,-0.0008239324903726969,19.571527269251987
1.1166666666666667,22.023443522200722,0.013336956669414712,155.2509129533622,0.19758794724774226,5.006928335255274,-36.03930899215634,-0.053916372238671136,-0.0008239324903726969,19.571527269251987
1.125,22.023443522200722,0.013336956669414712,155.2509129533622,0.19758794724774226,5.174887710113452,-36.03930899215634,-0.0603404540091526,-0.0008239324903726969,19.571527269251987
1.1333333333333333,22.023443522200722,0.013336956669414712,155.2509129533622,0.19758794724774226,5.006928335255274,-36.03930899215634,-0.053916372238671136,-0.0008239324903726969,19.571527269251987
1.1416666666666666,22.023443522200722,0.013336956669414712,155.2509129533622,0.19758794724774226,5.174887710113452,-36.03930899215634,-0.0603404540091526,-0.0008239324903726969,19.571527269251987
1.15,22.023443522200722,0.013336956669414712,155.2509129533622,0.19758794724774226,5.006928335255274,-36.03930899215634,-0.053916372238671136,-0.0008239324903726969,19.571527269251987
1.1583333333333334,22.023443522200722,0.013336956669414712,155.2509129533622,0.19758794724774226,5.006928335255274,-36.03930899215634,-0.053916372238671136,-0.0008239324903726969,19.571527269251987
1.1666666666666667,22.023443522200722,0.013336956669414712,155.2509129533622,0.19758794724774226,5.006928335255274,-36.03930899215634,-0.053916372238671136,-0.0008239324903726969,19.571527269251987
1.175,22.023443522200722,0.013336956669414712,155.2509129533622,0.19758794724774226,5.174887710113452,-36.03930899215634,-0.053916372238671136,-0.0008239324903726969,19.571527269251987
1.1833333333333333,22.023443522200722,0.013336956669414712,155.2509129533622,0.19758794724774226,5.006928335255274,-36.03930899215634,-0.053916372238671136,-0.0008239324903726969,19.571527269251987
1.1916666666666667,22.023443522200722,0.013336956669414712,155.2509129533622,0.19758794724774226,5.006928335255274,-36.03930899215634,-0.053916372238671136,-0.0008239324903726969,19.571527269251987
1.2,22.023443522200722,0.013336956669414712,155.2509129533622,0.19758794724774226,5.174887710113452,-36.03930899215634,-0.0603404540091526,-0.0008239324903726969,19.571527269251987
1.2083333333333333,22.023443522200722,0.013336956669414712,155.2509129533622,0.19758794724774226,5.174887710113452,-36.03930899215634,-0.0603404540091526,-0.0008239324903726969,19.571527269251987
1.2166666666666666,22.023443522200722,0.013336956669414712,155.2509129533622,0.19758794724774226,5.006928335255274,-36.03930899215634,-0.053916372238671136,-0.0008239324903726969,19.571527269251987
1.225,22.023443522200722,-0.003775579190207367,155.2509129533622,0.19758794724774226,5.339070614670107,-36.03930899215634,-0.0603404540091526,-0.0008239324903726969,19.571527269251987
1.2333333333333334,22.567025769265765,-0.003775579190207367,134.95292054212717,-0.0425419338580562,4.890362248847713,-7.265882470666898,2.3425706673266444,-0.12199251026388153,-5.426873324930145
1.2416666666666667,21.681158284468225,0.014356430368420088,139.3681241697228,-0.00903221497562678,4.000569842336221,-34.97720805324152,-0.021801898530062043,-0.0008239324903726969,-1.6228621972358352
1.25,21.681158284468225,0.014356430368420088,139.3681241697228,-0.00903221497562678,4.000569842336221,-34.97720805324152,-0.021801898530062043,-0.0008239324903726969,-1.6228621972358352
1.2583333333333333,21.681158284468225,0.013336956669414712,137.9255678992551,-0.00903221497562678,4.160249317957118,-34.97720805324152,-0.021801898530062043,-0.0008239324903726969,-1.6228621972358352
1.2666666666666666,21.681158284468225,0.013336956669414712,137.9255678992551,-0.00903221497562678,4.160249317957118,-34.97720805324152,-0.021801898530062043,-0.0008239324903726969,-1.6228621972358352
1.275,21.681158284468225,0.014356430368420088,139.3681241697228,-0.00903221497562678,4.000569842336221,-34.97720805324152,-0.021801898530062043,-0.0008239324903726969,-1.6228621972358352
1.2833333333333334,21.66200463206147,-0.003775579190207367,137.9255678992551,-0.00903221497562678,4.53499082434542,-34.97720805324152,-0.021801898530062043,-0.0008239324903726969,-1.6228621972358352
1.2916666666666667,21.681158284468225,0.014356430368420088,139.3681241697228,-0.00903221497562678,4.000569842336221,-34.97720805324152,-0.021801898530062043,-0.0008239324903726969,-1.6228621972358352
1.3,21.17697697735398,-0.003775579190207367,137.9255678992551,-0.00903221497562678,4.53499082434542,-34.97720805324152,-0.021801898530062043,-0.0008239324903726969,-1.6228621972358352
1.3083333333333333,21.66200463206147,-0.003775579190207367,137.9255678992551,-0.00903221497562678,4.3244322225137735,-34.97720805324152,-0.021801898530062043,-0.0008239324903726969,-1.6228621972358352
1.3166666666666667,21.862156694135617,-0.003775579190207367,137.9255678992551,-0.00903221497562678,5.135631701593035,-34.97720805324152,-0.021801898530062043,-0.0008239324903726969,-1.6228621972358352
1.325,21.681158284468225,0.014356430368420088,139.3681241697228,-0.00903221497562678,4.160249317957118,-34.97720805324152,-0.021801898530062043,-0.0008239324903726969,-1.6228621972358352
1.3333333333333333,21.681158284468225,0.014356430368420088,139.3681241697228,-0.00903221497562678,4.000569842336221,-34.97720805324152,-0.021801898530062043,-0.0008239324903726969,-1.6228621972358352
1.3416666666666666,21.681158284468225,0.014356430368420088,139.3681241697228,-0.00903221497562678,4.000569842336221,-34.97720805324152,-0.021801898530062043,-0.0008239324903726969,-1.6228621972358352
1.35,21.681158284468225,0.014356430368420088,139.3681241697228,-0.00903221497562678,4.000569842336221,-34.97720805324152,-0.021801898530062043,-0.0008239324903726969,-1.6228621972358352
1.3583333333333334,21.681158284468225,0.014356430368420088,139.3681241697228,-0.00903221497562678,4.000569842336221,-34.97720805324152,-0.021801898530062043,-0.0008239324903726969,-1.6228621972358352
1.3666666666666667,21.681158284468225,0.014356430368420088,139.3681241697228,-0.00903221497562678,4.000569842336221,-34.97720805324152,-0.021801898530062043,-0.0008239324903726969,-1.6228621972358352
1.375,21.66200463206147,-0.003775579190207367,137.9255678992551,-0.00903221497562678,4.53499082434542,-34.97720805324152,-0.021801898530062043,-0.0008239324903726969,-1.6228621972358352
1.3833333333333333,21.66200463206147,-0.003775579190207367,137.9255678992551,-0.00903221497562678,4.53499082434542,-34.97720805324152,-0.021801898530062043,-0.0008239324903726969,-1.6228621972358352
1.3916666666666666,21.681158284468225,0.014356430368420088,139.3681241697228,-0.00903221497562678,4.000569842336221,-34.97720805324152,-0.021801898530062043,-0.0008239324903726969,-1.6228621972358352
1.4,21.681158284468225,0.014356430368420088,139.3681241697228,-0.00903221497562678,4.000569842336221,-34.97720805324152,-0.021801898530062043,-0.0008239324903726969,-1.6228621972358352
1.4083333333333334,21.66200463206147,-0.003775579190207367,137.9255678992551,-0.00903221497562678,4.3244322225137735,-34.97720805324152,-0.021801898530062043,-0.0008239324903726969,-1.6228621972358352
1.4166666666666667,21.681158284468225,0.014356430368420088,137.9255678992551,-0.00903221497562678,4.160249317957118,-34.97720805324152,-0.021801898530062043,-0.0008239324903726969,-1.6228621972358352
1.425,21.681158284468225,0.014356430368420088,139.3681241697228,-0.00903221497562678,4.000569842336221,-34.97720805324152,-0.021801898530062043,-0.0008239324903726969,-1.6228621972358352
1.4333333333333333,21.681158284468225,0.014356430368420088,139.3681241697228,-0.00903221497562678,4.000569842336221,-34.97720805324152,-0.021801898530062043,-0.0008239324903726969,-1.6228621972358352
1.4416666666666667,21.681158284468225,0.014356430368420088,139.3681241697228,-0.00903221497562678,4.000569842336221,-34.97720805324152,-0.021801898530062043,-0.0008239324903726969,-1.6228621972358352
1.45,21.681158284468225,0.014356430368420088,139.3681241697228,-0.00903221497562678,4.000569842336221,-34.97720805324152,-0.021801898530062043,-0.0008239324903726969,-1.6228621972358352
1.4583333333333333,21.681158284468225,0.014356430368420088,137.9255678992551,-0.00903221497562678,4.160249317957118,-34.97720805324152,-0.021801898530062043,-0.0008239324903726969,-1.6228621972358352
1.4666666666666666,21.681158284468225,0.014356430368420088,139.3681241697228,-0.00903221497562678,4.000569842336221,-34.97720805324152,-0.021801898530062043,-0.0008239324903726969,-1.6228621972358352
1.475,21.681158284468225,0.014356430368420088,139.3681241697228,-0.00903221497562678,4.000569842336221,-34.97720805324152,-0.021801898530062043,-0.0008239324903726969,-1.6228621972358352
1.4833333333333334,21.22332357832938,-0.003775579190207367,137.9255678992551,-0.00903221497562678,4.53499082434542,-34.97720805324152,-0.021801898530062043,-0.0008239324903726969,-1.6228621972358352
1.4916666666666667,21.22332357832938,-0.003775579190207367,137.9255678992551,-0.00903221497562678,4.53499082434542,-34.97720805324152,-0.021801898530062043,-0.0008239324903726969,-1.6228621972358352
1.5,21.681158284468225,0.014356430368420088,139.3681241697228,-0.00903221497562678,4.000569842336221,-34.97720805324152,-0.021801898530062043,-0.0008239324903726969,-1.6228621972358352
1.5083333333333333,21.681158284468225,0.014356430368420088,139.3681241697228,-0.00903221497562678,4.000569842336221,-34.97720805324152,-0.021801898530062043,-0.0008239324903726969,-1.6228621972358352
1.5166666666666666,21.681158284468225,0.014356430368420088,139.3681241697228,-0.00903221497562678,4.000569842336221,-34.97720805324152,-0.021801898530062043,-0.0008239324903726969,-1.6228621972358352
1.525,21.66200463206147,-0.003775579190207367,137.9255678992551,-0.00903221497562678,4.53499082434542,-34.97720805324152,-0.021801898530062043,-0.0008239324903726969,-1.6228621972358352
1.5333333333333334,21.681158284468225,0.014356430368420088,139.3681241697228,-0.00903221497562678,4.000569842336221,-34.97720805324152,-0.021801898530062043,-0.0008239324903726969,-1.6228621972358352
1.5416666666666667,21.681158284468225,0.013336956669414712,137.9255678992551,-0.00903221497562678,4.160249317957118,-34.97720805324152,-0.021801898530062043,-0.0008239324903726969,-1.6228621972358352
1.55,21.681158284468225,0.014356430368420088,139.3681241697228,-0.00903221497562678,4.000569842336221,-34.97720805324152,-0.021801898530062043,-0.0008239324903726969,-1.6228621972358352
1.5583333333333333,21.681158284468225,0.014356430368420088,139.3681241697228,-0.00903221497562678,4.000569842336221,-34.97720805324152,-0.021801898530062043,-0.0008239324903726969,-1.6228621972358352
1.5666666666666667,22.041867399533235,0.0010522740260284402,140.35007823096242,-0.009493133362821057,6.24493559712317,-33.896473935524575,-0.021801898530062043,-0.0008239324903726969,-1.6228621972358352
1.575,21.681158284468225,0.014356430368420088,137.9255678992551,-0.00903221497562678,4.07524170496403,-34.97720805324152,-0.021801898530062043,-0.0008239324903726969,-1.6228621972358352
1.5833333333333333,21.681158284468225,0.014356430368420088,139.3681241697228,-0.00903221497562678,4.000569842336221,-34.97720805324152,-0.021801898530062043,-0.0008239324903726969,-1.6228621972358352
1.5916666666666666,21.681158284468225,0.014356430368420088,139.3681241697228,-0.00903221497562678,4.000569842336221,-34.97720805324152,-0.021801898530062043,-0.0008239324903726969,-1.6228621972358352
1.6,21.66200463206147,0.013336956669414712,137.9255678992551,-0.00903221497562678,4.207251294535754,-34.97720805324152,-0.021801898530062043,-0.0008239324903726969,-1.6228621972358352
1.6083333333333334,21.681158284468225,0.013336956669414712,137.9255678992551,-0.00903221497562678,4.160249317957118,-34.97720805324152,-0.021801898530062043,-0.0008239324903726969,-1.6228621972358352
1.6166666666666667,25.045844566325858,-0.003775579190207367,156.23868082469633,0.48257482212683633,5.7530988258571245,-8.581398606792632,2.225808371102021,5.638152665673047,-5.820453510845425
1.625,22.023443522200722,0.013336956669414712,155.2509129533622,0.19758794724774226,5.006928335255274,-36.03930899215634,-0.053916372238671136,-0.0008239324903726969,19.571527269251987
1.6333333333333333,22.023443522200722,0.013336956669414712,155.2509129533622,0.19758794724774226,5.006928335255274,-36.03930899215634,-0.053916372238671136,-0.0008239324903726969,19.571527269251987
1.6416666666666666,22.023443522200722,-0.003775579190207367,155.2509129533622,0.19758794724774226,5.549629216501752,-36.03930899215634,-0.0603404540091526,-0.0008239324903726969,19.68088609711044
1.65,22.023443522200722,0.013336956669414712,155.2509129533622,0.19758794724774226,5.006928335255274,-36.03930899215634,-0.053916372238671136,-0.0008239324903726969,19.571527269251987
1.6583333333333334,22.023443522200722,0.013336956669414712,155.2509129533622,0.19758794724774226,5.174887710113452,-36.03930899215634,-0.0603404540091526,-0.0008239324903726969,19.571527269251987
1.6666666666666667,22.023443522200722,-0.003775579190207367,155.2509129533622,0.19758794724774226,5.425817030097979,-36.03930899215634,-0.0603404540091526,-0.0008239324903726969,19.68088609711044
1.675,22.023443522200722,0.013336956669414712,155.2509129533622,0.19758794724774226,5.006928335255274,-36.03930899215634,-0.053916372238671136,-0.0008239324903726969,19.571527269251987
1.6833333333333333,22.023443522200722,0.013336956669414712,155.2509129533622,0.19758794724774226,5.006928335255274,-36.03930899215634,-0.053916372238671136,-0.0008239324903726969,19.571527269251987
1.6916666666666667,22.023443522200722,0.013336956669414712,155.2509129533622,0.19758794724774226,5.006928335255274,-36.03930899215634,-0.053916372238671136,-0.0008239324903726969,19.571527269251987
1.7,22.023443522200722,-0.003775579190207367,155.2509129533622,0.19758794724774226,5.549629216501752,-36.03930899215634,-0.0603404540091526,-0.0008239324903726969,19.68088609711044
1.7083333333333333,22.023443522200722,-0.003775579190207367,155.2509129533622,0.19758794724774226,5.425817030097979,-36.03930899215634,-0.0603404540091526,-0.0008239324903726969,19.68088609711044
1.7166666666666666,22.023443522200722,-0.003775579190207367,155.2509129533622,0.19758794724774226,5.425817030097979,-36.03930899215634,-0.0603404540091526,-0.0008239324903726969,19.68088609711044
1.725,22.023443522200722,-0.003775579190207367,155.2509129533622,0.19758794724774226,5.549629216501752,-36.03930899215634,-0.0603404540091526,-0.0008239324903726969,19.68088609711044
1.7333333333333334,22.023443522200722,0.013336956669414712,155.2509129533622,0.19758794724774226,5.006928335255274,-36.03930899215634,-0.053916372238671136,-0.0008239324903726969,19.571527269251987
1.7416666666666667,22.023443522200722,-0.003775579190207367,155.2509129533622,0.19758794724774226,5.549629216501752,-36.03930899215634,-0.0603404540091526,-0.0008239324903726969,19.68088609711044
1.75,22.023443522200722,-0.003775579190207367,155.2509129533622,0.19758794724774226,5.549629216501752,-36.03930899215634,-0.0603404540091526,-0.0008239324903726969,19.68088609711044
1.7583333333333333,22.023443522200722,-0.003775579190207367,155.2509129533622,0.19758794724774226,5.425817030097979,-36.03930899215634,-0.0603404540091526,-0.0008239324903726969,19.68088609711044
1.7666666666666666,22.023443522200722,0.013336956669414712,155.2509129533622,0.19758794724774226,5.006928335255274,-36.03930899215634,-0.053916372238671136,-0.0008239324903726969,19.571527269251987
1.775,22.023443522200722,0.013336956669414712,155.2509129533622,0.19758794724774226,5.006928335255274,-36.03930899215634,-0.053916372238671136,-0.0008239324903726969,19.571527269251987
1.7833333333333334,22.023443522200722,-0.003775579190207367,155.2509129533622,0.19758794724774226,5.549629216501752,-36.03930899215634,-0.0603404540091526,-0.0008239324903726969,19.68088609711044
1.7916666666666667,22.023443522200722,-0.003775579190207367,155.2509129533622,0.19758794724774226,5.339070614670107,-36.03930899215634,-0.0603404540091526,-0.0008239324903726969,19.571527269251987
1.8,22.023443522200722,0.013336956669414712,155.2509129533622,0.19758794724774226,5.006928335255274,-36.03930899215634,-0.053916372238671136,-0.0008239324903726969,19.571527269251987
1.8083333333333333,22.023443522200722,-0.003775579190207367,155.2509129533622,0.19758794724774226,5.549629216501752,-36.03930899215634,-0.0603404540091526,-0.0008239324903726969,19.68088609711044
1.8166666666666667,22.023443522200722,0.013336956669414712,155.2509129533622,0.19758794724774226,5.006928335255274,-36.03930899215634,-0.053916372238671136,-0.0008239324903726969,19.571527269251987
1.825,24.417516075416213,-0.003775579190207367,134.29035019885475,0.13923970888459963,5.595209840536523,-7.1216053085351865,1.1710050826626808,-0.1272636355151565,-8.827495175549306
1.8333333333333333,21.66200463206147,-0.003775579190207367,137.9255678992551,-0.00903221497562678,4.411178637941645,-34.97720805324152,-0.021801898530062043,-0.0008239324903726969,-1.6228621972358352
1.8416666666666666,21.681158284468225,0.014356430368420088,137.9255678992551,-0.00903221497562678,4.160249317957118,-34.97720805324152,-0.021801898530062043,-0.0008239324903726969,-1.6228621972358352
1.85,21.681158284468225,0.014356430368420088,139.3681241697228,-0.00903221497562678,4.000569842336221,-34.97720805324152,-0.021801898530062043,-0.0008239324903726969,-1.6228621972358352
1.8583333333333334,21.66200463206147,-0.003775579190207367,137.9255678992551,-0.00903221497562678,4.53499082434542,-34.97720805324152,-0.021801898530062043,-0.0008239324903726969,-1.6228621972358352
1.8666666666666667,21.66200463206147,-0.003775579190207367,137.9255678992551,-0.00903221497562678,4.3244322225137735,-34.97720805324152,-0.021801898530062043,-0.0008239324903726969,-1.6228621972358352
1.875,21.66200463206147,-0.003775579190207367,137.9255678992551,-0.00903221497562678,4.53499082434542,-34.97720805324152,-0.021801898530062043,-0.0008239324903726969,-1.6228621972358352
1.8833333333333333,21.681158284468225,0.014356430368420088,139.3681241697228,-0.00903221497562678,4.000569842336221,-34.97720805324152,-0.021801898530062043,-0.0008239324903726969,-1.6228621972358352
1.8916666666666666,21.22332357832938,-0.003775579190207367,137.9255678992551,-0.00903221497562678,4.53499082434542,-34.97720805324152,-0.021801898530062043,-0.0008239324903726969,-1.6228621972358352
1.9,21.66200463206147,-0.003775579190207367,137.9255678992551,-0.00903221497562678,4.53499082434542,-34.97720805324152,-0.021801898530062043,-0.0008239324903726969,-1.6228621972358352
1.9083333333333334,21.681158284468225,0.014356430368420088,139.3681241697228,-0.00903221497562678,4.000569842336221,-34.97720805324152,-0.021801898530062043,-0.0008239324903726969,-1.6228621972358352
1.9166666666666667,21.681158284468225,0.014356430368420088,139.3681241697228,-0.00903221497562678,4.000569842336221,-34.97720805324152,-0.021801898530062043,-0.0008239324903726969,-1.6228621972358352
1.925,21.66200463206147,-0.003775579190207367,137.9255678992551,-0.00903221497562678,4.53499082434542,-34.97720805324152,-0.021801898530062043,-0.0008239324903726969,-1.6228621972358352
1.9333333333333333,21.681158284468225,0.014356430368420088,139.3681241697228,-0.00903221497562678,4.000569842336221,-34.97720805324152,-0.021801898530062043,-0.0008239324903726969,-1.6228621972358352
1.9416666666666667,21.681158284468225,0.014356430368420088,139.3681241697228,-0.00903221497562678,4.000569842336221,-34.97720805324152,-0.021801898530062043,-0.0008239324903726969,-1.6228621972358352
1.95,21.123900476960518,-0.003775579190207367,137.9255678992551,-0.00903221497562678,3.7867957411531257,-34.97720805324152,-0.021801898530062043,-0.0008239324903726969,-1.6228621972358352
1.9583333333333333,21.681158284468225,0.014356430368420088,139.3681241697228,-0.00903221497562678,4.000569842336221,-34.97720805324152,-0.021801898530062043,-0.0008239324903726969,-1.6228621972358352
1.9666666666666666,21.681158284468225,0.014356430368420088,137.9255678992551,-0.00903221497562678,4.160249317957118,-34.97720805324152,-0.021801898530062043,-0.0008239324903726969,-1.6228621972358352
1.975,21.66200463206147,-0.003775579190207367,137.9255678992551,-0.00903221497562678,4.3244322225137735,-34.97720805324152,-0.021801898530062043,-0.0008239324903726969,-1.6228621972358352
1.9833333333333334,21.681158284468225,0.014356430368420088,137.9255678992551,-0.00903221497562678,4.052831963977328,-34.97720805324152,-0.021801898530062043,-0.0008239324903726969,-1.6228621972358352
1.9916666666666667,21.66200463206147,-0.003775579190207367,137.9255678992551,-0.00903221497562678,4.53499082434542,-34.97720805324152,-0.021801898530062043,-0.0008239324903726969,-1.6228621972358352
2.0,21.681158284468225,0.014356430368420088,139.3681241697228,-0.00903221497562678,4.000569842336221,-34.97720805324152,-0.021801898530062043,-0.0008239324903726969,-1.6228621972358352
2.0083333333333333,21.681158284468225,0.014356430368420088,139.3681241697228,-0.00903221497562678,4.000569842336221,-34.97720805324152,-0.021801898530062043,-0.0008239324903726969,-1.6228621972358352
2.0166666666666666,21.66200463206147,-0.003775579190207367,137.9255678992551,-0.00903221497562678,4.3244322225137735,-34.97720805324152,-0.021801898530062043,-0.0008239324903726969,-1.6228621972358352
2.025,21.681158284468225,0.014356430368420088,139.3681241697228,-0.00903221497562678,4.000569842336221,-34.97720805324152,-0.021801898530062043,-0.0008239324903726969,-1.6228621972358352
2.033333333333333,21.681158284468225,0.014356430368420088,139.3681241697228,-0.00903221497562678,4.000569842336221,-34.97720805324152,-0.021801898530062043,-0.0008239324903726969,-1.6228621972358352
2.0416666666666665,21.681158284468225,0.014356430368420088,139.3681241697228,-0.00903221497562678,4.000569842336221,-34.97720805324152,-0.021801898530062043,-0.0008239324903726969,-1.6228621972358352
2.05,21.908503295111018,-0.003775579190207367,137.9255678992551,-0.00903221497562678,5.40636522527056,-34.97720805324152,-0.021801898530062043,-0.0008239324903726969,-1.6228621972358352
2.058333333333333,21.22332357832938,-0.003775579190207367,137.9255678992551,-0.00903221497562678,4.53499082434542,-34.97720805324152,-0.021801898530062043,-0.0008239324903726969,-1.6228621972358352
2.066666666666667,21.681158284468225,0.014356430368420088,139.3681241697228,-0.00903221497562678,4.000569842336221,-34.97720805324152,-0.021801898530062043,-0.0008239324903726969,-1.6228621972358352
2.075,21.681158284468225,0.013336956669414712,137.9255678992551,-0.00903221497562678,4.160249317957118,-34.97720805324152,-0.021801898530062043,-0.0008239324903726969,-1.6228621972358352
2.0833333333333335,21.681158284468225,0.014356430368420088,139.3681241697228,-0.00903221497562678,4.052831963977328,-34.97720805324152,-0.021801898530062043,-0.0008239324903726969,-1.6228621972358352
2.091666666666667,22.041867399533235,-0.003775579190207367,139.3681241697228,-0.009493133362821057,6.7614443359389105,-33.7173184373039,-0.021801898530062043,-0.0008239324903726969,-1.6353803450047666
2.1,21.681158284468225,0.014356430368420088,139.3681241697228,-0.00903221497562678,4.000569842336221,-34.97720805324152,-0.021801898530062043,-0.0008239324903726969,-1.6228621972358352
2.1083333333333334,21.66200463206147,-0.003775579190207367,137.9255678992551,-0.00903221497562678,4.3244322225137735,-34.97720805324152,-0.021801898530062043,-0.0008239324903726969,-1.6228621972358352
2.1166666666666667,21.681158284468225,0.014356430368420088,139.3681241697228,-0.00903221497562678,4.000569842336221,-34.97720805324152,-0.021801898530062043,-0.0008239324903726969,-1.6228621972358352
2.125,21.933572834261025,-0.003775579190207367,137.9255678992551,-0.00903221497562678,4.658170142078264,-34.97720805324152,-0.021801898530062043,-0.0008239324903726969,-1.6228621972358352
2.1333333333333333,21.681158284468225,0.014356430368420088,139.3681241697228,-0.00903221497562678,4.000569842336221,-34.97720805324152,-0.021801898530062043,-0.0008239324903726969,-1.6228621972358352
2.1416666666666666,21.22332357832938,-0.003775579190207367,137.9255678992551,-0.00903221497562678,4.53499082434542,-34.97720805324152,-0.021801898530062043,-0.0008239324903726969,-1.6228621972358352
2.15,21.681158284468225,0.014356430368420088,137.9255678992551,-0.00903221497562678,4.160249317957118,-34.97720805324152,-0.021801898530062043,-0.0008239324903726969,-1.6228621972358352
2.158333333333333,21.681158284468225,0.014356430368420088,137.9255678992551,-0.00903221497562678,4.160249317957118,-34.97720805324152,-0.021801898530062043,-0.0008239324903726969,-1.6228621972358352
2.1666666666666665,21.681158284468225,0.014356430368420088,139.3681241697228,-0.00903221497562678,4.000569842336221,-34.97720805324152,-0.021801898530062043,-0.0008239324903726969,-1.6228621972358352
2.175,21.681158284468225,0.014356430368420088,139.3681241697228,-0.00903221497562678,4.000569842336221,-34.97720805324152,-0.021801898530062043,-0.0008239324903726969,-1.6228621972358352
2.183333333333333,21.22332357832938,-0.003775579190207367,136.76553734710274,-0.00903221497562678,4.411178637941645,-34.97720805324152,-0.021801898530062043,-0.0008239324903726969,-3.390127975472068
2.191666666666667,21.66200463206147,-0.003775579190207367,137.9255678992551,-0.00903221497562678,4.3244322225137735,-34.97720805324152,-0.021801898530062043,-0.0008239324903726969,-1.6228621972358352
2.2,21.66200463206147,-0.003775579190207367,137.9255678992551,-0.00903221497562678,4.411178637941645,-34.97720805324152,-0.021801898530062043,-0.0008239324903726969,-1.6228621972358352
2.2083333333333335,21.681158284468225,0.014356430368420088,139.3681241697228,-0.00903221497562678,4.000569842336221,-34.97720805324152,-0.021801898530062043,-0.0008239324903726969,-1.6228621972358352
2.216666666666667,21.681158284468225,0.014356430368420088,139.3681241697228,-0.00903221497562678,4.052831963977328,-34.97720805324152,-0.021801898530062043,-0.0008239324903726969,-1.6228621972358352
2.225,21.66200463206147,-0.003775579190207367,137.9255678992551,-0.00903221497562678,4.3244322225137735,-34.97720805324152,-0.021801898530062043,-0.0008239324903726969,-1.6228621972358352
2.2333333333333334,21.681158284468225,0.014356430368420088,139.3681241697228,-0.00903221497562678,4.000569842336221,-34.97720805324152,-0.021801898530062043,-0.0008239324903726969,-1.6228621972358352
2.2416666666666667,21.66200463206147,-0.003775579190207367,137.9255678992551,-0.00903221497562678,4.3244322225137735,-34.97720805324152,-0.021801898530062043,-0.0008239324903726969,-1.6228621972358352
2.25,21.681158284468225,0.013336956669414712,137.9255678992551,-0.00903221497562678,4.160249317957118,-34.97720805324152,-0.021801898530062043,-0.0008239324903726969,-1.6228621972358352
2.2583333333333333,21.681158284468225,0.014356430368420088,139.3681241697228,-0.00903221497562678,4.000569842336221,-34.97720805324152,-0.021801898530062043,-0.0008239324903726969,-1.6228621972358352
2.2666666666666666,21.66200463206147,-0.003775579190207367,137.9255678992551,-0.00903221497562678,4.53499082434542,-34.97720805324152,-0.021801898530062043,-0.0008239324903726969,-1.6228621972358352
2.275,21.22332357832938,-0.003775579190207367,137.9255678992551,-0.00903221497562678,4.53499082434542,-34.97720805324152,-0.021801898530062043,-0.0008239324903726969,-1.6228621972358352
2.283333333333333,21.17697697735398,-0.003775579190207367,137.9255678992551,-0.00903221497562678,4.53499082434542,-34.97720805324152,-0.021801898530062043,-0.0008239324903726969,-1.6228621972358352
2.2916666666666665,21.22332357832938,-0.003775579190207367,137.9255678992551,-0.00903221497562678,4.53499082434542,-34.97720805324152,-0.021801898530062043,-0.0008239324903726969,-1.6228621972358352
2.3,21.681158284468225,0.014356430368420088,139.3681241697228,-0.00903221497562678,4.000569842336221,-34.97720805324152,-0.021801898530062043,-0.0008239324903726969,-1.6228621972358352
2.308333333333333,21.681158284468225,0.014356430368420088,139.3681241697228,-0.00903221497562678,4.000569842336221,-34.97720805324152,-0.021801898530062043,-0.0008239324903726969,-1.6228621972358352
2.316666666666667,23.471352865506788,-0.003775579190207367,134.2367338395298,0.6646527461202801,5.8544449577273685,-6.739368028085146,1.9607647612983938,7.326073099024133,6.97856892920209
2.325,22.023443522200722,0.013336956669414712,155.2509129533622,0.19758794724774226,5.006928335255274,-36.03930899215634,-0.053916372238671136,-0.0008239324903726969,19.571527269251987
2.3333333333333335,22.023443522200722,-0.003775579190207367,155.2509129533622,0.19758794724774226,5.549629216501752,-36.03930899215634,-0.0603404540091526,-0.0008239324903726969,19.68088609711044
2.341666666666667,22.023443522200722,0.013336956669414712,155.2509129533622,0.19758794724774226,5.174887710113452,-36.03930899215634,-0.0603404540091526,-0.0008239324903726969,19.571527269251987
2.35,22.023443522200722,0.013336956669414712,155.2509129533622,0.19758794724774226,5.043353644127125,-36.03930899215634,-0.053916372238671136,-0.0008239324903726969,19.571527269251987
2.3583333333333334,22.023443522200722,0.013336956669414712,155.2509129533622,0.19758794724774226,5.174887710113452,-36.03930899215634,-0.0603404540091526,-0.0008239324903726969,19.571527269251987
2.3666666666666667,22.023443522200722,-0.003775579190207367,155.2509129533622,0.19758794724774226,5.549629216501752,-36.03930899215634,-0.0603404540091526,-0.0008239324903726969,19.68088609711044
2.375,22.023443522200722,0.013336956669414712,155.2509129533622,0.19758794724774226,5.006928335255274,-36.03930899215634,-0.053916372238671136,-0.0008239324903726969,19.571527269251987
2.3833333333333333,22.023443522200722,0.013336956669414712,155.2509129533622,0.19758794724774226,5.006928335255274,-36.03930899215634,-0.053916372238671136,-0.0008239324903726969,19.571527269251987
2.3916666666666666,22.023443522200722,0.013336956669414712,155.2509129533622,0.19758794724774226,5.006928335255274,-36.03930899215634,-0.053916372238671136,-0.0008239324903726969,19.571527269251987
2.4,22.023443522200722,-0.003775579190207367,155.2509129533622,0.19758794724774226,5.549629216501752,-36.03930899215634,-0.0603404540091526,-0.0008239324903726969,19.68088609711044
2.408333333333333,22.023443522200722,0.013336956669414712,155.2509129533622,0.19758794724774226,5.174887710113452,-36.03930899215634,-0.0603404540091526,-0.0008239324903726969,19.571527269251987
2.4166666666666665,22.023443522200722,-0.003775579190207367,155.2509129533622,0.19758794724774226,5.339070614670107,-36.03930899215634,-0.0603404540091526,-0.0008239324903726969,19.571527269251987
2.425,22.023443522200722,0.013336956669414712,155.2509129533622,0.19758794724774226,5.174887710113452,-36.03930899215634,-0.0603404540091526,-0.0008239324903726969,19.571527269251987
2.433333333333333,22.023443522200722,-0.003775579190207367,155.2509129533622,0.19758794724774226,5.549629216501752,-36.03930899215634,-0.0603404540091526,-0.0008239324903726969,19.68088609711044
2.441666666666667,22.023443522200722,0.013336956669414712,155.2509129533622,0.19758794724774226,5.006928335255274,-36.03930899215634,-0.053916372238671136,-0.0008239324903726969,19.571527269251987
2.45,22.023443522200722,0.013336956669414712,155.2509129533622,0.19758794724774226,5.174887710113452,-36.03930899215634,-0.053916372238671136,-0.0008239324903726969,19.571527269251987
2.4583333333333335,22.023443522200722,-0.003775579190207367,155.2509129533622,0.19758794724774226,5.549629216501752,-36.03930899215634,-0.0603404540091526,-0.0008239324903726969,19.68088609711044
2.466666666666667,22.023443522200722,-0.003775579190207367,155.2509129533622,0.19758794724774226,5.549629216501752,-36.03930899215634,-0.0603404540091526,-0.0008239324903726969,19.68088609711044
2.475,22.023443522200722,0.013336956669414712,155.2509129533622,0.19758794724774226,5.174887710113452,-36.03930899215634,-0.0603404540091526,-0.0008239324903726969,19.571527269251987
2.4833333333333334,22.023443522200722,0.013336956669414712,155.2509129533622,0.19758794724774226,5.006928335255274,-36.03930899215634,-0.053916372238671136,-0.0008239324903726969,19.571527269251987
2.4916666666666667,22.023443522200722,-0.003775579190207367,155.2509129533622,0.19758794724774226,5.549629216501752,-36.03930899215634,-0.0603404540091526,-0.0008239324903726969,19.68088609711044
2.5,22.023443522200722,-0.003775579190207367,103.90612318491192,0.19758794724774226,5.549629216501752,-36.03930899215634,-0.0603404540091526,-0.0008239324903726969,29.43435418361705
2.5083333333333333,22.023443522200722,0.013336956669414712,155.2509129533622,0.19758794724774226,5.006928335255274,-36.03930899215634,-0.053916372238671136,-0.0008239324903726969,19.571527269251987
2.5166666666666666,22.023443522200722,-0.003775579190207367,155.2509129533622,0.19758794724774226,5.339070614670107,-36.03930899215634,-0.0603404540091526,-0.0008239324903726969,19.571527269251987
2.525,22.023443522200722,0.013336956669414712,155.2509129533622,0.19758794724774226,5.174887710113452,-36.03930899215634,-0.0603404540091526,-0.0008239324903726969,19.571527269251987
2.533333333333333,22.023443522200722,-0.003775579190207367,155.2509129533622,0.19758794724774226,5.549629216501752,-36.03930899215634,-0.0603404540091526,-0.0008239324903726969,19.68088609711044
2.5416666666666665,22.023443522200722,0.013336956669414712,155.2509129533622,0.19758794724774226,5.089880097120364,-36.03930899215634,-0.0603404540091526,-0.0008239324903726969,19.68088609711044
2.55,22.023443522200722,-0.003775579190207367,155.2509129533622,0.19758794724774226,5.549629216501752,-36.03930899215634,-0.0603404540091526,-0.0008239324903726969,19.68088609711044
2.558333333333333,22.023443522200722,0.013336956669414712,155.2509129533622,0.19758794724774226,5.089880097120364,-36.03930899215634,-0.0603404540091526,-0.0008239324903726969,19.571527269251987
2.566666666666667,22.023443522200722,-0.003775579190207367,155.2509129533622,0.19758794724774226,5.425817030097979,-36.03930899215634,-0.0603404540091526,-0.0008239324903726969,19.68088609711044
2.575,22.023443522200722,-0.003775579190207367,155.2509129533622,0.19758794724774226,5.339070614670107,-36.03930899215634,-0.0603404540091526,-0.0008239324903726969,19.571527269251987
2.5833333333333335,22.023443522200722,-0.003775579190207367,155.2509129533622,0.19758794724774226,5.425817030097979,-36.03930899215634,-0.0603404540091526,-0.0008239324903726969,19.68088609711044
2.591666666666667,22.023443522200722,0.013336956669414712,155.2509129533622,0.19758794724774226,5.006928335255274,-36.03930899215634,-0.053916372238671136,-0.0008239324903726969,19.571527269251987
2.6,24.399727496431264,-0.003775579190207367,150.641218832187,0.13923970888459963,5.794856225757428,-7.1216053085351865,1.2354342173283746,-0.09332779816933102,-9.470570293564935
2.6083333333333334,21.17697697735398,-0.003775579190207367,136.76553734710274,-0.00903221497562678,4.53499082434542,-34.97720805324152,-0.021801898530062043,-0.0008239324903726969,-3.390127975472068
2.6166666666666667,21.66200463206147,-0.003775579190207367,137.9255678992551,-0.00903221497562678,4.53499082434542,-34.97720805324152,-0.021801898530062043,-0.0008239324903726969,-1.6228621972358352
2.625,21.681158284468225,0.014356430368420088,139.3681241697228,-0.00903221497562678,4.000569842336221,-34.97720805324152,-0.021801898530062043,-0.0008239324903726969,-1.6228621972358352
2.6333333333333333,21.17697697735398,-0.003775579190207367,137.9255678992551,-0.00903221497562678,4.53499082434542,-34.97720805324152,-0.021801898530062043,-0.0008239324903726969,-1.6228621972358352
2.6416666666666666,21.66200463206147,-0.003775579190207367,137.9255678992551,-0.00903221497562678,4.3244322225137735,-34.97720805324152,-0.021801898530062043,-0.0008239324903726969,-1.6228621972358352
2.65,21.22332357832938,-0.003775579190207367,137.9255678992551,-0.00903221497562678,4.53499082434542,-34.97720805324152,-0.021801898530062043,-0.0008239324903726969,-1.6228621972358352
2.658333333333333,21.22332357832938,-0.003775579190207367,137.9255678992551,-0.00903221497562678,4.53499082434542,-34.97720805324152,-0.021801898530062043,-0.0008239324903726969,-1.6228621972358352
2.6666666666666665,21.681158284468225,0.013336956669414712,137.9255678992551,-0.00903221497562678,4.160249317957118,-34.97720805324152,-0.021801898530062043,-0.0008239324903726969,-1.6228621972358352
2.675,21.681158284468225,0.014356430368420088,139.3681241697228,-0.00903221497562678,4.000569842336221,-34.97720805324152,-0.021801898530062043,-0.0008239324903726969,-1.6228621972358352
2.683333333333333,21.66200463206147,-0.003775579190207367,137.9255678992551,-0.00903221497562678,4.3244322225137735,-34.97720805324152,-0.021801898530062043,-0.0008239324903726969,-1.6228621972358352
2.691666666666667,21.66200463206147,-0.003775579190207367,137.9255678992551,-0.00903221497562678,4.53499082434542,-34.97720805324152,-0.021801898530062043,-0.0008239324903726969,-1.6228621972358352
2.7,21.66200463206147,-0.003775579190207367,137.9255678992551,-0.00903221497562678,4.3244322225137735,-34.97720805324152,-0.021801898530062043,-0.0008239324903726969,-1.6228621972358352
2.7083333333333335,21.17697697735398,-0.003775579190207367,136.76553734710274,-0.00903221497562678,4.53499082434542,-34.97720805324152,-0.021801898530062043,-0.0008239324903726969,-3.390127975472068
2.716666666666667,21.22332357832938,-0.003775579190207367,137.9255678992551,-0.00903221497562678,4.411178637941645,-34.97720805324152,-0.021801898530062043,-0.0008239324903726969,-1.6228621972358352
2.725,21.17697697735398,-0.003775579190207367,137.9255678992551,-0.00903221497562678,4.53499082434542,-34.97720805324152,-0.021801898530062043,-0.0008239324903726969,-1.6228621972358352
2.7333333333333334,21.681158284468225,0.013336956669414712,137.9255678992551,-0.00903221497562678,4.160249317957118,-34.97720805324152,-0.021801898530062043,-0.0008239324903726969,-1.6228621972358352
2.7416666666666667,21.681158284468225,0.014356430368420088,139.3681241697228,-0.00903221497562678,4.000569842336221,-34.97720805324152,-0.021801898530062043,-0.0008239324903726969,-1.6228621972358352
2.75,21.681158284468225,0.014356430368420088,139.3681241697228,-0.00903221497562678,4.000569842336221,-34.97720805324152,-0.021801898530062043,-0.0008239324903726969,-1.6228621972358352
2.7583333333333333,21.681158284468225,0.014356430368420088,137.9255678992551,-0.00903221497562678,4.160249317957118,-34.97720805324152,-0.021801898530062043,-0.0008239324903726969,-1.6228621972358352
2.7666666666666666,21.681158284468225,0.014356430368420088,139.3681241697228,-0.00903221497562678,4.000569842336221,-34.97720805324152,-0.021801898530062043,-0.0008239324903726969,-1.6228621972358352
2.775,21.22332357832938,-0.003775579190207367,137.9255678992551,-0.00903221497562678,4.3244322225137735,-34.97720805324152,-0.021801898530062043,-0.0008239324903726969,-1.6228621972358352
2.783333333333333,21.681158284468225,0.014356430368420088,139.3681241697228,-0.00903221497562678,4.000569842336221,-34.97720805324152,-0.021801898530062043,-0.0008239324903726969,-1.6228621972358352
2.7916666666666665,21.66200463206147,-0.003775579190207367,137.9255678992551,-0.00903221497562678,4.3244322225137735,-34.97720805324152,-0.021801898530062043,-0.0008239324903726969,-1.6228621972358352
2.8,21.17697697735398,-0.003775579190207367,136.76553734710274,-0.00903221497562678,4.53499082434542,-34.97720805324152,-0.021801898530062043,-0.0008239324903726969,-3.390127975472068
2.808333333333333,21.22332357832938,-0.003775579190207367,137.9255678992551,-0.00903221497562678,4.53499082434542,-34.97720805324152,-0.021801898530062043,-0.0008239324903726969,-1.6228621972358352
2.816666666666667,21.22332357832938,-0.003775579190207367,137.9255678992551,-0.00903221497562678,4.411178637941645,-34.97720805324152,-0.021801898530062043,-0.0008239324903726969,-1.6228621972358352
2.825,21.66200463206147,-0.003775579190207367,137.9255678992551,-0.00903221497562678,4.3244322225137735,-34.97720805324152,-0.021801898530062043,-0.0008239324903726969,-1.6228621972358352
2.8333333333333335,22.041867399533235,-0.003775579190207367,139.3681241697228,-0.009493133362821057,6.291641700852455,-33.896473935524575,-0.021801898530062043,-0.0008239324903726969,-1.6228621972358352
2.841666666666667,21.66200463206147,-0.003775579190207367,137.9255678992551,-0.00903221497562678,4.53499082434542,-34.97720805324152,-0.021801898530062043,-0.0008239324903726969,-1.6228621972358352
2.85,21.66200463206147,-0.003775579190207367,137.9255678992551,-0.00903221497562678,4.3244322225137735,-34.97720805324152,-0.021801898530062043,-0.0008239324903726969,-1.6228621972358352
2.8583333333333334,21.66200463206147,-0.003775579190207367,137.9255678992551,-0.00903221497562678,4.3244322225137735,-34.97720805324152,-0.021801898530062043,-0.0008239324903726969,-1.6228621972358352
2.8666666666666667,21.66200463206147,-0.003775579190207367,137.9255678992551,-0.00903221497562678,4.3244322225137735,-34.97720805324152,-0.021801898530062043,-0.0008239324903726969,-1.6228621972358352
2.875,21.66200463206147,-0.003775579190207367,137.9255678992551,-0.00903221497562678,4.3244322225137735,-34.97720805324152,-0.021801898530062043,-0.0008239324903726969,-1.6228621972358352
2.8833333333333333,21.681158284468225,0.014356430368420088,139.3681241697228,-0.00903221497562678,4.000569842336221,-34.97720805324152,-0.021801898530062043,-0.0008239324903726969,-1.6228621972358352
2.8916666666666666,21.22332357832938,-0.003775579190207367,137.9255678992551,-0.00903221497562678,4.53499082434542,-34.97720805324152,-0.021801898530062043,-0.0008239324903726969,-1.6228621972358352
2.9,21.681158284468225,0.014356430368420088,139.3681241697228,-0.00903221497562678,4.000569842336221,-34.97720805324152,-0.021801898530062043,-0.0008239324903726969,-1.6228621972358352
2.908333333333333,21.681158284468225,0.014356430368420088,137.9255678992551,-0.00903221497562678,4.160249317957118,-34.97720805324152,-0.021801898530062043,-0.0008239324903726969,-1.6228621972358352
2.9166666666666665,21.681158284468225,0.014356430368420088,139.3681241697228,-0.00903221497562678,4.000569842336221,-34.97720805324152,-0.021801898530062043,-0.0008239324903726969,-1.6228621972358352
2.925,21.681158284468225,0.014356430368420088,139.3681241697228,-0.00903221497562678,4.000569842336221,-34.97720805324152,-0.021801898530062043,-0.0008239324903726969,-1.6228621972358352
2.933333333333333,21.66200463206147,-0.003775579190207367,137.9255678992551,-0.00903221497562678,4.411178637941645,-34.97720805324152,-0.021801898530062043,-0.0008239324903726969,-1.6228621972358352
2.941666666666667,21.66200463206147,-0.003775579190207367,137.9255678992551,-0.00903221497562678,4.3244322225137735,-34.97720805324152,-0.021801898530062043,-0.0008239324903726969,-1.6228621972358352
2.95,21.66200463206147,-0.003775579190207367,137.9255678992551,-0.00903221497562678,4.3244322225137735,-34.97720805324152,-0.021801898530062043,-0.0008239324903726969,-1.6228621972358352
2.9583333333333335,21.22332357832938,-0.003775579190207367,136.76553734710274,-0.00903221497562678,4.3244322225137735,-34.97720805324152,-0.021801898530062043,-0.0008239324903726969,-3.390127975472068
2.966666666666667,21.38445011680351,-0.003775579190207367,136.76553734710274,-0.00903221497562678,4.38743661840074,-34.97720805324152,-0.021801898530062043,-0.0008239324903726969,-3.390127975472068
2.975,21.681158284468225,0.013336956669414712,137.9255678992551,-0.00903221497562678,4.160249317957118,-34.97720805324152,-0.021801898530062043,-0.0008239324903726969,-1.6228621972358352
2.9833333333333334,21.123900476960518,-0.003775579190207367,136.76553734710274,-0.00903221497562678,4.245008144715408,-34.97720805324152,-0.021801898530062043,-0.0008239324903726969,-3.4026461232409995
2.9916666666666667,21.66200463206147,-0.003775579190207367,137.9255678992551,-0.00903221497562678,4.3244322225137735,-34.97720805324152,-0.021801898530062043,-0.0008239324903726969,-1.6228621972358352
3.0,22.031559179439068,-0.003775579190207367,137.9255678992551,-0.00903221497562678,5.448635228469768,-34.97720805324152,-0.021801898530062043,-0.0008239324903726969,-1.6353803450047666
3.0083333333333333,21.22332357832938,-0.003775579190207367,137.9255678992551,-0.00903221497562678,4.544105493417485,-34.97720805324152,-0.021801898530062043,-0.0008239324903726969,-1.6228621972358352
3.0166666666666666,21.17697697735398,-0.003775579190207367,137.9255678992551,-0.00903221497562678,4.544105493417485,-34.97720805324152,-0.021801898530062043,-0.0008239324903726969,-1.6228621972358352
3.025,21.66200463206147,-0.003775579190207367,137.9255678992551,-0.00903221497562678,4.42029330701371,-34.97720805324152,-0.021801898530062043,-0.0008239324903726969,-1.6228621972358352
3.033333333333333,21.681158284468225,0.013336956669414712,137.9255678992551,-0.00903221497562678,4.1693639870291825,-34.97720805324152,-0.021801898530062043,-0.0008239324903726969,-1.6228621972358352
3.0416666666666665,21.22332357832938,-0.003775579190207367,137.9255678992551,-0.00903221497562678,4.544105493417485,-34.97720805324152,-0.021801898530062043,-0.0008239324903726969,-1.6228621972358352
3.05,21.17697697735398,-0.003775579190207367,137.9255678992551,-0.00903221497562678,4.544105493417485,-34.97720805324152,-0.021801898530062043,-0.0008239324903726969,-1.6228621972358352
3.058333333333333,21.17697697735398,-0.003775579190207367,136.76553734710274,-0.00903221497562678,4.544105493417485,-34.97720805324152,-0.021801898530062043,-0.0008239324903726969,-3.390127975472068
3.066666666666667,21.681158284468225,0.014356430368420088,139.3681241697228,-0.00903221497562678,4.037829921042856,-34.97720805324152,-0.021801898530062043,-0.0008239324903726969,-1.6228621972358352
3.075,21.66200463206147,-0.003775579190207367,137.9255678992551,-0.00903221497562678,4.333546891585838,-34.97720805324152,-0.021801898530062043,-0.0008239324903726969,-1.6228621972358352
3.0833333333333335,21.66200463206147,-0.003775579190207367,137.9255678992551,-0.00903221497562678,4.544105493417485,-34.97720805324152,-0.021801898530062043,-0.0008239324903726969,-1.6228621972358352
3.091666666666667,21.986649334654487,-0.003775579190207367,139.3681241697228,-0.00903221497562678,5.5705327412771695,-34.97720805324152,-0.021801898530062043,-0.0008239324903726969,-1.6228621972358352
3.1,21.66200463206147,-0.003775579190207367,137.9255678992551,-0.00903221497562678,4.348708517669082,-34.97720805324152,-0.021801898530062043,-0.0008239324903726969,-1.6228621972358352
3.1083333333333334,21.22332357832938,-0.003775579190207367,136.76553734710274,-0.00903221497562678,4.348708517669082,-34.97720805324152,-0.021801898530062043,-0.0008239324903726969,-3.390127975472068
3.1166666666666667,21.66200463206147,-0.003775579190207367,137.9255678992551,-0.00903221497562678,4.348708517669082,-34.97720805324152,-0.021801898530062043,-0.0008239324903726969,-1.6228621972358352
3.125,21.681158284468225,0.013336956669414712,137.9255678992551,-0.00903221497562678,4.099518000119339,-34.97720805324152,-0.021801898530062043,-0.0008239324903726969,-1.6228621972358352
3.1333333333333333,21.17697697735398,-0.003775579190207367,136.76553734710274,-0.00903221497562678,4.4354549330969535,-34.97720805324152,-0.021801898530062043,-0.0008239324903726969,-3.390127975472068
3.1416666666666666,21.681158284468225,0.014356430368420088,137.9255678992551,-0.00903221497562678,4.184525613112426,-34.97720805324152,-0.021801898530062043,-0.0008239324903726969,-1.6228621972358352
3.15,21.681158284468225,0.014356430368420088,139.3681241697228,-0.00903221497562678,4.024846137491529,-34.97720805324152,-0.021801898530062043,-0.0008239324903726969,-1.6228621972358352
3.158333333333333,21.22332357832938,-0.003775579190207367,137.9255678992551,-0.00903221497562678,4.559267119500729,-34.97720805324152,-0.021801898530062043,-0.0008239324903726969,-1.6228621972358352
3.1666666666666665,21.681158284468225,0.014356430368420088,137.9255678992551,-0.00903221497562678,4.184525613112426,-34.97720805324152,-0.021801898530062043,-0.0008239324903726969,-1.6228621972358352
3.175,21.681158284468225,0.014356430368420088,137.9255678992551,-0.00903221497562678,4.184525613112426,-34.97720805324152,-0.021801898530062043,-0.0008239324903726969,-1.6228621972358352
3.183333333333333,21.22332357832938,-0.003775579190207367,137.9255678992551,-0.00903221497562678,4.559267119500729,-34.97720805324152,-0.021801898530062043,-0.0008239324903726969,-1.6228621972358352
3.191666666666667,21.681158284468225,0.014356430368420088,137.9255678992551,-0.00903221497562678,4.099518000119339,-34.97720805324152,-0.021801898530062043,-0.0008239324903726969,-1.6228621972358352
3.2,23.870697570523827,-0.003775579190207367,128.98985355125183,0.5922083021922735,5.206441675123369,-6.908334535047854,1.7869291189316348,7.282543361019774,-9.706885095989668
3.2083333333333335,22.395532107441745,-0.003775579190207367,104.58812535732156,0.19758794724774226,6.550945648373878,-36.03930899215634,-0.06555574117712389,-0.0008239324903726969,29.43435418361705
3.216666666666667,22.023443522200722,-0.003775579190207367,155.2509129533622,0.19758794724774226,5.4690126456170916,-36.03930899215634,-0.0603404540091526,-0.0008239324903726969,19.571527269251987
3.225,22.023443522200722,-0.003775579190207367,155.2509129533622,0.19758794724774226,6.280212124696352,-36.03930899215634,-0.0603404540091526,-0.0008239324903726969,19.68088609711044
3.2333333333333334,22.023443522200722,-0.003775579190207367,155.2509129533622,0.19758794724774226,5.4690126456170916,-36.03930899215634,-0.0603404540091526,-0.0008239324903726969,19.571527269251987
3.2416666666666667,22.482646280591144,-0.003775579190207367,104.58812535732156,0.2530042686502356,8.652872033705076,-38.40906023677223,-0.06555574117712389,-0.0008239324903726969,29.21977772797583
3.25,22.023443522200722,-0.003775579190207367,155.2509129533622,0.19758794724774226,5.405645825710433,-36.03930899215634,-0.0603404540091526,-0.0008239324903726969,19.571527269251987
3.2583333333333333,22.023443522200722,-0.003775579190207367,155.2509129533622,0.19758794724774226,5.555759061044963,-36.03930899215634,-0.0603404540091526,-0.0008239324903726969,19.68088609711044
3.2666666666666666,22.023443522200722,-0.003775579190207367,155.2509129533622,0.19758794724774226,5.679571247448736,-36.03930899215634,-0.0603404540091526,-0.0008239324903726969,19.68088609711044
3.275,22.023443522200722,-0.003775579190207367,155.2509129533622,0.19758794724774226,5.679571247448736,-36.03930899215634,-0.0603404540091526,-0.0008239324903726969,19.68088609711044
3.283333333333333,22.023443522200722,0.013336956669414712,155.2509129533622,0.19758794724774226,5.304829741060436,-36.03930899215634,-0.0603404540091526,-0.0008239324903726969,19.571527269251987
3.2916666666666665,22.023443522200722,-0.003775579190207367,155.2509129533622,0.19758794724774226,5.679571247448736,-36.03930899215634,-0.0603404540091526,-0.0008239324903726969,19.68088609711044
3.3,22.023443522200722,0.013336956669414712,155.2509129533622,0.19758794724774226,5.304829741060436,-36.03930899215634,-0.0603404540091526,-0.0008239324903726969,19.571527269251987
3.308333333333333,22.023443522200722,-0.003775579190207367,103.90612318491192,0.19758794724774226,5.679571247448736,-36.03930899215634,-0.0603404540091526,-0.0008239324903726969,29.43435418361705
3.316666666666667,22.525333164127662,-0.003775579190207367,104.58812535732156,0.19758794724774226,7.152248750682663,-36.03930899215634,-0.06555574117712389,-0.0008239324903726969,29.43435418361705
3.325,22.477235511891127,-0.003775579190207367,104.58812535732156,0.2530042686502356,8.605791337135525,-38.44793092511935,-0.06555574117712389,-0.0008239324903726969,29.21977772797583
3.3333333333333335,22.023443522200722,-0.003775579190207367,155.2509129533622,0.19758794724774226,5.679571247448736,-36.03930899215634,-0.0603404540091526,-0.0008239324903726969,19.68088609711044
3.341666666666667,22.023443522200722,-0.003775579190207367,155.2509129533622,0.19758794724774226,5.679571247448736,-36.03930899215634,-0.0603404540091526,-0.0008239324903726969,19.68088609711044
3.35,22.023443522200722,0.013336956669414712,155.2509129533622,0.19758794724774226,5.304829741060436,-36.03930899215634,-0.053916372238671136,-0.0008239324903726969,19.571527269251987
3.3583333333333334,22.023443522200722,-0.003775579190207367,155.2509129533622,0.19758794724774226,5.4690126456170916,-36.03930899215634,-0.0603404540091526,-0.0008239324903726969,19.571527269251987
3.3666666666666667,22.023443522200722,-0.003775579190207367,103.90612318491192,0.19758794724774226,5.555759061044963,-36.03930899215634,-0.0603404540091526,-0.0008239324903726969,29.43435418361705
3.375,22.023443522200722,-0.003775579190207367,155.2509129533622,0.19758794724774226,5.679571247448736,-36.03930899215634,-0.0603404540091526,-0.0008239324903726969,19.68088609711044
3.3833333333333333,22.023443522200722,-0.003775579190207367,103.90612318491192,0.19758794724774226,5.679571247448736,-36.03930899215634,-0.06555574117712389,-0.0008239324903726969,29.43435418361705
3.3916666666666666,22.023443522200722,0.013336956669414712,155.2509129533622,0.19758794724774226,5.173295675074109,-36.03930899215634,-0.053916372238671136,-0.0008239324903726969,19.571527269251987
3.4,22.023443522200722,-0.003775579190207367,155.2509129533622,0.19758794724774226,5.80710223578463,-36.03930899215634,-0.0603404540091526,-0.0008239324903726969,19.68088609711044
3.408333333333333,22.023443522200722,-0.003775579190207367,155.2509129533622,0.19758794724774226,5.80710223578463,-36.03930899215634,-0.0603404540091526,-0.0008239324903726969,19.68088609711044
3.4166666666666665,22.023443522200722,0.013336956669414712,155.2509129533622,0.19758794724774226,5.432360729396329,-36.03930899215634,-0.0603404540091526,-0.0008239324903726969,19.571527269251987
3.425,22.023443522200722,-0.003775579190207367,103.90612318491192,0.19758794724774226,5.80710223578463,-36.03930899215634,-0.0603404540091526,-0.0008239324903726969,29.43435418361705
3.433333333333333,22.023443522200722,-0.003775579190207367,103.90612318491192,0.19758794724774226,5.80710223578463,-36.03930899215634,-0.0603404540091526,-0.0008239324903726969,29.43435418361705
3.441666666666667,22.023443522200722,0.013336956669414712,155.2509129533622,0.19758794724774226,5.432360729396329,-36.03930899215634,-0.0603404540091526,-0.0008239324903726969,19.571527269251987
3.45,22.477235511891127,-0.003775579190207367,104.58812535732156,0.2400151975006533,9.81436465156543,-38.12859448008934,-0.06555574117712389,-0.0008239324903726969,28.519772429100293
3.4583333333333335,22.023443522200722,-0.003775579190207367,155.2509129533622,0.19758794724774226,5.80710223578463,-36.03930899215634,-0.0603404540091526,-0.0008239324903726969,19.68088609711044
3.466666666666667,22.023443522200722,-0.003775579190207367,155.2509129533622,0.19758794724774226,5.533176814046326,-36.03930899215634,-0.0603404540091526,-0.0008239324903726969,19.571527269251987
3.475,23.727646078966732,-0.003775579190207367,118.70697150258137,0.10576717667242715,5.8784507673783235,-7.579126139761315,1.85082371024489,-0.09332779816933102,-9.474673572926545
3.4833333333333334,21.22332357832938,-0.003775579190207367,137.9255678992551,-0.00903221497562678,4.792463843628298,-34.97720805324152,-0.021801898530062043,-0.0008239324903726969,-1.6228621972358352
3.4916666666666667,21.17697697735398,-0.003775579190207367,137.9255678992551,-0.00903221497562678,4.792463843628298,-34.97720805324152,-0.021801898530062043,-0.0008239324903726969,-1.6228621972358352
3.5,21.66200463206147,-0.003775579190207367,137.9255678992551,-0.00903221497562678,4.581905241796651,-34.97720805324152,-0.021801898530062043,-0.0008239324903726969,-1.6228621972358352
3.5083333333333333,21.22332357832938,-0.003775579190207367,136.76553734710274,-0.00903221497562678,4.792463843628298,-34.97720805324152,-0.021801898530062043,-0.0008239324903726969,-3.390127975472068
3.5166666666666666,21.22332357832938,-0.003775579190207367,137.9255678992551,-0.00903221497562678,4.792463843628298,-34.97720805324152,-0.021801898530062043,-0.0008239324903726969,-1.6228621972358352
3.525,21.22332357832938,-0.003775579190207367,137.9255678992551,-0.00903221497562678,4.792463843628298,-34.97720805324152,-0.021801898530062043,-0.0008239324903726969,-1.6228621972358352
3.533333333333333,21.17697697735398,-0.003775579190207367,136.76553734710274,-0.00903221497562678,4.792463843628298,-34.97720805324152,-0.021801898530062043,-0.0008239324903726969,-3.390127975472068
3.5416666666666665,21.66200463206147,-0.003775579190207367,137.9255678992551,-0.00903221497562678,4.581905241796651,-34.97720805324152,-0.021801898530062043,-0.0008239324903726969,-1.6228621972358352
3.55,21.17697697735398,-0.003775579190207367,137.9255678992551,-0.00903221497562678,4.792463843628298,-34.97720805324152,-0.021801898530062043,-0.0008239324903726969,-1.6228621972358352
3.558333333333333,21.66200463206147,-0.003775579190207367,137.9255678992551,-0.00903221497562678,4.581905241796651,-34.97720805324152,-0.021801898530062043,-0.0008239324903726969,-1.6228621972358352
3.566666666666667,21.66200463206147,-0.003775579190207367,137.9255678992551,-0.00903221497562678,4.581905241796651,-34.97720805324152,-0.021801898530062043,-0.0008239324903726969,-1.6228621972358352
3.575,21.17697697735398,-0.003775579190207367,137.9255678992551,-0.00903221497562678,5.393104720875913,-34.97720805324152,-0.021801898530062043,-0.0008239324903726969,-1.6228621972358352
3.5833333333333335,21.681158284468225,0.014356430368420088,139.3681241697228,-0.00903221497562678,4.258042861619098,-34.97720805324152,-0.021801898530062043,-0.0008239324903726969,-1.6228621972358352
3.591666666666667,21.66200463206147,-0.003775579190207367,137.9255678992551,-0.00903221497562678,4.581905241796651,-34.97720805324152,-0.021801898530062043,-0.0008239324903726969,-1.6228621972358352
3.6,21.123900476960518,-0.003775579190207367,136.76553734710274,-0.00903221497562678,4.644909637683617,-34.97720805324152,-0.021801898530062043,-0.0008239324903726969,-3.390127975472068
3.6083333333333334,21.17697697735398,-0.003775579190207367,137.9255678992551,-0.00903221497562678,4.792463843628298,-34.97720805324152,-0.021801898530062043,-0.0008239324903726969,-1.6228621972358352
3.6166666666666667,21.681158284468225,0.014356430368420088,139.3681241697228,-0.00903221497562678,4.258042861619098,-34.97720805324152,-0.021801898530062043,-0.0008239324903726969,-1.6228621972358352
3.625,21.22332357832938,-0.003775579190207367,137.9255678992551,-0.00903221497562678,4.792463843628298,-34.97720805324152,-0.021801898530062043,-0.0008239324903726969,-1.6228621972358352
3.6333333333333333,21.809080193742155,-0.003775579190207367,137.9255678992551,-0.00903221497562678,4.9156431613611415,-34.97720805324152,-0.021801898530062043,-0.0008239324903726969,-1.6228621972358352
3.6416666666666666,21.22332357832938,-0.003775579190207367,137.9255678992551,-0.00903221497562678,4.792463843628298,-34.97720805324152,-0.021801898530062043,-0.0008239324903726969,-1.6228621972358352
3.65,21.22332357832938,-0.003775579190207367,136.76553734710274,-0.00903221497562678,4.6686516572245225,-34.97720805324152,-0.021801898530062043,-0.0008239324903726969,-3.390127975472068
3.658333333333333,21.22332357832938,-0.003775579190207367,137.9255678992551,-0.00903221497562678,4.792463843628298,-34.97720805324152,-0.021801898530062043,-0.0008239324903726969,-1.6228621972358352
3.6666666666666665,21.66200463206147,-0.003775579190207367,137.9255678992551,-0.00903221497562678,4.792463843628298,-34.97720805324152,-0.021801898530062043,-0.0008239324903726969,-1.6228621972358352
3.675,22.041867399533235,-0.003775579190207367,137.9255678992551,-0.009493133362821057,7.664594978712683,-33.97133309819027,-0.021801898530062043,-0.0008239324903726969,-1.6353803450047666
3.683333333333333,21.38445011680351,-0.003775579190207367,137.9255678992551,-0.00903221497562678,4.644909637683617,-34.97720805324152,-0.021801898530062043,-0.0008239324903726969,-1.6228621972358352
3.691666666666667,21.66200463206147,-0.003775579190207367,137.9255678992551,-0.00903221497562678,4.581905241796651,-34.97720805324152,-0.021801898530062043,-0.0008239324903726969,-1.6228621972358352
3.7,22.031559179439068,-0.003775579190207367,137.9255678992551,-0.009493133362821057,6.240265704515958,-34.93926174296009,-0.021801898530062043,-0.0008239324903726969,-1.6353803450047666
3.7083333333333335,21.17697697735398,-0.003775579190207367,137.9255678992551,-0.00903221497562678,4.792463843628298,-34.97720805324152,-0.021801898530062043,-0.0008239324903726969,-1.6228621972358352
3.716666666666667,21.17697697735398,-0.003775579190207367,136.76553734710274,-0.00903221497562678,4.792463843628298,-34.97720805324152,-0.021801898530062043,-0.0008239324903726969,-3.390127975472068
3.725,21.22332357832938,-0.003775579190207367,137.9255678992551,-0.00903221497562678,4.792463843628298,-34.97720805324152,-0.021801898530062043,-0.0008239324903726969,-1.6228621972358352
3.7333333333333334,21.681158284468225,0.014356430368420088,137.9255678992551,-0.00903221497562678,4.417722337239995,-34.97720805324152,-0.021801898530062043,-0.0008239324903726969,-1.6228621972358352
3.7416666666666667,21.97990153581308,0.0010522740260284402,139.35335311501802,-0.009493133362821057,6.570361396434932,-36.98962198477014,-0.021801898530062043,-0.0008239324903726969,-1.6228621972358352
3.75,21.97990153581308,0.0010522740260284402,139.6451639628872,-0.009493133362821057,7.664594978712683,-36.82819935656694,-0.021801898530062043,-0.0008239324903726969,-1.6353803450047666
3.7583333333333333,22.031559179439068,-0.003775579190207367,136.76553734710274,-0.00903221497562678,5.4413354426696285,-34.97720805324152,-0.021801898530062043,-0.0008239324903726969,-3.4026461232409995
3.7666666666666666,21.123900476960518,-0.003775579190207367,136.76553734710274,-0.00903221497562678,4.044268760436001,-34.97720805324152,-0.021801898530062043,-0.0008239324903726969,-3.390127975472068
3.775,21.933572834261025,-0.003775579190207367,137.9255678992551,-0.00903221497562678,5.070696008295687,-34.97720805324152,-0.021801898530062043,-0.0008239324903726969,-1.6228621972358352
3.783333333333333,22.031559179439068,-0.003775579190207367,138.55791715071265,-0.00903221497562678,5.516946263669927,-34.97720805324152,-0.021801898530062043,-0.0008239324903726969,-3.4026461232409995
3.7916666666666665,21.22332357832938,-0.003775579190207367,137.9255678992551,-0.00903221497562678,4.792463843628298,-34.97720805324152,-0.021801898530062043,-0.0008239324903726969,-1.6228621972358352
3.8,21.756241865930726,-0.003775579190207367,139.71794770286502,-0.009493133362821057,5.90838781015483,-35.248104215423446,-0.021801898530062043,-0.0008239324903726969,-1.6353803450047666
3.808333333333333,21.123900476960518,-0.003775579190207367,136.76553734710274,-0.00903221497562678,4.082961147978044,-34.97720805324152,-0.021801898530062043,-0.0008239324903726969,-3.390127975472068
3.816666666666667,21.461868776800497,-0.003775579190207367,139.71794770286502,-0.009984659872666097,7.7213680961840705,-33.97133309819027,-0.021801898530062043,-0.0008239324903726969,-1.6353803450047666
3.825,21.681158284468225,0.014356430368420088,137.9255678992551,-0.00903221497562678,4.456414724782038,-34.97720805324152,-0.021801898530062043,-0.0008239324903726969,-1.6228621972358352
3.8333333333333335,21.22332357832938,-0.003775579190207367,137.9255678992551,-0.00903221497562678,4.83115623117034,-34.97720805324152,-0.021801898530062043,-0.0008239324903726969,-1.6228621972358352
3.841666666666667,22.031559179439068,-0.003775579190207367,137.9255678992551,-0.00903221497562678,5.408511254373833,-34.97720805324152,-0.021801898530062043,-0.0008239324903726969,-1.6228621972358352
3.85,21.17697697735398,-0.003775579190207367,137.9255678992551,-0.00903221497562678,5.289368634732623,-34.97720805324152,-0.021801898530062043,-0.0008239324903726969,-1.6228621972358352
3.8583333333333334,21.22332357832938,-0.003775579190207367,137.9255678992551,-0.00903221497562678,4.83115623117034,-34.97720805324152,-0.021801898530062043,-0.0008239324903726969,-1.6228621972358352
3.8666666666666667,21.38445011680351,-0.003775579190207367,136.76553734710274,-0.00903221497562678,4.683602025225659,-34.97720805324152,-0.021801898530062043,-0.0008239324903726969,-3.390127975472068
3.875,21.17697697735398,-0.003775579190207367,136.76553734710274,-0.00903221497562678,4.83115623117034,-34.97720805324152,-0.021801898530062043,-0.0008239324903726969,-3.390127975472068
3.8833333333333333,21.66200463206147,-0.003775579190207367,137.9255678992551,-0.00903221497562678,4.620597629338693,-34.97720805324152,-0.021801898530062043,-0.0008239324903726969,-1.6228621972358352
3.8916666666666666,21.123900476960518,-0.003775579190207367,136.76553734710274,-0.00903221497562678,4.683602025225659,-34.97720805324152,-0.021801898530062043,-0.0008239324903726969,-3.390127975472068
3.9,21.123900476960518,-0.003775579190207367,136.76553734710274,-0.00903221497562678,4.612740905532054,-34.97720805324152,-0.021801898530062043,-0.0008239324903726969,-3.390127975472068
3.908333333333333,21.17697697735398,-0.003775579190207367,136.76553734710274,-0.00903221497562678,4.902723585162066,-34.97720805324152,-0.021801898530062043,-0.0008239324903726969,-3.390127975472068
3.9166666666666665,21.22332357832938,-0.003775579190207367,137.9255678992551,-0.00903221497562678,4.778911398758291,-34.97720805324152,-0.021801898530062043,-0.0008239324903726969,-1.6228621972358352
3.925,21.123900476960518,-0.003775579190207367,137.9255678992551,-0.00903221497562678,4.154528501969771,-34.97720805324152,-0.021801898530062043,-0.0008239324903726969,-1.6228621972358352
3.933333333333333,21.22332357832938,-0.003775579190207367,137.9255678992551,-0.00903221497562678,4.778911398758291,-34.97720805324152,-0.021801898530062043,-0.0008239324903726969,-1.6228621972358352
3.941666666666667,21.933572834261025,-0.003775579190207367,138.55791715071265,-0.00903221497562678,5.180955749829455,-34.97720805324152,-0.021801898530062043,-0.0008239324903726969,-3.4026461232409995
3.95,21.22332357832938,-0.003775579190207367,137.9255678992551,-0.00903221497562678,4.902723585162066,-34.97720805324152,-0.021801898530062043,-0.0008239324903726969,-1.6228621972358352
3.9583333333333335,21.66200463206147,-0.003775579190207367,137.9255678992551,-0.00903221497562678,4.69216498333042,-34.97720805324152,-0.021801898530062043,-0.0008239324903726969,-1.6228621972358352
3.966666666666667,21.38445011680351,-0.003775579190207367,136.76553734710274,-0.00903221497562678,4.755169379217386,-34.97720805324152,-0.021801898530062043,-0.0008239324903726969,-3.390127975472068
3.975,21.22332357832938,-0.003775579190207367,137.9255678992551,-0.00903221497562678,4.778911398758291,-34.97720805324152,-0.021801898530062043,-0.0008239324903726969,-1.6228621972358352
3.9833333333333334,21.38445011680351,-0.003775579190207367,136.76553734710274,-0.00903221497562678,4.755169379217386,-34.97720805324152,-0.021801898530062043,-0.0008239324903726969,-3.390127975472068
3.9916666666666667,25.062667823971466,-0.003775579190207367,142.02207471469774,0.48512850905508553,6.421372731706906,-8.70600983839856,2.058735828709385,5.638152665673047,-7.831053986491953
4.0,22.023443522200722,-0.003775579190207367,103.90612318491192,0.19758794724774226,5.949029656429637,-36.03930899215634,-0.0603404540091526,-0.0008239324903726969,29.43435418361705
4.008333333333334,22.023443522200722,-0.003775579190207367,155.2509129533622,0.19758794724774226,5.949029656429637,-36.03930899215634,-0.0603404540091526,-0.0008239324903726969,19.68088609711044
4.016666666666667,22.161760650331406,-0.003775579190207367,103.90612318491192,0.19758794724774226,6.5496705336772525,-36.03930899215634,-0.0603404540091526,-0.0008239324903726969,29.43435418361705
4.025,22.023443522200722,-0.003775579190207367,103.90612318491192,0.19758794724774226,5.949029656429637,-36.03930899215634,-0.0603404540091526,-0.0008239324903726969,29.43435418361705
4.033333333333333,22.473816141315293,-0.003775579190207367,103.90612318491192,0.19758794724774226,6.820404057354779,-36.03930899215634,-0.0603404540091526,-0.0008239324903726969,29.43435418361705
4.041666666666667,22.023443522200722,-0.003775579190207367,103.90612318491192,0.19758794724774226,6.5496705336772525,-36.03930899215634,-0.0603404540091526,-0.0008239324903726969,29.43435418361705
4.05,22.473816141315293,-0.003775579190207367,104.58812535732156,0.19758794724774226,6.975456904289324,-35.957109476283385,-0.06555574117712389,-0.0008239324903726969,28.88476124449714
4.058333333333334,22.482646280591144,-0.003775579190207367,104.58812535732156,0.2530042686502356,8.940411172615327,-38.32686072089927,-0.06555574117712389,-0.0008239324903726969,28.670184788855924
4.066666666666666,22.525333164127662,-0.003775579190207367,104.58812535732156,0.2530042686502356,7.601754474674219,-36.03930899215634,-0.06555574117712389,-0.0008239324903726969,29.43435418361705
4.075,22.395532107441745,-0.003775579190207367,103.90612318491192,0.19758794724774226,6.5496705336772525,-36.03930899215634,-0.0603404540091526,-0.0008239324903726969,29.43435418361705
4.083333333333333,22.023443522200722,-0.003775579190207367,155.2509129533622,0.19758794724774226,5.7384710545979924,-36.03930899215634,-0.0603404540091526,-0.0008239324903726969,19.68088609711044
4.091666666666667,22.023443522200722,-0.003775579190207367,155.2509129533622,0.19758794724774226,6.407242059991921,-36.03930899215634,-0.0603404540091526,-0.0008239324903726969,19.68088609711044
4.1,22.477235511891127,-0.003775579190207367,105.88200939091108,0.2400151975006533,9.543179651420324,-37.562273674249106,-0.06555574117712389,-0.0008239324903726969,24.812250444057984
4.108333333333333,22.477235511891127,-0.003775579190207367,105.88200939091108,0.2400151975006533,9.232111795907517,-38.36573140924639,-0.06555574117712389,-0.0008239324903726969,24.812250444057984
4.116666666666666,22.023443522200722,-0.003775579190207367,155.2509129533622,0.19758794724774226,5.871811491156794,-36.03930899215634,-0.0603404540091526,-0.0008239324903726969,19.571527269251987
4.125,22.48445161183833,-0.003775579190207367,105.88200939091108,0.2400151975006533,12.134872738899219,-20.711547978524763,-0.06555574117712389,-0.0008239324903726969,24.6690705753399
4.133333333333334,22.395532107441745,-0.003775579190207367,104.58812535732156,0.19758794724774226,6.95374449391358,-36.03930899215634,-0.06555574117712389,-0.0008239324903726969,29.43435418361705
4.141666666666667,22.023443522200722,0.013336956669414712,155.2509129533622,0.19758794724774226,5.707628586600136,-36.03930899215634,-0.0603404540091526,-0.0008239324903726969,19.571527269251987
4.15,22.023443522200722,-0.003775579190207367,103.90612318491192,0.19758794724774226,6.082370092988438,-36.03930899215634,-0.0603404540091526,-0.0008239324903726969,29.43435418361705
4.158333333333333,22.023443522200722,-0.003775579190207367,155.2509129533622,0.19758794724774226,5.871811491156794,-36.03930899215634,-0.0603404540091526,-0.0008239324903726969,19.571527269251987
4.166666666666667,22.46378052807143,-0.003775579190207367,138.26652002748872,-0.03450808713558828,8.478944337219811,-8.685064894353253,-0.032343860430120226,-0.0008239324903726969,-2.97136846462765
4.175,21.123900476960518,-0.003775579190207367,136.76553734710274,-0.00903221497562678,4.888509815776187,-34.97720805324152,-0.021801898530062043,-0.0008239324903726969,-3.4026461232409995
4.183333333333334,21.38445011680351,-0.003775579190207367,136.76553734710274,-0.00903221497562678,4.888509815776187,-34.97720805324152,-0.021801898530062043,-0.0008239324903726969,-3.4026461232409995
4.191666666666666,21.17697697735398,-0.003775579190207367,136.76553734710274,-0.00903221497562678,4.912251835317092,-34.97720805324152,-0.021801898530062043,-0.0008239324903726969,-3.390127975472068
4.2,21.809080193742155,-0.003775579190207367,136.76553734710274,-0.00903221497562678,5.357983192115403,-34.97720805324152,-0.021801898530062043,-0.0008239324903726969,-3.4026461232409995
4.208333333333333,22.041867399533235,-0.003775579190207367,139.91960647114763,-0.009493133362821057,7.629023125316709,-33.7173184373039,-0.021801898530062043,-0.0008239324903726969,-1.6353803450047666
4.216666666666667,22.031559179439068,-0.003775579190207367,138.55791715071265,-0.00903221497562678,6.312035453367048,-35.248104215423446,-0.021801898530062043,-0.0008239324903726969,-3.4026461232409995
4.225,21.17697697735398,-0.003775579190207367,136.76553734710274,-0.00903221497562678,5.256109934994115,-34.97720805324152,-0.021801898530062043,-0.0008239324903726969,-3.390127975472068
4.233333333333333,21.72877626799262,-0.003775579190207367,139.91960647114763,-0.009493133362821057,7.3179552698038925,-33.896473935524575,-0.021801898530062043,-0.0008239324903726969,-1.6353803450047666
4.241666666666666,21.809080193742155,-0.003775579190207367,136.76553734710274,-0.00903221497562678,5.087249668437878,-34.97720805324152,-0.021801898530062043,-0.0008239324903726969,-3.4026461232409995
4.25,21.461868776800497,-0.003775579190207367,138.55791715071265,-0.009984659872666097,7.379663091840771,-33.896473935524575,-0.021801898530062043,-0.0008239324903726969,-3.4026461232409995
4.258333333333334,21.17697697735398,-0.003775579190207367,136.76553734710274,-0.00903221497562678,5.256109934994115,-34.97720805324152,-0.021801898530062043,-0.0008239324903726969,-3.390127975472068
4.266666666666667,21.123900476960518,-0.003775579190207367,136.76553734710274,-0.00903221497562678,5.087249668437878,-34.97720805324152,-0.021801898530062043,-0.0008239324903726969,-3.390127975472068
4.275,22.031559179439068,-0.003775579190207367,137.9255678992551,-0.00903221497562678,6.1606396700463995,-34.97720805324152,-0.021801898530062043,-0.0008239324903726969,-1.6228621972358352
4.283333333333333,21.66200463206147,-0.003775579190207367,137.9255678992551,-0.00903221497562678,5.045551333162469,-34.97720805324152,-0.021801898530062043,-0.0008239324903726969,-1.6228621972358352
4.291666666666667,22.031559179439068,-0.003775579190207367,136.76553734710274,-0.00903221497562678,6.139333609434843,-34.97720805324152,-0.021801898530062043,-0.0008239324903726969,-3.4026461232409995
4.3,21.123900476960518,-0.003775579190207367,136.76553734710274,-0.00903221497562678,4.449403123442761,-34.97720805324152,-0.021801898530062043,-0.0008239324903726969,-3.390127975472068
4.308333333333334,22.031559179439068,-0.003775579190207367,137.9255678992551,-0.00903221497562678,6.325040300845827,-35.248104215423446,-0.021801898530062043,-0.0008239324903726969,-1.6353803450047666
4.316666666666666,21.809080193742155,-0.003775579190207367,136.76553734710274,-0.00903221497562678,5.1002545159166575,-34.97720805324152,-0.021801898530062043,-0.0008239324903726969,-3.4026461232409995
4.325,22.031559179439068,-0.003775579190207367,136.76553734710274,-0.00903221497562678,5.972291141902966,-34.97720805324152,-0.021801898530062043,-0.0008239324903726969,-3.4026461232409995
4.333333333333333,21.5766089464926,-0.003775579190207367,138.55791715071265,-0.009984659872666097,6.325040300845827,-35.248104215423446,-0.021801898530062043,-0.0008239324903726969,-3.4026461232409995
4.341666666666667,21.17697697735398,-0.003775579190207367,137.9255678992551,-0.00903221497562678,5.2691147824728946,-34.97720805324152,-0.021801898530062043,-0.0008239324903726969,-1.6228621972358352
4.35,21.123900476960518,-0.003775579190207367,136.76553734710274,-0.00903221497562678,5.1002545159166575,-34.97720805324152,-0.021801898530062043,-0.0008239324903726969,-3.390127975472068
4.358333333333333,21.17697697735398,-0.003775579190207367,137.9255678992551,-0.00903221497562678,5.2691147824728946,-34.97720805324152,-0.021801898530062043,-0.0008239324903726969,-1.6228621972358352
4.366666666666666,21.123900476960518,-0.003775579190207367,136.76553734710274,-0.00903221497562678,5.1002545159166575,-34.97720805324152,-0.021801898530062043,-0.0008239324903726969,-3.4026461232409995
4.375,21.30138034003195,0.0010522740260284402,138.41433873801344,0.000406007929270227,9.158048450541651,-9.011130596866726,-0.021801898530062043,-0.0008239324903726969,-2.410797294335901
4.383333333333334,22.031559179439068,-0.003775579190207367,138.55791715071265,-0.00903221497562678,6.152338456913622,-34.97720805324152,-0.021801898530062043,-0.0008239324903726969,-3.4026461232409995
4.391666666666667,21.933572834261025,-0.003775579190207367,136.76553734710274,-0.00903221497562678,5.370988039594182,-34.97720805324152,-0.021801898530062043,-0.0008239324903726969,-3.4026461232409995
4.4,21.461868776800497,-0.003775579190207367,139.71794770286502,-0.009984659872666097,7.172225337709017,-33.896473935524575,-0.021801898530062043,-0.0008239324903726969,-1.6353803450047666
4.408333333333333,21.809080193742155,-0.003775579190207367,136.76553734710274,-0.00903221497562678,5.370988039594182,-34.97720805324152,-0.021801898530062043,-0.0008239324903726969,-3.4026461232409995
4.416666666666667,21.72877626799262,-0.003775579190207367,139.71794770286502,-0.009493133362821057,7.125519233979733,-33.896473935524575,-0.021801898530062043,-0.0008239324903726969,-1.6353803450047666
4.425,22.031559179439068,-0.003775579190207367,137.9255678992551,-0.00903221497562678,5.896680320902668,-34.97720805324152,-0.021801898530062043,-0.0008239324903726969,-1.6228621972358352
4.433333333333334,21.66200463206147,-0.003775579190207367,137.9255678992551,-0.00903221497562678,5.145302596069119,-34.97720805324152,-0.021801898530062043,-0.0008239324903726969,-1.6228621972358352
4.441666666666666,21.123900476960518,-0.003775579190207367,136.76553734710274,-0.00903221497562678,4.520919699280599,-34.97720805324152,-0.021801898530062043,-0.0008239324903726969,-3.390127975472068
4.45,21.123900476960518,-0.003775579190207367,136.76553734710274,-0.00903221497562678,5.121560576528214,-34.97720805324152,-0.021801898530062043,-0.0008239324903726969,-3.390127975472068
4.458333333333333,21.123900476960518,-0.003775579190207367,132.7086662802931,-0.00903221497562678,4.499613638669042,-34.97720805324152,-0.021801898530062043,-0.0008239324903726969,-0.8653454167490053
4.466666666666667,21.42055102708723,-0.003775579190207367,140.28492730917853,-0.009984659872666097,9.076781101795518,-22.93389423473166,-0.021801898530062043,-0.0008239324903726969,-1.6353803450047666
4.475,21.718468047898455,-0.003775579190207367,138.55791715071265,-0.00903221497562678,6.152338456913622,-34.97720805324152,-0.021801898530062043,-0.0008239324903726969,-3.4026461232409995
4.483333333333333,21.123900476960518,-0.003775579190207367,138.55791715071265,-0.00903221497562678,5.1002545159166575,-34.97720805324152,-0.021801898530062043,-0.0008239324903726969,-3.4026461232409995
4.491666666666666,22.04727816823325,-0.003775579190207367,137.9255678992551,-0.009493133362821057,7.101496114925199,-33.876921929398584,-0.021801898530062043,-0.0008239324903726969,-1.6353803450047666
4.5,21.5766089464926,-0.003775579190207367,138.55791715071265,-0.009984659872666097,6.713691312678343,-34.93926174296009,-0.021801898530062043,-0.0008239324903726969,-3.4026461232409995
4.508333333333334,21.72877626799262,-0.003775579190207367,139.71794770286502,-0.009493133362821057,7.125519233979733,-33.896473935524575,-0.021801898530062043,-0.0008239324903726969,-1.6353803450047666
4.516666666666667,21.17697697735398,-0.003775579190207367,137.9255678992551,-0.00903221497562678,5.2691147824728946,-34.97720805324152,-0.021801898530062043,-0.0008239324903726969,-1.6228621972358352
4.525,21.123900476960518,-0.003775579190207367,132.7086662802931,-0.00903221497562678,4.499613638669042,-34.97720805324152,-0.021801898530062043,-0.0008239324903726969,-0.8778635645179376
4.533333333333333,21.5766089464926,-0.003775579190207367,138.55791715071265,-0.009523741485471821,6.419487162253439,-34.97720805324152,-0.021801898530062043,-0.0008239324903726969,-3.4026461232409995
4.541666666666667,21.123900476960518,-0.003775579190207367,136.76553734710274,-0.00903221497562678,4.9791321028428825,-34.97720805324152,-0.021801898530062043,-0.0008239324903726969,-3.390127975472068
4.55,21.933572834261025,-0.003775579190207367,138.55791715071265,-0.00903221497562678,5.370988039594182,-34.97720805324152,-0.021801898530062043,-0.0008239324903726969,-3.4026461232409995
4.558333333333334,21.809080193742155,-0.003775579190207367,136.76553734710274,-0.00903221497562678,5.3922941002057385,-34.97720805324152,-0.021801898530062043,-0.0008239324903726969,-3.390127975472068
4.566666666666666,21.718468047898455,-0.003775579190207367,138.55791715071265,-0.00903221497562678,5.896680320902668,-34.97720805324152,-0.021801898530062043,-0.0008239324903726969,-3.4026461232409995
4.575,21.17697697735398,-0.003775579190207367,137.9255678992551,-0.00903221497562678,5.2691147824728946,-34.97720805324152,-0.021801898530062043,-0.0008239324903726969,-1.6228621972358352
4.583333333333333,22.031559179439068,-0.003775579190207367,136.76553734710274,-0.009493133362821057,6.325040300845827,-35.248104215423446,-0.021801898530062043,-0.0008239324903726969,-3.4026461232409995
4.591666666666667,21.809080193742155,-0.003775579190207367,136.76553734710274,-0.00903221497562678,5.1002545159166575,-34.97720805324152,-0.021801898530062043,-0.0008239324903726969,-3.390127975472068
4.6,21.756241865930726,-0.003775579190207367,138.55791715071265,-0.009493133362821057,6.325040300845827,-35.248104215423446,-0.021801898530062043,-0.0008239324903726969,-3.4026461232409995
4.608333333333333,21.42055102708723,-0.003775579190207367,138.92323798874355,-0.009984659872666097,9.142995478689775,-22.93389423473166,-0.021801898530062043,-0.0008239324903726969,-3.4026461232409995
4.616666666666666,21.933572834261025,-0.003775579190207367,136.76553734710274,-0.00903221497562678,5.526040886528727,-34.97720805324152,-0.021801898530062043,-0.0008239324903726969,-3.4026461232409995
4.625,21.933572834261025,-0.003775579190207367,136.76553734710274,-0.00903221497562678,5.526040886528727,-34.97720805324152,-0.021801898530062043,-0.0008239324903726969,-3.4026461232409995
4.633333333333334,22.031559179439068,-0.003775579190207367,136.76553734710274,-0.00903221497562678,5.972291141902966,-34.97720805324152,-0.021801898530062043,-0.0008239324903726969,-3.4026461232409995
4.641666666666667,22.031559179439068,-0.003775579190207367,138.55791715071265,-0.00903221497562678,6.152338456913622,-34.97720805324152,-0.021801898530062043,-0.0008239324903726969,-3.4026461232409995
4.65,21.933572834261025,-0.003775579190207367,136.76553734710274,-0.00903221497562678,5.526040886528727,-34.97720805324152,-0.021801898530062043,-0.0008239324903726969,-3.4026461232409995
4.658333333333333,22.031559179439068,-0.003775579190207367,137.9255678992551,-0.00903221497562678,5.896680320902668,-34.97720805324152,-0.021801898530062043,-0.0008239324903726969,-1.6228621972358352
4.666666666666667,21.38445011680351,-0.003775579190207367,136.76553734710274,-0.00903221497562678,5.1002545159166575,-34.97720805324152,-0.021801898530062043,-0.0008239324903726969,-3.390127975472068
4.675,21.933572834261025,-0.003775579190207367,134.50104608390302,-0.00903221497562678,5.370988039594182,-34.97720805324152,-0.021801898530062043,-0.0008239324903726969,-0.8778635645179376
4.683333333333334,21.718468047898455,-0.003775579190207367,138.55791715071265,-0.009493133362821057,6.152338456913622,-34.97720805324152,-0.021801898530062043,-0.0008239324903726969,-3.4026461232409995
4.691666666666666,21.5766089464926,-0.003775579190207367,138.55791715071265,-0.009984659872666097,6.325040300845827,-35.248104215423446,-0.021801898530062043,-0.0008239324903726969,-3.4026461232409995
4.7,21.37572490787363,-0.003775579190207367,136.76553734710274,-0.00903221497562678,5.1002545159166575,-34.97720805324152,-0.021801898530062043,-0.0008239324903726969,-3.4026461232409995
4.708333333333333,21.747516657000844,-0.003775579190207367,138.55791715071265,-0.00903221497562678,6.325040300845827,-35.248104215423446,-0.021801898530062043,-0.0008239324903726969,-3.4026461232409995
4.716666666666667,21.747516657000844,-0.003775579190207367,138.55791715071265,-0.00903221497562678,6.325040300845827,-35.248104215423446,-0.021801898530062043,-0.0008239324903726969,-3.4026461232409995
4.725,24.742300006481745,-0.003775579190207367,155.61124085445923,0.4167424356273231,8.943202256608375,-7.984811808484394,1.9088801510069924,5.638152665673047,-7.3231713129768945
4.733333333333333,22.395532107441745,-0.003775579190207367,103.90612318491192,0.19758794724774226,6.977189837254235,-36.03930899215634,-0.0603404540091526,-0.0008239324903726969,29.43435418361705
4.741666666666666,22.023443522200722,-0.003775579190207367,105.20000721850144,0.19758794724774226,6.37654896000662,-36.03930899215634,-0.0603404540091526,-0.0008239324903726969,25.726832198574748
4.75,22.473816141315293,-0.003775579190207367,105.88200939091108,0.19758794724774226,7.247923360931761,-36.03930899215634,-0.06555574117712389,-0.0008239324903726969,25.726832198574748
4.758333333333334,22.395532107441745,-0.003775579190207367,103.90612318491192,0.19758794724774226,7.247923360931761,-36.03930899215634,-0.0603404540091526,-0.0008239324903726969,29.43435418361705
4.766666666666667,22.023443522200722,-0.003775579190207367,103.90612318491192,0.19758794724774226,6.37654896000662,-36.03930899215634,-0.0603404540091526,-0.0008239324903726969,29.43435418361705
4.775,22.525333164127662,-0.003775579190207367,104.58812535732156,0.2530042686502356,8.20197562218341,-36.31020515433827,-0.06555574117712389,-0.0008239324903726969,29.43435418361705
4.783333333333333,22.477235511891127,-0.003775579190207367,105.88200939091108,0.2400151975006533,9.81842843636987,-38.787019663638816,-0.06555574117712389,-0.0008239324903726969,24.812250444057984
4.791666666666667,22.395532107441745,-0.003775579190207367,103.90612318491192,0.19758794724774226,7.247923360931761,-36.03930899215634,-0.0603404540091526,-0.0008239324903726969,29.43435418361705
4.8,22.525333164127662,-0.003775579190207367,103.90612318491192,0.19758794724774226,8.029273778251202,-36.03930899215634,-0.06555574117712389,-0.0008239324903726969,29.43435418361705
4.808333333333334,22.473816141315293,-0.003775579190207367,104.58812535732156,0.19758794724774226,7.402976207866306,-36.03930899215634,-0.06555574117712389,-0.0008239324903726969,29.43435418361705
4.816666666666666,22.482646280591144,-0.003775579190207367,111.78675371592418,0.2400151975006533,9.402582009005183,-38.40906023677223,-0.06555574117712389,-0.0008239324903726969,25.3618433831779
4.825,22.525333164127662,-0.003775579190207367,104.58812535732156,0.2400151975006533,8.674295051664224,-36.001362681874916,-0.06555574117712389,-0.0008239324903726969,29.28394182386142
4.833333333333333,22.477235511891127,-0.003775579190207367,104.58812535732156,0.2400151975006533,9.60802289230812,-38.36573140924639,-0.06555574117712389,-0.0008239324903726969,28.519772429100293
4.841666666666667,22.525333164127662,-0.003775579190207367,103.90612318491192,0.18459887609816,7.773615642240248,-36.03930899215634,-0.06555574117712389,-0.0008239324903726969,29.28394182386142
4.85,22.477235511891127,-0.003775579190207367,105.88200939091108,0.2400151975006533,9.60802289230812,-38.44793092511935,-0.06555574117712389,-0.0008239324903726969,25.3618433831779
4.858333333333333,22.48688450304668,-0.003775579190207367,105.0619360921762,0.2400151975006533,12.439336241313665,-8.228345133865817,-0.06555574117712389,-0.0008239324903726969,24.906652714688725
4.866666666666666,22.023443522200722,-0.003775579190207367,103.90612318491192,0.19758794724774226,6.37654896000662,-36.03930899215634,-0.0603404540091526,-0.0008239324903726969,29.43435418361705
4.875,22.660638038152662,0.0010522740260284402,138.31772126475465,-0.04464253017039726,12.150506777210431,-8.015410626443627,0.5107025917170365,-0.08968570520150916,-2.7950233551741706
4.883333333333334,21.709742838968573,-0.003775579190207367,138.55791715071265,-0.00903221497562678,5.972291141902966,-34.97720805324152,-0.021801898530062043,-0.0008239324903726969,-3.4026461232409995
4.891666666666667,21.567883737562717,-0.003775579190207367,138.55791715071265,-0.009493133362821057,6.325040300845827,-35.248104215423446,-0.021801898530062043,-0.0008239324903726969,-3.4026461232409995
4.9,21.346369839875543,-0.003775579190207367,140.62275265318075,-0.009984659872666097,10.9604580125163,-11.187735790116497,-0.021801898530062043,-0.0008239324903726969,-1.6353803450047666
4.908333333333333,21.68699013683966,-0.003775579190207367,137.9255678992551,-0.00903221497562678,5.370988039594182,-35.58156831329127,-0.021801898530062043,-0.0008239324903726969,-1.6228621972358352
4.916666666666667,21.909469122536574,-0.003775579190207367,138.55791715071265,-0.00903221497562678,6.152338456913622,-35.58156831329127,-0.021801898530062043,-0.0008239324903726969,-3.4026461232409995
4.925,21.68699013683966,-0.003775579190207367,136.76553734710274,-0.00903221497562678,5.370988039594182,-35.58156831329127,-0.021801898530062043,-0.0008239324903726969,-3.4026461232409995
4.933333333333334,21.92518811133076,-0.003775579190207367,139.71794770286502,-0.009493133362821057,7.125519233979733,-35.83383090388289,-0.021801898530062043,-0.0008239324903726969,-1.6353803450047666
4.941666666666666,21.41167282333132,-0.003775579190207367,134.50104608390302,-0.00903221497562678,5.370988039594182,-35.58156831329127,-0.021801898530062043,-0.0008239324903726969,-0.8778635645179376
4.95,21.303871738884755,-0.003775579190207367,138.92323798874355,-0.009984659872666097,7.3686448202650165,-35.79496021553577,-0.021801898530062043,-0.0008239324903726969,-3.4026461232409995
4.958333333333333,21.909469122536574,-0.003775579190207367,138.55791715071265,-0.009493133362821057,6.797359730326635,-36.87661871131841,-0.021801898530062043,-0.0008239324903726969,-3.4026461232409995
4.966666666666667,21.303871738884755,-0.003775579190207367,140.08326854089592,-0.009984659872666097,7.439374043048835,-35.83383090388289,-0.021801898530062043,-0.0008239324903726969,-1.6353803450047666
4.975,21.634151809028232,-0.003775579190207367,138.55791715071265,-0.009493133362821057,6.325040300845827,-36.18931485472445,-0.021801898530062043,-0.0008239324903726969,-3.4026461232409995
4.983333333333333,21.303871738884755,-0.003775579190207367,138.92323798874355,-0.009984659872666097,7.3686448202650165,-35.8142788977569,-0.021801898530062043,-0.0008239324903726969,-3.4026461232409995
4.991666666666666,21.27433496925997,-0.003775579190207367,138.92323798874355,-0.009984659872666097,9.036471881070426,-35.90869006654859,-0.021801898530062043,-0.0008239324903726969,-3.4026461232409995
5.0,21.305052090162278,-0.003775579190207367,140.28492730917853,-0.009984659872666097,12.020195942535626,-22.039095206462264,-0.021801898530062043,-0.0008239324903726969,-1.6353803450047666
5.008333333333334,21.634151809028232,-0.003775579190207367,138.55791715071265,-0.009493133362821057,6.325040300845827,-36.18931485472445,-0.021801898530062043,-0.0008239324903726969,-3.4026461232409995
5.016666666666667,21.864559277751994,-0.003775579190207367,137.9255678992551,-0.00903221497562678,6.140489183398034,-35.58156831329127,-0.021801898530062043,-0.0008239324903726969,-1.6228621972358352
5.025,21.68699013683966,-0.003775579190207367,136.76553734710274,-0.00903221497562678,5.370988039594182,-35.58156831329127,-0.021801898530062043,-0.0008239324903726969,-3.4026461232409995
5.033333333333333,21.59637799099596,-0.003775579190207367,138.55791715071265,-0.00903221497562678,5.972291141902966,-35.58156831329127,-0.021801898530062043,-0.0008239324903726969,-3.4026461232409995
5.041666666666667,21.001810420058025,-0.003775579190207367,136.76553734710274,-0.00903221497562678,5.1002545159166575,-35.58156831329127,-0.021801898530062043,-0.0008239324903726969,-3.390127975472068
5.05,21.34518948859802,-0.003775579190207367,139.71794770286502,-0.009984659872666097,7.101496114925199,-37.77278330742444,-0.021801898530062043,-0.0008239324903726969,-1.6353803450047666
5.058333333333334,20.925265708237696,-0.003775579190207367,132.7086662802931,-0.00903221497562678,4.520919699280599,-35.58156831329127,-0.021801898530062043,-0.0008239324903726969,-0.8653454167490053
5.066666666666666,21.634151809028232,-0.003775579190207367,134.50104608390302,-0.00903221497562678,5.896680320902668,-35.58156831329127,-0.021801898530062043,-0.0008239324903726969,-0.8778635645179376
5.075,21.454518889590105,-0.003775579190207367,138.55791715071265,-0.009984659872666097,6.592189006185644,-36.18931485472445,-0.021801898530062043,-0.0008239324903726969,-3.4026461232409995
5.083333333333333,21.41320113987684,-0.003775579190207367,138.92323798874355,-0.009984659872666097,7.064508435666452,-36.87661871131841,-0.021801898530062043,-0.0008239324903726969,-3.4026461232409995
5.091666666666667,21.454518889590105,-0.003775579190207367,134.50104608390302,-0.009984659872666097,6.592189006185644,-36.18931485472445,-0.021801898530062043,-0.0008239324903726969,-1.0466960218060695
5.1,21.191457890533616,-0.003775579190207367,140.28492730917853,-0.009984659872666097,10.039405903243782,-38.27493869875716,-0.021801898530062043,-0.0008239324903726969,-1.6353803450047666
5.108333333333333,21.225687606929537,-0.003775579190207367,136.76553734710274,-0.00903221497562678,5.121560576528214,-36.037976588411794,-0.021801898530062043,-0.0008239324903726969,-3.390127975472068
5.116666666666666,20.965137967086545,-0.003775579190207367,136.76553734710274,-0.00903221497562678,4.957826042231326,-36.037976588411794,-0.021801898530062043,-0.0008239324903726969,-3.4026461232409995
5.125,21.356021702229953,-0.003775579190207367,138.92323798874355,-0.009984659872666097,7.296340213425006,-37.35442737785485,-0.021801898530062043,-0.0008239324903726969,-3.4026461232409995
5.133333333333334,21.568735322973858,-0.003775579190207367,138.55791715071265,-0.00903221497562678,5.972291141902966,-36.037976588411794,-0.021801898530062043,-0.0008239324903726969,-3.4026461232409995
5.141666666666667,21.426876221568,-0.003775579190207367,138.55791715071265,-0.009984659872666097,7.064508435666452,-37.35442737785485,-0.021801898530062043,-0.0008239324903726969,-3.4026461232409995
5.15,21.783840109336428,-0.003775579190207367,138.55791715071265,-0.00903221497562678,5.526040886528727,-36.037976588411794,-0.021801898530062043,-0.0008239324903726969,-3.4026461232409995
5.158333333333333,21.19020535060279,-0.003775579190207367,140.98807349121165,-0.009984659872666097,11.160494098752494,-30.322882591157526,-0.021801898530062043,-0.0008239324903726969,-1.6353803450047666
5.166666666666667,21.60650914100613,-0.003775579190207367,138.55791715071265,-0.00903221497562678,6.325040300845827,-36.31920286531105,-0.021801898530062043,-0.0008239324903726969,-3.4026461232409995
5.175,21.88182645451447,-0.003775579190207367,138.55791715071265,-0.00903221497562678,5.972291141902966,-36.037976588411794,-0.021801898530062043,-0.0008239324903726969,-3.4026461232409995
5.183333333333334,21.264979263574304,-0.003775579190207367,138.55791715071265,-0.009984659872666097,7.125519233979733,-39.50971131615876,-0.021801898530062043,-0.0008239324903726969,-3.4026461232409995
5.191666666666666,21.356021702229953,-0.003775579190207367,138.92323798874355,-0.009984659872666097,7.047054394912415,-37.35442737785485,-0.021801898530062043,-0.0008239324903726969,-3.4026461232409995
5.2,22.19818113963516,-0.003775579190207367,138.55791715071265,-0.00903221497562678,5.972291141902966,-35.67780660235721,-0.021801898530062043,-0.0008239324903726969,-3.4026461232409995
5.208333333333333,22.226902987549142,-0.003775579190207367,140.28492730917853,-0.009984659872666097,8.960714791347518,-40.170600529618405,-0.021801898530062043,-0.0008239324903726969,-1.6353803450047666
5.216666666666667,22.018548220197033,-0.003775579190207367,138.55791715071265,-0.009523741485471821,6.592189006185644,-36.31920286531105,-0.021801898530062043,-0.0008239324903726969,-3.4026461232409995
5.225,22.19818113963516,-0.003775579190207367,138.55791715071265,-0.009493133362821057,6.797359730326635,-37.35442737785485,-0.021801898530062043,-0.0008239324903726969,-3.4026461232409995
5.233333333333333,21.977230470483768,-0.003775579190207367,138.92323798874355,-0.009523741485471821,7.2301258365307515,-37.35442737785485,-0.021801898530062043,-0.0008239324903726969,-3.4026461232409995
5.241666666666666,21.947693700858984,-0.003775579190207367,138.92323798874355,-0.009984659872666097,7.0549657228377995,-37.35442737785485,-0.021801898530062043,-0.0008239324903726969,-3.4026461232409995
5.25,21.977230470483768,-0.003775579190207367,134.86636692193392,-0.009523741485471821,6.163829026242485,-35.67780660235721,-0.021801898530062043,-0.0008239324903726969,-0.8778635645179376
5.258333333333334,21.880198973807012,-0.003775579190207367,138.92323798874355,-0.009984659872666097,9.036471881070426,-39.58457047882445,-0.021801898530062043,-0.0008239324903726969,-3.4026461232409995
5.266666666666667,21.977230470483768,-0.003775579190207367,134.86636692193392,-0.009523741485471821,6.163829026242485,-35.67780660235721,-0.021801898530062043,-0.0008239324903726969,-0.8778635645179376
5.275,21.977230470483768,-0.003775579190207367,138.92323798874355,-0.009523741485471821,6.592189006185644,-36.31920286531105,-0.021801898530062043,-0.0008239324903726969,-3.4026461232409995
5.283333333333333,21.977230470483768,-0.003775579190207367,138.92323798874355,-0.009984659872666097,7.064508435666452,-37.35442737785485,-0.021801898530062043,-0.0008239324903726969,-3.4026461232409995
5.291666666666667,21.805481166005674,-0.003775579190207367,138.92323798874355,-0.009984659872666097,7.3686448202650165,-38.628984146897004,-0.021801898530062043,-0.0008239324903726969,-3.4026461232409995
5.3,22.259106610876565,-0.003775579190207367,140.28492730917853,-0.009984659872666097,10.245286252987388,-49.57873303632869,-0.021801898530062043,-0.0008239324903726969,-1.6353803450047666
5.308333333333334,22.226902987549142,-0.003775579190207367,140.08326854089592,-0.009984659872666097,8.960714791347518,-40.170600529618405,-0.021801898530062043,-0.0008239324903726969,-1.6353803450047666
5.316666666666666,21.556809965715576,-0.003775579190207367,136.76553734710274,-0.00903221497562678,4.957826042231326,-36.037976588411794,-0.021801898530062043,-0.0008239324903726969,-3.390127975472068
5.325,22.018548220197033,-0.003775579190207367,138.55791715071265,-0.009523741485471821,6.152338456913622,-35.67780660235721,-0.021801898530062043,-0.0008239324903726969,-3.4026461232409995
5.333333333333333,21.947693700858984,-0.003775579190207367,134.86636692193392,-0.009984659872666097,6.409944449424787,-35.67780660235721,-0.021801898530062043,-0.0008239324903726969,-1.0466960218060695
5.341666666666667,22.071011371921962,-0.003775579190207367,140.08326854089592,-0.009523741485471821,7.3686448202650165,-39.23433287991209,-0.021801898530062043,-0.0008239324903726969,-1.6353803450047666
5.35,22.1457291797233,-0.003775579190207367,140.08326854089592,-0.009984659872666097,9.152830812377113,-45.94985293925259,-0.021801898530062043,-0.0008239324903726969,-1.6353803450047666
5.358333333333333,21.977230470483768,-0.003775579190207367,138.92323798874355,-0.009984659872666097,7.064508435666452,-37.35442737785485,-0.021801898530062043,-0.0008239324903726969,-3.4026461232409995
5.366666666666666,21.977230470483768,-0.003775579190207367,138.92323798874355,-0.009984659872666097,6.592189006185644,-36.31920286531105,-0.021801898530062043,-0.0008239324903726969,-3.4026461232409995
5.375,22.228083338826664,-0.003775579190207367,140.98807349121165,-0.009984659872666097,11.749833977440824,-45.96763267394856,-0.021801898530062043,-0.0008239324903726969,-1.903976531207337
5.383333333333334,22.473498453143502,-0.003775579190207367,138.55791715071265,-0.00903221497562678,6.152338456913622,-36.037976588411794,-0.021801898530062043,-0.0008239324903726969,-3.4026461232409995
5.391666666666667,21.57230756939944,-0.003775579190207367,129.07300875078917,-0.00903221497562678,4.499613638669042,-36.037976588411794,-0.021801898530062043,-0.0008239324903726969,1.183111429249185
5.4,22.210464908071184,-0.003775579190207367,140.28492730917853,-0.009984659872666097,10.234348531668582,-52.05461542042089,-0.021801898530062043,-0.0008239324903726969,-1.6353803450047666
5.408333333333333,22.02503652281922,-0.003775579190207367,140.08326854089592,-0.009984659872666097,7.383125226490898,-39.215014197690955,-0.021801898530062043,-0.0008239324903726969,-1.6353803450047666
5.416666666666667,21.80092152608061,-0.003775579190207367,134.50104608390302,-0.00903221497562678,5.1002545159166575,-36.037976588411794,-0.021801898530062043,-0.0008239324903726969,-0.8778635645179376
5.425,22.359074028487502,-0.003775579190207367,138.55791715071265,-0.00903221497562678,5.370988039594182,-36.037976588411794,-0.021801898530062043,-0.0008239324903726969,-3.4026461232409995
5.433333333333334,21.54037188623762,-0.003775579190207367,132.7086662802931,-0.00903221497562678,4.499613638669042,-36.037976588411794,-0.021801898530062043,-0.0008239324903726969,-0.8778635645179376
5.441666666666666,21.96079239100581,-0.003775579190207367,138.92323798874355,-0.009984659872666097,7.064508435666452,-37.35442737785485,-0.021801898530062043,-0.0008239324903726969,-3.4026461232409995
5.45,21.944934702154896,-0.003775579190207367,138.92323798874355,-0.009984659872666097,9.152830812377113,-45.363822888458635,-0.021801898530062043,-0.0008239324903726969,-3.4026461232409995
5.458333333333333,21.85088728009117,-0.003775579190207367,138.92323798874355,-0.009984659872666097,6.582646293356992,-36.31920286531105,-0.021801898530062043,-0.0008239324903726969,-3.4026461232409995
5.466666666666667,22.340634737950033,-0.003775579190207367,140.08326854089592,-0.009984659872666097,9.826296339122925,-45.87670748969109,-0.021801898530062043,-0.0008239324903726969,-1.6353803450047666
5.475,21.931255621381027,-0.003775579190207367,138.92323798874355,-0.009523741485471821,6.409944449424787,-35.67780660235721,-0.021801898530062043,-0.0008239324903726969,-3.4026461232409995
5.483333333333333,21.96079239100581,-0.003775579190207367,138.92323798874355,-0.009984659872666097,6.592189006185644,-36.31920286531105,-0.021801898530062043,-0.0008239324903726969,-3.4026461232409995
5.491666666666666,22.722590579581833,-0.003775579190207367,137.9255678992551,-0.00903221497562678,6.325040300845827,-36.679372851365635,-0.021801898530062043,-0.0008239324903726969,-1.6353803450047666
5.5,22.40949944804122,-0.003775579190207367,139.71794770286502,-0.00903221497562678,6.797359730326635,-37.714597363909434,-0.021801898530062043,-0.0008239324903726969,-1.6353803450047666
5.508333333333334,22.210464908071184,-0.003775579190207367,140.28492730917853,-0.009984659872666097,9.831468705636777,-45.386634549783516,-0.021801898530062043,-0.0008239324903726969,-1.6353803450047666
5.516666666666667,22.457060373665545,-0.003775579190207367,138.55791715071265,-0.009493133362821057,6.797359730326635,-37.714597363909434,-0.021801898530062043,-0.0008239324903726969,-3.4026461232409995
5.525,21.948781907135057,-0.003775579190207367,138.92323798874355,-0.009984659872666097,10.814483027345902,-57.93860541050775,-0.021801898530062043,-0.0008239324903726969,-3.4026461232409995
5.533333333333333,22.143969242124932,-0.003775579190207367,134.50104608390302,-0.009493133362821057,6.152338456913622,-36.037976588411794,-0.021801898530062043,-0.0008239324903726969,-0.8778635645179376
5.541666666666667,21.843346978431413,-0.003775579190207367,138.92323798874355,-0.009984659872666097,7.383125226490898,-39.50971131615876,-0.021801898530062043,-0.0008239324903726969,-3.4026461232409995
5.55,27.045873136356146,-0.003775579190207367,160.17417318227643,0.5004742389914572,12.65484911362688,-56.37396400431911,1.7089327936768093,5.638152665673047,-6.095804673126374
5.558333333333334,23.78999113416626,-0.003775579190207367,104.58812535732156,0.2530042686502356,8.20197562218341,-41.94244151370637,-0.06555574117712389,-0.0008239324903726969,29.43435418361705
5.566666666666666,23.813416335680657,-0.003775579190207367,106.03342676937392,0.2400151975006533,8.674295051664224,-46.321291590656884,-0.06555574117712389,-0.0008239324903726969,25.576419838819117
5.575,23.78999113416626,-0.003775579190207367,104.58812535732156,0.2530042686502356,8.20197562218341,-41.94244151370637,-0.06555574117712389,-0.0008239324903726969,29.43435418361705
5.583333333333333,23.70595170583901,-0.003775579190207367,106.03342676937392,0.2400151975006533,9.60802289230812,-53.37339702371891,-0.06555574117712389,-0.0008239324903726969,24.812250444057984
5.591666666666667,23.70595170583901,-0.003775579190207367,106.03342676937392,0.2400151975006533,9.81842843636987,-53.79468527811133,-0.06555574117712389,-0.0008239324903726969,24.812250444057984
5.6,23.70896244946142,-0.003775579190207367,111.20252283187882,0.2400151975006533,9.402582009005183,-53.37339702371891,-0.06555574117712389,-0.0008239324903726969,25.281397719715475
5.608333333333333,23.813416335680657,-0.003775579190207367,106.03342676937392,0.2400151975006533,8.20197562218341,-41.94244151370637,-0.06555574117712389,-0.0008239324903726969,25.576419838819117
5.616666666666666,23.813416335680657,-0.003775579190207367,111.93817109438704,0.2400151975006533,8.20197562218341,-41.94244151370637,-0.06555574117712389,-0.0008239324903726969,25.576419838819117
5.625,23.70896244946142,-0.003775579190207367,111.20252283187882,0.2400151975006533,9.402582009005183,-52.57486937033011,-0.06555574117712389,-0.0008239324903726969,25.83099065883539
5.633333333333334,23.75778656502188,-0.003775579190207367,106.03342676937392,0.2400151975006533,10.815650985557461,-53.21845961043481,-0.06555574117712389,-0.0008239324903726969,25.3618433831779
5.641666666666667,23.761899312868287,-0.003775579190207367,105.35142459696428,0.18459887609816,7.247923360931761,-40.29394618222775,-0.0603404540091526,-0.0008239324903726969,25.576419838819117
5.65,23.813416335680657,-0.003775579190207367,106.03342676937392,0.2400151975006533,8.20197562218341,-41.94244151370637,-0.06555574117712389,-0.0008239324903726969,25.576419838819117
5.658333333333333,23.70595170583901,-0.003775579190207367,106.03342676937392,0.2400151975006533,9.402582009005183,-52.57486937033011,-0.06555574117712389,-0.0008239324903726969,25.3618433831779
5.666666666666667,23.767435556177436,-0.003775579190207367,109.05866796588903,0.23777593478969222,16.46558569371156,-57.191223936853824,-0.06555574117712389,-0.0008239324903726969,24.377730730061742
5.675,23.761899312868287,-0.003775579190207367,106.03342676937392,0.19758794724774226,7.247923360931761,-40.29394618222775,-0.06555574117712389,-0.0008239324903726969,25.726832198574748
5.683333333333334,23.70595170583901,-0.003775579190207367,106.03342676937392,0.2400151975006533,9.402582009005183,-51.5230906121393,-0.06555574117712389,-0.0008239324903726969,25.3618433831779
5.691666666666666,23.813416335680657,-0.003775579190207367,106.03342676937392,0.2400151975006533,8.20197562218341,-41.94244151370637,-0.06555574117712389,-0.0008239324903726969,25.576419838819117
5.7,23.279071707289944,-0.003775579190207367,103.90612318491192,0.19758794724774226,6.37654896000662,-40.29394618222775,-0.0603404540091526,-0.0008239324903726969,29.43435418361705
5.708333333333333,23.813416335680657,-0.003775579190207367,105.35142459696428,0.18459887609816,7.849226463240546,-40.29394618222775,-0.06555574117712389,-0.0008239324903726969,25.576419838819117
5.716666666666667,23.75778656502188,-0.003775579190207367,106.03342676937392,0.2400151975006533,11.695468742821053,-59.09611747474164,-0.06555574117712389,-0.0008239324903726969,24.812250444057984
5.725,23.30249690880434,-0.003775579190207367,105.35142459696428,0.18459887609816,6.977189837254235,-40.29394618222775,-0.06555574117712389,-0.0008239324903726969,25.576419838819117
5.733333333333333,23.674585494045363,-0.003775579190207367,106.03342676937392,0.19758794724774226,7.247923360931761,-40.29394618222775,-0.06555574117712389,-0.0008239324903726969,25.726832198574748
5.741666666666666,23.761899312868287,-0.003775579190207367,111.93817109438704,0.18459887609816,7.402976207866306,-40.29394618222775,-0.06555574117712389,-0.0008239324903726969,25.576419838819117
5.75,23.813416335680657,-0.003775579190207367,106.03342676937392,0.2400151975006533,8.674295051664224,-46.321291590656884,-0.06555574117712389,-0.0008239324903726969,25.576419838819117
5.758333333333334,23.75778656502188,-0.003775579190207367,111.20252283187882,0.2400151975006533,10.993902548803419,-53.21845961043481,-0.06555574117712389,-0.0008239324903726969,25.83099065883539
5.766666666666667,23.75778656502188,-0.003775579190207367,106.03342676937392,0.2400151975006533,12.146328186078643,-67.9037081163927,-0.06555574117712389,-0.0008239324903726969,24.812250444057984
5.775,23.813416335680657,-0.003775579190207367,112.0225961306137,0.2400151975006533,8.20197562218341,-41.94244151370637,-0.06555574117712389,-0.0008239324903726969,25.576419838819117
5.783333333333333,23.770446299799847,-0.003775579190207367,109.05866796588903,0.23777593478969222,15.442617106622599,-59.5750503156025,-0.06555574117712389,-0.0008239324903726969,24.377730730061742
5.791666666666667,23.89106283123727,-0.003775579190207367,137.34458350288102,2.9539425887886144,16.706878057644765,-62.054983532403426,2.5862896203733645,-0.284288007309298,-2.9142926596665326
5.8,22.07389796918501,-0.003775579190207367,138.92323798874355,-0.009984659872666097,7.064508435666452,-37.35442737785485,-0.021801898530062043,-0.0008239324903726969,-3.4026461232409995
5.808333333333334,22.4721796066667,-0.003775579190207367,134.50104608390302,-0.00903221497562678,5.370988039594182,-36.037976588411794,-0.021801898530062043,-0.0008239324903726969,-0.8778635645179376
5.816666666666666,21.96399285827037,-0.003775579190207367,138.92323798874355,-0.009984659872666097,7.6691942350888205,-37.35442737785485,-0.021801898530062043,-0.0008239324903726969,-3.4026461232409995
5.825,22.060707134036733,-0.003775579190207367,138.92323798874355,-0.009984659872666097,8.223259357712013,-39.330555817938084,-0.021801898530062043,-0.0008239324903726969,-3.4026461232409995
5.833333333333333,22.324750837527905,-0.003775579190207367,139.9935301859546,-0.009984659872666097,14.734317396275719,-67.10196380405134,-0.021801898530062043,-0.0008239324903726969,-2.0631625163750655
5.841666666666667,22.24189002240565,-0.003775579190207367,141.0065118067721,-0.011127436870417241,10.516355485512356,-56.05085137996262,-0.2360483337173492,-0.0008239324903726969,-1.6353803450047666
5.85,22.2943097406489,-0.003775579190207367,140.28492730917853,-0.009984659872666097,10.57377308251964,-56.05085137996262,-0.021801898530062043,-0.0008239324903726969,-0.8686337873245071
5.858333333333333,22.115215718898273,-0.003775579190207367,138.55791715071265,-0.009984659872666097,7.064508435666452,-37.35442737785485,-0.021801898530062043,-0.0008239324903726969,-3.4026461232409995
5.866666666666666,21.86994504137949,-0.003775579190207367,138.92323798874355,-0.009984659872666097,7.828329207473599,-38.628984146897004,-0.021801898530062043,-0.0008239324903726969,-3.4026461232409995
5.875,21.95378570290797,-0.003775579190207367,138.92323798874355,-0.009984659872666097,8.377712139786373,-39.50971131615876,-0.021801898530062043,-0.0008239324903726969,-3.4026461232409995
5.883333333333334,22.324984800022193,-0.003775579190207367,140.28492730917853,-0.009984659872666097,10.913754271891897,-63.72679090207869,-0.021801898530062043,-0.0008239324903726969,-1.6353803450047666
5.891666666666667,22.13814210099842,-0.003775579190207367,140.08326854089592,-0.009984659872666097,7.429831330220182,-40.09574136695271,-0.021801898530062043,-0.0008239324903726969,-1.6353803450047666
5.9,22.228198510352705,-0.003775579190207367,138.92323798874355,-0.009984659872666097,7.246632121283669,-37.35442737785485,-0.021801898530062043,-0.0008239324903726969,-3.4026461232409995
5.908333333333333,22.315346710328534,-0.003775579190207367,139.9935301859546,-0.011127436870417241,15.732274495323276,-67.25943327903677,-0.2360483337173492,-0.0008239324903726969,-2.0631625163750655
5.916666666666667,22.4491046818411,-0.003775579190207367,140.08326854089592,-0.009984659872666097,7.815477938608515,-40.51702962134513,-0.021801898530062043,-0.0008239324903726969,-1.6353803450047666
5.925,22.351690471973146,-0.003775579190207367,140.28492730917853,-0.009984659872666097,14.094361716192328,-67.59907750557191,-0.021801898530062043,-0.0008239324903726969,-1.903976531207337
5.933333333333334,22.23593625478171,-0.003775579190207367,139.91960647114763,-0.009984659872666097,7.142025518732651,-40.09574136695271,-0.021801898530062043,-0.0008239324903726969,-1.6353803450047666
5.941666666666666,22.16241488174102,-0.003775579190207367,140.28492730917853,-0.009984659872666097,8.28470503864576,-40.51702962134513,-0.021801898530062043,-0.0008239324903726969,-1.6353803450047666
5.95,22.353176974398263,-0.003775579190207367,140.28492730917853,-0.009984659872666097,10.1571781533697,-56.05085137996262,-0.021801898530062043,-0.0008239324903726969,-1.6353803450047666
5.958333333333333,22.37006277289272,-0.003775579190207367,140.28492730917853,-0.009984659872666097,8.604623968601041,-40.51702962134513,-0.021801898530062043,-0.0008239324903726969,-1.6353803450047666
5.966666666666667,22.351690471973146,-0.003775579190207367,140.98807349121165,-0.009984659872666097,14.097000420625296,-67.34114032161978,-0.021801898530062043,-0.0008239324903726969,-2.0631625163750655
5.975,22.66883093291648,-0.003775579190207367,140.08326854089592,-0.009984659872666097,10.613706534721985,-56.47772427241494,-0.021801898530062043,-0.0008239324903726969,-1.6353803450047666
5.983333333333333,22.55335925926722,-0.003775579190207367,140.08326854089592,-0.009984659872666097,10.593946761274896,-56.05085137996262,-0.021801898530062043,-0.0008239324903726969,-1.6353803450047666
5.991666666666666,22.449149179504097,-0.003775579190207367,134.50104608390302,-0.00903221497562678,5.874722911927677,-35.67780660235721,-0.021801898530062043,-0.0008239324903726969,-0.8778635645179376
6.0,22.468414685553235,-0.003775579190207367,140.28492730917853,-0.009984659872666097,14.094361716192328,-66.78621931943368,-0.021801898530062043,-0.0008239324903726969,-1.6353803450047666
6.008333333333334,22.468414685553235,-0.003775579190207367,140.28492730917853,-0.009984659872666097,14.5375892137662,-66.78621931943368,-0.021801898530062043,-0.0008239324903726969,-2.0631625163750655
6.016666666666667,22.217640408857807,-0.003775579190207367,134.50104608390302,-0.009523741485471821,5.349030630619191,-35.67780660235721,-0.021801898530062043,-0.0008239324903726969,-0.8778635645179376
6.025,22.448826740037987,-0.003775579190207367,139.9935301859546,-0.009984659872666097,16.505030845519244,-67.41001077162713,-0.08127441876808618,-0.0008239324903726969,-2.1637956577921216
6.033333333333333,22.4491046818411,-0.003775579190207367,140.08326854089592,-0.009984659872666097,7.815477938608515,-40.51702962134513,-0.021801898530062043,-0.0008239324903726969,-1.6353803450047666
6.041666666666667,22.29165358338046,0.0010522740260284402,138.1229416147895,-0.021608611677135157,16.500014622881547,-65.00263323796199,-0.2360483337173492,-0.0008239324903726969,-2.5699832795036297
6.05,22.118293399438066,-0.003775579190207367,138.92323798874355,-0.009523741485471821,6.387987040449795,-35.67780660235721,-0.021801898530062043,-0.0008239324903726969,-3.4026461232409995
6.058333333333334,22.228198510352705,-0.003775579190207367,134.86636692193392,-0.009984659872666097,6.397529753278448,-35.67780660235721,-0.021801898530062043,-0.0008239324903726969,-0.8778635645179376
6.066666666666666,22.118293399438066,-0.003775579190207367,138.92323798874355,-0.009523741485471821,6.387987040449795,-35.67780660235721,-0.021801898530062043,-0.0008239324903726969,-3.4026461232409995
6.075,22.10240066809897,-0.003775579190207367,138.92323798874355,-0.009984659872666097,7.375608392189282,-38.64830282911814,-0.021801898530062043,-0.0008239324903726969,-3.4026461232409995
6.083333333333333,22.10240066809897,-0.003775579190207367,138.92323798874355,-0.009984659872666097,7.375608392189282,-38.628984146897004,-0.021801898530062043,-0.0008239324903726969,-3.4026461232409995
6.091666666666667,22.353176974398263,-0.003775579190207367,140.28492730917853,-0.009984659872666097,8.977221076100436,-40.170600529618405,-0.021801898530062043,-0.0008239324903726969,-1.6353803450047666
6.1,22.4491046818411,-0.003775579190207367,140.08326854089592,-0.009984659872666097,8.188777541236353,-40.09574136695271,-0.021801898530062043,-0.0008239324903726969,-1.6353803450047666
6.108333333333333,22.36526402031262,-0.003775579190207367,140.08326854089592,-0.009984659872666097,8.164754422181815,-39.215014197690955,-0.021801898530062043,-0.0008239324903726969,-1.6353803450047666
6.116666666666666,22.350510120695624,-0.003775579190207367,140.98807349121165,-0.009984659872666097,9.847974990389694,-45.386634549783516,-0.021801898530062043,-0.0008239324903726969,-1.6353803450047666
6.125,22.118293399438066,-0.003775579190207367,138.92323798874355,-0.009984659872666097,6.8572141404870335,-35.67780660235721,-0.021801898530062043,-0.0008239324903726969,-3.4026461232409995
6.133333333333334,22.188103639233024,-0.003775579190207367,134.86636692193392,-0.009523741485471821,5.606636623130355,-35.67780660235721,-0.021801898530062043,-0.0008239324903726969,-0.8778635645179376
6.141666666666667,22.465981794344884,-0.003775579190207367,140.28492730917853,-0.009984659872666097,11.160494098752494,-71.698175168265,-0.021801898530062043,-0.0008239324903726969,-1.6353803450047666
6.15,22.118293399438066,-0.003775579190207367,138.92323798874355,-0.009984659872666097,7.502235413900044,-37.35442737785485,-0.021801898530062043,-0.0008239324903726969,-3.4026461232409995
6.158333333333333,22.228198510352705,-0.003775579190207367,138.92323798874355,-0.009523741485471821,6.397529753278448,-35.67780660235721,-0.021801898530062043,-0.0008239324903726969,-3.4026461232409995
6.166666666666667,22.19866174072792,-0.003775579190207367,134.86636692193392,-0.009523741485471821,6.463744130172703,-35.67780660235721,-0.021801898530062043,-0.0008239324903726969,-0.8778635645179376
6.175,22.257239530929972,0.0010522740260284402,138.41433873801344,-0.0007367690684809271,15.338877442928748,-69.67327817098594,-0.2360483337173492,-0.0008239324903726969,-2.5699832795036297
6.183333333333334,22.29165358338046,0.0010522740260284402,138.1229416147895,-0.021608611677135157,16.919850794717224,-69.81064606328106,-0.2360483337173492,-0.0008239324903726969,-0.8434803298721985
6.191666666666666,22.118293399438066,-0.003775579190207367,138.92323798874355,-0.009984659872666097,7.174917396633024,-36.31920286531105,-0.021801898530062043,-0.0008239324903726969,-3.4026461232409995
6.2,22.383823605354355,-0.003775579190207367,140.08326854089592,-0.009984659872666097,7.647236826113829,-37.35442737785485,-0.021801898530062043,-0.0008239324903726969,-1.6353803450047666
6.208333333333333,22.26910765400313,0.0010522740260284402,138.4997571827712,-0.0007367690684809271,9.661680679971134,-43.027466787995074,-0.2360483337173492,-0.0008239324903726969,-2.410797294335901
6.216666666666667,22.4491046818411,-0.003775579190207367,140.08326854089592,-0.009984659872666097,7.4463376149731,-40.09574136695271,-0.021801898530062043,-0.0008239324903726969,-1.6353803450047666
6.225,22.763239852038744,0.0010522740260284402,140.0104848009181,-0.009984659872666097,15.57593091748741,-73.79236090459281,-0.021801898530062043,-0.0008239324903726969,-1.903976531207337
6.233333333333333,22.47431735031884,-0.003775579190207367,141.0065118067721,-0.009984659872666097,10.337698759635376,-44.90092682049282,-0.021801898530062043,-0.0008239324903726969,-1.6353803450047666
6.241666666666666,22.228198510352705,-0.003775579190207367,138.92323798874355,-0.009523741485471821,6.397529753278448,-35.67780660235721,-0.021801898530062043,-0.0008239324903726969,-3.4026461232409995
6.25,22.351690471973146,-0.003775579190207367,140.98807349121165,-0.009984659872666097,15.57593091748741,-74.57485254597462,-0.021801898530062043,-0.0008239324903726969,-1.6353803450047666
6.258333333333334,22.37006277289272,-0.003775579190207367,140.28492730917853,-0.009984659872666097,8.235483644965639,-40.09574136695271,-0.021801898530062043,-0.0008239324903726969,-1.6353803450047666
6.266666666666667,22.287829053350933,-0.003775579190207367,138.92323798874355,-0.009984659872666097,8.633235652779266,-39.330555817938084,-0.021801898530062043,-0.0008239324903726969,-3.4026461232409995
6.275,22.46951859773874,-0.003775579190207367,140.08326854089592,-0.009984659872666097,9.232881749508103,-40.170600529618405,-0.021801898530062043,-0.0008239324903726969,-1.6353803450047666
6.283333333333333,22.468414685553235,-0.003775579190207367,140.98807349121165,-0.009984659872666097,15.57593091748741,-73.23649747817957,-0.021801898530062043,-0.0008239324903726969,-1.6353803450047666
6.291666666666667,22.554539610544744,-0.003775579190207367,140.08326854089592,-0.009984659872666097,15.57593091748741,-74.0493556643178,-0.021801898530062043,-0.0008239324903726969,-1.6353803450047666
6.3,22.367930874015258,-0.003775579190207367,140.08326854089592,-0.009984659872666097,7.815477938608515,-40.51702962134513,-0.021801898530062043,-0.0008239324903726969,-1.6353803450047666
6.308333333333334,22.468414685553235,-0.003775579190207367,140.98807349121165,-0.009984659872666097,11.172493535381971,-73.23649747817957,-0.021801898530062043,-0.0008239324903726969,-1.6353803450047666
6.316666666666666,22.66883093291648,-0.003775579190207367,140.08326854089592,-0.009984659872666097,11.276127158065842,-69.05378329597426,-0.021801898530062043,-0.0008239324903726969,0.737128160396621
6.325,22.25719410734262,0.0010522740260284402,138.1229416147895,-0.010225312055861843,19.494020065505357,-74.19715741382393,-0.2955208539553734,-0.0008239324903726969,-2.670616420920686
6.333333333333333,22.20665524552509,-0.003775579190207367,138.92323798874355,-0.009984659872666097,9.052978165823344,-39.58457047882445,-0.021801898530062043,-0.0008239324903726969,-3.4026461232409995
6.341666666666667,22.37642537314835,-0.003775579190207367,140.28492730917853,-0.009984659872666097,8.188777541236353,-40.09574136695271,-0.021801898530062043,-0.0008239324903726969,-1.6353803450047666
6.35,22.26557508690393,0.0010522740260284402,138.4997571827712,-0.0007367690684809271,10.594727946005772,-63.32147015202243,-0.2360483337173492,-0.0008239324903726969,-2.410797294335901
6.358333333333333,22.349257580764796,-0.003775579190207367,140.98807349121165,-0.009984659872666097,11.176855913519848,-74.41953132337827,-0.021801898530062043,-0.0008239324903726969,-1.6353803450047666
6.366666666666666,22.243306109837654,0.0010522740260284402,138.32828824128487,-0.010225312055861843,19.472336337618703,-70.1436777195744,-0.2955208539553734,-0.0008239324903726969,-2.670616420920686
6.375,22.27380046865674,0.0010522740260284402,141.0072099168625,-0.009984659872666097,11.176855913519848,-73.60667313724004,-0.021801898530062043,-0.0008239324903726969,-1.6353803450047666
6.383333333333334,22.37006277289272,-0.003775579190207367,140.28492730917853,-0.009984659872666097,8.188777541236353,-39.215014197690955,-0.021801898530062043,-0.0008239324903726969,-1.6353803450047666
6.391666666666667,22.118293399438066,-0.003775579190207367,138.92323798874355,-0.009984659872666097,7.033008313862808,-37.35442737785485,-0.021801898530062043,-0.0008239324903726969,-3.4026461232409995
6.4,22.18357447592481,-0.003775579190207367,138.92323798874355,-0.009984659872666097,7.399631511243816,-39.50971131615876,-0.021801898530062043,-0.0008239324903726969,-3.4026461232409995
6.408333333333333,22.13598380571952,0.0010522740260284402,138.31364648901774,-0.0007367690684809271,10.594727946005772,-66.45725122347407,-0.2360483337173492,-0.0008239324903726969,-0.39724331682412645
6.416666666666667,22.620202954555573,0.0010522740260284402,140.0104848009181,-0.009984659872666097,10.630068349489338,-63.363866928606775,-0.021801898530062043,-0.0008239324903726969,-1.6353803450047666
6.425,22.468414685553235,0.0010522740260284402,141.0072099168625,-0.009984659872666097,16.04026737207764,-76.21829589495269,-0.021801898530062043,-0.0008239324903726969,-1.903976531207337
6.433333333333334,25.295747705650452,-0.003775579190207367,123.23272310100721,0.43429171356484325,15.615473742522935,-72.52356274340195,3.210208335370852,7.306707373368879,-9.175098866452753
6.441666666666666,23.904746262936488,-0.003775579190207367,111.20252283187882,0.2400151975006533,12.924972813503546,-67.66016019332267,-0.06555574117712389,-0.0008239324903726969,25.129930307418796
6.45,23.955141243328963,-0.003775579190207367,106.03342676937392,0.2400151975006533,8.559961973504826,-46.239092074783926,-0.06555574117712389,-0.0008239324903726969,25.018539356120606
6.458333333333333,23.905324134422962,-0.003775579190207367,111.66372182633323,0.2400151975006533,11.373371825355427,-59.09611747474164,-0.06555574117712389,-0.0008239324903726969,25.27311017613688
6.466666666666667,23.905324134422962,-0.003775579190207367,111.20252283187882,0.2400151975006533,11.695468742821053,-59.09611747474164,-0.06555574117712389,-0.0008239324903726969,25.281397719715475
6.475,23.90717915414484,-0.003775579190207367,111.20252283187882,0.2400151975006533,17.697638372820403,-73.82913781130932,-0.06555574117712389,-0.0008239324903726969,24.89836517111013
6.483333333333333,23.92316484533646,-0.003775579190207367,106.03342676937392,0.2400151975006533,9.81842843636987,-53.87688479398429,-0.06555574117712389,-0.0008239324903726969,25.3618433831779
6.491666666666666,23.85348927524009,-0.003775579190207367,111.20252283187882,0.2400151975006533,9.402582009005183,-52.57486937033011,-0.06555574117712389,-0.0008239324903726969,25.83099065883539
6.5,23.873196967411356,-0.003775579190207367,57.51695400424466,0.23777593478969222,18.836389936101593,-75.06221765280554,-0.06248524978957994,-0.0008239324903726969,25.171814595330623
6.508333333333334,23.85047853161768,-0.003775579190207367,111.20252283187882,0.2400151975006533,9.402582009005183,-54.755394953046014,-0.06555574117712389,-0.0008239324903726969,25.281397719715475
6.516666666666667,23.904746262936488,-0.003775579190207367,111.66372182633323,0.2400151975006533,12.924972813503546,-68.36774315316207,-0.06555574117712389,-0.0008239324903726969,25.129930307418796
6.525,24.36427868778464,0.0010522740260284402,67.23047408261871,0.2400151975006533,18.5520888885552,-80.19605015865255,-0.06248524978957994,-0.0008239324903726969,25.171814595330623
6.533333333333333,23.85348927524009,-0.003775579190207367,111.96014614132305,0.2400151975006533,9.288248930845786,-54.755394953046014,-0.06555574117712389,-0.0008239324903726969,25.27311017613688
6.541666666666667,23.905324134422962,-0.003775579190207367,111.96014614132305,0.2400151975006533,12.048356922686601,-76.01147127874995,-0.06555574117712389,-0.0008239324903726969,25.27311017613688
6.55,24.36427868778464,0.0010522740260284402,65.08661921662893,0.23777593478969222,21.21175516373651,-81.72811162968537,-0.06248524978957994,-0.0008239324903726969,25.012628610162892
6.558333333333334,23.85348927524009,-0.003775579190207367,112.5581951988023,0.24974923167899193,9.288248930845786,-54.755394953046014,-0.06555574117712389,-0.0008239324903726969,25.27311017613688
6.566666666666666,23.85348927524009,-0.003775579190207367,111.20252283187882,0.2400151975006533,9.402582009005183,-53.20057764456729,-0.06555574117712389,-0.0008239324903726969,25.281397719715475
6.575,23.905324134422962,-0.003775579190207367,111.66372182633323,0.2400151975006533,11.109151631623021,-60.61961256397105,-0.06555574117712389,-0.0008239324903726969,25.27311017613688
6.583333333333333,23.873196967411356,0.0010522740260284402,59.883803591549835,0.2400151975006533,19.236645099739434,-75.4362506843211,-0.06248524978957994,-0.0008239324903726969,25.012628610162892
6.591666666666667,23.85047853161768,-0.003775579190207367,111.20252283187882,0.2400151975006533,9.402582009005183,-53.28277716044025,-0.06555574117712389,-0.0008239324903726969,25.83099065883539
6.6,23.947731349996303,-0.003775579190207367,111.20252283187882,0.2400151975006533,8.20197562218341,-41.94244151370637,-0.06555574117712389,-0.0008239324903726969,26.045567114476608
6.608333333333333,23.81631040169367,-0.003775579190207367,105.35142459696428,0.18459887609816,7.247923360931761,-40.29394618222775,-0.06555574117712389,-0.0008239324903726969,25.576419838819117
6.616666666666666,23.85348927524009,-0.003775579190207367,111.20252283187882,0.2400151975006533,9.402582009005183,-52.23099840224943,-0.06555574117712389,-0.0008239324903726969,25.83099065883539
6.625,23.905324134422962,-0.003775579190207367,111.66372182633323,0.2400151975006533,11.109151631623021,-60.69275801353255,-0.06555574117712389,-0.0008239324903726969,25.27311017613688
6.633333333333334,24.291691595304627,0.0010522740260284402,136.66568658809305,-0.07183542753091168,21.556888276404347,-74.68799085074401,1.0958870778259928,-0.284288007309298,-3.0984433967572107
6.641666666666667,22.47431735031884,-0.003775579190207367,140.28492730917853,-0.009984659872666097,10.61030857604225,-62.02998219510268,-0.021801898530062043,-0.0008239324903726969,-1.6353803450047666
6.65,22.350510120695624,-0.003775579190207367,140.28492730917853,-0.009984659872666097,10.61030857604225,-62.02998219510268,-0.021801898530062043,-0.0008239324903726969,-1.6353803450047666
6.658333333333333,22.201028023144687,0.0010522740260284402,138.22822804426,0.000406007929270227,16.59426690845604,-76.11960934997761,-0.021801898530062043,-0.0008239324903726969,-2.410797294335901
6.666666666666667,22.195564516093608,0.0010522740260284402,138.43357467075535,0.018721759194371846,11.607158871201193,-77.00127384950692,-0.2360483337173492,-0.0008239324903726969,-2.410797294335901
6.675,22.47431735031884,-0.003775579190207367,140.98807349121165,-0.009984659872666097,9.76636710609296,-41.76630002954707,-0.021801898530062043,-0.0008239324903726969,-1.6353803450047666
6.683333333333334,23.56599265197417,0.0010522740260284402,138.32496114622984,0.02179063016174256,21.564624192164427,-76.79980329652027,0.5212445536170947,-0.08968570520150916,-3.0424010449341954
6.691666666666666,22.141497747115686,0.0010522740260284402,137.93683092103606,0.018721759194371846,20.41022019972277,-77.69396091052748,-0.2360483337173492,-0.0008239324903726969,-2.5699832795036297
6.7,22.361625355830057,-0.003775579190207367,140.28492730917853,-0.009984659872666097,6.86836228215723,-36.19179202119507,-0.021801898530062043,-0.0008239324903726969,0.8803080291147045
6.708333333333333,22.824812446775514,-0.003775579190207367,140.08326854089592,-0.009984659872666097,9.76636710609296,-41.76630002954707,-0.021801898530062043,-0.0008239324903726969,-1.6353803450047666
6.716666666666667,21.917209726396656,0.0010522740260284402,138.47502679571565,-0.021608611677135157,11.581488207397902,-84.99460916063937,-0.2360483337173492,-0.0008239324903726969,-0.39724331682412645
6.725,22.468895332979216,-0.003775579190207367,140.98807349121165,-0.011127436870417241,9.874107563611375,-41.76630002954707,-0.2360483337173492,-0.0008239324903726969,-1.6353803450047666
6.733333333333333,22.701005217152296,-0.003775579190207367,140.08326854089592,-0.009984659872666097,10.314960015215254,-46.496626320421484,-0.021801898530062043,-0.0008239324903726969,-1.6353803450047666
6.741666666666666,22.26593935732314,-0.003775579190207367,138.92323798874355,-0.009984659872666097,7.502235413900044,-37.35442737785485,-0.021801898530062043,-0.0008239324903726969,-3.4026461232409995
6.75,22.214543233664553,0.0010522740260284402,140.25728355237376,-0.011127436870417241,10.214763275126664,-49.83920030808885,-0.2360483337173492,-0.0008239324903726969,-1.6353803450047666
6.758333333333334,21.875056504079243,0.0010522740260284402,138.5604452404734,-0.0007367690684809271,9.442341092148911,-47.29418166593919,-0.2360483337173492,-0.0008239324903726969,-1.6440507366556394
6.766666666666667,22.206207677690596,0.0010522740260284402,139.96588642914983,-0.011127436870417241,19.152324762924586,-83.62321981197366,-0.2360483337173492,-0.0008239324903726969,-2.0631625163750655
6.775,21.441258103303372,0.0010522740260284402,137.4838556955097,0.10424402386313265,17.234617835383993,-82.80803139844554,2.1487452749232583,-0.0008239324903726969,-3.2971000740690948
6.783333333333333,21.866720948105286,0.0010522740260284402,138.5604452404734,-0.0007367690684809271,10.61448771945286,-67.45445428850651,-0.2360483337173492,-0.0008239324903726969,-2.410797294335901
6.791666666666667,22.4981560785807,-0.003775579190207367,140.28492730917853,-0.009984659872666097,9.842802623875842,-47.472406989619756,-0.021801898530062043,-0.0008239324903726969,-1.6353803450047666
6.8,22.517708730777795,-0.003775579190207367,140.28492730917853,-0.009984659872666097,8.712364426119457,-42.62671454011166,-0.021801898530062043,-0.0008239324903726969,-1.6353803450047666
6.808333333333334,21.765292210667745,0.0010522740260284402,138.8081629887395,-0.0007367690684809271,17.553726964239175,-81.52416330451084,-0.2360483337173492,-0.0008239324903726969,-2.410797294335901
6.816666666666666,22.512909978197694,-0.003775579190207367,140.08326854089592,-0.009984659872666097,8.164754422181815,-39.92292198780109,-0.021801898530062043,-0.0008239324903726969,-1.6353803450047666
6.825,21.761169433015574,0.0010522740260284402,138.89358143349725,-0.021608611677135157,8.677964050650715,-47.22091313750923,-0.2360483337173492,-0.0008239324903726969,-0.39724331682412645
6.833333333333333,21.7068521923631,0.0010522740260284402,137.5765897730721,0.018721759194371846,20.548164903552433,-82.87464739762292,2.1487452749232583,-0.0008239324903726969,-0.8434803298721985
6.841666666666667,22.49690353864987,-0.003775579190207367,140.28492730917853,-0.009984659872666097,10.630068349489338,-62.94401022184875,-0.021801898530062043,-0.0008239324903726969,-1.6353803450047666
6.85,22.514693331054758,-0.003775579190207367,140.28492730917853,-0.009984659872666097,7.633544576670315,-37.35442737785485,-0.021801898530062043,-0.0008239324903726969,-1.6353803450047666
6.858333333333333,21.768824777766945,0.0010522740260284402,138.89358143349725,-0.0007367690684809271,11.198535882303302,-83.15665186516948,-0.2360483337173492,-0.0008239324903726969,-2.410797294335901
6.866666666666666,21.720150221443316,0.0010522740260284402,137.66200821782985,0.018721759194371846,11.309068695211637,-69.54816498914295,2.1487452749232583,-0.0008239324903726969,-0.39724331682412645
6.875,21.773627766641702,0.0010522740260284402,138.89358143349725,-0.0007367690684809271,10.399709405361438,-52.74881279906318,-0.2360483337173492,-0.0008239324903726969,-2.410797294335901
6.883333333333334,21.815780988959116,0.0010522740260284402,139.01350961523485,0.018721759194371846,19.252351273778213,-81.41182460561133,-0.2360483337173492,-0.0008239324903726969,-1.6440507366556394
6.891666666666667,21.819358979645667,0.0010522740260284402,138.8081629887395,-0.0007367690684809271,17.553726964239175,-80.82091049579876,-0.2360483337173492,-0.0008239324903726969,-2.410797294335901
6.9,21.773627766641702,0.0010522740260284402,138.89358143349725,-0.0007367690684809271,11.04997138365613,-68.90004866940745,-0.2360483337173492,-0.0008239324903726969,-1.6440507366556394
6.908333333333333,21.46507240248926,0.0010522740260284402,139.4389995102523,0.4363802578643714,22.88328659036469,-84.69834894471774,1.0120129494432968,-0.0008239324903726969,-3.5569192006538803
6.916666666666667,22.468895332979216,-0.003775579190207367,140.28492730917853,-0.009984659872666097,9.599670034245072,-44.866273877152985,-0.021801898530062043,-0.0008239324903726969,-1.6353803450047666
6.925,21.749830325469915,0.0010522740260284402,138.51676586551557,-0.0007367690684809271,22.92034433901513,-84.0677388024058,-0.2955208539553734,-0.0008239324903726969,-2.670616420920686
6.933333333333334,21.46083252505274,0.0010522740260284402,137.70493045162974,0.10424402386313265,18.006338844300718,-83.07209539165794,2.1487452749232583,-0.0008239324903726969,-3.1534697804568625
6.941666666666666,23.257472763299077,0.0010522740260284402,138.51676586551557,-0.029936547456649126,22.83937345069216,-84.4381880230098,-0.2955208539553734,-0.0008239324903726969,-2.751474352255811
6.95,21.63795224593035,0.0010522740260284402,138.89358143349725,-0.0007367690684809271,8.29651799875477,-43.87221038356437,-0.2360483337173492,-0.0008239324903726969,-2.410797294335901
6.958333333333333,22.512909978197694,-0.003775579190207367,140.08326854089592,-0.009984659872666097,8.164754422181815,-39.92292198780109,-0.021801898530062043,-0.0008239324903726969,-1.6353803450047666
6.966666666666667,21.765292210667745,0.0010522740260284402,138.8081629887395,-0.0007367690684809271,18.96032061996764,-82.97037824618549,-0.2360483337173492,-0.0008239324903726969,-2.410797294335901
6.975,22.621963308203917,-0.003775579190207367,140.28492730917853,-0.009984659872666097,9.842802623875842,-48.27966735299636,-0.021801898530062043,-0.0008239324903726969,-1.6353803450047666
6.983333333333333,21.815780988959116,0.0010522740260284402,138.8081629887395,-0.021608611677135157,17.67710360815235,-83.63952916048572,-0.2360483337173492,-0.0008239324903726969,-0.39724331682412645
6.991666666666666,22.416475614735965,-0.003775579190207367,140.28492730917853,-0.011127436870417241,10.617545655077228,-62.83724255847926,-0.2360483337173492,-0.0008239324903726969,-0.8686337873245071
7.0,21.982648027208853,0.0010522740260284402,138.89358143349725,0.000406007929270227,11.401685169116666,-78.43434468921065,-0.021801898530062043,-0.0008239324903726969,-2.410797294335901
7.008333333333334,22.206845321724224,0.0010522740260284402,140.25728355237376,-0.011127436870417241,8.56696535601723,-41.27339457514634,-0.2360483337173492,-0.0008239324903726969,-1.6353803450047666
7.016666666666667,21.765292210667745,0.0010522740260284402,138.8081629887395,-0.0007367690684809271,18.096397109784327,-86.15512608910642,-0.2360483337173492,-0.0008239324903726969,-1.6440507366556394
7.025,21.815780988959116,0.0010522740260284402,138.8081629887395,-0.021608611677135157,12.344627519518927,-89.93325973125987,-0.2360483337173492,-0.0008239324903726969,-1.9311017645359836
7.033333333333333,21.784244377920402,0.0010522740260284402,138.51676586551557,-0.05055568292736885,23.22551583470831,-88.78981008826663,-0.2955208539553734,-0.0008239324903726969,-2.670616420920686
7.041666666666667,21.765292210667745,0.0010522740260284402,138.8081629887395,-0.0007367690684809271,12.025054251019291,-89.1555875514575,-0.2360483337173492,-0.0008239324903726969,-2.410797294335901
7.05,21.761714219981194,0.0010522740260284402,138.8081629887395,0.018721759194371846,19.50299076551279,-88.4262881555614,-0.2360483337173492,-0.0008239324903726969,-2.410797294335901
7.058333333333334,21.339829365865832,0.0010522740260284402,137.70493045162974,0.10424402386313265,12.707099719839926,-86.61290224433483,2.1487452749232583,-0.0008239324903726969,-3.1534697804568625
7.066666666666666,21.761169433015574,0.0010522740260284402,138.89358143349725,0.018721759194371846,9.428059018851062,-62.78221782247639,-0.2360483337173492,-0.0008239324903726969,-0.39724331682412645
7.075,21.7068521923631,0.0010522740260284402,137.37723937111775,0.018721759194371846,19.792087744018353,-87.20110018001897,-0.2360483337173492,-0.0008239324903726969,-2.5699832795036297
7.083333333333333,21.7068521923631,0.0010522740260284402,137.37723937111775,0.018721759194371846,21.82909176390547,-88.6494477556667,-0.2360483337173492,-0.0008239324903726969,-2.5699832795036297
7.091666666666667,21.283432631859455,0.0010522740260284402,137.5055800496754,0.06303061005373455,12.060307993943399,-83.49676569853854,-0.2360483337173492,-0.0008239324903726969,-3.2971000740690948
7.1,21.462329475828035,0.0010522740260284402,137.70493045162974,0.07529695261289898,23.372281393077632,-93.74359336630536,2.089272754685234,-0.0008239324903726969,-3.5569192006538803
7.108333333333333,21.764065746557606,0.0010522740260284402,137.5765897730721,-0.010225312055861843,23.329394249029352,-93.74359336630536,2.089272754685234,-0.0008239324903726969,-2.670616420920686
7.116666666666666,22.364640755553093,-0.003775579190207367,141.0065118067721,-0.011127436870417241,8.910892299312785,-40.985022926715914,-0.2360483337173492,-0.0008239324903726969,0.8803080291147045
7.125,21.286209328620124,0.0010522740260284402,137.70493045162974,0.06303061005373455,12.982682269352393,-92.22996294228655,2.1487452749232583,-0.0008239324903726969,-2.8664187525765175
7.133333333333334,21.813004292198446,0.0010522740260284402,138.89358143349725,-0.021608611677135157,11.798277007082879,-89.13544506969197,-0.2360483337173492,-0.0008239324903726969,-0.39724331682412645
7.141666666666667,21.44750072587308,0.0010522740260284402,139.4389995102523,0.4363802578643714,22.826370303026483,-94.57118805684108,1.0714854696813205,-0.0008239324903726969,-3.312655765624591
7.15,23.094627273084953,0.0010522740260284402,139.8755044673764,0.2818411076635718,21.399728591007374,-98.25839390693142,1.293950786255329,-0.0008239324903726969,-4.783626973521375
7.158333333333333,22.718424273132577,0.0010522740260284402,139.4389995102523,0.07529695261289898,23.28051482964883,-92.83772264028555,1.8287783570157647,-0.08968570520150916,-2.4374477189064754
7.166666666666667,22.517708730777795,-0.003775579190207367,140.28492730917853,-0.009984659872666097,9.056031627208213,-54.33679016324085,-0.021801898530062043,-0.0008239324903726969,-1.6353803450047666
7.175,22.375007056595646,0.0010522740260284402,140.25728355237376,-0.009984659872666097,17.990527601969927,-92.98835987358669,-0.021801898530062043,-0.0008239324903726969,-1.6353803450047666
7.183333333333334,21.765292210667745,0.0010522740260284402,138.8081629887395,-0.0007367690684809271,12.300636800531759,-94.85053560065518,-0.2360483337173492,-0.0008239324903726969,-2.410797294335901
7.191666666666666,21.286209328620124,0.0010522740260284402,137.70493045162974,0.06303061005373455,20.479202072111253,-92.63284467160142,2.1487452749232583,-0.0008239324903726969,-3.2984396533008318
7.2,22.512909978197694,-0.003775579190207367,140.08326854089592,-0.009984659872666097,8.948291169689798,-39.92292198780109,-0.021801898530062043,-0.0008239324903726969,-1.6353803450047666
7.208333333333333,21.815780988959116,0.0010522740260284402,139.01350961523485,0.018721759194371846,19.072481585974842,-91.93690195992737,-0.2360483337173492,-0.0008239324903726969,-1.6440507366556394
7.216666666666667,21.45805582829207,0.0010522740260284402,137.70493045162974,0.4363802578643714,12.420769192804052,-89.3956059913999,2.1487452749232583,-0.0008239324903726969,-3.1534697804568625
7.225,21.722926918203985,0.0010522740260284402,137.37723937111775,0.018721759194371846,19.072481585974842,-93.52258343259949,-0.2360483337173492,-0.0008239324903726969,-2.410797294335901
7.233333333333333,21.72179290745883,0.0010522740260284402,138.89358143349725,-0.0007367690684809271,9.29233835120873,-46.76691922399441,-0.2360483337173492,-0.0008239324903726969,-0.39724331682412645
7.241666666666666,21.337052669105162,0.0010522740260284402,137.70493045162974,0.10424402386313265,11.289611740887274,-64.87346340072122,2.1487452749232583,-0.0008239324903726969,-3.0113886254204867
7.25,22.169519363127694,0.0010522740260284402,140.25728355237376,-0.011127436870417241,12.977033327842623,-93.10210880137197,-0.2360483337173492,-0.0008239324903726969,-1.6353803450047666
7.258333333333334,21.815780988959116,0.0010522740260284402,138.8081629887395,0.018721759194371846,18.946171266756654,-93.51236827260907,-0.2360483337173492,-0.0008239324903726969,-2.410797294335901
7.266666666666667,21.79970626311823,0.0010522740260284402,138.8081629887395,0.018721759194371846,22.150306914288535,-93.2002784404292,-0.2360483337173492,-0.0008239324903726969,-2.5699832795036297
7.275,21.46083252505274,0.0010522740260284402,137.70493045162974,0.4363802578643714,13.871220658878439,-94.60377349804396,2.1487452749232583,-0.0008239324903726969,-3.2971000740690948
7.283333333333333,21.761169433015574,0.0010522740260284402,138.89358143349725,-0.021608611677135157,9.339044454938016,-62.78221782247639,-0.2360483337173492,-0.0008239324903726969,-2.410797294335901
7.291666666666667,23.557155363130946,0.0010522740260284402,139.4389995102523,0.4324162502449002,23.467560938340693,-93.89925594129559,0.846971189116356,-0.0008239324903726969,-2.7153710546242196
7.3,21.813004292198446,0.0010522740260284402,139.0989280599926,0.018721759194371846,11.769182756080955,-73.41041422577172,-0.2360483337173492,-0.0008239324903726969,-0.39724331682412645
7.308333333333334,21.408963895770423,0.0010522740260284402,139.4389995102523,0.4363802578643714,9.819048466392681,-62.25693988687011,1.0714854696813205,-0.0008239324903726969,-2.8664187525765175
7.316666666666666,21.463575451713965,0.0010522740260284402,139.4389995102523,0.4363802578643714,19.618919133392918,-94.71660341685042,1.0714854696813205,-0.0008239324903726969,-2.8664187525765175
7.325,21.283432631859455,0.0010522740260284402,137.70493045162974,0.06303061005373455,11.182048792332616,-64.87346340072122,2.1487452749232583,-0.0008239324903726969,-2.8664187525765175
7.333333333333333,21.444757799211857,0.0010522740260284402,137.70493045162974,0.10424402386313265,22.97265313105386,-95.17768804844961,2.1487452749232583,-0.0008239324903726969,-3.4576256384685604
7.341666666666667,21.761169433015574,0.0010522740260284402,138.89358143349725,-0.021608611677135157,9.29233835120873,-47.22091313750923,-0.2360483337173492,-0.0008239324903726969,-0.39724331682412645
7.35,22.12248749281958,0.0010522740260284402,140.25728355237376,-0.011127436870417241,9.204303442977338,-61.76202514349025,-0.2360483337173492,-0.0008239324903726969,0.8803080291147045
7.358333333333333,21.46083252505274,0.0010522740260284402,137.70493045162974,0.10424402386313265,21.213310546100434,-94.07848340615261,2.1487452749232583,-0.0008239324903726969,-3.1534697804568625
7.366666666666666,28.577343350280184,0.0010522740260284402,170.08660327939438,1.8093404965129785,23.845675151362414,-94.99394944142801,4.426625427463941,5.638152665673047,1.4885538425382927
7.375,23.811121794965633,-0.003775579190207367,111.20252283187882,0.2400151975006533,10.116049448418433,-67.47852889380114,-0.06555574117712389,-0.0008239324903726969,25.281397719715475
7.383333333333334,23.82839659592855,-0.003775579190207367,57.535392319805105,0.23777593478969222,13.54491421930692,-85.16658464887709,-0.06248524978957994,-0.0008239324903726969,25.418571678577592
7.391666666666667,24.409109969005296,0.0010522740260284402,65.08661921662893,0.24750996896803085,11.67775559595285,-103.93559936455875,-0.07380483117034742,-0.0008239324903726969,25.561751547295675
7.4,23.828974467415023,0.0010522740260284402,57.60491725131306,0.23777593478969222,10.43394586384113,-70.5775287823861,-0.06248524978957994,-0.0008239324903726969,25.561751547295675
7.408333333333333,23.811121794965633,-0.003775579190207367,111.20252283187882,0.2400151975006533,10.019617218463761,-52.23099840224943,-0.06555574117712389,-0.0008239324903726969,25.83099065883539
7.416666666666667,23.828974467415023,-0.003775579190207367,59.66080887023446,0.24974923167899193,10.553211109160559,-70.5775287823861,-0.06248524978957994,-0.0008239324903726969,25.561751547295675
7.425,24.05353078141682,0.0010522740260284402,66.94831056412703,0.2222616381276145,26.989295273237044,-102.36026714690863,-0.07380483117034742,-0.0008239324903726969,23.691958230951638
7.433333333333334,23.828974467415023,-0.003775579190207367,59.67924718579491,0.2400151975006533,9.672206223321252,-70.01120797654586,-0.06248524978957994,-0.0008239324903726969,25.561751547295675
7.441666666666666,23.8308294871369,-0.003775579190207367,59.66080887023446,0.2400151975006533,20.86317859608983,-96.63658060037476,-0.06248524978957994,-0.0008239324903726969,25.26466686500871
7.45,23.86237878266203,-0.003775579190207367,111.66372182633323,0.2400151975006533,12.695825049369784,-99.5103950684492,-0.06248524978957994,-0.0008239324903726969,25.418571678577592
7.458333333333333,23.811121794965633,-0.003775579190207367,111.66372182633323,0.2400151975006533,9.905284140304364,-66.3833057309072,-0.06555574117712389,-0.0008239324903726969,25.27311017613688
7.466666666666667,23.8308294871369,-0.003775579190207367,57.51695400424466,0.23777593478969222,24.147123971554993,-97.01061363189031,-0.06248524978957994,-0.0008239324903726969,25.012628610162892
7.475,23.77713960823215,-0.003775579190207367,59.67924718579491,0.24974923167899193,9.328010870501624,-66.3833057309072,-0.06248524978957994,-0.0008239324903726969,25.561751547295675
7.483333333333333,24.434100277075398,0.0010522740260284402,65.08661921662893,0.24750996896803085,13.515493215113906,-101.25829958733806,-0.06248524978957994,-0.0008239324903726969,25.418571678577592
7.491666666666666,23.61354593950775,0.0010522740260284402,67.23047408261871,0.24974923167899193,13.514124804245004,-93.33687011107236,-0.07380483117034742,-0.0008239324903726969,25.418571678577592
7.5,24.257356420648815,0.0010522740260284402,66.94831056412703,0.2222616381276145,13.515493215113906,-100.86919347991414,-0.08117655852925723,-0.0008239324903726969,23.773210644827373
7.508333333333334,23.8308294871369,0.0010522740260284402,57.535392319805105,0.24750996896803085,13.515493215113906,-96.12446708149105,-0.06985697714848976,-0.0008239324903726969,25.418571678577592
7.516666666666667,24.05353078141682,0.0010522740260284402,66.94831056412703,0.2222616381276145,25.47214494656494,-100.90169292761844,-0.08117655852925723,-0.0008239324903726969,22.75259762206831
7.525,24.05353078141682,0.0010522740260284402,66.94831056412703,0.2222616381276145,25.47214494656494,-100.90169292761844,-0.08117655852925723,-0.0008239324903726969,23.867428898923908
7.533333333333333,24.05353078141682,0.0010522740260284402,66.94831056412703,0.2222616381276145,13.34924589438966,-90.97132022383491,-0.08117655852925723,-0.0008239324903726969,22.658379367971776
7.541666666666667,23.862956654148505,-0.003775579190207367,111.66372182633323,0.24974923167899193,11.177190482692584,-70.5775287823861,-0.0729274685360337,-0.0008239324903726969,25.27311017613688
7.55,23.871381682988364,-0.003775579190207367,59.67924718579491,0.24974923167899193,8.667350887590773,-46.321291590656884,-0.06985697714848976,-0.0008239324903726969,26.334208485635397
7.558333333333334,24.000531377236314,0.0010522740260284402,66.94831056412703,0.18927173568180677,28.595147097349063,-102.2680895600954,-0.07640014250267238,-0.08968570520150916,27.17976064643766
7.566666666666666,24.05353078141682,0.0010522740260284402,69.0921654301168,0.2245009008385756,25.47214494656494,-100.90169292761844,-0.08117655852925723,-0.0008239324903726969,23.867428898923908
7.575,23.811121794965633,-0.003775579190207367,111.66372182633323,0.2400151975006533,10.019617218463761,-66.3833057309072,-0.06985697714848976,-0.0008239324903726969,25.57003909087427
7.583333333333333,23.828974467415023,-0.003775579190207367,59.66080887023446,0.2400151975006533,11.136789196860411,-84.51130522169491,-0.06985697714848976,-0.0008239324903726969,25.561751547295675
7.591666666666667,24.434100277075398,0.0010522740260284402,67.23047408261871,0.2400151975006533,20.86317859608983,-101.77041310622177,-0.08117655852925723,-0.0008239324903726969,25.53326305121128
7.6,24.434678148561872,0.0010522740260284402,67.23047408261871,0.2400151975006533,11.709068246319614,-108.62320418547824,-0.06985697714848976,-0.0008239324903726969,25.561751547295675
7.608333333333333,24.173214049989316,0.0010522740260284402,66.94831056412703,0.19840616200598354,28.817433021771482,-105.45520423024193,-0.08117655852925723,-0.0008239324903726969,21.43565174998306
7.616666666666666,24.199033106669464,0.0010522740260284402,60.08510704507452,-0.0605620411051205,30.70908069996976,-105.81617691339817,0.7985438913930228,-0.08968570520150916,22.418235978840592
7.625,24.173214049989316,0.0010522740260284402,66.94831056412703,0.18867212782764498,28.03574402465264,-105.30462673765157,-0.08117655852925723,-0.0008239324903726969,23.867428898923908
7.633333333333334,24.05353078141682,0.0010522740260284402,66.94831056412703,0.2125276039492759,28.03574402465264,-103.47173541146559,-0.08117655852925723,-0.0008239324903726969,23.867428898923908
7.641666666666667,24.257356420648815,0.0010522740260284402,66.94831056412703,0.2125276039492759,13.446166210065774,-102.13123923706146,-0.08117655852925723,-0.0008239324903726969,23.773210644827373
7.65,27.834694285382483,0.0010522740260284402,159.59084012784035,0.4012779424082391,29.12223561632837,-97.53569020816528,-0.11286817038392277,-0.1272636355151565,-2.8593950212614083
7.658333333333333,23.399052603558786,0.0010522740260284402,139.66119023510862,0.2818411076635718,12.765662882667485,-95.82482210185096,17.09657204749293,-0.43201291474069414,-4.768071281965877
7.666666666666667,22.165986796028495,0.0010522740260284402,139.96588642914983,-0.011127436870417241,24.635669367153717,-97.67333987229945,-0.243420061076259,-0.0008239324903726969,-2.0631625163750655
7.675,23.399052603558786,0.0010522740260284402,139.66119023510862,0.2818411076635718,11.480016797778843,-86.1204317744814,17.09657204749293,-0.43201291474069414,-4.768071281965877
7.683333333333334,23.387381521678577,0.0010522740260284402,139.8755044673764,0.2818411076635718,12.350369695163593,-95.50581512151844,0.8990719819954702,-0.0008239324903726969,-4.624440988353645
7.691666666666666,23.388884341825744,0.0010522740260284402,139.8755044673764,0.2818411076635718,25.583079453538627,-105.02237899811033,0.8990719819954702,-0.0008239324903726969,-4.783626973521375
7.7,21.611685335088655,0.0010522740260284402,140.15550878054847,0.3064242507537629,12.909421791655221,-96.38559466635961,1.064113742322411,-0.0008239324903726969,-3.1534697804568625
7.708333333333333,21.813004292198446,0.0010522740260284402,138.77007124320463,0.018721759194371846,12.440604293118128,-96.7239301795479,-0.243420061076259,-0.0008239324903726969,-0.39724331682412645
7.716666666666667,21.547263135704966,0.0010522740260284402,140.15550878054847,0.3064242507537629,27.975107284393637,-102.50005652909806,1.0046412220843868,-0.0008239324903726969,-3.5569192006538803
7.725,21.611685335088655,0.0010522740260284402,140.15550878054847,0.3064242507537629,14.0887038750554,-100.88873836791736,1.064113742322411,-0.0008239324903726969,-3.1534697804568625
7.733333333333333,21.74193214433319,0.0010522740260284402,140.15550878054847,0.2818411076635718,22.431463154254974,-100.68588032530633,1.064113742322411,-0.0008239324903726969,-2.8664187525765175
7.741666666666666,21.815780988959116,0.0010522740260284402,138.77007124320463,0.018721759194371846,12.604361720499243,-96.12543374465167,-0.243420061076259,-0.0008239324903726969,-0.39724331682412645
7.75,21.4731436848003,0.0010522740260284402,137.58142026133712,0.06303061005373455,26.595173534014393,-101.33240966613407,2.1413735475643487,-0.0008239324903726969,-3.4562860592368234
7.758333333333334,23.390158218439247,0.0010522740260284402,139.66119023510862,0.2818411076635718,14.379260965775952,-103.51588355100574,0.8990719819954702,-0.0008239324903726969,-4.337389960473299
7.766666666666667,21.54006175112622,0.0010522740260284402,137.58142026133712,0.10424402386313265,11.900572020960542,-80.7858744843094,2.1413735475643487,-0.0008239324903726969,-2.8664187525765175
7.775,23.390158218439247,0.0010522740260284402,139.66119023510862,0.2818411076635718,14.08731587592533,-104.68117353891414,0.8990719819954702,-0.0008239324903726969,-4.768071281965877
7.783333333333333,21.611685335088655,0.0010522740260284402,140.15550878054847,0.3064242507537629,24.5448587127084,-101.40085188680106,1.064113742322411,-0.0008239324903726969,-3.1534697804568625
7.791666666666667,23.458626664899025,0.0010522740260284402,139.88780736172484,0.30246024313429154,28.203542492477073,-103.28486919653058,0.839599461757446,-0.0008239324903726969,-5.025558564544749
7.8,23.404959067666628,0.0010522740260284402,139.8755044673764,0.2818411076635718,23.36864185273539,-113.56276657721311,0.8946135211186728,-0.0008239324903726969,-4.624440988353645
7.808333333333334,21.663807836974353,0.0010522740260284402,139.31548931995968,0.4363802578643714,12.14520199390259,-81.61346917484512,1.0596552814456133,-0.0008239324903726969,-2.8664187525765175
7.816666666666666,21.666584533735023,0.0010522740260284402,139.31548931995968,0.4363802578643714,25.544184835485506,-108.57533735258092,1.0596552814456133,-0.0008239324903726969,-2.8664187525765175
7.825,23.387381521678577,0.0010522740260284402,139.66119023510862,0.2818411076635718,12.769959345158583,-104.48746955649153,0.8946135211186728,-0.0008239324903726969,-4.337389960473299
7.833333333333333,23.404959067666628,0.0010522740260284402,139.66119023510862,0.2818411076635718,25.482037411188813,-113.3732918973752,0.8946135211186728,-0.0008239324903726969,-4.768071281965877
7.841666666666667,21.611685335088655,0.0010522740260284402,140.15550878054847,0.3064242507537629,14.178879287078173,-93.25133427258808,1.0596552814456133,-0.0008239324903726969,-2.8664187525765175
7.85,23.390158218439247,0.0010522740260284402,139.66119023510862,0.2818411076635718,14.278130943363,-115.79714927410645,0.8946135211186728,-0.0008239324903726969,-4.337389960473299
7.858333333333333,23.388884341825744,0.0010522740260284402,139.8755044673764,0.2818411076635718,28.84880902272244,-113.77483893993701,0.8351410008806486,-0.0008239324903726969,-4.783626973521375
7.866666666666666,24.54680594041824,0.0010522740260284402,142.3089110667903,0.2818411076635718,28.951326138817485,-113.76739757928146,15.710785129373354,-0.43201291474069414,-4.783626973521375
7.875,24.33214111019511,0.0010522740260284402,154.5937258461816,0.2818411076635718,12.735009056299386,-87.23717868237182,15.710785129373354,-0.43201291474069414,-4.624440988353645
7.883333333333334,23.355850780011735,0.0010522740260284402,139.8755044673764,0.2818411076635718,29.015612482388146,-113.77483893993701,0.8351410008806486,-0.0008239324903726969,-5.025558564544749
7.891666666666667,24.56359886990872,0.0010522740260284402,142.3089110667903,0.2818411076635718,29.3632843290551,-113.76739757928146,15.710785129373354,-0.43201291474069414,-4.783626973521375
7.9,23.390158218439247,0.0010522740260284402,139.8755044673764,0.2818411076635718,14.57007603321362,-115.69683449212869,0.8946135211186728,-0.0008239324903726969,-4.624440988353645
7.908333333333333,24.186558407836976,0.0010522740260284402,142.3089110667903,0.2818411076635718,30.20573222969425,-117.07735040338365,15.710785129373354,-0.43201291474069414,-4.927257267133608
7.916666666666667,23.387381521678577,0.0010522740260284402,139.66119023510862,0.2818411076635718,11.536714213081465,-67.5927662783738,0.8946135211186728,-0.0008239324903726969,-4.337389960473299
7.925,23.22333896415868,0.0010522740260284402,139.5370983469663,0.2818411076635718,28.79217891295835,-113.47684780986289,0.8946135211186728,-0.0008239324903726969,-4.783626973521375
7.933333333333334,24.06563239898025,0.0010522740260284402,142.3089110667903,0.2818411076635718,30.384763938552368,-116.21694132840523,15.710785129373354,-0.43201291474069414,-5.0278904085506655
7.941666666666666,23.38582536207287,0.0010522740260284402,139.8755044673764,0.2818411076635718,28.031136500832883,-116.96003171050234,1.2821205980196217,-0.0008239324903726969,-4.624440988353645
7.95,24.562880666259122,0.0010522740260284402,142.3089110667903,0.2818411076635718,17.565127332666826,-116.28821171010698,15.710785129373354,-0.43201291474069414,-4.624440988353645
7.958333333333333,21.66106491031313,0.0010522740260284402,137.58142026133712,0.4363802578643714,12.174079544579977,-83.21612195513427,2.136915086687551,-0.0008239324903726969,-2.8664187525765175
7.966666666666667,21.761169433015574,0.0010522740260284402,138.97541786969998,0.018721759194371846,9.814456570993332,-46.65213542764037,-0.24787852195305643,-0.0008239324903726969,-1.6440507366556394
7.975,21.66106491031313,0.0010522740260284402,137.58142026133712,0.4363802578643714,12.871671493165804,-107.3768459312965,2.136915086687551,-0.0008239324903726969,-2.8664187525765175
7.983333333333333,23.38582536207287,0.0010522740260284402,139.8755044673764,0.2818411076635718,14.972153911275697,-116.96003171050234,1.2821205980196217,-0.0008239324903726969,-4.624440988353645
7.991666666666666,21.48822689194335,0.0010522740260284402,137.58142026133712,0.10424402386313265,9.996684900410532,-63.03199797662356,2.136915086687551,-0.0008239324903726969,-2.8664187525765175
8.0,23.756806682658468,0.0010522740260284402,142.3089110667903,0.2818411076635718,31.240519210857613,-127.27054078720269,15.710785129373354,-0.43201291474069414,-4.783626973521375
8.008333333333333,23.77288140849935,0.0010522740260284402,142.3089110667903,0.2818411076635718,29.79815548234868,-126.54466727732934,15.710785129373354,-0.43201291474069414,-4.624440988353645
8.016666666666667,21.562249242598817,0.0010522740260284402,137.58142026133712,0.10424402386313265,25.757527672893257,-120.37079879920078,2.136915086687551,-0.0008239324903726969,-3.1534697804568625
8.025,24.13301237977028,0.0010522740260284402,142.3089110667903,0.2818411076635718,31.98009291981137,-126.05040154400878,15.710785129373354,-0.43201291474069414,-4.783626973521375
8.033333333333333,24.116219450279797,0.0010522740260284402,142.3089110667903,0.2818411076635718,33.81626753265309,-126.20097903659914,15.710785129373354,-0.43201291474069414,-5.0278904085506655
8.041666666666666,23.968871378019916,0.0010522740260284402,139.8755044673764,0.4141164869997612,32.45571950402664,-125.30254967123487,0.8351410008806486,-0.08968570520150916,-2.806215569228741
8.05,22.99065360489294,0.0010522740260284402,139.8755044673764,0.2818411076635718,27.24548658396434,-126.54466727732934,17.092113586616133,-0.43201291474069414,-4.624440988353645
8.058333333333334,21.68321863168628,0.0010522740260284402,139.31548931995968,0.4363802578643714,13.520309499620135,-107.14138064307701,1.0596552814456133,-0.0008239324903726969,-2.8664187525765175
8.066666666666666,21.631096129800582,0.0010522740260284402,140.15550878054847,0.3064242507537629,14.619465682824513,-120.00097932893937,1.0596552814456133,-0.0008239324903726969,-2.8664187525765175
8.075,24.13301237977028,0.0010522740260284402,142.3089110667903,0.2818411076635718,31.98009291981137,-126.05040154400878,15.710785129373354,-0.43201291474069414,-4.783626973521375
8.083333333333334,22.970471439323013,0.0010522740260284402,139.66119023510862,0.2818411076635718,12.878405381954954,-82.5293966927637,0.8946135211186728,-0.0008239324903726969,-4.337389960473299
8.091666666666667,21.745268213204234,0.0010522740260284402,140.15550878054847,0.2818411076635718,30.878660559051973,-120.88630365755664,1.0596552814456133,-0.0008239324903726969,-3.312655765624591
8.1,24.116621476501184,0.0010522740260284402,142.3089110667903,0.2818411076635718,16.221618873970886,-127.85734315813859,15.710785129373354,-0.43201291474069414,-4.624440988353645
8.108333333333333,21.617398424544753,0.0010522740260284402,139.32278411469852,0.3064242507537629,12.781250306436611,-83.15670676526298,1.0596552814456133,-0.0008239324903726969,-4.337389960473299
8.116666666666667,22.968915279717308,0.0010522740260284402,139.8755044673764,0.2818411076635718,30.93861834614022,-125.99634803453078,1.2821205980196217,-0.0008239324903726969,-4.624440988353645
8.125,22.99065360489294,0.0010522740260284402,139.8755044673764,0.2818411076635718,15.465038556321918,-129.07748240133256,17.092113586616133,-0.43201291474069414,-4.624440988353645
8.133333333333333,24.67044534360548,0.0010522740260284402,142.3089110667903,0.2818411076635718,35.14645087811244,-126.20097903659914,15.710785129373354,-0.43201291474069414,-4.5020209722411995
8.141666666666667,24.05191303040088,0.0010522740260284402,142.3089110667903,0.2818411076635718,11.257098008888843,-63.666302753429505,15.710785129373354,-0.43201291474069414,-4.624440988353645
8.15,21.685713484449654,0.0010522740260284402,139.32278411469852,0.2818411076635718,10.85618450351741,-49.3065946610466,1.0596552814456133,-0.0008239324903726969,-4.337389960473299
8.158333333333333,24.099828547010702,0.0010522740260284402,142.3089110667903,0.2818411076635718,16.43264371664825,-127.85734315813859,15.710785129373354,-0.43201291474069414,-4.624440988353645
8.166666666666666,22.974578879052057,0.0010522740260284402,139.8755044673764,0.2818411076635718,32.433280323949,-126.91825197964275,17.092113586616133,-0.43201291474069414,-4.783626973521375
8.175,21.680475705025056,0.0010522740260284402,137.58142026133712,0.4363802578643714,13.426972771556501,-107.7373448205533,2.136915086687551,-0.0008239324903726969,-2.8664187525765175
8.183333333333334,24.099828547010702,0.0010522740260284402,142.3089110667903,0.2818411076635718,32.602173265965305,-125.32452803413543,15.710785129373354,-0.43201291474069414,-4.624440988353645
8.191666666666666,22.98787690813227,0.0010522740260284402,139.66119023510862,0.2818411076635718,13.563422295064335,-108.21422058092277,17.092113586616133,-0.43201291474069414,-4.337389960473299
8.2,22.824889726698228,0.0010522740260284402,140.43599583518576,0.2818411076635718,14.74682050957054,-173.37402517591508,0.8802738528964993,-0.0008239324903726969,-4.337389960473299
8.208333333333334,22.988048985311064,0.0010522740260284402,141.05205067820216,0.2818411076635718,32.386305036074866,-180.7327804024569,0.8802738528964993,-0.0008239324903726969,-4.768071281965877
8.216666666666667,23.77538271241046,0.0010522740260284402,143.32347271989255,0.2818411076635718,35.37716304011213,-181.01161143492766,15.69644546115118,-0.43201291474069414,-4.783626973521375
8.225,24.17453341518658,0.0010522740260284402,145.8109974306252,0.2818411076635718,34.99945948816119,-184.51924894799993,15.69644546115118,-0.43201291474069414,-4.783626973521375
8.233333333333333,21.562249242598817,0.0010522740260284402,138.59598191443936,0.10424402386313265,13.910070197064119,-174.06388262173692,2.122575418465378,-0.0008239324903726969,-2.8664187525765175
8.241666666666667,22.896567087118044,0.0010522740260284402,140.9842796138921,0.2818411076635718,34.134568411800544,-177.56168633399727,0.8802738528964993,-0.0008239324903726969,-4.783626973521375
8.25,22.97197425947018,0.0010522740260284402,141.05205067820216,0.2818411076635718,33.91175572114243,-181.1063651047703,0.8802738528964993,-0.0008239324903726969,-4.783626973521375
8.258333333333333,22.968915279717308,0.0010522740260284402,141.05205067820216,0.2818411076635718,15.01066242895996,-180.38614776066936,1.2677809297974483,-0.0008239324903726969,-4.624440988353645
8.266666666666667,22.99065360489294,0.0010522740260284402,141.05205067820216,0.2818411076635718,32.04098469868283,-181.59318947743526,17.077773918393962,-0.43201291474069414,-4.624440988353645
8.275,23.95005213310377,0.0010522740260284402,154.5937258461816,0.2818411076635718,35.60130905587147,-187.02567216578956,15.69644546115118,-0.43201291474069414,-4.783626973521375
8.283333333333333,22.968915279717308,0.0010522740260284402,141.05205067820216,0.2818411076635718,15.01066242895996,-180.7467709471043,1.2677809297974483,-0.0008239324903726969,-4.624440988353645
8.291666666666666,24.083753821169818,0.0010522740260284402,143.32347271989255,0.2818411076635718,36.55750399817172,-181.09892374411473,15.69644546115118,-0.43201291474069414,-4.783626973521375
8.3,24.113844779740514,0.0010522740260284402,143.32347271989255,0.2818411076635718,13.250845452466951,-82.90176795774265,15.686557302008517,-0.43201291474069414,-4.624440988353645
8.308333333333334,27.769309045118586,0.0010522740260284402,170.3603422870478,1.9132189483043205,39.59529822119995,-198.70209964898086,0.5906184553763533,5.657518391328301,5.981674374073874
8.316666666666666,24.1819841282008,0.0010522740260284402,69.0921654301168,0.2245009008385756,10.782508927022723,-79.83907646359535,-0.10986284677089288,-0.0008239324903726969,22.658379367971776
8.325,24.281608250800446,0.0010522740260284402,67.2462617037081,0.1855742948161106,28.49861206865767,-201.66906524297548,-0.10986284677089288,-0.0008239324903726969,22.498672547750264
8.333333333333334,24.092791837601833,0.0010522740260284402,66.94831056412703,0.18867212782764498,37.40472204070946,-203.65986640921696,-0.10986284677089288,-0.0008239324903726969,23.867428898923908
8.341666666666667,25.001960594281975,0.0010522740260284402,66.94831056412703,0.2125276039492759,33.910012191365695,-201.82811193187445,-0.10986284677089288,-0.0008239324903726969,24.02661488409164
8.35,23.97758061748233,0.0010522740260284402,66.94831056412703,0.2222616381276145,37.40472204070946,-201.826975083031,-0.10986284677089288,-0.0008239324903726969,23.867428898923908
8.358333333333333,24.236495679450933,0.0010522740260284402,61.485697184117264,-0.07505668086353957,39.8871775963622,-202.93720309390432,-0.046907804421081216,-0.0008239324903726969,19.982355551600975
8.366666666666667,24.358727984627382,0.0010522740260284402,67.23047408261871,0.24974923167899193,10.911884361113279,-82.73335738734015,-0.09854326539012544,-0.0008239324903726969,25.561751547295675
8.375,24.156582208551907,0.0010522740260284402,60.08510704507452,-0.07505668086353957,39.81881868005189,-203.77572985921856,-0.046907804421081216,-0.08968570520150916,24.625198118382087
8.383333333333333,24.281608250800446,0.0010522740260284402,67.2462617037081,0.19342682153894736,34.13082615306533,-202.04309827449103,-0.10986284677089288,-0.0008239324903726969,20.01372544733625
8.391666666666667,24.281608250800446,0.0010522740260284402,67.21760973574372,0.1855742948161106,28.49861206865767,-201.66906524297548,-0.10986284677089288,-0.0008239324903726969,21.290989001216587
8.4,24.281608250800446,0.0010522740260284402,60.38305818465562,0.05392373786884201,39.62754401071665,-217.5419602144852,-0.05070661494401419,-0.0008239324903726969,21.097186828456557
8.408333333333333,24.223729832353946,0.0010522740260284402,67.21760973574372,0.18359993677715225,11.87981037785051,-119.96910690778878,-0.11366165729382584,-0.0008239324903726969,21.439660844264033
8.416666666666666,24.281608250800446,0.0010522740260284402,66.94831056412703,0.18359993677715225,33.51941359334685,-216.5204670360954,-0.11366165729382584,-0.0008239324903726969,22.405820278072177
8.425,23.926323629785934,0.0010522740260284402,69.0921654301168,0.2225265427996173,9.358534340855678,-62.89750430067447,-0.11366165729382584,-0.0008239324903726969,22.658379367971776
8.433333333333334,23.983078559972462,0.0010522740260284402,69.0921654301168,0.20652359340082305,9.358534340855678,-78.31346018508523,-0.11366165729382584,-0.0008239324903726969,22.35128434218054
8.441666666666666,24.092791837601833,0.0010522740260284402,66.94831056412703,0.1964318039670252,28.315754409816932,-216.14643400457985,-0.11366165729382584,-0.0008239324903726969,22.498672547750264
8.45,24.235900940868834,0.0010522740260284402,61.485697184117264,0.07488136247376753,38.39893687803846,-217.5419602144852,-0.05548303097059903,-0.0008239324903726969,20.199368611923976
8.458333333333334,24.42794056322942,0.0010522740260284402,69.25192461969259,0.23576131435935171,33.627368683952085,-216.1453152626449,-0.11366165729382584,-0.0008239324903726969,19.49290900448298
8.466666666666667,24.281608250800446,0.0010522740260284402,67.21760973574372,0.18359993677715225,28.315754409816932,-215.24578534947256,-0.11366165729382584,-0.0008239324903726969,21.03758476195232
8.475,26.879923174762748,0.0010522740260284402,166.11928384258061,1.6018906188871869,38.6312764911599,-208.22996404318218,0.009523215024775454,-0.09332779816933102,-1.0109204308130095
8.483333333333333,24.162968196055253,0.0010522740260284402,145.8109974306252,0.2798667496246135,36.83696472528759,-219.9345579829345,15.682758491485586,-0.43201291474069414,-5.025558564544749
8.491666666666667,24.1005467506603,0.0010522740260284402,143.32347271989255,0.2798667496246135,36.527280841112656,-215.49188574797589,15.682758491485586,-0.43201291474069414,-4.924925423127691
8.5,23.77538271241046,0.0010522740260284402,143.32347271989255,0.2798667496246135,35.40940421676948,-246.48207414876993,15.682758491485586,-0.43201291474069414,-4.783626973521375
8.508333333333333,23.95064687168587,0.0010522740260284402,154.55884499064973,0.30048588509533325,39.164965771885235,-250.8269501563071,15.682758491485586,-0.43201291474069414,-5.025558564544749
8.516666666666667,23.77597745099256,0.0010522740260284402,143.32347271989255,0.2798667496246135,37.683824658879054,-247.6936523313627,15.682758491485586,-0.43201291474069414,-4.884260114938432
8.525,24.683995806117974,0.0010522740260284402,143.32347271989255,0.41214212896080293,39.12272166900774,-246.87509391452994,15.682758491485586,-0.5208746874518304,-2.806215569228741
8.533333333333333,23.77288140849935,0.0010522740260284402,143.20934188814826,0.2798667496246135,15.208577438976675,-243.20659701651107,15.682758491485586,-0.43201291474069414,-4.337389960473299
8.541666666666666,22.952840553876424,0.0010522740260284402,141.05205067820216,0.2798667496246135,37.46055223289629,-247.30270132848594,0.8815875365936469,-0.0008239324903726969,-4.783626973521375
8.55,24.116621476501184,0.0010522740260284402,143.32347271989255,0.2798667496246135,16.06579741204055,-246.76660939246744,15.682758491485586,-0.43201291474069414,-4.624440988353645
8.558333333333334,23.966126858944655,0.0010522740260284402,154.5937258461816,0.2798667496246135,35.68042607701328,-252.49613487963182,15.682758491485586,-0.43201291474069414,-4.624440988353645
8.566666666666666,24.07218860203849,0.0010522740260284402,143.32347271989255,0.2798667496246135,38.86715256851529,-247.78096464054977,15.682758491485586,-0.43201291474069414,-5.025558564544749
8.575,22.96613858295664,0.0010522740260284402,141.05205067820216,0.2798667496246135,12.571527059830943,-92.3513532035464,0.8815875365936469,-0.0008239324903726969,-4.624440988353645
8.583333333333334,23.791457438251346,0.0010522740260284402,143.32347271989255,0.2798667496246135,30.44677070493607,-246.48207414876993,15.682758491485586,-0.43201291474069414,-4.624440988353645
8.591666666666667,23.966126858944655,0.0010522740260284402,154.5937258461816,0.2798667496246135,16.34145880920518,-247.8474307763072,15.682758491485586,-0.43201291474069414,-4.624440988353645
8.6,23.95005213310377,0.0010522740260284402,154.55884499064973,0.2798667496246135,36.81185813669909,-264.9387397805092,15.682758491485586,-0.43201291474069414,-4.783626973521375
8.608333333333333,23.77538271241046,0.0010522740260284402,143.32347271989255,0.2798667496246135,34.5716771208586,-260.5938637729718,15.682758491485586,-0.43201291474069414,-4.783626973521375
8.616666666666667,24.099828547010702,0.0010522740260284402,143.32347271989255,0.2798667496246135,16.176182599302994,-261.1924557505146,15.682758491485586,-0.43201291474069414,-4.624440988353645
8.625,22.973248136083683,0.0010522740260284402,141.05205067820216,0.2798667496246135,14.562895877178995,-98.00066211845217,0.4940804596926971,-0.0008239324903726969,-4.624440988353645
8.633333333333333,23.77538271241046,0.0010522740260284402,143.32347271989255,0.2798667496246135,34.5716771208586,-260.5938637729718,15.682758491485586,-0.43201291474069414,-4.783626973521375
8.641666666666667,23.983007710325168,0.0010522740260284402,154.55884499064973,0.2798667496246135,36.91095743348536,-266.94492848712633,15.682758491485586,-0.43201291474069414,-4.924925423127691
8.65,23.95005213310377,0.0010522740260284402,154.5937258461816,0.2798667496246135,35.68042607701328,-266.60792450383383,15.682758491485586,-0.43201291474069414,-4.783626973521375
8.658333333333333,22.99065360489294,0.0010522740260284402,140.93638651331938,0.2798667496246135,30.44677070493607,-261.7118406455149,16.691580525190165,-0.43201291474069414,-4.337389960473299
8.666666666666666,24.187831444266795,0.0010522740260284402,145.69686659888092,0.2798667496246135,12.478788698318958,-83.32485661357731,15.682758491485586,-0.43201291474069414,-4.337389960473299
8.675,24.099828547010702,0.0010522740260284402,143.32347271989255,0.2798667496246135,35.32083186230179,-260.6811760821588,15.682758491485586,-0.43201291474069414,-4.624440988353645
8.683333333333334,23.77913140500793,0.0010522740260284402,143.32347271989255,0.2798667496246135,37.85062811854476,-261.8054419555646,15.682758491485586,-0.43201291474069414,-5.025558564544749
8.691666666666666,23.983602448907266,0.0010522740260284402,154.55884499064973,0.30048588509533325,41.43149498325792,-279.46422802540576,15.682758491485586,-0.43201291474069414,-5.025558564544749
8.7,24.1005467506603,0.0010522740260284402,143.32347271989255,0.2798667496246135,38.49260130637,-275.76207137363997,15.682758491485586,-0.43201291474069414,-4.783626973521375
8.708333333333334,23.90871856165393,0.0010522740260284402,155.3281161700914,0.30048588509533325,41.42677386283704,-278.39751049121685,15.682758491485586,-0.43201291474069414,-5.025558564544749
8.716666666666667,24.17453341518658,0.0010522740260284402,145.8109974306252,0.2798667496246135,37.192680884236964,-278.99316542600593,15.682758491485586,-0.43201291474069414,-4.783626973521375
8.725,24.083753821169818,0.0010522740260284402,143.32347271989255,0.2798667496246135,38.70362614904734,-275.76207137363997,15.682758491485586,-0.43201291474069414,-4.783626973521375
8.733333333333333,24.162968196055253,0.0010522740260284402,148.14641610880693,0.2798667496246135,41.58503552811359,-275.48825845935295,15.682758491485586,-0.43201291474069414,-5.029229987782402
8.741666666666667,24.02926425612202,0.0010522740260284402,154.55884499064973,0.2798667496246135,15.326220036619254,-279.33641715432793,15.682758491485586,-0.43201291474069414,-4.624440988353645
8.75,22.952840553876424,0.0010522740260284402,141.05205067820216,0.2798667496246135,37.92351302581757,-289.9411888626412,0.8815875365936469,-0.0008239324903726969,-4.783626973521375
8.758333333333333,24.02461086625136,0.0010522740260284402,154.55884499064973,0.30048588509533325,41.08898203860348,-278.39751049121685,15.682758491485586,-0.43201291474069414,-5.025558564544749
8.766666666666667,22.952840553876424,0.0010522740260284402,141.05205067820216,0.2798667496246135,37.8682235405218,-289.9411888626412,0.8815875365936469,-0.0008239324903726969,-4.928596846365344
8.775,24.029844222449487,0.0010522740260284402,154.55884499064973,0.2798667496246135,41.42677386283704,-278.39751049121685,15.682758491485586,-0.43201291474069414,-4.924925423127691
8.783333333333333,22.99065360489294,0.0010522740260284402,141.05205067820216,0.27991974154833105,30.44677070493607,-276.42149383907446,16.337565007798656,-0.43201291474069414,-4.624440988353645
8.791666666666666,23.924822136268286,0.0010522740260284402,154.55884499064973,0.27991974154833105,41.42677386283704,-276.6894357967455,15.328742974094087,-0.43201291474069414,-5.025558564544749
8.8,24.116621476501184,0.0010522740260284402,143.32347271989255,0.27991974154833105,31.203351022585064,-275.20135459588045,15.328742974094087,-0.43201291474069414,-4.769410861197614
8.808333333333334,24.099828547010702,0.0010522740260284402,143.32347271989255,0.27991974154833105,16.176182599302994,-275.56665157043346,15.328742974094087,-0.43201291474069414,-4.624440988353645
8.816666666666666,24.029844222449487,0.0010522740260284402,154.55884499064973,0.27991974154833105,30.76111562946774,-276.5459578839307,15.328742974094087,-0.43201291474069414,-4.624440988353645
8.825,23.77538271241046,0.0010522740260284402,143.32347271989255,0.27991974154833105,37.97581127511745,-275.83991579656686,15.328742974094087,-0.43201291474069414,-4.924925423127691
8.833333333333334,23.77288140849935,0.0010522740260284402,143.32347271989255,0.27991974154833105,30.44677070493607,-276.42149383907446,15.328742974094087,-0.43201291474069414,-4.624440988353645
8.841666666666667,22.98787690813227,0.0010522740260284402,140.93638651331938,0.27991974154833105,12.448591575322231,-118.738253518575,16.337565007798656,-0.43201291474069414,-4.768071281965877
8.85,23.963350162183986,0.0010522740260284402,154.5937258461816,0.27991974154833105,13.08967617903847,-123.3351136966375,15.328742974094087,-0.43201291474069414,-4.624440988353645
8.858333333333333,24.02926425612202,0.0010522740260284402,154.55884499064973,0.27991974154833105,17.80819143994364,-274.80504535340134,15.328742974094087,-0.43201291474069414,-4.624440988353645
8.866666666666667,24.113844779740514,0.0010522740260284402,143.32347271989255,0.27991974154833105,12.803767599893803,-123.05699979899329,15.328742974094087,-0.43201291474069414,-4.624440988353645
8.875,22.9360420489494,0.0010522740260284402,140.93638651331938,0.2692135237119238,10.414621857553373,-77.91789401243561,16.337565007798656,-0.43201291474069414,-4.337389960473299
8.883333333333333,23.77288140849935,0.0010522740260284402,143.32347271989255,0.2692135237119238,30.44677070493607,-276.42149383907446,15.328742974094087,-0.43201291474069414,-4.624440988353645
8.891666666666667,23.966126858944655,0.0010522740260284402,154.5937258461816,0.2692135237119238,35.83875303145838,-281.1281030175555,15.328742974094087,-0.43201291474069414,-4.624440988353645
8.9,22.970471439323013,0.0010522740260284402,140.93638651331938,0.2692135237119238,12.184371381589825,-118.68000721568403,0.49165602262620506,-0.0008239324903726969,-4.337389960473299
8.908333333333333,24.02926425612202,0.0010522740260284402,154.55884499064973,0.2692135237119238,39.39728237567332,-276.6894357967455,15.328742974094087,-0.43201291474069414,-4.924925423127691
8.916666666666666,23.90871856165393,0.0010522740260284402,155.3281161700914,0.2692135237119238,17.697133577078095,-274.80504535340134,15.328742974094087,-0.43201291474069414,-4.624440988353645
8.925,23.966126858944655,0.0010522740260284402,154.5937258461816,0.2692135237119238,31.7739700799739,-281.1281030175555,15.328742974094087,-0.43201291474069414,-4.624440988353645
8.933333333333334,24.67044534360548,0.0010522740260284402,143.32347271989255,0.28916542680933577,41.29015158359415,-275.7410006629278,15.328742974094087,-0.2662222009207168,-3.5782753156446794
8.941666666666666,24.02926425612202,0.0010522740260284402,154.55884499064973,0.2692135237119238,35.7303302101764,-276.5459578839307,15.328742974094087,-0.43201291474069414,-4.783626973521375
8.95,23.966126858944655,0.0010522740260284402,154.5937258461816,0.2692135237119238,31.7739700799739,-281.1281030175555,15.328742974094087,-0.43201291474069414,-4.624440988353645
8.958333333333334,23.966126858944655,0.0010522740260284402,154.5937258461816,0.2692135237119238,16.44209846462008,-278.3105719687929,15.328742974094087,-0.43201291474069414,-4.624440988353645
8.966666666666667,23.966126858944655,0.0010522740260284402,154.5937258461816,0.2692135237119238,15.965190746820872,-286.56798749127665,15.328742974094087,-0.43201291474069414,-4.624440988353645
8.975,24.029844222449487,0.0010522740260284402,154.55884499064973,0.2692135237119238,39.91426191367734,-277.36208254811265,15.328742974094087,-0.43201291474069414,-4.783626973521375
8.983333333333333,23.963350162183986,0.0010522740260284402,154.5937258461816,0.2692135237119238,13.900110217712575,-149.1044275107371,15.328742974094087,-0.43201291474069414,-4.624440988353645
8.991666666666667,23.90931330023603,0.0010522740260284402,155.3281161700914,0.268546291338616,41.22288745285555,-277.36208254811265,15.328742974094087,-0.43201291474069414,-5.025558564544749
9.0,21.726447434049355,0.42805497703698503,149.94438615821323,18.745729519409924,41.01384414428556,-385.8644664941096,29.394178381757087,723.9000574487811,4.234252052886003
9.008333333333333,19.613735450505796,0.07624372221347817,167.63010980852252,1.7493470785612084,43.84017401736169,-399.17182513510255,-3.16180726732592,1124.7645858619646,134.22713707009987
9.016666666666667,19.63024652735845,0.07624372221347817,161.78231586819746,0.13871895231840206,42.583260877048836,-398.34447152540565,-3.16180726732592,1124.290122292753,134.41177978236513
9.025,19.63024652735845,0.025799490957243754,167.31215654461778,0.13638716351922586,40.68541272505841,-349.9028411415755,-1.3836778555841363,1124.750458993492,131.36828201472323
9.033333333333333,19.63024652735845,0.07624372221347817,167.60192385450998,0.1381125320844194,47.93721241726109,-398.99980021350444,-1.3836778555841363,1124.750458993492,131.36828201472323
9.041666666666666,19.554069340341112,0.07624372221347817,168.56647982356395,1.7493470785612084,44.136118312799525,-400.45314288298147,-2.8346307330225438,1124.7502753914414,134.24604517598044
9.05,19.5529764297671,0.07624372221347817,168.01054668833055,1.7493470785612084,43.709594284389055,-401.97697225715814,-2.8346307330225438,1124.7502753914414,134.24604517598044
9.058333333333334,19.63024652735845,0.07624372221347817,167.78052276020645,1.5430620647642053,44.25944376204822,-403.08396321661496,-3.982792940638722,1126.094440648927,134.41177978236513
9.066666666666666,19.63024652735845,0.07624372221347817,167.4823821935373,1.543668484998188,44.36572795054623,-401.5601338424383,-3.8579792586396997,1126.1085675173997,134.41177978236513
9.075,19.63024652735845,0.07624372221347817,167.6159500393216,-0.05470318454381914,48.63833320697014,-304.5790165622412,-2.0798498468979143,1126.094440648927,131.36828201472323
9.083333333333334,19.63024652735845,0.025799490957243754,167.5765173523718,-0.056428553109012666,40.983846231286805,-357.46207136841804,-2.0798498468979143,1126.094440648927,131.36828201472323
9.091666666666667,19.63024652735845,0.07624372221347817,167.6159500393216,-0.05470318454381914,49.34321290746603,-304.5790165622412,-2.0798498468979143,1126.094440648927,131.36828201472323
9.1,19.63024652735845,0.07624372221347817,167.78052276020645,-0.05470318454381914,43.4236087735056,-402.24486860694776,-3.9207900027055627,1126.094440648927,134.41177978236513
9.108333333333333,19.63024652735845,0.07624372221347817,167.78052276020645,-0.05470318454381914,48.52686344166994,-439.68831346743525,-2.0798498468979143,1126.094440648927,131.36828201472323
9.116666666666667,19.63024652735845,0.07624372221347817,167.78052276020645,-0.05470318454381914,43.609622902318335,-403.45499831832893,-4.303656329954291,1126.094440648927,131.36828201472323
9.125,19.63024652735845,0.07624372221347817,167.78052276020645,1.5430620647642053,43.1307842128641,-401.5601338424383,-3.982792940638722,1126.094440648927,134.41177978236513
9.133333333333333,19.63024652735845,0.07624372221347817,167.78052276020645,-0.05470318454381914,43.42404866582355,-401.7630503824102,-3.680215899058262,1126.094440648927,134.41177978236513
9.141666666666667,20.12681716776999,-0.2673652921869778,133.16342947644537,-0.08340159617532568,43.64495509781356,-406.5559688871081,-1.2037637720240375,1125.2230339240582,14.755801898100392
9.15,20.192950716678798,-0.0034554966171516078,82.5237456023757,-0.01589706504815201,44.42297509943719,-406.2247420658773,-1.6564168920281335,1124.0782924765956,-1.8891723898307566
9.158333333333333,20.192950716678798,-0.0034554966171516078,79.06664024063427,-0.01650348528213466,44.23890218165581,-406.51893295135915,-1.6492281241777793,1124.2178563124683,-2.061738984419226
9.166666666666666,20.192950716678798,-0.0034554966171516078,83.93938360734036,-0.01650348528213466,48.32573420075019,-463.03963338847467,0.40162705105364793,1124.0782924765956,2.8090045883845884
9.175,20.133982611586326,-0.0034554966171516078,103.3388164455513,-0.01589706504815201,44.49312435073861,-403.2842141566301,-1.329282003089612,1123.902334363316,-1.290750003406188
9.183333333333334,20.193545455260896,-0.0034554966171516078,79.22567570930498,-0.01589706504815201,44.576342518858745,-405.53311997197306,-1.6564585373929879,1124.231983180941,-2.061738984419226
9.191666666666666,20.192950716678798,-0.0034554966171516078,83.48624438457209,-0.01650348528213466,44.248488458289614,-407.3672129106033,-1.3538398504476747,1124.0782924765956,-2.037630470169072
9.2,20.306636431463144,-0.0034554966171516078,83.97279247462559,-0.016337901052479373,44.18130435764568,-406.2247420658773,-1.3051024460448906,1124.0140292986734,-1.6221404767958505
9.208333333333334,20.306041692881045,-0.0034554966171516078,83.48624438457209,-0.016944321286462023,43.884928544918814,-406.4276586058492,-1.3050608006800362,1123.9999024302008,-1.402906240558132
9.216666666666667,20.304875749581672,-0.0034554966171516078,124.71339785985894,-0.016337901052479373,44.359635326312926,-407.5060598137562,-0.9779259117415148,1123.8610927466448,-0.4686389245493032
9.225,20.306041692881045,-0.0034554966171516078,123.15375256607264,-0.016337901052479373,44.28587665184782,-406.2247420658773,-1.3050608006800362,1123.846965878172,-1.8989973996727214
9.233333333333333,20.341741282399774,-0.0034554966171516078,66.11563485212352,-0.016944321286462023,48.9706496202446,-305.01334790322477,0.45759486867164045,1124.0436428047963,4.284437017517158
9.241666666666667,20.306041692881045,-0.0034554966171516078,84.09653955980909,-0.016944321286462023,45.00623656499148,-426.9843245894429,-1.3050608006800362,1123.9999024302008,-1.4270147548082897
9.25,20.306041692881045,-0.0034554966171516078,83.28044113098368,-0.016944321286462023,45.00623656499148,-425.6510698917378,-1.3050608006800362,1124.1394662660734,-1.4270147548082897
9.258333333333333,20.3196659472243,-0.0034554966171516078,103.56194229282528,-0.016337901052479373,45.188541854689895,-421.6200080875908,-1.3051024460448906,1123.8610927466448,-0.6086607788988625
9.266666666666667,20.319071208642203,-0.0034554966171516078,114.04223100040102,-0.016337901052479373,44.973054100503745,-422.60604566415225,-1.3051024460448906,1123.846965878172,-0.6086607788988625
9.275,20.306041692881045,-0.0034554966171516078,83.48624438457209,-0.016944321286462023,45.053816226475334,-426.646098095749,-1.3050608006800362,1123.9999024302008,-1.402906240558132
9.283333333333333,20.306041692881045,-0.0034554966171516078,83.48624438457209,-0.016944321286462023,44.64267665162068,-426.0447702846888,-1.3050608006800362,1123.9999024302008,-1.402906240558132
9.291666666666666,20.306041692881045,-0.0034554966171516078,80.5181322655437,-0.016944321286462023,44.45404202075996,-495.09204947556657,0.4504061008212863,1124.1394662660734,3.4111840777566163
9.3,20.226127760262635,-0.0034554966171516078,83.97279247462559,-0.016337901052479373,45.142311969341286,-425.8418537447169,-1.3899163975552895,1111.4513230674647,-1.6221404767958505
9.308333333333334,20.225533021680537,-0.0034554966171516078,83.48624438457209,-0.016337901052479373,44.93905246434755,-425.8418537447169,-1.389874752190435,1111.437196198992,-2.065404504814422
9.316666666666666,20.153535400826907,-0.0034554966171516078,123.88369285827714,-0.016337901052479373,45.12729132570804,-427.57677658298104,-1.0627398632519136,1111.2612380857124,-1.8821014987215896
9.325,20.225533021680537,-0.0034554966171516078,83.48624438457209,-0.016944321286462023,44.400611485206284,-426.9843245894429,-1.389874752190435,1111.437196198992,-2.065404504814422
9.333333333333334,20.225533021680537,-0.0034554966171516078,83.48624438457209,-0.2701094313414074,44.99688009085067,-425.70834340168625,-1.389874752190435,1112.0458409660378,-2.065404504814422
9.341666666666667,20.359720094127788,-0.0034554966171516078,66.50864293362208,-0.2712182018320307,47.90735108367176,-483.6701873164406,0.45106540361721303,1114.759008713201,4.284437017517158
9.35,20.225533021680537,-0.0034554966171516078,83.93938360734036,-0.2712182018320307,47.92489224063659,-424.759982483545,0.45106540361721303,1112.0458409660378,3.443728817995527
9.358333333333333,20.20902194482788,-0.0034554966171516078,113.96108241057415,-0.26950301110742475,46.03624451598126,-421.7836695667808,-1.3899163975552895,1111.9070312824817,-2.2349427648589972
9.366666666666667,20.211337562620006,-0.0034554966171516078,103.43466349525696,-0.26950301110742475,45.86630851536223,-422.0789497380983,-1.0627398632519136,1111.9070312824817,-2.42886003229693
9.375,20.359720094127788,-0.0034554966171516078,67.01985821213265,-0.2712182018320307,44.43373686453653,-493.4190135579757,0.45106540361721303,1114.759008713201,4.284437017517158
9.383333333333333,20.261232611199265,-0.0034554966171516078,66.50864293362208,-0.2712182018320307,48.0121082949285,-485.96596434886084,0.4582541714675672,1114.5834282775663,4.298200867664656
9.391666666666667,20.225533021680537,-0.0034554966171516078,103.38125705184733,-0.2701094313414074,44.81334562567299,-421.08944301472593,-1.772741079439163,1111.892904414009,2.259525853785596
9.4,20.225533021680537,-0.0034554966171516078,83.40895889798699,-0.27061178159804805,45.389599965179485,-425.01947764734547,-1.389874752190435,1112.0458409660378,-1.402906240558132
9.408333333333333,20.226127760262635,-0.0034554966171516078,78.90240718070342,-0.27061178159804805,45.64562416544968,-426.1660588556383,-1.3899163975552895,1112.1910674570559,12.131122157412094
9.416666666666666,20.359720094127788,-0.0034554966171516078,63.01845643404183,-0.2712182018320307,45.336487651148474,-425.11181202972716,-1.389874752190435,1114.8901083357464,12.75378175193844
9.425,20.225533021680537,-0.0034554966171516078,78.90240718070342,-0.3065981835362345,44.6893379411352,-428.8955605621205,-1.3864588092954697,1113.0118747735632,11.468623893155804
9.433333333333334,20.225533021680537,-0.0034554966171516078,63.34444560511258,-0.3065981835362345,45.21599096881655,-429.14861353056926,-1.3864588092954697,1115.5854786848538,13.004375097172634
9.441666666666666,20.20902194482788,-0.0034554966171516078,95.06660182749425,-0.30599176330225186,45.86020127020449,-425.95503265287334,-1.3865004546603241,1112.8730650900072,12.255340747034326
9.45,20.20902194482788,-0.0034554966171516078,148.53979974337219,-0.30599176330225186,45.86020127020449,-425.95503265287334,-1.3865004546603241,1112.8730650900072,12.255340747034326
9.458333333333334,20.136272314945135,-0.0034554966171516078,156.94419486777844,-0.10472418737800814,47.100572621768066,-429.03290196702324,-0.6161322501632815,1110.6047675192854,10.413533233723598
9.466666666666667,20.225533021680537,-0.0034554966171516078,78.90240718070342,-0.30599176330225186,45.47510693764536,-428.8955605621205,-1.3865004546603241,1113.0118747735632,11.468623893155804
9.475,20.225533021680537,-0.0034554966171516078,106.04237591742526,-0.3065981835362345,45.384366410356755,-425.888623924873,-1.3864588092954697,1112.8589382215346,11.299085633111229
9.483333333333333,20.226127760262635,-0.0034554966171516078,106.65501876527382,-0.30599176330225186,45.6709755991828,-424.6737149049944,-1.3865004546603241,1112.8730650900072,1.125300705832711
9.491666666666667,20.225533021680537,-0.0034554966171516078,74.61323622849805,-0.3065981835362345,44.80959381101156,-429.14861353056926,-1.3864588092954697,1115.5854786848538,3.0245074373320477
9.5,20.225533021680537,-0.0034554966171516078,75.10201250184203,-0.3065981835362345,44.6893379411352,-427.81535883286415,-1.3864588092954697,1114.9175256941098,0.629911658073218
9.508333333333333,20.225533021680537,-0.0034554966171516078,74.27410651401402,-0.3065981835362345,48.815467765548654,-457.76653864316216,0.45448134651217864,1115.5854786848538,10.245987499319863
9.516666666666667,20.226127760262635,-0.0034554966171516078,76.0543668594096,-0.011738422263552577,46.62489965749503,-429.42227401683726,-1.3865004546603241,1115.7406710268576,3.0245074373320477
9.525,20.225533021680537,-0.0034554966171516078,75.94367250553927,-0.012344842497535223,48.29755180598095,-457.80136717549226,0.45448134651217864,1115.726544158385,10.245987499319863
9.533333333333333,20.225533021680537,-0.0034554966171516078,141.02561148697382,-0.012344842497535223,46.65736047211319,-429.1332334779537,-1.3864588092954697,1113.0000036950657,1.3192179732706435
9.541666666666666,19.89175263246503,-1.0546491486453893,139.72099063603537,-0.5640268465303641,47.24756274170851,-422.6379933476077,-7.745065971379695,1112.311428451854,72.30639532609406
9.55,19.655876815362273,0.858508767661538,173.72026182088769,-0.013744340403673564,47.55061772430004,-469.1878826749551,-2.593225077534782,1112.6382482979604,127.02811190117399
9.558333333333334,19.65647155394437,0.858508767661538,173.533813052701,-0.013137920169690918,47.93384787281256,-430.82056699228434,-3.9325573024179925,1112.652375166433,126.52871675636825
9.566666666666666,19.655876815362273,0.07624372221347817,173.9658986688125,-0.011043500264994923,46.30861260993211,-432.19215693266443,-4.193591129695131,1112.9187034973677,125.76365819132548
9.575,19.65647155394437,0.07624372221347817,173.74504358872846,-0.013137920169690918,48.16232059034094,-423.8031606749418,-3.9325573024179925,1113.0622193660129,128.28640622769083
9.583333333333334,19.655876815362273,2.3491110311171806,173.60009435391683,-0.013744340403673564,45.87555449812424,-429.5605031282209,-2.593225077534782,1112.9187034973677,127.02811190117399
9.591666666666667,19.658892800909832,0.07624372221347817,173.9658986688125,-0.011043500264994923,45.71480241321834,-421.5021569047544,-4.491739922902352,1113.0480924975402,125.76365819132548
9.6,19.639365738509618,0.858508767661538,173.82573326148534,-0.013137920169690918,48.405074100963155,-430.57489899627586,-3.9325573024179925,1112.652375166433,127.61763850759677
9.608333333333333,19.658892800909832,0.07624372221347817,175.13163510063174,-0.011043500264994923,48.606874815668526,-501.48376344654247,-0.11459648955514384,1113.0480924975402,126.31692407485262
9.616666666666667,19.658892800909832,0.07624372221347817,175.13163510063174,-0.011043500264994923,49.013321009936035,-499.9599340723658,-0.11459648955514384,1113.0480924975402,126.31692407485262
9.625,19.639365738509618,0.858508767661538,173.8601395733827,-0.013137920169690918,50.5315920029683,-460.61050672657694,-3.9325573024179925,1112.652375166433,127.85615195858342
9.633333333333333,19.655876815362273,0.07624372221347817,175.0335290915418,-0.011043500264994923,48.65494202562299,-451.750272145132,-1.9555366453627927,1112.9187034973677,127.75986111363473
9.641666666666667,19.65647155394437,2.3491110311171806,173.49940674080364,-0.013137920169690918,50.263625279811436,-459.1650094686447,-3.9325573024179925,1112.9328303658403,130.28260915000004
9.65,19.579699628344933,0.858508767661538,173.82573326148534,-0.013137920169690918,50.872428091550574,-460.1551344873899,-3.9325573024179925,1112.6380646959099,130.68704683934797
9.658333333333333,19.655876815362273,0.858508767661538,173.533813052701,-0.013137920169690918,50.0603657748177,-460.40080248339837,-3.9325573024179925,1112.652375166433,128.5249196786775
9.666666666666666,19.658892800909832,0.07624372221347817,175.07950521599875,-0.011043500264994923,48.65494202562299,-442.82454651796803,-1.9555366453627927,1112.9187034973677,127.75986111363473
9.675,19.658892800909832,0.07624372221347817,173.9658986688125,-0.011043500264994923,48.43513051193726,-442.7611542215045,-4.193591129695131,1112.9187034973677,127.75986111363473
9.683333333333334,19.655876815362273,0.858508767661538,173.72026182088769,-0.013744340403673564,48.61377735800906,-460.2504396848637,-4.43416523334243,1112.6382482979604,130.4672518622653
9.691666666666666,19.658892800909832,0.858508767661538,173.49940674080364,-0.013137920169690918,50.0603657748177,-459.3699511581198,-4.193591129695131,1112.6382482979604,130.4672518622653
9.7,19.80366682364109,2.3491110311171806,173.70583484922835,-0.013744340403673564,48.75514207158969,-483.7727984575478,-4.193591129695131,1113.9503388546618,130.4672518622653
9.708333333333334,19.80366682364109,0.07624372221347817,173.9658986688125,-0.013744340403673564,48.65494202562299,-455.23616466307755,-4.43416523334243,1113.9503388546618,130.4672518622653
9.716666666666667,19.80366682364109,0.858508767661538,173.49940674080364,-0.013137920169690918,50.40559054700477,-483.7727984575478,-3.9325573024179925,1113.6698836552546,130.4672518622653
9.725,19.80366682364109,0.858508767661538,173.49940674080364,-0.013137920169690918,50.40559054700477,-483.7727984575478,-4.193591129695131,1113.6698836552546,130.4672518622653
9.733333333333333,19.784139761240876,0.858508767661538,173.8601395733827,-0.013137920169690918,50.89987561939757,-484.80364978282637,-3.9325573024179925,1113.6840105237272,128.5249196786775
9.741666666666667,19.80366682364109,0.858508767661538,173.72026182088769,-0.013137920169690918,50.40559054700477,-483.7727984575478,-4.193591129695131,1113.6698836552546,130.4672518622653
9.75,19.80366682364109,0.858508767661538,173.49940674080364,-0.010437080031012277,50.40559054700477,-483.0311273986314,-3.9325573024179925,1113.6840105237272,127.57521840136948
9.758333333333333,19.787155746788436,0.858508767661538,173.8601395733827,-0.010437080031012277,50.876816775155376,-484.26692041338504,-3.9325573024179925,1113.6840105237272,125.14876120995281
9.766666666666667,19.80366682364109,0.858508767661538,174.61301328798987,-0.010437080031012277,50.40559054700477,-483.0311273986314,-1.4539287144383561,1113.6840105237272,127.75986111363473
9.775,19.874757537362136,0.858508767661538,174.24455703185967,-0.011043500264994923,46.9620802436188,-466.05109592377977,-0.1917871733894118,995.8313909664305,124.4331227169125
9.783333333333333,19.65207833284635,-0.5925632867000417,139.05675322163228,-0.14471588231824914,48.36642712785746,-440.664687398833,-0.3157483445796856,994.1027617052712,97.16690135234573
9.791666666666666,20.379720260389874,-0.0034554966171516078,103.75424234538836,-0.011738422263552577,50.315963160251215,-451.4891818354084,-1.463691138494592,941.9569150732738,1.0739537023371761
9.8,19.854918580171958,-0.0034554966171516078,71.7690541611353,-0.025075658762545843,47.039713499287124,-493.5024021709325,0.37729066267791067,941.9799366345243,1.0755599986763684
9.808333333333334,19.7763370887635,-0.0034554966171516078,111.96233555339703,-0.011738422263552577,49.49576723639976,-439.97688783605776,-1.463691138494592,941.9569150732738,-0.6076211896452843
9.816666666666666,19.854918580171958,-0.0034554966171516078,157.07323439044197,-0.012344842497535223,48.20601993675469,-434.47372443105274,-1.4636494931297377,941.9799366345243,-0.2682985668681514
9.825,19.854918580171958,-0.0034554966171516078,104.24972772774363,-0.012344842497535223,47.67586484611486,-434.2882776204728,-1.4636494931297377,941.9799366345243,-0.7506751981418157
9.833333333333334,19.90321093758552,-0.0034554966171516078,168.47868017082286,-0.011738422263552577,48.818513115509965,-437.1171757172393,-1.4636494931297377,939.5829632658032,-1.3356940990291462
9.841666666666667,19.854918580171958,-0.0034554966171516078,103.60003647456402,-0.012344842497535223,48.24391821352415,-434.2882776204728,-1.4636494931297377,941.9799366345243,-0.2682985668681514
9.85,19.854918580171958,-0.0034554966171516078,111.40107356141068,-0.012344842497535223,49.02068383826195,-437.35750833969615,-1.8465158203784655,941.9799366345243,0.8019430223203382
9.858333333333333,19.854918580171958,-0.0034554966171516078,113.8766983461741,-0.011738422263552577,48.818513115509965,-435.4597620076142,-1.463691138494592,941.9799366345243,-1.960029614728952
9.866666666666667,19.854918580171958,-0.0034554966171516078,127.62341250840646,-0.012344842497535223,48.19162235232534,-437.3903095160224,-1.4636494931297377,941.9799366345243,-0.7506751981418157
9.875,19.854918580171958,-0.0034554966171516078,71.15257745795614,-0.012344842497535223,46.69662522864239,-442.05377676230285,0.37729066267791067,941.9799366345243,1.7168087470599582
9.883333333333333,19.854918580171958,-0.0034554966171516078,113.8766983461741,-0.012344842497535223,51.55426889022436,-439.5055698901211,-1.4636494931297377,941.9799366345243,-1.611459499001394
9.891666666666667,19.854918580171958,-0.0034554966171516078,71.65627989332503,-0.01305437053804831,51.45045337079216,-451.93774692882056,-1.4636494931297377,941.9799366345243,-5.88910121330308
9.9,19.7763370887635,-0.0034554966171516078,114.46799220789073,-0.011738422263552577,54.06203564194658,-445.36075746704734,-1.463691138494592,941.9569150732738,-6.732255154149443
9.908333333333333,19.90321093758552,-0.0034554966171516078,164.36193280996994,-0.012344842497535223,51.63909024451484,-476.68808745957233,0.37729066267791067,942.1565671770935,6.618818700540502
9.916666666666666,19.854918580171958,-0.0034554966171516078,102.46730047683867,-0.012344842497535223,52.470238131925605,-439.8575940620423,-1.4636494931297377,941.9799366345243,-3.205243813963762
9.925,19.854918580171958,-0.0034554966171516078,101.34291807010717,-0.025075658762545843,47.021124517819224,-493.5024021709325,0.37729066267791067,941.9799366345243,6.092397194260072
9.933333333333334,19.854918580171958,-0.0034554966171516078,104.51781860352793,-0.01305437053804831,50.257483724687724,-440.58952025697613,-1.4636494931297377,941.9799366345243,-1.995889397376628
9.941666666666666,19.869531206014642,-0.0034554966171516078,127.62341250840646,-0.01305437053804831,51.53012285653674,-443.18752759693007,-1.4636494931297377,941.9799366345243,-6.764731577103148
9.95,19.90131248657555,-0.0034554966171516078,167.6520083570414,-0.011738422263552577,54.80952184768486,-443.4070447507587,-1.463691138494592,942.1706940455662,-2.196445676409672
9.958333333333334,19.90131248657555,-0.0034554966171516078,167.6520083570414,-0.012447950304065664,54.719280510448286,-443.4070447507587,-1.463691138494592,942.1706940455662,-3.441659875644482
9.966666666666667,19.917823563428204,-0.0034554966171516078,167.6520083570414,-0.01305437053804831,52.10292753055729,-442.1257270028798,-1.4636494931297377,942.1565671770935,-2.232305459057349
9.975,19.869531206014642,-0.0034554966171516078,102.41996862021567,-0.01305437053804831,51.57748364867489,-442.15489527691943,-1.4636494931297377,941.9799366345243,-6.764731577103148
9.983333333333333,19.869531206014642,-0.0034554966171516078,155.39768115373843,-0.01305437053804831,51.278037219684315,-442.15489527691943,-1.4636494931297377,941.9799366345243,-1.5135127661029657
9.991666666666667,19.869531206014642,-0.0034554966171516078,101.9244832378604,-0.012447950304065664,53.44524170256493,-443.4929570254021,-1.463691138494592,941.9940635029969,-2.7228671826900994
10.0,19.917823563428204,-0.0034554966171516078,164.65373066783098,-0.01305437053804831,53.015269948245894,-446.18654474006553,-1.4636494931297377,942.1565671770935,-3.441659875644482
10.008333333333333,19.869531206014642,-0.0034554966171516078,155.39768115373843,-0.01305437053804831,51.278037219684315,-442.15489527691943,-1.4636494931297377,941.9799366345243,-2.7228671826900994
10.016666666666667,19.918418302010302,-0.0034554966171516078,167.80621422786575,-0.012447950304065664,53.64850120755867,-446.18654474006553,-1.463691138494592,942.1706940455662,-3.441659875644482
10.025,19.917823563428204,-0.0034554966171516078,164.31460095334694,-0.01305437053804831,52.18412206083513,-480.32345042293196,0.37729066267791067,942.1565671770935,4.1642500847185575
10.033333333333333,19.90131248657555,-0.0034554966171516078,173.2057787294005,-0.012447950304065664,53.77965515439305,-446.18654474006553,-1.463691138494592,942.1706940455662,-3.441659875644482
10.041666666666666,19.917823563428204,-0.0034554966171516078,164.1500282324621,-0.01305437053804831,47.22306806349478,-442.5656528049522,-1.665963960239899,913.9584196322425,5.37360450130569
10.05,19.804292157158393,-0.0034554966171516078,173.08881779472776,-0.012447950304065664,55.41668581474565,-447.4177260594676,-1.2121055461930763,911.3617941597016,-2.5028279666894266
10.058333333333334,19.917823563428204,-0.0034554966171516078,164.65373066783098,-0.01305437053804831,51.96114173919318,-446.18654474006553,-1.212063900828222,913.9584196322425,-4.3002208153312
10.066666666666666,19.84033498259376,-0.0034554966171516078,167.39655234343246,-0.012447950304065664,56.26106025859219,-451.64018726178296,-1.2121055461930763,911.6216477452623,-4.34819978506997
10.075,19.869531206014642,-0.0034554966171516078,112.83977082781011,-0.012447950304065664,53.639940520988496,-452.0593546676093,-1.212063900828222,911.4680387639436,-6.764731577103148
10.083333333333334,19.917823563428204,-0.0034554966171516078,164.65373066783098,-0.01305437053804831,53.88222061631758,-450.5310967251466,-1.212063900828222,911.6446693065128,-3.7632894170330617
10.091666666666667,19.869531206014642,-0.0034554966171516078,104.96997186634319,-0.01305437053804831,52.49356011825064,-447.8375090104832,-1.2328445842951006,910.4390070713986,-6.61035211349733
10.1,19.917823563428204,-0.0034554966171516078,166.91938348645954,-0.01305437053804831,52.61179834168075,-450.3930376579116,-1.2328445842951006,910.6156376139678,-6.652850907740116
10.108333333333333,19.917823563428204,-0.0034554966171516078,166.91938348645954,-0.01305437053804831,52.85848000617694,-450.5310967251466,-1.2328445842951006,910.6156376139678,-3.6089099534272453
10.116666666666667,19.90131248657555,-0.0034554966171516078,172.47315385881862,-0.012447950304065664,54.35043118591122,-450.5310967251466,-1.232886229659955,910.6297644824405,-4.145841351725383
10.125,19.917823563428204,-0.0034554966171516078,166.91938348645954,-0.01305437053804831,53.40590253593925,-450.5310967251466,-1.2328445842951006,910.6156376139678,-4.467470893113963
10.133333333333333,19.90131248657555,-0.0034554966171516078,166.91938348645954,-0.012447950304065664,55.47483298606794,-451.8124144730255,-1.232886229659955,910.6297644824405,-6.652850907740116
10.141666666666667,19.869531206014642,-0.0034554966171516078,104.96997186634319,-0.01305437053804831,51.53882267595532,-447.33825048574454,-1.2328445842951006,910.4390070713986,-6.61035211349733
10.15,19.869531206014642,-0.0034554966171516078,104.19013605648895,-0.01305437053804831,52.10800052596323,-446.4994472620005,-1.2328445842951006,910.4390070713986,-5.549628316410501
10.158333333333333,19.869531206014642,-0.0034554966171516078,105.40204439733125,-0.01305437053804831,53.46819867660599,-447.25175174803405,-1.629169954146855,910.4390070713986,0.9955578468657063
10.166666666666666,19.804292157158393,-0.0034554966171516078,175.79732695281618,-0.012447950304065664,56.79230044363935,-451.7622780445487,-1.232886229659955,908.019012141427,-2.56267784180329
10.175,19.803619136515984,-0.0034554966171516078,158.63468416578408,-0.01305437053804831,53.34819473859589,-451.0984695410685,-1.2328445842951006,910.0835867295377,-5.9340582147857335
10.183333333333334,19.803619136515984,-0.0034554966171516078,158.63468416578408,-0.01305437053804831,53.19205823839633,-451.2365286083035,-1.2328445842951006,910.0835867295377,-5.9340582147857335
10.191666666666666,19.898137144386858,-0.0034554966171516078,169.8801051034264,-0.012447950304065664,56.094895139341986,-451.8124144730255,-1.232886229659955,910.6297644824405,-4.467470893113963
10.2,19.803619136515984,-0.0034554966171516078,105.16148624990609,-0.01305437053804831,53.7977521896315,-449.8984668598208,-1.2328445842951006,910.0835867295377,-5.549628316410501
10.208333333333334,19.803619136515984,-0.0034554966171516078,158.51327328234305,-0.01305437053804831,53.62427825852154,-449.8984668598208,-1.2328445842951006,910.0835867295377,-5.549628316410501
10.216666666666667,19.851911493929546,-0.0034554966171516078,167.7693227964356,-0.012447950304065664,54.45593644353233,-450.5310967251466,-1.232886229659955,910.2743441405796,-6.652850907740116
10.225,19.851911493929546,-0.0034554966171516078,173.32309316879468,-0.01305437053804831,52.59384509614372,-450.35540238719386,-1.2328445842951006,910.260217272107,-4.467470893113963
10.233333333333333,19.2825084899532,-0.0034554966171516078,167.7693227964356,-0.012447950304065664,55.180018003099335,-444.32976203141044,-1.232886229659955,909.5420436865846,-6.652850907740116
10.241666666666667,19.299019566805857,-0.0034554966171516078,167.7693227964356,-0.01305437053804831,53.90368784796127,-444.32976203141044,-1.2328445842951006,909.527916818112,-6.652850907740116
10.25,19.221530985971413,-0.0034554966171516078,176.05090346960876,-0.012447950304065664,56.93974839874212,-445.875722973155,-1.232886229659955,909.5048952568615,-4.425250344187105
10.258333333333333,19.299019566805857,-0.0034554966171516078,167.7693227964356,-0.01305437053804831,53.62650518375442,-446.4880769379256,-1.461409387352527,909.527916818112,0.8032461061405417
10.266666666666667,23.158506137562405,-0.0034554966171516078,111.93214253129162,-0.34022453612541964,59.70015202227717,-453.73488892818085,2.806327645169885,896.0493487654285,7.562282723978071
10.275,26.700106641616554,-0.003775579190207367,126.00206633067529,-0.13087955641246368,56.36839125934633,-546.958516421461,-4.878339726906065,755.5283023626836,-1.6938545766380866
10.283333333333333,28.042652885348264,-0.003775579190207367,164.88754192416425,-0.008741607838446594,62.7187125072625,-613.9934267236719,-0.39013841417312844,753.3348977114632,-2.5341572378897315
10.291666666666666,28.042652885348264,-0.003775579190207367,164.61105530180376,-0.008741607838446594,59.35110159066767,-565.5869937493303,-0.3947942949123039,753.5133727740111,-2.5341572378897315
10.3,28.042652885348264,-0.003775579190207367,164.62509136140875,-0.008741607838446594,59.1155700553948,-565.5869937493303,-0.3947942949123039,753.3348977114632,-2.5341572378897315
10.308333333333334,28.042652885348264,-0.003775579190207367,165.068707163322,-0.008741607838446594,59.13281476209078,-591.1691803869151,-0.3947942949123039,753.2135173060307,-2.5341572378897315
10.316666666666666,28.014273083336047,-0.003775579190207367,165.1610675246403,-0.008135187604463946,60.62344703324358,-565.3072548409605,-1.0378011423736813,753.4014415333747,-1.0053759112180622
10.325,28.042652885348264,-0.003775579190207367,163.177609046685,-0.008741607838446594,62.7187125072625,-674.4503145653539,-0.26717269006166905,753.5133727740111,-2.5341572378897315
10.333333333333334,28.042652885348264,-0.003775579190207367,164.61105530180376,-0.008741607838446594,58.70420356425492,-565.6363456787817,-0.2718285708008445,753.5133727740111,-2.5341572378897315
10.341666666666667,28.043247623930363,-0.003775579190207367,165.068707163322,-0.008135187604463946,59.142793840969766,-570.4218104491148,-0.4542668151503281,753.3915304779453,-1.6003740996440325
10.35,28.396679700333358,-0.003775579190207367,164.62509136140875,-0.008135187604463946,59.34001619572194,-581.4024047413295,-0.4542668151503281,754.8277732622245,-0.7421522951837431
10.358333333333333,28.396679700333358,-0.003775579190207367,164.62509136140875,-0.008741607838446594,59.23838901826996,-581.4024047413295,-0.3947942949123039,754.8277732622245,-1.6759354334294412
10.366666666666667,28.396679700333358,-0.003775579190207367,162.9151584839295,-0.008741607838446594,58.92075961070014,-575.104188135817,-0.2718285708008445,754.5564439655018,-4.303319553512005
10.375,28.396679700333358,-0.003775579190207367,162.8166011335316,-0.008741607838446594,62.9260481547342,-612.4414396335133,-0.26717269006166905,755.0062483247724,-1.6759354334294412
10.383333333333333,28.396679700333358,-0.003775579190207367,164.62509136140875,-0.008741607838446594,58.81720831017329,-602.591902478774,-0.3947942949123039,754.8277732622245,-1.6759354334294412
10.391666666666667,28.43655083708491,-0.003775579190207367,164.8000596114869,-0.008135187604463946,60.43095902558124,-581.8445325409738,-1.1607668664851412,754.894317084136,0.668373742073568
10.4,28.380168623480703,-0.003775579190207367,162.9151584839295,-0.008135187604463946,59.45489313479565,-581.8938844704252,-0.6826501982106846,755.0062483247724,-0.7421522951837431
10.408333333333333,28.396679700333358,-0.003775579190207367,164.62509136140875,-0.008135187604463946,59.34001619572194,-582.173623378795,-0.4542668151503281,754.8277732622245,-0.7421522951837431
10.416666666666666,28.396679700333358,-0.003775579190207367,164.88754192416425,-0.008741607838446594,59.524965862176856,-581.4024047413295,-0.3947942949123039,754.8277732622245,-1.6759354334294412
10.425,28.396679700333358,-0.003775579190207367,164.87350586455926,-0.008135187604463946,59.38757820151968,-581.4517566707809,-0.3313010910388685,755.0062483247724,-0.7421522951837431
10.433333333333334,28.03766630078864,-0.003775579190207367,182.86505519066984,-0.22760832900607614,60.317998106803564,-560.6568583115176,-4.323770608157642,761.9538010947507,156.3861701283421
10.441666666666666,28.04099599496928,-0.003775579190207367,176.24089719751197,-0.012596538254582807,59.56559856832835,-559.2679863478357,-0.39966301490519374,755.2292275210632,255.88851461449556
10.45,28.04099599496928,-0.003775579190207367,176.6785598143307,-0.058802763130359904,44.28861158619059,-296.2231298822691,-0.39496548880116744,755.2292275210632,260.21084727481065
10.458333333333334,28.141576327619337,0.0010522740260284402,176.10633325637613,0.029289988125105453,59.56559856832835,-570.7254650522788,-0.39966301490519374,756.2520633372354,309.99931082426
10.466666666666667,28.12506525076668,0.0010522740260284402,176.99695529697718,0.10009758595857278,59.577016311915145,-570.7254650522788,-0.5072224828144175,756.2520633372354,309.30664785573487
10.475,28.04099599496928,-0.003775579190207367,176.91338467161788,-0.012596538254582807,59.56559856832835,-559.2679863478357,-0.39966301490519374,755.2292275210632,255.88851461449556
10.483333333333333,28.04099599496928,-0.003775579190207367,176.6785598143307,-0.025933774753576076,54.587832039341656,-541.7084098428433,-0.39496548880116744,755.2292275210632,260.21084727481065
10.491666666666667,28.141576327619337,0.0010522740260284402,176.99695529697718,-0.18744888543947413,59.47282817008943,-571.5942259593706,-0.39962136954033933,756.2520633372354,308.0712688259522
10.5,28.141576327619337,0.0010522740260284402,176.99695529697718,-0.18684246520549153,59.56559856832835,-574.0614109569177,-0.39966301490519374,755.2292275210632,309.00505196419795
10.508333333333333,28.04099599496928,-0.003775579190207367,177.4494057190844,-0.013202958488565456,61.135404073723386,-641.0257536850653,-0.39496548880116744,755.1017023577308,259.4458020464738
10.516666666666667,28.141576327619337,0.0010522740260284402,176.99695529697718,-0.18744888543947413,59.65765448708688,-571.5942259593706,-0.39962136954033933,756.2520633372354,308.0712688259522
10.525,27.973100313883513,0.0010522740260284402,175.55089772301048,0.0020241034525035942,64.99416305098876,-590.02913545148,-0.39496548880116744,755.6032143124464,259.8087711924989
10.533333333333333,27.973100313883513,-0.003775579190207367,176.0060723402248,-0.013202958488565456,60.26858286530192,-497.91428656311126,-0.39496548880116744,755.6032143124464,260.21084727481065
10.541666666666666,28.07368064653357,0.0010522740260284402,176.99695529697718,-0.18744888543947413,60.638692674504135,-579.415096476349,-0.39962136954033933,755.6032143124464,308.0712688259522
10.55,28.061816001653856,-0.003775579190207367,177.102388981301,-0.012596538254582807,61.74195634964692,-564.6216718672671,-0.7510121220770088,755.6032143124464,258.0913449777354
10.558333333333334,28.149120859215603,0.0010522740260284402,175.66289549515903,0.0020241034525035942,61.21772345287028,-595.2544588245431,-0.4628527280322875,755.6032143124464,254.95473147624975
10.566666666666666,28.233190115013006,0.0010522740260284402,176.99695529697718,0.10009758595857278,61.82441352243489,-592.9667017141718,-0.4628943733971419,755.6032143124464,309.30664785573487
10.575,28.149120859215603,-0.003775579190207367,176.0060723402248,-0.024095587883687264,66.94980854011078,-408.1880370965806,-0.8271893343665782,755.6032143124464,260.21084727481065
10.583333333333334,28.24970119186566,0.0010522740260284402,175.46642500055145,-0.19773509460061328,61.696640301854984,-598.6210563971262,-0.8318868604706045,755.6032143124464,309.00505196419795
10.591666666666667,28.149120859215603,0.0010522740260284402,174.02036742658476,-0.008868525942618208,61.79850092775167,-585.5869825568445,-0.83184521510575,755.6032143124464,254.95473147624975
10.6,28.149120859215603,0.0010522740260284402,174.02036742658476,0.006343161117640934,61.79850092775167,-585.5869825568445,-0.83184521510575,755.6032143124464,254.95473147624975
10.608333333333333,28.23507828375586,0.0010522740260284402,174.5758029599504,0.018397358729983652,61.696640301854984,-598.6210563971262,-0.8318868604706045,755.6032143124464,255.88851461449556
10.616666666666667,28.23507828375586,0.0010522740260284402,174.46380518780185,0.017790938496001003,63.45330501031348,-634.2987807300086,-0.83184521510575,755.6032143124464,259.8087711924989
10.625,28.323793971526204,0.0010522740260284402,175.46642500055145,0.089204956563451,63.01094004586291,-608.8913171457957,-1.1832359676424202,755.6032143124464,255.19585164597052
10.633333333333333,28.23507828375586,0.0010522740260284402,175.46642500055145,-0.19834151483459594,62.326931871239545,-609.7600780528876,-0.83184521510575,755.6032143124464,253.96047261618781
10.641666666666667,28.149120859215603,-0.003775579190207367,176.12889942536341,-0.024095587883687264,62.53404584642685,-595.8354143508975,-0.83184521510575,755.6032143124464,254.30838703051003
10.65,28.23507828375586,0.0010522740260284402,175.46642500055145,-0.19834151483459594,63.83444022176202,-634.2987807300086,-0.83184521510575,755.6032143124464,258.81451233243683
10.658333333333333,28.299679396678737,0.0010522740260284402,174.12286312287546,-0.24148052405815995,63.81725333869124,-607.9086289732587,-1.1526862372940163,756.8809156276434,313.6006844653176
10.666666666666666,28.299679396678737,0.0010522740260284402,175.46962108810285,-0.021777915012897244,64.02646925770746,-608.8913171457957,-1.7323716977633528,756.8666758423346,308.8539198050045
10.675,28.149120859215603,0.0010522740260284402,174.02036742658476,-0.008868525942618208,60.88146902960646,-596.6387731699623,-0.83184521510575,755.6032143124464,254.30838703051003
10.683333333333334,28.23507828375586,0.0010522740260284402,175.46642500055145,0.18195341158567985,62.19891448441466,-608.8913171457957,-0.8318868604706045,755.6032143124464,254.89425575443357
10.691666666666666,28.28135857932475,0.0010522740260284402,175.46642500055145,-0.2407795271056974,62.25793537882664,-609.7600780528876,-0.83184521510575,756.9928468682798,308.0712688259522
10.7,28.323793971526204,0.0010522740260284402,175.65542931023458,0.05784182795206202,63.20055098210547,-608.8913171457957,-1.1832359676424202,755.6032143124464,255.31181769607642
10.708333333333334,28.149120859215603,-0.003775579190207367,176.12889942536341,-0.024095587883687264,64.26311231148188,-628.1411516832824,-0.8906019442471512,755.6032143124464,259.16242674675937
10.716666666666667,28.265124679255752,0.0010522740260284402,174.63275983526972,-0.012965769881405288,65.10450058049884,-619.3107985630378,-1.3221224284331232,755.49128307181,257.4738539693855
10.725,28.196496780112387,-0.003775579190207367,151.47015334809166,-0.1348835375086059,64.07540038230869,-607.7388105998562,0.6912989761785848,752.903714320777,-26.934079495292462
10.733333333333333,28.504804564579683,-0.003775579190207367,164.12010404562653,-0.04045012659244867,63.87999150009663,-615.646636329702,-0.9300691188510434,755.4410564138956,-0.7934143336845746
10.741666666666667,28.582070947897776,-0.003775579190207367,163.21651909945348,-0.04953710174379857,66.98623565489885,-617.426444624717,-1.3585245723964567,755.0577958765365,-3.691632048459684
10.75,28.62156998015986,-0.003775579190207367,164.5458978791558,-0.04970670320576675,66.47398600935702,-616.4313817479282,-1.2965964970289565,755.4410564138956,0.4722922160770705
10.758333333333333,28.61305505368751,-0.003775579190207367,162.8166011335316,-0.04953710174379857,65.60140277548182,-618.8708886732212,-1.1736307729174966,755.1697271171729,-2.6168180414033375
10.766666666666667,28.504804564579683,-0.003775579190207367,164.47465687434473,-0.04088694536446314,65.09733172606131,-616.556656890996,-0.8857748696191168,755.1184340286396,-1.5266468666479385
10.775,28.56612302142625,-0.003775579190207367,165.0625101742424,-0.04953710174379857,66.31838794880197,-617.8758257964324,-1.4814902965079166,755.5076002358071,0.16097328479872894
10.783333333333333,28.504804564579683,-0.003775579190207367,162.8166011335316,-0.01817397313240962,64.67617170178525,-618.8708886732212,-0.8222816657456807,755.1697271171729,-3.3695364152663063
10.791666666666666,28.504804564579683,-0.003775579190207367,162.8166011335316,-0.04028052513048049,64.67617170178525,-618.0996700357557,-0.762809145507657,755.1697271171729,-3.3695364152663063
10.8,28.504804564579683,-0.003775579190207367,162.40371608371208,-0.04088694536446314,65.09733172606131,-618.7770341128776,-0.762809145507657,755.1697271171729,-4.303319553512005
10.808333333333334,28.504804564579683,-0.003775579190207367,164.47465687434473,-0.04088694536446314,67.91079962698387,-657.6662658030955,-0.9254132381118679,755.1184340286396,-1.5266468666479385
10.816666666666666,28.504804564579683,-0.003775579190207367,162.40371608371208,-0.04088694536446314,65.11344893885878,-625.5489097386477,-0.762809145507657,755.6195314764435,-1.5266468666479385
10.825,28.504804564579683,-0.003775579190207367,162.40371608371208,-0.04028052513048049,64.67617170178525,-618.6796648006803,-0.8222816657456807,755.1697271171729,-3.4207984537671368
10.833333333333334,28.504804564579683,-0.003775579190207367,162.40371608371208,-0.04028052513048049,64.67617170178525,-618.7770341128776,-0.762809145507657,755.1697271171729,-3.3695364152663063
10.841666666666667,28.55598074572904,-0.003775579190207367,174.45099076194398,-0.04953710174379857,65.8454271910479,-621.468333482118,-1.1736307729174966,755.0577958765365,-6.139654594387059
10.85,28.504804564579683,-0.003775579190207367,162.40371608371208,-0.04088694536446314,64.79599304693576,-618.7770341128776,-0.762809145507657,755.1697271171729,-4.303319553512005
10.858333333333333,28.504804564579683,-0.003775579190207367,162.40371608371208,-0.04088694536446314,64.03707749522776,-626.5081474667458,-0.762809145507657,755.1697271171729,-4.303319553512005
10.866666666666667,28.504804564579683,-0.003775579190207367,162.40371608371208,-0.04088694536446314,61.81793329311516,-622.2858166286634,-0.8071033947395839,755.6195314764435,-1.5266468666479385
10.875,28.504804564579683,-0.003775579190207367,162.40371608371208,-0.04088694536446314,66.28074702112889,-657.7156177325469,-0.8024475140004085,755.2969090911876,-1.5266468666479385
10.883333333333333,28.5576080949539,-0.003775579190207367,163.00560544321473,-0.04953710174379857,66.11667954216612,-619.5482527503431,-1.3585245723964567,755.0577958765365,-2.9711920723126863
10.891666666666667,28.504804564579683,-0.003775579190207367,162.40371608371208,-0.04088694536446314,66.3232982902773,-626.1458833406673,-0.762809145507657,755.1697271171729,-2.385255710704329
10.9,28.504804564579683,-0.003775579190207367,164.12010404562653,-0.04105654682643132,66.86646933858547,-743.2229361069478,-0.9101364485952527,755.1184340286396,-1.071046629408643
10.908333333333333,28.504804564579683,-0.003775579190207367,164.46062081473974,-0.04088694536446314,60.684490591181046,-549.1635141380148,-0.9101364485952527,755.2969090911876,-1.071046629408643
10.916666666666666,28.62156998015986,-0.003775579190207367,162.5927203933952,-0.04953710174379857,65.12526141348025,-618.851824161812,-0.9616535948618116,755.1697271171729,0.20184601527112858
10.925,28.504804564579683,-0.003775579190207367,164.12010404562653,-0.04105654682643132,60.06803987775621,-593.8964974005935,-0.6090203563253241,755.1184340286396,-1.071046629408643
10.933333333333334,28.504804564579683,-0.003775579190207367,162.40371608371208,-0.04088694536446314,63.871490545194526,-640.5215323437064,-0.7918266052229687,755.2969090911876,-1.071046629408643
10.941666666666666,28.582070947897776,-0.003775579190207367,163.63122190588123,-0.04953710174379857,67.1717092746976,-619.1859886242646,-1.1022531451088449,755.0577958765365,-2.4908911440253476
10.95,28.56267490779275,-0.003775579190207367,162.5927203933952,-0.04953710174379857,65.26900301231194,-618.851824161812,-0.9616535948618116,755.0577958765365,0.23069945266083572
10.958333333333334,28.529862156105658,-0.003775579190207367,163.4422175961981,-0.04028052513048049,65.84386939202074,-619.1859886242646,-0.8222816657456807,755.1697271171729,-3.039818734877045
10.966666666666667,28.488293487727027,-0.003775579190207367,162.8166011335316,-0.04028052513048049,64.42574580428347,-618.851824161812,-0.8665759149776077,755.1697271171729,-1.5027346109594573
10.975,28.504804564579683,-0.003775579190207367,164.12010404562653,-0.04105654682643132,62.8439220427024,-634.9588508639422,-0.6136762370644996,755.1184340286396,-1.071046629408643
10.983333333333333,28.52926741752356,-0.003775579190207367,163.02933254637858,-0.04088694536446314,66.61923439389373,-618.553081854641,-0.8071033947395839,755.1697271171729,-5.362822303300545
10.991666666666667,29.09894384431185,-0.003775579190207367,164.12010404562653,-0.03578505018768103,65.00695642774365,-656.8562905107104,-0.72365497966676,756.4577567876975,-1.071046629408643
11.0,29.11865067162975,-0.003775579190207367,162.40371608371208,-0.03561544872571285,65.6834688830512,-654.2953341213963,-0.9018053478252289,756.7470793186878,-2.007910833204705
11.008333333333333,29.14311352457363,-0.003775579190207367,163.02933254637858,-0.0350090284917302,66.4625989061574,-650.5814043387921,-0.9018053478252289,756.7470793186878,-4.200982854336726
11.016666666666667,29.23034927437108,-0.003775579190207367,161.6660294792706,0.15216973442015938,68.32337810432118,-652.0807607084304,-0.4940157117641798,756.6029080947691,-0.31730070295284624
11.025,29.23541608720993,-0.003775579190207367,162.40371608371208,-0.0350090284917302,67.38782997985396,-651.7465962459778,-0.7705162451941446,756.7470793186878,-1.5027346109594573
11.033333333333333,29.11924541021185,-0.003775579190207367,162.40371608371208,-0.0350090284917302,66.58749511305385,-651.8849081138197,-0.6754385653099402,756.7470793186878,-1.5027346109594573
11.041666666666666,29.11865067162975,-0.003775579190207367,162.40371608371208,-0.0350090284917302,66.4625989061574,-650.2472398763396,-0.9612778680632533,756.7470793186878,-1.2746783002413369
11.05,29.23541608720993,-0.003775579190207367,162.5927203933952,-0.04658265628085411,67.48811279658835,-651.7465962459778,-0.7705162451941446,756.5699153380615,0.2095234387928763
11.058333333333334,29.11865067162975,-0.003775579190207367,162.06207203870363,-0.03517862995369838,66.4625989061574,-651.8849081138197,-0.6754385653099402,756.6818465786979,-1.5027346109594573
11.066666666666666,29.23886420084343,-0.003775579190207367,162.5927203933952,-0.06198372609847728,68.10481515317412,-651.7465962459778,-1.2565261369430327,756.5699153380615,-1.1043902680058395
11.075,29.11865067162975,-0.003775579190207367,162.40371608371208,-0.0350090284917302,66.59494426255596,-651.8849081138197,-0.9765546575798686,756.7470793186878,-1.5027346109594573
11.083333333333334,29.120471436038393,-0.003775579190207367,173.27618473880716,-0.012902476493659339,68.2263981738234,-653.5639163971897,-0.8727878881099179,756.7470793186878,-4.239813273340513
11.091666666666667,29.254812127314956,-0.003775579190207367,163.47896966220898,-0.05966667492267145,68.03545210293683,-652.0807607084304,-1.2565261369430327,756.6351480780514,-2.768109021616781
11.1,29.103960359185738,-0.003775579190207367,173.68906978862668,-0.012902476493659339,66.93524771451725,-653.3280622597214,-1.0716323374640722,756.7470793186878,-2.850592843162715
11.108333333333333,29.23217003877972,-0.003775579190207367,173.33314161412648,-0.05966667492267145,68.03545210293683,-653.3280622597214,-1.2565261369430327,756.6351480780514,-1.1171587795424185
11.116666666666667,29.11865067162975,-0.003775579190207367,162.06207203870363,0.5064091527637736,65.75677567100918,-650.2472398763396,-0.5267804412062127,756.5090498762307,-2.007910833204705
11.125,29.103960359185738,-0.003775579190207367,173.27618473880716,0.5071851744597243,66.57998701785421,-653.3280622597214,-0.8901640552057607,756.7470793186878,-2.850592843162715
11.133333333333333,29.251364013681457,-0.003775579190207367,163.2183368560617,0.4956115466706004,67.40893905515557,-652.0807607084304,-0.5890479629358322,756.5699153380615,-1.306384671256748
11.141666666666667,29.11924541021185,-0.003775579190207367,164.12010404562653,0.5070155729977562,66.09448732271625,-650.713493464871,-0.6015297509608523,756.6358892979528,-0.5658704071633994
11.15,29.120471436038393,-0.003775579190207367,173.27618473880716,0.5071851744597243,66.23968356589292,-652.5568436222559,-0.902645843230781,756.7470793186878,-4.239813273340513
11.158333333333333,29.102139594777096,-0.003775579190207367,162.40371608371208,0.5048681232839185,66.30413012695736,-651.8097402827959,-0.5862529614442368,756.5090498762307,-1.2746783002413369
11.166666666666666,29.11865067162975,-0.003775579190207367,160.79478494609248,0.5042617030499359,67.11854785557034,-650.7634410071511,-0.4897883796935191,756.5090498762307,-2.007910833204705
11.175,29.11865067162975,-0.003775579190207367,160.44023211737428,0.5064091527637736,65.49927426580852,-654.1864619865623,-0.4897883796935191,756.6362318502454,-1.071046629408643
11.183333333333334,29.11865067162975,-0.003775579190207367,160.45314090108403,0.5064091527637736,67.11854785557034,-650.2472398763396,-0.5267804412062127,756.5090498762307,-2.007910833204705
11.191666666666666,28.937169119296883,-0.003775579190207367,136.2233492872223,0.4188053649059076,68.19890446468436,-653.7986623380598,1.0856514731076319,744.5379380778727,9.361202791453211
11.2,28.88667597639735,0.0010522740260284402,174.5836839253284,0.5631986538122067,66.93440533501351,-662.8964514455581,-0.9266718725003241,756.8088041801366,259.7006443205568
11.208333333333334,28.918333363856437,0.0010522740260284402,174.63863381741484,0.08492557916524549,58.685443669107485,-604.125390933679,-0.706572461933788,758.19843673597,263.57054762051587
11.216666666666667,29.014287197651267,0.0010522740260284402,176.00520525961986,0.37871171243164287,69.31113566211225,-660.7576698983111,-0.44376812825463163,758.4582678291583,258.6049021253244
11.225,28.918333363856437,0.0010522740260284402,174.8474559466549,0.06330072218701219,67.02056380362559,-661.5535664937527,-0.7112699880378142,758.5701990697947,259.5128841367636
11.233333333333333,28.918333363856437,0.0010522740260284402,175.53230680730718,0.30462818821050824,66.76280601674905,-663.9024736720565,-0.9266718725003241,758.19843673597,258.4604002159205
11.241666666666667,28.88667597639735,0.0010522740260284402,175.53230680730718,0.34706620048160947,66.2028700145023,-662.447668620577,-0.9266718725003241,756.8088041801366,258.4604002159205
11.25,28.918333363856437,0.0010522740260284402,175.53230680730718,0.30462818821050824,66.93440533501351,-662.8964514455581,-0.9266718725003241,758.19843673597,258.66095082120285
11.258333333333333,28.887270714979447,0.0010522740260284402,175.586303738078,0.7273611269018853,68.04463776367821,-664.6687248465455,-0.9267135178651785,757.2458897004213,259.6957792457032
11.266666666666667,28.918333363856437,0.0010522740260284402,175.53230680730718,0.30462818821050824,65.07574495228879,-665.09890127484,-0.9266718725003241,758.6355222562547,258.4604002159205
11.275,28.88667597639735,0.0010522740260284402,175.586303738078,0.34706620048160947,66.41098292453648,-665.0887029286563,-0.9266718725003241,757.2458897004213,258.4604002159205
11.283333333333333,28.918333363856437,0.0010522740260284402,174.63863381741484,0.08492557916524549,65.7789174270845,-779.9417808420203,-0.706572461933788,758.6355222562547,263.57054762051587
11.291666666666666,28.918333363856437,0.0010522740260284402,174.72462886151627,0.08492557916524549,65.74478842151167,-769.1232200129842,-0.706572461933788,758.6355222562547,263.57054762051587
11.3,28.918333363856437,0.0010522740260284402,174.76146090255347,0.08492557916524549,67.03753027876327,-666.4933715516589,-0.7112283426729599,758.6355222562547,258.57910099851784
11.308333333333334,28.918333363856437,0.0010522740260284402,175.53230680730718,0.08492557916524549,66.1336320172013,-665.0887029286563,-0.7112283426729599,758.6355222562547,258.4604002159205
11.316666666666666,28.918333363856437,0.0010522740260284402,175.586303738078,0.283003331232275,67.22513359122271,-665.5374857536374,-0.9267135178651785,758.6355222562547,259.3941833541663
11.325,28.99668038731564,0.0010522740260284402,175.78285040085802,0.5178912772829053,69.5355195045082,-664.6687248465455,-0.9943614614894606,758.8953533494431,259.6439448877265
11.333333333333334,28.88667597639735,0.0010522740260284402,175.586303738078,0.34706620048160947,64.48005009328274,-677.2971627654906,-0.9266718725003241,757.2458897004213,258.4604002159205
11.341666666666667,28.918333363856437,0.0010522740260284402,175.586303738078,0.283003331232275,67.22513359122271,-664.6687248465455,-0.9267135178651785,758.6355222562547,259.3941833541663
11.35,28.88667597639735,0.0010522740260284402,175.586303738078,0.34706620048160947,67.72684284751647,-668.6670899106432,-0.9266718725003241,757.3056670608954,258.4604002159205
11.358333333333333,28.91942909733941,0.0010522740260284402,175.80865859683982,0.3352903198694344,69.79746258107247,-666.904226876727,-0.7112699880378142,758.6952996167288,259.8144800283005
11.366666666666667,28.870164899544694,0.0010522740260284402,175.586303738078,0.6346126718796565,69.68670121801182,-668.2471118285324,-0.9267135178651785,757.6774293947202,259.6957792457032
11.375,28.936534912774164,0.0010522740260284402,175.80865859683982,0.42803877489166337,69.60195462066716,-666.904226876727,-0.7112699880378142,759.0670619505536,259.8144800283005
11.383333333333333,28.918333363856437,0.0010522740260284402,175.586303738078,0.08492557916524549,68.92707615964297,-669.1158727356243,-0.7112283426729599,758.6952996167288,258.4604002159205
11.391666666666667,29.200090389872752,-0.003775579190207367,119.62608113134107,0.33542836362729417,70.45639961381504,-656.2918833117857,-4.45694486832438,760.2339122857294,0.6407589144526924
11.4,29.126602447720973,-0.003775579190207367,161.42040140875898,0.5048681232839185,69.19900948413893,-658.0028181927629,-0.6015297509608523,757.1840452672449,-3.091080773377877
11.408333333333333,29.263327053787307,-0.003775579190207367,161.6094057184421,0.4898730236501973,70.31351904328562,-657.9276503617391,-0.6539009050685182,756.8939815163532,-1.1295903990394602
11.416666666666666,29.11865067162975,-0.003775579190207367,160.44023211737428,0.5064091527637736,68.50474978913249,-667.6332524357891,-0.4897883796935191,757.1840452672449,-2.007910833204705
11.425,29.14311352457363,-0.003775579190207367,161.07875736375053,0.5064091527637736,68.50474978913249,-667.6332524357891,-0.4897883796935191,757.1840452672449,-4.985477425800922
11.433333333333334,29.11865067162975,-0.003775579190207367,160.44023211737428,0.5064091527637736,70.2664699118688,-700.052149171314,-0.5494308669381627,757.1840452672449,-2.007910833204705
11.441666666666666,29.11865067162975,-0.003775579190207367,160.44023211737428,0.5064091527637736,66.81465045472754,-699.6103176347762,-0.4851324989543437,757.1840452672449,-2.007910833204705
11.45,29.11865067162975,-0.003775579190207367,160.44023211737428,0.49367833649876286,49.288600773287904,-525.7967476072798,-0.4851324989543437,757.1840452672449,-2.007910833204705
11.458333333333334,29.237236851618572,-0.003775579190207367,161.75447162368616,0.4898714138462304,71.43470978701711,-661.2604601575975,-0.8085377697276496,757.1840452672449,-1.3865001471472886
11.466666666666667,29.9858430269445,1.9313641984741388,163.47358914216642,-1.1683706629678376,74.8717235809551,-718.0162222212725,-26.18301457176812,735.6116088118436,6.298038384296964
11.475,23.421667855842557,-1.7747627461330986,172.3811553462675,3.547116043510975,68.73422658376103,-467.4167456890733,-3.9262667165051064,-887.0589138400455,-11.364450482516602
11.483333333333333,23.05711619989782,-0.003775579190207367,171.02033248273625,-0.00557278984589729,63.29223365530351,-440.8190844773359,-0.07617515676328017,-1054.5416834716873,-0.30824486012021374
11.491666666666667,23.710550970234696,-0.003775579190207367,170.59637296068692,-0.00557278984589729,62.639996916459594,-442.75370447250793,-0.07617515676328017,-1045.7471116608435,-1.8240932795917224
11.5,22.015682599312917,-0.003775579190207367,170.07703565192767,-0.00557278984589729,63.70123433975225,-440.8190844773359,-0.07617515676328017,-1053.067715961045,-0.30409952236869076
11.508333333333333,23.792723053097465,-0.003775579190207367,170.74931796941843,-0.00557278984589729,62.639996916459594,-441.73226016136437,-0.0946056226040408,-1045.375573344981,-1.8240932795917224
11.516666666666667,21.84189084525878,-0.003775579190207367,171.02033248273625,-0.00557278984589729,63.80133372026173,-441.2461040011014,-0.07617515676328017,-1053.8179276219123,-0.3010144835939568
11.525,23.72795385972694,-0.003775579190207367,170.74076852224815,-0.006179210079879939,61.31604260063127,-440.8190844773359,-0.07617515676328017,-1045.4748475962433,-0.30824486012021374
11.533333333333333,23.923861328707346,-0.003775579190207367,170.74076852224815,-0.006179210079879939,63.27669188572644,-440.8190844773359,-0.07617515676328017,-1040.997884601253,-0.30824486012021374
11.541666666666666,23.70853496085984,-0.003775579190207367,171.02033248273625,-0.006179210079879939,60.10827801773602,-441.66348179698906,-0.07617515676328017,-1040.5109827901226,-0.039648673917644185
11.55,22.015682599312917,-0.003775579190207367,169.98218106786882,-0.00557278984589729,64.73201914538369,-440.6115703907083,-0.0946056226040408,-1039.0114023682147,-1.9617470151046725
11.558333333333334,23.19084259325682,-0.003775579190207367,171.02033248273625,-0.00557278984589729,64.3032044061362,-441.2461040011014,-0.07617515676328017,-1050.3622705626901,-0.30824486012021374
11.566666666666666,24.028933786640973,-0.003775579190207367,170.77556572417197,-0.00557278984589729,63.626374379737726,-442.74710426345035,-0.07617515676328017,-1050.614924420086,-1.8240932795917224
11.575,22.32968981473217,-0.003775579190207367,170.1439434077049,-0.00557278984589729,64.73201914538369,-453.3154241946936,-0.0946056226040408,-1049.076267594028,6.03159327328267
11.583333333333334,23.887126339603114,-0.003775579190207367,171.1995252462213,-0.006179210079879939,62.529440427431766,-442.05814188839094,-0.07617515676328017,-1041.2954346872461,-0.30824486012021374
11.591666666666667,24.105623276241985,-0.003775579190207367,170.80767627802538,-0.00557278984589729,63.65096766729225,-454.0155750247398,-0.0946056226040408,-1050.629901627495,5.837399193725498
11.6,23.923633189704535,-0.003775579190207367,172.80759700552753,-0.006179210079879939,63.27669188572644,-454.32791916070596,-0.07617515676328017,-1040.997884601253,-0.41592637531946236
11.608333333333333,23.837501598288494,-0.003775579190207367,170.9199612857332,-0.006179210079879939,61.74151793438002,-441.5426935551558,-0.07617515676328017,-1040.4029789733818,-0.30824486012021374
11.616666666666667,22.280409037843786,-0.003775579190207367,170.1118328538515,-0.00557278984589729,64.73201914538369,-441.6264144927943,-0.07617515676328017,-1029.0149687265532,-1.9617470151046725
11.625,22.987844420713287,-0.003775579190207367,171.43706925493154,-0.00557278984589729,64.84769766296284,-441.1393972598165,-0.07617515676328017,-1049.9425888490086,-0.30824486012021374
11.633333333333333,23.166663938459372,-0.003775579190207367,170.77556572417197,-0.00557278984589729,64.84769766296284,-442.64699773122305,-0.07617515676328017,-1049.9425888490086,-1.8240932795917224
11.641666666666667,23.755329515425725,-0.003775579190207367,170.9199612857332,-0.006179210079879939,58.86652499839152,-441.4425870229285,-0.07617515676328017,-1037.0066898670273,-0.039648673917644185
11.65,22.302625066445778,-0.003775579190207367,170.53579237590083,-0.00557278984589729,65.25669834741151,-441.1393972598165,-0.07617515676328017,-1048.4686213383663,-0.30409952236869076
11.658333333333333,24.028933786640973,-0.003775579190207367,170.92851073290348,-0.00557278984589729,64.19546092411896,-441.6255534200795,-0.0946056226040408,-1050.3182237305543,-1.8240932795917224
11.666666666666666,23.755329515425725,-0.003775579190207367,170.9199612857332,-0.006179210079879939,63.039661058452545,-441.0252092270408,-0.07617515676328017,-1037.7911417641508,-0.30824486012021374
11.675,22.24679084305468,-0.003775579190207367,170.80767627802538,-0.00557278984589729,65.37679959662414,-453.9154684925125,-0.0946056226040408,-1049.3730137623006,6.1692470087956215
11.683333333333334,23.636388520411252,-0.003775579190207367,171.43706925493154,-0.006179210079879939,43.50479241120247,-551.1936613153705,-0.05729423315000855,-1036.618270856164,-0.039648673917644185
11.691666666666666,22.4537340511019,-0.003775579190207367,171.43706925493154,-0.00557278984589729,65.356797727921,-441.1393972598165,-0.07617515676328017,-1047.9659890117398,-0.3010144835939568
11.7,22.17736198530428,-0.003775579190207367,170.92851073290348,-0.00557278984589729,65.38394897498088,-441.20501447946964,-0.0946056226040408,-1028.6447302549152,-0.8780790585658386
11.708333333333334,22.253000325131158,-0.003775579190207367,170.1118328538515,-0.00557278984589729,65.25669834741151,-441.94684690117685,-0.07617515676328017,-1048.4686213383663,-1.9617470151046725
11.716666666666667,22.36726882275889,-0.003775579190207367,170.9199612857332,-0.00557278984589729,67.27317872152851,-440.7755316740899,-0.07617515676328017,-1049.1177875631033,0.08935405168062754
11.725,22.499915048978377,-0.003775579190207367,170.80767627802538,-0.00557278984589729,67.25317685282538,-453.9786224305514,-0.0946056226040408,-1049.9068060033096,7.086407792431796
11.733333333333333,23.043506800466943,-0.003775579190207367,171.29437135640566,-0.00557278984589729,66.89324933609441,-440.7755316740899,-0.07617515676328017,-1049.7888943959229,-0.30824486012021374
11.741666666666667,23.65868208054241,-0.003775579190207367,171.29437135640566,-0.006179210079879939,64.93604018335701,-441.51538268884525,-0.07617515676328017,-1038.207022397773,-0.30824486012021374
11.75,23.673826532598312,-0.003775579190207367,171.29437135640566,-0.00557278984589729,66.09184004902333,-441.0883631650797,-0.07617515676328017,-1038.4792864623732,-0.30824486012021374
11.758333333333333,23.6523716818558,-0.003775579190207367,171.29437135640566,-0.006179210079879939,64.97031280916292,-442.02118929420254,-0.05729423315000855,-1038.207022397773,-0.30824486012021374
11.766666666666667,23.755329515425725,-0.003775579190207367,170.7772633872073,-0.006179210079879939,64.93604018335701,-441.0883631650797,-0.07617515676328017,-1038.207022397773,-0.30824486012021374
11.775,23.923616416790846,-0.003775579190207367,171.29437135640566,-0.006179210079879939,65.60256411371049,-441.51538268884525,-0.07617515676328017,-1037.9094723117798,-0.30824486012021374
11.783333333333333,22.10672814893322,-0.003775579190207367,177.86236107379213,-0.00557278984589729,67.8889962981302,-441.4406613079711,-0.082704094552692,-1043.0371032886728,0.637376672907041
11.791666666666666,23.647716096488935,-0.003775579190207367,172.99599055953564,-0.006179210079879939,47.49285114040581,-448.88458470219405,-0.06258284098881539,-1037.4225705006495,-0.14733018911689275
11.8,23.084491855596603,-0.003775579190207367,170.86197643500435,-0.00557278984589729,66.74407678786723,-442.71015166926196,-0.08146376460208701,-1050.3584694826309,-1.8240932795917224
11.808333333333334,22.338116582308523,-0.003775579190207367,171.29437135640566,-0.00557278984589729,67.63006763741657,-441.2025511978554,-0.07617515676328017,-1048.1402256803046,-0.329867920983664
11.816666666666666,23.67800844145298,-0.003775579190207367,171.29437135640566,-0.00557278984589729,66.44413754606,-441.2025511978554,-0.07617515676328017,-1050.6111233400268,-0.30824486012021374
11.825,21.98579895461743,-0.003775579190207367,176.05853330815535,-0.00557278984589729,68.26588708272139,-454.0789512885221,-0.17355965684830135,-1049.1611226279308,4.961396328920539
11.833333333333334,23.886843519297706,-0.003775579190207367,171.29437135640566,-0.00557278984589729,66.46873083361453,-441.51538268884525,-0.07617515676328017,-1038.655315167744,-0.30824486012021374
11.841666666666667,22.194338676887956,-0.003775579190207367,169.8978414779499,-0.00557278984589729,67.54978231170591,-452.85793265989537,-0.0946056226040408,-1027.2937969371806,6.03159327328267
11.85,23.644614152518415,-0.003775579190207367,171.29437135640566,-0.00557278984589729,66.46873083361453,-441.0883631650797,-0.07617515676328017,-1038.3856490174674,-0.30824486012021374
11.858333333333333,21.94396829837638,-0.003775579190207367,171.01480739591756,-0.00557278984589729,67.52996825690708,-440.7755316740899,-0.07617515676328017,-1047.8690657685183,0.11820748907033474
11.866666666666667,23.602273264028984,-0.003775579190207367,171.29437135640566,-0.006179210079879939,48.25107842314658,-454.2876137699257,-0.05729423315000855,-1037.4225705006495,-0.039648673917644185
11.875,23.77856195942578,-0.003775579190207367,171.29437135640566,-0.00557278984589729,66.44413754606,-441.2025511978554,-0.07617515676328017,-1050.3584694826309,-0.30824486012021374
11.883333333333333,23.55730410808123,-0.003775579190207367,171.01480739591756,-0.006179210079879939,63.98359481993797,-441.5057409609674,-0.05729423315000855,-1037.4225705006495,-0.30824486012021374
11.891666666666667,22.266629128974483,-0.003775579190207367,170.6328678256461,-0.00557278984589729,67.6500695061197,-441.6887073581184,-0.07617515676328017,-1049.0424210760102,-0.9069324959555455
11.9,23.714494201150476,-0.003775579190207367,170.92310066441777,-0.006179210079879939,47.60292562965876,-686.313700303579,-0.05729423315000855,-1036.0665012195943,-0.039648673917644185
11.908333333333333,22.057883325952304,-0.003775579190207367,170.2615971336582,-0.00557278984589729,70.97285346908075,-449.19404742387127,-0.07617515676328017,-1048.1542594858204,-0.8780790585658386
11.916666666666666,24.41668128894827,-0.003775579190207367,187.23410394566855,-0.49870942190229023,70.01902727719367,-518.7771117873299,3.306844488233537,-996.397900611557,-20.39490197494369
11.925,25.142276389338917,0.0010522740260284402,174.45760586338355,0.18659093514253827,67.551146551783,-546.7694785059057,-2.550104927363582,-981.1405867544659,-4.6746285549956
11.933333333333334,25.15522860433014,0.0010522740260284402,173.78605296401844,0.1872581675158461,64.13881658585782,-723.7010164446704,-0.45631551148866,-970.2696218105185,-4.6746285549956
11.941666666666666,25.163090589648483,0.0010522740260284402,173.93831115177008,0.1872581675158461,67.04879708321981,-546.9259069210569,-0.45631551148866,-970.7067551249706,-4.6746285549956
11.95,25.077480949991433,0.0010522740260284402,174.0038479410266,0.18659093514253827,69.33492011324005,-546.8722747989158,-0.45631551148866,-970.0648737253395,-4.6746285549956
11.958333333333334,25.11792394305399,0.0010522740260284402,173.93831115177008,0.1872581675158461,69.29137082587894,-546.8722747989158,-2.550104927363582,-969.5886970196517,-4.6746285549956
11.966666666666667,25.094624413502604,0.0010522740260284402,174.0038479410266,0.18659093514253827,69.33492011324005,-546.2527704534423,-0.45631551148866,-975.1124601195312,-4.6746285549956
11.975,25.094624413502604,0.0010522740260284402,174.0038479410266,0.18659093514253827,69.33492011324005,-546.8722747989158,-0.45631551148866,-969.643661856259,-4.6746285549956
11.983333333333333,25.048571083399125,0.0010522740260284402,174.0038479410266,0.18659093514253827,69.33492011324005,-546.8722747989158,-0.45631551148866,-969.0960948350257,-4.6746285549956
11.991666666666667,25.11792394305399,0.0010522740260284402,173.93831115177008,0.1872581675158461,68.76890484925096,-541.1625024861786,-2.550104927363582,-970.160338619929,-4.6746285549956
12.0,25.159636259940513,0.0010522740260284402,173.93831115177008,0.1872581675158461,68.24876547363051,-540.5294873636418,-0.45631551148866,-971.278396725248,-4.6746285549956
12.008333333333333,25.130726393348205,0.0010522740260284402,173.93831115177008,0.1872581675158461,68.24876547363051,-542.168524712677,-0.45631551148866,-970.4578887059223,-4.6746285549956
12.016666666666667,25.159636259940513,0.0010522740260284402,173.93831115177008,0.1872581675158461,66.840210675831,-548.3047719212459,-0.45631551148866,-971.278396725248,-4.6746285549956
12.025,25.124334285487784,0.0010522740260284402,173.93831115177008,0.1872581675158461,68.11652899794882,-540.7873097865269,-0.45631551148866,-971.278396725248,-4.6746285549956
12.033333333333333,24.256646467104385,0.0010522740260284402,174.0038479410266,0.18659093514253827,69.52208063424692,-540.5429981407051,-0.45631551148866,-983.0745460063001,-4.6746285549956
12.041666666666666,23.51246172568779,0.0010522740260284402,174.10580805039356,0.18659093514253827,70.11006414009763,-540.9384045963034,-0.45631551148866,-982.5276676098264,-4.66778350423748
12.05,24.963974320881647,0.0010522740260284402,172.52730224112713,0.18659093514253827,68.00988024973259,-538.4020667108174,-0.45631551148866,-970.8933241284373,-4.165434400335192
12.058333333333334,25.142276389338917,0.0010522740260284402,174.45760586338355,0.18659093514253827,67.05484785401428,-540.5429981407051,-2.550104927363582,-981.1653716964479,-4.6746285549956
12.066666666666666,25.124334285487784,0.0010522740260284402,173.93831115177008,0.1872581675158461,68.24876547363051,-540.7873097865269,-0.45631551148866,-971.278396725248,-4.6746285549956
12.075,25.159636259940513,0.0010522740260284402,173.93831115177008,0.1872581675158461,67.06395489528317,-548.8919437989574,-0.45631551148866,-971.278396725248,-4.6746285549956
12.083333333333334,23.698926503053553,-0.003775579190207367,190.98198485794018,-0.6560917318093844,69.83150756991878,-491.19085197883305,-1.3989835148906429,-991.7534024722808,-18.249505611831434
12.091666666666667,23.751932213337536,-0.003775579190207367,171.1450933376815,-0.00557278984589729,69.37222273201755,-445.93437516224253,-0.07617515676328017,-1050.344868340463,-0.30824486012021374
12.1,23.945786957528842,-0.003775579190207367,170.95024242499042,-0.006179210079879939,69.16855019794725,-448.1818266484045,-0.06258284098881539,-1037.225745148563,-1.8240932795917224
12.108333333333333,23.01632536013789,-0.003775579190207367,170.95024242499042,-0.00557278984589729,70.04905275841595,-447.8689951574147,-0.08146376460208701,-1049.9692334589174,-1.8240932795917224
12.116666666666667,23.852485731310335,-0.003775579190207367,170.72113381563216,-0.00557278984589729,69.37222273201755,-447.8689951574147,-0.07617515676328017,-1049.9692334589174,-1.8240932795917224
12.125,23.059639702765903,-0.003775579190207367,171.3866758223901,-0.00557278984589729,70.04905275841595,-446.36139468600805,-0.06258284098881539,-1049.9692334589174,-0.30824486012021374
12.133333333333333,23.8114770083456,-0.003775579190207367,171.3866758223901,-0.006179210079879939,69.72269580435983,-447.1147014761571,-0.06258284098881539,-1041.0210174435742,-0.30824486012021374
12.141666666666667,21.79482366340313,-0.003775579190207367,170.95024242499042,-0.00557278984589729,70.70650392115586,-448.30947045657393,-0.08146376460208701,-1052.3950049240095,-1.8240932795917224
12.15,23.680852621280405,-0.003775579190207367,171.15756721303183,-0.006179210079879939,62.20107082628493,-447.10505974827925,-0.05729423315000855,-1040.534115632444,-0.30824486012021374
12.158333333333333,23.745621814650928,-0.003775579190207367,171.09463798655165,-0.00557278984589729,69.6629392915796,-446.37485046140176,-0.06258284098881539,-1045.3720520334884,-0.30824486012021374
12.166666666666666,23.002220290500276,-0.003775579190207367,171.3866758223901,-0.00557278984589729,70.3265521417501,-446.37485046140176,-0.06258284098881539,-1052.3950049240095,-0.30824486012021374
12.175,23.680852621280405,-0.003775579190207367,170.72113381563216,-0.006179210079879939,66.1503404017925,-449.0396797434514,-0.05729423315000855,-1041.1616794876056,-1.8240932795917224
12.183333333333334,23.680852621280405,-0.003775579190207367,171.09463798655165,-0.006179210079879939,69.02622233927121,-446.6876819523916,-0.06258284098881539,-1041.9461313847291,-0.30824486012021374
12.191666666666666,23.730477362595025,-0.003775579190207367,171.3866758223901,-0.006179210079879939,66.7260266825569,-447.53207927204477,-0.06258284098881539,-1041.1616794876056,-0.30824486012021374
12.2,23.66995474839353,-0.003775579190207367,170.72113381563216,-0.006179210079879939,47.0931733155518,-683.556383513123,-0.05729423315000855,-1040.7732604767423,-1.555497093389153
12.208333333333334,23.010014961451283,-0.003775579190207367,170.95024242499042,-0.00557278984589729,70.54175009273864,-448.30947045657393,-0.06258284098881539,-1053.5921438658793,-1.8240932795917224
12.216666666666667,23.751932213337536,-0.003775579190207367,170.95024242499042,-0.00557278984589729,69.86492006634023,-448.30947045657393,-0.08146376460208701,-1045.9996158886502,-1.8240932795917224
12.225,23.680852621280405,-0.003775579190207367,171.10711186190198,-0.006179210079879939,66.1503404017925,-447.10505974827925,-0.06258284098881539,-1041.1616794876056,-0.30824486012021374
12.233333333333333,23.11612988794441,-0.003775579190207367,170.9342106001353,-0.00557278984589729,70.43677227395226,-459.57794121786327,-0.08975077708165008,-1053.0225687791713,6.1692470087956215
12.241666666666667,23.72582177722816,-0.003775579190207367,171.3866758223901,-0.006179210079879939,49.11631816926612,-453.86100008123344,-0.06258284098881539,-1041.1616794876056,-0.039648673917644185
12.25,23.72582177722816,-0.003775579190207367,171.15756721303183,-0.006179210079879939,47.67349399983052,-620.0904139286489,-0.05729423315000855,-1040.7732604767423,-0.039648673917644185
12.258333333333333,23.687163019967013,-0.003775579190207367,171.10711186190198,-0.006179210079879939,69.02622233927121,-446.6876819523916,-0.08146376460208701,-1041.9461313847291,-0.30824486012021374
12.266666666666667,23.776014744268355,-0.003775579190207367,171.29392090644484,-0.006179210079879939,49.40175149658205,-459.4543106034944,-0.06258284098881539,-1041.1616794876056,-0.16283527026389025
12.275,23.7310455883206,-0.003775579190207367,171.29392090644484,-0.006179210079879939,70.22965137649649,-445.76984924167874,-0.06258284098881539,-1041.9461313847291,-0.4314314564664598
12.283333333333333,24.04560466588366,-0.003775579190207367,171.29392090644484,-0.006179210079879939,70.74979075211694,-447.1147014761571,-0.06258284098881539,-1041.648581298736,-0.4314314564664598
12.291666666666666,23.7310455883206,-0.003775579190207367,171.0018830706064,-0.006179210079879939,62.64444374972821,-449.0396797434514,-0.06258284098881539,-1041.1616794876056,-1.9472798759379684
12.3,23.872504271292136,-0.003775579190207367,170.98585124575126,-0.00557278984589729,71.06834910356551,-459.57794121786327,-0.07086985346837843,-1045.9996158886502,5.714212597379253
12.308333333333334,23.91382461461996,-0.003775579190207367,171.01435694595673,-0.006179210079879939,70.78258722335339,-448.62230194756376,-0.06258284098881539,-1041.648581298736,-1.9472798759379684
12.316666666666666,23.99051410422097,-0.003775579190207367,170.8810486157283,-0.006179210079879939,70.78258722335339,-459.8907727088531,-0.06258284098881539,-1041.648581298736,5.714212597379253
12.325,22.385037158315868,-0.003775579190207367,170.77277446124813,-0.00557278984589729,71.87228777928995,-448.30947045657393,-0.07617515676328017,-1051.6155440286104,-1.0012656549120842
12.333333333333334,23.91382461461996,-0.003775579190207367,171.0018830706064,-0.006179210079879939,70.78258722335339,-448.62230194756376,-0.06258284098881539,-1041.648581298736,-1.9472798759379684
12.341666666666667,23.7310455883206,-0.003775579190207367,171.01435694595673,-0.006179210079879939,69.31924172238952,-448.9549334674979,-0.06258284098881539,-1041.9461313847291,-1.9472798759379684
12.35,23.764687168190672,-0.003775579190207367,171.29392090644484,-0.006179210079879939,35.59009705135478,-542.075206483957,-0.06258284098881539,-1040.7732604767423,-0.16283527026389025
12.358333333333333,23.8950451223588,-0.003775579190207367,170.52748876055836,-0.006179210079879939,71.52202702174024,-459.51490217520717,-0.07997054028011659,-1041.5120436317354,5.714212597379253
12.366666666666667,24.04560466588366,-0.003775579190207367,171.16946966063315,-0.006179210079879939,70.9587800555798,-446.7388309425112,-0.0663782245056518,-1041.5120436317354,-0.4314314564664598
12.375,23.764687168190672,-0.003775579190207367,171.16946966063315,-0.006179210079879939,47.59791638038975,-683.180512979477,-0.0663782245056518,-1040.6367228097417,-0.16283527026389025
12.383333333333333,24.030429874380353,-0.003775579190207367,171.16946966063315,-0.006179210079879939,70.87657637306918,-448.41372600109986,-0.0663782245056518,-1041.5120436317354,-0.4314314564664598
12.391666666666667,23.7310455883206,-0.003775579190207367,170.88990570014505,-0.006179210079879939,62.64444374972821,-448.6638092098055,-0.0663782245056518,-1041.025141820605,-1.9472798759379684
12.4,22.146422432079532,-0.003775579190207367,170.75659736991662,-0.00557278984589729,72.16610980417498,-459.20207068421735,-0.162539090096163,-1050.9662024847662,6.992074633475259
12.408333333333333,23.7310455883206,-0.003775579190207367,170.88990570014505,-0.006179210079879939,70.43864067995935,-448.24643141391783,-0.0663782245056518,-1041.8095937177286,-1.9472798759379684
12.416666666666666,22.44674887290791,-0.003775579190207367,170.86139999993958,-0.00557278984589729,72.26620918468447,-459.20207068421735,-0.0935461605984865,-1051.7510987320636,6.96322119608555
12.425,23.116143068492708,-0.003775579190207367,171.16946966063315,-0.00557278984589729,72.13910053535844,-446.42599945152136,-0.08525914811892343,-1053.4556061988787,-0.4314314564664598
12.433333333333334,23.90733674913263,-0.003775579190207367,171.14392572720345,-0.006179210079879939,71.1765086287479,-469.5724693737212,-0.0663782245056518,-1041.5120436317354,-0.41592637531946236
12.441666666666666,23.812045234071178,-0.003775579190207367,170.88990570014505,-0.006179210079879939,71.52202702174024,-448.24643141391783,-0.0663782245056518,-1041.5120436317354,-1.9472798759379684
12.45,23.715870796817295,-0.003775579190207367,170.88990570014505,-0.006179210079879939,69.56137562403818,-448.49251308269163,-0.0663782245056518,-1041.8095937177286,-0.4314314564664598
12.458333333333334,23.802125180377733,-0.003775579190207367,170.8774318247947,-0.00557278984589729,71.46227050896002,-447.933599922928,-0.08525914811892343,-1053.7082600562746,-1.9472798759379684
12.466666666666667,23.371510679507473,-0.003775579190207367,191.55000263504877,-0.10122002985503475,71.34106298897532,-463.3821499292163,-1.4567691808972358,-1005.35203726794,1.8331508502259177
12.475,25.110563040590232,0.0010522740260284402,173.9310373408309,0.18659093514253827,71.25079132595461,-541.5557685095221,-2.553900310880419,-987.3814267655871,-4.797815151341847
12.483333333333333,25.17452725252798,0.0010522740260284402,173.86550055157437,0.1872581675158461,70.34702509777179,-544.3698364070244,-0.46011089500549646,-975.5646952084205,-4.797815151341847
12.491666666666667,23.732092765471005,0.0010522740260284402,174.03299745019785,0.18659093514253827,72.30876947765222,-543.3323898912704,-0.46011089500549646,-986.4990857350042,-4.790970100583728
12.5,25.16562605917278,0.0010522740260284402,173.86550055157437,0.1872581675158461,70.68010614529652,-542.1752728549956,-2.553900310880419,-975.5646952084205,-4.797815151341847
12.508333333333333,25.0834707492237,0.0010522740260284402,173.9310373408309,0.1872581675158461,71.41797409408507,-542.1752728549956,-2.553900310880419,-975.2671451224272,-4.797815151341847
12.516666666666667,25.161724802233767,0.0010522740260284402,173.86550055157437,0.1872581675158461,70.06527847255141,-542.2311934374278,-2.553900310880419,-975.5646952084205,-4.797815151341847
12.525,25.1448173805428,0.0010522740260284402,173.9310373408309,0.18659093514253827,71.25079132595461,-539.341172932596,-0.46011089500549646,-975.3221099590345,-4.797815151341847
12.533333333333333,25.16562605917278,0.0010522740260284402,173.86550055157437,0.1872581675158461,71.20024552091697,-543.5564877811456,-2.553900310880419,-974.4466371031016,-4.797815151341847
12.541666666666666,25.191163662685085,0.0010522740260284402,173.86550055157437,0.1872581675158461,67.77395547858765,-544.3698364070244,-0.46011089500549646,-975.5646952084205,-4.797815151341847
12.55,25.146960494877156,0.0010522740260284402,173.86550055157437,0.1872581675158461,67.77395547858765,-544.3698364070244,-2.553900310880419,-975.5646952084205,-4.797815151341847
12.558333333333334,23.309002619265794,0.0010522740260284402,174.24949977462128,0.18659093514253827,72.67910876025712,-543.6036852637992,-2.553900310880419,-986.1704149061763,-4.7621166631940195
12.566666666666666,25.064805184928076,0.0010522740260284402,173.9310373408309,0.1872581675158461,71.64764928975107,-542.1752728549956,-2.553900310880419,-975.2671451224272,-4.797815151341847
12.575,25.191163662685085,0.0010522740260284402,173.86550055157437,0.1872581675158461,70.34702509777179,-542.1552408300984,-0.46011089500549646,-975.5646952084205,-4.797815151341847
12.583333333333334,23.21728731757282,0.0010522740260284402,178.63763622398423,0.18659093514253827,73.03986537020783,-544.7717473868084,-0.4666398327949082,-987.0615788414904,-4.7621166631940195
12.591666666666667,25.155861688232356,0.0010522740260284402,173.86550055157437,0.1872581675158461,67.59641276754695,-548.484161639287,-0.46011089500549646,-975.5646952084205,-4.797815151341847
12.6,25.194617992393056,0.0010522740260284402,173.71324236382273,0.1872581675158461,69.8447357871806,-540.2069830008304,-0.4596007518271694,-975.5646952084205,-4.797815151341847
12.608333333333333,25.194617992393056,0.0010522740260284402,173.71324236382273,0.1872581675158461,70.81227893163515,-541.415556351258,-0.4596007518271694,-975.2671451224272,-4.797815151341847
12.616666666666667,25.146960494877156,0.0010522740260284402,173.86550055157437,0.1872581675158461,71.11804183840636,-542.1752728549956,-2.553900310880419,-975.2671451224272,-4.797815151341847
12.625,25.020662538128384,0.0010522740260284402,173.86550055157437,0.1872581675158461,65.38930793634326,-700.9672437336271,-0.46011089500549646,-1153.6511885205773,-4.797815151341847
12.633333333333333,24.906143861920764,0.0010522740260284402,173.86550055157437,0.1872581675158461,67.36591398195499,-514.053641249288,-2.553900310880419,-1154.0883218350295,-4.787482971881263
12.641666666666667,24.915045055275964,0.0010522740260284402,173.86550055157437,0.1872581675158461,70.68010614529652,-514.0736732741854,-0.46011089500549646,-1154.0883218350295,-4.787482971881263
12.65,24.868191719779613,0.0010522740260284402,173.9310373408309,0.1872581675158461,71.64764928975107,-513.8158508513,-0.46011089500549646,-1153.7907717490364,-4.787482971881263
12.658333333333333,23.289004669062038,0.0010522740260284402,174.84560568707516,0.18659093514253827,73.18484712341596,-517.2155039878352,-2.5601797970621867,-1145.1718409907576,-5.643460232645883
12.666666666666666,24.953801359436664,0.0010522740260284402,173.71324236382273,0.1872581675158461,70.20509434423525,-512.1053834200197,-0.46011089500549646,-1154.0883218350295,-4.787482971881263
12.675,24.953801359436664,0.0010522740260284402,173.71324236382273,0.1872581675158461,67.50273746463523,-529.8935372030832,-0.46011089500549646,-1154.0883218350295,-4.787482971881263
12.683333333333334,23.617663352017928,-0.003775579190207367,185.82124651870382,-0.29037719382002236,71.76246094984405,-477.1378645823867,-2.6480748894301898,-1130.2627882474687,-5.2767752648952575
12.691666666666666,21.978145354497578,-0.003775579190207367,171.0106118670067,-0.00557278984589729,72.72462118256887,-423.82326633995865,-0.0663782245056518,-1162.2460324700671,-1.0105260085152057
12.7,23.517999103999006,-0.003775579190207367,171.0106118670067,-0.006179210079879939,66.6037993232809,-422.3327670299392,-0.0663782245056518,-1167.3057640347276,-1.927686792151383
12.708333333333334,23.526686030014982,-0.003775579190207367,171.35635326020073,-0.006179210079879939,69.56137562403818,-440.90059888928164,-0.0663782245056518,-1167.9712422073792,-0.4118383726798745
12.716666666666667,23.517999103999006,-0.003775579190207367,171.0106118670067,-0.006179210079879939,69.88958788537938,-422.1720681466563,-0.0663782245056518,-1167.3057640347276,-1.927686792151383
12.725,22.34210158843597,-0.003775579190207367,172.14112268538278,-0.00557278984589729,72.72462118256887,-443.3286423466004,-0.162539090096163,-1051.47900636161,-0.9816725711254989
12.733333333333333,26.96480892819094,-0.002206844194089032,149.86988874321824,-0.06032899953153156,83.76240770576437,-545.1109196039454,2.5082787741053387,-656.493047172436,-5.43000959484103
12.741666666666667,27.677791884004627,-0.003775579190207367,156.7374108992704,-0.008025081417835018,76.82884648244136,-704.9662871658957,0.09760978332791764,-687.1999921464829,3.079052881113518
12.75,27.582455220900403,-0.003775579190207367,168.14891765520633,-0.007418661183852367,81.75673771892612,-696.460709997165,-0.1089989060461237,-690.1838576179599,-1.462383082794082
12.758333333333333,27.582455220900403,-0.003775579190207367,168.43610197964747,-0.007418661183852367,81.5550293122903,-697.58202611994,-0.1089989060461237,-690.1838576179599,-2.1961432618889924
12.766666666666667,27.60146912382264,-0.003775579190207367,166.2950818185898,-0.008025081417835018,79.85727245513479,-695.7387353421046,-0.1089989060461237,-685.8500034574872,-0.8281377256545612
12.775,27.48489566389971,-0.003775579190207367,165.87103422620845,-0.007418661183852367,81.88176356709364,-695.5669991310359,-0.09141949422952017,-690.1838576179599,1.002770120955635
12.783333333333333,27.75448137360564,-0.003775579190207367,161.29193770529872,-0.008025081417835018,76.76493797291239,-694.0022804427479,-0.4612473910256858,-685.8500034574872,3.105428422519701
12.791666666666666,27.582455220900403,-0.003775579190207367,168.3491187197043,-0.007418661183852367,81.5550293122903,-694.8699744350128,-0.1089989060461237,-688.676597050268,-0.3496310167825509
12.8,27.677791884004627,-0.003775579190207367,156.7374108992704,-0.008025081417835018,74.61398636823185,-685.5795567224986,0.09760978332791764,-687.1999921464829,2.8104566949109486
12.808333333333334,27.60146912382264,-0.003775579190207367,166.2950818185898,-0.008025081417835018,78.11526800172177,-690.0060252925117,-0.1089989060461237,-685.8500034574872,-0.8281377256545612
12.816666666666666,27.75448137360564,-0.003775579190207367,156.74065001183357,-0.007418661183852367,77.39722519383628,-694.5874102340682,0.09760978332791764,-688.3267688112605,3.105428422519701
12.825,27.80451522197025,-0.003775579190207367,156.74065001183357,-0.007418661183852367,78.61429120255328,-694.5874102340682,0.09760978332791764,-688.3267688112605,4.219768172691634
12.833333333333334,27.677791884004627,-0.003775579190207367,156.7374108992704,-0.008025081417835018,75.01705814167416,-704.9662871658957,0.09760978332791764,-687.2863070510198,2.8104566949109486
12.841666666666667,27.867132480598105,-0.003775579190207367,156.7374108992704,-0.007418661183852367,78.10294395466896,-694.5874102340682,0.09760978332791764,-689.6767575002563,2.8104566949109486
12.85,27.60146912382264,-0.003775579190207367,166.2950818185898,-0.008025081417835018,80.09779818505228,-695.7387353421046,-0.1089989060461237,-685.936318362024,-0.8281377256545612
12.858333333333333,27.59555251045533,-0.003775579190207367,164.80747456103663,-0.007418661183852367,81.33706382418889,-695.5669991310359,-0.1089989060461237,-689.4199386906274,1.6705981481991659
12.866666666666667,27.943821970199117,-0.003775579190207367,156.74065001183357,-0.007418661183852367,78.10294395466896,-694.5874102340682,0.09760978332791764,-688.3267688112605,4.0085893535540125
12.875,27.767750666439007,-0.003775579190207367,164.80747456103663,-0.007418661183852367,78.16715133984923,-692.8692836674085,0.09760978332791764,-688.3267688112605,1.8754899304398411
12.883333333333333,27.95777251579745,-0.003775579190207367,156.74065001183357,-0.007418661183852367,78.48413043984844,-694.5874102340682,0.09760978332791764,-688.3267688112605,4.0085893535540125
12.891666666666667,27.577110745653552,-0.003775579190207367,166.2950818185898,-0.007418661183852367,81.33706382418889,-696.460709997165,-0.1089989060461237,-689.4199386906274,-0.7945550555505533
12.9,27.677791884004627,-0.003775579190207367,156.7374108992704,-0.007418661183852367,77.39722519383628,-694.5874102340682,0.09760978332791764,-689.1616819510939,2.8104566949109486
12.908333333333333,27.867132480598105,-0.003775579190207367,156.51732834682326,-0.007418661183852367,78.16715133984923,-694.5874102340682,0.09760978332791764,-694.9180199345427,2.8104566949109486
12.916666666666666,27.693112067456024,-0.003775579190207367,168.12903616725717,-0.007418661183852367,81.33706382418889,-694.8699744350128,-0.1089989060461237,-693.4022405317271,-0.3784844541722578
12.925,27.582455220900403,-0.003775579190207367,168.4162204916983,-0.007418661183852367,81.5550293122903,-697.58202611994,-0.1089989060461237,-694.6612011249139,-2.1961432618889924
12.933333333333334,27.75448137360564,-0.003775579190207367,156.52056745938643,-0.007418661183852367,77.39722519383628,-694.5874102340682,0.09760978332791764,-692.3656056844935,3.105428422519701
12.941666666666666,27.595342167563924,-0.003775579190207367,164.5873920085895,-0.008025081417835018,74.61398636823185,-686.2877124097878,0.09760978332791764,-691.3982784417749,0.9723289994055296
12.95,27.75448137360564,-0.003775579190207367,156.52056745938643,-0.008025081417835018,75.01705814167416,-704.9662871658957,0.09760978332791764,-691.3982784417749,3.374024608722271
12.958333333333334,27.595342167563924,-0.003775579190207367,164.5873920085895,-0.008025081417835018,78.834411462988,-694.8450244759755,-0.1089989060461237,-691.3982784417749,0.9723289994055296
12.966666666666667,27.677791884004627,-0.003775579190207367,156.51732834682326,-0.008025081417835018,74.12426074102054,-702.5365226760808,0.09760978332791764,-692.7482671307706,2.8104566949109486
12.975,27.677791884004627,-0.003775579190207367,156.51732834682326,-0.008025081417835018,75.01705814167416,-704.9662871658957,0.09760978332791764,-692.7482671307706,3.079052881113518
12.983333333333333,27.49685372957721,-0.003775579190207367,156.52056745938643,-0.008025081417835018,76.91558330880618,-694.5874102340682,0.09760978332791764,-691.3982784417749,3.105428422519701
12.991666666666667,27.49685372957721,-0.003775579190207367,156.52056745938643,-0.008025081417835018,75.01705814167416,-704.9662871658957,0.09760978332791764,-691.3982784417749,3.374024608722271
13.0,27.464295140631418,-0.003775579190207367,164.38719094409151,-0.007418661183852367,78.93253950738911,-697.6717445261681,0.09760978332791764,-688.5128540216357,1.002770120955635
13.008333333333333,27.784017153742706,-0.003775579190207367,154.00116353409635,-0.008025081417835018,74.17025980918935,-720.211829643599,0.09760978332791764,-685.2051221091228,3.374024608722271
13.016666666666667,27.629533533067857,-0.003775579190207367,165.6096322419671,-0.008025081417835018,80.14270634660812,-695.7387353421046,-0.1089989060461237,-685.2051221091228,-0.8281377256545612
13.025,27.705856293249845,-0.003775579190207367,156.51732834682326,-0.008025081417835018,74.22801263196715,-697.5685862170585,0.09760978332791764,-686.5551107981186,2.8104566949109486
13.033333333333333,27.782545782850857,-0.003775579190207367,156.52056745938643,-0.008025081417835018,77.64156233587576,-694.5874102340682,0.09760978332791764,-685.2051221091228,3.105428422519701
13.041666666666666,27.61051963014562,-0.003775579190207367,172.21136554776618,-0.007418661183852367,81.84971237965362,-698.3900505095294,0.037485158185649105,-688.5128540216357,-1.8801261402492326
13.05,27.788672739109572,-0.003775579190207367,154.00116353409635,-0.008025081417835018,74.22801263196715,-697.5685862170585,0.09760978332791764,-685.2051221091228,3.105428422519701
13.058333333333334,27.705856293249845,-0.003775579190207367,156.51732834682326,-0.008025081417835018,74.77205397788228,-697.5685862170585,0.09760978332791764,-686.5551107981186,2.8104566949109486
13.066666666666666,27.782545782850857,-0.003775579190207367,156.52056745938643,-0.007418661183852367,77.39722519383628,-694.5874102340682,0.09760978332791764,-687.080497009197,3.105428422519701
13.075,27.795815075684224,-0.003775579190207367,168.12903616725717,-0.007418661183852367,80.72543375957015,-694.8699744350128,-0.1089989060461237,-687.3748749128949,0.07502320537974927
13.083333333333334,27.62361691970055,-0.003775579190207367,164.5873920085895,-0.007418661183852367,81.33706382418889,-693.9762635688836,-0.1089989060461237,-687.8110180564393,2.094346173099209
13.091666666666667,27.628595382560402,-0.003775579190207367,164.5873920085895,-0.007418661183852367,80.01971499873747,-693.9762635688836,-0.1089989060461237,-689.10474844474,0.9723289994055296
13.1,27.52491813882243,-0.003775579190207367,156.52056745938643,-0.008025081417835018,76.76493797291239,-694.0022804427479,0.09760978332791764,-686.9349956409679,3.105428422519701
13.108333333333333,28.608381162918604,0.0010522740260284402,159.4621294806385,0.2787492023263491,81.504830454967,-698.7296195257187,-0.6872958462103349,-659.8887529509678,78.7466397694467
13.116666666666667,28.074168051293224,0.0010522740260284402,174.3846205928269,-0.011347242311861528,76.33141722804277,-679.8897872682179,0.06782067194948498,-690.9236415639463,20.198305117044942
13.125,27.73464441212873,0.0010522740260284402,176.46202618661607,-0.012014474685169347,81.73016699954019,-685.4724066841279,0.06782067194948498,-692.8715658026715,20.198305117044942
13.133333333333333,27.79798604461663,0.0010522740260284402,176.46202618661607,-0.012014474685169347,81.76408031442656,-685.6414191940746,0.06782067194948498,-692.9163750320454,20.198305117044942
13.141666666666667,27.79798604461663,0.0010522740260284402,176.46202618661607,-0.012014474685169347,81.76408031442656,-685.6414191940746,0.06782067194948498,-692.9163750320454,20.198305117044942
13.15,28.176466709840625,0.0010522740260284402,174.3846205928269,-0.011347242311861528,80.02391973680864,-685.8309782946252,0.06782067194948498,-690.9236415639463,20.198305117044942
13.158333333333333,28.167573408432226,0.0010522740260284402,174.3846205928269,-0.011347242311861528,49.66394971706204,-718.5919477009893,0.06782067194948498,-690.9236415639463,20.198305117044942
13.166666666666666,28.074168051293224,0.0010522740260284402,174.3846205928269,-0.011347242311861528,77.9828446445604,-680.3842604470327,0.06782067194948498,-690.9236415639463,20.198305117044942
13.175,28.176466709840625,0.0010522740260284402,174.3846205928269,-0.011347242311861528,49.35615659728484,-698.3402964999524,0.06782067194948498,-690.9236415639463,20.198305117044942
13.183333333333334,27.814187875619364,0.0010522740260284402,177.38023242576725,-0.012014474685169347,81.88582842615662,-685.6414191940746,0.06782067194948498,-692.9119465852062,20.198305117044942
13.191666666666666,28.19266854084336,0.0010522740260284402,176.69156863590388,-0.011347242311861528,77.66824964177376,-680.3842604470327,0.06782067194948498,-685.6190182051927,20.198305117044942
13.2,27.87823862136804,0.0010522740260284402,177.16373010134382,-0.012014474685169347,81.39322249809186,-685.5757509747485,0.06782067194948498,-693.0889659208792,20.198305117044942
13.208333333333334,28.09036988229596,0.0010522740260284402,176.69156863590388,-0.011347242311861528,79.95426694479342,-685.8309782946252,0.06782067194948498,-685.6190182051927,20.198305117044942
13.216666666666667,28.19266854084336,0.0010522740260284402,175.30282683197808,-0.011347242311861528,76.21132687047886,-679.8897872682179,0.06782067194948498,-690.9192131171071,20.198305117044942
13.225,28.19266854084336,0.0010522740260284402,175.30282683197808,-0.011347242311861528,77.9828446445604,-680.3842604470327,0.06782067194948498,-690.9192131171071,20.198305117044942
13.233333333333333,28.09036988229596,0.0010522740260284402,175.30282683197808,-0.011347242311861528,77.9828446445604,-679.8897872682179,0.06782067194948498,-690.9192131171071,20.198305117044942
13.241666666666667,27.72124889287266,0.0010522740260284402,177.38023242576725,-0.012014474685169347,81.76408031442656,-685.6414191940746,0.06782067194948498,-692.9119465852062,20.198305117044942
13.25,28.386658193581802,0.0010522740260284402,176.95456840404398,-0.012014474685169347,80.8480213084339,-685.5757509747485,0.06782067194948498,-693.0889659208792,20.198305117044942
13.258333333333333,27.91448028279078,0.0010522740260284402,153.7931009929259,-0.012014474685169347,81.54611482632515,-685.7063452946023,0.06782067194948498,-687.9879236812407,77.41337855500942
13.266666666666667,28.19266854084336,0.0010522740260284402,175.30282683197808,-0.012014474685169347,80.00649965764742,-685.8309782946252,0.06782067194948498,-692.7945880171812,20.198305117044942
13.275,28.09036988229596,0.0010522740260284402,176.69156863590388,-0.012014474685169347,80.00649965764742,-684.7823009611468,0.06782067194948498,-686.0412628547354,20.198305117044942
13.283333333333333,28.368532566963683,0.0010522740260284402,176.95456840404398,-0.012014474685169347,81.26306173538703,-684.5270736412701,0.06782067194948498,-692.5438833277033,20.198305117044942
13.291666666666666,28.19266854084336,0.0010522740260284402,176.69156863590388,-0.011347242311861528,79.95426694479342,-684.7823009611468,0.06782067194948498,-685.0739356120167,20.198305117044942
13.3,28.09036988229596,0.0010522740260284402,176.69156863590388,-0.011347242311861528,51.842768640904055,-697.2052641587242,0.06782067194948498,-685.0739356120167,20.198305117044942
13.308333333333334,28.19266854084336,0.0010522740260284402,175.30282683197808,-0.011347242311861528,77.86275428699649,-678.8411099347395,0.06782067194948498,-690.3741305239312,20.198305117044942
13.316666666666666,28.18377523943496,0.0010522740260284402,175.30282683197808,-0.011347242311861528,49.66394971706204,-721.7838865974533,0.06782067194948498,-690.3741305239312,20.198305117044942
13.325,28.35458202136535,0.0010522740260284402,176.95456840404398,-0.012014474685169347,80.7122184184801,-684.5270736412701,0.06782067194948498,-692.5438833277033,20.198305117044942
13.333333333333334,28.19266854084336,0.0010522740260284402,175.30282683197808,-0.011347242311861528,78.620822868991,-685.2031933963249,0.06782067194948498,-690.3741305239312,20.198305117044942
13.341666666666667,28.09036988229596,0.0010522740260284402,175.30282683197808,-0.011347242311861528,77.9828446445604,-679.3355831135543,0.06782067194948498,-690.3741305239312,20.198305117044942
13.35,28.396102620812197,0.0010522740260284402,176.95456840404398,-0.012014474685169347,80.7122184184801,-684.5270736412701,0.06782067194948498,-692.5438833277033,20.198305117044942
13.358333333333333,27.664250408680928,-0.003775579190207367,149.84760737213978,-0.016306594307480014,81.01836209555977,-692.1253520058433,-0.3067401287574092,-688.8633955906982,24.356683695728186
13.366666666666667,27.7006116418459,-0.003775579190207367,161.04950531958772,-0.007418661183852367,78.7145740192877,-691.8206063339301,0.09760978332791764,-688.188585522951,1.9483013914169465
13.375,27.861011875888057,-0.003775579190207367,150.23706483189173,-0.008025081417835018,74.01266753049197,-712.572890085759,0.09760978332791764,-686.1846234329988,3.374024608722271
13.383333333333333,27.96321774873418,-0.003775579190207367,152.7564687571818,-0.007418661183852367,77.39722519383628,-690.3270076039825,0.09760978332791764,-688.3543762367709,4.0085893535540125
13.391666666666667,27.782851015395195,-0.003775579190207367,152.75322964461864,-0.008025081417835018,76.2042738467779,-685.5713566645799,0.09760978332791764,-687.5346121219945,2.8104566949109486
13.4,27.690233178435665,-0.003775579190207367,166.81602539691147,-0.007418661183852367,81.60990325835938,-697.341373176051,-0.1089989060461237,-689.4923553455117,-2.018493498409749
13.408333333333333,27.787753707334122,-0.003775579190207367,162.07174555296533,-0.007418661183852367,81.08994654688773,-695.4120326636867,-0.1089989060461237,-689.0114029725935,-0.5082681915487683
13.416666666666666,27.86365081154689,-0.003775579190207367,150.23706483189173,-0.008025081417835018,68.5334607580684,-693.0576923050724,0.09760978332791764,-685.675034438021,3.374024608722271
13.425,27.964155899241636,-0.003775579190207367,150.23706483189173,-0.008025081417835018,75.22576698748134,-681.3191540924129,0.09760978332791764,-686.1846234329988,3.105428422519701
13.433333333333334,27.872809797829575,-0.003775579190207367,164.5911494782554,-0.007418661183852367,80.57859929900341,-693.8212971015344,-0.1089989060461237,-688.3543762367709,-0.06334415278076642
13.441666666666666,27.96095811201902,-0.003775579190207367,150.23706483189173,-0.007418661183852367,78.7145740192877,-690.3270076039825,0.09760978332791764,-688.7905193803152,4.248621610081341
13.45,27.958239285874328,-0.003775579190207367,152.7564687571818,-0.007418661183852367,78.77146472453389,-690.3270076039825,0.09760978332791764,-688.3543762367709,4.219768172691634
13.458333333333334,27.941730230483802,-0.003775579190207367,151.57805574400848,-0.007418661183852367,78.61429120255328,-691.3767190377736,0.09760978332791764,-688.1380854661155,4.0085893535540125
13.466666666666667,27.87552862397427,-0.003775579190207367,160.893332539792,-0.007418661183852367,80.57859929900341,-696.4617440974778,-0.1089989060461237,-688.7951122019381,-0.5082681915487683
13.475,27.68751435229097,-0.003775579190207367,163.41273646508208,-0.007418661183852367,81.40819485172356,-696.4617440974778,-0.1089989060461237,-689.2312553454824,-0.932922413711069
13.483333333333333,27.690233178435665,-0.003775579190207367,160.69313147529402,-0.007418661183852367,81.7349291065269,-696.4617440974778,-0.09141949422952017,-689.2760645748563,-1.600750440954598
13.491666666666667,27.859540504996207,-0.003775579190207367,151.57805574400848,-0.008025081417835018,76.58185542752288,-694.5884443343809,0.09760978332791764,-685.9683326623434,3.105428422519701
13.5,27.790854205413652,-0.003775579190207367,151.57805574400848,-0.007418661183852367,78.7145740192877,-694.5884443343809,0.09760978332791764,-688.5742286096598,4.248621610081341
13.508333333333333,27.58995479529028,-0.003775579190207367,159.67089124191642,-0.007418661183852367,79.13424791402493,-694.4610533298735,0.09760978332791764,-689.2760645748563,0.8644027627951194
13.516666666666667,27.87552862397427,-0.003775579190207367,157.35168838112432,-0.007418661183852367,78.48413043984844,-692.8703177677212,0.09760978332791764,-688.1380854661155,1.7371225722793255
13.525,28.144387987456337,-0.003775579190207367,156.12934343747364,-0.007418661183852367,78.48413043984844,-691.3767190377736,-0.4612473910256858,-688.1380854661155,4.0085893535540125
13.533333333333333,28.048881101589686,-0.003775579190207367,151.57805574400848,-0.007418661183852367,78.10294395466896,-694.5884443343809,0.09760978332791764,-688.1380854661155,4.0085893535540125
13.541666666666666,27.964155899241636,-0.003775579190207367,149.0586518187184,-0.008025081417835018,74.43090382284234,-682.368865526204,0.09760978332791764,-685.9683326623434,3.105428422519701
13.55,27.897413570009434,-0.003775579190207367,159.8710923064144,-0.007418661183852367,78.10294395466896,-698.6469249764729,0.09760978332791764,-688.1380854661155,1.7371225722793255
13.558333333333334,27.731132027393066,-0.003775579190207367,157.35168838112432,-0.007418661183852367,77.39722519383628,-699.5156858835647,0.09760978332791764,-686.935659905062,0.8339616412450138
13.566666666666666,27.725215414025758,-0.003775579190207367,159.8710923064144,-0.007418661183852367,81.08994654688773,-701.3446404401003,-0.1089989060461237,-688.7951122019381,1.5033773526489431
13.575,27.900132396154127,-0.003775579190207367,157.35168838112432,-0.007418661183852367,78.48413043984844,-698.6469249764729,0.09760978332791764,-688.1380854661155,1.7371225722793255
13.583333333333334,27.714836950615524,-0.003775579190207367,161.3312505363673,-0.007418661183852367,81.60990325835938,-704.1676918185938,-0.1089989060461237,-689.2760645748563,-2.018493498409749
13.591666666666667,27.731132027393066,-0.003775579190207367,157.35168838112432,-0.008025081417835018,76.26155469685908,-699.9365783187428,0.09760978332791764,-685.9683326623434,0.8339616412450138
13.6,27.731132027393066,-0.003775579190207367,149.0586518187184,-0.008025081417835018,73.72462935591383,-700.1345022295155,0.09760978332791764,-685.9683326623434,3.105428422519701
13.608333333333333,27.614558567470137,-0.003775579190207367,159.8710923064144,-0.007418661183852367,78.93253950738911,-698.6469249764729,0.09760978332791764,-688.5742286096598,1.9771548288066536
13.616666666666667,27.988759671421494,-0.003775579190207367,149.0586518187184,-0.008025081417835018,77.47530838015109,-697.1533262465252,0.09760978332791764,-685.9683326623434,3.105428422519701
13.625,27.986743021713462,-0.003775579190207367,149.0586518187184,-0.008025081417835018,58.860043816228874,-546.5203380281712,0.09760978332791764,-685.4587436673656,3.374024608722271
13.633333333333333,27.988759671421494,-0.003775579190207367,149.0586518187184,-0.008025081417835018,76.26155469685908,-697.1533262465252,0.09760978332791764,-685.9683326623434,3.105428422519701
13.641666666666667,27.808926158466903,-0.003775579190207367,149.05541270615524,-0.008025081417835018,73.1589040604318,-731.3392509279155,0.09760978332791764,-687.3183213513391,3.079052881113518
13.65,27.808099503366396,-0.003775579190207367,149.05541270615524,-0.008025081417835018,67.52210500931085,-699.8840109476153,0.09760978332791764,-686.8087323563614,3.079052881113518
13.658333333333333,27.72500507113435,-0.003775579190207367,159.8710923064144,-0.007418661183852367,79.87288053817073,-700.6226657850399,-0.1089989060461237,-687.8437075624175,0.8339616412450138
13.666666666666666,27.977977129795914,-0.003775579190207367,151.57805574400848,-0.008025081417835018,73.1589040604318,-730.9097353868658,0.09760978332791764,-685.9683326623434,3.374024608722271
13.675,27.645704654349203,-0.003775579190207367,160.67040668807542,0.6010540427402239,82.27669172483759,-698.6519050579678,-1.1837018923127236,-687.1525920449701,-2.8736800478853675
13.683333333333334,28.995105655206896,-25.132670284600003,180.49449085466665,20.02763652761408,78.35169975056779,-609.1003947589902,-56.4187032622595,703.8697163567998,32.133766743561665
13.691666666666666,24.486987313490015,-0.003324390864587565,137.49617325571077,-0.26686473525440074,70.6601796979731,-456.1747101837882,1.0443481474048628,1309.4164737371277,95.37743233751861
13.7,24.486392574907917,-0.003324390864587565,136.80663313843922,-0.3008192363727111,70.64395315498969,-465.52056309277054,1.6596174362445768,1309.696928936535,95.58851394183678
13.708333333333334,24.486392574907917,-0.003324390864587565,136.80663313843922,-0.3008192363727111,70.64395315498969,-466.25997251286725,1.6596174362445768,1309.8263179367075,95.58851394183678
13.716666666666667,24.486392574907917,-0.003324390864587565,138.32479918603437,-0.32186459407798973,69.79822253789897,-456.1747101837882,0.7695150075625055,1309.4164737371277,89.85790903447725
13.725,24.486392574907917,-0.003324390864587565,136.50849257177006,-0.3002128161387284,69.68647597331488,-466.25997251286725,0.7695150075625055,1309.8263179367075,95.86949517797858
13.733333333333333,24.486392574907917,-0.003324390864587565,136.80663313843922,-0.3008192363727111,70.5327982695718,-466.25997251286725,1.7484244532324422,1309.8263179367075,99.87910142324087
13.741666666666667,24.486392574907917,-0.003324390864587565,136.6099523052313,-0.3008192363727111,69.29908208500929,-467.60448926441296,1.7484244532324422,1309.696928936535,99.3870385827809
13.75,24.486987313490015,-0.003324390864587565,136.7583057262147,-0.2799556508292847,70.22963785281664,-456.1747101837882,1.133155164392728,1309.4164737371277,99.17595697846271
13.758333333333333,24.486392574907917,-0.003324390864587565,135.78380521732538,-0.3008192363727111,70.28593906157737,-466.25997251286725,1.988998556879742,1309.8263179367075,97.70638437487453
13.766666666666667,24.486392574907917,-0.003324390864587565,136.80663313843922,-0.3008192363727111,70.46968889528304,-466.25997251286725,1.686421515299283,1309.8263179367075,99.17595697846271
13.775,24.55077672664827,-0.003324390864587565,136.80663313843922,-0.33541359331468856,41.4124573241842,-249.23493010321496,3.756729750929067,1309.8263179367075,98.66893495293776
13.783333333333333,24.48512336511843,-0.003324390864587565,135.94268310133265,-0.26686473525440074,70.51224030559662,-466.25997251286725,1.2044999314855926,1309.7699057618347,96.64563071218339
13.791666666666666,24.486392574907917,-0.003324390864587565,136.80663313843922,-0.3008192363727111,69.18981912595744,-467.60448926441296,1.7484244532324422,1309.696928936535,99.3870385827809
13.8,24.486392574907917,-0.003324390864587565,137.46798730169823,-0.3002128161387284,69.58374789364808,-456.1747101837882,0.8583220245503709,1309.4164737371277,99.17595697846271
13.808333333333334,24.42732120332533,-0.003324390864587565,137.7711891074932,-0.26686473525440074,70.6937807573362,-466.25997251286725,1.2044999314855926,1309.7699057618347,98.36184594754819
13.816666666666666,24.486987313490015,-0.003324390864587565,136.83481909245177,-0.29054646073573,70.3484811741354,-466.25997251286725,0.8582803791855165,1309.8263179367075,99.66801981892267
13.825,24.49143939023299,-0.003324390864587565,136.80663313843922,-0.3008192363727111,69.9263511147516,-465.4723365416474,1.7484244532324422,1309.696928936535,119.96085819275444
13.833333333333334,24.43127510807639,-0.003324390864587565,137.2152559722598,-0.26686473525440074,69.51291137268863,-464.3329485745198,1.2044999314855926,1309.7699057618347,120.35778321152229
13.841666666666667,24.49143939023299,-0.003324390864587565,136.73011977220216,-0.3008192363727111,69.22033172194736,-454.2476862454407,1.6265638411881926,1309.4164737371277,119.74977658843625
13.85,24.49143939023299,-0.003324390864587565,138.0266586193652,-0.32186459407798973,68.8655541742438,-454.2476862454407,0.8582803791855165,1309.4164737371277,114.23025328539494
13.858333333333333,24.432368018650404,-0.003324390864587565,137.28501385682284,-0.26686473525440074,70.08857722510702,-454.55303144936386,0.5306733843896418,1309.360061562255,119.90469916910645
13.866666666666667,24.38733203485592,2.8122497885527658,65.78108970326204,-0.3111407353528791,70.27518667979248,-464.3906677139008,5.91362889041563,1309.726142944613,147.38859868927213
13.875,24.644818714100637,1.0750118173459668,138.7845949234842,-0.12622619244134398,73.22989161279246,-457.6092378775997,-3.79693019561791,1309.978708267325,238.5546193206047
13.883333333333333,24.682250617593017,0.6257302950098489,139.12336088130888,-0.16018069355965428,73.28217054549883,-464.75548487143,-3.60858726574477,1312.1146403666837,235.34706541657235
13.891666666666667,24.644818714100637,1.0750118173459668,139.3405280587176,-0.12622619244134398,73.42187583817267,-457.6092378775997,-3.79693019561791,1309.978708267325,238.5546193206047
13.9,24.682250617593017,0.6257302950098489,139.7043321303265,-0.16018069355965428,73.15874618805451,-457.8143666620178,-3.60858726574477,1310.0351204421977,235.34706541657235
13.908333333333333,24.682250617593017,0.6185368082656201,139.05514518460294,-0.16018069355965428,56.00639938588616,-434.44777193549396,-0.8493348265376892,1312.1146403666837,234.3695213834196
13.916666666666666,24.682250617593017,0.6185368082656201,132.96142256888464,-0.3160656338763441,62.19779504033298,-522.8198708545933,-0.7087448367422482,1312.1146403666837,241.11260173824562
13.925,24.682250617593017,0.6257302950098489,133.08672460562804,-0.3160656338763441,73.15874618805451,-457.8143666620178,-3.4679972759493314,1310.0351204421977,242.84698837357243
13.933333333333334,24.682250617593017,0.6257302950098489,132.73149769892143,-0.31545921364236146,72.22137360499103,-464.8300362420255,-3.7518959789379904,1312.1146403666837,246.9173789333629
13.941666666666666,24.682845356175115,0.6257302950098489,131.72946417894028,-0.30579285823936303,73.09785345006242,-464.8300362420255,-3.751937624302845,1312.1146403666837,246.9173789333629
13.95,24.682845356175115,0.6257302950098489,131.78655051897772,-0.29520204833291774,73.22792512737976,-457.6092378775997,-3.6027660557523973,1310.0351204421977,246.9173789333629
13.958333333333334,24.682250617593017,0.6257302950098489,133.08672460562804,-0.3160656338763441,62.23192404590579,-521.2642356377419,-1.593599490788516,1312.1146403666837,241.11260173824562
13.966666666666667,24.644818714100637,1.0750118173459668,132.72292053401915,-0.2821111327580338,73.41143206453204,-457.6092378775997,-1.935810664303413,1312.058228191811,246.5224997369894
13.975,24.682250617593017,0.6185368082656201,132.96142256888464,-0.3177910024415377,55.26159098423396,-499.3118262621349,-0.7087448367422482,1312.1146403666837,241.11260173824562
13.983333333333333,24.682250617593017,0.6185368082656201,132.96142256888464,-0.3160656338763441,73.27997008806838,-465.0351650264436,-0.7087448367422482,1312.1146403666837,241.11260173824562
13.991666666666667,24.682845356175115,0.6257302950098489,131.72946417894028,-0.29520204833291774,72.94728916001247,-464.8300362420255,-3.3278912705451855,1312.1146403666837,246.9173789333629
14.0,24.682845356175115,0.6257302950098489,131.91724244897244,-0.2821111327580338,73.16335636091806,-457.6092378775997,-3.6563402058224685,1310.0351204421977,246.55976971544993
14.008333333333333,24.682845356175115,0.6257302950098489,142.13960081681185,-0.2821111327580338,73.22989161279246,-457.0081601919713,-4.386920038507193,1310.0351204421977,245.32578832978726
14.016666666666667,24.644818714100637,1.0750118173459668,142.20232829738873,-0.2821111327580338,73.41143206453204,-457.0081601919713,-2.6663904969881376,1312.058228191811,245.28851835132673
14.025,24.682250617593017,0.6257302950098489,140.88254542162815,-0.31545921364236146,72.22137360499103,-464.2289585563971,-4.482517456987572,1312.1146403666837,245.68339754770022
14.033333333333333,24.682250617593017,0.6257302950098489,142.1430102060516,-0.3160656338763441,62.23192404590579,-508.53583903896316,-2.7650590720623285,1312.1146403666837,239.87862035258294
14.041666666666666,24.682250617593017,0.6257302950098489,142.08592386601416,-0.3160656338763441,71.98434490517154,-464.4340873408152,-4.639456857223143,1312.1146403666837,241.4098470997229
14.05,24.682250617593017,0.6185368082656201,142.0177081693082,-0.3160656338763441,70.48674100046502,-464.4340873408152,-3.7546022031768738,1312.1146403666837,241.4098470997229
14.058333333333334,24.682250617593017,0.6185368082656201,142.0177081693082,-0.3177910024415377,45.64053004009233,-456.912200644655,-1.8802044180160609,1312.1146403666837,239.87862035258294
14.066666666666666,24.682250617593017,0.6185368082656201,142.07479450934565,-0.3160656338763441,73.27997008806838,-457.2132889763894,-1.8802044180160609,1312.1146403666837,239.87862035258294
14.075,24.682250617593017,0.6257302950098489,142.1430102060516,-0.3160656338763441,72.9361456447949,-457.0081601919713,-4.398882753575844,1312.1146403666837,245.89447915201842
14.083333333333334,24.682250617593017,0.6257302950098489,142.1430102060516,-0.3160656338763441,73.15874618805451,-457.2132889763894,-4.639456857223143,1312.1146403666837,241.61300698790976
14.091666666666667,24.682250617593017,0.6185368082656201,142.0177081693082,-0.3177910024415377,55.26159098423396,-499.3118262621349,-1.8802044180160609,1312.1146403666837,239.87862035258294
14.1,24.682250617593017,0.6185368082656201,143.04879783068722,-0.3160656338763441,62.23192404590579,-530.4900193065108,-1.8978998258865274,1312.2009143429182,229.37475296534265
14.108333333333333,24.682250617593017,0.6257302950098489,141.49051292006115,-0.31545921364236146,73.1557518605648,-462.9797462538092,-5.807401351005755,1312.2009143429182,233.3811200095438
14.116666666666667,24.644818714100637,1.0750118173459668,142.7532094557843,-0.2821111327580338,74.16211170911296,-462.9797462538092,-5.640459165432514,1312.1445021680454,233.49706379216988
14.125,24.644818714100637,1.0750118173459668,137.17443882530668,-0.18723434147004597,75.27001498082984,-455.66645129355294,-6.093469340530745,1312.112262184763,234.0251769402294
14.133333333333333,24.682250617593017,0.6257302950098489,141.5475992600986,-0.31545921364236146,73.1557518605648,-455.75894788938336,-5.807401351005755,1312.2009143429182,233.3811200095438
14.141666666666667,24.568636487620918,0.8439776632032774,112.38546876398648,-0.3121154896526887,74.3493020955359,-457.8920745346264,-1.0324706336395373,1309.5093991347371,239.7243838366367
14.15,24.49143939023299,-0.003324390864587565,140.62140220704927,-0.3008192363727111,70.78969489177588,-461.207501749831,0.8806341906074702,1309.912591912942,107.97476106081709
14.158333333333333,24.49143939023299,-0.003324390864587565,140.62140220704927,-0.3008192363727111,70.51722707914394,-462.14176093254054,1.121208294254769,1309.7832029127694,108.1393793741261
14.166666666666666,24.490170180443503,-0.003324390864587565,140.78028009105654,-0.26686473525440074,70.44728962826241,-461.0023729654129,0.3367096688606207,1309.8561797380692,108.06275139235491
14.175,24.49143939023299,-0.003324390864587565,140.62140220704927,-0.3008192363727111,70.78969489177588,-461.207501749831,0.8806341906074702,1309.912591912942,107.97476106081709
14.183333333333334,24.49143939023299,-0.003324390864587565,140.3232616403801,-0.3002128161387284,69.79993242981757,-462.14176093254054,-0.009509883439456517,1309.7832029127694,107.92829776980793
14.191666666666666,24.49203412881509,-0.003324390864587565,141.7835390687591,-0.26686473525440074,69.77807544074436,-461.0023729654129,0.22554962108724938,1309.820066732573,105.24334818934675
14.2,24.49143939023299,-0.003324390864587565,141.75535311474655,-0.3008192363727111,69.65687758403375,-461.0023729654129,0.9042844628000997,1309.820066732573,105.24334818934675
14.208333333333334,24.49203412881509,-0.003324390864587565,141.7835390687591,-0.26686473525440074,69.67095605758414,-461.0023729654129,0.22554962108724938,1309.820066732573,105.24334818934675
14.216666666666667,24.490170180443503,-0.003324390864587565,141.91423099875382,-0.26686473525440074,69.87622738005201,-461.0023729654129,0.29689438818011427,1309.820066732573,104.88573897143377
14.225,24.49143939023299,-0.003324390864587565,141.75535311474655,-0.3008192363727111,66.4838702461728,-461.207501749831,2.6594370890946704,1309.820066732573,101.72712984343691
14.233333333333333,24.49143939023299,-0.003324390864587565,136.22312933342147,-0.3008192363727111,70.32448803997349,-464.3856971702691,0.7850393039338608,1309.820066732573,104.79774863989594
14.241666666666667,24.49203412881509,-0.003324390864587565,142.4448932320181,-0.29054646073573,69.45639619710813,-452.1637598956315,-0.049325164119962586,1309.4102225329932,104.75128534888678
14.25,24.432368018650404,-0.003324390864587565,142.06136825023495,-0.26686473525440074,70.83605554530607,-463.2959135960077,-0.37693215891583876,1309.6342655575277,104.36011941049678
14.258333333333333,24.49143939023299,-0.003324390864587565,141.75535311474655,-0.3008192363727111,69.19043709471173,-461.207501749831,0.7850393039338608,1309.820066732573,104.44542831546956
14.266666666666667,24.49143939023299,-0.003324390864587565,141.75535311474655,-0.3008192363727111,71.98366618231509,-464.3856971702691,2.6594370890946704,1309.820066732573,101.72712984343691
14.275,24.49203412881509,-0.003324390864587565,141.7835390687591,-0.2799556508292847,69.33755287578937,-464.180568385851,-0.049325164119962586,1309.820066732573,105.24334818934675
14.283333333333333,24.49143939023299,-0.003324390864587565,142.8239513504796,-0.3008192363727111,68.63726334557774,-459.34709062461684,1.0961744023310576,1309.6906777324004,96.7902369165949
14.291666666666666,24.49143939023299,-0.003324390864587565,142.52581078381044,-0.3002128161387284,68.35405408446455,-462.2674084867207,0.26180993427723426,1309.6906777324004,98.258221059983
14.3,24.555823541973343,-0.003324390864587565,136.9152429183217,-0.3008192363727111,57.848152507534635,-492.58691762955436,3.104479700027681,1309.820066732573,96.42445361117815
14.308333333333334,24.49143939023299,-0.003324390864587565,142.52581078381044,-0.3002128161387284,68.35405408446455,-459.88137126029545,0.26185157964208866,1309.820066732573,98.75028390044297
14.316666666666666,24.49203412881509,-0.003324390864587565,142.52581078381044,-0.29054646073573,68.82542390225576,-459.14196184019875,0.26180993427723426,1309.6906777324004,98.258221059983
14.325,24.49203412881509,-0.003324390864587565,142.85213730449215,-0.29054646073573,68.83765215144818,-459.88137126029545,0.26180993427723426,1309.820066732573,98.75028390044297
14.333333333333334,24.49143939023299,-0.003324390864587565,142.8239513504796,-0.3008192363727111,69.03813353837378,-463.05956668073355,0.8938732510017955,1309.820066732573,98.75028390044297
14.341666666666667,24.49143939023299,-0.003324390864587565,142.8239513504796,-0.3008192363727111,68.57335314920361,-460.08650004471355,1.0363571483959377,1309.820066732573,97.28229975705487
14.35,24.49143939023299,-0.003324390864587565,142.8239513504796,-0.3008192363727111,69.00389132470994,-459.0674104696032,1.0961744023310576,1309.6906777324004,97.1425572410213
14.358333333333333,24.49143939023299,-0.003324390864587565,142.8239513504796,-0.3008192363727111,69.26022056468231,-459.88137126029545,1.0961744023310576,1309.820066732573,98.29130123525023
14.366666666666667,24.49143939023299,-0.003324390864587565,142.8239513504796,-0.3008192363727111,68.70883163216811,-463.05956668073355,0.8938732510017955,1309.820066732573,98.75028390044297
14.375,24.490170180443503,-0.003324390864587565,142.98282923448687,-0.26686473525440074,69.16361696499544,-456.1990260279888,0.6080294865773113,1309.820066732573,98.39267468252999
14.383333333333333,24.49143939023299,-0.003324390864587565,142.8239513504796,-0.3008192363727111,69.19797088271895,-456.12447465739325,1.0961744023310576,1309.820066732573,97.63462008148126
14.391666666666667,24.49143939023299,-0.003324390864587565,142.8239513504796,-0.3008192363727111,64.6369301784865,-453.2695726279943,2.9705721874918676,1309.820066732573,94.07193844456226
14.4,24.49203412881509,-0.003324390864587565,142.52581078381044,-0.29054646073573,68.7631742202924,-456.1990260279888,0.26180993427723426,1309.820066732573,98.75028390044297
14.408333333333333,24.49143939023299,-0.003324390864587565,137.29172756915452,-0.3008192363727111,69.19797088271895,-459.3772214484269,1.0961744023310576,1309.820066732573,97.63462008148126
14.416666666666666,24.49143939023299,-0.003324390864587565,142.52581078381044,-0.3002128161387284,68.29180440250119,-459.3772214484269,0.26185157964208866,1309.820066732573,98.75028390044297
14.425,24.49143939023299,-0.003324390864587565,142.8239513504796,-0.3002128161387284,68.40355096708527,-456.1990260279888,0.26185157964208866,1309.820066732573,98.75028390044297
14.433333333333334,24.49143939023299,-0.003324390864587565,142.8239513504796,-0.3008192363727111,69.19797088271895,-456.1990260279888,1.0961744023310576,1309.820066732573,98.96136550476116
14.441666666666666,24.49143939023299,-0.003324390864587565,136.9152429183217,-0.3008192363727111,57.90061770821562,-483.4309030129974,2.9705721874918676,1309.820066732573,94.56400128502223
14.45,24.49143939023299,-0.003324390864587565,142.52581078381044,-0.3002128161387284,68.29180440250119,-459.3772214484269,0.26180993427723426,1309.820066732573,98.75028390044297
14.458333333333334,24.432368018650404,-0.003324390864587565,143.25519200104299,-0.26686473525440074,69.34515741673502,-459.3772214484269,0.6080294865773113,1309.7636545577002,98.07139455433628
14.466666666666667,24.49203412881509,-0.003324390864587565,143.34347838564176,-0.29054646073573,66.6280966977677,-455.97922950962595,0.26180993427723426,1309.820066732573,98.75028390044297
14.475,24.49203412881509,-0.003324390864587565,143.34347838564176,-0.26686473525440074,66.8426565582437,-455.97922950962595,0.5366847194844466,1309.820066732573,98.75028390044297
14.483333333333333,24.411086560078036,-0.003324390864587565,142.35429777566668,0.9314549066891401,68.54502179584534,-447.0481198440141,1.4761366841716275,1312.019737004394,97.34298431637698
14.491666666666667,24.49143939023299,-0.003324390864587565,143.01715186496006,-0.3002128161387284,66.14449863078408,-455.97922950962595,0.26185157964208866,1309.820066732573,98.75028390044297
14.5,24.49143939023299,-0.003324390864587565,137.78306865030413,-0.3008192363727111,69.20336867808655,-459.36255371448215,2.9705721874918676,1309.820066732573,94.56400128502223
14.508333333333333,24.49143939023299,-0.003324390864587565,137.78306865030413,-0.3008192363727111,67.05066511100185,-459.15742493006405,1.0961744023310576,1309.820066732573,97.63462008148126
14.516666666666667,24.432368018650404,-0.003324390864587565,143.3921879942386,-0.2588564664179807,68.61788984443166,-455.9210705289228,0.5466383340352643,1309.7636545577002,95.06329060253542
14.525,24.49143939023299,-0.003324390864587565,144.41668192930123,-0.2922045473023084,66.86781756139644,-455.97922950962595,0.8591348782087653,1312.518233362129,96.41703755092847
14.533333333333333,24.49143939023299,-0.003324390864587565,144.41668192930123,-0.2922045473023084,66.97956412598052,-458.3652667360512,0.8591765235736195,1312.3888443619564,96.41703755092847
14.541666666666666,24.432368018650404,-0.003324390864587565,145.17593319847765,-0.28050824435724203,68.08039394566974,-447.0824574591414,0.5466383340352643,1312.0519769876764,93.03806277908389
14.55,24.49143939023299,-0.003324390864587565,142.9388077807964,-0.29281096753629104,57.72750570102112,-483.2111064946346,3.5678971314234,1309.820066732573,91.33353484594018
14.558333333333334,24.49203412881509,-0.003324390864587565,142.6560300641305,-0.28253819189930995,67.51744849657663,-455.97922950962595,-0.006165831044524835,1309.820066732573,95.51981746136092
14.566666666666666,24.49143939023299,-0.003324390864587565,142.62784411011796,-0.29281096753629104,69.17383605014119,-456.18435829404405,2.7025964221701106,1309.820066732573,91.33353484594018
14.575,24.490170180443503,-0.003324390864587565,137.25449821280014,-0.2588564664179807,67.91789124127968,-459.15742493006405,0.3400537212555518,1309.820066732573,94.93984575616672
14.583333333333334,24.49143939023299,-0.003324390864587565,142.62784411011796,-0.29281096753629104,66.53348754304547,-456.18435829404405,0.8281986370092984,1309.820066732573,94.40415364239921
14.591666666666667,24.49143939023299,-0.003324390864587565,142.62784411011796,-0.29281096753629104,67.6642076354023,-455.97922950962595,1.0687727406565972,1309.820066732573,95.73089906567911
14.6,24.49203412881509,-0.003324390864587565,143.72923360778998,-0.28253819189930995,66.97995259781472,-455.97922950962595,-0.006165831044524835,1312.518233362129,96.90910039138844
14.608333333333333,24.49203412881509,-0.003324390864587565,142.6560300641305,-0.27194738199286467,67.41083342445029,-459.15742493006405,0.2687089541626869,1309.820066732573,95.51981746136092
14.616666666666667,24.49203412881509,-0.003324390864587565,137.12380628280542,-0.28253819189930995,67.51744849657663,-459.15742493006405,-0.006165831044524835,1309.820066732573,95.51981746136092
14.625,24.49143939023299,-0.003324390864587565,121.91942516630596,-0.29281096753629104,67.0009942521289,-459.35733094384426,2.9702316574389864,1309.820066732573,92.13563571727566
14.633333333333333,24.49143939023299,-0.003324390864587565,137.09562032879288,-0.29281096753629104,67.6642076354023,-459.15742493006405,1.0687727406565972,1309.820066732573,95.73089906567911
14.641666666666667,24.49203412881509,-0.003324390864587565,143.72923360778998,-0.28253819189930995,66.50858278002352,-455.97922950962595,-0.006165831044524835,1312.518233362129,96.90910039138844
14.65,24.49143939023299,-0.003324390864587565,144.02737417445914,-0.29281096753629104,65.43619944209247,-456.18435829404405,0.859312789986467,1312.518233362129,95.44111624800034
14.658333333333333,24.49143939023299,-0.003324390864587565,137.09562032879288,-0.29281096753629104,66.51791581446109,-459.36255371448215,0.859312789986467,1309.867755309256,94.05183331797282
14.666666666666666,24.49143939023299,-0.003324390864587565,143.72923360778998,-0.2922045473023084,66.50858278002352,-459.15742493006405,0.024948321932643784,1312.565921938812,96.90910039138844
14.675,24.49143939023299,-0.003324390864587565,137.09562032879288,-0.29281096753629104,66.20118639449954,-459.0828735594685,0.859312789986467,1309.867755309256,94.40415364239921
14.683333333333334,24.49143939023299,-0.003324390864587565,144.02737417445914,-0.29281096753629104,63.03750769959865,-453.04977610963147,2.7337105751472808,1312.565921938812,92.7228177759677
14.691666666666666,24.49143939023299,-0.003324390864587565,137.09562032879288,-0.29281096753629104,67.400856226489,-459.15742493006405,0.6570116386572049,1309.867755309256,95.51981746136092
14.7,24.49143939023299,-0.003324390864587565,138.49515039313405,-0.29281096753629104,66.85808611496324,-459.36255371448215,0.859312789986467,1312.565921938812,95.79343657242673
14.708333333333334,24.49203412881509,-0.003324390864587565,144.05556012847168,-0.27194738199286467,66.99218084700713,-455.97922950962595,0.024948321932643784,1312.565921938812,96.90910039138844
14.716666666666667,24.432368018650404,-0.003324390864587565,144.48264869980136,-0.40159999695694293,68.54988498339218,-459.0649283342336,-0.5865838824420208,1312.4772697806568,96.98139449588489
14.725,24.49143939023299,-0.003324390864587565,143.72923360778998,-0.2922045473023084,66.50858278002352,-455.97922950962595,0.024989967297497966,1312.565921938812,96.90910039138844
14.733333333333333,24.490170180443503,-0.003324390864587565,144.1862520584664,-0.2588564664179807,67.31386009064337,-455.97922950962595,0.37116787423272046,1312.565921938812,96.90910039138844
14.741666666666667,24.448157308040848,-0.003324390864587565,138.49515039313405,-0.29281096753629104,62.75557796195012,-455.5072205649162,0.5422697940258219,1312.565921938812,86.42324263202171
14.75,24.38908593645826,-0.003324390864587565,139.45970636218803,-0.2588564664179807,69.04453757041985,-459.15742493006405,-1.324677515866638,1312.5095097639391,90.50310654278731
14.758333333333333,24.448157308040848,-0.003324390864587565,144.02737417445914,-0.29281096753629104,68.3959433511867,-455.97922950962595,-0.8365326001128897,1312.565921938812,90.82060685176064
14.766666666666667,24.394486534822157,-10.117279496264402,117.36737984366619,-0.2868983873540737,68.5443702122257,-460.3005089862873,5.229372509719988,1307.1344242075402,122.64426457039481
14.775,24.638968535400874,0.6257302950098489,144.2808495688962,-0.3080573650399241,67.55955413379336,-454.0394805894462,-6.256987062324692,1312.1083891625492,196.96533044373072
14.783333333333333,24.638968535400874,0.6257302950098489,144.2808495688962,-0.30745094480594143,67.31652315067387,-454.0394805894462,-6.889008733684398,1312.1083891625492,196.96533044373072
14.791666666666666,24.638968535400874,0.6257302950098489,144.2808495688962,-0.30745094480594143,67.31652315067387,-454.0394805894462,-6.889008733684398,1312.1083891625492,196.96533044373072
14.8,24.638968535400874,0.6257302950098489,144.55798859225735,-0.2864055871006628,65.4386122555367,-454.2446093738643,-6.379977548684236,1312.1083891625492,197.03772790246126
14.808333333333334,24.639563273982972,0.6257302950098489,144.6734761046112,-0.2655420015572363,67.73654975647774,-454.0394805894462,-6.465004025291593,1312.1083891625492,199.88777835674978
14.816666666666666,24.601536631908495,0.9184226307797728,144.83386030109554,-0.27410286392161376,68.24360757330713,-446.8186822250204,-6.722108193476012,1312.0519769876764,197.0812742263568
14.825,27.294857647008456,1.3300245884037967,110.83903818679383,-0.5172669115458135,70.30614517409703,-507.4680886167444,5.228374518894514,1272.6729945915677,252.5478538135203
14.833333333333334,19.93944783978875,7.0744246095665435,151.02056364507817,-0.1143350547129226,61.621973485737875,-470.5690031180409,-0.7101633189697784,1368.949958749694,104.5783458892776
14.841666666666667,19.916805751253513,7.0744246095665435,157.41291487323224,0.028562840340152384,61.621973485737875,-471.53401298663186,-0.7101633189697784,1368.949958749694,104.96386523076124
14.85,19.840033825654075,-0.1725162903552248,157.42428842194252,0.04982984821677012,62.52800424189985,-471.53401298663186,-0.7101633189697784,1368.8704771068958,109.96054265029211
14.858333333333333,19.916211012671415,7.143004236164585,151.03385649821053,-0.1291888264809727,60.886614231522415,-470.5690031180409,-0.9711971462469161,1368.949958749694,104.76298860154284
14.866666666666667,19.897835987447174,7.143004236164585,157.41291487323224,0.02398184420908341,62.306916948114576,-471.53401298663186,-0.7101633189697784,1368.949958749694,106.20896596823034
14.875,19.93885310120665,7.0744246095665435,151.00831564507396,-0.11494147494690524,61.16328065573663,-470.7719196580128,-1.2117712498942155,1368.949958749694,104.76298860154284
14.883333333333333,19.93885310120665,7.0744246095665435,151.00831564507396,-0.11494147494690524,60.886614231522415,-470.5690031180409,-0.9711971462469161,1368.949958749694,104.76298860154284
14.891666666666667,19.93885310120665,7.143004236164585,151.00831564507396,-0.1291888264809727,57.51848721121384,-531.7308828549525,0.5292942374388845,1368.949958749694,111.62608360745341
14.9,19.922342024353995,7.0744246095665435,151.02056364507817,0.028562840340152384,61.63809135974692,-470.5690031180409,-0.7101633189697784,1368.949958749694,104.68838997238171
14.908333333333333,19.916211012671415,7.143004236164585,157.40066687322803,-0.1291888264809727,57.29562380312924,-473.05292552241485,-1.2117712498942155,1368.949958749694,105.24914108444355
14.916666666666666,19.916211012671415,7.143004236164585,157.17981179314398,0.014315488806084941,61.60263979404482,-471.53401298663186,-0.7101633189697784,1368.949958749694,105.24914108444355
14.925,19.93885310120665,5.953043185191853,152.88047258437882,-0.1291888264809727,57.96728552768025,-468.81570055479324,-1.2117712498942155,1368.760890507106,91.14928174658404
14.933333333333334,19.916211012671415,5.884463558593811,159.05196873244884,-0.1143350547129226,60.448299294701336,-469.2078519339072,-0.7101633189697784,1368.760890507106,92.10004466793988
14.941666666666666,19.840033825654075,12.123867822559653,161.56283413740047,0.045248852085701154,61.61303304491353,-469.11535533807677,-0.758073891239632,1368.6491688810256,97.57990661739589
14.95,19.84602654654707,11.63899109473392,86.30419362728718,-0.11863456950968776,61.231461177582354,-468.12083423764676,-2.0546201012196,1368.6491688810256,100.81051896449686
14.958333333333334,19.67676653694863,-0.003775579190207367,166.96668117505084,-0.10062460980173954,60.08758021841885,-463.62259537886206,-0.5499352535220455,1368.4630878206137,-15.382425754835825
14.966666666666667,19.660255460095975,-0.003775579190207367,167.04841570114505,-0.10001818956775688,60.9114888383584,-462.9544878422705,-0.49240220932697754,1368.4630878206137,-13.823780572494266
14.975,19.67736127553073,-0.002756105491201991,166.88279833616136,-0.10001818956775688,60.91802984099624,-455.4687069471394,-0.49240220932697754,1366.4760930764967,-18.936960284839216
14.983333333333333,19.67676653694863,-0.002756105491201991,166.96668117505084,-0.10062460980173954,59.79692328021672,-462.9544878422705,-0.49236056396212313,1368.4630878206137,-14.28021913827197
14.991666666666667,19.660255460095975,-0.002756105491201991,167.00844080170145,-0.10001818956775688,60.68653845597202,-455.4687069471394,-0.49240220932697754,1366.4760930764967,-18.936960284839216
15.0,19.67676653694863,-0.002756105491201991,168.38177733458164,-0.10062460980173954,60.67996380535617,-455.4687069471394,-0.49236056396212313,1368.4630878206137,-18.936960284839216
15.008333333333333,19.602195909114624,-0.002756105491201991,168.39955585211564,-0.07875118169113912,61.51240589440761,-455.4687069471394,-0.49240220932697754,1368.3836061778156,-18.723791574022723
15.016666666666667,19.65839151172439,-0.002756105491201991,166.96668117505084,-0.10001818956775688,60.08026164490328,-462.9544878422705,-0.49240220932697754,1368.4630878206137,-14.28021913827197
15.025,19.67676653694863,-0.002756105491201991,166.71433445919644,-0.10062460980173954,59.71614378977582,-329.84661097405325,1.2487049233709755,1368.4630878206137,-17.523079170584893
15.033333333333333,19.67676653694863,-0.002756105491201991,166.96668117505084,-0.10062460980173954,59.63882798182733,-463.62259537886206,-0.5499352535220455,1368.4630878206137,-15.382425754835825
15.041666666666666,19.67676653694863,-0.002756105491201991,167.10097878845806,-0.10062460980173954,63.91608209091459,-463.3576128481568,1.2487049233709755,1368.4630878206137,-17.672892117067274
15.05,19.67676653694863,-2.9037295085387416,166.86001983025747,-0.11163421457424397,60.079697205040475,-457.67130360060924,-0.49240220932697754,1366.9448066032203,-17.5632866003283
15.058333333333334,19.67676653694863,-0.002756105491201991,167.10097878845806,-0.10062460980173954,58.50121674389668,-463.3576128481568,-0.49236056396212313,1368.4630878206137,-19.686846576976688
15.066666666666666,19.602195909114624,-0.002756105491201991,168.52519831765574,-0.07875118169113912,60.43787256425783,-454.67288813155767,-0.49240220932697754,1366.3966114336986,-18.588157620701686
15.075,19.602195909114624,-0.04779023768578608,166.87779834779147,-0.07875118169113912,60.43787256425783,-456.8754847850275,-0.49240220932697754,1366.8653249604222,-16.276390351889304
15.083333333333334,19.599496439357278,-0.002756105491201991,168.3469291618622,-0.09292723452596446,60.32323872271157,-453.2684179214082,-0.4075882578165789,1386.3009517928808,-18.30456960135843
15.091666666666667,19.67676653694863,-0.002756105491201991,167.0432889744209,-0.10062460980173954,64.39506498557839,-453.9365254579997,1.2480456205750488,1388.367428179796,-17.672892117067274
15.1,19.67676653694863,-0.002756105491201991,167.10097878845806,-0.10001818956775688,60.15989267799198,-460.489216285834,-0.4075466124517245,1388.367428179796,-18.936960284839216
15.108333333333333,19.67676653694863,-2.9037295085387416,166.86001983025747,-0.11163421457424397,59.854153116333364,-455.471014574878,0.10343573368547511,1386.875171104187,-17.5632866003283
15.116666666666667,19.67676653694863,-2.9037295085387416,166.86001983025747,-0.11163421457424397,59.854153116333364,-455.471014574878,0.10343573368547511,1386.875171104187,-17.5632866003283
15.125,19.602195909114624,-0.3618328843591879,166.87779834779147,-0.09036720669762621,60.30425221585632,-455.471014574878,0.10343573368547511,1386.795689461389,-16.276390351889304
15.133333333333333,19.67676653694863,-0.002756105491201991,165.47986481453472,-0.10001818956775688,59.6377496717799,-460.75419881653926,0.10347737905032946,1388.3934523215805,-14.28021913827197
15.141666666666667,19.67676653694863,-0.002756105491201991,167.10097878845806,-0.10001818956775688,59.854153116333364,-460.489216285834,0.10347737905032946,1388.3934523215805,-18.936960284839216
15.15,19.67676653694863,-0.002756105491201991,164.06472830321567,-0.10062460980173954,56.82836975945451,-473.38636606943425,0.10347737905032946,1388.8032965211603,-14.573666864631734
15.158333333333333,19.67676653694863,-0.002756105491201991,163.81242193914952,-0.10062460980173954,58.95067750542423,-520.1114627881788,1.8378306118359018,1388.3934523215805,-12.866338024017642
15.166666666666666,19.65839151172439,-0.002756105491201991,166.97533632291797,-0.10001818956775688,60.07028973876479,-460.489216285834,0.10343573368547511,1388.3934523215805,-18.936960284839216
15.175,19.67676653694863,-0.002756105491201991,166.9176465088808,-0.10001818956775688,59.854153116333364,-453.2684179214082,0.10343573368547511,1388.3934523215805,-18.936960284839216
15.183333333333334,19.67676653694863,-0.002756105491201991,162.26056429174398,-0.10062460980173954,59.41435717197163,-471.978849112746,0.10347737905032946,1388.6739075209878,-13.823780572494266
15.191666666666666,19.67676653694863,-0.002756105491201991,167.10097878845806,-0.10062460980173954,59.839595967747385,-460.489216285834,0.10347737905032946,1388.3934523215805,-18.936960284839216
15.2,19.660255460095975,-0.002756105491201991,167.10097878845806,-0.10001818956775688,60.70185955125507,-460.489216285834,0.10343573368547511,1388.3934523215805,-19.00854782884198
15.208333333333334,19.67676653694863,-2.58968686186534,167.10097878845806,-0.10062460980173954,60.4754725352748,-461.15732382242555,-0.28610120274592876,1388.3934523215805,-17.744479661070034
15.216666666666667,19.67736127553073,-2.9037295085387416,167.2876081592261,-0.11163421457424397,60.243424506124285,-453.2684179214082,0.10343573368547511,1386.4064575774635,-19.00854782884198
15.225,19.602195909114624,-0.3618328843591879,167.12211753259666,-0.09036720669762621,61.00574572201528,-455.10460982141024,0.10343573368547511,1386.795689461389,-16.312531839608948
15.233333333333333,19.67676653694863,-0.002756105491201991,164.2231109804682,-0.10062460980173954,63.01071228275395,-461.4223063531308,1.8378306118359018,1388.3934523215805,-12.63129994872508
15.241666666666667,19.67676653694863,-0.002756105491201991,167.10097878845806,-0.10062460980173954,60.228867357538306,-460.489216285834,0.10347737905032946,1388.3934523215805,-19.00854782884198
15.25,19.559685343880155,-2.9037295085387416,166.97869654952257,-0.11771733782834012,58.161276983228824,-455.19739863445903,0.4256536292854438,1386.9412322586609,-18.94513099026774
15.258333333333333,19.559685343880155,-2.9037295085387416,167.161965693686,-0.11771733782834012,59.484077571537426,-452.89601573783733,0.4256536292854438,1386.4725187319373,-18.99513168506465
15.266666666666667,19.559685343880155,-2.9037295085387416,167.10097878845806,-0.11771733782834012,59.484077571537426,-460.11681410226316,0.4256536292854438,1388.4595134760543,-19.03057774134777
15.275,19.483508156862815,-0.3618328843591879,167.161965693686,-0.09584390971773973,60.799188140163416,-452.6930991978654,0.04259440305511804,1386.3930370891392,-18.7923284570073
15.283333333333333,19.559685343880155,-2.9037295085387416,167.10097878845806,-0.11771733782834012,57.461529133441026,-460.5820050988828,0.4256536292854438,1388.4595134760543,-19.78046403348524
15.291666666666666,19.41489050234677,-2.9037295085387416,167.00512379317266,-0.11001996255256505,60.91326890583712,-458.3034635551712,0.04259440305511804,1386.835510367877,-16.486401346188746
15.3,19.41489050234677,-2.9037295085387416,167.03132767970203,-0.11711091759435749,60.88586401059744,-457.2131229552645,0.04259440305511804,1388.3537915852705,-18.99513168506465
15.308333333333334,19.41489050234677,-0.3618328843591879,167.15354476461664,-0.11001996255256505,60.91326890583712,-457.2131229552645,0.04259440305511804,1386.2873151983554,-18.379636902534997
15.316666666666666,19.41489050234677,-0.04779023768578608,167.00176356656806,-0.09840393754607801,60.91326890583712,-464.43392131969034,0.04259440305511804,1388.2743099424724,-18.83430493148241
15.325,19.43326552757101,-0.002756105491201991,161.92124680334751,-0.10610131282185306,60.342948123212,-475.9235541466023,0.04263604841997239,1388.6342467846778,-13.858104872135327
15.333333333333334,19.416754450718354,-2.9037295085387416,166.844698308934,-0.11711091759435749,60.44534144564242,-464.43392131969034,0.04259440305511804,1388.3537915852705,-18.99513168506465
15.341666666666667,19.43326552757101,-2.9037295085387416,167.03132767970203,-0.11771733782834012,58.6619198288244,-457.88123049185606,0.4256536292854438,1388.3537915852705,-20.31880467477866
15.35,19.35708834055367,-0.3618328843591879,167.33181392041018,-0.09584390971773973,61.00574572201528,-457.2131229552645,0.04259440305511804,1386.2873151983554,-18.656694503686264
15.358333333333333,19.43326552757101,-2.9037295085387416,167.03132767970203,-0.11771733782834012,57.84376415081665,-457.88123049185606,0.4256536292854438,1388.3537915852705,-19.74501797720212
15.366666666666667,19.416754450718354,-2.9037295085387416,167.03132767970203,-0.11711091759435749,60.81594031692876,-457.2131229552645,0.04259440305511804,1388.3537915852705,-18.99513168506465
15.375,19.43326552757101,-2.9037295085387416,167.03132767970203,-0.11711091759435749,60.35750527179799,-457.2131229552645,0.04259440305511804,1388.3537915852705,-18.99513168506465
15.383333333333333,19.473205295254417,-2.9037295085387416,166.844698308934,-0.11711091759435749,59.73960657398733,-464.43392131969034,0.04259440305511804,1388.3537915852705,-18.99513168506465
15.391666666666667,19.47261055667232,-2.9037295085387416,166.9703407744741,-0.11771733782834012,59.63648723498105,-464.63683785966225,0.4256536292854438,1388.3537915852705,-18.99513168506465
15.4,19.47261055667232,-1.7319953774781416,165.27556300656357,-0.10610131282185306,57.50415035074571,-476.3266791524886,0.4256536292854438,1389.6353115645472,-19.4187224993941
15.408333333333333,19.47261055667232,-2.9037295085387416,166.5571224729544,-0.11711091759435749,60.017891471727054,-464.43392131969034,0.04259440305511804,1389.35485636514,-18.66883620725663
15.416666666666666,19.47261055667232,-0.002756105491201991,162.33657957484525,-0.10610131282185306,58.70913072797256,-477.3310711032906,2.160006862071018,1389.7647005647198,-12.63366000271817
15.425,19.47261055667232,-2.9037295085387416,166.844698308934,-0.11771733782834012,59.85697289712157,-464.63683785966225,0.4256536292854438,1389.35485636514,-19.12527477303433
15.433333333333334,19.47261055667232,-2.9037295085387416,166.844698308934,-0.11711091759435749,60.017891471727054,-464.43392131969034,0.04259440305511804,1389.35485636514,-19.12527477303433
15.441666666666666,19.47261055667232,-2.9037295085387416,166.9703407744741,-0.11771733782834012,59.14446377146649,-464.71121793364705,0.4256536292854438,1389.35485636514,-19.12527477303433
15.45,19.922224662394257,-0.4709936003263309,59.67363134573929,0.08750465197870412,60.96737164120278,-478.18974236296077,38.53766738205603,1373.7598234086443,97.31120077076102
15.458333333333334,20.759080681325464,2.483899397063097,24.911778330620113,0.033672600997313264,62.35154452787656,-473.9879307293973,118.44122483701726,1385.19778328887,892.6469896890703
15.466666666666667,20.557828347009295,-9.031729793795792,-7.850221967592681,-0.7052661239490156,62.516117380497114,-460.17793470519666,72.24150201820038,1379.736558761637,893.0604981546779
15.475,20.62269630100369,16.810235162565363,16.90771684620378,-0.42762592743635974,61.81638862348879,-494.9506166112742,86.06335546986337,1377.9569931670997,894.2142120144641
15.483333333333333,19.889554195392268,8.008607518336841,30.68960089957798,15.487949323460576,61.46501700270305,-426.1633104488788,72.84481978436996,1377.9881687330596,652.2137144735414
15.491666666666667,20.62135436951817,448.24414883167714,-7.860714259425046,1.6498893978947666,60.73999410739909,-596.7036170671112,135.19857247746833,1378.9760766077013,910.2172859977279
15.5,20.782317119311134,122.94017573046753,0.6094131429182545,2.7016124960380163,59.625201833022935,-597.8920040386922,164.44551934781535,1400.9536985910145,922.1692936653052
15.508333333333333,20.62135436951817,448.24414883167714,-6.990231318368847,1.3499196726239548,60.73999410739909,-597.7551702121616,112.4382630059455,1380.7556422022387,910.2172859977279
15.516666666666667,20.62135436951817,67.51965853389679,-6.272683910623194,1.5438255967048822,60.73999410739909,-596.7036170671112,77.55076962366977,1378.9760766077013,906.6716816970755
15.525,20.62135436951817,3150.4617102978114,-7.860714259425046,1.6498893978947666,60.73999410739909,-596.7036170671112,121.26285355404282,1378.9760766077013,910.2172859977279
15.533333333333333,20.755000214675206,3166.039368903597,-0.3403901914446457,2.75456178081975,59.80864140847432,-596.4554295924936,147.16803791154058,1401.7287280813073,912.4303623970084
15.541666666666666,20.62135436951817,448.24414883167714,-7.860714259425046,1.6498893978947666,60.73999410739909,-596.7036170671112,135.19857247746833,1378.9760766077013,910.2172859977279
15.55,23.749915067314856,36.465637465788646,9.133390524920005,13.807745273293675,62.81173800467511,-349.15233775061955,35.88546977052392,680.7262910035269,714.056986197564
15.558333333333334,26.875913598053252,1.799518654938535,86.4453535157802,-0.5174057254271601,66.73529223086548,-569.6273225738056,-2.291789442280741,-848.6312960191547,568.6402233106066
15.566666666666666,28.723246108864874,0.48624839987241963,185.0451135887219,0.149825718293827,61.796899046829125,-689.9610677914052,5.599514212880128,-763.6421436596215,-2.318632951167311
15.575,28.35966247084266,1.3184596848239427,172.14333132493442,-0.12563390794373297,61.03760819174561,-639.4190337702554,-3.4115809044482455,-719.7503519705705,62.01959922589654
15.583333333333334,27.045206418162564,19.916021163864333,64.05001103276366,-1.2788130940555376,62.78860992541382,-592.8921323496387,30.323556272472704,-912.2694591869049,1705.9249379812613
15.591666666666667,27.65944978961518,18.197101718086394,41.91852646719799,-0.40381346448440875,61.78139522109142,-684.0487409375138,-23.42362818598776,-606.6277049254154,1688.2113177646038
15.6,28.096431035269,19.9767298792106,33.61704139362891,3.65161759061844,62.172281643911965,-683.4698877842754,-9.915855667122045,-631.5540182772144,1714.5461994231364
15.608333333333333,25.83987283176741,-2.0187684935702044,76.4925898278102,0.1505718906061444,60.933577218062304,-617.5208048916514,-9.765162607603928,-879.3597597647939,568.942088692229
15.616666666666667,27.72790408414592,0.048864416247269574,167.36281411884192,0.15950216537919523,60.2311738732486,-644.0570678808564,2.2282050103867785,-884.1336191076772,584.8142072435851
15.625,27.30333377605602,0.047245471356157434,103.9774852040675,0.40895191137239745,60.16600826882993,-630.6502884829179,2.278920919524971,-924.1667482854741,579.6768245601327
15.633333333333333,28.682476938954103,-0.6269034991131325,158.7570813432623,0.21858672306059557,64.06745662694188,-637.3627920879875,-7.021649894186439,-733.297262845399,69.88021329616332
15.641666666666667,28.651582259049665,-0.6269034991131325,177.37776478210628,0.4205049704263174,63.49232846809173,-633.2471415440249,2.402713219002196,-770.8378267792525,74.63232903330817
15.65,28.127580172961494,1.9465206340687116,121.95081341311182,0.27890159684766874,63.506075790128584,-603.7266292724848,3.3076641419942048,-881.9648707838602,1212.5304381742808
15.658333333333333,28.409780322524607,-0.27221221426107456,125.49450388395879,0.24894330294625902,61.49027375756713,-641.6541609624211,1.7275538322352955,-803.9471685768508,502.2287724453214
15.666666666666666,27.076129744896615,19.916021163864333,88.99753524532602,-1.0134940813157747,61.399390047252666,-645.9148024504811,-4.343504953046038,-895.8746596356916,1600.3536922433364
15.675,27.076872214351692,18.139934883147877,123.81547728324078,-0.050586446683627544,61.45978961445325,-650.3632566706659,0.46897550759041595,-883.825144337649,1494.7837501599404
15.683333333333334,27.236391270255925,21.00315827628647,83.509617266768,-0.6052498393373271,60.41952906712201,-651.2038683715118,3.1005549980224827,-900.4898587484748,1712.5677652341667
15.691666666666666,27.197195256933913,19.297610757363675,93.15702016395386,-0.019047248229981165,60.41952906712201,-648.3267133961111,-2.8043790568624636,-920.3031654211928,1712.5677652341667
15.7,27.24244945360203,2.7014781739523026,117.58174348463723,-0.8996385314518878,61.593084319281935,-616.5595068404155,-5.249186300380742,-859.4354585315865,1219.665480238325
15.708333333333334,25.694065384534554,16.812634301819287,79.43242313734784,4.44090039648491,60.41277988415579,-656.3686537280291,-4.229831807097618,-899.6506267901386,1603.2505080470285
15.716666666666667,26.9209438541794,19.35639653719331,67.86682327093483,1.6532316732916865,62.37394138569217,-597.9711331983508,10.229832969188234,-922.7871122936502,1753.6975662309378
15.725,26.908379019874392,19.916021163864333,106.41194673690896,-1.015424082311874,61.50165274180262,-649.535039683155,-4.375141077550026,-886.1728857699302,1600.9864509539336
15.733333333333333,28.763455824745595,0.047245471356157434,137.93003568923803,0.0868430729687819,61.36101302426152,-603.8105501718887,2.699738587555273,-880.786198616699,611.302499634697
15.741666666666667,26.9591327039475,19.916021163864333,109.98016883926235,-1.0341721819207652,62.10022228199679,-645.9667749393038,-5.267137214654387,-857.4688281682618,1493.043820180365
15.75,27.45256093035138,-2.2810593442489195,110.08216564015876,0.05603989907695944,61.76612977217474,-598.655612948641,-8.383962166517225,-750.3318399925357,517.3320864744217
15.758333333333333,28.1766659653759,0.09166840345275856,155.3222521209533,0.27150027008404,61.702352296722424,-627.8128413453048,3.9217469507358453,-819.6436447076533,114.54340963747262
15.766666666666667,29.02976355574425,-0.625334764117014,189.6036752318176,-0.0905716463914212,62.893093496368564,-647.7521630225004,4.30155635228977,-765.6190754204866,-7.294791361957994
15.775,27.18990358815313,49.179944717794996,81.89027971543412,-1.1220096027822204,60.962854439504866,-642.5886051108564,-8.757590375530393,-794.9946699516653,1173.0813138933179
15.783333333333333,27.787770691244237,19.35477759230219,95.50915599245113,0.03201529849974982,60.52277647902639,-665.5048163998721,-4.060534513066868,-900.0435125821069,1709.4127106494168
15.791666666666666,26.61472807506268,19.35639653719331,93.3153624529497,2.4777615391289647,61.58022330363382,-654.336920012873,0.8138218204785511,-925.0223685557963,1630.0317776970796
15.8,26.747550250661487,19.35639653719331,67.54356935227285,-0.24051269483983473,61.571498185770814,-609.3282154144893,13.905733810389872,-923.0835636748023,1739.8377819682873
15.808333333333334,26.93493958193101,19.916021163864333,84.50846519243967,-0.5966119219931352,60.35838220653878,-674.0952377788643,-2.528958874697499,-896.2289309685748,1602.0264748046018
15.816666666666666,27.353043114736316,18.197101718086394,104.4089547644706,0.019599323004670568,60.580538194494956,-668.2999697135131,0.8004463503447,-894.81221744851,1607.8865765604755
15.825,27.386544788312534,-2.0187684935702044,110.19319535911136,0.05603989907695944,61.76612977217474,-575.7012325399211,-8.722897609830639,-750.3318399925357,507.76471584350276
15.833333333333334,27.958000133273966,0.09166840345275856,176.2012518435918,0.022128331693806857,60.2748315498458,-639.3231082443025,0.20734043149457423,-807.1535904479368,8.683485606879703
15.841666666666667,26.73507869896829,-1.1449675778827344,110.19319535911136,0.9048876753154216,62.090907111786635,-576.9294257872269,-9.252418851575337,-727.0770446364687,1218.4568925891442
15.85,26.880650710543108,19.194417361785174,95.97451074197465,0.18657419693013325,60.98561071134726,-666.4246847790947,3.1895345280316447,-921.6246389855177,1601.3937160940045
15.858333333333333,27.295382924160524,18.197101718086394,123.90671987627223,0.04281482124993822,61.91362174204537,-667.3327430933721,-1.1178420548201673,-895.5234141886898,1604.0509421083336
15.866666666666667,28.70459538914352,-2.209533427278511,173.3559119297334,1.870450152205377,62.41620785339397,-635.7303502345377,-1.710595950114614,-782.3442095385617,-6.063358968668735
15.875,28.859419192872334,0.09166840345275856,175.86376013743947,-0.004517563717036996,58.21145683190744,-673.3746454019603,-0.2393049050595266,-830.3630100270509,4.3559115237087305
15.883333333333333,28.859419192872334,0.09166840345275856,174.1512805758347,0.03864385382816288,59.652080394614195,-674.3658885816262,-0.5514337561791347,-834.0834780971215,-2.836016660130639
15.891666666666667,28.859419192872334,0.09166840345275856,175.86376013743947,-0.003911143483054347,59.652080394614195,-673.3746454019603,-0.2393049050595266,-830.9203259233393,4.3559115237087305
15.9,29.245925087345547,-0.6269034991131325,193.3387496150345,-0.1465622213587404,62.240273647950985,-650.7807273544396,-0.629896600084174,-808.4964502404296,3.995225346713862
15.908333333333333,27.61465050428363,-0.0034554966171516078,171.20210833985658,-0.006423605584044218,53.734875732367,-491.89766755973505,-0.1447074576896136,-921.462129132752,0.2948354622726778
15.916666666666666,27.53964625272924,-0.0034554966171516078,171.04295340703305,-0.005817185350061569,58.599436380451024,-488.45489352218374,-0.1447074576896136,-922.8179343321702,0.02623927607010842
15.925,27.35660326274063,-0.0034554966171516078,171.04295340703305,-0.005817185350061569,60.43303829583526,-488.45489352218374,-0.1447074576896136,-925.0119678478947,0.03346965259636531
15.933333333333334,27.53964625272924,-0.0034554966171516078,171.04295340703305,-0.006179210079879939,55.08254947870011,-487.48750374431097,-0.1447074576896136,-924.0899768059853,0.02623927607010842
15.941666666666666,27.45862626876577,-0.0034554966171516078,170.5700921756355,-0.005817185350061569,56.58081034489832,-481.0438430533332,-0.1447074576896136,-926.7656726210212,0.02623927607010842
15.95,27.564496481478162,-0.0034554966171516078,170.72924710845902,-0.005817185350061569,57.4402216527811,-486.7380349763825,-0.1447074576896136,-926.28355297769,0.02623927607010842
15.958333333333334,27.53363052032016,-0.0034554966171516078,170.72924710845902,-0.005817185350061569,56.3349324303933,-486.7380349763825,-0.1447074576896136,-926.030065056103,0.02623927607010842
15.966666666666667,27.410556270232274,-0.0034554966171516078,170.72924710845902,-0.005817185350061569,56.399480442776415,-486.7380349763825,-0.1447074576896136,-925.7004146278013,0.02623927607010842
15.975,27.44402390109011,-0.0034554966171516078,170.5700921756355,-0.005817185350061569,57.30292072218764,-481.0438430533332,-0.1447074576896136,-926.4209251697293,0.03346965259636531
15.983333333333333,27.410556270232274,-0.0034554966171516078,170.72924710845902,-0.006423605584044218,54.19320470177713,-484.1625353501927,-0.1447074576896136,-925.8169877013686,0.2948354622726778
15.991666666666667,27.732876476404158,-0.0034554966171516078,171.9359970176173,-0.005817185350061569,57.453072200735306,-499.20293524255953,-0.1447074576896136,-924.6427738856545,0.004616215206658211
16.0,27.410556270232274,-0.0034554966171516078,170.72924710845902,-0.006423605584044218,55.69969931392953,-486.6621288964007,-0.1447074576896136,-924.3909757138068,0.02623927607010842
16.008333333333333,27.53363052032016,-0.0034554966171516078,170.72924710845902,-0.005817185350061569,56.3349324303933,-486.6621288964007,-0.1447074576896136,-925.8248682328468,0.02623927607010842
16.016666666666666,27.114110729225345,-0.05389972787338604,137.91395806260766,-0.006423605584044218,49.010855158978764,-508.25549632804086,-0.1447074576896136,-923.6632391243255,0.0058656743803226375
16.025,27.397103706204188,-0.0034554966171516078,170.5700921756355,-0.006423605584044218,53.43764688061041,-479.78848907822805,-0.1447074576896136,-924.0899768059853,0.2948354622726778
16.033333333333335,27.37813045977717,-0.0034554966171516078,170.72924710845902,-0.005817185350061569,56.89427907474559,-486.6589958244738,-0.2393049050595266,-929.4118715355546,0.030384613821631344
16.041666666666668,27.410556270232274,-0.0034554966171516078,170.72924710845902,-0.006423605584044218,54.59651643406906,-486.6621288964007,-0.1447074576896136,-924.3909757138068,0.02623927607010842
16.05,27.609794015655204,0.09166840345275856,172.8554587076822,-0.005817185350061569,54.865639642383925,-527.0389478908533,-0.1447074576896136,-918.8182078959408,0.02623927607010842
16.058333333333334,27.358114773597237,-0.0034554966171516078,166.37487152795237,-0.006423605584044218,53.29688207109523,-480.28318063417004,-0.1447074576896136,-924.0899768059853,0.02332487403291111
16.066666666666666,27.73286826574309,-0.0034554966171516078,172.5151171224736,-0.005817185350061569,54.888071890649485,-539.1916283602532,-0.1447074576896136,-918.8182078959408,0.02623927607010842
16.075,27.410556270232274,-0.0034554966171516078,170.72924710845902,-0.006423605584044218,55.157461323014715,-486.583089744492,-0.2393049050595266,-927.8192324935894,0.02623927607010842
16.083333333333332,27.53363052032016,-0.0034554966171516078,170.72924710845902,-0.005817185350061569,55.48897581984501,-486.6621288964007,-0.1447074576896136,-925.8248682328468,0.02623927607010842
16.091666666666665,27.410556270232274,-0.0034554966171516078,170.72924710845902,-0.005817185350061569,54.933596033203784,-486.583089744492,-0.2393049050595266,-929.2531250126294,0.02623927607010842
16.1,27.148464789915245,-0.0034554966171516078,138.35545694036014,-0.006423605584044218,55.00730984446705,-478.85263577412564,-0.1447074576896136,-926.2991073446998,0.02332487403291111
16.108333333333334,27.493489949060006,-0.0034554966171516078,169.6023834512505,-0.005817185350061569,56.29212285944522,-486.583089744492,-0.2393049050595266,-928.7789740389209,0.004616215206658211
16.116666666666667,27.236418394990764,-0.0034554966171516078,169.44322851842696,-0.005817185350061569,53.348996418716354,-480.9679369733514,-0.1447074576896136,-926.5715081382903,0.02623927607010842
16.125,27.049331166228125,-0.0034554966171516078,137.2285932831516,-0.006423605584044218,53.36552152881964,-478.2526722382454,-0.1447074576896136,-926.563627606812,0.02332487403291111
16.133333333333333,27.236418394990764,-0.0034554966171516078,169.44322851842696,-0.006423605584044218,53.36552152881964,-480.36797343747116,-0.1447074576896136,-925.1376156192503,0.02623927607010842
16.141666666666666,27.293314497150202,-0.0034554966171516078,169.44322851842696,-0.006423605584044218,53.71705443169474,-551.1396683270557,-0.1447074576896136,-923.9277593864377,0.2948354622726778
16.15,27.419249739747084,-0.0034554966171516078,171.3161465155638,-0.005817185350061569,55.66567665227917,-536.9437276354362,-0.2393049050595266,-922.3982101455376,0.030384613821631344
16.158333333333335,27.236418394990764,-0.0034554966171516078,169.44322851842696,-0.006423605584044218,52.01915852681322,-480.20727455418825,-0.1447074576896136,-925.1376156192503,0.02623927607010842
16.166666666666668,27.049331166228125,-0.0034554966171516078,136.78709440539913,-0.006423605584044218,52.897716364990295,-475.15295051984907,-0.1447074576896136,-926.563627606812,0.0058656743803226375
16.175,27.297970082517068,-0.0034554966171516078,169.44322851842696,-0.006423605584044218,53.58595763652093,-479.71258299824626,-0.1447074576896136,-922.9284850805358,0.2948354622726778
16.183333333333334,27.236418394990764,-0.0034554966171516078,169.44322851842696,-0.006423605584044218,53.831195243972616,-480.28893428556245,-0.2393049050595266,-928.5658723990329,0.02623927607010842
16.191666666666666,27.014977105538225,-0.0034554966171516078,17.786785734947724,-0.006423605584044218,54.10597662266572,-629.8279192658957,-0.1447074576896136,-925.3528315899962,0.0058656743803226375
16.2,27.311422646545154,-0.0034554966171516078,169.6023834512505,-0.006423605584044218,53.515673007367305,-491.5409907407387,-0.1447074576896136,-924.3790315275263,0.02623927607010842
16.208333333333332,27.236418394990764,-0.0034554966171516078,169.44322851842696,-0.005817185350061569,52.587819540638485,-494.6985521146786,-0.2393049050595266,-929.5578138985952,0.02623927607010842
16.216666666666665,27.2317628096239,-0.0034554966171516078,169.44322851842696,-0.006423605584044218,52.02167025789086,-489.403806165164,-0.1447074576896136,-924.6956645997726,0.2948354622726778
16.225,27.049331166228125,-0.0034554966171516078,142.99095350545957,-0.006423605584044218,51.72105380698354,-490.8322461962701,-0.1447074576896136,-924.9558043128188,0.0058656743803226375
16.233333333333334,27.48625528268836,0.09166840345275856,171.72859505047367,-0.005817185350061569,52.67001462836629,-538.8975503534976,-0.2393049050595266,-921.6886290092548,0.02623927607010842
16.241666666666667,27.00766120115319,-0.0034554966171516078,169.112674511459,-0.006423605584044218,53.02709012094254,-493.6546720643247,-0.2393049050595266,-929.9153903754634,0.02623927607010842
16.25,26.9326569495988,-0.0034554966171516078,168.71657637710408,-0.006423605584044218,51.87357937224931,-478.7274599121834,-0.2393049050595266,-932.5790526139607,0.02623927607010842
16.258333333333333,26.9326569495988,-0.0034554966171516078,168.6715568884229,-0.006423605584044218,52.2308983487292,-475.30829736921,-0.1447074576896136,-929.6329154775093,0.2948354622726778
16.266666666666666,27.130735451241076,-0.0034554966171516078,169.112674511459,-0.005817185350061569,53.013060499170436,-494.41533448348787,-0.2393049050595266,-931.3492828945034,0.02623927607010842
16.275,26.89366801699185,-0.0034554966171516078,164.47633624073978,-0.006423605584044218,52.50135190568667,-495.89386623652814,-0.2393049050595266,-932.7847078088992,0.02332487403291111
16.283333333333335,26.745569720836162,-0.0034554966171516078,136.19224491313125,-0.006423605584044218,51.909318358906475,-471.2322420427525,-0.1447074576896136,-929.1453073279187,0.0058656743803226375
16.291666666666668,27.23626090562719,-0.0034554966171516078,169.112674511459,-0.005817185350061569,54.14112447990186,-494.41533448348787,-0.2393049050595266,-931.4281034857054,0.004616215206658211
16.3,27.00766120115319,-0.0034554966171516078,169.112674511459,-0.006423605584044218,51.24792919893798,-505.2530647046418,-0.2393049050595266,-929.9153903754634,0.02623927607010842
16.308333333333334,26.68666532254439,-0.0034554966171516078,136.45692165314756,-0.005817185350061569,52.61355122283614,-487.2119432046008,-0.2393049050595266,-934.9567768115376,0.021994469316907954
16.316666666666666,26.87316812100022,-0.0034554966171516078,168.99853906731664,-0.005817185350061569,53.36570585495053,-516.8901556379033,-0.2393049050595266,-932.1469080494134,0.030384613821631344
16.325,27.17397956066966,2.2694118122865494,170.95692342046962,-0.006423605584044218,51.67336829384879,-538.3124757135504,-0.2393049050595266,-903.2044140470822,0.02623927607010842
16.333333333333332,26.9326569495988,-0.0034554966171516078,168.6715568884229,-0.006423605584044218,51.00553038328132,-498.48902010585465,-0.2393049050595266,-932.7847078088992,0.2948354622726778
16.341666666666665,26.9326569495988,-0.0034554966171516078,168.6715568884229,-0.006423605584044218,50.32153482966796,-498.02567355505215,-0.1447074576896136,-929.3564510291166,0.02623927607010842
16.35,26.9326569495988,-0.0034554966171516078,168.6715568884229,-0.006423605584044218,50.8290793402276,-499.6898207018221,-0.2393049050595266,-932.7847078088992,0.02623927607010842
16.358333333333334,27.00766120115319,-0.0034554966171516078,169.112674511459,-0.006423605584044218,50.21235252462972,-516.1396984585358,-0.2393049050595266,-929.6389259270707,0.02623927607010842
16.366666666666667,26.928001364231935,-0.0034554966171516078,168.99853906731664,-0.006423605584044218,52.18634218981028,-511.51637053648034,-0.2393049050595266,-929.6389259270707,0.2948354622726778
16.375,27.120403227152906,-0.0034554966171516078,168.99853906731664,-0.005817185350061569,52.21181207934964,-516.8901556379033,-0.2393049050595266,-931.0728184461107,0.02623927607010842
16.383333333333333,26.70752725876133,-0.0034554966171516078,170.4410708543306,-0.005817185350061569,53.753644044522204,-523.9220158877628,-0.2393049050595266,-907.5321112245063,0.030384613821631344
16.391666666666666,26.637087521642453,-0.2673652921869778,155.80432816595484,0.007639735459829871,51.15732814511853,-510.57831839823336,1.2293071618042597,-874.6649577024905,-2.0201069990166918
16.4,28.08834516307849,0.09166840345275856,173.3697918497606,-0.003911143483054347,49.40447193617878,-609.5954044115849,0.22891294330312503,-847.2916303362971,4.687759338778854
16.408333333333335,27.940689686840052,0.09166840345275856,174.49508185960985,-0.003911143483054347,48.857285595421445,-608.604161231919,0.22891294330312503,-845.4029218683924,4.3559115237087305
16.416666666666668,27.940689686840052,0.09166840345275856,173.3697918497606,-0.004517563717036996,46.696785596888695,-607.7052072532173,0.22891294330312503,-843.5711622662265,4.3559115237087305
16.425,27.936034101473187,0.09166840345275856,175.66127882777923,-0.004517563717036996,35.927198342664596,-600.9269432445351,0.22891294330312503,-843.5711622662265,6.424974434971391
16.433333333333334,27.940689686840052,0.09166840345275856,173.3697918497606,-0.004517563717036996,48.043148598895115,-607.8659061365001,0.22891294330312503,-843.5711622662265,4.3559115237087305
16.441666666666666,27.936034101473187,0.09166840345275856,174.53598881792996,-0.004517563717036996,35.927198342664596,-610.152484849372,0.22891294330312503,-845.1717327415927,5.9800503962033895
16.45,27.478237171438042,0.09166840345275856,171.74842745383114,-0.003911143483054347,49.92647015563355,-612.0629946898937,-0.08321590781648293,-848.8922008116633,-3.2809406988986405
16.458333333333332,27.940689686840052,0.09166840345275856,173.3697918497606,-0.004517563717036996,47.732362271196955,-607.7052072532173,0.22891294330312503,-843.5711622662265,4.3559115237087305
16.466666666666665,27.86628082366917,0.09166840345275856,173.3697918497606,-0.004517563717036996,46.08982255130053,-610.4552322978635,0.22891294330312503,-843.5711622662265,4.3559115237087305
16.475,27.776558240406494,0.09166840345275856,173.3697918497606,-0.004517563717036996,47.84392189503538,-612.0015117828717,0.22891294330312503,-843.5711622662265,4.3559115237087305
16.483333333333334,27.86628082366917,0.09166840345275856,173.3697918497606,-0.004517563717036996,48.8281430239344,-602.8665542204869,0.22891294330312503,-843.5711622662265,4.3559115237087305
16.491666666666667,27.861625238302306,0.09166840345275856,173.3697918497606,-0.004517563717036996,36.71219276770388,-554.7877408195073,0.22891294330312503,-843.1444245845667,4.624507709911301
16.5,27.949797763157438,0.09166840345275856,173.2976849000593,-0.003911143483054347,50.96608408180451,-603.3672683987943,0.22891294330312503,-850.1016954109618,3.4404950858082763
16.508333333333333,27.861625238302306,0.09166840345275856,173.3697918497606,-0.004517563717036996,36.71219276770388,-554.7877408195073,0.22891294330312503,-843.1444245845667,4.624507709911301
16.516666666666666,27.86628082366917,0.09166840345275856,173.3697918497606,-0.004517563717036996,45.94664830154657,-602.0585298308976,0.22891294330312503,-843.5711622662265,4.3559115237087305
16.525,27.86628082366917,0.09166840345275856,173.3697918497606,-0.004517563717036996,47.09647785603194,-602.7967849263164,0.22891294330312503,-843.5711622662265,4.3559115237087305
16.533333333333335,27.86007517989476,0.09166840345275856,173.3697918497606,-0.003911143483054347,50.96608408180451,-604.1752927883837,0.22891294330312503,-849.2712817183439,4.5241630423471095
16.541666666666668,27.86628082366917,0.09166840345275856,173.3697918497606,-0.004517563717036996,49.290500442645204,-602.8665542204869,0.22891294330312503,-843.5711622662265,4.3559115237087305
16.55,27.924213716644932,0.09166840345275856,173.3697918497606,-0.003911143483054347,49.113475047633976,-604.1752927883837,0.22891294330312503,-848.8922008116633,4.242835300010853
16.558333333333334,27.37296234710916,0.09166840345275856,171.74842745383114,-0.003911143483054347,48.585329537280174,-602.6682236747171,0.22891294330312503,-848.8922008116633,-3.2809406988986405
16.566666666666666,27.776558240406494,0.09166840345275856,173.3697918497606,-0.004517563717036996,47.803297374926174,-602.2226843979653,0.22891294330312503,-845.1717327415927,3.910987484940731
16.575,27.85021687381856,-0.6269034991131325,188.48979396285532,-0.21442039377205493,50.16300608891441,-580.0726151803112,2.5319892575267198,-857.6281044386905,1.016385906219777
16.583333333333332,26.59503092274072,-0.0034554966171516078,170.63279387484562,-0.005817185350061569,52.57994864256761,-508.45722260519784,-0.2393049050595266,-878.9466935657183,0.03346965259636531
16.591666666666665,26.49971749942908,-0.0034554966171516078,169.112674511459,-0.005817185350061569,51.759837619633366,-488.5897101326766,-0.2393049050595266,-906.9234146367288,0.03346965259636531
16.6,26.18770579286935,-0.0034554966171516078,142.21928187545552,-0.006423605584044218,49.817114126908926,-469.3647107858529,-0.2393049050595266,-933.438550589465,0.0058656743803226375
16.608333333333334,26.18770579286935,-0.0034554966171516078,136.29738546560765,-0.006423605584044218,51.413540444424584,-470.08913752153757,-0.2393049050595266,-931.9407606254832,0.0058656743803226375
16.616666666666667,26.507780800820626,-0.0034554966171516078,169.42604396568734,-0.005817185350061569,52.51542017466153,-499.81073096914974,-0.2393049050595266,-881.403897661774,0.03346965259636531
16.625,26.363895148745115,-0.0034554966171516078,168.95351957863548,-0.006423605584044218,52.90134041073061,-630.7174458395624,-0.2393049050595266,-931.5140229438234,0.2948354622726778
16.633333333333333,26.33580408902504,-0.0034554966171516078,164.75829893095235,-0.006423605584044218,49.33354167573154,-486.97209301235523,-0.2393049050595266,-931.9407606254832,0.02332487403291111
16.641666666666666,26.37479302163199,-0.0034554966171516078,169.35488956568307,-0.006423605584044218,49.62772603119565,-497.81776757572345,-0.2393049050595266,-900.9928118111791,0.02623927607010842
16.65,26.507780800820626,-0.0034554966171516078,169.42604396568734,-0.005817185350061569,53.607314186401084,-499.81073096914974,-0.15116766526610406,-878.89688793807,0.03346965259636531
16.658333333333335,26.37479302163199,-0.0034554966171516078,168.95351957863548,-0.006423605584044218,50.29238613786986,-486.97209301235523,-0.15116766526610406,-931.9407606254832,0.30443848666211276
16.666666666666668,26.37479302163199,-0.0034554966171516078,168.95351957863548,-0.006423605584044218,47.59890010607689,-475.7004418830129,-0.15116766526610406,-931.9407606254832,0.30443848666211276
16.675,26.6604938878301,-0.0034554966171516078,170.63279387484562,-0.005817185350061569,48.5185998196681,-497.1855714758555,-0.15116766526610406,-878.6411755724292,0.30443848666211276
16.683333333333334,26.2292191167383,-0.0034554966171516078,133.6770208113009,-0.005817185350061569,48.1028829815777,-460.61825052404294,-0.15116766526610406,-932.8870449949326,0.0058656743803226375
16.691666666666666,26.18770579286935,-0.0034554966171516078,18.923322088307646,-0.006423605584044218,48.32674827138863,-457.4711153583449,-0.15116766526610406,-936.029495067539,0.0058656743803226375
16.7,26.37479302163199,-0.0034554966171516078,168.95351957863548,-0.006423605584044218,47.50420839810895,-474.40239354121564,-0.15116766526610406,-934.4617912982294,0.30443848666211276
16.708333333333332,26.37479302163199,-0.0034554966171516078,169.3098700770019,-0.006423605584044218,47.531411200659015,-484.36806040258364,-0.15116766526610406,-930.4267930269253,0.573034672864682
16.716666666666665,26.33580408902504,-0.0034554966171516078,161.96111213890944,-0.006423605584044218,48.03062566015266,-475.10047834713265,-0.15116766526610406,-931.9407606254832,0.3015240846249155
16.725,26.434185380718,-0.0034554966171516078,169.3098700770019,-0.005817185350061569,50.594808982125,-485.6234143776888,-0.15116766526610406,-931.9185245633275,0.030384613821631344
16.733333333333334,26.406670457710103,49.213966416553845,120.42127975541885,-0.6781701978437479,48.61660535913023,-531.4464874682533,-4.911751201550044,-835.5059069216846,30.54663534660907
16.741666666666667,26.72004442259463,17.349732970375957,24.252441170739797,24.445165341106165,50.56497535203484,-540.7387845705514,33.65818508756823,-620.421278610364,1715.0703265366558
16.75,26.90234874214395,18.97941423551182,45.43120072476857,4.115996815435952,50.562950005115596,-541.9132620329077,-23.801871721006663,-614.6296256033828,1700.5469115912874
16.758333333333333,26.240241781394072,19.194417361785174,33.42503498371037,-0.11937683406477054,50.6279995592485,-511.66446607558555,-8.06941415784595,-635.7574776034116,1688.2113177646038
16.766666666666666,25.07370446494826,-2.1041658849399143,113.18530142865048,0.05603989907695944,50.53993312227935,-489.9615034114354,-8.104779914398042,-767.5765733786667,88.54056192400749
16.775,27.152193368387508,1.044561115054944,88.73618594561215,0.4904064658098061,50.31249017096774,-508.31781028642683,4.2688077924008585,-889.0161173145221,562.9433111436086
16.783333333333335,26.653430500633718,0.048864416247269574,88.93002269230396,0.09737935209066995,49.5810553266183,-519.9356855373387,1.41693868804888,-928.2176426657124,692.2905663687824
16.791666666666668,26.172046589243497,58.760298793848875,40.409953873043236,1.879743013857104,52.72080282426654,-489.09622994504224,22.332859816908137,-844.390365619874,1634.497831248639
16.8,26.33580408902504,-0.0034554966171516078,161.96111213890944,-0.006423605584044218,49.435892869019405,-466.3314435940431,-0.17458950296750533,-928.613934886309,0.3015240846249155
16.808333333333334,26.37479302163199,-0.0034554966171516078,169.3098700770019,-0.006423605584044218,49.196009485787705,-476.93912590055277,-0.17458950296750533,-927.0999672877512,0.30443848666211276
16.816666666666666,26.37479302163199,-0.0034554966171516078,169.42604396568734,-0.006423605584044218,50.378448400223036,-479.8547913626714,-0.17458950296750533,-874.8993869228037,0.30443848666211276
16.825,27.662552067241364,-0.0034554966171516078,169.93575505372908,-0.006423605584044218,49.27650817232015,-526.536040444933,-0.17458950296750533,-848.4432940176682,0.30443848666211276
16.833333333333332,26.37479302163199,-0.0034554966171516078,169.3098700770019,-0.006423605584044218,50.22829692167537,-476.93912590055277,-0.17458950296750533,-927.0999672877512,0.30443848666211276
16.841666666666665,26.18770579286935,-0.0034554966171516078,133.6770208113009,-0.006423605584044218,49.72242674783142,-451.33399851102666,-0.17458950296750533,-928.1263267367184,0.0058656743803226375
16.85,26.37479302163199,-0.0034554966171516078,169.3098700770019,-0.006423605584044218,49.047269015347766,-467.1320611855978,-0.17458950296750533,-929.4009301229556,0.30443848666211276
16.858333333333334,26.33580408902504,-0.0034554966171516078,162.0262646940893,-0.006423605584044218,49.22321228833778,-466.53209764971757,-0.17458950296750533,-929.4009301229556,0.3015240846249155
16.866666666666667,26.37479302163199,-0.0034554966171516078,169.3098700770019,-0.005817185350061569,49.93302786343437,-467.1320611855978,-0.17458950296750533,-930.3682573656743,0.30443848666211276
16.875,28.038048706434225,50.89479470622375,149.29129189647176,-0.3502261183640526,49.09653386143318,-524.845187020152,2.357252185368718,-296.56348288351563,40.89486807899037
16.883333333333333,23.986155463162117,0.0010522740260284402,150.9438489007544,0.26088744052451157,39.47787063004692,-286.37081350715,15.32494759057725,-0.4276745563327854,-4.525053416205997
16.891666666666666,23.936895887423407,0.0010522740260284402,153.79482960057945,0.2602202081512037,48.20146074407798,-285.50612022445614,15.32494759057725,-0.4276745563327854,-4.926170992397101
16.9,23.936895887423407,0.0010522740260284402,153.79482960057945,0.2602202081512037,48.208566186578615,-285.50612022445614,15.32494759057725,-0.4276745563327854,-4.926170992397101
16.908333333333335,24.032991975286436,0.0010522740260284402,153.0255584211378,0.26088744052451157,46.93574535377482,-285.50612022445614,15.32494759057725,-0.4276745563327854,-4.8255378509800435
16.916666666666668,22.953630110258462,0.0010522740260284402,139.0183734305566,0.26088744052451157,15.151554544725165,-274.0364412080019,0.4878606391093686,0.0035144259175360288,-4.525053416205997
16.925,23.920792312809052,0.0010522740260284402,153.79482960057945,0.26088744052451157,32.87265788317224,-285.3040959729611,15.32494759057725,-0.4276745563327854,-4.525053416205997
16.933333333333334,23.969274611781604,0.0010522740260284402,153.06043927666965,0.26088744052451157,16.736738096387963,-285.0731281252492,15.32494759057725,-0.4276745563327854,-4.525053416205997
16.941666666666666,23.904123095970697,0.0010522740260284402,141.7901861503806,0.2602202081512037,48.94223161192955,-249.04231509672917,15.32494759057725,-0.4276745563327854,-4.684239401373727
16.95,23.93630114884131,0.0010522740260284402,153.79482960057945,0.26088744052451157,32.87265788317224,-257.3052016693953,15.32494759057725,-0.4276745563327854,-4.525053416205997
16.958333333333332,23.920792312809052,0.0010522740260284402,151.71312008019606,0.2808393436219235,48.25658314863193,-257.5072259208903,15.756457928127027,-0.4276745563327854,-5.089419760977424
16.966666666666665,24.029635312198298,0.0010522740260284402,153.0255584211378,0.26088744052451157,13.04661908991792,-231.5117221129309,15.32494759057725,-0.4276745563327854,-4.525053416205997
16.975,23.920792312809052,0.0010522740260284402,153.79482960057945,0.26088744052451157,46.03083007012751,-257.5072259208903,15.756457928127027,-0.4276745563327854,-4.8255378509800435
16.983333333333334,24.17768116802353,0.0010522740260284402,144.27771086111326,0.2602202081512037,49.25576465048137,-253.08659496815542,15.32494759057725,-0.4276745563327854,-4.8255378509800435
16.991666666666667,24.032412008958968,0.0010522740260284402,153.0255584211378,0.2602202081512037,48.24052587789544,-257.5072259208903,15.32494759057725,-0.4276745563327854,-4.8255378509800435
17.0,23.969274611781604,0.0010522740260284402,152.94630844492536,0.26088744052451157,16.801374650875232,-259.5936655829131,15.32494759057725,-0.4276745563327854,-4.238002388325652
17.008333333333333,24.032991975286436,0.0010522740260284402,153.0255584211378,0.26088744052451157,44.69619566853546,-257.5072259208903,15.32494759057725,-0.4276745563327854,-4.8255378509800435
17.016666666666666,23.969274611781604,0.0010522740260284402,153.0255584211378,0.26088744052451157,15.886775533704219,-258.395770574352,15.32494759057725,-0.4276745563327854,-4.525053416205997
17.025,23.920792312809052,0.0010522740260284402,153.79482960057945,0.26088744052451157,45.953722372173544,-257.5072259208903,15.756457928127027,-0.4276745563327854,-4.8255378509800435
17.033333333333335,24.90592536468121,0.0010522740260284402,153.0255584211378,0.39249558748739305,48.96430907159751,-258.2072127178535,15.32494759057725,-0.4882652073833861,-3.9173500878482703
17.041666666666668,24.16312732774188,0.0010522740260284402,144.27771086111326,0.2602202081512037,48.48346903332042,-253.82078202094667,15.32494759057725,-0.4276745563327854,-4.8255378509800435
17.05,23.92639221427307,0.0010522740260284402,153.79482960057945,0.2808393436219235,47.5120567212592,-258.2414129736813,15.32494759057725,-0.4276745563327854,-5.19005290239448
17.058333333333334,23.976246528593876,0.0010522740260284402,153.0255584211378,0.2602202081512037,48.19276127245111,-258.2422830982088,15.32494759057725,-0.4276745563327854,-4.784872542790785
17.066666666666666,24.0891406632156,0.0010522740260284402,141.7901861503806,0.26088744052451157,46.04669111213865,-249.86381445870748,15.32494759057725,-0.4276745563327854,-4.684239401373727
17.075,24.794205953475966,0.0010522740260284402,154.4305470761184,0.1951660432343504,49.40944695881743,-257.14049518366477,15.89725821713623,-0.5205051906657973,-5.651505541734781
17.083333333333332,23.954720771499954,0.0010522740260284402,153.06043927666965,0.26088744052451157,33.99895451862371,-257.7845695037061,15.32494759057725,-0.4276745563327854,-4.525053416205997
17.091666666666665,23.93864604565907,0.0010522740260284402,153.0255584211378,0.26088744052451157,42.380442615134314,-258.2422830982088,15.32494759057725,-0.4276745563327854,-4.684239401373727
17.1,23.93864604565907,0.0010522740260284402,153.0255584211378,0.2602202081512037,48.48346903332042,-258.2422830982088,15.32494759057725,-0.4276745563327854,-4.684239401373727
17.108333333333334,24.017858168677318,0.0010522740260284402,153.0255584211378,0.2602202081512037,47.468230260734494,-258.2414129736813,15.32494759057725,-0.4276745563327854,-4.829209274217696
17.116666666666667,24.796423292218176,0.0010522740260284402,153.0255584211378,0.2808393436219235,48.13588120536013,-257.5694808581358,15.32494759057725,-0.4882652073833861,-2.682661731548427
17.125,24.16312732774188,0.0010522740260284402,144.27771086111326,0.2602202081512037,46.732672012183414,-253.82078202094667,15.32494759057725,-0.4276745563327854,-4.8255378509800435
17.133333333333333,24.018438135004786,0.0010522740260284402,153.0255584211378,0.26088744052451157,42.13052316249017,-258.2414129736813,15.32494759057725,-0.4276745563327854,-4.684239401373727
17.141666666666666,23.954720771499954,0.0010522740260284402,153.06043927666965,0.26088744052451157,16.636098440973065,-259.480237179256,15.32494759057725,-0.4276745563327854,-4.525053416205997
17.15,23.906238472527402,0.0010522740260284402,153.79482960057945,0.2602202081512037,45.73349051033398,-258.2414129736813,15.756457928127027,-0.4276745563327854,-4.8255378509800435
17.158333333333335,24.088422459566,0.0010522740260284402,141.7901861503806,0.26088744052451157,31.888563282775255,-249.4061008642048,15.32494759057725,-0.4276745563327854,-4.525053416205997
17.166666666666668,24.176425356822094,0.0010522740260284402,144.27771086111326,0.26088744052451157,14.141460984668806,-229.79935028352028,15.32494759057725,-0.4276745563327854,-4.525053416205997
17.175,24.698467390624202,0.0010522740260284402,153.6014790253508,0.3718764520166733,47.33526016219058,-257.14049518366477,15.32494759057725,-0.4882652073833861,-5.268648310032319
17.183333333333334,23.93864604565907,0.0010522740260284402,153.06043927666965,0.26088744052451157,40.07342456542323,-257.7845695037061,15.32494759057725,-0.4276745563327854,-4.684239401373727
17.191666666666666,26.649456930053308,0.0010522740260284402,150.96736645812413,2.378921492304427,48.10477929913927,-254.62081635636477,10.048271913878148,7.294610717746718,7.25811941991058
17.2,24.205508671694787,0.0010522740260284402,54.82412110472835,-0.19687172726661653,47.47057188203682,-250.75397427697936,0.4446985413841041,-0.05707622513306466,14.233517102342043
17.208333333333332,24.00498412368599,0.0010522740260284402,66.87829992932883,0.05539892967493002,35.70225056490689,-249.53184705034118,-0.1301717595012106,0.0035144259175360288,24.431379368397216
17.216666666666665,23.38104530631827,-0.003775579190207367,119.13647752147887,-0.2136403869837479,44.45865864956921,-236.55135935820357,-0.29138165270062727,-0.08931620841547583,110.4072831735192
17.225,23.224995032944555,9.684443693278046,28.648026404092796,0.015207992753444257,41.74657969129817,-228.8323646833426,0.27717967018290474,0.10024548583162335,1956.1698723018987
17.233333333333334,23.787962728391626,15.85493450746876,7.4452629279807425,-0.5693111068243069,45.420937068417366,-225.5331975288815,-9.24754085422405,8.047432869032715,1931.0481110788583
17.241666666666667,23.163513409393744,187.37083163416645,29.50251307268235,0.253293038011696,16.326860312858415,-226.69852061716935,15.192667479957427,0.10024548583162335,1939.6564536049905
17.25,23.58321760198327,256.8966082198572,5.019974811020852,-0.27914596510108697,45.99623422212102,-228.16158321123956,30.31808364547319,28.788741117112053,1887.1202866143149
17.258333333333333,23.14360546220167,5.352420990251348,28.42717132400875,0.02412907477303026,44.19610407317599,-228.41252638571495,0.27717967018290474,0.10024548583162335,1956.3168634383308
17.266666666666666,22.96407748256382,109.99302636751737,37.69883868916387,0.3529971744026771,44.17112452629348,-222.80106311384486,-17.462815681332348,2.239827992135423,1263.3291326563485
17.275,23.162651558654346,0.0010522740260284402,147.75552791683276,8.294854554572687,45.24884940789236,-241.55459937070538,0.014913337498203906,-0.08931620841547583,78.33922193951051
17.283333333333335,24.193800536884602,0.0010522740260284402,67.1762510689099,0.04256706248505712,14.286119764874984,-241.01644596043974,-0.1301717595012106,0.0035144259175360288,21.696516287946107
17.291666666666668,24.131326562183727,0.0010522740260284402,61.485697184117264,-0.06615151181832774,40.693863276784796,-242.57339780274384,-0.07199313317798396,0.0035144259175360288,21.02798825796003
17.3,24.00498412368599,0.0010522740260284402,66.87829992932883,0.05539892967493002,39.28074037456929,-242.94854957619432,-0.1301717595012106,0.0035144259175360288,21.149440119163536
17.308333333333334,24.193800536884602,0.0010522740260284402,67.1762510689099,0.04256706248505712,28.106508489202696,-236.74753754517675,-0.1301717595012106,0.0035144259175360288,22.11960864725264
17.316666666666666,24.15063011684707,0.0010522740260284402,69.25192461969259,0.04256706248505712,16.34814684428269,-236.22204066351995,-0.1301717595012106,0.0035144259175360288,22.00361131373734
17.325,24.192956135171436,0.0010522740260284402,60.695533607007505,-0.06681874419163553,42.26915645749454,-238.0950270225971,-0.07199313317798396,0.0035144259175360288,21.96734886684334
17.333333333333332,24.575469416297334,0.0010522740260284402,54.92844427952726,-0.04429209351704353,42.18844089940929,-238.7442094353651,0.2651745204912681,0.0035144259175360288,19.054437593254146
17.341666666666665,23.97414913946625,0.0010522740260284402,57.411531717088344,-0.218731145567901,43.125704530895916,-238.45599970575333,-0.06721671715139908,-0.05707622513306466,24.62703466309259
17.35,27.543478935444853,0.0010522740260284402,168.5668482989205,2.0989831823764438,43.751283118573134,-233.99903086855625,-0.001749177357631733,-0.04135259244563306,27.271796928713222
17.358333333333334,23.91088337824081,0.0010522740260284402,153.79482960057945,0.2808393436219235,42.82321399006067,-245.50096221374642,15.756457928127027,-0.4276745563327854,-5.19005290239448
17.366666666666667,23.03135771573374,0.0010522740260284402,139.40309994380743,0.26088744052451157,10.802779136693205,-47.2237196926774,0.8753677160103184,0.0035144259175360288,-4.238002388325652
17.375,23.90564398152993,0.0010522740260284402,141.7901861503806,0.26088744052451157,15.61245692478398,-239.12162092708095,15.32494759057725,-0.4276745563327854,-4.525053416205997
17.383333333333333,23.07999143599316,0.0010522740260284402,139.51876410869022,0.26088744052451157,40.97166178882868,-237.483093866988,0.8753677160103184,0.0035144259175360288,-4.684239401373727
17.391666666666666,23.92639221427307,0.0010522740260284402,153.79482960057945,0.2808393436219235,43.2967866744696,-245.50096221374642,15.32494759057725,-0.4276745563327854,-5.19005290239448
17.4,24.176425356822094,0.0010522740260284402,144.27771086111326,0.26088744052451157,13.354583757272245,-106.9536327714523,15.32494759057725,-0.4276745563327854,-4.525053416205997
17.408333333333335,23.971601622880467,0.0010522740260284402,153.0255584211378,0.2602202081512037,42.90949629170485,-244.62306796853903,15.32494759057725,-0.4276745563327854,-4.8255378509800435
17.416666666666668,23.096066161834045,0.0010522740260284402,139.51876410869022,0.26088744052451157,15.459519020069202,-237.93614145726713,0.8753677160103184,0.0035144259175360288,-4.525053416205997
17.425,24.16312732774188,0.0010522740260284402,144.27771086111326,0.26088744052451157,35.78260226003433,-238.6780058871127,15.32494759057725,-0.4276745563327854,-4.684239401373727
17.433333333333334,24.105215389056482,0.0010522740260284402,141.7901861503806,0.26088744052451157,35.327353050108606,-234.72103832487352,15.32494759057725,-0.4276745563327854,-4.525053416205997
17.441666666666666,24.16312732774188,0.0010522740260284402,144.27771086111326,0.26088744052451157,40.88793303622387,-239.13571948161538,15.32494759057725,-0.4276745563327854,-4.684239401373727
17.45,24.0891406632156,0.0010522740260284402,141.7901861503806,0.26088744052451157,42.644114046061524,-235.1787519193762,15.32494759057725,-0.4276745563327854,-4.684239401373727
17.458333333333332,21.75547031515665,0.0010522740260284402,139.63678386413878,0.28547058361470257,12.224933432186019,-103.75648453135598,0.6529023994363107,0.0035144259175360288,-1.565491735857641
17.466666666666665,23.971601622880467,0.0010522740260284402,153.0255584211378,0.2602202081512037,43.92473506429077,-243.55722055887782,15.32494759057725,-0.4276745563327854,-4.684239401373727
17.475,24.089735401797697,0.0010522740260284402,141.7901861503806,0.2602202081512037,43.71371022161343,-235.1787519193762,15.32494759057725,-0.4276745563327854,-4.926170992397101
17.483333333333334,24.0891406632156,0.0010522740260284402,141.7901861503806,0.26088744052451157,42.644114046061524,-235.1787519193762,15.32494759057725,-0.4276745563327854,-4.82786969498596
17.491666666666667,23.93864604565907,0.0010522740260284402,153.06043927666965,0.26088744052451157,42.875611698327184,-236.74995433124764,15.32494759057725,-0.4276745563327854,-4.8255378509800435
17.5,23.92174730855966,0.0010522740260284402,153.79482960057945,0.26088744052451157,41.09030664583096,-236.74908420671994,15.32494759057725,-0.4276745563327854,-4.8255378509800435
17.508333333333333,23.884291255017267,0.0010522740260284402,141.7901861503806,0.26088744052451157,11.227335176374863,-44.57075241288746,15.32494759057725,-0.4276745563327854,-4.525053416205997
17.516666666666666,24.179202053582763,0.0010522740260284402,144.27771086111326,0.26088744052451157,14.515779296250722,-110.04030624816863,15.32494759057725,-0.4276745563327854,-4.525053416205997
17.525,24.105215389056482,0.0010522740260284402,141.7901861503806,0.26088744052451157,29.666591936612843,-227.91377209724334,15.32494759057725,-0.4276745563327854,-4.525053416205997
17.533333333333335,23.08065048136424,0.0010522740260284402,139.51876410869022,0.26088744052451157,12.900472900180779,-84.90158741422118,16.33376962428182,-0.4276745563327854,-4.525053416205997
17.541666666666668,24.018438135004786,0.0010522740260284402,153.0255584211378,0.26088744052451157,41.09030664583096,-236.74908420671994,15.32494759057725,-0.4276745563327854,-4.684239401373727
17.55,23.889569255689047,0.0010522740260284402,141.7901861503806,0.26088744052451157,40.315381405776016,-228.28417338255895,15.32494759057725,-0.4276745563327854,-4.829209274217696
17.558333333333334,23.870993225937053,0.0010522740260284402,141.7901861503806,0.26088744052451157,36.33821376879622,-229.1339113404372,15.32494759057725,-0.4276745563327854,-4.684239401373727
17.566666666666666,23.096066161834045,0.0010522740260284402,139.51876410869022,0.26088744052451157,29.16713786160088,-228.5855920976387,0.8753677160103184,0.0035144259175360288,-4.6686837098182306
17.575,24.83714911113405,0.0010522740260284402,144.27771086111326,0.2808393436219235,43.35565134529339,-231.6565211384397,15.32494759057725,-0.4276745563327854,-4.349497021138998
17.583333333333332,24.072347733725117,0.0010522740260284402,141.7901861503806,0.26088744052451157,39.047041597615724,-221.97871325236468,15.32494759057725,-0.4276745563327854,-4.684239401373727
17.591666666666665,23.93864604565907,0.0010522740260284402,153.0255584211378,0.26088744052451157,37.445322102247005,-230.3571818918663,15.32494759057725,-0.4276745563327854,-4.8255378509800435
17.6,23.067352452284027,0.0010522740260284402,139.51876410869022,0.26088744052451157,37.44126165670672,-222.33844342058023,16.33376962428182,-0.4276745563327854,-4.684239401373727
17.608333333333334,23.104840148171526,0.0010522740260284402,139.51876410869022,0.26088744052451157,15.204638221477921,-225.2844220330541,16.33376962428182,-0.4276745563327854,-4.525053416205997
17.616666666666667,24.088422459566,0.0010522740260284402,141.67605531863632,0.26088744052451157,15.901036657609074,-223.73786573956164,15.32494759057725,-0.4276745563327854,-4.238002388325652
17.625,23.10039901820042,0.0010522740260284402,139.51876410869022,0.26088744052451157,14.426577262885235,-222.08386191098546,0.4878606391093686,0.0035144259175360288,-4.670023289049967
17.633333333333333,23.822195785423915,0.0010522740260284402,141.7901861503806,0.2602202081512037,40.21317943788772,-222.33844342058023,-0.1929268379322772,0.0035144259175360288,-4.784872542790785
17.641666666666666,23.889569255689047,0.0010522740260284402,141.7901861503806,0.26088744052451157,33.05627531642087,-221.43368734867494,15.32494759057725,-0.4276745563327854,-4.684239401373727
17.65,24.16312732774188,0.0010522740260284402,144.27771086111326,0.2602202081512037,40.11663777316763,-225.93568081460387,15.32494759057725,-0.4276745563327854,-4.928502836403018
17.658333333333335,23.971601622880467,0.0010522740260284402,153.0255584211378,0.2602202081512037,39.01360980243661,-231.42302930152752,15.32494759057725,-0.4276745563327854,-4.8255378509800435
17.666666666666668,23.971601622880467,0.0010522740260284402,153.0255584211378,0.26088744052451157,33.10987965194739,-231.22100505003257,15.32494759057725,-0.4276745563327854,-4.684239401373727
17.675,23.051939361883157,0.0010522740260284402,139.40309994380743,0.26088744052451157,10.035824333770185,-37.01099784125357,16.33376962428182,-0.4276745563327854,-4.238002388325652
17.683333333333334,21.581168531526306,0.0010522740260284402,138.35827449408507,0.05128921278734032,9.588798253381295,-43.30454700850732,1.7301622046782466,0.0035144259175360288,-1.565491735857641
17.691666666666666,21.755791727958922,0.0010522740260284402,138.35827449408507,0.3995485471307198,10.257764281577545,-44.13214169904302,1.7301622046782466,0.0035144259175360288,-1.565491735857641
17.7,21.813146210563687,0.0010522740260284402,139.63678386413878,0.2579437747785316,13.968329684260135,-74.92417886489223,0.6529023994363107,0.0035144259175360288,-1.565491735857641
17.708333333333332,24.16312732774188,0.0010522740260284402,144.27771086111326,0.26088744052451157,40.089281147402986,-225.93568081460387,15.32494759057725,-0.4276745563327854,-4.684239401373727
17.716666666666665,23.096066161834045,0.0010522740260284402,139.51876410869022,0.26088744052451157,31.334258639275635,-222.1928196582574,0.8753677160103184,0.0035144259175360288,-4.525053416205997
17.725,24.0891406632156,0.0010522740260284402,141.7901861503806,0.26088744052451157,38.836016754938385,-221.97871325236468,15.32494759057725,-0.4276745563327854,-4.684239401373727
17.733333333333334,24.0891406632156,0.0010522740260284402,141.7901861503806,0.2602202081512037,39.90561293049029,-221.97871325236468,15.32494759057725,-0.4276745563327854,-4.684239401373727
17.741666666666667,23.1151998674278,0.0010522740260284402,139.51876410869022,0.26088744052451157,26.383380460751667,-222.1928196582574,0.4878606391093686,0.0035144259175360288,-4.6686837098182306
17.75,24.102438692295813,0.0010522740260284402,141.7901861503806,0.26088744052451157,14.260338072031685,-76.5151598415043,15.32494759057725,-0.4276745563327854,-4.525053416205997
17.758333333333333,23.07999143599316,0.0010522740260284402,139.51876410869022,0.26088744052451157,33.00397706712099,-221.88072982607756,0.8753677160103184,0.0035144259175360288,-4.684239401373727
17.766666666666666,27.532917226745695,0.0010522740260284402,169.88912144809885,2.255569022418875,37.91928718743793,-214.865090605815,3.003432179070205,5.624514762922447,7.38097790634327
17.775,24.1943952754667,0.0010522740260284402,60.313047549857416,-0.218731145567901,36.77088597886492,-223.62591693844382,-0.06721671715139908,0.0035144259175360288,21.92580647449261
17.783333333333335,24.00498412368599,0.0010522740260284402,66.87829992932883,0.0547316973016222,36.76774766595552,-224.0010687118943,-0.1301717595012106,0.0035144259175360288,24.255908700424946
17.791666666666668,24.1943952754667,0.0010522740260284402,60.01509641027632,-0.22846517974623962,37.08192084594713,-224.0010687118943,-0.06721671715139908,0.0035144259175360288,21.92580647449261
17.8,24.007212438741373,0.0010522740260284402,60.284395581893016,-0.218731145567901,37.29857172178805,-223.5867517978806,-0.06721671715139908,-0.05707622513306466,24.62703466309259
17.808333333333334,23.889772903566488,0.0010522740260284402,66.87829992932883,0.0844665207771456,33.96352322015185,-222.16817738570833,-0.1301717595012106,0.0035144259175360288,24.431379368397216
17.816666666666666,23.889772903566488,0.0010522740260284402,66.87829992932883,0.0942005549554842,33.96352322015185,-222.16817738570833,-0.1301717595012106,0.0035144259175360288,24.431379368397216
17.825,24.00498412368599,0.0010522740260284402,66.87829992932883,0.04566489549659142,30.060460147792277,-223.02761226598952,-0.1301717595012106,0.0035144259175360288,24.431379368397216
17.833333333333332,24.00498412368599,0.0010522740260284402,60.01509641027632,-0.0533196446284548,35.58020543953369,-224.0010687118943,-0.07199313317798396,0.0035144259175360288,21.02798825796003
17.841666666666665,24.914730751852606,0.0010522740260284402,69.0221547953186,0.11225512188923849,12.362317573590353,-90.04098567460022,-0.1301717595012106,0.0035144259175360288,24.33716111430068
17.85,24.91415288036613,0.0010522740260284402,66.87829992932883,0.10252108771089989,35.62306746885645,-223.41093059582724,-0.1188521781204433,0.0035144259175360288,24.431379368397216
17.858333333333334,24.00498412368599,0.0010522740260284402,66.87829992932883,0.04566489549659142,34.306338015327995,-224.0010687118943,-0.1301717595012106,0.0035144259175360288,24.431379368397216
17.866666666666667,24.914730751852606,0.0010522740260284402,69.0221547953186,0.11225512188923849,10.556850609410683,-56.75292583747084,-0.1188521781204433,0.0035144259175360288,24.33716111430068
17.875,24.136778086401083,0.0010522740260284402,62.388721100640154,-0.1744222947085383,35.71381236814787,-223.53373935163057,-0.06721671715139908,0.0035144259175360288,22.66145559468352
17.883333333333333,24.193800536884602,0.0010522740260284402,67.1762510689099,0.04256706248505712,32.60393173730064,-223.62591693844382,-0.1301717595012106,0.0035144259175360288,22.26427139601911
17.891666666666666,24.00498412368599,0.0010522740260284402,66.87829992932883,0.04566489549659142,25.171457371930305,-222.65357923447397,-0.1301717595012106,0.0035144259175360288,24.683417623243034
17.9,26.055934191513188,0.0010522740260284402,170.11228816671462,2.023526278959235,36.15186855858286,-217.23929778871306,-0.1222996733739668,-0.07001730454018353,18.217887247327845
17.908333333333335,23.099125141586917,0.0010522740260284402,139.51876410869022,0.26088744052451157,30.299244135618963,-218.93934076993,0.4878606391093686,0.0035144259175360288,-4.684239401373727
17.916666666666668,21.90061645282709,0.0010522740260284402,139.33532887949738,0.26088744052451157,10.617154457697074,-46.33295391197657,0.6529023994363107,0.0035144259175360288,-4.238002388325652
17.925,21.75824701191732,0.0010522740260284402,139.63678386413878,0.28547058361470257,29.483681518534972,-215.83667829893926,0.6529023994363107,0.0035144259175360288,-1.8525427637379834
17.933333333333334,23.09762232143975,0.0010522740260284402,139.40309994380743,0.26088744052451157,11.991321094742483,-46.25955256291411,0.4878606391093686,0.0035144259175360288,-4.238002388325652
17.941666666666666,24.16312732774188,0.0010522740260284402,144.27771086111326,0.26088744052451157,37.27254532208751,-223.59574832101018,15.32494759057725,-0.4276745563327854,-4.684239401373727
17.95,23.039792695075665,0.0010522740260284402,140.02943697822772,0.26088744052451157,14.153525480749813,-215.52851036938677,0.4878606391093686,0.0035144259175360288,-4.525053416205997
17.958333333333332,21.877572812666696,0.0010522740260284402,139.59681736440416,0.26088744052451157,23.64158810276785,-212.98522723738856,0.6529023994363107,0.0035144259175360288,-4.670023289049967
17.966666666666665,21.81464316133898,0.0010522740260284402,140.21522779798633,0.39888131475741195,34.28383290690692,-212.3116869561628,0.6529023994363107,0.0035144259175360288,-2.155359042517946
17.975,21.75547031515665,0.0010522740260284402,140.21522779798633,0.28547058361470257,13.17200015783691,-79.09397943605231,0.6529023994363107,0.0035144259175360288,-1.565491735857641
17.983333333333334,23.889569255689047,0.0010522740260284402,142.48753197423895,0.2602202081512037,34.851036772617825,-216.01384680044973,15.32494759057725,-0.4276745563327854,-4.784872542790785
17.991666666666667,23.10039901820042,0.0010522740260284402,140.21610993254856,0.26088744052451157,14.357827623144605,-218.74959090025575,0.4878606391093686,0.0035144259175360288,-4.6686837098182306
18.0,23.870993225937053,0.0010522740260284402,142.48753197423895,0.26088744052451157,30.195205314743536,-217.32129835283067,15.32494759057725,-0.4276745563327854,-4.684239401373727
18.008333333333333,21.826684698901044,0.0010522740260284402,138.69444579217839,0.00698036192797762,8.972404100764233,-37.45725750931206,-0.28212498042415607,0.0035144259175360288,0.9036836998947485
18.016666666666666,23.09762232143975,0.0010522740260284402,140.10044576766578,0.26088744052451157,12.563884701012581,-60.236909696700174,0.4878606391093686,0.0035144259175360288,-4.238002388325652
18.025,23.90564398152993,0.0010522740260284402,142.48753197423895,0.26088744052451157,15.236528237152188,-218.09941633794526,15.32494759057725,-0.4276745563327854,-4.525053416205997
18.033333333333335,23.08342717812491,0.0010522740260284402,140.10044576766578,0.26088744052451157,16.90287814182001,-216.3152655155295,16.33376962428182,-0.4276745563327854,-4.238002388325652
18.041666666666668,23.096066161834045,0.0010522740260284402,140.21610993254856,0.26088744052451157,16.601439919172826,-210.07524966596006,0.8753677160103184,0.0035144259175360288,-4.525053416205997
18.05,23.039792695075665,0.0010522740260284402,139.91377281334493,0.26088744052451157,14.25416513616471,-206.7690627585873,0.4878606391093686,0.0035144259175360288,-4.238002388325652
18.058333333333334,23.104840148171526,0.0010522740260284402,140.10044576766578,0.26088744052451157,24.334694015494097,-210.62356890875856,16.33376962428182,-0.4276745563327854,-4.238002388325652
18.066666666666666,23.067352452284027,0.0010522740260284402,140.21610993254856,0.26088744052451157,32.328705454301726,-209.61941686572902,16.33376962428182,-0.4276745563327854,-4.684239401373727
18.075,24.179202053582763,0.0010522740260284402,144.42669627452986,0.26088744052451157,17.720324466991674,-213.36039722780387,15.32494759057725,-0.4276745563327854,-4.525053416205997
18.083333333333332,23.07999143599316,0.0010522740260284402,140.21610993254856,0.26088744052451157,34.47658198884831,-209.61941686572902,0.8753677160103184,0.0035144259175360288,-4.684239401373727
18.091666666666665,23.088765422330642,0.0010522740260284402,140.21610993254856,0.26088744052451157,29.848107156738667,-211.08128250326124,16.33376962428182,-0.4276745563327854,-4.82786969498596
18.1,23.099125141586917,0.0010522740260284402,140.10044576766578,0.26088744052451157,29.617859556974835,-209.0527455239544,0.4878606391093686,0.0035144259175360288,-4.397188373493384
18.108333333333334,23.104840148171526,0.0010522740260284402,140.21610993254856,0.26088744052451157,15.236528237152188,-210.62356890875856,16.33376962428182,-0.4276745563327854,-4.525053416205997
18.116666666666667,21.90773110984424,0.0010522740260284402,140.13746227148658,-0.03335000894352939,9.326767266520775,-45.037938034312795,-0.28212498042415607,0.0035144259175360288,-1.1098702776170233
18.125,21.634788568772013,0.0010522740260284402,138.93671842793262,0.09250262659673844,9.771026582798495,-45.28765174044614,1.7301622046782466,0.0035144259175360288,-1.565491735857641
18.133333333333333,21.874796115906026,0.0010522740260284402,139.48115319952137,0.26088744052451157,13.054113314700809,-79.71202338893198,0.6529023994363107,0.0035144259175360288,-4.238002388325652
18.141666666666666,21.75824701191732,0.0010522740260284402,140.21522779798633,0.28547058361470257,23.05122793620068,-180.95938030691434,0.6529023994363107,0.0035144259175360288,-1.565491735857641
18.15,21.758534654620146,0.0010522740260284402,140.21522779798633,0.3995485471307198,10.257764281577545,-46.115246430981834,0.6529023994363107,0.0035144259175360288,-1.565491735857641
18.158333333333335,24.78728423719184,0.0010522740260284402,142.48753197423895,0.39249558748739305,33.118439544764364,-183.66056497672943,15.32494759057725,-0.4882652073833861,-5.248320187771194
18.166666666666668,21.67332539887467,0.0010522740260284402,138.93671842793262,0.09250262659673844,27.289593174036213,-179.4074703731643,1.7301622046782466,0.0035144259175360288,-2.155359042517946
18.175,23.07999143599316,0.0010522740260284402,140.21610993254856,0.2602202081512037,32.31128613093859,-184.51975637240776,0.8158951957722943,0.0035144259175360288,-4.82786969498596
18.183333333333334,24.0891406632156,0.0010522740260284402,142.48753197423895,0.2602202081512037,32.55069680006679,-184.7614827667461,15.32494759057725,-0.4276745563327854,-4.929842415634754
18.191666666666666,23.099125141586917,0.0010522740260284402,140.21610993254856,0.26088744052451157,31.05986421260955,-184.4107986251358,0.4878606391093686,0.0035144259175360288,-4.684239401373727
18.2,21.758534654620146,0.0010522740260284402,140.21522779798633,0.3995485471307198,10.21105817784826,-42.45626323707764,0.6529023994363107,0.0035144259175360288,-1.565491735857641
18.208333333333332,21.634788568772013,0.0010522740260284402,138.93671842793262,0.09250262659673844,9.72432047906921,-41.628668546541945,1.7301622046782466,0.0035144259175360288,-1.565491735857641
18.216666666666665,21.810403283902463,0.0010522740260284402,138.93671842793262,0.3995485471307198,23.09020215189822,-180.95938030691434,1.7301622046782466,0.0035144259175360288,-1.9975126365819529
18.225,22.949263912054295,0.0010522740260284402,139.48115319952137,0.26088744052451157,11.950326924228166,-63.18142682878088,0.4878606391093686,0.0035144259175360288,-4.238002388325652
18.233333333333334,21.888493821161855,0.0010522740260284402,140.21522779798633,0.26088744052451157,13.832269557673415,-153.81624955103476,0.6529023994363107,0.0035144259175360288,-1.565491735857641
18.241666666666667,21.810369513803018,0.0010522740260284402,140.21522779798633,0.3995485471307198,11.608928715477107,-48.98636221400007,0.6529023994363107,0.0035144259175360288,-1.565491735857641
18.25,21.81464316133898,0.0010522740260284402,140.21522779798633,0.2579437747785316,31.716725639463057,-154.33052536828114,0.6529023994363107,0.0035144259175360288,-2.155359042517946
18.258333333333333,24.07757544408427,0.0010522740260284402,142.48753197423895,0.2602202081512037,32.38450759739695,-159.73167190275635,15.32494759057725,-0.4276745563327854,-4.926170992397101
18.266666666666666,22.24868394226849,0.0010522740260284402,138.93671842793262,0.06288832297319695,31.54438402225364,-153.50293067774547,1.6706896844402224,0.0035144259175360288,-2.2559921839350023
18.275,21.635780087469847,0.0010522740260284402,138.93671842793262,0.05128921278734032,13.077820428689954,-152.98865486049908,1.7301622046782466,0.0035144259175360288,-1.8525427637379834
18.283333333333335,21.810369513803018,0.0010522740260284402,140.21522779798633,0.3995485471307198,12.963829165352955,-81.83605969516078,0.6529023994363107,0.0035144259175360288,-1.565491735857641
18.291666666666668,21.810369513803018,0.0010522740260284402,140.21522779798633,0.3995485471307198,12.016762439702061,-62.96371934778613,0.6529023994363107,0.0035144259175360288,-1.7104616087016105
18.3,22.53331624285346,0.0010522740260284402,140.21522779798633,0.2602202081512037,31.89386432887227,-154.33052536828114,0.42838811887134454,0.0035144259175360288,-2.2559921839350023
18.308333333333334,24.55043306030086,0.0010522740260284402,142.72951428587862,0.4778262739902837,31.74208195808794,-158.5434418035526,15.460626152598895,-0.5205051906657973,-4.521521665441791
18.316666666666666,23.035615767699145,0.0010522740260284402,140.10044576766578,0.26088744052451157,14.106486391621289,-143.0203200957133,0.4878606391093686,0.0035144259175360288,-3.77359739268455
18.325,22.840417575069377,-0.003775579190207367,141.80466206191133,-0.016834693339529274,11.463718976111904,-74.58407448462877,-0.06787854523686881,0.0035144259175360288,0.6892730313706095
18.333333333333332,21.862535043466064,0.0010522740260284402,140.21522779798633,0.2333606316883406,26.952606856784424,-134.57620113729283,0.6529023994363107,0.0035144259175360288,-1.5473237532646114
18.341666666666665,21.745586263301742,0.0010522740260284402,140.21522779798633,0.3995485471307198,12.28501864731143,-63.552174935804736,0.6529023994363107,0.0035144259175360288,-1.1010867402165394
18.35,21.745586263301742,0.0010522740260284402,140.21522779798633,0.2579437747785316,12.824621507067897,-83.35209393278822,0.6529023994363107,0.0035144259175360288,-1.5317680617091152
18.358333333333334,23.41660017537476,-20.539889244724474,56.55166331363127,-0.8343736045920599,29.0147461585851,-128.03583587523448,-43.788666514112506,23.871616008666678,118.05320794145749
18.366666666666667,24.713720970238658,-18.117514150205675,5.253305189659973,7.985959313486878,30.164977455930078,-141.8566148581031,37.777912151059745,0.17657845849546985,1836.5223915222548
18.375,25.172650017340036,-17.10775471626748,1.1599848547816742,7.462942198185075,31.10697746767626,-141.0206835467309,32.82822423554695,2.5647296275070537,1829.940365616019
18.383333333333333,24.081820828917063,2930.272680814771,-10.924055651096339,20.722565820999673,31.091225191070656,-140.01876632773727,65.24646515972451,8.75502629787201,1986.9825665504661
18.391666666666666,25.108039784493652,2399.5853194187985,-10.910500688853318,7.905398045901345,31.032078675082502,-140.41578347087653,69.69248907006917,18.1281626615243,1987.3505912416013
18.4,25.18658247637861,3160.590509144944,-0.7938735107669124,7.7587790641130905,30.676044512418155,-141.45370052104755,54.483215178462544,-2.1014343151242545,1987.671724619919
18.408333333333335,24.745038560161618,2927.0364438033503,-1.296220431848584,7.743459412715239,30.319243150176685,-132.6645360658272,50.81737847198266,0.14049140646649613,1988.285833043642
18.416666666666668,25.108039784493652,3610.5959287425344,-11.636241751354367,7.905398045901345,30.7877528335652,-132.5466663202709,69.69248907006917,18.1281626615243,1987.2839897206825
18.425,25.108039784493652,3643.638562613925,-7.238975712254358,7.905398045901345,30.61333037885804,-132.5466663202709,69.69248907006917,8.29696791300389,1987.2839897206825
18.433333333333334,25.108039784493652,2929.2216989684175,-11.636241751354367,7.905398045901345,30.7877528335652,-132.5466663202709,69.69248907006917,18.1281626615243,1987.2839897206825
18.441666666666666,25.222450767333008,2397.400064253731,-1.3525360969087394,7.743459412715239,30.28849070242891,-132.91740364043983,51.284101617924556,-2.1014343151242545,1988.3113491998618
18.45,24.559991431529983,2397.400064253731,-4.275271396272545,8.115048124869702,30.3276376658535,-132.6645360658272,48.211448025886774,0.17657845849546985,1991.02789273561
18.458333333333332,25.108039784493652,3161.6255024487764,-10.982295473516617,7.601070887843831,30.7877528335652,-131.82860475445503,42.06977317100783,2.5647296275070537,1987.2839897206825
18.466666666666665,25.11480381434231,3604.013368128102,-1.3235665477432312,7.523417877983181,30.68740316371365,-131.82860475445503,44.87912913605847,2.5647296275070537,1987.671724619919
18.475,24.56752247186811,3603.6590505165445,-4.268723712971478,7.8075139432779235,30.3276376658535,-132.6645360658272,48.374584412746835,0.17657845849546985,1988.285833043642
18.483333333333334,24.559991431529983,3671.2172515481952,4.68245707431119,8.109449560179891,29.969775635694955,-132.6645360658272,48.211448025886774,-12.487956416938584,2000.233353183819
18.491666666666667,25.11480381434231,3638.3801948070445,0.11917584272308215,7.523417877983181,30.51298070900649,-131.82860475445503,44.87912913605847,-0.5495151202077355,1987.671724619919
18.5,24.883349428192965,3487.907389148215,-1.3235665477432312,7.523417877983181,27.286458057070288,-111.28944913014479,44.87912913605847,2.5647296275070537,1987.671724619919
18.508333333333333,24.876585398344307,3638.3801948070445,-7.238975712254358,7.905398045901345,27.21238527221468,-112.00751069596066,69.69248907006917,29.93010268727901,1987.2839897206825
18.516666666666666,23.915703787164695,2929.81767778657,-11.003121708243519,20.736774618760847,27.437861394061734,-111.61049355282141,70.22411124976533,8.75502629787201,1987.6971125387067
18.525,24.471527392104278,476.7165427600199,0.49201339377596565,8.107826454334647,26.859317754316553,-112.12538044151697,61.10821873542604,0.16063702910703667,2004.5855278029564
18.533333333333335,24.876585398344307,2399.5853194187985,-10.982295473516617,7.601070887843831,27.386807726921838,-111.28944913014479,42.06977317100783,2.5647296275070537,1987.3505912416013
18.541666666666668,23.915703787164695,3609.2190214309953,-9.019628707490554,20.736774618760847,27.437861394061734,-111.61049355282141,70.22411124976533,-3.49457183510356,1987.6971125387067
18.55,24.876585398344307,3604.694043820377,-11.636241751354367,7.905398045901345,27.386807726921838,-112.00751069596066,69.69248907006917,18.1281626615243,1987.2839897206825
18.558333333333334,24.876585398344307,2929.2216989684175,-10.982295473516617,7.601070887843831,27.386807726921838,-111.28944913014479,42.06977317100783,2.5647296275070537,1987.2839897206825
18.566666666666666,24.070941795493976,3133.6734324328404,-2.874660562917243,1.701088939893349,26.68183756827329,-111.4728772333142,25.697554970156112,23.85238813582339,1992.0162895929247
18.575,24.070941795493976,3133.6734324328404,-2.2207142850794916,1.4243897682690492,26.68183756827329,-109.028456164371,-6.0154966117409545,8.288955101806136,1990.8961452708297
18.583333333333332,23.193795649175712,3600.6298950692785,1.3766148057435446,16.82827366736038,26.732891235413188,-110.7834959762409,34.12217283433644,2.229653639195515,1991.309268088854
18.591666666666665,23.6953385657658,3600.148225523633,-2.2207142850794916,1.5175376570504955,26.11774570863116,-109.028456164371,-6.0238929229019265,5.17471035409134,1990.8961452708297
18.6,23.531111959178588,3399.1791169322833,11.916098505334576,2.4445572143055694,25.668198692573775,-110.39902093838964,0.6519909452398781,0.011593327676696744,2015.1655324505418
18.608333333333334,23.531111959178588,3072.2165545405696,12.035997772633541,2.4445572143055694,25.668198692573775,-110.39902093838964,0.6519909452398781,0.011593327676696744,2015.1655324505418
18.616666666666667,23.6953385657658,3602.0068023808176,-2.874660562917243,1.7087792232876955,26.11774570863116,-109.74651773018687,35.18753291076863,23.85238813582339,1990.8961452708297
18.625,23.6953385657658,3596.10491745866,-2.874660562917243,1.7087792232876955,26.11774570863116,-109.74651773018687,35.18753291076863,23.85238813582339,1990.8961452708297
18.633333333333333,22.418326490833167,576.9959982671965,52.90156769806801,0.6801799011886979,23.737077973199302,-94.38766695111065,-8.706212538523994,5.874078677509857,1305.5982058872655
18.641666666666666,22.21961322492133,-0.328973573703271,48.528173933271276,0.048048681123221484,23.778527417942815,-104.96163778993933,-1.2561562585733737,-5.33205196210495,362.7490943391477
18.65,22.816087761887,216.02784077672803,-17.849569765307514,0.6090551832512924,24.846570795799728,-105.67827125234786,14.03948475060221,26.6328371200923,1772.198436384616
18.658333333333335,23.594678202871666,2388.8109378920144,10.189486460747698,2.4965877623742734,25.668198692573775,-112.12538044151697,1.7666057575145935,-0.014187884991228703,2005.1913269218348
18.666666666666668,23.6953385657658,467.92962324424855,-2.2207142850794916,1.5175376570504955,26.11774570863116,-109.028456164371,6.344608322829328,8.288955101806136,1990.9627467917485
18.675,22.394391921111286,-15.030250247245624,-1.6988244630725913,0.7655132239186916,24.664064987603545,-102.74996243790234,18.88111406357677,18.830707339718316,1819.9107805276305
18.683333333333334,22.74167550820626,-0.003775579190207367,79.29644820899077,1.2176768430943012,22.13030476869043,-104.69508594131345,-0.5001299203082479,8.002032909005457,155.13309664067265
18.691666666666666,22.399196495014856,-0.003775579190207367,88.69952870079086,0.6091227629145507,22.474498439519113,-105.48238701643794,-0.431228272158484,-0.07001730454018353,177.34667287999451
18.7,22.57641379870531,-0.003775579190207367,62.84200114256853,0.8152130188378686,22.476651661666157,-103.68329476878687,-0.8010487690359392,-0.07001730454018353,171.44142615792003
18.708333333333332,22.22380947154833,-0.003775579190207367,74.89015058451497,0.8031923786197778,22.476651661666157,-105.48238701643794,-0.6834311855083476,-0.07001730454018353,170.32369076818807
18.716666666666665,22.76110163700734,-0.003775579190207367,47.84281596987925,0.8615439013763314,22.476651661666157,-103.68329476878687,-0.7640567075232455,-0.07001730454018353,216.57144513299278
18.725,22.22380947154833,-0.003775579190207367,74.89015058451497,0.8031923786197778,22.476651661666157,-105.48238701643794,-0.6834311855083476,-0.07001730454018353,178.3787399244104
18.733333333333334,22.76110163700734,-0.003775579190207367,47.84281596987925,0.8615439013763314,22.476651661666157,-103.68329476878687,-0.7640567075232455,-0.07001730454018353,213.85018428720733
18.741666666666667,22.22380947154833,-0.003775579190207367,74.89015058451497,0.8031923786197778,22.476651661666157,-105.48238701643794,-0.6834311855083476,-0.07001730454018353,176.20968209354123
18.75,22.76110163700734,-0.003775579190207367,47.84281596987925,0.8615439013763314,22.476651661666157,-103.68329476878687,-0.7640567075232455,-0.07001730454018353,208.51639597677044
18.758333333333333,22.618417619809858,-0.003775579190207367,119.44491834700986,0.8031923786197778,22.476651661666157,-105.66522928500706,-0.6834311855083476,-0.07001730454018353,102.73222419608409
18.766666666666666,22.531255529371695,-0.003775579190207367,46.74141530731494,0.7706176873901258,22.476651661666157,-103.68329476878687,-0.10960163157220891,-0.08931620841547583,172.02650476936307
18.775,22.22380947154833,-0.003775579190207367,74.99213212867339,0.3609637070801296,21.452510591268453,-103.16643517375915,-0.6834311855083476,-0.07001730454018353,212.59389823666243
18.783333333333335,22.57641379870531,-0.003775579190207367,46.85098549258666,0.3266534647597575,21.454663813415497,-101.36734292610808,-0.7640567075232455,-0.07001730454018353,180.8388641043426
18.791666666666668,22.399196495014856,-0.003775579190207367,88.55656311853454,0.12749019289220773,21.454663813415497,-103.16643517375915,-0.45833382917029253,-0.07001730454018353,174.44874267369212
18.8,22.57641379870531,-0.003775579190207367,56.15800603312519,0.3266534647597575,21.454663813415497,-101.36734292610808,-0.7640567075232455,-0.07001730454018353,165.49323802851524
18.808333333333334,24.63374138125803,-0.003775579190207367,87.1141991821223,0.815369460044822,22.676026532561263,-101.91717719868619,0.021206536981263464,-1.745197038786795,103.00167109767457
18.816666666666666,24.307475864177036,-0.003775579190207367,58.020263519512,1.2388504458879728,22.02659119937516,-102.12656855628877,-0.4120478215286456,-0.07001730454018353,40.160503896803334
18.825,24.020612908635357,-0.003775579190207367,108.03314472452362,1.0368756928737768,22.02659119937516,-102.15933319031822,-0.24807882826641542,-0.08938303019543711,16.87507007363011
18.833333333333332,24.456585996998623,-0.003775579190207367,75.5415890080602,1.032852701978128,22.02659119937516,-102.12656855628877,0.4051667608320521,-0.08931620841547583,40.94618414501561
18.841666666666665,24.179234247331124,-0.003775579190207367,138.1909781403077,0.8978634243302367,22.02659119937516,-102.55673080362368,-0.42258978342870357,-0.08938303019543711,10.13674824358669
18.85,24.40960641319838,-0.003775579190207367,74.92913014795214,1.0095601858643493,22.02659119937516,-102.12656855628877,-0.43422915236715637,-0.07001730454018353,26.409462428379495
18.858333333333334,24.131380665119067,-0.003775579190207367,75.92466081438674,1.0431245242787903,22.02659119937516,-101.97070075282973,-0.4120478215286456,-0.08938303019543711,24.36100707247113
18.866666666666667,23.161719405632454,76.86881160289252,18.10462154815787,-0.44855055379186776,22.50685284574049,-88.36984356043409,-20.07485663137857,6.639869417267564,1501.7749294497276
18.875,23.734696912500443,-19.107499189819684,9.111151611145754,-0.3474791849375827,22.471953579565117,-101.97491843657657,5.551583034006339,0.16063702910703667,1862.8970641524052
18.883333333333333,23.185136054594544,-21.218428153805977,61.63980885001764,-0.18710409197273906,21.980216593762727,-98.01451957198194,-8.055382976900827,2.722421607214247,1930.963769212634
18.891666666666666,23.70078600650287,-20.15209490640118,-5.357274074479191,-0.46956657500247956,22.9994435521704,-99.79832770200045,19.688577184409432,23.164845727372946,1928.3862888829822
18.9,23.71170904175893,-19.112239206404368,9.494024559903647,-0.3487528062494366,21.95896117770147,-101.97491843657657,4.304874908729279,0.16063702910703667,1862.5218033950957
18.908333333333335,23.198825408345122,63.27691072836721,43.137705959208155,-0.530925358657046,22.134698222758207,-88.01634577620263,-26.535307249872435,-15.612789026353921,157.29512509551753
18.916666666666668,24.707491189169403,-0.003775579190207367,153.41380295294638,0.664025244003128,22.226237584596067,-102.71259860708273,0.39462479893199376,-0.08931620841547583,15.58416477426988
18.925,24.044038110149753,-0.003775579190207367,138.1909781403077,0.417413013981244,22.02659119937516,-102.55673080362368,-0.4120478215286456,-0.08938303019543711,9.054449320607706
18.933333333333334,24.538727858429777,-0.003775579190207367,75.8792914298949,0.6191277724302678,22.02659119937516,-102.12656855628877,-0.4120478215286456,-0.07001730454018353,27.54826010051483
18.941666666666666,24.03988393277732,-0.003775579190207367,108.03314472452362,0.41715301941607186,22.02659119937516,-102.15933319031822,-0.24807882826641542,-0.08938303019543711,17.62762418370361
18.95,24.529357288360853,-0.003775579190207367,72.64027039712546,0.6825210622747583,22.02659119937516,-102.12656855628877,0.4051667608320521,-0.08931620841547583,38.71096231514234
18.958333333333332,23.781645792698523,-0.003775579190207367,56.541092425250476,0.5686522322170555,20.993372118807798,-96.1193994469284,0.03300838002442435,-0.08938303019543711,23.08112954566214
18.966666666666665,24.326746888319,-0.003775579190207367,73.1103854148871,0.6191277724302678,20.993372118807798,-96.08663481289895,-0.4120478215286456,-0.07001730454018353,27.575930451023037
18.975,23.68960347719433,-0.003775579190207367,59.119238168154496,0.5686522322170555,20.993372118807798,-96.1193994469284,-0.24807882826641542,-0.08938303019543711,24.295420878738035
18.983333333333334,24.645076265840522,-0.003775579190207367,106.00759646685512,0.5524022916291353,20.993372118807798,-96.08663481289895,0.4051667608320521,-0.08931620841547583,35.24531138170675
18.991666666666667,24.023338239876352,-0.003775579190207367,59.119238168154496,0.42937996910834386,20.993372118807798,-96.1193994469284,-0.24807882826641542,-0.08938303019543711,25.344172699932884
19.0,24.326746888319,-0.003775579190207367,73.1103854148871,0.6099742799671788,20.993372118807798,-96.08663481289895,-0.4120478215286456,-0.07001730454018353,27.575930451023037
19.008333333333333,23.976385108759526,-0.003775579190207367,152.67265412285937,0.47454325675457487,20.993372118807798,-96.51679706023386,-0.42258978342870357,-0.08938303019543711,10.13674824358669
19.016666666666666,24.437314972856658,-0.003775579190207367,73.24677902008894,0.6825210622747583,20.993372118807798,-96.08663481289895,0.4051667608320521,-0.08931620841547583,39.37214282791909
19.025,23.90339958526977,-0.003775579190207367,54.56297130371466,0.4385334615714329,20.993372118807798,-96.1193994469284,-0.24807882826641542,-0.08938303019543711,23.214579674060733
19.033333333333335,24.326746888319,-0.003775579190207367,75.37982311896421,0.6191277724302678,20.993372118807798,-96.08663481289895,-0.4120478215286456,-0.07001730454018353,26.750629532718833
19.041666666666668,24.004067215734388,-0.003775579190207367,59.119238168154496,0.4385334615714329,20.993372118807798,-96.1193994469284,-0.24807882826641542,-0.08938303019543711,24.591618589859372
19.05,24.326746888319,-0.003775579190207367,73.1103854148871,0.6099742799671788,20.344084395557267,-96.08663481289895,-0.42258978342870357,-0.07001730454018353,38.41226548500796
19.058333333333334,24.198629607230014,-0.003775579190207367,87.00617674808005,0.4068881688472455,20.344084395557267,-96.1193994469284,0.03394346259734722,-0.08938303019543711,37.745975099952986
19.066666666666666,24.486618794297456,-0.003775579190207367,76.31914231703155,0.6099742799671788,20.344084395557267,-96.08663481289895,-0.4120478215286456,-0.07001730454018353,40.10385340205636
19.075,24.03988393277732,-0.003775579190207367,108.03314472452362,0.417413013981244,20.344084395557267,-96.1193994469284,-0.24807882826641542,-0.08938303019543711,31.49724573415711
19.083333333333332,24.307475864177036,-0.003775579190207367,75.37982311896421,0.6191277724302678,20.344084395557267,-96.08663481289895,-0.4120478215286456,-0.07001730454018353,37.495590969407004
19.091666666666665,23.86045999572012,-0.003775579190207367,152.67265412285937,0.4836967492176639,20.344084395557267,-96.51679706023386,-0.4120478215286456,-0.08938303019543711,20.14608087627441
19.1,24.39457647879326,-0.003775579190207367,76.92565093999502,0.6099742799671788,20.344084395557267,-96.08663481289895,-0.4120478215286456,-0.07001730454018353,41.114211298061385
19.108333333333334,24.03988393277732,-0.003775579190207367,108.03314472452362,0.41715301941607186,20.344084395557267,-96.1193994469284,-0.24807882826641542,-0.08938303019543711,30.183217485245123
19.116666666666667,24.486618794297456,-0.003775579190207367,76.31914231703155,0.6099742799671788,20.344084395557267,-96.08663481289895,-0.4120478215286456,-0.07001730454018353,40.10385340205636
19.125,24.063309134291718,-0.003775579190207367,138.1909781403077,0.4082595215181549,20.344084395557267,-96.51679706023386,-0.4120478215286456,-0.08938303019543711,20.14608087627441
19.133333333333333,22.272647279423285,-0.003775579190207367,53.247955646843735,-0.5436632255023086,19.389433330100136,-96.06059131468942,-0.6197627268614587,-0.08931620841547583,311.65757652558324
19.141666666666666,22.321960274895932,-0.003775579190207367,11.345631359320478,-0.018718078377141928,18.65070263392789,-94.2141466173955,-0.16387996627566676,0.0035144259175360288,301.5288902642225
19.15,24.870512599290617,-0.003775579190207367,71.367493258968,0.3022572620336859,19.03213279663423,-94.03334547010482,-0.3809957714451048,-0.08931620841547583,45.33717248869557
19.158333333333335,22.654430229309007,-0.003775579190207367,148.16442211818742,-0.028218846034206,14.27231810759915,-92.55439479062237,-0.08945105704541967,0.0035144259175360288,9.706632383123495
19.166666666666668,22.220805490263633,-0.003775579190207367,4.905262519254499,-0.021399830801313025,10.037361642851407,-47.56060885394816,-0.08945105704541967,0.0035144259175360288,4.173061427367053
19.175,22.550016487728882,-0.003775579190207367,148.91158791846928,-0.028218846034206,11.484319240870267,-60.78619477126567,-0.08945105704541967,0.0035144259175360288,9.849812251841579
19.183333333333334,24.634368249676196,-0.003775579190207367,71.22072018726108,0.5524022916291353,19.03213279663423,-93.84200478273728,0.4051667608320521,-0.08931620841547583,52.57200806174566
19.191666666666666,23.867385729871902,-0.003775579190207367,58.96019690188524,0.5686522322170555,19.03213279663423,-93.87476941676672,0.03300838002442435,-0.08938303019543711,38.076212401509274
19.2,24.938783631557502,-0.003775579190207367,106.00759646685512,0.5432487991660463,19.03213279663423,-93.84200478273728,0.39462479893199376,-0.08931620841547583,47.95654546673108
19.208333333333332,24.376411859907588,-0.003775579190207367,84.95325842473865,0.4068881688472455,19.03213279663423,-93.68613697927823,-0.1236014488944014,-0.08938303019543711,38.15889195675428
19.216666666666665,24.48525811685461,-0.003775579190207367,75.62320199021346,0.7492465430758907,19.03213279663423,-93.84200478273728,-0.4120478215286456,-0.07001730454018353,36.59122843554532
19.225,24.215460639734438,-0.003775579190207367,88.80927689155186,0.42937996910834386,19.03213279663423,-93.87476941676672,-0.25862079016647355,-0.08938303019543711,30.244476154609465
19.233333333333334,24.59691603118769,-0.003775579190207367,74.18906007825991,0.6099742799671788,19.03213279663423,-93.52170454184463,-0.4120478215286456,-0.07001730454018353,38.46528117504438
19.241666666666667,25.003232745565114,-0.003775579190207367,114.64329714813586,0.4068881688472455,19.03213279663423,-93.36583673838558,-0.1300255306648829,-0.08938303019543711,30.51757364308542
19.25,25.054595723263013,-0.003775579190207367,136.90147889179386,0.5432487991660463,19.03213279663423,-94.10773459263858,0.39462479893199376,-0.08931620841547583,25.903018946466016
19.258333333333333,24.25551091762356,-0.003775579190207367,88.80927689155186,0.5686522322170555,19.03213279663423,-93.55446917587408,-0.24807882826641542,-0.08938303019543711,29.491922044535954
19.266666666666666,24.7896259771565,-0.003775579190207367,79.22740379734482,0.7492465430758907,19.03213279663423,-93.52170454184463,-0.4120478215286456,-0.07001730454018353,39.240194576491845
19.275,24.25551091762356,-0.003775579190207367,88.80927689155186,0.5686522322170555,19.03213279663423,-93.55446917587408,-0.24807882826641542,-0.08938303019543711,29.506082382809787
19.283333333333335,24.577645007045724,-0.003775579190207367,76.45849778233702,0.6191277724302678,19.03213279663423,-93.52170454184463,-0.4120478215286456,-0.07001730454018353,36.887426146666655
19.291666666666668,23.839833965456435,-0.003775579190207367,56.99038082642426,0.5686522322170555,19.03213279663423,-93.55446917587408,0.03300838002442435,-0.08938303019543711,34.22736110808049
19.3,24.71685468579427,-0.003775579190207367,77.56447471623119,0.6191277724302678,19.03213279663423,-93.52170454184463,-0.4120478215286456,-0.07001730454018353,41.16722698809781
19.308333333333334,24.25551091762356,-0.003775579190207367,88.80927689155186,0.4385334615714329,19.03213279663423,-93.55446917587408,-0.24807882826641542,-0.08938303019543711,29.491922044535954
19.316666666666666,24.891756526177844,-0.003775579190207367,79.22740379734482,0.6099742799671788,19.03213279663423,-93.52170454184463,-0.42258978342870357,-0.07001730454018353,40.69063097155122
19.325,23.959772620063017,-0.003775579190207367,60.46797302749127,0.5686522322170555,19.03213279663423,-90.03671536087931,0.03300838002442435,-0.08938303019543711,36.28309922570475
19.333333333333332,24.577645007045724,-0.003775579190207367,76.65568490243423,0.7492465430758907,19.03213279663423,-90.00395072684987,-0.4120478215286456,-0.07001730454018353,35.390510681983464
19.341666666666665,24.05181493556721,-0.003775579190207367,59.324730334326546,0.5686522322170555,19.03213279663423,-90.03671536087931,0.03300838002442435,-0.08938303019543711,34.422033560445726
19.35,24.577645007045724,-0.003775579190207367,76.65568490243423,0.6191277724302678,19.03213279663423,-90.00395072684987,-0.4120478215286456,-0.08938303019543711,35.390510681983464
19.358333333333334,24.05181493556721,-0.003775579190207367,59.324730334326546,0.4385334615714329,19.03213279663423,-90.03671536087931,0.03300838002442435,-0.08938303019543711,34.422033560445726
19.366666666666667,24.79952643122954,-0.003775579190207367,73.91613218059548,0.6825210622747583,19.03213279663423,-90.00395072684987,0.4051667608320521,-0.08931620841547583,50.13009325023101
19.375,23.959772620063017,-0.003775579190207367,59.119238168154496,0.4385334615714329,19.03213279663423,-90.03671536087931,-0.24807882826641542,-0.08938303019543711,35.636324893521625
19.383333333333333,24.707484115725347,-0.003775579190207367,74.79471679360901,0.6825210622747583,19.03213279663423,-90.00395072684987,0.4051667608320521,-0.08931620841547583,51.77405883785565
19.391666666666666,23.839833965456435,-0.003775579190207367,57.187567946521476,0.5686522322170555,19.03213279663423,-90.03671536087931,0.03300838002442435,-0.08938303019543711,32.730445643397296
19.4,24.79952643122954,-0.003775579190207367,73.91613218059548,0.5524022916291353,19.03213279663423,-90.00395072684987,0.4051667608320521,-0.08931620841547583,50.13009325023101
19.408333333333335,24.05181493556721,-0.003775579190207367,59.324730334326546,0.4385334615714329,19.03213279663423,-90.03671536087931,0.03300838002442435,-0.08938303019543711,34.422033560445726
19.416666666666668,24.679775556067067,-0.003775579190207367,72.535592072619,0.6099742799671788,17.71574665886982,-87.11704655951338,-0.4290138651991851,-0.07001730454018353,36.3980172286936
19.425,24.274236358603076,-0.003775579190207367,57.268583042416374,0.5686522322170555,17.71574665886982,-87.14981119354283,-0.24807882826641542,-0.08938303019543711,35.636324893521625
19.433333333333334,22.761816991343924,-0.003775579190207367,120.1398215660266,-0.28151118893842136,16.979586651775232,-86.53532844880412,-2.279208026289471,-12.090557772069944,153.6508329903441
19.441666666666666,22.32874822217599,-0.328973573703271,26.08832591676666,-0.016671809277525908,9.383699248366664,-48.46001524770221,-0.25534197975865613,0.0035144259175360288,388.7589728609264
19.45,22.76615577899004,-0.328973573703271,25.176750648758663,0.01764948160221502,17.45277796937394,-86.07984793454013,-0.4676878237995522,-0.08931620841547583,401.999863462971
19.458333333333332,22.571522396031074,-0.328973573703271,96.18350860557668,7.813484061987597,17.85344147890737,-85.58040725880605,-0.42582932597323486,-0.08931620841547583,411.0323139350111
19.466666666666665,22.79479168508627,0.3558534751082592,26.171744964555366,7.346135834836057,17.85344147890737,-84.79381161120105,-1.050827374048414,-5.062450239143276,479.8481243008838
19.475,22.79479168508627,0.3558534751082592,32.09722999876072,7.138585015032423,17.45277796937394,-93.07561626197094,-0.05567880318167764,1.1241369751153616,489.64919398176386
19.483333333333334,22.990725734721497,0.3558534751082592,36.798743032961966,-0.017688494888787723,17.794702920233405,-93.42748527696259,-0.26164948706365154,-0.23410478684730027,491.361760018818
19.491666666666667,23.217543401010413,0.23330777965023453,34.21730294601089,-0.016671809277525908,9.641553440238969,-67.77525078499512,-0.25534197975865613,-0.07269016511259511,1243.6307951105352
19.5,23.15607551009336,0.23330777965023453,34.21730294601089,-0.016671809277525908,7.160870926715943,-39.58484579925227,-0.31922656435218655,-0.07269016511259511,1243.598049441923
19.508333333333333,23.281993577529082,0.23330777965023453,33.538119050744406,-0.0047798464191348925,11.90878623456879,-84.32063810565438,-0.25534197975865613,-0.07269016511259511,1244.1032425202075
19.516666666666666,23.2873141880103,0.23330777965023453,33.538119050744406,-0.0047798464191348925,16.91082933028085,-90.91247986036095,-0.25534197975865613,-0.07269016511259511,1243.8498227289806
19.525,23.28183578974464,0.23330777965023453,33.538119050744406,-0.0047798464191348925,11.217258379164438,-84.32063810565438,-0.25534197975865613,-0.07269016511259511,1244.1032425202075
19.533333333333335,23.23015871834621,0.23330777965023453,33.538119050744406,-0.0047798464191348925,9.225707012874278,-49.43350045523245,-0.31922656435218655,-0.07269016511259511,1244.1032425202075
19.541666666666668,23.281993577529082,0.23330777965023453,33.538119050744406,-0.0047798464191348925,11.076681399766674,-72.58356297286494,-0.25534197975865613,-0.07269016511259511,1244.1032425202075
19.55,23.23000093056177,0.23330777965023453,33.538119050744406,-0.0047798464191348925,8.534179157469925,-49.65919242816505,-0.31922656435218655,-0.07269016511259511,1244.1032425202075
19.558333333333334,22.833734713816185,0.3558534751082592,130.68103386646226,-0.1969837829087939,15.802350345862953,-92.61288885952227,0.48203602613358043,0.9140178583244459,550.8040948195995
19.566666666666666,22.833734713816185,0.3558534751082592,92.29104035752,6.885874784895661,16.89202955654323,-84.3527917686513,-0.42582932597323486,-5.062450239143276,543.1581942408937
19.575,22.61046542476099,-0.328973573703271,93.26186852514174,7.801054858038666,16.89202955654323,-85.05788523771679,-0.42582932597323486,-0.08931620841547583,412.31449922431676
19.583333333333332,22.346684149993003,-0.328973573703271,23.16668583633173,-0.0047798464191348925,16.58410334611858,-85.02778170774278,-0.25534197975865613,0.0035144259175360288,389.4733160720215
19.591666666666665,22.341363539511786,-0.328973573703271,23.16668583633173,-0.0047798464191348925,10.141695688910229,-49.026336053542444,-0.25534197975865613,0.0035144259175360288,389.2314202705988
19.6,23.403685612748628,0.0010522740260284402,137.23867842946566,-0.11964090097899857,15.94764300351942,-87.87735092261488,-0.3552439930921413,-0.08931620841547583,66.90737451633524
19.608333333333334,23.888774607655993,-0.003775579190207367,110.1311689154824,0.08927842019244542,12.44684787606595,-67.97115010584062,-0.11163238788393062,0.0035144259175360288,27.62501430295952
19.616666666666667,23.888776943261572,0.0010522740260284402,57.0196004200478,0.10308727384233218,11.857995652334212,-67.74562227529096,-0.1188521781204433,0.0035144259175360288,38.19222642385446
19.625,24.405099157455297,0.0010522740260284402,64.36627091111667,0.11728227529132952,16.872482767972173,-93.70578770492672,-0.1188521781204433,0.0035144259175360288,38.102231380094295
19.633333333333333,23.80322686639065,-0.003775579190207367,107.69923999799768,0.08927842019244542,9.4844402658366,-48.61875697243518,-0.11163238788393062,0.0035144259175360288,25.638427083662172
19.641666666666666,23.871502142298656,-0.003775579190207367,109.83474460049258,0.08927842019244542,9.900286693201288,-51.446719827249595,-0.11163238788393062,0.0035144259175360288,35.2586957230865
19.65,23.888774607655993,-0.003775579190207367,110.1311689154824,0.08927842019244542,10.111212256698053,-51.02149327612,-0.11163238788393062,0.0035144259175360288,27.62501430295952
19.658333333333335,23.912914708165264,0.0010522740260284402,57.0196004200478,0.10308727384233218,17.10164187704124,-88.57195519907971,-0.1188521781204433,0.0035144259175360288,38.14377377244503
19.666666666666668,23.390086796051843,-0.003775579190207367,101.1148903361959,0.08927842019244542,6.458407216838036,-38.529587709142284,-0.10641710071595935,0.0035144259175360288,26.0498404989414
19.675,23.89058558597309,-0.003775579190207367,107.37889195132809,0.08927842019244542,8.283833879014827,-40.178083040620905,-0.11163238788393062,0.0035144259175360288,26.4025964784233
19.683333333333334,23.83693974847312,-0.003775579190207367,107.69923999799768,0.09901245437078401,9.575548070980144,-50.76950824072205,-0.11163238788393062,0.0035144259175360288,27.93597675868626
19.691666666666666,23.88576386403358,-0.003775579190207367,107.69923999799768,0.08927842019244542,11.452504728028877,-56.82911609226589,-0.11163238788393062,0.0035144259175360288,25.150697504521634
19.7,25.281807409711924,0.0010522740260284402,158.3559136097282,2.550220172562963,16.74251569983984,-83.41203654946204,-0.0569756282647725,-0.06071831810088665,38.651400022966556
19.708333333333332,22.290451614419936,0.0010522740260284402,140.5546929193817,-0.026922039162557223,10.903318344429561,-63.2370864941934,-0.06787854523686881,0.0035144259175360288,-1.0492890923316893
19.716666666666665,22.700413845787214,-0.003775579190207367,142.3948382345107,-0.019345850117107457,11.128275882580143,-60.769531670810785,-0.06787854523686881,0.0035144259175360288,0.20098685267733368
19.725,22.19591353239773,0.0010522740260284402,142.04190522855083,-0.009538122507768174,8.363202065195512,-46.78009275934724,-0.28212498042415607,0.0035144259175360288,-0.36049861557000656
19.733333333333334,22.788971661987073,-0.003775579190207367,142.1931794662281,-0.019345850117107457,15.211511334943186,-85.0325085960353,-0.06787854523686881,0.0035144259175360288,-0.8343558912054918
19.741666666666667,22.702846736995564,-0.003775579190207367,143.16449284780552,-0.019345850117107457,14.723384147483925,-85.0325085960353,-0.06787854523686881,0.0035144259175360288,-0.6290948017725759
19.75,22.4250450681612,-0.003775579190207367,139.46123985907323,-0.019345850117107457,7.109235093132202,-38.51808505133808,-0.06787854523686881,0.0035144259175360288,-1.1089229074514961
19.758333333333333,22.395508298536416,-0.003775579190207367,139.46123985907323,-0.019345850117107457,7.09969238030355,-38.51808505133808,-0.06787854523686881,0.0035144259175360288,-1.1089229074514961
19.766666666666666,22.501101510609473,-0.003775579190207367,143.16449284780552,-0.019345850117107457,10.144500471550868,-49.154794249435135,-0.06787854523686881,0.0035144259175360288,-0.36049861557000656
19.775,22.72267295826211,-0.003775579190207367,142.8730957245816,-0.019345850117107457,17.264732123597284,-85.93894740493147,-0.06787854523686881,0.0035144259175360288,-0.6120936468879916
19.783333333333335,22.209360276994484,-0.003775579190207367,139.46123985907323,-0.019345850117107457,7.4518351714586775,-40.12558505266894,-0.06506281515098271,0.0035144259175360288,-1.1089229074514961
19.791666666666668,22.52652752111183,-0.003775579190207367,142.1931794662281,-0.019345850117107457,7.513021681413844,-43.33451038685806,-0.06506281515098271,0.0035144259175360288,-0.5657597050029219
19.8,22.06097847111747,0.0010522740260284402,140.1778773514,-0.04233650930027041,17.808443999186462,-86.0667669876293,-0.338781770576294,0.0035144259175360288,-1.3091082189164736
19.808333333333334,22.22454229409999,0.0010522740260284402,142.79183159303957,-0.009538122507768174,10.930729102219795,-60.38249636098659,-0.27930925033827,0.0035144259175360288,-0.36049861557000656
19.816666666666666,22.602332678615387,-0.003775579190207367,142.3948382345107,-0.019345850117107457,12.026936255832982,-85.84436579677799,-0.06506281515098271,0.0035144259175360288,-0.5657597050029219
19.825,22.158588190596117,0.0010522740260284402,142.04190522855083,-0.009538122507768174,15.651468752454374,-84.43248287607423,-0.27930925033827,0.0035144259175360288,-0.6290948017725759
19.833333333333332,22.469454825740225,-0.003775579190207367,143.16449284780552,-0.02474980956802731,11.907491332531732,-84.57714562542918,-0.27930925033827,0.0035144259175360288,-0.36049861557000656
19.841666666666665,22.588887062316626,0.0010522740260284402,143.05001648597695,-0.019345850117107457,11.921934222280209,-85.3380183168769,-0.06506281515098271,0.0035144259175360288,-0.36049861557000656
19.85,22.398620884784364,-0.003775579190207367,139.46123985907323,-0.019345850117107457,9.471034944805057,-48.724836699421296,-0.06506281515098271,0.0035144259175360288,-1.1089229074514961
19.858333333333334,22.591319953524977,-0.003775579190207367,142.8730957245816,-0.019345850117107457,16.989030034915302,-85.93894740493147,-0.06506281515098271,0.0035144259175360288,-0.6120936468879916
19.866666666666667,22.472162848736538,-0.003775579190207367,142.3948382345107,-0.019345850117107457,11.927665011286988,-84.88765538143399,-0.06506281515098271,0.0035144259175360288,-0.5657597050029219
19.875,22.25971548516489,-0.003775579190207367,139.46123985907323,-0.019345850117107457,7.466315577684559,-42.273135913582074,-0.05213302154377903,0.0035144259175360288,-1.1089229074514961
19.883333333333333,22.1637613870981,-0.003775579190207367,139.46123985907323,-0.019345850117107457,7.442292458630025,-40.12558505266894,-0.05213302154377903,0.0035144259175360288,-1.1089229074514961
19.891666666666666,22.644169576795584,-0.003775579190207367,142.1931794662281,-0.019345850117107457,11.568066781680674,-78.29806307512901,-0.05213302154377903,0.0035144259175360288,-0.5657597050029219
19.9,22.306945324289853,-0.003775579190207367,143.16449284780552,-0.02474980956802731,8.363202065195512,-43.37315138321389,-0.2663794567310664,0.0035144259175360288,-0.36049861557000656
19.908333333333335,22.193298156722882,-0.003775579190207367,139.46123985907323,-0.019345850117107457,7.4518351714586775,-40.106266370447806,-0.05213302154377903,0.0035144259175360288,-1.1089229074514961
19.916666666666668,22.373512606867283,-0.003775579190207367,142.3948382345107,-0.019345850117107457,9.885452644332315,-47.63596522006926,-0.05213302154377903,0.0035144259175360288,-0.5657597050029219
19.925,22.58116049801898,-0.003775579190207367,143.16449284780552,-0.019345850117107457,11.008320377982335,-58.707594830840605,-0.05213302154377903,0.0035144259175360288,-0.36049861557000656
19.933333333333334,22.28267587417806,-0.003775579190207367,139.46123985907323,-0.018884931729913176,6.636915663651391,-37.53350444894718,-0.05213302154377903,0.0035144259175360288,-1.1089229074514961
19.941666666666666,22.575257833253374,-0.003775579190207367,143.16449284780552,-0.019345850117107457,14.413204761081179,-78.39663374944777,-0.05213302154377903,0.0035144259175360288,-0.36049861557000656
19.95,22.253139104553277,-0.003775579190207367,139.46123985907323,-0.018884931729913176,6.627372950822738,-37.53350444894718,-0.05213302154377903,0.0035144259175360288,-1.1089229074514961
19.958333333333332,22.28267587417806,-0.003775579190207367,134.09312769722706,-0.018884931729913176,6.28416650470853,-36.89210818599334,-0.05213302154377903,0.0035144259175360288,1.4158596512715644
19.966666666666665,22.342247949470575,-0.003775579190207367,142.3948382345107,-0.019345850117107457,9.735255138537463,-45.56064913109852,-0.05213302154377903,0.0035144259175360288,-0.5657597050029219
19.975,22.280747233403407,-0.003775579190207367,139.46123985907323,-0.019345850117107457,11.568066781680674,-76.49775773493536,-0.05213302154377903,0.0035144259175360288,-1.1089229074514961
19.983333333333334,22.15281407586904,-0.003775579190207367,139.46123985907323,-0.018884931729913176,7.379530564618668,-38.51808505133808,-0.05213302154377903,0.0035144259175360288,-1.1089229074514961
19.991666666666667,22.182350845493822,-0.003775579190207367,139.46123985907323,-0.019345850117107457,6.636915663651391,-37.53350444894718,-0.05213302154377903,0.0035144259175360288,-1.1089229074514961
20.0,22.223668595207087,-0.003775579190207367,134.09312769722706,-0.019345850117107457,6.464213819719186,-36.89210818599334,-0.05213302154377903,0.0035144259175360288,1.4158596512715644
20.008333333333333,22.461256426513692,-0.003775579190207367,142.1931794662281,-0.019345850117107457,9.120161897655871,-40.99085826930011,-0.05213302154377903,0.0035144259175360288,-0.5657597050029219
20.016666666666666,22.23387921772647,0.0010522740260284402,142.04190522855083,-0.0041341630568483105,11.923302633149111,-77.10924082642477,-0.05213302154377903,0.0035144259175360288,-0.36049861557000656
20.025,22.047004030515033,0.0010522740260284402,142.04190522855083,-0.009538122507768174,10.992739747945857,-59.870460462490826,-0.2663794567310664,0.0035144259175360288,0.40624794211025
20.033333333333335,22.182350845493822,-0.003775579190207367,139.46123985907323,-0.019345850117107457,7.109235093132202,-38.51808505133808,-0.05213302154377903,0.0035144259175360288,-1.1089229074514961
20.041666666666668,22.33567434672619,-0.003775579190207367,143.16449284780552,-0.019345850117107457,14.041204857390996,-77.22864100033063,-0.05213302154377903,0.0035144259175360288,-0.6290948017725759
20.05,22.182350845493822,-0.003775579190207367,134.09312769722706,-0.018884931729913176,6.464213819719186,-36.89210818599334,-0.05213302154377903,0.0035144259175360288,1.4158596512715644
20.058333333333334,21.89440460375696,0.0010522740260284402,140.1778773514,-0.04233650930027041,15.428991551650645,-76.45258095773062,-0.3258519769690904,0.0035144259175360288,-1.3091082189164736
20.066666666666666,22.182350845493822,-0.003775579190207367,134.09312769722706,-0.019345850117107457,6.636915663651391,-37.53350444894718,-0.05213302154377903,0.0035144259175360288,1.4158596512715644
20.075,22.32629971062751,-0.003775579190207367,142.1931794662281,-0.019345850117107457,7.466315577684559,-40.466604448309155,-0.05213302154377903,0.0035144259175360288,-0.5657597050029219
20.083333333333332,22.072445734579183,-0.003775579190207367,139.46123985907323,-0.019345850117107457,7.09969238030355,-38.51808505133808,-0.05213302154377903,0.0035144259175360288,-1.1089229074514961
20.091666666666665,22.06076950471122,-0.003775579190207367,139.46123985907323,-0.019345850117107457,7.466315577684559,-39.456957818573166,-0.05213302154377903,0.0035144259175360288,-1.1089229074514961
20.1,22.15281407586904,-0.003775579190207367,139.46123985907323,-0.019345850117107457,7.09969238030355,-38.51808505133808,-0.05213302154377903,0.0035144259175360288,-1.1089229074514961
20.108333333333334,22.075906999714892,0.0010522740260284402,140.1778773514,-0.03811847864228115,15.073365970694722,-76.18954831386576,-0.05213302154377903,0.0035144259175360288,-1.2084750774994175
20.116666666666667,22.543844548111345,-0.003775579190207367,142.1931794662281,-0.019345850117107457,11.667338026226668,-76.62626776346319,-0.05213302154377903,0.0035144259175360288,-0.5657597050029219
20.125,22.355775699780697,0.0010522740260284402,142.79183159303957,-0.019345850117107457,11.927665011286988,-75.71583988840173,-0.05213302154377903,0.0035144259175360288,-0.36049861557000656
20.133333333333333,22.182350845493822,-0.003775579190207367,139.46123985907323,-0.019345850117107457,7.109235093132202,-38.51808505133808,-0.05213302154377903,0.0035144259175360288,-1.1089229074514961
20.141666666666666,22.182350845493822,-0.003775579190207367,139.46123985907323,-0.018884931729913176,6.636915663651391,-37.53350444894718,-0.05213302154377903,0.0035144259175360288,-1.1089229074514961
20.15,22.181178308927873,-0.003775579190207367,134.62768301547203,-0.018884931729913176,5.558979122517545,-36.07093817982741,-0.045574029339243614,0.0035144259175360288,1.4158596512715644
20.158333333333335,22.08100853655066,-0.003775579190207367,139.9957951773182,-0.019345850117107457,7.337493604405132,-38.634525609354796,-0.045574029339243614,0.0035144259175360288,-1.1089229074514961
20.166666666666668,22.399009957975917,-0.003775579190207367,142.72773478447306,-0.019345850117107457,8.950570766000219,-37.79481778943322,-0.045574029339243614,0.0035144259175360288,-0.5657597050029219
20.175,21.867524103951315,0.0010522740260284402,142.04190522855083,-0.009538122507768174,11.88007709689537,-77.89005665306274,-0.25982046452653096,0.0035144259175360288,-0.36049861557000656
20.183333333333334,22.260641455988786,-0.003775579190207367,139.9957951773182,-0.018854323607262413,6.989693546971877,-37.92916243720278,-0.045574029339243614,0.0035144259175360288,-1.1089229074514961
20.191666666666666,22.037525653992837,-0.003775579190207367,139.9957951773182,-0.019345850117107457,8.929563575487633,-37.462802399525636,-0.045574029339243614,0.0035144259175360288,-1.1089229074514961
20.2,21.963232407298356,0.0010522740260284402,139.92300756265098,-0.026922039162557223,13.64283991515588,-74.99502359819456,-0.045574029339243614,0.0035144259175360288,-1.2084750774994175
20.208333333333332,22.00748716350997,-0.003775579190207367,139.9957951773182,-0.019345850117107457,7.351974010631014,-38.38951495420106,-0.045574029339243614,0.0035144259175360288,-1.1089229074514961
20.216666666666665,21.77757093509695,0.0010522740260284402,139.92300756265098,-0.03232599861347709,13.625927164484615,-74.99502359819456,-0.25982046452653096,0.0035144259175360288,-1.2084750774994175
20.225,26.169265234024635,-0.003775579190207367,134.8481181789183,0.6514525214552526,13.68576150988478,-74.0806205257388,0.10202655409400829,6.064687678276593,28.965675499487602
20.233333333333334,23.287646906239303,-0.003775579190207367,101.64944565444087,0.08927842019244542,6.328527968474821,-37.708417702976355,-0.08202659186443291,0.0035144259175360288,25.562110919800862
20.241666666666667,23.795115808667862,-0.003775579190207367,102.71404254751613,0.08927842019244542,8.15395463065161,-38.90880409210215,-0.08724187903240418,0.0035144259175360288,24.723267250706492
20.25,23.700347195752762,-0.003775579190207367,108.23379531624265,0.08927842019244542,9.401267121202672,-46.8207553839839,-0.08724187903240418,0.0035144259175360288,22.90882061609312
20.258333333333333,23.672288370667328,-0.003775579190207367,108.23379531624265,0.08927842019244542,11.533123960426817,-50.25214359859716,-0.08724187903240418,0.0035144259175360288,25.20637029111721
20.266666666666666,23.744974684386108,-0.003775579190207367,102.94996555795906,0.08927842019244542,10.975403120628851,-46.04239925448401,-0.08724187903240418,0.0035144259175360288,22.90882061609312
20.275,23.67529911428974,-0.003775579190207367,108.23379531624265,0.08927842019244542,10.945881557271623,-46.04239925448401,-0.08724187903240418,0.0035144259175360288,22.90882061609312
20.283333333333335,23.65628496703257,-0.003775579190207367,102.71404254751613,0.08927842019244542,6.929168845722436,-37.45909574872932,-0.08724187903240418,0.0035144259175360288,24.370511271224593
20.291666666666668,23.65628496703257,-0.003775579190207367,101.64944565444087,0.08927842019244542,7.199902369399962,-37.45909574872932,-0.08724187903240418,0.0035144259175360288,24.370511271224593
20.3,23.77002276584913,-0.003775579190207367,102.71404254751613,0.08927842019244542,9.354561017473387,-47.08878829754839,-0.08724187903240418,0.0035144259175360288,24.508690795065274
20.308333333333334,23.674721242803265,-0.003775579190207367,108.23379531624265,0.08927842019244542,13.447110569800744,-73.97331111661462,-0.08724187903240418,0.0035144259175360288,25.063190422399128
20.316666666666666,23.795115808667862,-0.003775579190207367,102.71404254751613,0.08927842019244542,8.15395463065161,-38.90880409210215,-0.08724187903240418,0.0035144259175360288,24.723267250706492
20.325,23.795115808667862,-0.003775579190207367,102.71404254751613,0.08927842019244542,8.626274060132427,-40.521585967807596,-0.08724187903240418,0.0035144259175360288,24.723267250706492
20.333333333333332,23.661169208204377,-0.003775579190207367,101.15678021567533,0.08927842019244542,8.15395463065161,-38.90880409210215,1.0411217350182516,0.0035144259175360288,25.42076715674446
20.341666666666665,23.62323827322614,-0.003775579190207367,101.07235517944866,0.08927842019244542,11.124630905987758,-50.70961718764316,1.0411217350182516,0.0035144259175360288,25.55894668058514
20.35,23.661169208204377,-0.003775579190207367,101.15678021567533,0.08927842019244542,8.15395463065161,-38.90880409210215,1.0411217350182516,0.0035144259175360288,25.42076715674446
20.358333333333334,23.661169208204377,-0.003775579190207367,101.15678021567533,0.08927842019244542,8.15395463065161,-38.90880409210215,1.0411217350182516,0.0035144259175360288,25.77352313622636
20.366666666666667,23.661169208204377,-0.003775579190207367,101.15678021567533,0.08927842019244542,8.15395463065161,-38.90880409210215,1.0411217350182516,0.0035144259175360288,25.77352313622636
20.375,23.661169208204377,-0.003775579190207367,101.15678021567533,0.08927842019244542,8.885434245010726,-40.521585967807596,1.0411217350182516,0.0035144259175360288,25.77352313622636
20.383333333333333,23.552406979229236,-0.003775579190207367,106.67653298440185,0.08927842019244542,13.219703785302917,-70.29835046917805,1.0411217350182516,0.0035144259175360288,23.584331496586252
20.391666666666666,23.648286354689162,-0.003775579190207367,101.47712826234492,0.08927842019244542,9.354561017473387,-46.45502111572397,1.0411217350182516,0.0035144259175360288,23.606320522131103
20.4,23.571403414043267,-0.003775579190207367,101.15678021567533,0.08927842019244542,9.560001900776324,-46.402743807617505,1.0411217350182516,0.0035144259175360288,25.55894668058514
20.408333333333335,23.498717100324487,-0.003775579190207367,106.67653298440185,0.08927842019244542,9.770407444838074,-47.00537732180344,1.0411217350182516,0.0035144259175360288,23.959076501613
20.416666666666668,23.511917729614012,-0.003775579190207367,106.11166134339187,0.08927842019244542,7.199902369399962,-37.45909574872932,1.0411217350182516,0.0035144259175360288,25.77352313622636
20.425,23.648286354689162,-0.003775579190207367,101.15678021567533,0.08927842019244542,9.354561017473387,-46.86309632461579,1.0411217350182516,0.0035144259175360288,25.03388042432104
20.433333333333334,23.648286354689162,-0.003775579190207367,101.15678021567533,0.08927842019244542,9.354561017473387,-46.86309632461579,1.0411217350182516,0.0035144259175360288,25.03388042432104
20.441666666666666,23.552984831643297,-0.003775579190207367,106.67653298440185,0.08927842019244542,13.089559406526142,-63.68566568839789,1.0411217350182516,0.0035144259175360288,25.588380051654898
20.45,25.590996310246314,-0.003775579190207367,148.61649886267466,0.1078542553254475,12.522917183699573,-67.15524584842026,1.0223732011002822,-0.06071831810088665,31.07116732792738
20.458333333333332,21.78615641174839,-0.003775579190207367,139.44612029983898,-0.019345850117107457,6.985350813250002,-36.7777036537769,1.0827895847114122,0.0035144259175360288,-0.05421445602203906
20.466666666666665,21.972161246693897,-0.003775579190207367,142.17805990699384,-0.018884931729913176,7.32795089157648,-38.95191502368058,1.0827895847114122,0.0035144259175360288,0.48894874642653247
20.475,21.40136246543744,-0.003775579190207367,139.4798589642645,-0.018393405220068135,4.925965135180884,-36.18178621163496,1.0827895847114122,0.0035144259175360288,-0.05421445602203906
20.483333333333334,21.661912105280432,-0.003775579190207367,139.4798589642645,-0.018393405220068135,4.925965135180884,-36.18178621163496,1.0827895847114122,0.0035144259175360288,-0.05421445602203906
20.491666666666667,21.530871780744956,0.0010522740260284402,140.2144046858749,-0.03194610476807826,11.930978912398114,-67.05464249327319,1.0827895847114122,0.0035144259175360288,1.6717850899767126
20.5,21.85701093108644,-0.003775579190207367,139.44612029983898,-0.018884931729913176,6.522574096597843,-35.86149317432024,1.0827895847114122,0.0035144259175360288,-0.05421445602203906
20.508333333333333,21.85701093108644,-0.003775579190207367,134.0780081379928,-0.018884931729913176,5.978049076177848,-35.82161622558037,1.0827895847114122,0.0035144259175360288,2.470568102701021
20.516666666666666,22.036643850524566,-0.003775579190207367,139.73608032913057,-0.018393405220068135,5.978049076177848,-35.82161622558037,1.0827895847114122,0.0035144259175360288,-0.05421445602203906
20.525,22.036643850524566,-0.003775579190207367,139.73608032913057,-0.018393405220068135,6.150750920110053,-35.86149317432024,1.0827895847114122,0.0035144259175360288,-0.05421445602203906
20.533333333333335,21.972161246693897,-0.003775579190207367,142.46801993628543,-0.019345850117107457,7.351974010631014,-38.26587053374969,1.0827895847114122,0.0035144259175360288,0.48894874642653247
20.541666666666668,21.70663104077761,-0.003775579190207367,139.73608032913057,-0.019345850117107457,7.427731100353921,-37.67984048295574,1.0827895847114122,0.0035144259175360288,-0.05421445602203906
20.55,21.89138530303849,-0.003775579190207367,142.66967870456804,-0.019345850117107457,11.410855621003519,-65.23433832180557,1.0827895847114122,0.0035144259175360288,0.48894874642653247
20.558333333333334,21.857474432602228,-0.003775579190207367,143.43933331786286,-0.02474980956802731,12.425743129954961,-65.37919153640688,0.8685431495241247,0.0035144259175360288,2.0919793805358244
20.566666666666666,22.043015766031946,-0.003775579190207367,142.46801993628543,-0.019345850117107457,6.965670427917343,-38.95191502368058,1.0827895847114122,0.0035144259175360288,0.48894874642653247
20.575,21.777485560115657,-0.003775579190207367,139.73608032913057,-0.019345850117107457,6.965670427917343,-38.365884972886626,1.0827895847114122,0.0035144259175360288,-0.05421445602203906
20.583333333333332,21.40136246543744,-0.003775579190207367,134.3679681672844,-0.018393405220068135,4.783536661495552,-36.18178621163496,1.0827895847114122,0.0035144259175360288,2.470568102701021
20.591666666666665,21.788383265543196,-0.003775579190207367,142.66967870456804,-0.019345850117107457,8.28212122191143,-38.45049247156923,1.0827895847114122,0.0035144259175360288,0.48894874642653247
20.6,21.70663104077761,-0.003775579190207367,139.73608032913057,-0.019345850117107457,7.427731100353921,-38.140192999954024,1.0827895847114122,0.0035144259175360288,-0.05421445602203906
20.608333333333334,22.205893872284967,-0.003775579190207367,142.29591713056988,-0.019345850117107457,9.151129240253088,-42.48949242558869,1.0827895847114122,0.0035144259175360288,0.48894874642653247
20.616666666666667,22.589929733153586,-0.003775579190207367,139.39605741955793,-0.018393405220068135,5.196698658858408,-36.18178621163496,1.0827895847114122,0.0035144259175360288,-0.05421445602203906
20.625,22.185558306839436,-0.003775579190207367,133.99420659328624,-0.018884931729913176,6.094214116654684,-35.82161622558037,1.0827895847114122,0.0035144259175360288,2.470568102701021
20.633333333333333,22.2268760565527,-0.003775579190207367,139.3623187551324,-0.018884931729913176,6.522574096597843,-35.86149317432024,1.0827895847114122,0.0035144259175360288,-0.05421445602203906
20.641666666666666,22.31910569731263,-0.003775579190207367,142.09425836228726,-0.019345850117107457,7.351974010631014,-38.26587053374969,1.0827895847114122,0.0035144259175360288,0.48894874642653247
20.65,22.326063418195215,-0.003775579190207367,142.09425836228726,-0.019345850117107457,7.767820437995709,-38.45049247156923,1.0827895847114122,0.0035144259175360288,0.48894874642653247
20.658333333333335,22.338176854733526,-0.003775579190207367,142.09425836228726,-0.019345850117107457,8.28212122191143,-38.45049247156923,1.0827895847114122,0.0035144259175360288,0.48894874642653247
20.666666666666668,22.31910569731263,-0.003775579190207367,142.09425836228726,-0.019345850117107457,7.351974010631014,-38.26587053374969,1.0827895847114122,0.0035144259175360288,0.48894874642653247
20.675,22.45640730768534,-0.003775579190207367,133.99420659328624,-0.018393405220068135,5.196698658858408,-36.18178621163496,1.0827895847114122,0.0035144259175360288,2.470568102701021
20.683333333333334,22.68791607833163,-0.003775579190207367,139.3623187551324,-0.018393405220068135,5.798001761167193,-36.18178621163496,1.0827895847114122,0.0035144259175360288,-0.05421445602203906
20.691666666666666,21.9412287482342,-0.003775579190207367,133.99420659328624,-0.018884931729913176,4.925965135180884,-35.82161622558037,1.0827895847114122,0.0035144259175360288,2.470568102701021
20.7,22.540217735969946,-0.003775579190207367,139.3623187551324,-0.018393405220068135,5.798001761167193,-36.18178621163496,1.0827895847114122,0.0035144259175360288,0.12445985457216308
20.708333333333332,21.62352924854202,-0.003775579190207367,139.39605741955793,-0.018393405220068135,4.925965135180884,-36.18178621163496,1.0827895847114122,0.0035144259175360288,0.12445985457216308
20.716666666666665,22.282619653259655,-0.003775579190207367,142.09425836228726,-0.019345850117107457,10.077242913105245,-50.93699226971253,1.0827895847114122,0.0035144259175360288,0.6676230570207347
20.725,22.04662621696815,-0.003775579190207367,139.3623187551324,-0.019345850117107457,8.932322503652014,-37.2134804452786,1.0827895847114122,0.0035144259175360288,0.12445985457216308
20.733333333333334,22.540217735969946,-0.003775579190207367,139.3623187551324,-0.018854323607262413,6.623070349590865,-37.13787363983149,1.0827895847114122,0.0035144259175360288,0.12445985457216308
20.741666666666667,22.281311331919234,-0.003775579190207367,142.29591713056988,-0.018854323607262413,6.989693546971877,-38.726223050747976,1.0827895847114122,0.0035144259175360288,0.6676230570207347
20.75,22.805747941886235,-0.003775579190207367,142.09425836228726,-0.018854323607262413,6.623070349590865,-37.13787363983149,1.0827895847114122,0.0035144259175360288,0.6676230570207347
20.758333333333333,22.805747941886235,-0.003775579190207367,142.09425836228726,-0.018393405220068135,6.150750920110053,-36.221663160374824,1.0827895847114122,0.0035144259175360288,0.6676230570207347
20.766666666666666,22.308708965323657,-0.003775579190207367,133.99420659328624,-0.018393405220068135,5.196698658858408,-36.18178621163496,1.0827895847114122,0.0035144259175360288,2.6492424132952235
20.775,22.540217735969946,-0.003775579190207367,139.3623187551324,-0.018393405220068135,5.798001761167193,-36.18178621163496,1.0827895847114122,0.0035144259175360288,0.12445985457216308
20.783333333333335,22.20094412457573,-0.003775579190207367,142.09425836228726,-0.019345850117107457,7.337493604405132,-38.726223050747976,1.0827895847114122,0.0035144259175360288,0.6676230570207347
20.791666666666668,21.313605054261863,-0.003775579190207367,139.3623187551324,-0.018884931729913176,6.150750920110053,-35.86149317432024,1.0827895847114122,0.0035144259175360288,0.12445985457216308
20.8,20.781411876792536,-0.003775579190207367,139.39605741955793,-0.018393405220068135,4.325324257933269,-36.18178621163496,1.0827895847114122,0.0035144259175360288,0.12445985457216308
20.808333333333334,20.781411876792536,-0.003775579190207367,134.63394879102378,-0.018393405220068135,4.325324257933269,-36.18178621163496,1.0827895847114122,0.0035144259175360288,2.6492424132952235
20.816666666666666,20.781411876792536,-0.003775579190207367,134.63394879102378,-0.018393405220068135,4.325324257933269,-36.18178621163496,1.0827895847114122,0.0035144259175360288,2.6492424132952235
20.825,21.176798979612872,-0.003775579190207367,142.09425836228726,-0.019345850117107457,8.977039846553362,-41.271169642826884,1.0827895847114122,0.0035144259175360288,0.6676230570207347
20.833333333333332,21.092958318084392,-0.003775579190207367,142.09425836228726,-0.019345850117107457,8.932322503652014,-37.79951049607255,1.0827895847114122,0.0035144259175360288,0.6676230570207347
20.841666666666665,23.981027596017768,-0.003775579190207367,136.93297965807065,0.6338144738345396,12.091031564970223,-44.11151602849019,1.3706762219660649,6.0453219526213395,-7.114226869887839
20.85,21.663706624994234,-0.003775579190207367,91.55710758484385,0.10191157464363274,6.786740372037104,-37.45909574872932,1.0463370221862225,0.0035144259175360288,82.15072315818627
20.858333333333334,22.17462605187055,-0.003775579190207367,101.07297867096871,0.0889225034940505,7.981252786719403,-37.45909574872932,1.0411217350182516,0.0035144259175360288,25.5775652699382
20.866666666666667,22.061361711375437,-0.003775579190207367,107.32837970220345,0.0889225034940505,13.370737946421583,-40.389372904895076,1.0411217350182516,0.0035144259175360288,25.388118287905936
20.875,22.06193958286191,-0.003775579190207367,101.3933267176383,0.0889225034940505,11.124630905987758,-49.75323348046763,1.0411217350182516,0.0035144259175360288,25.53129815662402
20.883333333333333,21.505635509419594,-0.003775579190207367,107.09245669176052,0.0889225034940505,7.725594650708449,-37.45909574872932,1.0411217350182516,0.0035144259175360288,22.79326933902684
20.891666666666666,21.375310673496188,-0.003775579190207367,91.55710758484385,0.10191157464363274,7.199902369399962,-37.45909574872932,1.0463370221862225,0.0035144259175360288,79.59384554133315
20.9,21.003222088255164,-0.003775579190207367,91.55710758484385,0.10191157464363274,6.204715782071047,-37.45909574872932,1.0463370221862225,0.0035144259175360288,79.59384554133315
20.908333333333335,21.505635509419594,-0.003775579190207367,100.00838177789345,0.10191157464363274,7.801205471708747,-37.45909574872932,1.0411217350182516,0.0035144259175360288,22.59092571930057
20.916666666666668,21.505635509419594,-0.003775579190207367,107.09245669176052,0.0889225034940505,8.15395463065161,-38.90880409210215,1.0411217350182516,0.0035144259175360288,22.79326933902684
20.925,21.47284272467926,-0.003775579190207367,106.59273143969523,0.0889225034940505,9.65607436667868,-42.721394829828164,1.0411217350182516,0.0035144259175360288,24.69179592125484
20.933333333333334,21.003222088255164,-0.003775579190207367,91.55710758484385,0.10191157464363274,6.929168845722436,-37.45909574872932,1.0463370221862225,0.0035144259175360288,79.59384554133315
20.941666666666666,21.505635509419594,-0.003775579190207367,101.07297867096871,0.0889225034940505,8.15395463065161,-38.90880409210215,1.0411217350182516,0.0035144259175360288,22.79326933902684
20.95,21.505635509419594,-0.003775579190207367,101.07297867096871,0.0889225034940505,8.626274060132427,-40.521585967807596,1.0411217350182516,0.0035144259175360288,22.44051335954494
20.958333333333332,21.003222088255164,-0.003775579190207367,91.55710758484385,0.10191157464363274,6.328527968474821,-37.45909574872932,1.0463370221862225,0.0035144259175360288,79.59384554133315
20.966666666666665,21.505635509419594,-0.003775579190207367,100.00838177789345,0.10191157464363274,7.725594650708449,-37.45909574872932,1.0463370221862225,0.0035144259175360288,23.17110001284072
20.975,21.46983198105685,-0.003775579190207367,102.17368751985309,0.0889225034940505,9.354561017473387,-41.753027047382304,1.0411217350182516,0.0035144259175360288,22.225936903903722
20.983333333333334,21.505635509419594,-0.003775579190207367,102.17368751985309,0.0889225034940505,7.801205471708747,-37.45909574872932,1.0411217350182516,0.0035144259175360288,22.44051335954494
20.991666666666667,21.593627955942186,-0.003775579190207367,121.36419255832082,0.14716853760083234,11.494451106812813,-30.127222772944656,1.1991785593653062,-0.08931620841547583,50.450546130640674
21.0,21.41577724268341,-0.003775579190207367,139.4554401496552,-0.018393405220068135,5.798001761167193,-36.18178621163496,1.0827895847114122,0.0035144259175360288,-1.5219425132365514
21.008333333333333,21.1026861111428,-0.003775579190207367,139.4554401496552,-0.018393405220068135,5.798001761167193,-36.18178621163496,1.0827895847114122,0.0035144259175360288,-1.5219425132365514
21.016666666666666,21.41577724268341,-0.003775579190207367,139.4554401496552,-0.018393405220068135,5.722390940166894,-36.18178621163496,1.0827895847114122,0.0035144259175360288,-1.5219425132365514
21.025,20.431050049147043,-0.003775579190207367,134.72707018554658,-0.018393405220068135,4.346630318544825,-36.18178621163496,1.0827895847114122,0.0035144259175360288,1.01535819325544
21.033333333333335,21.1026861111428,-0.003775579190207367,139.4554401496552,-0.018854323607262413,6.623070349590865,-37.13787363983149,1.0827895847114122,0.0035144259175360288,-1.5219425132365514
21.041666666666668,20.431050049147043,-0.003775579190207367,134.72707018554658,-0.018393405220068135,4.325324257933269,-36.18178621163496,1.0827895847114122,0.0035144259175360288,1.0028400454865083
21.05,20.852291175086172,-0.003775579190207367,143.1586931383875,-0.019345850117107457,7.4055399743365635,-35.07014488875112,1.0827895847114122,0.0035144259175360288,-0.7735182213550631
21.058333333333334,20.852291175086172,-0.003775579190207367,142.18737975681006,-0.019345850117107457,7.337493604405132,-35.571567440862474,1.0827895847114122,0.0035144259175360288,-0.978779310787979
21.066666666666666,21.26376702223738,-0.003775579190207367,139.4554401496552,-0.018393405220068135,5.978049076177848,-35.300862823368405,1.0827895847114122,0.0035144259175360288,-1.5219425132365514
21.075,21.013372086180755,-0.003775579190207367,142.38903852509267,-0.019345850117107457,8.957586546783658,-27.561418253625742,1.0827895847114122,0.0035144259175360288,-0.978779310787979
21.083333333333332,21.47887180859995,-0.003775579190207367,139.48917881408073,-0.018393405220068135,5.196698658858408,-35.300862823368405,1.0827895847114122,0.0035144259175360288,-1.5219425132365514
21.091666666666665,21.576858153777994,-0.003775579190207367,142.2211184212356,-0.018393405220068135,6.150750920110053,-35.50930381018229,1.0827895847114122,0.0035144259175360288,-0.978779310787979
21.1,21.47887180859995,-0.003775579190207367,139.48917881408073,-0.018393405220068135,5.3517515057929534,-35.300862823368405,1.0827895847114122,0.0035144259175360288,-1.5219425132365514
21.108333333333334,21.576858153777994,-0.003775579190207367,139.48917881408073,-0.018393405220068135,5.798001761167193,-35.300862823368405,1.0827895847114122,0.0035144259175360288,-1.5219425132365514
21.116666666666667,21.115818131999067,-0.003775579190207367,139.4554401496552,-0.018884931729913176,5.722390940166894,-35.300862823368405,1.0827895847114122,0.0035144259175360288,-1.5219425132365514
21.125,21.013372086180755,-0.003775579190207367,142.18737975681006,-0.018854323607262413,8.780799663833127,-31.779422471173877,1.0827895847114122,0.0035144259175360288,-0.978779310787979
21.133333333333333,21.295451051437194,-0.003775579190207367,139.4554401496552,-0.018854323607262413,6.577865625670482,-35.36706106058515,1.0827895847114122,0.0035144259175360288,-1.5219425132365514
21.141666666666666,21.115818131999067,-0.003775579190207367,139.4554401496552,-0.018884931729913176,5.798001761167193,-35.300862823368405,1.0827895847114122,0.0035144259175360288,-1.5219425132365514
21.15,21.28636936620534,-0.003775579190207367,142.38903852509267,-0.018854323607262413,8.50887637444268,-27.561418253625742,1.0827895847114122,0.0035144259175360288,-0.978779310787979
21.158333333333335,20.64520746063509,-0.003775579190207367,139.48917881408073,-0.018393405220068135,4.971013215333346,-35.116617467247764,1.0827895847114122,0.0035144259175360288,-1.50942436546762
21.166666666666668,21.59946049774595,-0.003775579190207367,142.18737975681006,-0.018854323607262413,6.965670427917343,-33.99599817377121,1.0827895847114122,0.0035144259175360288,-0.978779310787979
21.175,20.702644331277565,0.0010522740260284402,142.33186525784242,-0.0041341630568483105,11.234882393929045,-25.60339327222596,1.0827895847114122,0.0035144259175360288,-1.0421144075576334
21.183333333333334,21.26376702223738,-0.003775579190207367,139.4554401496552,-0.018854323607262413,6.150750920110053,-35.32505845406165,1.0827895847114122,0.0035144259175360288,-1.5219425132365514
21.191666666666666,20.97205433646749,-0.003775579190207367,139.4554401496552,-0.019345850117107457,7.337493604405132,-33.97667949155008,1.0827895847114122,0.0035144259175360288,-1.5219425132365514
21.2,21.115818131999067,-0.003775579190207367,139.4554401496552,-0.019345850117107457,6.349872252665638,-35.116617467247764,1.0827895847114122,0.0035144259175360288,-1.5219425132365514
21.208333333333332,21.576858153777994,-0.003775579190207367,142.2211184212356,-0.018393405220068135,5.978049076177848,-35.116617467247764,1.0827895847114122,0.0035144259175360288,-0.978779310787979
21.216666666666665,21.26376702223738,-0.003775579190207367,139.4554401496552,-0.018393405220068135,5.978049076177848,-35.116617467247764,1.0827895847114122,0.0035144259175360288,-1.5219425132365514
21.225,20.668675672061955,-0.003775579190207367,139.48917881408073,-0.018393405220068135,4.804842722107109,-35.116617467247764,1.0827895847114122,0.0035144259175360288,-1.50942436546762
21.233333333333334,21.115818131999067,-0.003775579190207367,139.4554401496552,-0.019345850117107457,6.150750920110053,-35.32505845406165,1.0827895847114122,0.0035144259175360288,-1.5219425132365514
21.241666666666667,21.576858153777994,-0.003775579190207367,139.4554401496552,-0.018393405220068135,5.978049076177848,-35.116617467247764,1.0827895847114122,0.0035144259175360288,-1.5219425132365514
21.25,21.26376702223738,-0.003775579190207367,140.20475131729734,-0.018854323607262413,6.827151444183076,-35.18281570446451,1.0827895847114122,0.0035144259175360288,-1.5219425132365514
21.258333333333333,20.94369791812023,-0.003775579190207367,143.1383496927348,-0.019345850117107457,10.110995214072101,-26.44248032908842,1.0827895847114122,0.0035144259175360288,-0.978779310787979
21.266666666666666,21.35385538884359,-0.003775579190207367,140.20475131729734,-0.018393405220068135,4.925965135180884,-35.116617467247764,1.0827895847114122,0.0035144259175360288,-1.5219425132365514
21.275,20.64520746063509,-0.003775579190207367,140.23848998172286,-0.018393405220068135,5.094825401737121,-35.116617467247764,1.0827895847114122,0.0035144259175360288,-1.50942436546762
21.283333333333335,20.942517566842707,-0.003775579190207367,142.9366909244522,-0.019345850117107457,7.633171983656859,-33.516326974551795,1.0827895847114122,0.0035144259175360288,-0.978779310787979
21.291666666666668,21.576858153777994,-0.003775579190207367,140.20475131729734,-0.018393405220068135,6.150750920110053,-35.32505845406165,1.0827895847114122,0.0035144259175360288,-1.5219425132365514
21.3,21.576858153777994,-0.003775579190207367,140.20475131729734,-0.018393405220068135,5.978049076177848,-35.116617467247764,1.0827895847114122,0.0035144259175360288,-1.5219425132365514
21.308333333333334,20.668675672061955,-0.003775579190207367,140.23848998172286,-0.018393405220068135,4.346630318544825,-35.116617467247764,1.0827895847114122,0.0035144259175360288,-1.50942436546762
21.316666666666666,20.668675672061955,-0.003775579190207367,140.23848998172286,-0.018393405220068135,4.925965135180884,-35.116617467247764,1.0827895847114122,0.0035144259175360288,-1.50942436546762
21.325,20.592130960241626,-0.003775579190207367,135.4763813531887,-0.018393405220068135,4.325324257933269,-35.116617467247764,1.0827895847114122,0.0035144259175360288,1.01535819325544
21.333333333333332,21.26376702223738,-0.003775579190207367,140.20475131729734,-0.018854323607262413,6.623070349590865,-35.18281570446451,1.0827895847114122,0.0035144259175360288,-1.5219425132365514
21.341666666666665,20.64520746063509,-0.003775579190207367,142.97042958887772,-0.018393405220068135,5.094825401737121,-35.116617467247764,1.0827895847114122,0.0035144259175360288,-0.6660828629348423
21.35,21.115818131999067,-0.003775579190207367,140.20475131729734,-0.019345850117107457,6.150750920110053,-35.32505845406165,1.0827895847114122,0.0035144259175360288,-1.004996528794485
21.358333333333334,21.115818131999067,-0.003775579190207367,140.20475131729734,-0.018884931729913176,5.978049076177848,-35.116617467247764,1.0827895847114122,0.0035144259175360288,-1.004996528794485
21.366666666666667,20.694777401012974,-0.003775579190207367,140.23848998172286,-0.018393405220068135,4.804842722107109,-35.116617467247764,1.0827895847114122,0.0035144259175360288,-1.2092460653834147
21.375,20.64520746063509,-0.003775579190207367,140.23848998172286,-0.018393405220068135,5.094825401737121,-35.116617467247764,1.0827895847114122,0.0035144259175360288,-1.2092460653834147
21.383333333333333,21.576858153777994,-0.003775579190207367,140.20475131729734,-0.018393405220068135,5.798001761167193,-35.116617467247764,1.0827895847114122,0.0035144259175360288,-1.221764213152347
21.391666666666666,20.64520746063509,-0.003775579190207367,140.23848998172286,-0.018393405220068135,5.094825401737121,-35.116617467247764,1.0827895847114122,0.0035144259175360288,-1.2092460653834147
21.4,21.26376702223738,-0.003775579190207367,140.20475131729734,-0.018393405220068135,5.978049076177848,-35.116617467247764,1.0827895847114122,0.0035144259175360288,-1.221764213152347
21.408333333333335,21.35385538884359,-0.003775579190207367,142.97042958887772,-0.018393405220068135,5.218004719469965,-35.116617467247764,1.0827895847114122,0.0035144259175360288,-0.6660828629348423
21.416666666666668,20.592130960241626,-0.003775579190207367,140.23848998172286,-0.018393405220068135,4.346630318544825,-35.116617467247764,1.0827895847114122,0.0035144259175360288,-1.2092460653834147
21.425,21.193005005618883,-0.003775579190207367,143.1383496927348,-0.018854323607262413,8.246119706914731,-27.862880626795796,1.0827895847114122,0.0035144259175360288,-0.6786010107037741
21.433333333333334,20.929225311904947,-0.003775579190207367,135.4426426887632,-0.018393405220068135,4.925965135180884,-35.116617467247764,1.0827895847114122,0.0035144259175360288,1.0513075377139494
21.441666666666666,20.69155406161049,-0.003775579190207367,142.97042958887772,-0.018393405220068135,4.8842667999054745,-35.116617467247764,1.0827895847114122,0.0035144259175360288,-0.9177936707916057
21.45,20.592130960241626,-0.003775579190207367,135.4426426887632,-0.018393405220068135,4.325324257933269,-35.116617467247764,1.0827895847114122,0.0035144259175360288,1.0513075377139494
21.458333333333332,21.47887180859995,-0.003775579190207367,140.23848998172286,-0.018854323607262413,5.3517515057929534,-35.116617467247764,1.0827895847114122,0.0035144259175360288,-1.4734750210091099
21.466666666666665,21.576858153777994,-0.003775579190207367,142.97042958887772,-0.018854323607262413,6.827151444183076,-35.18281570446451,1.0827895847114122,0.0035144259175360288,-0.930311818560537
21.475,20.93859817320924,-0.003775579190207367,142.9366909244522,-0.019345850117107457,10.584567852196006,-26.823123996143927,1.0827895847114122,0.0035144259175360288,-1.1584252293930055
21.483333333333334,20.69155406161049,-0.003775579190207367,140.23848998172286,-0.018393405220068135,4.8842667999054745,-35.116617467247764,1.0827895847114122,0.0035144259175360288,-1.4609568732401785
21.491666666666667,21.35385538884359,-0.003775579190207367,140.23848998172286,-0.018393405220068135,4.925965135180884,-35.116617467247764,1.0827895847114122,0.0035144259175360288,-1.4734750210091099
21.5,20.668675672061955,-0.003775579190207367,140.23848998172286,-0.018393405220068135,4.346630318544825,-35.116617467247764,1.0827895847114122,0.0035144259175360288,-1.4609568732401785
21.508333333333333,21.47887180859995,-0.003775579190207367,140.23848998172286,-0.018393405220068135,5.196698658858408,-35.116617467247764,1.0827895847114122,0.0035144259175360288,-1.4609568732401785
21.516666666666666,21.576858153777994,-0.003775579190207367,142.9366909244522,-0.018854323607262413,6.150750920110053,-35.32505845406165,1.0827895847114122,0.0035144259175360288,-0.930311818560537
21.525,21.28636936620534,0.2609979561099104,143.1383496927348,-0.018854323607262413,6.965670427917343,-33.97667949155008,1.0827895847114122,0.0035144259175360288,-0.930311818560537
21.533333333333335,21.576858153777994,0.2609979561099104,140.23848998172286,-0.018393405220068135,5.722390940166894,-35.116617467247764,1.0827895847114122,0.0035144259175360288,-1.4734750210091099
21.541666666666668,21.576858153777994,0.2609979561099104,143.74008420217254,-0.018393405220068135,6.17205698072161,-35.32505845406165,1.0827895847114122,0.0035144259175360288,-0.7125325813586898
21.55,21.576858153777994,0.2609979561099104,142.9366909244522,-0.018393405220068135,5.798001761167193,-35.116617467247764,1.0827895847114122,0.0035144259175360288,-0.930311818560537
21.558333333333334,20.64520746063509,0.2609979561099104,142.97042958887772,-0.018393405220068135,5.094825401737121,-35.116617467247764,1.0827895847114122,0.0035144259175360288,-0.9177936707916057
21.566666666666666,21.576858153777994,0.2609979561099104,140.20475131729734,-0.018854323607262413,6.150750920110053,-35.32505845406165,1.0827895847114122,0.0035144259175360288,-1.4734750210091099
21.575,21.013372086180755,0.2609979561099104,143.1383496927348,-0.019345850117107457,7.4055399743365635,-33.70094891237133,1.0827895847114122,0.0035144259175360288,-1.1584252293930055
21.583333333333332,20.668675672061955,0.2609979561099104,140.23848998172286,-0.018393405220068135,4.783536661495552,-35.116617467247764,1.0827895847114122,0.0035144259175360288,-1.4734750210091099
21.591666666666665,21.59946049774595,0.2609979561099104,143.1383496927348,-0.018854323607262413,7.707913461886324,-33.049966936874654,1.0827895847114122,0.0035144259175360288,-1.1584252293930055
21.6,20.64520746063509,0.2609979561099104,142.97042958887772,-0.018393405220068135,5.094825401737121,-35.116617467247764,1.0827895847114122,0.0035144259175360288,-0.9177936707916057
21.608333333333334,23.63066956556923,0.2609979561099104,142.73945964798355,0.7476230228388394,8.359587525563983,-25.911612305879125,0.7003135392520099,6.0453219526213395,-6.900961437111688
21.616666666666667,21.164302999349747,0.2609979561099104,93.40712760137035,0.10191157464363274,6.328527968474821,-36.17871840616259,1.0463370221862225,0.0035144259175360288,79.81299063236406
21.625,21.666716420514177,0.2609979561099104,94.47172449444561,0.10191157464363274,7.981252786719403,-36.17871840616259,1.0411217350182516,0.0035144259175360288,79.81299063236406
21.633333333333333,21.666716420514177,0.2609979561099104,94.47172449444561,0.10191157464363274,7.981252786719403,-36.17871840616259,1.0411217350182516,0.0035144259175360288,79.81299063236406
21.641666666666666,21.164302999349747,0.2609979561099104,144.75191736982055,0.10191157464363274,6.117969366643176,-36.17871840616259,1.0463370221862225,0.0035144259175360288,33.59589366849782
21.65,21.666716420514177,0.2609979561099104,102.92299868749522,0.0889225034940505,8.626274060132427,-36.244916643379334,1.0411217350182516,0.0035144259175360288,23.239832744116015
21.658333333333335,21.666716420514177,0.2609979561099104,101.85840179441996,0.0889225034940505,7.981252786719403,-36.17871840616259,1.0411217350182516,0.0035144259175360288,23.239832744116015
21.666666666666668,21.164302999349747,0.2609979561099104,93.40712760137035,0.10191157464363274,6.328527968474821,-36.17871840616259,1.0463370221862225,0.0035144259175360288,79.81299063236406
21.675,21.53639158459077,0.2609979561099104,93.40712760137035,0.10191157464363274,7.199902369399962,-36.17871840616259,1.0463370221862225,0.0035144259175360288,79.81299063236406
21.683333333333334,21.164302999349747,0.2609979561099104,93.40712760137035,0.10191157464363274,6.328527968474821,-36.17871840616259,1.0463370221862225,0.0035144259175360288,79.81299063236406
21.691666666666666,21.666716420514177,0.2609979561099104,94.47172449444561,0.10191157464363274,8.626274060132427,-36.244916643379334,1.0411217350182516,0.0035144259175360288,79.81299063236406
21.7,21.666716420514177,0.2609979561099104,102.92299868749522,0.0889225034940505,7.981252786719403,-36.17871840616259,1.0411217350182516,0.0035144259175360288,23.239832744116015
21.708333333333332,21.164302999349747,0.2609979561099104,93.40712760137035,0.10191157464363274,6.328527968474821,-36.17871840616259,1.0463370221862225,0.0035144259175360288,79.81299063236406
21.716666666666665,21.164302999349747,0.2609979561099104,93.40712760137035,0.10191157464363274,6.328527968474821,-36.17871840616259,1.0463370221862225,0.0035144259175360288,79.81299063236406
21.725,21.164302999349747,0.2609979561099104,93.40712760137035,0.10191157464363274,6.328527968474821,-36.17871840616259,1.0463370221862225,0.0035144259175360288,79.81299063236406
21.733333333333334,21.630912892151432,0.2609979561099104,102.92299868749522,0.0889225034940505,9.26992926041844,-38.06778396414657,1.0411217350182516,0.0035144259175360288,23.025256288474797
21.741666666666667,21.164302999349747,0.2609979561099104,93.40712760137035,0.10191157464363274,6.328527968474821,-36.17871840616259,1.0411217350182516,0.0035144259175360288,79.81299063236406
21.75,21.164302999349747,0.2609979561099104,144.75191736982055,0.10191157464363274,6.328527968474821,-36.17871840616259,1.0463370221862225,0.0035144259175360288,33.59589366849782
21.758333333333333,21.630912892151432,0.2609979561099104,94.79207254111522,0.0889225034940505,10.446862884173466,-33.375782519868665,1.0411217350182516,0.0035144259175360288,79.03544176897988
21.766666666666666,21.164302999349747,0.2609979561099104,144.75191736982055,0.10191157464363274,6.328527968474821,-36.17871840616259,1.0463370221862225,0.0035144259175360288,33.59589366849782
21.775,21.666716420514177,0.2609979561099104,102.92299868749522,0.0889225034940505,8.626274060132427,-36.244916643379334,1.0411217350182516,0.0035144259175360288,23.239832744116015
21.783333333333335,21.164302999349747,0.2609979561099104,144.75191736982055,0.10191157464363274,6.328527968474821,-36.17871840616259,1.0463370221862225,0.0035144259175360288,33.59589366849782
21.791666666666668,21.615199397701808,0.2609979561099104,93.40712760137035,0.10191157464363274,7.199902369399962,-36.17871840616259,1.0463370221862225,0.0035144259175360288,79.81299063236406
21.8,21.164302999349747,0.2609979561099104,144.75191736982055,0.10191157464363274,6.117969366643176,-36.17871840616259,1.0463370221862225,0.0035144259175360288,33.59589366849782
21.808333333333334,21.666716420514177,0.2609979561099104,94.47172449444561,0.10191157464363274,7.801205471708747,-36.17871840616259,1.0411217350182516,0.0035144259175360288,79.81299063236406
21.816666666666666,23.276554368227565,0.2609979561099104,121.9393710668182,0.34426116793115225,8.436890428211028,-25.357159566883812,0.6342248522478003,-0.244842218638449,73.10234310119388
21.825,21.59946049774595,0.2609979561099104,142.97042958887772,-0.018854323607262413,6.989693546971877,-33.516326974551795,1.0827895847114122,0.0035144259175360288,-0.930311818560537
21.833333333333332,20.592130960241626,0.2609979561099104,135.4763813531887,-0.018393405220068135,4.325324257933269,-35.116617467247764,1.0827895847114122,0.0035144259175360288,1.0638256854828811
21.841666666666665,20.69155406161049,0.2609979561099104,142.97042958887772,-0.018393405220068135,4.971013215333346,-35.116617467247764,1.0827895847114122,0.0035144259175360288,-0.9177936707916057
21.85,21.576858153777994,0.2609979561099104,142.97042958887772,-0.018393405220068135,5.743697000778451,-35.116617467247764,1.0827895847114122,0.0035144259175360288,-0.9177936707916057
21.858333333333334,21.35385538884359,0.2609979561099104,142.97042958887772,-0.018393405220068135,5.196698658858408,-35.116617467247764,1.0827895847114122,0.0035144259175360288,-0.9177936707916057
21.866666666666667,20.69155406161049,0.2609979561099104,142.97042958887772,-0.018393405220068135,5.094825401737121,-35.116617467247764,1.0827895847114122,0.0035144259175360288,-0.9177936707916057
21.875,21.193005005618883,0.2609979561099104,142.9366909244522,-0.018854323607262413,7.4055399743365635,-33.70094891237133,1.0827895847114122,0.0035144259175360288,-1.1584252293930055
21.883333333333333,20.930578625559345,0.2609979561099104,142.97042958887772,-0.018393405220068135,4.971013215333346,-35.116617467247764,1.0827895847114122,0.0035144259175360288,-0.9177936707916057
21.891666666666666,20.592130960241626,0.2609979561099104,140.23848998172286,-0.018393405220068135,4.245947075079753,-35.116617467247764,1.0827895847114122,0.0035144259175360288,-1.4609568732401785
21.9,20.929225311904947,0.2609979561099104,142.97042958887772,-0.018393405220068135,4.8465879523273685,-35.116617467247764,1.0827895847114122,0.0035144259175360288,-0.9177936707916057
21.908333333333335,20.668675672061955,0.2609979561099104,142.97042958887772,-0.018393405220068135,4.1744304992419154,-35.116617467247764,1.0827895847114122,0.0035144259175360288,-0.9177936707916057
21.916666666666668,21.576858153777994,0.2609979561099104,142.97042958887772,-0.018393405220068135,5.898671893324333,-35.116617467247764,1.0827895847114122,0.0035144259175360288,-0.930311818560537
21.925,20.721752172455417,0.2609979561099104,142.97042958887772,-0.018393405220068135,5.594783035519664,-35.116617467247764,1.0827895847114122,0.0035144259175360288,-0.9177936707916057
21.933333333333334,21.576858153777994,0.2609979561099104,142.97042958887772,-0.018393405220068135,5.643013757313379,-35.116617467247764,1.0827895847114122,0.0035144259175360288,-0.9177936707916057
21.941666666666666,21.576858153777994,0.2609979561099104,142.97042958887772,-0.018393405220068135,5.647108002475839,-35.116617467247764,1.0827895847114122,0.0035144259175360288,-0.9177936707916057
21.95,20.930578625559345,0.2609979561099104,142.97042958887772,-0.018393405220068135,4.783583556440402,-35.116617467247764,1.0827895847114122,0.0035144259175360288,-0.9177936707916057
21.958333333333332,21.576858153777994,0.2609979561099104,142.97042958887772,-0.018854323607262413,6.5436931667373495,-35.18281570446451,1.0827895847114122,0.0035144259175360288,-0.9177936707916057
21.966666666666665,20.930578625559345,0.2609979561099104,142.97042958887772,-0.018393405220068135,4.994142158272049,-35.116617467247764,1.0827895847114122,0.0035144259175360288,-0.9177936707916057
21.975,21.576858153777994,0.2609979561099104,142.97042958887772,-0.018393405220068135,5.718624578313677,-35.116617467247764,1.0827895847114122,0.0035144259175360288,-0.9177936707916057
21.983333333333334,20.64520746063509,0.2609979561099104,142.97042958887772,-0.018393405220068135,4.994142158272049,-35.116617467247764,1.0827895847114122,0.0035144259175360288,-0.9177936707916057
21.991666666666667,20.929225311904947,0.2609979561099104,140.23848998172286,-0.018393405220068135,4.8465879523273685,-35.116617467247764,1.0827895847114122,0.0035144259175360288,-1.4734750210091099
22.0,20.668675672061955,0.2609979561099104,140.23848998172286,-0.018393405220068135,4.245947075079753,-35.116617467247764,1.0827895847114122,0.0035144259175360288,-1.4734750210091099
22.008333333333333,20.64520746063509,0.2609979561099104,140.23848998172286,-0.018393405220068135,4.994142158272049,-35.116617467247764,1.0827895847114122,0.0035144259175360288,-1.4609568732401785
22.016666666666666,21.59946049774595,0.2609979561099104,142.97042958887772,-0.018854323607262413,6.9231115197533,-33.516326974551795,1.0827895847114122,0.0035144259175360288,-0.930311818560537
22.025,20.64520746063509,0.2609979561099104,142.97042958887772,-0.018393405220068135,4.994142158272049,-35.116617467247764,1.0827895847114122,0.0035144259175360288,-0.9177936707916057
22.033333333333335,21.35385538884359,0.2609979561099104,140.23848998172286,-0.018393405220068135,5.117321476004893,-35.116617467247764,1.0827895847114122,0.0035144259175360288,-1.4734750210091099
22.041666666666668,21.59946049774595,0.2609979561099104,143.1383496927348,-0.018854323607262413,6.8764054160240144,-33.97667949155008,1.0827895847114122,0.0035144259175360288,-0.930311818560537
22.05,21.35385538884359,0.2609979561099104,140.23848998172286,-0.018393405220068135,5.117321476004893,-35.116617467247764,1.0827895847114122,0.0035144259175360288,-1.4734750210091099
22.058333333333334,20.9497322779661,0.2791299656685378,143.74008420217254,-0.018393405220068135,4.481678585237841,-35.116617467247764,1.0827895847114122,0.0035144259175360288,-0.7074217917585262
22.066666666666666,20.9497322779661,0.27811049196953247,142.97042958887772,-0.018393405220068135,4.619400651883747,-35.116617467247764,1.0827895847114122,0.0035144259175360288,-0.912682881191442
22.075,21.013372086180755,0.2609979561099104,142.9366909244522,-0.019345850117107457,7.29493469624109,-33.516326974551795,1.0827895847114122,0.0035144259175360288,-0.930311818560537
22.083333333333332,20.721752172455417,0.2609979561099104,142.97042958887772,-0.018393405220068135,4.994142158272049,-35.116617467247764,1.0827895847114122,0.0035144259175360288,-0.9177936707916057
22.091666666666665,20.592130960241626,0.2609979561099104,140.23848998172286,-0.018393405220068135,4.245947075079753,-35.116617467247764,1.0827895847114122,0.0035144259175360288,-1.4609568732401785
22.1,20.64520746063509,0.2609979561099104,140.23848998172286,-0.018393405220068135,4.994142158272049,-35.116617467247764,1.0827895847114122,0.0035144259175360288,-1.4609568732401785
22.108333333333334,20.9497322779661,0.2791299656685378,143.74008420217254,-0.018393405220068135,4.48786658589742,-35.116617467247764,1.0827895847114122,0.0035144259175360288,-0.7074217917585262
22.116666666666667,20.592130960241626,0.2609979561099104,140.23848998172286,-0.018393405220068135,4.245947075079753,-35.116617467247764,1.0827895847114122,0.0035144259175360288,-1.4609568732401785
22.125,20.973234687745013,0.2609979561099104,143.6066224564299,-0.019345850117107457,8.658842717828175,-26.44248032908842,1.0827895847114122,0.0035144259175360288,-1.2217603261626595
22.133333333333333,20.668675672061955,0.2609979561099104,135.4763813531887,-0.018393405220068135,4.245947075079753,-35.116617467247764,1.0827895847114122,0.0035144259175360288,1.0513075377139494
22.141666666666666,21.35385538884359,0.2609979561099104,142.97042958887772,-0.018393405220068135,5.117321476004893,-35.116617467247764,1.0827895847114122,0.0035144259175360288,-0.9177936707916057
22.15,21.59946049774595,0.2609979561099104,142.97042958887772,-0.018854323607262413,6.886293245063825,-33.99599817377121,1.0827895847114122,0.0035144259175360288,-0.930311818560537
22.158333333333335,20.929225311904947,0.2609979561099104,140.23848998172286,-0.018393405220068135,4.8465879523273685,-35.116617467247764,1.0827895847114122,0.0035144259175360288,-1.4734750210091099
22.166666666666668,21.47887180859995,0.2609979561099104,142.97042958887772,-0.018393405220068135,5.272374322939438,-35.116617467247764,1.0827895847114122,0.0035144259175360288,-0.9177936707916057
22.175,20.69155406161049,0.2609979561099104,142.97042958887772,-0.018393405220068135,4.870329971868274,-35.116617467247764,1.0827895847114122,0.0035144259175360288,-0.9177936707916057
22.183333333333334,20.930578625559345,0.2609979561099104,142.97042958887772,-0.018393405220068135,4.870329971868274,-35.116617467247764,1.0827895847114122,0.0035144259175360288,-0.912682881191442
22.191666666666666,21.576858153777994,0.2609979561099104,142.9366909244522,-0.018393405220068135,6.071373737256538,-35.32505845406165,1.0827895847114122,0.0035144259175360288,-0.930311818560537
22.2,21.35385538884359,0.2609979561099104,142.97042958887772,-0.018393405220068135,5.117321476004893,-35.116617467247764,1.0827895847114122,0.0035144259175360288,-0.9177936707916057
22.208333333333332,20.64520746063509,0.2609979561099104,142.97042958887772,-0.018393405220068135,4.994142158272049,-35.116617467247764,1.0827895847114122,0.0035144259175360288,-0.9177936707916057
22.216666666666665,20.64520746063509,0.2609979561099104,142.97042958887772,-0.018393405220068135,4.994142158272049,-35.116617467247764,1.0827895847114122,0.0035144259175360288,-0.9177936707916057
22.225,21.35385538884359,0.2609979561099104,140.23848998172286,-0.018393405220068135,5.117321476004893,-35.116617467247764,1.0827895847114122,0.0035144259175360288,-1.4734750210091099
22.233333333333334,21.35385538884359,0.2609979561099104,142.97042958887772,-0.018393405220068135,4.8465879523273685,-35.116617467247764,1.0827895847114122,0.0035144259175360288,-0.9177936707916057
22.241666666666667,21.576858153777994,0.2609979561099104,142.97042958887772,-0.018393405220068135,5.718624578313677,-35.116617467247764,1.0827895847114122,0.0035144259175360288,-0.9177936707916057
22.25,20.721752172455417,0.2609979561099104,142.97042958887772,-0.018393405220068135,5.594783035519664,-35.116617467247764,1.0827895847114122,0.0035144259175360288,-0.9177936707916057
22.258333333333333,21.194185356896405,0.2663462414966886,143.90800430602962,-0.018854323607262413,7.190216901450443,-26.307381763565765,1.0827895847114122,0.0035144259175360288,-1.3809463113303881
22.266666666666666,21.59946049774595,0.2663462414966886,143.90800430602962,-0.018854323607262413,7.004634997684989,-33.516326974551795,1.0827895847114122,0.0035144259175360288,-0.7250507291276216
22.275,21.59946049774595,0.2663462414966886,143.1383496927348,-0.018854323607262413,6.845900218111333,-33.516326974551795,1.0827895847114122,0.0035144259175360288,-0.930311818560537
22.283333333333335,21.576858153777994,0.2663462414966886,142.97042958887772,-0.018393405220068135,5.854447795439611,-35.116617467247764,1.0827895847114122,0.0035144259175360288,-0.930311818560537
22.291666666666668,20.69155406161049,0.2663462414966886,140.23848998172286,-0.018393405220068135,4.73935945855568,-35.116617467247764,1.0827895847114122,0.0035144259175360288,-1.4609568732401785
22.3,20.668675672061955,0.2663462414966886,142.97042958887772,-0.018393405220068135,4.201722977195031,-35.116617467247764,1.0827895847114122,0.0035144259175360288,-0.9177936707916057
22.308333333333334,20.69155406161049,0.2663462414966886,140.23848998172286,-0.018393405220068135,4.73935945855568,-35.116617467247764,1.0827895847114122,0.0035144259175360288,-1.4609568732401785
22.316666666666666,20.930578625559345,0.2663462414966886,142.97042958887772,-0.018393405220068135,4.73935945855568,-35.116617467247764,1.0827895847114122,0.0035144259175360288,-0.9177936707916057
22.325,21.576858153777994,0.2663462414966886,142.97042958887772,-0.018393405220068135,5.854447795439611,-35.116617467247764,1.0827895847114122,0.0035144259175360288,-0.930311818560537
22.333333333333332,20.930578625559345,0.2834587773563107,142.97042958887772,-0.018393405220068135,4.575176553999024,-35.116617467247764,1.0827895847114122,0.0035144259175360288,-0.912682881191442
22.341666666666665,21.576858153777994,0.2663462414966886,142.97042958887772,-0.018393405220068135,5.854447795439611,-35.116617467247764,1.0827895847114122,0.0035144259175360288,-0.9177936707916057
22.35,20.930578625559345,2.0796836738304023,142.98722920886664,-0.018393405220068135,4.73935945855568,-35.116617467247764,1.0827895847114122,0.0035144259175360288,-0.9177936707916057
22.358333333333334,21.191752465688054,2.0796836738304023,143.15514931272372,-0.018854323607262413,9.809375148463953,-25.786221454630926,1.0827895847114122,0.0035144259175360288,-1.1584252293930055
22.366666666666667,20.930578625559345,2.0796836738304023,142.98722920886664,-0.018393405220068135,4.73935945855568,-35.116617467247764,1.0827895847114122,0.0035144259175360288,-0.9177936707916057
22.375,20.668675672061955,2.0796836738304023,142.98722920886664,-0.018393405220068135,4.130206401357193,-35.116617467247764,1.0827895847114122,0.0035144259175360288,-0.9177936707916057
22.383333333333333,21.35385538884359,2.0796836738304023,140.25528960171178,-0.018393405220068135,5.0730973781201705,-35.116617467247764,1.0827895847114122,0.0035144259175360288,-1.4609568732401785
22.391666666666666,21.487144183454024,3413.517190842104,101.92912820018016,0.1819047266404486,6.903763075869042,-18.649852101028895,7.130916811821066,0.5668866417293524,1054.2925559767866
22.4,20.830223871162577,3692.006091206285,71.95507931200497,-0.01837807773278717,5.123581483826842,-36.098354040227434,3.901116319567519,-1.5247230868648263,1154.89046525554
22.408333333333335,20.96854099929326,3692.6768451579314,71.95507931200497,-0.01837807773278717,5.848034547478231,-36.098354040227434,3.901116319567519,-2.7555067997501776,1154.89046525554
22.416666666666668,20.830223871162577,3692.1940519608124,71.95507931200497,-0.01837807773278717,5.247393670230616,-36.098354040227434,3.901116319567519,-1.4202944496201,1154.89046525554
22.425,20.830223871162577,3691.7885371513507,71.95507931200497,-0.01837807773278717,5.036835068398971,-36.098354040227434,3.901116319567519,-1.5247230868648263,1154.89046525554
22.433333333333334,20.830223871162577,3692.1946809866286,71.95507931200497,-0.01837807773278717,4.7046927889841355,-36.098354040227434,3.901116319567519,-1.5247230868648263,1154.89046525554
22.441666666666666,20.830223871162577,3692.1534715772923,71.95507931200497,-0.01837807773278717,5.247393670230616,-36.098354040227434,3.901116319567519,-1.4202944496201,1154.89046525554
22.45,20.830223871162577,3692.1940519608124,71.95507931200497,-0.01837807773278717,5.247393670230616,-36.098354040227434,3.901116319567519,-2.7555067997501776,1154.89046525554
22.458333333333332,20.830223871162577,3692.1534715772923,71.95507931200497,-0.01837807773278717,5.247393670230616,-36.098354040227434,3.901116319567519,-1.4202944496201,1154.89046525554
22.466666666666665,20.830223871162577,3691.7885371513507,71.95507931200497,-0.01837807773278717,5.036835068398971,-36.098354040227434,3.901116319567519,-1.5247230868648263,1154.89046525554
22.475,20.830223871162577,3692.1940519608124,71.95507931200497,-0.01837807773278717,5.247393670230616,-36.098354040227434,3.901116319567519,-1.4202944496201,1154.89046525554
22.483333333333334,20.830223871162577,3692.1534715772923,71.95507931200497,-0.01837807773278717,5.247393670230616,-36.098354040227434,3.901116319567519,-1.4202944496201,1154.89046525554
22.491666666666667,21.306748767259347,3690.22658448822,72.97749388445143,-0.01837807773278717,8.075190706593355,-38.36363437668765,3.956604593000078,-3.879115747096078,1154.718090467481
22.5,21.337528149259064,3692.278480278842,71.95507931200497,-0.01837807773278717,6.900118488475196,-36.098354040227434,3.901116319567519,-2.7555067997501776,1154.89046525554
22.508333333333333,20.830223871162577,3692.1534715772923,71.95507931200497,-0.01837807773278717,5.247393670230616,-36.098354040227434,3.901116319567519,-1.4202944496201,1154.89046525554
22.516666666666666,20.830223871162577,3692.6768451579314,71.95507931200497,-0.01837807773278717,5.705606073792899,-36.098354040227434,3.901116319567519,-2.7555067997501776,1154.89046525554
22.525,20.830223871162577,3692.1534715772923,71.95507931200497,-0.01837807773278717,5.247393670230616,-36.098354040227434,3.901116319567519,-1.4202944496201,1154.89046525554
22.533333333333335,20.830223871162577,3692.152619883835,71.98755532630116,-0.01837807773278717,5.247393670230616,-36.098354040227434,3.901116319567519,-1.4202944496201,1154.89046525554
22.541666666666668,21.306748767259347,3688.2696164647414,79.25450107429535,-0.01837807773278717,8.227545395607688,-38.36363437668765,3.7376066646522315,-4.616223092751163,1154.355059269843
22.55,20.830223871162577,3692.152619883835,71.98755532630116,-0.01837807773278717,5.247393670230616,-36.098354040227434,3.901116319567519,-1.4202944496201,1154.89046525554
22.558333333333334,20.830223871162577,3692.184470952966,71.98755532630116,-0.01837807773278717,5.247393670230616,-36.098354040227434,3.901116319567519,-2.7555067997501776,1154.89046525554
22.566666666666666,20.830223871162577,3692.152619883835,71.98755532630116,-0.01837807773278717,5.247393670230616,-36.098354040227434,3.901116319567519,-1.4202944496201,1154.89046525554
22.575,20.830223871162577,3692.152619883835,71.98755532630116,-0.01837807773278717,5.247393670230616,-36.098354040227434,3.901116319567519,-1.4202944496201,1154.89046525554
22.583333333333332,20.830223871162577,3691.7876854578935,71.98755532630116,-0.01837807773278717,5.036835068398971,-36.098354040227434,3.901116319567519,-1.5247230868648263,1154.89046525554
22.591666666666665,20.830223871162577,3692.184470952966,71.98755532630116,-0.01837807773278717,5.247393670230616,-36.098354040227434,3.901116319567519,-1.4202944496201,1154.89046525554
22.6,21.306748767259347,3690.2170034803735,73.00996989874763,-0.01837807773278717,8.075190706593355,-38.36363437668765,3.956604593000078,-3.879115747096078,1154.718090467481
22.608333333333334,20.830223871162577,3691.7876854578935,71.98755532630116,-0.01837807773278717,5.036835068398971,-36.098354040227434,3.901116319567519,-1.5247230868648263,1154.89046525554
22.616666666666667,20.830223871162577,3692.667264150085,71.98755532630116,-0.01837807773278717,5.848034547478231,-36.098354040227434,3.901116319567519,-2.7555067997501776,1154.89046525554
22.625,21.306748767259347,3689.475737090024,79.26148838394309,-0.01837807773278717,9.01656764684374,-37.011443734666436,3.727001849420322,-4.616223092751163,1154.355059269843
22.633333333333333,20.830223871162577,3692.152614015636,71.9945426359489,-0.01837807773278717,5.245153917083419,-36.098354040227434,3.901116319567519,-1.4202944496201,1154.89046525554
22.641666666666666,20.830223871162577,3691.7876854578935,71.9945426359489,-0.01837807773278717,5.034595315251774,-36.098354040227434,3.901116319567519,-1.5247230868648263,1154.89046525554
22.65,21.401921393216437,3703.488169510568,67.90360495198912,-0.0821842915233516,5.9949774909499105,-22.56681800436758,9.582105873657623,-3.629647304842795,1116.7653298473663
22.658333333333335,20.830223871162577,3698.120286686721,5.365862923072854,-0.01905777892965412,4.869050265040818,-36.08391476506687,4.0529397798242845,0.09184878756608088,1154.9491749110564
22.666666666666668,20.830223871162577,3698.120286686721,5.365862923072854,-0.01905777892965412,4.782303849612947,-36.08391476506687,4.0529397798242845,0.09184878756608088,1154.9491749110564
22.675,20.830223871162577,3702.087149897274,4.497078913797871,-0.01905777892965412,4.450161570198111,-36.08391476506687,4.0529397798242845,0.09184878756608088,1154.9491749110564
22.683333333333334,20.96854099929326,3698.926668895681,5.365862923072854,-0.01905777892965412,5.593503328692207,-36.08391476506687,4.0529397798242845,0.09184878756608088,1154.9491749110564
22.691666666666666,20.830223871162577,3698.926668895681,5.365862923072854,-0.01905777892965412,5.593503328692207,-36.08391476506687,4.0529397798242845,0.09184878756608088,1154.9491749110564
22.7,20.830223871162577,3698.0965402563265,5.397317576266245,-0.01905777892965412,4.6181209450562895,-36.08391476506687,4.0529397798242845,0.09184878756608088,1154.9482406255224
22.708333333333332,21.2023124564036,3698.926668895681,6.266101585541227,-0.01905777892965412,5.864236852369733,-36.08391476506687,4.0529397798242845,0.09184878756608088,1154.9482406255224
22.716666666666665,20.830223871162577,3698.5926498960926,6.266101585541227,-0.01905777892965412,4.992862451444592,-36.08391476506687,4.0529397798242845,0.09184878756608088,1154.9482406255224
22.725,21.306748767259347,3693.48820294836,5.779224883254876,-0.01905777892965412,7.937405522057372,-37.972980323050855,4.083614655369947,0.09184878756608088,1154.7845538168367
22.733333333333334,21.2023124564036,3692.469695033082,5.365862923072854,-0.01905777892965412,5.92782933561997,-36.08391476506687,4.0529397798242845,0.09184878756608088,1154.9491749110564
22.741666666666667,20.830223871162577,3691.889015857415,6.266101585541227,-0.01905777892965412,5.056454934694829,-36.08391476506687,4.0529397798242845,0.09184878756608088,1154.9482406255224
22.75,20.830223871162577,3698.3082886164398,6.266101585541227,-0.01905777892965412,4.992862451444592,-36.08391476506687,4.0529397798242845,0.09184878756608088,1154.9482406255224
22.758333333333333,20.830223871162577,3698.466591100176,5.397317576266245,-0.01905777892965412,4.6181209450562895,-36.08391476506687,4.0529397798242845,0.09184878756608088,1154.9482406255224
22.766666666666666,20.830223871162577,3698.3082886164398,6.266101585541227,-0.01905777892965412,4.992862451444592,-36.08391476506687,4.0529397798242845,0.09184878756608088,1154.9482406255224
22.775,20.830223871162577,3698.120286686721,6.266101585541227,-0.01905777892965412,4.782303849612947,-36.08391476506687,4.0529397798242845,0.09184878756608088,1154.9482406255224
22.783333333333335,21.306748767259347,3692.7884892394613,6.788272693855463,-0.01905777892965412,8.09614030163103,-37.972980323050855,4.083614655369947,0.09184878756608088,1154.7836195313027
22.791666666666668,20.830223871162577,3698.466591100176,5.397317576266245,-0.01905777892965412,4.6181209450562895,-36.08391476506687,4.0529397798242845,0.09184878756608088,1154.9482406255224
22.8,20.830223871162577,3698.4903375305707,6.266101585541227,-0.01905777892965412,4.782303849612947,-36.08391476506687,4.0529397798242845,0.09184878756608088,1154.9482406255224
22.808333333333334,21.286011126446695,3694.6070737106656,6.266101585541227,-0.01905777892965412,6.090375144175383,-36.08391476506687,4.0529397798242845,0.09184878756608088,1154.9482406255224
22.816666666666666,20.830223871162577,3698.9240145540857,5.365862923072854,-0.01905777892965412,5.571386733424987,-36.08391476506687,4.0529397798242845,0.09184878756608088,1154.9491749110564
22.825,20.830223871162577,3692.0865912739355,5.365862923072854,-0.01905777892965412,5.034338339427609,-36.08391476506687,4.0529397798242845,0.09184878756608088,1154.9491749110564
22.833333333333332,20.830223871162577,3698.117632345126,5.365862923072854,-0.01905777892965412,4.760187254345727,-36.08391476506687,4.0529397798242845,0.09184878756608088,1154.9491749110564
22.841666666666665,20.830223871162577,3698.9240145540857,5.365862923072854,-0.01905777892965412,5.428958259739655,-36.08391476506687,4.0529397798242845,0.09184878756608088,1154.9491749110564
22.85,20.830223871162577,3698.175997449579,5.365862923072854,-0.01905777892965412,4.846933669773598,-36.08391476506687,4.0529397798242845,0.09184878756608088,1154.9491749110564
22.858333333333334,20.830223871162577,3702.5059053396863,5.397317576266245,-0.01905777892965412,4.428044974930891,-36.08391476506687,4.0529397798242845,0.09184878756608088,1154.9482406255224
22.866666666666667,20.830223871162577,3701.42548111148,4.497078913797871,-0.01905777892965412,4.428044974930891,-36.08391476506687,4.0529397798242845,0.09184878756608088,1154.9491749110564
22.875,20.830223871162577,3698.4876831889756,5.365862923072854,-0.01905777892965412,4.760187254345727,-36.08391476506687,4.0529397798242845,0.09184878756608088,1154.9491749110564
22.883333333333333,20.830223871162577,3698.3056342748446,5.365862923072854,-0.01905777892965412,4.970745856177372,-36.08391476506687,4.0529397798242845,0.09184878756608088,1154.9491749110564
22.891666666666666,20.830223871162577,3698.3056342748446,5.365862923072854,-0.01905777892965412,4.970745856177372,-36.08391476506687,4.0529397798242845,0.09184878756608088,1154.9491749110564
22.9,20.830223871162577,3698.4876831889756,5.365862923072854,-0.01905777892965412,4.682827420496268,-36.08391476506687,3.929922468270025,0.09184878756608088,1154.9491749110564
22.908333333333335,20.830223871162577,3698.3056342748446,5.365862923072854,-0.01905777892965412,4.893386022327912,-36.08391476506687,3.929922468270025,0.09184878756608088,1154.9491749110564
22.916666666666668,20.830223871162577,3698.3056342748446,5.365862923072854,-0.01905777892965412,4.893386022327912,-36.08391476506687,3.929922468270025,0.09184878756608088,1154.9491749110564
22.925,20.830223871162577,3698.581266240108,5.365862923072854,-0.01905777892965412,4.893386022327912,-36.08391476506687,3.929922468270025,0.09184878756608088,1154.9491749110564
22.933333333333334,20.830223871162577,3698.463936758581,4.497078913797871,-0.01905777892965412,4.51864451593961,-36.08391476506687,3.929922468270025,0.09184878756608088,1154.9491749110564
22.941666666666666,20.830223871162577,3698.3056342748446,5.365862923072854,-0.01905777892965412,4.893386022327912,-36.08391476506687,3.929922468270025,0.09184878756608088,1154.9491749110564
22.95,20.830223871162577,3698.9240145540857,5.365862923072854,-0.01905777892965412,5.351598425890196,-36.08391476506687,3.929922468270025,0.09184878756608088,1154.9491749110564
22.958333333333332,20.830223871162577,3698.5522944509235,5.365862923072854,-0.01905777892965412,4.893386022327912,-36.08391476506687,3.929922468270025,0.09184878756608088,1154.9491749110564
22.966666666666665,21.306748767259347,3693.485548606765,5.779224883254876,-0.01905777892965412,7.664446203713223,-37.972980323050855,3.960597343815687,0.09184878756608088,1154.7845538168367
22.975,20.830223871162577,3698.117632345126,5.365862923072854,-0.01905777892965412,4.682827420496268,-36.08391476506687,3.929922468270025,0.09184878756608088,1154.9491749110564
22.983333333333334,20.830223871162577,3698.3056342748446,5.365862923072854,-0.01905777892965412,4.893386022327912,-36.08391476506687,3.929922468270025,0.09184878756608088,1154.9491749110564
22.991666666666667,20.830223871162577,3702.60126271484,4.497078913797871,-0.01905777892965412,4.350685141081432,-36.08391476506687,3.929922468270025,0.09184878756608088,1154.9491749110564
23.0,20.830223871162577,3698.400991649998,5.365862923072854,-0.01905777892965412,4.893386022327912,-36.08391476506687,3.929922468270025,0.09184878756608088,1154.9491749110564
23.008333333333333,20.830223871162577,3698.400991649998,5.365862923072854,-0.01905777892965412,4.893386022327912,-36.08391476506687,3.929922468270025,0.09184878756608088,1154.9491749110564
23.016666666666666,20.830223871162577,3702.60126271484,4.497078913797871,-0.01905777892965412,4.350685141081432,-36.08391476506687,3.929922468270025,0.09184878756608088,1154.9491749110564
23.025,20.830223871162577,3698.400991649998,5.365862923072854,-0.01905777892965412,4.893386022327912,-36.08391476506687,3.929922468270025,0.09184878756608088,1154.9491749110564
23.033333333333335,20.830223871162577,3702.640367058669,4.497078913797871,-0.01905777892965412,4.350685141081432,-36.08391476506687,3.929922468270025,0.09184878756608088,1154.9491749110564
23.041666666666668,20.830223871162577,3702.640367058669,5.397317576266245,-0.01905777892965412,4.350685141081432,-36.08391476506687,3.929922468270025,0.09184878756608088,1154.9482406255224
23.05,20.830223871162577,3698.6389225116877,6.266101585541227,-0.01905777892965412,4.893386022327912,-36.08391476506687,3.929922468270025,0.09184878756608088,1154.9482406255224
23.058333333333334,20.830223871162577,3699.2660845745427,4.497078913797871,-0.01905777892965412,4.350685141081432,-36.08391476506687,3.929922468270025,0.09184878756608088,1154.9491749110564
23.066666666666666,20.830223871162577,3698.400991649998,5.365862923072854,-0.01905777892965412,4.893386022327912,-36.08391476506687,3.929922468270025,0.09184878756608088,1154.9491749110564
23.075,20.830223871162577,3698.400991649998,5.365862923072854,-0.01905777892965412,4.893386022327912,-36.08391476506687,3.929922468270025,0.09184878756608088,1154.9491749110564
23.083333333333332,20.830223871162577,3699.3558580907566,2.8556444999220214,-0.01905777892965412,4.387110449953283,-36.08391476506687,3.929922468270025,0.09184878756608088,1154.9491749110564
23.091666666666665,20.830223871162577,3702.60126271484,2.8556444999220214,-0.01905777892965412,4.350685141081432,-36.08391476506687,3.929922468270025,0.09184878756608088,1154.9491749110564
23.1,20.830223871162577,3698.1927476385154,3.724428509197003,-0.01905777892965412,4.682827420496268,-36.08391476506687,3.929922468270025,0.09184878756608088,1154.9491749110564
23.108333333333334,20.830223871162577,3698.169001208121,2.8556444999220214,-0.01905777892965412,4.51864451593961,-36.08391476506687,3.929922468270025,0.09184878756608088,1154.9491749110564
23.116666666666667,20.830223871162577,3697.798950364271,2.8556444999220214,-0.01905777892965412,4.51864451593961,-36.08391476506687,3.929922468270025,0.09184878756608088,1154.9491749110564
23.125,20.830223871162577,3697.8226967946657,3.724428509197003,-0.01905777892965412,4.769573835924139,-36.08391476506687,3.929922468270025,0.09184878756608088,1154.9491749110564
23.133333333333333,20.830223871162577,3697.8226967946657,3.724428509197003,-0.01905777892965412,4.682827420496268,-36.08391476506687,3.929922468270025,0.09184878756608088,1154.9491749110564
23.141666666666666,20.830223871162577,3697.8226967946657,3.724428509197003,-0.01905777892965412,4.769573835924139,-36.08391476506687,3.929922468270025,0.09184878756608088,1154.9491749110564
23.15,21.337528149259064,3693.452535809859,3.724428509197003,-0.01905777892965412,6.383654744699865,-36.08391476506687,3.929922468270025,0.09184878756608088,1154.9491749110564
23.158333333333335,20.830223871162577,3697.9743323370817,3.724428509197003,-0.01905777892965412,4.893386022327912,-36.08391476506687,3.929922468270025,0.09184878756608088,1154.9491749110564
23.166666666666668,20.830223871162577,3698.1927476385154,3.724428509197003,-0.01905777892965412,4.682827420496268,-36.08391476506687,3.929922468270025,0.09184878756608088,1154.9491749110564
23.175,20.830223871162577,3697.5290826658693,2.8556444999220214,-0.01905777892965412,4.51864451593961,-36.08391476506687,3.929922468270025,0.09184878756608088,1154.9491749110564
23.183333333333334,20.830223871162577,3697.182778252414,3.724428509197003,-0.01905777892965412,4.682827420496268,-36.08391476506687,3.929922468270025,0.09184878756608088,1154.9491749110564
23.191666666666666,20.830223871162577,3697.9649477501625,4.038454992200036,-0.01905777892965412,4.893386022327912,-36.08391476506687,3.929922468270025,0.09184878756608088,1154.9491749110564
23.2,20.830223871162577,3698.1469966642935,4.038454992200036,-0.01905777892965412,4.682827420496268,-36.08391476506687,3.929922468270025,0.09184878756608088,1154.9491749110564
23.208333333333332,20.830223871162577,3698.123250233899,4.038454992200036,-0.01905777892965412,4.619460600589609,-36.08391476506687,3.929922468270025,0.09184878756608088,1154.9491749110564
23.216666666666665,20.830223871162577,3697.776945820444,4.038454992200036,-0.01905777892965412,4.769573835924139,-36.08391476506687,3.929922468270025,0.09184878756608088,1154.9491749110564
23.225,20.830223871162577,3697.182778252414,3.724428509197003,-0.01905777892965412,4.682827420496268,-36.08391476506687,3.929922468270025,0.09184878756608088,1154.9491749110564
23.233333333333334,20.830223871162577,3701.9613441725883,2.8556444999220214,-0.01905777892965412,4.350685141081432,-36.08391476506687,3.929922468270025,0.09184878756608088,1154.9491749110564
23.241666666666667,20.830223871162577,3697.5290826658693,2.8556444999220214,-0.01905777892965412,4.51864451593961,-36.08391476506687,3.929922468270025,0.09184878756608088,1154.9491749110564
23.25,21.39457146525459,3708.1717598270925,140.09663756607767,-0.30026893079827277,5.307686009115054,-20.061618275859807,11.13412486572643,13.564063125278873,1126.4816239495342
23.258333333333333,20.830223871162577,3692.273081042565,71.9945426359489,-0.01837807773278717,4.770935981578438,-36.098354040227434,3.7780990080132586,-1.5247230868648263,1154.89046525554
23.266666666666666,20.830223871162577,3692.8316717461757,71.98907039025515,-0.01837807773278717,5.14567748796674,-36.098354040227434,3.7780990080132586,-2.7555067997501776,1154.89046525554
23.275,20.830223871162577,3692.799820677045,71.98907039025515,-0.01837807773278717,5.14567748796674,-36.098354040227434,3.7780990080132586,-1.4202944496201,1154.89046525554
23.283333333333335,20.830223871162577,3693.3144649432948,71.98907039025515,-0.01837807773278717,5.603889891529024,-36.098354040227434,3.7780990080132586,-2.7555067997501776,1154.89046525554
23.291666666666668,21.306748767259347,3688.3505710345153,73.01148496270162,-0.01837807773278717,8.980404657742282,-37.58527824718775,3.822982466213908,-4.616223092751163,1154.7258441613203
23.3,20.830223871162577,3692.4348862511033,71.98907039025515,-0.01837807773278717,4.770935981578438,-36.098354040227434,3.7780990080132586,-1.5247230868648263,1154.89046525554
23.308333333333334,20.830223871162577,3692.3014183988603,71.98907039025515,-0.01837807773278717,4.639401915592111,-36.098354040227434,3.7780990080132586,-1.5247230868648263,1154.89046525554
23.316666666666666,20.830223871162577,3692.6524403060375,71.98907039025515,-0.01837807773278717,5.021865301562967,-36.098354040227434,3.7780990080132586,-1.5247230868648263,1154.89046525554
23.325,20.830223871162577,3692.4348862511033,71.98907039025515,-0.01837807773278717,4.770935981578438,-36.098354040227434,3.7780990080132586,-1.5247230868648263,1154.89046525554
23.333333333333332,20.830223871162577,3692.879701036989,71.98907039025515,-0.01837807773278717,4.60297660672026,-36.098354040227434,3.7780990080132586,-1.5247230868648263,1154.89046525554
23.341666666666665,20.830223871162577,3692.8405966931596,71.98907039025515,-0.01837807773278717,4.60297660672026,-36.098354040227434,3.7780990080132586,-1.5247230868648263,1154.89046525554
23.35,21.306748767259347,3691.582595594447,79.25601613824934,-0.01837807773278717,8.789434589582546,-37.011443734666436,3.6039845378660607,-4.616223092751163,1154.4763844836427
23.358333333333334,20.830223871162577,3692.799814808846,71.98907039025515,-0.01837807773278717,5.14567748796674,-36.098354040227434,3.7780990080132586,-1.4202944496201,1154.89046525554
23.366666666666667,20.830223871162577,3692.4348862511033,71.98907039025515,-0.01837807773278717,4.770935981578438,-36.098354040227434,3.7780990080132586,-1.5247230868648263,1154.89046525554
23.375,20.830223871162577,3692.4348862511033,71.98907039025515,-0.01837807773278717,4.935118886135095,-36.098354040227434,3.7780990080132586,-1.5247230868648263,1154.89046525554
23.383333333333333,20.830223871162577,3692.8316717461757,71.98907039025515,-0.01837807773278717,5.14567748796674,-36.098354040227434,3.7780990080132586,-1.4202944496201,1154.89046525554
23.391666666666666,20.830223871162577,3692.7108054104906,71.98907039025515,-0.01837807773278717,5.021865301562967,-36.098354040227434,3.7780990080132586,-1.4202944496201,1154.89046525554
23.4,20.830223871162577,3692.4348862511033,71.98907039025515,-0.01837807773278717,4.770935981578438,-36.098354040227434,3.7780990080132586,-1.5247230868648263,1154.89046525554
23.408333333333335,20.830223871162577,3692.6524403060375,71.98907039025515,-0.01837807773278717,5.021865301562967,-36.098354040227434,3.7780990080132586,-1.5247230868648263,1154.89046525554
23.416666666666668,20.830223871162577,3692.8405966931596,71.98907039025515,-0.01837807773278717,4.60297660672026,-36.098354040227434,3.7780990080132586,-1.5247230868648263,1154.89046525554
23.425,20.830223871162577,3692.4348862511033,71.98907039025515,-0.01837807773278717,4.770935981578438,-36.098354040227434,3.7780990080132586,-1.5247230868648263,1154.89046525554
23.433333333333334,20.830223871162577,3692.4348862511033,71.98907039025515,-0.01837807773278717,4.770935981578438,-36.098354040227434,3.7780990080132586,-1.5247230868648263,1154.89046525554
23.441666666666666,20.830223871162577,3692.4348862511033,71.98907039025515,-0.01837807773278717,4.770935981578438,-36.098354040227434,3.7780990080132586,-1.5247230868648263,1154.89046525554
23.45,20.830223871162577,3692.2079698275306,71.98907039025515,-0.01837807773278717,4.935118886135095,-36.098354040227434,3.7780990080132586,-1.5247230868648263,1154.89046525554
23.458333333333332,20.830223871162577,3692.6045948944893,71.98907039025515,-0.01837807773278717,5.14567748796674,-36.098354040227434,3.7780990080132586,-1.4202944496201,1154.89046525554
23.466666666666665,20.830223871162577,3692.6045890262903,71.98907039025515,-0.01837807773278717,5.14567748796674,-36.098354040227434,3.7780990080132586,-1.4202944496201,1154.89046525554
23.475,21.21559522862843,3712.2294803948653,14.737718862121005,-0.2035872022763502,4.6585209734248405,-22.56681800436758,2.1725336418001704,-0.9701178142972262,1127.9735775809677
23.483333333333334,20.830223871162577,3697.848463001165,3.7172809881713524,-0.01905777892965412,4.769573835924139,-36.08391476506687,3.929922468270025,0.09184878756608088,1154.9491749110564
23.491666666666667,21.306748767259347,3692.3810681600767,4.426679735721408,-0.01905777892965412,7.617740099983937,-37.972980323050855,3.9854107417025837,0.09184878756608088,1154.7768001229974
23.5,20.830223871162577,3702.663030070072,3.7487356413647444,-0.01905777892965412,4.350685141081432,-36.08391476506687,3.929922468270025,0.09184878756608088,1154.9482406255224
23.508333333333333,20.830223871162577,3701.345383930023,2.848496978896371,-0.01905777892965412,4.350685141081432,-36.08391476506687,3.929922468270025,0.09184878756608088,1154.9491749110564
23.516666666666666,20.830223871162577,3698.1601487405615,3.7172809881713524,-0.01905777892965412,4.682827420496268,-36.08391476506687,3.929922468270025,0.09184878756608088,1154.9491749110564
23.525,20.830223871162577,3699.3232591928027,3.7487356413647444,-0.01905777892965412,4.387110449953283,-36.08391476506687,3.929922468270025,0.09184878756608088,1154.9482406255224
23.533333333333335,20.830223871162577,3697.790097896712,3.7172809881713524,-0.01905777892965412,4.682827420496268,-36.08391476506687,3.929922468270025,0.09184878756608088,1154.9491749110564
23.541666666666668,21.306748767259347,3692.7206612413966,4.426679735721408,-0.01905777892965412,7.617740099983937,-37.972980323050855,3.9854107417025837,0.09184878756608088,1154.7768001229974
23.55,20.830223871162577,3698.7333859663695,3.7172809881713524,-0.01905777892965412,4.682827420496268,-36.08391476506687,3.929922468270025,0.09184878756608088,1154.9491749110564
23.558333333333334,20.830223871162577,3702.7399000040245,2.848496978896371,-0.01905777892965412,4.350685141081432,-36.08391476506687,3.929922468270025,0.09184878756608088,1154.9491749110564
23.566666666666666,21.337528149259064,3698.1293934402042,3.7172809881713524,-0.01905777892965412,6.290452704561541,-36.08391476506687,3.929922468270025,0.09184878756608088,1154.9491749110564
23.575,20.830223871162577,3699.3443741478427,3.7172809881713524,-0.01905777892965412,5.351598425890196,-36.08391476506687,3.929922468270025,0.09184878756608088,1154.9491749110564
23.583333333333332,20.830223871162577,3699.103436810219,2.848496978896371,-0.01905777892965412,4.51864451593961,-36.08391476506687,3.929922468270025,0.09184878756608088,1154.9491749110564
23.591666666666665,20.830223871162577,3698.921387896088,3.7172809881713524,-0.01905777892965412,4.893386022327912,-36.08391476506687,3.929922468270025,0.09184878756608088,1154.9491749110564
23.6,20.830223871162577,3698.921387896088,3.7172809881713524,-0.01905777892965412,4.893386022327912,-36.08391476506687,3.929922468270025,0.09184878756608088,1154.9491749110564
23.608333333333334,20.830223871162577,3702.700795660195,2.848496978896371,-0.01905777892965412,4.350685141081432,-36.08391476506687,3.929922468270025,0.09184878756608088,1154.9491749110564
23.616666666666667,20.830223871162577,3698.7333859663695,2.848496978896371,-0.01905777892965412,4.51864451593961,-36.08391476506687,3.929922468270025,0.09184878756608088,1154.9491749110564
23.625,20.830223871162577,3701.5061333835083,2.848496978896371,-0.01905777892965412,4.350685141081432,-36.08391476506687,3.929922468270025,0.09184878756608088,1154.9491749110564
23.633333333333333,20.830223871162577,3715.651378623817,3.7568754841710748,-0.01905777892965412,4.893386022327912,-35.875955924535624,3.929922468270025,0.09184878756608088,1154.9491749110564
23.641666666666666,20.830223871162577,3715.404718447738,3.7568754841710748,-0.01905777892965412,4.893386022327912,-35.875955924535624,3.929922468270025,0.09184878756608088,1154.9491749110564
23.65,20.830223871162577,3717.549103496411,3.2021179578991275,-0.01905777892965412,4.350685141081432,-35.875955924535624,3.929922468270025,0.09184878756608088,1154.9491749110564
23.658333333333335,20.830223871162577,3715.0115110697147,2.8880914748960933,-0.01905777892965412,4.350685141081432,-35.875955924535624,3.929922468270025,0.09184878756608088,1154.9491749110564
23.666666666666668,20.830223871162577,3715.2167165180194,3.2021179578991275,-0.01905777892965412,4.51864451593961,-35.875955924535624,3.929922468270025,0.09184878756608088,1154.9491749110564
23.675,20.830223871162577,3715.2167165180194,4.070901967174107,-0.01905777892965412,4.682827420496268,-35.875955924535624,3.929922468270025,0.09184878756608088,1154.9491749110564
23.683333333333334,20.830223871162577,3715.404718447738,4.070901967174107,-0.01905777892965412,4.893386022327912,-35.875955924535624,3.929922468270025,0.09184878756608088,1154.9491749110564
23.691666666666666,20.830223871162577,3715.586767361869,3.2021179578991275,-0.01905777892965412,4.51864451593961,-35.875955924535624,3.929922468270025,0.09184878756608088,1154.9491749110564
23.7,20.830223871162577,3715.2167165180194,4.070901967174107,-0.01905777892965412,4.682827420496268,-35.875955924535624,3.929922468270025,0.09184878756608088,1154.9491749110564
23.708333333333332,20.830223871162577,3715.2167165180194,2.8880914748960933,-0.01905777892965412,4.51864451593961,-35.875955924535624,3.929922468270025,0.09184878756608088,1154.9491749110564
23.716666666666665,20.830223871162577,3715.586767361869,2.8880914748960933,-0.01905777892965412,4.51864451593961,-35.875955924535624,3.929922468270025,0.09184878756608088,1154.9491749110564
23.725,20.830223871162577,3627.7846640404155,4.024166544664462,-0.01905777892965412,4.682827420496268,-35.875955924535624,3.78599193791678,0.09184878756608088,1154.9491749110564
23.733333333333334,20.830223871162577,3627.1931027878563,3.155382535389483,-0.01905777892965412,4.350685141081432,-35.875955924535624,3.78599193791678,0.09184878756608088,1154.9491749110564
23.741666666666667,20.830223871162577,3627.7475390084455,3.155382535389483,-0.01905777892965412,4.51864451593961,-35.875955924535624,3.78599193791678,0.09184878756608088,1154.9491749110564
23.75,20.830223871162577,3627.8059041128986,4.024166544664462,-0.01905777892965412,4.769573835924139,-35.875955924535624,3.78599193791678,0.09184878756608088,1154.9491749110564
23.758333333333333,21.21559522862843,3615.590249484535,16.530051681015642,6.666223088391774,5.298888900078795,-24.755079717570446,3.6967030397046674,0.0031966294111542707,1132.1809431952993
23.766666666666666,21.21559522862843,3475.8889335847366,16.360598618634764,6.666223088391774,5.302510804423946,-24.755079717570446,3.5705266811780945,0.0031966294111542707,1132.1809431952993
23.775,21.21559522862843,3475.8889335847366,16.360598618634764,6.666223088391774,5.302510804423946,-24.755079717570446,3.5705266811780945,0.0031966294111542707,1132.1809431952993
23.783333333333335,21.21559522862843,3447.6075593689266,16.046572135631735,6.666223088391774,5.2613619676707994,-24.755079717570446,3.5705266811780945,0.0031966294111542707,1132.1809431952993
23.791666666666668,21.21559522862843,3116.5489530477,16.1664714029307,6.666223088391774,5.2613619676707994,-24.755079717570446,3.5705266811780945,0.0031966294111542707,1132.3408114342803
23.8,21.21559522862843,3113.1149377526303,16.1664714029307,6.666223088391774,5.2613619676707994,-24.755079717570446,3.5705266811780945,0.0031966294111542707,1132.3408114342803
23.808333333333334,21.21559522862843,3083.3530127671547,16.1664714029307,6.666223088391774,4.825441782715349,-24.755079717570446,3.5705266811780945,0.0031966294111542707,1132.3408114342803
23.816666666666666,21.21559522862843,2786.7482856379697,16.1664714029307,6.640985989828489,5.1067838132463494,-24.755079717570446,3.1417169587694165,0.0031966294111542707,1133.414155331752
23.825,21.21559522862843,2550.483496180533,16.1664714029307,6.640985989828489,5.1067838132463494,-24.755079717570446,3.1417169587694165,0.0031966294111542707,1133.414155331752
23.833333333333332,21.21559522862843,2550.483496180533,17.175519213531267,6.640985989828489,5.1067838132463494,-24.755079717570446,3.1417169587694165,0.0031966294111542707,1133.413221046218
23.841666666666665,20.870423802055083,2538.147064096134,17.175519213531267,6.6263390880279704,5.027692449894509,-24.755079717570446,3.1417169587694165,0.0031966294111542707,1132.822751735169
23.85,20.870423802055083,2538.147064096134,17.175519213531267,6.6263390880279704,5.25942722817071,-24.755079717570446,3.1417169587694165,0.0031966294111542707,1133.0353633205439
23.858333333333334,20.870423802055083,2483.518628841799,17.175519213531267,6.6263390880279704,5.25942722817071,-24.755079717570446,2.7309898471136016,0.0031966294111542707,1133.5492529060475
23.866666666666667,20.870423802055083,2086.870218455894,17.175519213531267,6.6263390880279704,5.25942722817071,-24.719111586529426,14.141873414365316,0.0031966294111542707,1135.1206380023177
23.875,20.870423802055083,2086.870218455894,17.175519213531267,6.6263390880279704,5.25942722817071,-24.719111586529426,14.141873414365316,0.0031966294111542707,1135.1206380023177
23.883333333333333,20.870423802055083,2048.399651051398,17.202805643915692,6.840508982001998,5.25942722817071,-24.719111586529426,-8.160797124457378,0.0031966294111542707,1134.2761087404313
23.891666666666666,20.870423802055083,1866.8331701990141,17.202805643915692,6.840508982001998,5.25942722817071,-24.719111586529426,4.276827969489318,0.0031966294111542707,1085.4345310625815
23.9,20.870423802055083,1877.019809083335,17.202805643915692,6.840508982001998,5.25942722817071,-24.719111586529426,-0.5850804528661887,0.0031966294111542707,1084.607982700821
23.908333333333335,20.870423802055083,1588.121327524822,16.317080806442984,6.840508982001998,5.25942722817071,-24.719111586529426,-0.283919485851225,0.0031966294111542707,1083.8512059942118
23.916666666666668,20.870423802055083,1501.130606267928,16.317080806442984,6.840508982001998,5.25942722817071,-24.719111586529426,-0.283919485851225,0.0031966294111542707,1081.452759634888
23.925,20.870423802055083,1429.229837520738,16.317080806442984,6.838257334240789,5.25942722817071,-24.923395285453115,0.11494774591966977,0.0031966294111542707,1037.3652697212488
23.933333333333334,20.870423802055083,1325.5054405975052,14.576347824623223,6.838257334240789,5.25942722817071,-24.923395285453115,0.3778036119073001,0.0031966294111542707,1036.7966408565946
23.941666666666666,20.870423802055083,1257.323309661751,14.697097003704268,6.838257334240789,5.25942722817071,-24.923395285453115,-4.286265856951356,0.0031966294111542707,1036.9969190451873
23.95,20.870423802055083,1173.7056743049268,14.697097003704268,6.838257334240789,5.25942722817071,-24.923395285453115,-1.2321713963841308,0.0031966294111542707,1031.0254862224624
23.958333333333332,20.831345479284746,1053.7810735009366,14.65561291426534,7.008894136208383,5.25942722817071,-24.923395285453115,-1.603808889224961,0.0031966294111542707,1032.3956008388993
23.966666666666665,20.88810459739536,963.4913175346522,14.65561291426534,7.184772445658712,5.25942722817071,-24.923395285453115,-0.911755920735046,0.0031966294111542707,1010.9916337198744
23.975,20.88810459739536,860.2778410261575,10.510135010979294,6.977939284030863,5.25942722817071,-24.923395285453115,-0.6159889378099963,0.0031966294111542707,1007.0565534466542
23.983333333333334,20.88810459739536,720.0999802103258,21.54692081333406,6.967728335466323,5.25942722817071,-25.164500763093525,-0.612268559891749,-0.47248646849813936,477.6709351905
23.991666666666667,20.986790218998284,610.5729670374866,20.187864599827684,7.0175907738251,5.006250018035439,-25.164500763093525,-0.6128203705256067,0.19881191622398328,477.87872017961865
