start_s,end_s,active,predicted,confidence
0.0,9.8,True,baseload,0.9999000128447235
30.0,39.8,True,baseload,0.9999045538874393
60.0,69.8,True,baseload,0.9999043114749603
90.0,99.8,True,baseload,0.9999045538874386
120.0,129.8,True,baseload,0.9999045515411953
150.0,159.8,True,baseload,0.999904553083767
180.0,189.8,True,baseload,0.9999045538873966
210.0,219.8,True,baseload,0.9999045538874395
240.0,249.8,True,baseload,0.9999045512676081
270.0,279.8,True,baseload,0.9999045520712282
300.0,309.8,True,baseload,0.999896004556539
330.0,339.8,True,baseload,0.9999045520711706
360.0,369.8,True,baseload,0.9999045520712402
390.0,399.8,True,baseload,0.9999045520712291
420.0,429.8,True,baseload,0.9999000128447217
450.0,459.8,True,baseload,0.9999045530838159
480.0,489.8,True,baseload,0.9999045533573537
510.0,519.8,True,baseload,0.999904552071232
540.0,549.8,True,baseload,0.9999045533573537
570.0,579.8,True,baseload,0.9999045533573533
600.0,609.8,True,baseload,0.9999045512676166
630.0,639.8,True,baseload,0.99990455388739
660.0,669.8,True,baseload,0.9999045530837652
690.0,699.8,True,baseload,0.9999045538873906
720.0,729.8,True,baseload,0.9999045512676032
750.0,759.8,True,baseload,0.999904553083767
780.0,789.8,True,baseload,0.9999045538873897
810.0,819.8,True,baseload,0.9999045530837666
840.0,849.8,True,baseload,0.9999045512676126
870.0,879.8,True,baseload,0.9999045512676101
900.0,909.8,True,baseload,0.9999045520712291
930.0,939.8,True,baseload,0.9999045530837664
960.0,969.8,True,baseload,0.9999045538874393
990.0,999.8,True,baseload,0.9999045512676039
1020.0,1029.8,True,baseload,0.999904553083767
1050.0,1059.8,True,baseload,0.9999045538873904
1080.0,1089.8,True,baseload,0.999904551541196
1110.0,1119.8,True,baseload,0.9999045530838216
1140.0,1149.8,True,baseload,0.9999045538873904
1170.0,1179.8,True,baseload,0.9999045530838199
1200.0,1209.8,True,baseload,0.9999045530837657
1230.0,1239.8,True,baseload,0.9999045515411933
1260.0,1269.8,True,baseload,0.9999000136483343
1290.0,1299.8,True,baseload,0.9999045530837648
1320.0,1329.8,True,baseload,0.9999045520712286
1350.0,1359.8,True,baseload,0.9999045538873895
1380.0,1389.8,True,baseload,0.999904553083767
1410.0,1419.8,True,baseload,0.9999045512676241
1440.0,1449.8,True,baseload,0.9999000136483347
1470.0,1479.8,True,baseload,0.9999045515412084
1500.0,1509.8,True,baseload,0.9999045515411342
1530.0,1539.8,True,baseload,0.9999000136483347
1560.0,1569.8,True,baseload,0.9999045530838139
1590.0,1599.8,True,baseload,0.9999045538873904
1620.0,1629.8,True,baseload,0.9999045533574035
1650.0,1659.8,True,baseload,0.9999045512676032
1680.0,1689.8,True,baseload,0.9999045520712335
1710.0,1719.8,True,fridge,0.29041082462136647
1740.0,1749.8,True,fridge,0.2902211509075364
1770.0,1779.8,True,fridge,0.2904108806166674
1800.0,1809.8,True,fridge,0.29022115070916915
1830.0,1839.8,True,fridge,0.29041088095141054
1860.0,1869.8,True,fridge,0.29022115187958003
1890.0,1899.8,True,fridge,0.3013210363316491
1920.0,1929.8,True,fridge,0.3013210363316491
1950.0,1959.8,True,fridge,0.2904108806166674
1980.0,1989.8,True,fridge,0.2982538127734061
2010.0,2019.8,True,fridge,0.30130528004163265
2040.0,2049.8,True,fridge,0.3013210363316491
2070.0,2079.8,True,fridge,0.3013210366746892
2100.0,2109.8,True,fridge,0.30130527969862636
2130.0,2139.8,True,fridge,0.2874186644073327
2160.0,2169.8,True,fridge,0.29041088095141054
2190.0,2199.8,True,fridge,0.2902211509075364
2220.0,2229.8,True,fridge,0.2902211526170459
2250.0,2259.8,True,fridge,0.29022115070916915
2280.0,2289.8,True,fridge,0.2874167210374553
2310.0,2319.8,True,fridge,0.2902211360150391
2340.0,2349.8,True,fridge,0.2904108806166674
2370.0,2379.8,True,fridge,0.2902211509075364
2400.0,2409.8,True,fridge,0.29041088095141054
2430.0,2439.8,True,fridge,0.3011266047604292
2460.0,2469.8,True,baseload,0.9999045538874011
2490.0,2499.8,True,baseload,0.9999045538873906
2520.0,2529.8,True,baseload,0.999904552071228
2550.0,2559.8,True,baseload,0.9999045512676199
2580.0,2589.8,True,baseload,0.9999045533573537
2610.0,2619.8,True,baseload,0.9999045530838154
2640.0,2649.8,True,baseload,0.999900012844801
2670.0,2679.8,True,baseload,0.9999045530837706
2700.0,2709.8,True,baseload,0.9999000131183039
2730.0,2739.8,True,baseload,0.9999045538874393
2760.0,2769.8,True,baseload,0.9999045520712286
2790.0,2799.8,True,baseload,0.9999045538874388
2820.0,2829.8,True,baseload,0.9999045512676119
2850.0,2859.8,True,baseload,0.9999045538873895
2880.0,2889.8,True,baseload,0.999904551267613
2910.0,2919.8,True,baseload,0.9999045538873895
2940.0,2949.8,True,baseload,0.9999045520712282
2970.0,2979.8,True,baseload,0.9999045530837661
3000.0,3009.8,True,baseload,0.9999045520712282
3030.0,3039.8,True,baseload,0.9999045512676126
3060.0,3069.8,True,baseload,0.9999045512676052
3090.0,3099.8,True,baseload,0.99990455388739
3120.0,3129.8,True,baseload,0.9999000544558789
3150.0,3159.8,True,baseload,0.9999045538873904
3180.0,3189.8,True,baseload,0.9999045520711706
3210.0,3219.8,True,baseload,0.999900053478229
3240.0,3249.8,True,baseload,0.9999045515411928
3270.0,3279.8,True,baseload,0.9999045530837666
3300.0,3309.8,True,baseload,0.9999045538873904
3330.0,3339.8,True,baseload,0.9999045530838139
3360.0,3369.8,True,baseload,0.9999045538873895
3390.0,3399.8,True,baseload,0.9999045530837837
3420.0,3429.8,True,baseload,0.9999045530837646
3450.0,3459.8,True,baseload,0.9999045515411933
3480.0,3489.8,True,baseload,0.9999045512676188
3510.0,3519.8,True,washing_machine,0.9223399854570646
3540.0,3549.8,True,baseload,0.9999045530837724
3570.0,3579.8,True,baseload,0.9999045530837657
3600.0,3609.8,True,baseload,0.9999045530837646
3630.0,3639.8,True,baseload,0.9999045520712302
3660.0,3669.8,True,baseload,0.9999045530837724
3690.0,3699.8,True,baseload,0.9999045538874393
3720.0,3729.8,True,baseload,0.99990455388739
3750.0,3759.8,True,baseload,0.9999045533573533
3780.0,3789.8,True,baseload,0.9999045538873904
3810.0,3819.8,True,baseload,0.999904552071234
3840.0,3849.8,True,baseload,0.9999045530837648
3870.0,3879.8,True,baseload,0.9999000128447233
3900.0,3909.8,True,baseload,0.9999045520712286
3930.0,3939.8,True,baseload,0.9999045515411942
3960.0,3969.8,True,baseload,0.9999045533574046
3990.0,3999.8,True,baseload,0.9999045538873904
4020.0,4029.8,True,baseload,0.9999045530837664
4050.0,4059.8,True,baseload,0.9999045530837664
4080.0,4089.8,True,baseload,0.999904553083765
4110.0,4119.8,True,baseload,0.999904551267609
4140.0,4149.8,True,baseload,0.99990455388739
4170.0,4179.8,True,baseload,0.9999045530837646
4200.0,4209.8,True,baseload,0.999904551267611
4230.0,4239.8,True,baseload,0.9999045530838225
4260.0,4269.8,True,baseload,0.9999045538873897
4290.0,4299.8,True,baseload,0.9999045520712286
4320.0,4329.8,True,baseload,0.9999045520712375
4350.0,4359.8,True,baseload,0.9999045520712293
4380.0,4389.8,True,baseload,0.99990455388739
4410.0,4419.8,True,baseload,0.9999045512676092
4440.0,4449.8,True,baseload,0.9999045530837648
4470.0,4479.8,True,baseload,0.999904551267603
4500.0,4509.8,True,baseload,0.9999045538873904
4530.0,4539.8,True,baseload,0.9999045530837741
4560.0,4569.8,True,baseload,0.9999000544558787
4590.0,4599.8,True,baseload,0.9999000136631765
4620.0,4629.8,True,baseload,0.9999045512676221
4650.0,4659.8,True,baseload,0.9999045530838407
4680.0,4689.8,True,baseload,0.9999000136483347
4710.0,4719.8,True,baseload,0.9999045538873897
4740.0,4749.8,True,baseload,0.9999000136483343
4770.0,4779.8,True,baseload,0.9999000144664929
4800.0,4809.8,True,baseload,0.9999045512676101
4830.0,4839.8,True,baseload,0.9999045530837664
4860.0,4869.8,True,baseload,0.9999045520712293
4890.0,4899.8,True,baseload,0.9999045530837708
4920.0,4929.8,True,baseload,0.99990455388739
4950.0,4959.8,True,baseload,0.9999045515411928
4980.0,4989.8,True,fridge,0.6878114193822507
5010.0,5019.8,True,fridge,0.3013210363316491
5040.0,5049.8,True,fridge,0.3011266022345082
5070.0,5079.8,True,fridge,0.30112660398641805
5100.0,5109.8,True,fridge,0.3013210363316491
5130.0,5139.8,True,fridge,0.3013210363316491
5160.0,5169.8,True,fridge,0.3011266020312207
5190.0,5199.8,True,fridge,0.3011266020312207
5220.0,5229.8,True,fridge,0.30112661127949486
5250.0,5259.8,True,fridge,0.3013210363316491
5280.0,5289.8,True,fridge,0.30132103100580787
5310.0,5319.8,True,fridge,0.29022113552693946
5340.0,5349.8,True,fridge,0.2904108806166674
5370.0,5379.8,True,fridge,0.29039550544067977
5400.0,5409.8,True,fridge,0.2904108806166674
5430.0,5439.8,True,fridge,0.29022115070916915
5460.0,5469.8,True,fridge,0.29022113552693946
5490.0,5499.8,True,fridge,0.2902211541944366
5520.0,5529.8,True,fridge,0.2902211514481396
5550.0,5559.8,True,fridge,0.2903955051059702
5580.0,5589.8,True,fridge,0.2904108806166674
5610.0,5619.8,True,fridge,0.2902211360150391
5640.0,5649.8,True,fridge,0.29041088095141054
5670.0,5679.8,True,fridge,0.2904108806166674
5700.0,5709.8,True,fridge,0.29041087541964467
5730.0,5739.8,True,fridge,0.2874186642859281
5760.0,5769.8,True,fridge,0.2904108806166674
5790.0,5799.8,True,fridge,0.2904108806166674
5820.0,5829.8,True,baseload,0.9999045520712426
5850.0,5859.8,True,baseload,0.9998997597311192
5880.0,5889.8,True,baseload,0.999904551267605
5910.0,5919.8,True,baseload,0.999904551267553
5940.0,5949.8,True,baseload,0.999900053478229
5970.0,5979.8,True,baseload,0.9998960053218235
6000.0,6009.8,True,baseload,0.9999045530837755
6030.0,6039.8,True,baseload,0.9999045530838214
6060.0,6069.8,True,baseload,0.999904553083769
6090.0,6099.8,True,baseload,0.9999045512676052
6120.0,6129.8,True,baseload,0.99990455388739
6150.0,6159.8,True,baseload,0.9999045530838139
6180.0,6189.8,True,baseload,0.9999045533574044
6210.0,6219.8,True,baseload,0.9999045538874395
6240.0,6249.8,True,baseload,0.9999045530837648
6270.0,6279.8,True,baseload,0.9999000136631709
6300.0,6309.8,True,baseload,0.9999045512676039
6330.0,6339.8,True,baseload,0.9999045512676117
6360.0,6369.8,True,baseload,0.99990455388739
6390.0,6399.8,True,baseload,0.9999045512676172
6420.0,6429.8,True,baseload,0.9999045520712355
6450.0,6459.8,True,baseload,0.9999045530838212
6480.0,6489.8,True,baseload,0.9999045530837726
6510.0,6519.8,True,baseload,0.999904553887392
6540.0,6549.8,True,baseload,0.9999045520712293
6570.0,6579.8,True,baseload,0.9999045530837724
6600.0,6609.8,True,baseload,0.999904553083767
6630.0,6639.8,True,washing_machine,0.922362567314127
6660.0,6669.8,True,baseload,0.9999045512675527
6690.0,6699.8,True,baseload,0.9999045533573537
6720.0,6729.8,True,baseload,0.9999045512676197
6750.0,6759.8,True,baseload,0.9999000144664929
6780.0,6789.8,True,baseload,0.9999045520712309
6810.0,6819.8,True,baseload,0.9999045530837666
6840.0,6849.8,True,baseload,0.9999045520711701
6870.0,6879.8,True,baseload,0.9999045512676052
6900.0,6909.8,True,baseload,0.9999045530837708
6930.0,6939.8,True,baseload,0.9999045520712302
6960.0,6969.8,True,baseload,0.9999045512675458
6990.0,6999.8,True,baseload,0.9999045512676117
7020.0,7029.8,True,baseload,0.9999045538874388
7050.0,7059.8,True,baseload,0.9999045520712293
7080.0,7089.8,True,baseload,0.9999045512676048
7110.0,7119.8,True,baseload,0.9999045530837644
7140.0,7149.8,True,baseload,0.99990455388739
7170.0,7179.8,True,baseload,0.9999045512676146
7200.0,7209.8,True,baseload,0.9999045538873897
7230.0,7239.8,True,baseload,0.9999045530837721
7260.0,7269.8,True,baseload,0.9999045530837744
7290.0,7299.8,True,washing_machine,0.9223399861179752
7320.0,7329.8,True,baseload,0.9999045538874388
7350.0,7359.8,True,baseload,0.9999000537969063
7380.0,7389.8,True,baseload,0.9999045530837721
7410.0,7419.8,True,baseload,0.9999045538874393
7440.0,7449.8,True,baseload,0.9999000136632535
7470.0,7479.8,True,baseload,0.9999045520712289
7500.0,7509.8,True,baseload,0.999896004556539
7530.0,7539.8,True,baseload,0.999904553083765
7560.0,7569.8,True,baseload,0.9999045533573577
7590.0,7599.8,True,baseload,0.9999045530838225
7620.0,7629.8,True,baseload,0.9998960053218235
7650.0,7659.8,True,baseload,0.9999045512676221
7680.0,7689.8,True,baseload,0.9999045512676137
7710.0,7719.8,True,baseload,0.9999045520712293
7740.0,7749.8,True,baseload,0.9999045530837726
7770.0,7779.8,True,baseload,0.9999000128448041
7800.0,7809.8,True,washing_machine,0.9999818463857504
7830.0,7839.8,True,baseload,0.9999045520712286
7860.0,7869.8,True,baseload,0.9999000136631692
7890.0,7899.8,True,baseload,0.9999045533573537
7920.0,7929.8,True,baseload,0.9999045538873904
7950.0,7959.8,True,baseload,0.9999000537969063
7980.0,7989.8,True,baseload,0.999896004556539
8010.0,8019.8,True,baseload,0.9999045512676092
8040.0,8049.8,True,baseload,0.9999045520712289
8070.0,8079.8,True,baseload,0.9999045512676048
8100.0,8109.8,True,baseload,0.9998960053218235
8130.0,8139.8,True,baseload,0.9999000128447235
8160.0,8169.8,True,baseload,0.99990455388739
8190.0,8199.8,True,baseload,0.99990455388739
8220.0,8229.8,True,baseload,0.9999045530837661
8250.0,8259.8,True,baseload,0.9999000136483343
8280.0,8289.8,True,baseload,0.9999045530838154
8310.0,8319.8,True,baseload,0.999900053478229
8340.0,8349.8,True,baseload,0.9999045538873904
8370.0,8379.8,True,baseload,0.999896004556539
8400.0,8409.8,True,baseload,0.9999045512676241
8430.0,8439.8,True,baseload,0.9999045538873897
8460.0,8469.8,True,baseload,0.9999000131183043
8490.0,8499.8,True,fridge,0.6596378250795365
8520.0,8529.8,True,fridge,0.3013210366746892
8550.0,8559.8,True,fridge,0.3013210366746892
8580.0,8589.8,True,fridge,0.3013210363316491
8610.0,8619.8,True,fridge,0.30112658706324275
8640.0,8649.8,True,fridge,0.3011266020312207
8670.0,8679.8,True,fridge,0.3013209789484293
8700.0,8709.8,True,fridge,0.30132103100580787
8730.0,8739.8,True,fridge,0.3013210363316491
8760.0,8769.8,True,fridge,0.2983000622439643
8790.0,8799.8,True,fridge,0.3011266022345082
8820.0,8829.8,True,fridge,0.30112658706324275
8850.0,8859.8,True,fridge,0.3013210366746892
8880.0,8889.8,True,fridge,0.29825381383223537
8910.0,8919.8,True,fridge,0.3011108659290313
8940.0,8949.8,True,fridge,0.3013210363316491
8970.0,8979.8,True,fridge,0.30112658706324275
9000.0,9009.8,True,fridge,0.3011266027885198
9030.0,9039.8,True,fridge,0.30112658706324275
9060.0,9069.8,True,fridge,0.30112658706324275
9090.0,9099.8,True,fridge,0.30111086572576506
9120.0,9129.8,True,fridge,0.6892136578414547
9150.0,9159.8,True,baseload,0.9999045538873962
9180.0,9189.8,True,baseload,0.999900053478229
9210.0,9219.8,True,baseload,0.999900053478229
9240.0,9249.8,True,baseload,0.9999000544558789
9270.0,9279.8,True,baseload,0.999900012844716
9300.0,9309.8,True,baseload,0.99990001284473
9330.0,9339.8,True,baseload,0.9999045530838214
9360.0,9369.8,True,baseload,0.9999045530837664
9390.0,9399.8,True,baseload,0.999900013663176
9420.0,9429.8,True,baseload,0.9999000131183039
9450.0,9459.8,True,baseload,0.9999000136631765
9480.0,9489.8,True,baseload,0.9999045530837721
9510.0,9519.8,True,baseload,0.9999045520711701
9540.0,9549.8,True,baseload,0.9999045512676086
9570.0,9579.8,True,baseload,0.9999000128447231
9600.0,9609.8,True,baseload,0.9998960053218235
9630.0,9639.8,True,baseload,0.999904553083845
9660.0,9669.8,True,baseload,0.99990455388739
9690.0,9699.8,True,baseload,0.999904551267625
9720.0,9729.8,True,baseload,0.9999000136483343
9750.0,9759.8,True,baseload,0.9999045515411964
9780.0,9789.8,True,baseload,0.9999045530837688
9810.0,9819.8,True,baseload,0.999900053478229
9840.0,9849.8,True,baseload,0.9999000128447244
9870.0,9879.8,True,baseload,0.9999045538873904
9900.0,9909.8,True,baseload,0.9999045538873904
9930.0,9939.8,True,baseload,0.9999045538874393
9960.0,9969.8,True,baseload,0.9999045530837726
9990.0,9999.8,True,baseload,0.9999000136631834
10020.0,10029.8,True,baseload,0.9999045530837721
10050.0,10059.8,True,baseload,0.9999045530837684
10080.0,10089.8,True,baseload,0.9999000128447346
10110.0,10119.8,True,baseload,0.999900053478229
10140.0,10149.8,True,baseload,0.9999045520711701
10170.0,10179.8,True,baseload,0.9999045512676108
10200.0,10209.8,True,baseload,0.9999000128447235
10230.0,10239.8,True,baseload,0.9999045512676052
10260.0,10269.8,True,baseload,0.99990455388739
10290.0,10299.8,True,baseload,0.9999000128447177
10320.0,10329.8,True,baseload,0.9998997597311192
10350.0,10359.8,True,baseload,0.999900053478229
10380.0,10389.8,True,baseload,0.9999000144664933
10410.0,10419.8,True,baseload,0.9999045538873897
10440.0,10449.8,True,baseload,0.9998960053218235
10470.0,10479.8,True,baseload,0.9999000136483347
10500.0,10509.8,True,fridge,0.2904108806166674
10530.0,10539.8,True,fridge,0.29041088095141054
10560.0,10569.8,True,fridge,0.2904108806166674
10590.0,10599.8,True,fridge,0.2902211360150391
10620.0,10629.8,True,fridge,0.2904108806166674
10650.0,10659.8,True,fridge,0.29041088095141054
10680.0,10689.8,True,fridge,0.2902211360150391
10710.0,10719.8,True,fridge,0.29022115070916915
10740.0,10749.8,True,fridge,0.29041088095141054
10770.0,10779.8,True,fridge,0.2904108806166674
10800.0,10809.8,True,fridge,0.29022115070916915
10830.0,10839.8,True,fridge,0.30112660269987973
10860.0,10869.8,True,fridge,0.30112658706324275
10890.0,10899.8,True,fridge,0.30112658656264873
10920.0,10929.8,True,fridge,0.3013210363316491
10950.0,10959.8,True,fridge,0.29825381383223537
10980.0,10989.8,True,fridge,0.2981250411157976
11010.0,11019.8,True,fridge,0.298109616450383
11040.0,11049.8,True,fridge,0.3011266020312207
11070.0,11079.8,True,fridge,0.3013209789484293
11100.0,11109.8,True,fridge,0.3011266022345082
11130.0,11139.8,True,fridge,0.30111085075728206
11160.0,11169.8,True,fridge,0.3013210366746892
11190.0,11199.8,True,baseload,0.9998960053218235
11220.0,11229.8,True,baseload,0.9999045520712286
11250.0,11259.8,True,baseload,0.9999045538874011
11280.0,11289.8,True,baseload,0.9999000136632473
11310.0,11319.8,True,baseload,0.9999045512676121
11340.0,11349.8,True,baseload,0.9999045538874388
11370.0,11379.8,True,baseload,0.9999000544558787
11400.0,11409.8,True,baseload,0.9999045530837726
11430.0,11439.8,True,baseload,0.9999045512675538
11460.0,11469.8,True,baseload,0.999900012844801
11490.0,11499.8,True,baseload,0.9999045520712317
11520.0,11529.8,True,baseload,0.999900053478229
11550.0,11559.8,True,baseload,0.999900053478229
11580.0,11589.8,True,baseload,0.9999000544558809
11610.0,11619.8,True,baseload,0.9999045538874395
11640.0,11649.8,True,baseload,0.9999000128448032
11670.0,11679.8,True,baseload,0.9999000128447346
11700.0,11709.8,True,baseload,0.999904553083892
11730.0,11739.8,True,baseload,0.9999045512676048
11760.0,11769.8,True,baseload,0.9999000136632473
11790.0,11799.8,True,baseload,0.9999000136483347
11820.0,11829.8,True,baseload,0.999900012844716
11850.0,11859.8,True,baseload,0.9999000144664929
11880.0,11889.8,True,washing_machine,0.9223399855735949
11910.0,11919.8,True,baseload,0.9999045538874388
11940.0,11949.8,True,baseload,0.9999045530837666
11970.0,11979.8,True,baseload,0.9999045512676032
12000.0,12009.8,True,baseload,0.999896004556539
12030.0,12039.8,True,baseload,0.9999045512676412
12060.0,12069.8,True,washing_machine,0.9216221742574119
12090.0,12099.8,True,baseload,0.9999045533573537
12120.0,12129.8,True,baseload,0.999896004556539
12150.0,12159.8,True,baseload,0.99990455207123
12180.0,12189.8,True,baseload,0.9999000136483347
12210.0,12219.8,True,washing_machine,0.9216447206123586
12240.0,12249.8,True,baseload,0.999900053478229
12270.0,12279.8,True,baseload,0.9998960053218235
12300.0,12309.8,True,baseload,0.9999045530837726
12330.0,12339.8,True,baseload,0.9999045530838139
12360.0,12369.8,True,baseload,0.9999045538873904
12390.0,12399.8,True,baseload,0.9999000136483343
12420.0,12429.8,True,baseload,0.999900053478229
12450.0,12459.8,True,washing_machine,0.9223625672619595
12480.0,12489.8,True,baseload,0.9999045515411975
12510.0,12519.8,True,baseload,0.99990455207123
12540.0,12549.8,True,baseload,0.9999045520712286
12570.0,12579.8,True,washing_machine,0.9216221740825025
12600.0,12609.8,True,baseload,0.9999045515412044
12630.0,12639.8,True,baseload,0.9999045530837726
12660.0,12669.8,True,baseload,0.999900053478229
12690.0,12699.8,True,baseload,0.9999045512676197
12720.0,12729.8,True,baseload,0.9999000128447235
12750.0,12759.8,True,baseload,0.9999000128447235
12780.0,12789.8,True,baseload,0.9999000537969065
12810.0,12819.8,True,baseload,0.999900053478229
12840.0,12849.8,True,baseload,0.999900053478229
12870.0,12879.8,True,baseload,0.9999045530837721
12900.0,12909.8,True,baseload,0.99990455207123
12930.0,12939.8,True,washing_machine,0.9999820262786767
12960.0,12969.8,True,baseload,0.9999045538873937
12990.0,12999.8,True,baseload,0.9999045538873895
13020.0,13029.8,True,baseload,0.9999000544558789
13050.0,13059.8,True,baseload,0.9998960053218227
13080.0,13089.8,True,baseload,0.9999000544558787
13110.0,13119.8,True,baseload,0.9999000128447235
13140.0,13149.8,True,baseload,0.9999000128448032
13170.0,13179.8,True,baseload,0.9999045512676052
13200.0,13209.8,True,baseload,0.9999045512676086
13230.0,13239.8,True,baseload,0.9999000128447182
13260.0,13269.8,True,baseload,0.9998960053218235
13290.0,13299.8,True,baseload,0.9999000136631747
13320.0,13329.8,True,baseload,0.9999000128447182
13350.0,13359.8,True,baseload,0.9999045538873895
13380.0,13389.8,True,baseload,0.9999045530837699
13410.0,13419.8,True,washing_machine,0.9216507793748013
13440.0,13449.8,True,baseload,0.9999000544558787
13470.0,13479.8,True,washing_machine,0.9999818463857537
13500.0,13509.8,True,baseload,0.9999000544558789
13530.0,13539.8,True,baseload,0.999900012844716
13560.0,13569.8,True,fridge,0.2982518219188185
13590.0,13599.8,True,fridge,0.3013210366746892
13620.0,13629.8,True,fridge,0.30112658706324275
13650.0,13659.8,True,fridge,0.2981250411157976
13680.0,13689.8,True,fridge,0.2983000627411102
13710.0,13719.8,True,fridge,0.2982591659831385
13740.0,13749.8,True,fridge,0.2982363891823362
13770.0,13779.8,True,fridge,0.30112658706324275
13800.0,13809.8,True,fridge,0.30112658706324275
13830.0,13839.8,True,fridge,0.2982518212295726
13860.0,13869.8,True,fridge,0.3011266020312207
13890.0,13899.8,True,fridge,0.3013210363316491
13920.0,13929.8,True,fridge,0.2982611575462067
13950.0,13959.8,True,fridge,0.29825182262409017
13980.0,13989.8,True,fridge,0.30112658706324275
14010.0,14019.8,True,fridge,0.3013210363316491
14040.0,14049.8,True,fridge,0.29826115807202935
14070.0,14079.8,True,fridge,0.2982518212295726
14100.0,14109.8,True,fridge,0.2982457252028807
14130.0,14139.8,True,fridge,0.3013210366746892
14160.0,14169.8,True,fridge,0.29825182172787107
14190.0,14199.8,True,fridge,0.30112658706324275
14220.0,14229.8,True,fridge,0.30111086572576506
14250.0,14259.8,True,fridge,0.2982518219188185
14280.0,14289.8,True,fridge,0.30112658706324275
14310.0,14319.8,True,fridge,0.30112658656264873
14340.0,14349.8,True,fridge,0.29641760316169913
14370.0,14379.8,True,baseload,0.9999000128448032
14400.0,14409.8,True,baseload,0.999900053478229
14430.0,14439.8,True,baseload,0.999900012844716
14460.0,14469.8,True,baseload,0.99990455388739
14490.0,14499.8,True,washing_machine,0.9223399854163823
14520.0,14529.8,True,baseload,0.999904551267611
14550.0,14559.8,True,baseload,0.999900053478229
14580.0,14589.8,True,baseload,0.9998960053218231
14610.0,14619.8,True,baseload,0.9999000544558789
14640.0,14649.8,True,washing_machine,0.9216447270130905
14670.0,14679.8,True,baseload,0.999904551541194
14700.0,14709.8,True,baseload,0.999900053478229
14730.0,14739.8,True,baseload,0.9998960053218235
14760.0,14769.8,True,baseload,0.9998960053218235
14790.0,14799.8,True,baseload,0.999900053478229
14820.0,14829.8,True,baseload,0.9999000128448001
14850.0,14859.8,True,baseload,0.9999000544558789
14880.0,14889.8,True,baseload,0.9999000537969063
14910.0,14919.8,True,baseload,0.999900053478229
14940.0,14949.8,True,washing_machine,0.9216447206123586
14970.0,14979.8,True,washing_machine,0.9216447270130905
15000.0,15009.8,True,washing_machine,0.9216507731434502
15030.0,15039.8,True,baseload,0.9999045512676379
15060.0,15069.8,True,washing_machine,0.9242323185335668
15090.0,15099.8,True,baseload,0.999896004556539
15120.0,15129.8,True,baseload,0.9999000544558789
15150.0,15159.8,True,baseload,0.9999000128447235
15180.0,15189.8,True,baseload,0.9999045520712289
15210.0,15219.8,True,baseload,0.999900053478229
15240.0,15249.8,True,baseload,0.9999000128448035
15270.0,15279.8,True,washing_machine,0.9999825004880173
15300.0,15309.8,True,baseload,0.9998960053218235
15330.0,15339.8,True,washing_machine,0.9999818479066822
15360.0,15369.8,True,baseload,0.9998960053218235
15390.0,15399.8,True,baseload,0.9999000128447313
15420.0,15429.8,True,washing_machine,0.9242540838894245
15450.0,15459.8,True,baseload,0.9999000136483347
15480.0,15489.8,True,baseload,0.999900053478229
15510.0,15519.8,True,baseload,0.9999000537969251
15540.0,15549.8,True,washing_machine,0.9223699483857905
15570.0,15579.8,True,baseload,0.9999045530837686
15600.0,15609.8,True,baseload,0.9999000544558792
15630.0,15639.8,True,baseload,0.9999045530837721
15660.0,15669.8,True,baseload,0.9999000131183043
15690.0,15699.8,True,baseload,0.9999000136483347
15720.0,15729.8,True,baseload,0.999900012844716
15750.0,15759.8,True,washing_machine,0.9216507731461161
15780.0,15789.8,True,baseload,0.9999000537969065
15810.0,15819.8,True,washing_machine,0.9223625673122383
15840.0,15849.8,True,baseload,0.9999000128447233
15870.0,15879.8,True,baseload,0.999900053478229
15900.0,15909.8,True,washing_machine,0.9216221742551876
15930.0,15939.8,True,baseload,0.9999045512676032
15960.0,15969.8,True,baseload,0.9999000537969063
15990.0,15999.8,True,baseload,0.9999000544558792
16020.0,16029.8,True,washing_machine,0.9216282263752396
16050.0,16059.8,True,washing_machine,0.9242323185335668
16080.0,16089.8,True,baseload,0.999896004556539
16110.0,16119.8,True,baseload,0.9998960053218227
16140.0,16149.8,True,baseload,0.9999000128447348
16170.0,16179.8,True,baseload,0.9999000128447177
16200.0,16209.8,True,washing_machine,0.9999818463857064
16230.0,16239.8,True,washing_machine,0.9999907471031952
16260.0,16269.8,True,baseload,0.999899760552438
16290.0,16299.8,True,baseload,0.99990455388739
16320.0,16329.8,True,baseload,0.999900053478229
16350.0,16359.8,True,baseload,0.9999000544558789
16380.0,16389.8,True,washing_machine,0.9216282263342758
16410.0,16419.8,True,washing_machine,0.921644727232654
16440.0,16449.8,True,washing_machine,0.9223625737622823
16470.0,16479.8,True,baseload,0.9998960053218235
16500.0,16509.8,True,washing_machine,0.999981846025975
16530.0,16539.8,True,washing_machine,0.9216507731452177
16560.0,16569.8,True,baseload,0.9999000136631716
16590.0,16599.8,True,baseload,0.9999000144664922
16620.0,16629.8,True,baseload,0.9999000128447941
16650.0,16659.8,True,baseload,0.9999000544558787
16680.0,16689.8,True,washing_machine,0.9223625680460528
16710.0,16719.8,True,baseload,0.9999000544558792
16740.0,16749.8,True,washing_machine,0.9216447207835892
16770.0,16779.8,True,washing_machine,0.9216447206123586
16800.0,16809.8,True,washing_machine,0.9223625737099806
16830.0,16839.8,True,baseload,0.9999000136631692
16860.0,16869.8,True,baseload,0.9999000537969063
16890.0,16899.8,True,baseload,0.9999000128447346
16920.0,16929.8,True,baseload,0.999900053478229
16950.0,16959.8,True,fridge,0.28727755316937115
16980.0,16989.8,True,fridge,0.28742582906214215
17010.0,17019.8,True,fridge,0.2874258285763815
17040.0,17049.8,True,fridge,0.2872926007605521
17070.0,17079.8,True,fridge,0.2874016648805652
17100.0,17109.8,True,fridge,0.287463841144742
17130.0,17139.8,True,fridge,0.2982611563595808
17160.0,17169.8,True,fridge,0.30112658656264873
17190.0,17199.8,True,fridge,0.29823639017132836
17220.0,17229.8,True,fridge,0.3011108749731581
17250.0,17259.8,True,fridge,0.28769377337278124
17280.0,17289.8,True,fridge,0.28742582906214215
17310.0,17319.8,True,fridge,0.2877101841549427
17340.0,17349.8,True,fridge,0.2874638414336992
17370.0,17379.8,True,fridge,0.2876955239585652
17400.0,17409.8,True,fridge,0.29022113552693946
17430.0,17439.8,True,fridge,0.28795520871984936
17460.0,17469.8,True,fridge,0.2874258275433702
17490.0,17499.8,True,fridge,0.287463841144742
17520.0,17529.8,True,fridge,0.2985525706801284
17550.0,17559.8,True,fridge,0.29826115807202935
17580.0,17589.8,True,fridge,0.29830006171810275
17610.0,17619.8,True,fridge,0.29830006367721634
17640.0,17649.8,True,fridge,0.2982457252028807
17670.0,17679.8,True,fridge,0.2983000613050323
17700.0,17709.8,True,fridge,0.2982518228919826
17730.0,17739.8,True,fridge,0.29749029863124105
17760.0,17769.8,True,fridge,0.2982538140505528
17790.0,17799.8,True,fridge,0.9999994840333026
17820.0,17829.8,True,fridge,0.9999994773442036
17850.0,17859.8,True,fridge,0.9999994840332918
17880.0,17889.8,True,fridge,0.2982850601900616
17910.0,17919.8,True,fridge,0.9999994767128628
17940.0,17949.8,True,fridge,0.9999994839926327
17970.0,17979.8,True,fridge,0.9999994773442036
18000.0,18009.8,True,fridge,0.9999994419992083
18030.0,18039.8,True,pc,0.2430144902490099
18060.0,18069.8,True,baseload,0.2700701222670058
18090.0,18099.8,True,pc,0.24279582570847444
18120.0,18129.8,True,fridge,0.9999923856526061
18150.0,18159.8,True,fridge,0.9999840515519768
18180.0,18189.8,True,fridge,0.9999845606394495
18210.0,18219.8,True,fridge,0.9999859098936816
18240.0,18249.8,True,fridge,0.9999858401604221
18270.0,18279.8,True,fridge,0.9999858312174034
18300.0,18309.8,True,fridge,0.9999840452024006
18330.0,18339.8,True,fridge,0.9999858401556114
18360.0,18369.8,True,fridge,0.9999845484789145
18390.0,18399.8,True,fridge,0.9999859148027848
18420.0,18429.8,False,off,
18450.0,18459.8,True,fridge,0.9999840505770169
18480.0,18489.8,True,fridge,0.9999840492060802
18510.0,18519.8,False,off,
18540.0,18549.8,False,off,
18570.0,18579.8,False,off,
18600.0,18609.8,True,fridge,0.9999845513474178
18630.0,18639.8,False,off,
18660.0,18669.8,True,fridge,0.9999844710931909
18690.0,18699.8,False,off,
18720.0,18729.8,True,fridge,0.9999840493169613
18750.0,18759.8,True,fridge,0.9999840466003485
18780.0,18789.8,True,fridge,0.9999842555869362
18810.0,18819.8,False,off,
18840.0,18849.8,True,fridge,0.9999858270659661
18870.0,18879.8,True,fridge,0.9999844749889116
18900.0,18909.8,True,fridge,0.999984475139401
18930.0,18939.8,False,off,
18960.0,18969.8,True,fridge,0.9999858360220855
18990.0,18999.8,True,fridge,0.9999840449271522
19020.0,19029.8,True,fridge,0.9999839713689447
19050.0,19059.8,True,fridge,0.9999840500826102
19080.0,19089.8,True,fridge,0.9999840449272053
19110.0,19119.8,True,fridge,0.9999840432630512
19140.0,19149.8,True,baseload,0.37470017501814235
19170.0,19179.8,True,fridge,0.999992285855258
19200.0,19209.8,True,fridge,0.9999840519495327
19230.0,19239.8,True,baseload,0.3491074764240398
19260.0,19269.8,True,baseload,0.3743446140839949
19290.0,19299.8,True,baseload,0.3489260218382941
19320.0,19329.8,True,baseload,0.3513100018602184
19350.0,19359.8,True,fridge,0.9999841108581476
19380.0,19389.8,True,baseload,0.3513155498915036
19410.0,19419.8,True,baseload,0.3280250183073479
19440.0,19449.8,True,fridge,0.9999932891265703
19470.0,19479.8,True,fridge,0.999984978192089
19500.0,19509.8,True,baseload,0.24283308222663913
19530.0,19539.8,True,fridge,0.9999846124710097
19560.0,19569.8,True,baseload,0.2694233230433539
19590.0,19599.8,True,baseload,0.24263789369425254
19620.0,19629.8,True,baseload,0.24235116302312334
19650.0,19659.8,True,baseload,0.24263342494057777
19680.0,19689.8,True,baseload,0.2694233157241572
19710.0,19719.8,True,fridge,0.9999855724331794
19740.0,19749.8,True,fridge,0.9999856510926156
19770.0,19779.8,True,baseload,0.26942331313319806
19800.0,19809.8,True,pc,0.27085548743152504
19830.0,19839.8,True,baseload,0.24263789159693908
19860.0,19869.8,True,baseload,0.24243284024630665
19890.0,19899.8,True,baseload,0.2693650114259986
19920.0,19929.8,True,pc,0.27085700145053565
19950.0,19959.8,True,baseload,0.24243277715997538
19980.0,19989.8,True,baseload,0.26936501027242055
20010.0,20019.8,True,baseload,0.24243277746824732
20040.0,20049.8,True,fridge,0.9999855724305253
20070.0,20079.8,True,baseload,0.26921106283359547
20100.0,20109.8,True,baseload,0.2692110532930678
20130.0,20139.8,True,baseload,0.24243277793286458
20160.0,20169.8,True,baseload,0.2692158377818089
20190.0,20199.8,True,baseload,0.2692110539904913
20220.0,20229.8,True,fridge,0.9999854829944108
20250.0,20259.8,True,baseload,0.2692110532417588
20280.0,20289.8,True,baseload,0.24243277906005245
20310.0,20319.8,True,baseload,0.2692110533606983
20340.0,20349.8,True,baseload,0.26886711250389544
20370.0,20379.8,True,baseload,0.2693650101715402
20400.0,20409.8,True,fridge,0.9999855724353951
20430.0,20439.8,True,baseload,0.24243341404831273
20460.0,20469.8,True,baseload,0.26936501057520107
20490.0,20499.8,True,baseload,0.24243277794353216
20520.0,20529.8,True,fridge,0.999985482999208
20550.0,20559.8,True,pc,0.27059707241055786
20580.0,20589.8,True,baseload,0.26936500939793306
20610.0,20619.8,True,fridge,0.9999955715407268
20640.0,20649.8,True,fridge,0.9999955503119901
20670.0,20679.8,True,fridge,0.9999955715407461
20700.0,20709.8,True,fridge,0.9999955476022853
20730.0,20739.8,True,fridge,0.9999955742015952
20760.0,20769.8,True,fridge,0.9999955717250727
20790.0,20799.8,True,fridge,0.9999955737284424
20820.0,20829.8,True,fridge,0.9999955476022877
20850.0,20859.8,True,fridge,0.9999955742015935
20880.0,20889.8,True,fridge,0.9999955742015941
20910.0,20919.8,True,fridge,0.9999955717250847
20940.0,20949.8,True,fridge,0.9999955717250656
20970.0,20979.8,True,fridge,0.9999955742015946
21000.0,21009.8,True,fridge,0.9999955717250514
21030.0,21039.8,True,fridge,0.9999955717250503
21060.0,21069.8,True,fridge,0.9999955715407441
21090.0,21099.8,True,fridge,0.9999955717250707
21120.0,21129.8,True,fridge,0.9999955476039506
21150.0,21159.8,True,fridge,0.9999955480753979
21180.0,21189.8,True,baseload,0.2692110677893318
21210.0,21219.8,True,baseload,0.26862075835702676
21240.0,21249.8,True,baseload,0.2686207567752749
21270.0,21279.8,True,baseload,0.2424372596752933
21300.0,21309.8,True,baseload,0.2689641570105651
21330.0,21339.8,True,baseload,0.2702144504741579
21360.0,21369.8,True,baseload,0.26945971229457966
21390.0,21399.8,True,baseload,0.27011726882833387
21420.0,21429.8,True,baseload,0.26892622397541655
21450.0,21459.8,True,baseload,0.26892622371013325
21480.0,21489.8,True,baseload,0.26907929274136116
21510.0,21519.8,True,baseload,0.2685821589551379
21540.0,21549.8,True,pv,0.9999999225482141
21570.0,21579.8,True,baseload,0.2685821594365076
21600.0,21609.8,True,baseload,0.26858215821523207
21630.0,21639.8,True,pv,0.9999999225746521
21660.0,21669.8,True,baseload,0.24211132785772646
21690.0,21699.8,True,pv,0.9999999224708831
21720.0,21729.8,True,pv,0.9999999225213472
21750.0,21759.8,True,baseload,0.2685821579163054
21780.0,21789.8,True,baseload,0.2689302185118671
21810.0,21819.8,True,baseload,0.26892622394354143
21840.0,21849.8,True,baseload,0.2685821590080079
21870.0,21879.8,True,pv,0.9999999225213472
21900.0,21909.8,True,baseload,0.268930218508657
21930.0,21939.8,True,pv,0.999999922548497
21960.0,21969.8,True,baseload,0.26892622384389925
21990.0,21999.8,True,pv,0.9999999225746521
22020.0,22029.8,True,pv,0.9999999225213472
22050.0,22059.8,True,baseload,0.26858215812972996
22080.0,22089.8,True,baseload,0.2685823945929617
22110.0,22119.8,True,baseload,0.26971595670022175
22140.0,22149.8,True,baseload,0.26971595665893033
22170.0,22179.8,True,baseload,0.2697159560304611
22200.0,22209.8,True,baseload,0.26892544079951264
22230.0,22239.8,True,baseload,0.26858215918743306
22260.0,22269.8,True,baseload,0.2685821564097738
22290.0,22299.8,True,baseload,0.2685821557676093
22320.0,22329.8,True,baseload,0.2695236658104317
22350.0,22359.8,True,baseload,0.2689262204095571
22380.0,22389.8,True,baseload,0.2691745751411507
22410.0,22419.8,True,baseload,0.2685821557783676
22440.0,22449.8,True,baseload,0.2697159515761167
22470.0,22479.8,True,pv,0.9999999225213458
22500.0,22509.8,True,pv,0.9999999225482137
22530.0,22539.8,True,baseload,0.2697159610902818
22560.0,22569.8,True,pv,0.9999999224707952
22590.0,22599.8,True,pv,0.9999999225459231
22620.0,22629.8,True,baseload,0.2697271036219717
22650.0,22659.8,True,pv,0.9999999225213423
22680.0,22689.8,True,pv,0.9999999225482117
22710.0,22719.8,True,pv,0.9999999225213436
22740.0,22749.8,True,baseload,0.26893021001424283
22770.0,22779.8,True,baseload,0.2685821507376341
22800.0,22809.8,True,pv,0.9999999223821183
22830.0,22839.8,True,baseload,0.2685823862533462
22860.0,22869.8,True,baseload,0.26892621539896316
22890.0,22899.8,True,baseload,0.269174564111886
22920.0,22929.8,True,pv,0.9999999225213407
22950.0,22959.8,True,baseload,0.2697159426587446
22980.0,22989.8,True,baseload,0.2697159420329571
23010.0,23019.8,True,baseload,0.26971594119371795
23040.0,23049.8,True,pv,0.9999999224708771
23070.0,23079.8,True,baseload,0.2689302046826635
23100.0,23109.8,True,pv,0.9999999224707934
23130.0,23139.8,True,baseload,0.2685821451465591
23160.0,23169.8,True,baseload,0.2695236554670146
23190.0,23199.8,True,pv,0.9999999225140215
23220.0,23229.8,True,baseload,0.2689302046826635
23250.0,23259.8,True,fridge,0.9999980836926537
23280.0,23289.8,True,fridge,0.999995574396064
23310.0,23319.8,True,fridge,0.9999955703216182
23340.0,23349.8,True,fridge,0.9999955482718412
23370.0,23379.8,True,fridge,0.9999955669116684
23400.0,23409.8,True,fridge,0.999995545068484
23430.0,23439.8,True,fridge,0.999995545066805
23460.0,23469.8,True,fridge,0.9999955690559856
23490.0,23499.8,True,fridge,0.9999955669117296
23520.0,23529.8,True,fridge,0.999995531712874
23550.0,23559.8,True,fridge,0.9999955317128603
23580.0,23589.8,True,fridge,0.9999955338858308
23610.0,23619.8,True,pc,0.6857742247403752
23640.0,23649.8,True,pc,0.685774219360812
23670.0,23679.8,True,pc,0.6857742220746577
23700.0,23709.8,True,pc,0.6857742249995286
23730.0,23739.8,True,pc,0.6857742219052041
23760.0,23769.8,True,fridge,0.9828828846436617
23790.0,23799.8,True,pc,0.6857742265338244
23820.0,23829.8,True,pc,0.6857742250943881
23850.0,23859.8,True,pc,0.685774219854745
23880.0,23889.8,True,pc,0.6857742122172993
23910.0,23919.8,True,fridge,0.9828828620268507
23940.0,23949.8,True,pc,0.6857742250630385
23970.0,23979.8,True,pc,0.6857742191068201
24000.0,24009.8,True,pc,0.6857742255883208
24030.0,24039.8,True,pc,0.685774226998442
24060.0,24069.8,True,pc,0.6857742123867526
24090.0,24099.8,True,fridge,0.9828828615857571
24120.0,24129.8,True,fridge,0.9828828620268463
24150.0,24159.8,True,fridge,0.982882862026586
24180.0,24189.8,True,pv,0.9999999224598157
24210.0,24219.8,True,pv,0.9999999223821159
24240.0,24249.8,True,baseload,0.26917456282944563
24270.0,24279.8,True,pv,0.9999999225213394
24300.0,24309.8,True,baseload,0.26917456576310783
24330.0,24339.8,True,baseload,0.2697167195294403
24360.0,24369.8,True,pv,0.9999999224859673
24390.0,24399.8,True,pv,0.9999999224598122
24420.0,24429.8,True,pv,0.9999999224595302
24450.0,24459.8,True,pv,0.9999999223821152
24480.0,24489.8,True,pv,0.9999999223821157
24510.0,24519.8,True,pv,0.9999999225140195
24540.0,24549.8,True,pv,0.9999999223821157
24570.0,24579.8,True,pv,0.9999999223821152
24600.0,24609.8,True,pv,0.9999999223821157
24630.0,24639.8,True,pv,0.9999999224595302
24660.0,24669.8,True,baseload,0.2695236487300937
24690.0,24699.8,True,pv,0.9999999225746452
24720.0,24729.8,True,pv,0.9999999225484917
24750.0,24759.8,True,pv,0.9999999223822005
24780.0,24789.8,True,pv,0.99999992245953
24810.0,24819.8,True,baseload,0.2685823743664904
24840.0,24849.8,True,pv,0.9999999224595288
24870.0,24879.8,True,pv,0.9999999224598106
24900.0,24909.8,True,pv,0.9999999223821148
24930.0,24939.8,True,pv,0.9999999224859648
24960.0,24969.8,True,pv,0.9999999224859648
24990.0,24999.8,True,pv,0.9999999224598095
25020.0,25029.8,True,baseload,0.2691745535236911
25050.0,25059.8,True,pv,0.9999999224707916
25080.0,25089.8,True,pv,0.9999999224326501
25110.0,25119.8,True,baseload,0.2685821333471885
25140.0,25149.8,True,pv,0.9999999224598111
25170.0,25179.8,True,pv,0.9999999225746445
25200.0,25209.8,True,pv,0.9999999224859664
25230.0,25239.8,True,baseload,0.269523643290665
25260.0,25269.8,True,pv,0.999999922459814
25290.0,25299.8,True,baseload,0.26858213379962687
25320.0,25329.8,True,pv,0.9999999224595295
25350.0,25359.8,True,baseload,0.269523643290665
25380.0,25389.8,True,baseload,0.2697207013080289
25410.0,25419.8,True,pv,0.9999999223821994
25440.0,25449.8,True,baseload,0.2685821338202071
25470.0,25479.8,True,pv,0.9999999223772089
25500.0,25509.8,True,baseload,0.269174541003067
25530.0,25539.8,True,baseload,0.26917454187411927
25560.0,25569.8,True,pv,0.9999999224859661
25590.0,25599.8,True,pv,0.9999999216395715
25620.0,25629.8,True,pv,0.9999999224595295
25650.0,25659.8,True,baseload,0.26917453974807226
25680.0,25689.8,True,baseload,0.26624315683351396
25710.0,25719.8,True,baseload,0.19387676431682646
25740.0,25749.8,True,baseload,0.18923994201657593
25770.0,25779.8,True,baseload,0.19537171605827422
25800.0,25809.8,True,baseload,0.18550785037359527
25830.0,25839.8,True,fridge,0.3003371547839083
25860.0,25869.8,True,baseload,0.26858235374651435
25890.0,25899.8,True,fridge,0.2846620043551023
25920.0,25929.8,True,baseload,0.19353229055384105
25950.0,25959.8,True,baseload,0.19536237622970043
25980.0,25989.8,True,baseload,0.1878442100243212
26010.0,26019.8,True,fridge,0.4383059229846761
26040.0,26049.8,True,baseload,0.18689037207898004
26070.0,26079.8,True,fridge,0.29886861577252916
26100.0,26109.8,True,baseload,0.19387675396007578
26130.0,26139.8,True,baseload,0.19565319621141788
26160.0,26169.8,True,fridge,0.4368904995217174
26190.0,26199.8,True,fridge,0.2837022337608049
26220.0,26229.8,True,baseload,0.1938767533425295
26250.0,26259.8,True,fridge,0.9999857969795172
26280.0,26289.8,True,baseload,0.1942784098267211
26310.0,26319.8,True,baseload,0.19536237630728537
26340.0,26349.8,True,pc,0.22261818744009565
26370.0,26379.8,True,baseload,0.26917477187435945
26400.0,26409.8,True,fridge,0.2838379870012289
26430.0,26439.8,True,baseload,0.1953620941762691
26460.0,26469.8,True,baseload,0.19536237489915148
26490.0,26499.8,True,baseload,0.18794730317934685
26520.0,26529.8,True,fridge,0.18638401520497
26550.0,26559.8,True,baseload,0.19427840974743682
26580.0,26589.8,True,pc,0.2178917679033802
26610.0,26619.8,True,baseload,0.2826757613232873
26640.0,26649.8,True,baseload,0.20534818267869934
26670.0,26679.8,True,baseload,0.20492946145728713
26700.0,26709.8,True,fridge,0.9999857407137359
26730.0,26739.8,True,fridge,0.28310598514210694
26760.0,26769.8,True,pc,0.38769996714620447
26790.0,26799.8,True,pc,0.3812644302534129
26820.0,26829.8,True,pc,0.6857742251171557
26850.0,26859.8,True,pc,0.6857742247403744
26880.0,26889.8,True,fridge,0.6088442981551542
26910.0,26919.8,True,pc,0.9999991921278223
26940.0,26949.8,True,fridge,0.9828828371621648
26970.0,26979.8,True,fridge,0.9828828371621511
27000.0,27009.8,True,fridge,0.9828828346266909
27030.0,27039.8,True,fridge,0.9828828619273376
27060.0,27069.8,True,fridge,0.9828828371621626
27090.0,27099.8,True,fridge,0.982882862441198
27120.0,27129.8,True,fridge,0.9828828371621748
27150.0,27159.8,True,fridge,0.9828828371621646
27180.0,27189.8,True,fridge,0.9828828366483142
27210.0,27219.8,True,fridge,0.9828828615857815
27240.0,27249.8,True,fridge,0.9828828619273379
27270.0,27279.8,True,fridge,0.9828828371621663
27300.0,27309.8,True,fridge,0.9828828366483172
27330.0,27339.8,True,pv,0.9999999286761296
27360.0,27369.8,True,pv,0.999999928676129
27390.0,27399.8,True,pv,0.9999999287823009
27420.0,27429.8,True,pv,0.9999999286760439
27450.0,27459.8,True,pv,0.9999999287621688
27480.0,27489.8,True,pv,0.9999999287823012
27510.0,27519.8,True,pv,0.9999999286760441
27540.0,27549.8,True,pv,0.9999999287823012
27570.0,27579.8,True,pv,0.9999999286760448
27600.0,27609.8,True,baseload,0.21776892259788802
27630.0,27639.8,True,pv,0.9999999287624501
27660.0,27669.8,True,pv,0.9999999286761292
27690.0,27699.8,True,pv,0.999999928676129
27720.0,27729.8,True,pv,0.9999999286760444
27750.0,27759.8,True,pv,0.9999999286760446
27780.0,27789.8,True,baseload,0.21776892368717782
27810.0,27819.8,True,baseload,0.2175829559487339
27840.0,27849.8,True,pv,0.9999999286760439
27870.0,27879.8,True,baseload,0.2185423311571935
27900.0,27909.8,True,baseload,0.2185423307586232
27930.0,27939.8,True,pv,0.9999999286761287
27960.0,27969.8,True,pv,0.9999999286760448
27990.0,27999.8,True,baseload,0.21854253481930966
28020.0,28029.8,True,pv,0.9999999287823009
28050.0,28059.8,True,baseload,0.21805789026500833
28080.0,28089.8,True,pv,0.9999999286760441
28110.0,28119.8,True,baseload,0.21599850495119294
28140.0,28149.8,True,pv,0.9999999286760446
28170.0,28179.8,True,pv,0.9999999287823005
28200.0,28209.8,True,pv,0.9999999287823009
28230.0,28239.8,True,pv,0.9999999286761287
28260.0,28269.8,True,pv,0.9999999287823009
28290.0,28299.8,True,pv,0.9999999286760446
28320.0,28329.8,True,pv,0.9999999286760441
28350.0,28359.8,True,pv,0.9999999286760439
28380.0,28389.8,True,baseload,0.2158153458704979
28410.0,28419.8,True,pv,0.9999999287823005
28440.0,28449.8,True,baseload,0.21828305738151696
28470.0,28479.8,True,baseload,0.21854233161740516
28500.0,28509.8,True,pv,0.9999999287823007
28530.0,28539.8,True,pv,0.999999928676129
28560.0,28569.8,True,pv,0.9999999286760444
28590.0,28599.8,True,pv,0.9999999287823007
28620.0,28629.8,True,pv,0.9999999287823009
28650.0,28659.8,True,pv,0.9999999287823007
28680.0,28689.8,True,pv,0.999999928676129
28710.0,28719.8,True,pv,0.9999999279335033
28740.0,28749.8,True,pv,0.999999928676129
28770.0,28779.8,True,pv,0.9999999286761287
28800.0,28809.8,True,baseload,0.2159985015056467
28830.0,28839.8,True,pv,0.9999999287823007
28860.0,28869.8,True,pv,0.9999999287823007
28890.0,28899.8,True,pv,0.999999928582463
28920.0,28929.8,True,pv,0.9999999287624497
28950.0,28959.8,True,pv,0.9999999286760437
28980.0,28989.8,True,pv,0.9999999286760444
29010.0,29019.8,True,pv,0.9999999286760448
29040.0,29049.8,True,pv,0.9999999286760437
29070.0,29079.8,True,pv,0.9999999286761287
29100.0,29109.8,True,baseload,0.218057885535455
29130.0,29139.8,True,pv,0.9999999286760444
29160.0,29169.8,True,pv,0.9999999288507433
29190.0,29199.8,True,pv,0.9999999288507428
29220.0,29229.8,True,pv,0.9999999289570397
29250.0,29259.8,True,pv,0.999999928850827
29280.0,29289.8,True,pv,0.9999999287571613
29310.0,29319.8,True,pv,0.9999999287571613
29340.0,29349.8,True,pv,0.9999999288507428
29370.0,29379.8,True,pv,0.9999999289371887
29400.0,29409.8,True,baseload,0.21870412579549273
29430.0,29439.8,True,fridge,0.2980351535033675
29460.0,29469.8,True,fridge,0.9828828374639698
29490.0,29499.8,True,fridge,0.982882837727848
29520.0,29529.8,True,fridge,0.982882837727848
29550.0,29559.8,True,fridge,0.9828828630069043
29580.0,29589.8,True,fridge,0.9828828245876016
29610.0,29619.8,True,fridge,0.9828828630069043
29640.0,29649.8,True,fridge,0.9828828377278553
29670.0,29679.8,True,fridge,0.9828828086639031
29700.0,29709.8,True,fridge,0.9828828334283012
29730.0,29739.8,True,fridge,0.9828828377278553
29760.0,29769.8,True,fridge,0.9828828086639093
29790.0,29799.8,True,fridge,0.9828828630069043
29820.0,29829.8,True,fridge,0.9828828245169613
29850.0,29859.8,True,fridge,0.9828828357063248
29880.0,29889.8,True,fridge,0.9828854449305473
29910.0,29919.8,True,fridge,0.9828828375320731
29940.0,29949.8,True,fridge,0.9807186622873268
29970.0,29979.8,True,pv,0.9999999288507431
30000.0,30009.8,True,pv,0.9999999289371918
30030.0,30039.8,True,pv,0.9999999288508268
30060.0,30069.8,True,pv,0.9999999288508272
30090.0,30099.8,True,pv,0.9999999288507322
30120.0,30129.8,True,pv,0.999999928850732
30150.0,30159.8,True,pv,0.9999999288507317
30180.0,30189.8,True,pv,0.9999999289371783
30210.0,30219.8,True,baseload,0.21871611978517314
30240.0,30249.8,True,pv,0.999999928850817
30270.0,30279.8,True,pv,0.9999999288508168
30300.0,30309.8,True,pv,0.9999999288508168
30330.0,30339.8,True,pv,0.9999999288507317
30360.0,30369.8,True,pv,0.9999999288508168
30390.0,30399.8,True,pv,0.9999999288507317
30420.0,30429.8,True,pv,0.9999999293688392
30450.0,30459.8,True,pv,0.9999999293688392
30480.0,30489.8,True,pv,0.9999999293689238
30510.0,30519.8,True,pv,0.999999929368839
30540.0,30549.8,True,pv,0.9999999292752576
30570.0,30579.8,True,pv,0.9999999293688392
30600.0,30609.8,True,pv,0.9999999292752576
30630.0,30639.8,True,pv,0.9999999292752578
30660.0,30669.8,True,pv,0.9999999292752576
30690.0,30699.8,True,pv,0.21274252627435522
30720.0,30729.8,True,pv,0.9999999293688385
30750.0,30759.8,True,pv,0.9999999293689233
30780.0,30789.8,True,pv,0.9999999293688385
30810.0,30819.8,True,pv,0.999999929368839
30840.0,30849.8,True,pv,0.9999999293689233
30870.0,30879.8,True,pv,0.21419440915185972
30900.0,30909.8,True,pv,0.9999999293689233
30930.0,30939.8,True,pv,0.9999999293689236
30960.0,30969.8,True,pv,0.9999999293689236
30990.0,30999.8,True,pv,0.9999999292752576
31020.0,31029.8,True,pv,0.9999999293688394
31050.0,31059.8,True,pv,0.9999999294346319
31080.0,31089.8,True,pv,0.9999999293688392
31110.0,31119.8,True,pv,0.9999999293689236
31140.0,31149.8,True,pv,0.9999999293688387
31170.0,31179.8,True,pv,0.9999999295700984
31200.0,31209.8,True,pv,0.9999999294636656
31230.0,31239.8,True,pv,0.9999999295700984
31260.0,31269.8,True,pv,0.9999999293558556
31290.0,31299.8,True,pv,0.21441973582995635
31320.0,31329.8,True,pv,0.999999929463581
31350.0,31359.8,True,pv,0.9999999294636651
31380.0,31389.8,True,pv,0.9999999294635801
31410.0,31419.8,True,pv,0.9999999294636649
31440.0,31449.8,True,pv,0.9999999293699992
31470.0,31479.8,True,pv,0.9999999293559413
31500.0,31509.8,True,pv,0.9999999294635799
31530.0,31539.8,True,pv,0.9999999294635818
31560.0,31569.8,True,pv,0.9999999287210382
31590.0,31599.8,True,pv,0.9999999294635799
31620.0,31629.8,True,pv,0.9999999294635805
31650.0,31659.8,True,pv,0.9999999294635803
31680.0,31689.8,True,pv,0.9999999294636662
31710.0,31719.8,True,pv,0.9999999294635863
31740.0,31749.8,True,pv,0.9999999295700978
31770.0,31779.8,True,pv,0.9999999286133132
31800.0,31809.8,True,pv,0.9999999294636662
31830.0,31839.8,True,pv,0.9999999293699992
31860.0,31869.8,True,pv,0.21419680136518737
31890.0,31899.8,True,pv,0.9999999294623704
31920.0,31929.8,True,pv,0.21419680137450164
31950.0,31959.8,True,pv,0.9999999294635799
31980.0,31989.8,True,pv,0.9999999294635801
32010.0,32019.8,True,pv,0.9999999293558549
32040.0,32049.8,True,pv,0.2141968013704956
32070.0,32079.8,True,pv,0.9999999294635803
32100.0,32109.8,True,pv,0.9999999295507652
32130.0,32139.8,True,pv,0.9999999294635807
32160.0,32169.8,True,pv,0.9999999293559408
32190.0,32199.8,True,pv,0.9999999294635799
32220.0,32229.8,True,pv,0.9999999293558551
32250.0,32259.8,True,pv,0.9999999293699992
32280.0,32289.8,True,pc,0.9999174195304323
32310.0,32319.8,True,fridge,0.9828828374508001
32340.0,32349.8,True,pc,0.9999174194358934
32370.0,32379.8,True,pc,0.9999175450643623
32400.0,32409.8,True,synchronous,0.4243839117583506
32430.0,32439.8,True,synchronous,0.4261380405977436
32460.0,32469.8,True,synchronous,0.4261380405977436
32490.0,32499.8,True,synchronous,0.42632836697162874
32520.0,32529.8,True,synchronous,0.4263283669560688
32550.0,32559.8,True,synchronous,0.42632836646259226
32580.0,32589.8,True,synchronous,0.4263280037416756
32610.0,32619.8,True,synchronous,0.4263283667550577
32640.0,32649.8,True,synchronous,0.4261380405977436
32670.0,32679.8,True,synchronous,0.42528740149948435
32700.0,32709.8,True,synchronous,0.4261380343640537
32730.0,32739.8,True,synchronous,0.4263283669560688
32760.0,32769.8,True,synchronous,0.42528739895925494
32790.0,32799.8,True,synchronous,0.42632850205322625
32820.0,32829.8,True,synchronous,0.426328501314371
32850.0,32859.8,True,synchronous,0.4261380405977436
32880.0,32889.8,True,synchronous,0.4263283669560688
32910.0,32919.8,True,synchronous,0.42632836697162874
32940.0,32949.8,True,synchronous,0.42632836609272734
32970.0,32979.8,True,synchronous,0.4263283669560688
33000.0,33009.8,True,synchronous,0.42632836697162874
33030.0,33039.8,True,synchronous,0.42632836697162874
33060.0,33069.8,True,synchronous,0.424050517723347
33090.0,33099.8,True,synchronous,0.9999970450914841
33120.0,33129.8,True,synchronous,0.9999970450914708
33150.0,33159.8,True,synchronous,0.999996998199266
33180.0,33189.8,True,synchronous,0.9999970701113425
33210.0,33219.8,True,synchronous,0.9999970701113432
33240.0,33249.8,True,synchronous,0.9999970450914835
33270.0,33279.8,True,synchronous,0.9999970256086784
33300.0,33309.8,True,synchronous,0.9999970450996605
33330.0,33339.8,True,synchronous,0.9999970413140047
33360.0,33369.8,True,synchronous,0.9999970450914839
33390.0,33399.8,True,synchronous,0.9999970450649627
33420.0,33429.8,True,synchronous,0.9999970450996609
33450.0,33459.8,True,synchronous,0.9999970493804324
33480.0,33489.8,True,synchronous,0.9999970663241109
33510.0,33519.8,True,synchronous,0.9999970701083416
33540.0,33549.8,True,synchronous,0.9999947038619191
33570.0,33579.8,True,synchronous,0.9999957142013913
33600.0,33609.8,True,synchronous,0.99999474106504
33630.0,33639.8,True,synchronous,0.9999970663241111
33660.0,33669.8,True,synchronous,0.9999970506555186
33690.0,33699.8,True,synchronous,0.9999960131597699
33720.0,33729.8,True,synchronous,0.9999960131596409
33750.0,33759.8,True,synchronous,0.9999957142006055
33780.0,33789.8,True,synchronous,0.9999957074089578
33810.0,33819.8,True,synchronous,0.999994741065565
33840.0,33849.8,True,synchronous,0.9999956769982539
33870.0,33879.8,True,synchronous,0.9999947061310982
33900.0,33909.8,True,synchronous,0.9999956792672711
33930.0,33939.8,True,synchronous,0.999996013159988
33960.0,33969.8,True,synchronous,0.9999956769970371
33990.0,33999.8,True,synchronous,0.9999947061305215
34020.0,34029.8,True,synchronous,0.9999970701083312
34050.0,34059.8,True,synchronous,0.9999970493803552
34080.0,34089.8,True,synchronous,0.9999970236806381
34110.0,34119.8,True,synchronous,0.9999970506564332
34140.0,34149.8,True,synchronous,0.9999956792678735
34170.0,34179.8,True,synchronous,0.9999957142029648
34200.0,34209.8,True,synchronous,0.9999956769979819
34230.0,34239.8,True,synchronous,0.9999956792704398
34260.0,34269.8,True,synchronous,0.999996048095045
34290.0,34299.8,True,synchronous,0.9999960480803145
34320.0,34329.8,True,synchronous,0.9999957141867385
34350.0,34359.8,True,synchronous,0.9999947038634168
34380.0,34389.8,True,synchronous,0.9999960131604356
34410.0,34419.8,True,synchronous,0.9999970701092478
34440.0,34449.8,True,synchronous,0.9999970256364722
34470.0,34479.8,True,synchronous,0.5455948244420367
34500.0,34509.8,True,synchronous,0.4261376770412443
34530.0,34539.8,True,synchronous,0.42632813782300844
34560.0,34569.8,True,synchronous,0.42528962102459494
34590.0,34599.8,True,synchronous,0.4261376771351049
34620.0,34629.8,True,synchronous,0.4263281385484773
34650.0,34659.8,True,synchronous,0.426328003357478
34680.0,34689.8,True,synchronous,0.4263281371730498
34710.0,34719.8,True,synchronous,0.42632801155306077
34740.0,34749.8,True,synchronous,0.42632800345134936
34770.0,34779.8,True,synchronous,0.42632801156862066
34800.0,34809.8,True,fridge,0.22764303881508904
34830.0,34839.8,True,fridge,0.22764303856019785
34860.0,34869.8,True,fridge,0.22764303877195535
34890.0,34899.8,True,fridge,0.2276430386033315
34920.0,34929.8,True,fridge,0.22764303881508904
34950.0,34959.8,True,fridge,0.2276432933137265
34980.0,34989.8,True,fridge,0.22764329340242956
35010.0,35019.8,True,fridge,0.22764303443438502
35040.0,35049.8,True,synchronous,0.9999920699992667
35070.0,35079.8,True,synchronous,0.9999919644422904
35100.0,35109.8,True,synchronous,0.9999920426826714
35130.0,35139.8,True,synchronous,0.9999920274771215
35160.0,35169.8,True,synchronous,0.9999919593196721
35190.0,35199.8,True,synchronous,0.9999920274771215
35220.0,35229.8,True,synchronous,0.9999920427143938
35250.0,35259.8,True,synchronous,0.9999919864297785
35280.0,35289.8,True,synchronous,0.9999920699373468
35310.0,35319.8,True,synchronous,0.9999920274771215
35340.0,35349.8,True,synchronous,0.9999920426826714
35370.0,35379.8,True,synchronous,0.9999920427143338
35400.0,35409.8,True,synchronous,0.9999920426827009
35430.0,35439.8,True,synchronous,0.9999920427142892
35460.0,35469.8,True,synchronous,0.9999920427142892
35490.0,35499.8,True,synchronous,0.999992042682595
35520.0,35529.8,True,synchronous,0.9999920699993253
35550.0,35559.8,True,synchronous,0.9999920699689262
35580.0,35589.8,True,synchronous,0.9999920699373162
35610.0,35619.8,True,synchronous,0.9999920427143358
35640.0,35649.8,True,synchronous,0.9999920699373175
35670.0,35679.8,True,synchronous,0.9999920699689262
35700.0,35709.8,True,synchronous,0.99999204268268
35730.0,35739.8,True,synchronous,0.9999920699372995
35760.0,35769.8,True,synchronous,0.99999204268268
35790.0,35799.8,True,synchronous,0.9999919644422904
35820.0,35829.8,True,synchronous,0.9999920426827009
35850.0,35859.8,True,synchronous,0.9999920426826536
35880.0,35889.8,True,synchronous,0.9999920427143327
35910.0,35919.8,True,synchronous,0.9999920699373175
35940.0,35949.8,True,synchronous,0.9999920699992667
35970.0,35979.8,True,synchronous,0.9999920426826168
36000.0,36009.8,True,synchronous,0.99999204268268
36030.0,36039.8,True,synchronous,0.9999920427142892
36060.0,36069.8,True,synchronous,0.9999920547305264
36090.0,36099.8,True,synchronous,0.9999919594091204
36120.0,36129.8,True,synchronous,0.9999919916948711
36150.0,36159.8,True,synchronous,0.9999920426827009
36180.0,36189.8,True,synchronous,0.9999920274771215
36210.0,36219.8,True,synchronous,0.9999920427143352
36240.0,36249.8,True,synchronous,0.9999920427142905
36270.0,36279.8,True,synchronous,0.9999920699992885
36300.0,36309.8,True,synchronous,0.9999920547305264
36330.0,36339.8,True,synchronous,0.9999920547305264
36360.0,36369.8,True,synchronous,0.9999919865730775
36390.0,36399.8,True,synchronous,0.9999920426826028
36420.0,36429.8,True,synchronous,0.9999920699689697
36450.0,36459.8,True,synchronous,0.9999919865730775
36480.0,36489.8,True,synchronous,0.9999920699992745
36510.0,36519.8,True,synchronous,0.9999920427142892
36540.0,36549.8,True,synchronous,0.9999920699689262
36570.0,36579.8,True,synchronous,0.9999920547305264
36600.0,36609.8,True,synchronous,0.9999920547305264
36630.0,36639.8,True,synchronous,0.9999920426826181
36660.0,36669.8,True,synchronous,0.9999919936500857
36690.0,36699.8,True,synchronous,0.9999920699993518
36720.0,36729.8,True,synchronous,0.99999204268268
36750.0,36759.8,True,synchronous,0.9999920566853896
36780.0,36789.8,True,synchronous,0.9999919865731965
36810.0,36819.8,True,synchronous,0.9999919916948711
36840.0,36849.8,True,synchronous,0.9999920274771215
36870.0,36879.8,True,synchronous,0.9999920567474418
36900.0,36909.8,True,synchronous,0.9999919612745369
36930.0,36939.8,True,synchronous,0.9999920699992745
36960.0,36969.8,True,synchronous,0.9999920274771228
36990.0,36999.8,True,synchronous,0.999996451820328
37020.0,37029.8,True,fridge,0.22764303710154457
37050.0,37059.8,True,fridge,0.22726713105433208
37080.0,37089.8,True,fridge,0.2272671310427749
37110.0,37119.8,True,fridge,0.2272671309980799
37140.0,37149.8,True,fridge,0.2276430364573094
37170.0,37179.8,True,fridge,0.2272671310427749
37200.0,37209.8,True,fridge,0.22764329228372424
37230.0,37239.8,True,fridge,0.22559965980161556
37260.0,37269.8,True,fridge,0.22764303523466017
37290.0,37299.8,True,fridge,0.2256047436579742
37320.0,37329.8,True,fridge,0.22764303880349362
37350.0,37359.8,True,fridge,0.22764303389601798
37380.0,37389.8,True,fridge,0.22670585687863537
37410.0,37419.8,True,fridge,0.2276432933822404
37440.0,37449.8,True,fridge,0.2276432933822404
37470.0,37479.8,True,fridge,0.225604725957731
37500.0,37509.8,True,fridge,0.22764329228372424
37530.0,37539.8,True,fridge,0.22764303859173607
37560.0,37569.8,True,fridge,0.22764329343396789
37590.0,37599.8,True,fridge,0.22559965979022734
37620.0,37629.8,True,fridge,0.22764303859173607
37650.0,37659.8,True,synchronous,0.5949480530625211
37680.0,37689.8,True,synchronous,0.7326222499593312
37710.0,37719.8,True,synchronous,0.4144389486952924
37740.0,37749.8,True,synchronous,0.4145989894346194
37770.0,37779.8,True,synchronous,0.7326222499593312
37800.0,37809.8,True,synchronous,0.9999983497599588
37830.0,37839.8,True,synchronous,0.9999983782754086
37860.0,37869.8,True,synchronous,0.9999983660067874
37890.0,37899.8,True,synchronous,0.9999983649537638
37920.0,37929.8,True,synchronous,0.9999983765956961
37950.0,37959.8,True,synchronous,0.9999983649537638
37980.0,37989.8,True,synchronous,0.9999983782719858
38010.0,38019.8,True,synchronous,0.9999983765956961
38040.0,38049.8,True,synchronous,0.9999983782768517
38070.0,38079.8,True,synchronous,0.9999983782768566
38100.0,38109.8,True,synchronous,0.999998378275402
38130.0,38139.8,True,synchronous,0.9999983782753971
38160.0,38169.8,True,synchronous,0.999998378276857
38190.0,38199.8,True,synchronous,0.9999983765956961
38220.0,38229.8,True,synchronous,0.9999983765971507
38250.0,38259.8,True,synchronous,0.9999983782705285
38280.0,38289.8,True,synchronous,0.999998378275402
38310.0,38319.8,True,synchronous,0.9999983765956961
38340.0,38349.8,True,synchronous,0.9999983782705252
38370.0,38379.8,True,synchronous,0.999998378275402
38400.0,38409.8,True,synchronous,0.999998378270535
38430.0,38439.8,True,synchronous,0.9999983782754024
38460.0,38469.8,True,synchronous,0.9999983649552187
38490.0,38499.8,True,synchronous,0.9999983782719731
38520.0,38529.8,True,synchronous,0.9999983765956961
38550.0,38559.8,True,synchronous,0.9999983782719776
38580.0,38589.8,True,synchronous,0.9999983782705316
38610.0,38619.8,True,synchronous,0.9999983782705312
38640.0,38649.8,True,synchronous,0.9999983782705312
38670.0,38679.8,True,synchronous,0.9999983660068389
38700.0,38709.8,True,synchronous,0.9999983782754024
38730.0,38739.8,True,synchronous,0.9999983782705312
38760.0,38769.8,True,synchronous,0.9999983660069526
38790.0,38799.8,True,synchronous,0.9999983782705312
38820.0,38829.8,True,synchronous,0.999998378275402
38850.0,38859.8,True,synchronous,0.9999983782705185
38880.0,38889.8,True,synchronous,0.9999983782754024
38910.0,38919.8,True,synchronous,0.9999983649537656
38940.0,38949.8,True,synchronous,0.9999983782719831
38970.0,38979.8,True,synchronous,0.9999983782719782
39000.0,39009.8,True,synchronous,0.9999983782705312
39030.0,39039.8,True,synchronous,0.9999983782753971
39060.0,39069.8,True,synchronous,0.999998378275402
39090.0,39099.8,True,synchronous,0.9999983782719731
39120.0,39129.8,True,synchronous,0.9999983649537776
39150.0,39159.8,True,synchronous,0.9999983497599588
39180.0,39189.8,True,synchronous,0.9999983782705185
39210.0,39219.8,True,synchronous,0.9999983649537656
39240.0,39249.8,True,synchronous,0.9999983782753971
39270.0,39279.8,True,synchronous,0.9999983782768566
39300.0,39309.8,True,synchronous,0.999998378275402
39330.0,39339.8,True,synchronous,0.9999983782719896
39360.0,39369.8,True,synchronous,0.9999983782719858
39390.0,39399.8,True,synchronous,0.9999983782705316
39420.0,39429.8,True,synchronous,0.9999983782768566
39450.0,39459.8,True,synchronous,0.9999983782719862
39480.0,39489.8,True,synchronous,0.9999983782705316
39510.0,39519.8,True,synchronous,0.9999983649552204
39540.0,39549.8,True,synchronous,0.9999983765956961
39570.0,39579.8,True,synchronous,0.999998378270535
39600.0,39609.8,True,synchronous,0.9999983782768566
39630.0,39639.8,True,synchronous,0.999998378275402
39660.0,39669.8,True,synchronous,0.9999983782768517
39690.0,39699.8,True,synchronous,0.9999983782754086
39720.0,39729.8,True,synchronous,0.9999983782719858
39750.0,39759.8,True,synchronous,0.999998378275402
39780.0,39789.8,True,synchronous,0.9999983649538053
39810.0,39819.8,True,synchronous,0.4145989883321804
39840.0,39849.8,True,synchronous,0.7316023601082124
39870.0,39879.8,True,synchronous,0.4145988374926675
39900.0,39909.8,True,synchronous,0.4145989883321804
39930.0,39939.8,True,synchronous,0.7326223712111143
39960.0,39969.8,True,synchronous,0.4118575426907357
39990.0,39999.8,True,synchronous,0.7326222494695875
40020.0,40029.8,True,synchronous,0.4145989888007497
40050.0,40059.8,True,synchronous,0.7326222502144596
40080.0,40089.8,True,synchronous,0.4144389486952924
40110.0,40119.8,True,synchronous,0.7326222499370079
40140.0,40149.8,True,synchronous,0.7315990593625461
40170.0,40179.8,True,synchronous,0.7326222502144596
40200.0,40209.8,True,synchronous,0.4145988380718079
40230.0,40239.8,True,synchronous,0.732493177261103
40260.0,40269.8,True,synchronous,0.7316023601082124
40290.0,40299.8,True,synchronous,0.4144389486952924
40320.0,40329.8,True,synchronous,0.7326223712111143
40350.0,40359.8,True,synchronous,0.4145988380718079
40380.0,40389.8,True,synchronous,0.4145988380718079
40410.0,40419.8,True,synchronous,0.732493177261103
40440.0,40449.8,True,synchronous,0.41459883809946685
40470.0,40479.8,True,synchronous,0.4145988374926675
40500.0,40509.8,True,synchronous,0.7326222499593312
40530.0,40539.8,True,synchronous,0.7326223715892933
40560.0,40569.8,True,synchronous,0.7326223716155629
40590.0,40599.8,True,synchronous,0.4145988380718079
40620.0,40629.8,True,synchronous,0.7326222502144596
40650.0,40659.8,True,synchronous,0.414598836858259
40680.0,40689.8,True,synchronous,0.41333319413772246
40710.0,40719.8,True,synchronous,0.4144389486952924
40740.0,40749.8,True,synchronous,0.7315990604217685
40770.0,40779.8,True,synchronous,0.7326222502144596
40800.0,40809.8,True,synchronous,0.4144389486952924
40830.0,40839.8,True,synchronous,0.7326222489575608
40860.0,40869.8,True,synchronous,0.5259220233875167
40890.0,40899.8,True,synchronous,0.999998354774557
40920.0,40929.8,True,synchronous,0.9999983547745568
40950.0,40959.8,True,synchronous,0.9999983547794931
40980.0,40989.8,True,synchronous,0.9999983547794979
41010.0,41019.8,True,synchronous,0.9999983547745541
41040.0,41049.8,True,synchronous,0.9999983530754547
41070.0,41079.8,True,synchronous,0.9999983258509154
41100.0,41109.8,True,synchronous,0.999998353073979
41130.0,41139.8,True,synchronous,0.9999983258509154
41160.0,41169.8,True,synchronous,0.999998353073979
41190.0,41199.8,True,synchronous,0.9999983547745437
41220.0,41229.8,True,synchronous,0.9999983547745541
41250.0,41259.8,True,synchronous,0.999998353073979
41280.0,41289.8,True,synchronous,0.9999983412633656
41310.0,41319.8,True,synchronous,0.9999983547794931
41340.0,41349.8,True,synchronous,0.9999983547730811
41370.0,41379.8,True,synchronous,0.9999983547745568
41400.0,41409.8,True,synchronous,0.9999983547780171
41430.0,41439.8,True,synchronous,0.9999983547745603
41460.0,41469.8,True,synchronous,0.999998353073979
41490.0,41499.8,True,synchronous,0.9999983547730731
41520.0,41529.8,True,synchronous,0.9999983547794931
41550.0,41559.8,True,synchronous,0.9999983547794979
41580.0,41589.8,True,synchronous,0.9999983547745437
41610.0,41619.8,True,synchronous,0.9999983412634078
41640.0,41649.8,True,synchronous,0.9999983412633656
41670.0,41679.8,True,synchronous,0.999998353073979
41700.0,41709.8,True,synchronous,0.9999983547794984
41730.0,41739.8,True,synchronous,0.9999983412633656
41760.0,41769.8,True,synchronous,0.9999983412634078
41790.0,41799.8,True,synchronous,0.9999983547745568
41820.0,41829.8,True,synchronous,0.999998353073979
41850.0,41859.8,True,synchronous,0.9999983547745603
41880.0,41889.8,True,synchronous,0.9999983547794931
41910.0,41919.8,True,synchronous,0.9999983547745486
41940.0,41949.8,True,synchronous,0.9999983547780225
41970.0,41979.8,True,synchronous,0.9999983547730731
42000.0,42009.8,True,synchronous,0.9999983547794979
42030.0,42039.8,True,synchronous,0.9999983547794979
42060.0,42069.8,True,synchronous,0.9999983530754547
42090.0,42099.8,True,synchronous,0.9999983547780222
42120.0,42129.8,True,synchronous,0.9999983547730846
42150.0,42159.8,True,synchronous,0.9999983547745568
42180.0,42189.8,True,synchronous,0.9999983547745486
42210.0,42219.8,True,synchronous,0.9999983412633656
42240.0,42249.8,True,synchronous,0.9999983547745568
42270.0,42279.8,True,synchronous,0.999998354774557
42300.0,42309.8,True,synchronous,0.9999983547745568
42330.0,42339.8,True,synchronous,0.9999983412648432
42360.0,42369.8,True,synchronous,0.9999983547745437
42390.0,42399.8,True,synchronous,0.9999983547745568
42420.0,42429.8,True,synchronous,0.9999983547730809
42450.0,42459.8,True,synchronous,0.9999983547730809
42480.0,42489.8,True,synchronous,0.9999983530754547
42510.0,42519.8,True,synchronous,0.9999983530754547
42540.0,42549.8,True,synchronous,0.9999983547780171
42570.0,42579.8,True,synchronous,0.999998354774549
42600.0,42609.8,True,synchronous,0.999998354774557
42630.0,42639.8,True,synchronous,0.9999983547794984
42660.0,42669.8,True,synchronous,0.9946846818608776
42690.0,42699.8,True,synchronous,0.9946847006831172
42720.0,42729.8,True,synchronous,0.9935824172470668
42750.0,42759.8,True,synchronous,0.9935741831586089
42780.0,42789.8,True,synchronous,0.9935824172470668
42810.0,42819.8,True,synchronous,0.9935169782789206
42840.0,42849.8,True,synchronous,0.9935824399203952
42870.0,42879.8,True,synchronous,0.9946847006630543
42900.0,42909.8,True,synchronous,0.9946778544839135
42930.0,42939.8,True,synchronous,0.9946847006630543
42960.0,42969.8,True,synchronous,0.9935169782789206
42990.0,42999.8,True,synchronous,0.9946847006630543
43020.0,43029.8,True,synchronous,0.9935221933286623
43050.0,43059.8,True,synchronous,0.9946846817999008
43080.0,43089.8,True,synchronous,0.9946847006630543
43110.0,43119.8,True,synchronous,0.9946846818247407
43140.0,43149.8,True,synchronous,0.9946846818857226
43170.0,43179.8,True,synchronous,0.9946778544839135
43200.0,43209.8,True,synchronous,0.9946846818489609
43230.0,43239.8,True,synchronous,0.9935169784765949
43260.0,43269.8,True,synchronous,0.9935824399174228
43290.0,43299.8,True,synchronous,0.9935741831586089
43320.0,43329.8,True,synchronous,0.9946847006831172
43350.0,43359.8,True,synchronous,0.9946846818380027
43380.0,43389.8,True,synchronous,0.9946847006831172
43410.0,43419.8,True,synchronous,0.9935741831586089
43440.0,43449.8,True,synchronous,0.9946846818719304
43470.0,43479.8,True,synchronous,0.9946847006831172
43500.0,43509.8,True,synchronous,0.9946847007115768
43530.0,43539.8,True,pv,0.22677612104514863
43560.0,43569.8,True,pv,0.22849165345223374
43590.0,43599.8,True,pv,0.22481288613764422
43620.0,43629.8,True,pv,0.22849142407702566
43650.0,43659.8,True,pv,0.22889947294251792
43680.0,43689.8,True,pv,0.22849142631166253
43710.0,43719.8,True,pv,0.2288994729333029
43740.0,43749.8,True,pv,0.2267758961891015
43770.0,43779.8,True,pv,0.22824134835248144
43800.0,43809.8,True,pv,0.2265005382977327
43830.0,43839.8,True,pv,0.22481288036168492
43860.0,43869.8,True,pv,0.22849142407702566
43890.0,43899.8,True,pv,0.22849165180557993
43920.0,43929.8,True,pv,0.22849142631166253
43950.0,43959.8,True,pv,0.22849142580685883
43980.0,43989.8,True,pv,0.22849142316589716
44010.0,44019.8,True,pv,0.22849142616515827
44040.0,44049.8,True,pv,0.22677612104514863
44070.0,44079.8,True,pv,0.2288994729333029
44100.0,44109.8,True,pv,0.2265220248384704
44130.0,44139.8,True,pv,0.22849142540114464
44160.0,44169.8,True,pv,0.22677612177713113
44190.0,44199.8,True,synchronous,0.9946847006855817
44220.0,44229.8,True,synchronous,0.9935741831586089
44250.0,44259.8,True,synchronous,0.9935169784765949
44280.0,44289.8,True,synchronous,0.9946778544839135
44310.0,44319.8,True,synchronous,0.9935741831586089
44340.0,44349.8,True,synchronous,0.9935741831586089
44370.0,44379.8,True,synchronous,0.9946304217754576
44400.0,44409.8,True,synchronous,0.9946847006831172
44430.0,44439.8,True,synchronous,0.9946846818380027
44460.0,44469.8,True,synchronous,0.9946847006855817
44490.0,44499.8,True,synchronous,0.9946846818608776
44520.0,44529.8,True,synchronous,0.9935741831586089
44550.0,44559.8,True,synchronous,0.9946778544839135
44580.0,44589.8,True,synchronous,0.9935824399174228
44610.0,44619.8,True,synchronous,0.9946846817999008
44640.0,44649.8,True,synchronous,0.9946778544839135
44670.0,44679.8,True,synchronous,0.9935824172470668
44700.0,44709.8,True,synchronous,0.9946846817999008
44730.0,44739.8,True,synchronous,0.9946846818247407
44760.0,44769.8,True,synchronous,0.9946847006630543
44790.0,44799.8,True,synchronous,0.9935169782789206
44820.0,44829.8,True,synchronous,0.9946847006630543
44850.0,44859.8,True,synchronous,0.9946778544839135
44880.0,44889.8,True,synchronous,0.9946342600170854
44910.0,44919.8,True,synchronous,0.9946846818247407
44940.0,44949.8,True,synchronous,0.9946847006630543
44970.0,44979.8,True,synchronous,0.9946846818380027
45000.0,45009.8,True,synchronous,0.9946847006630543
45030.0,45039.8,True,synchronous,0.9935221930716464
45060.0,45069.8,True,synchronous,0.9935221930716464
45090.0,45099.8,True,synchronous,0.9946847006855817
45120.0,45129.8,True,synchronous,0.9946342600170854
45150.0,45159.8,True,synchronous,0.9946778544839135
45180.0,45189.8,True,synchronous,0.9946847006831172
45210.0,45219.8,True,synchronous,0.9946846818719304
45240.0,45249.8,True,synchronous,0.9946846818608776
45270.0,45279.8,True,synchronous,0.9935741831586089
45300.0,45309.8,True,synchronous,0.9946847006855817
45330.0,45339.8,True,synchronous,0.9996476191670429
45360.0,45369.8,True,synchronous,0.999997130682537
45390.0,45399.8,True,synchronous,0.9999971509899772
45420.0,45429.8,True,synchronous,0.9999971509899523
45450.0,45459.8,True,synchronous,0.9999971472804273
45480.0,45489.8,True,synchronous,0.9999971509836737
45510.0,45519.8,True,synchronous,0.42491295968227827
45540.0,45549.8,True,synchronous,0.42235042217259783
45570.0,45579.8,True,synchronous,0.4240323954117437
45600.0,45609.8,True,synchronous,0.4247236565846887
45630.0,45639.8,True,synchronous,0.42491296781846716
45660.0,45669.8,True,synchronous,0.42403239288554145
45690.0,45699.8,True,synchronous,0.4249130931580982
45720.0,45729.8,True,synchronous,0.42491296781846716
45750.0,45759.8,True,synchronous,0.4240323915320995
45780.0,45789.8,True,synchronous,0.42491310202230664
45810.0,45819.8,True,synchronous,0.4240324011904846
45840.0,45849.8,True,synchronous,0.4249129600489335
45870.0,45879.8,True,synchronous,0.4240345239986207
45900.0,45909.8,True,synchronous,0.42491513544059817
45930.0,45939.8,True,synchronous,0.4249130925960217
45960.0,45969.8,True,synchronous,0.4249129596668216
45990.0,45999.8,True,synchronous,0.4240350032267139
46020.0,46029.8,True,synchronous,0.4247236565846887
46050.0,46059.8,True,synchronous,0.424913100747672
46080.0,46089.8,True,synchronous,0.42491296732801015
46110.0,46119.8,True,synchronous,0.4240349818019674
46140.0,46149.8,True,synchronous,0.42472366492209834
46170.0,46179.8,True,synchronous,0.999997150989963
46200.0,46209.8,True,synchronous,0.9999971472804273
46230.0,46239.8,True,synchronous,0.9999971306824906
46260.0,46269.8,True,synchronous,0.9999971472804273
46290.0,46299.8,True,synchronous,0.999997150983681
46320.0,46329.8,True,synchronous,0.9999971025542128
46350.0,46359.8,True,synchronous,0.9999971509899628
46380.0,46389.8,True,synchronous,0.9999971509899772
46410.0,46419.8,True,synchronous,0.999997150989963
46440.0,46449.8,True,synchronous,0.9999970844240466
46470.0,46479.8,True,synchronous,0.9999971472804273
46500.0,46509.8,True,synchronous,0.999997150989963
46530.0,46539.8,True,synchronous,0.9999970844240466
46560.0,46569.8,True,synchronous,0.9999971509836653
46590.0,46599.8,True,synchronous,0.9999971509899628
46620.0,46629.8,True,synchronous,0.9999971509836737
46650.0,46659.8,True,synchronous,0.9999971509899628
46680.0,46689.8,True,synchronous,0.9999971509899628
46710.0,46719.8,True,synchronous,0.9999971509686917
46740.0,46749.8,True,synchronous,0.9999971306824618
46770.0,46779.8,True,synchronous,0.9999971509899521
46800.0,46809.8,True,synchronous,0.9999971509899632
46830.0,46839.8,True,synchronous,0.9999971509836619
46860.0,46869.8,True,synchronous,0.9999971509836739
46890.0,46899.8,True,synchronous,0.9999971509836597
46920.0,46929.8,True,synchronous,0.9999971509836737
46950.0,46959.8,True,synchronous,0.9999971509899628
46980.0,46989.8,True,synchronous,0.9999971509899628
47010.0,47019.8,True,synchronous,0.9999971509686915
47040.0,47049.8,True,synchronous,0.999997130682464
47070.0,47079.8,True,synchronous,0.9999971509899523
47100.0,47109.8,True,synchronous,0.9999971509899523
47130.0,47139.8,True,synchronous,0.9999971509836653
47160.0,47169.8,True,synchronous,0.999997130682464
47190.0,47199.8,True,synchronous,0.9999971509899628
47220.0,47229.8,True,synchronous,0.9999971509836739
47250.0,47259.8,True,synchronous,0.9999971472804273
47280.0,47289.8,True,synchronous,0.9999971509836739
47310.0,47319.8,True,synchronous,0.9999971509899521
47340.0,47349.8,True,synchronous,0.999997150983681
47370.0,47379.8,True,synchronous,0.9999971509899523
47400.0,47409.8,True,synchronous,0.9999971472804273
47430.0,47439.8,True,synchronous,0.9999971472804273
47460.0,47469.8,True,synchronous,0.9999971509686915
47490.0,47499.8,True,synchronous,0.999997150968683
47520.0,47529.8,True,synchronous,0.9999971472804273
47550.0,47559.8,True,synchronous,0.9999971509899628
47580.0,47589.8,True,synchronous,0.9999971509899628
47610.0,47619.8,True,synchronous,0.9999971472804273
47640.0,47649.8,True,synchronous,0.9999970844241332
47670.0,47679.8,True,synchronous,0.9999971472804273
47700.0,47709.8,True,synchronous,0.9999971306824618
47730.0,47739.8,True,synchronous,0.9999971472804273
47760.0,47769.8,True,synchronous,0.9999971509899628
47790.0,47799.8,True,synchronous,0.999997130682537
47820.0,47829.8,True,synchronous,0.9999971472804273
47850.0,47859.8,True,synchronous,0.999997083177689
47880.0,47889.8,True,synchronous,0.9999971509836737
47910.0,47919.8,True,synchronous,0.999997102554213
47940.0,47949.8,True,synchronous,0.9999970968825851
47970.0,47979.8,True,synchronous,0.9999971509836739
48000.0,48009.8,True,synchronous,0.9999971306824906
48030.0,48039.8,True,synchronous,0.9999971509899521
48060.0,48069.8,True,synchronous,0.9999971509686917
48090.0,48099.8,True,synchronous,0.9999971509836737
48120.0,48129.8,True,synchronous,0.9999971025542128
48150.0,48159.8,True,synchronous,0.999997130682464
48180.0,48189.8,True,synchronous,0.9999971509686915
48210.0,48219.8,True,synchronous,0.9999971306824906
48240.0,48249.8,True,synchronous,0.9999971509899628
48270.0,48279.8,True,synchronous,0.9999971509899772
48300.0,48309.8,True,synchronous,0.9999971509899523
48330.0,48339.8,True,synchronous,0.9999971509686917
48360.0,48369.8,True,synchronous,0.9999971306824618
48390.0,48399.8,True,synchronous,0.9999971509899521
48420.0,48429.8,True,synchronous,0.9999971509899772
48450.0,48459.8,True,synchronous,0.9999971306824906
48480.0,48489.8,True,synchronous,0.9999971306824618
48510.0,48519.8,True,synchronous,0.9999971509686915
48540.0,48549.8,True,synchronous,0.9999971509686915
48570.0,48579.8,True,synchronous,0.45628564957311013
48600.0,48609.8,True,synchronous,0.4240339610770452
48630.0,48639.8,True,synchronous,0.425288059357509
48660.0,48669.8,True,synchronous,0.4252886094408854
48690.0,48699.8,True,synchronous,0.425290640754053
48720.0,48729.8,True,synchronous,0.425290275108655
48750.0,48759.8,True,synchronous,0.42529120558521266
48780.0,48789.8,True,pc,0.2526481121321136
48810.0,48819.8,True,pc,0.25073324857185525
48840.0,48849.8,True,synchronous,0.4263291536944389
48870.0,48879.8,True,pc,0.25073321282179784
48900.0,48909.8,True,synchronous,0.4252879281058468
48930.0,48939.8,True,pc,0.25073319656774307
48960.0,48969.8,True,synchronous,0.4252879283264351
48990.0,48999.8,True,fridge,0.573379463827491
49020.0,49029.8,True,synchronous,0.42528703422498104
49050.0,49059.8,True,synchronous,0.4252899910865819
49080.0,49089.8,True,synchronous,0.4261392470821359
49110.0,49119.8,True,synchronous,0.42632865552324445
49140.0,49149.8,True,synchronous,0.4263287882826142
49170.0,49179.8,True,synchronous,0.4261392470821359
49200.0,49209.8,True,synchronous,0.4252902811613574
49230.0,49239.8,True,synchronous,0.9999971305361015
49260.0,49269.8,True,synchronous,0.9999957681983959
49290.0,49299.8,True,synchronous,0.999997086995914
49320.0,49329.8,True,synchronous,0.9999970997755738
49350.0,49359.8,True,synchronous,0.99999481533791
49380.0,49389.8,True,synchronous,0.9999957957537843
49410.0,49419.8,True,synchronous,0.9999948153361048
49440.0,49449.8,True,synchronous,0.9999971102588048
49470.0,49479.8,True,synchronous,0.9999957659763659
49500.0,49509.8,True,synchronous,0.9999971102594303
49530.0,49539.8,True,synchronous,0.9999970869965782
49560.0,49569.8,True,synchronous,0.9999971305370783
49590.0,49599.8,True,synchronous,0.9999971305361008
49620.0,49629.8,True,synchronous,0.9999948153361048
49650.0,49659.8,True,synchronous,0.999994849528357
49680.0,49689.8,True,synchronous,0.9999970869969566
49710.0,49719.8,True,synchronous,0.9999971102490466
49740.0,49749.8,True,synchronous,0.9999957659763663
49770.0,49779.8,True,synchronous,0.9999971114870112
49800.0,49809.8,True,synchronous,0.999997111486699
49830.0,49839.8,True,synchronous,0.9999971114866988
49860.0,49869.8,True,synchronous,0.9999971114866988
49890.0,49899.8,True,synchronous,0.9999971114860822
49920.0,49929.8,True,synchronous,0.9999971102487515
49950.0,49959.8,True,synchronous,0.9999964859012015
49980.0,49989.8,True,synchronous,0.9999964836037046
50010.0,50019.8,True,synchronous,0.9999965213881592
50040.0,50049.8,True,synchronous,0.9999961694429397
50070.0,50079.8,True,synchronous,0.9999961700262117
50100.0,50109.8,True,synchronous,0.9999962055112909
50130.0,50139.8,True,synchronous,0.9999961694426408
50160.0,50169.8,True,synchronous,0.9999964836680825
50190.0,50199.8,True,synchronous,0.9999961700268227
50220.0,50229.8,True,synchronous,0.9999961782226671
50250.0,50259.8,True,synchronous,0.9999965185472
50280.0,50289.8,True,synchronous,0.9999965185472586
50310.0,50319.8,True,synchronous,0.9999965185472559
50340.0,50349.8,True,synchronous,0.9999965185472381
50370.0,50379.8,True,synchronous,0.9999965185472572
50400.0,50409.8,True,synchronous,0.999996518547237
50430.0,50439.8,True,synchronous,0.9999965185472242
50460.0,50469.8,True,synchronous,0.9999965185472279
50490.0,50499.8,True,synchronous,0.999996518547237
50520.0,50529.8,True,synchronous,0.999996518547237
50550.0,50559.8,True,synchronous,0.9999965185472559
50580.0,50589.8,True,synchronous,0.9999965185471813
50610.0,50619.8,True,synchronous,0.9999964600083633
50640.0,50649.8,True,fridge,0.21055765844408314
50670.0,50679.8,True,fridge,0.20858681762063344
50700.0,50709.8,True,fridge,0.21039597062424178
50730.0,50739.8,True,fridge,0.2103959705012359
50760.0,50769.8,True,fridge,0.208586815344905
50790.0,50799.8,True,fridge,0.21039596958337523
50820.0,50829.8,True,fridge,0.208586815344905
50850.0,50859.8,True,fridge,0.21039990547610601
50880.0,50889.8,True,fridge,0.21007419668467625
50910.0,50919.8,True,fridge,0.21055765972166535
50940.0,50949.8,True,fridge,0.20859108287709513
50970.0,50979.8,True,fridge,0.2103959705012359
51000.0,51009.8,True,fridge,0.20858682283343397
51030.0,51039.8,True,fridge,0.21039596958337523
51060.0,51069.8,True,fridge,0.21039556542091883
51090.0,51099.8,True,fridge,0.21007419668467625
51120.0,51129.8,True,fridge,0.20858681762063344
51150.0,51159.8,True,fridge,0.2103955660443873
51180.0,51189.8,True,fridge,0.21007419668467625
51210.0,51219.8,True,fridge,0.21055766208036167
51240.0,51249.8,True,fridge,0.2103959705012359
51270.0,51279.8,True,fridge,0.21039556575872453
51300.0,51309.8,True,fridge,0.21039597054172354
51330.0,51339.8,True,fridge,0.21007419668467625
51360.0,51369.8,True,fridge,0.20859108287709513
51390.0,51399.8,True,fridge,0.21039597062424178
51420.0,51429.8,True,fridge,0.2104003093174271
51450.0,51459.8,True,fridge,0.21039597112746444
51480.0,51489.8,True,synchronous,0.9999965185472559
51510.0,51519.8,True,synchronous,0.999996518547237
51540.0,51549.8,True,synchronous,0.9999964830648705
51570.0,51579.8,True,synchronous,0.9999965185472559
51600.0,51609.8,True,synchronous,0.9999965185472279
51630.0,51639.8,True,synchronous,0.9999964808274048
51660.0,51669.8,True,synchronous,0.9999965118844113
51690.0,51699.8,True,synchronous,0.9999965118844113
51720.0,51729.8,True,synchronous,0.9999965185472279
51750.0,51759.8,True,synchronous,0.9999965118844113
51780.0,51789.8,True,synchronous,0.9999964808272707
51810.0,51819.8,True,synchronous,0.9999965118844113
51840.0,51849.8,True,synchronous,0.9999965118844113
51870.0,51879.8,True,synchronous,0.9999965185472559
51900.0,51909.8,True,synchronous,0.9999965118844113
51930.0,51939.8,True,synchronous,0.999996518547237
51960.0,51969.8,True,synchronous,0.9999965118844113
51990.0,51999.8,True,synchronous,0.9999965185472242
52020.0,52029.8,True,synchronous,0.999996518547237
52050.0,52059.8,True,synchronous,0.9999965185472279
52080.0,52089.8,True,synchronous,0.9999965185472
52110.0,52119.8,True,synchronous,0.9999965118844113
52140.0,52149.8,True,synchronous,0.9999965118844113
52170.0,52179.8,True,synchronous,0.9999965185472279
52200.0,52209.8,True,synchronous,0.9999965185472559
52230.0,52239.8,True,synchronous,0.9999965185472279
52260.0,52269.8,True,synchronous,0.9999965185472572
52290.0,52299.8,True,synchronous,0.9999965118844113
52320.0,52329.8,True,synchronous,0.9999964808272707
52350.0,52359.8,True,synchronous,0.9999964808273186
52380.0,52389.8,True,synchronous,0.9999964808272689
52410.0,52419.8,True,synchronous,0.9999964808272707
52440.0,52449.8,True,synchronous,0.9999965118844095
52470.0,52479.8,True,synchronous,0.9999965185472093
52500.0,52509.8,True,synchronous,0.999996518547237
52530.0,52539.8,True,synchronous,0.9999965185472164
52560.0,52569.8,True,synchronous,0.9999965185472242
52590.0,52599.8,True,synchronous,0.9999965118844113
52620.0,52629.8,True,synchronous,0.9999965118844113
52650.0,52659.8,True,synchronous,0.9999965185472279
52680.0,52689.8,True,synchronous,0.9999965185472559
52710.0,52719.8,True,synchronous,0.999996518547235
52740.0,52749.8,True,synchronous,0.9999964808272707
52770.0,52779.8,True,synchronous,0.9999965185472572
52800.0,52809.8,True,synchronous,0.999996518547237
52830.0,52839.8,True,synchronous,0.9999964597856329
52860.0,52869.8,True,synchronous,0.9999964808272707
52890.0,52899.8,True,synchronous,0.9999965118844113
52920.0,52929.8,True,synchronous,0.999996518547237
52950.0,52959.8,True,synchronous,0.999996518547237
52980.0,52989.8,True,synchronous,0.9999964808272707
53010.0,53019.8,True,synchronous,0.9999965185471982
53040.0,53049.8,True,synchronous,0.9999965185472564
53070.0,53079.8,True,synchronous,0.9999965185472572
53100.0,53109.8,True,synchronous,0.999996518547237
53130.0,53139.8,True,synchronous,0.9999965185472564
53160.0,53169.8,True,synchronous,0.9999965185472559
53190.0,53199.8,True,synchronous,0.9999964808273186
53220.0,53229.8,True,synchronous,0.9999965185472
53250.0,53259.8,True,synchronous,0.9999965118844113
53280.0,53289.8,True,synchronous,0.9999964808272707
53310.0,53319.8,True,synchronous,0.9999965682698886
53340.0,53349.8,True,synchronous,0.9999965310886857
53370.0,53379.8,True,synchronous,0.9999965617022646
53400.0,53409.8,True,synchronous,0.9999965682699761
53430.0,53439.8,True,synchronous,0.9999965682699183
53460.0,53469.8,True,synchronous,0.9999965105671268
53490.0,53499.8,True,synchronous,0.9999965617022646
53520.0,53529.8,True,synchronous,0.9999965682698946
53550.0,53559.8,True,synchronous,0.9999965682699221
53580.0,53589.8,True,synchronous,0.9999965682698946
53610.0,53619.8,True,synchronous,0.9999965332943278
53640.0,53649.8,True,synchronous,0.9999965310888178
53670.0,53679.8,True,synchronous,0.9999965332943278
53700.0,53709.8,True,fridge,0.20836306055665724
53730.0,53739.8,True,fridge,0.21039556542091883
53760.0,53769.8,True,fridge,0.21039596958337523
53790.0,53799.8,True,fridge,0.20859108287709513
53820.0,53829.8,True,fridge,0.21039990184047336
53850.0,53859.8,True,fridge,0.2103955660443873
53880.0,53889.8,True,fridge,0.21007852302761962
53910.0,53919.8,True,fridge,0.21007852302761962
53940.0,53949.8,True,fridge,0.2085954162749049
53970.0,53979.8,True,fridge,0.21039556575872453
54000.0,54009.8,True,fridge,0.21039990401887415
54030.0,54039.8,True,fridge,0.20859540937950286
54060.0,54069.8,True,fridge,0.20859540937950286
54090.0,54099.8,True,fridge,0.21039597008659783
54120.0,54129.8,True,fridge,0.2103959705012359
54150.0,54159.8,True,fridge,0.21039597183589728
54180.0,54189.8,True,fridge,0.2103955660443873
54210.0,54219.8,True,fridge,0.21007419668467625
54240.0,54249.8,True,fridge,0.2104003093174271
54270.0,54279.8,True,fridge,0.21039556626194628
54300.0,54309.8,True,synchronous,0.9999965682699221
54330.0,54339.8,True,synchronous,0.9999965682699183
54360.0,54369.8,True,synchronous,0.9999965617022646
54390.0,54399.8,True,synchronous,0.9999965682698946
54420.0,54429.8,True,synchronous,0.999996568269875
54450.0,54459.8,True,synchronous,0.9999965682699183
54480.0,54489.8,True,synchronous,0.9999965617022646
54510.0,54519.8,True,synchronous,0.999996568269931
54540.0,54549.8,True,synchronous,0.9999965310888178
54570.0,54579.8,True,synchronous,0.9999965617022646
54600.0,54609.8,True,synchronous,0.9999965682699221
54630.0,54639.8,True,synchronous,0.999996568269875
54660.0,54669.8,True,synchronous,0.9999965682699221
54690.0,54699.8,True,synchronous,0.999996568269931
54720.0,54729.8,True,synchronous,0.9999965682699292
54750.0,54759.8,True,synchronous,0.9999965617022646
54780.0,54789.8,True,synchronous,0.9999965682699503
54810.0,54819.8,True,synchronous,0.9999965332943278
54840.0,54849.8,True,synchronous,0.9999965617022646
54870.0,54879.8,True,synchronous,0.9999965682699503
54900.0,54909.8,True,synchronous,0.9999965332943278
54930.0,54939.8,True,synchronous,0.9999965617022646
54960.0,54969.8,True,synchronous,0.9999965682699499
54990.0,54999.8,True,synchronous,0.9999965682699203
55020.0,55029.8,True,synchronous,0.9999965682699512
55050.0,55059.8,True,synchronous,0.9999965617022646
55080.0,55089.8,True,synchronous,0.9999965682698886
55110.0,55119.8,True,synchronous,0.9999965682698881
55140.0,55149.8,True,synchronous,0.9999965310886701
55170.0,55179.8,True,synchronous,0.999996568269885
55200.0,55209.8,True,synchronous,0.9999965682699221
55230.0,55239.8,True,synchronous,0.9999965682699221
55260.0,55269.8,True,synchronous,0.999996568269931
55290.0,55299.8,True,synchronous,0.999996568269875
55320.0,55329.8,True,synchronous,0.9998997906164708
55350.0,55359.8,True,synchronous,0.9999985305672169
55380.0,55389.8,True,synchronous,0.9999985305671996
55410.0,55419.8,True,synchronous,0.9999985305672058
55440.0,55449.8,True,synchronous,0.9999985305672169
55470.0,55479.8,True,synchronous,0.9999985305672087
55500.0,55509.8,True,synchronous,0.9999985172455886
55530.0,55539.8,True,synchronous,0.9999985172456164
55560.0,55569.8,True,synchronous,0.9999985305672087
55590.0,55599.8,True,synchronous,0.5225073600324606
55620.0,55629.8,True,synchronous,0.5250043407754182
55650.0,55659.8,True,synchronous,0.5250045838394504
55680.0,55689.8,True,synchronous,0.5250045714916497
55710.0,55719.8,True,synchronous,0.5247477964668579
55740.0,55749.8,True,synchronous,0.522975295793383
55770.0,55779.8,True,synchronous,0.5250045845913586
55800.0,55809.8,True,synchronous,0.522975295793383
55830.0,55839.8,True,synchronous,0.5247477964668579
55860.0,55869.8,True,synchronous,0.5229816145670256
55890.0,55899.8,True,synchronous,0.5250045838394504
55920.0,55929.8,True,synchronous,0.5250048145558953
55950.0,55959.8,True,synchronous,0.5247480269576643
55980.0,55989.8,True,synchronous,0.5250045845913586
56010.0,56019.8,True,synchronous,0.5247477964668579
56040.0,56049.8,True,synchronous,0.5250043415594822
56070.0,56079.8,True,synchronous,0.5250043432745073
56100.0,56109.8,True,synchronous,0.5250043427228699
56130.0,56139.8,True,synchronous,0.5229815950618252
56160.0,56169.8,True,synchronous,0.9999985288875165
56190.0,56199.8,True,synchronous,0.999998530567212
56220.0,56229.8,True,synchronous,0.999998530567218
56250.0,56259.8,True,synchronous,0.999998530567212
56280.0,56289.8,True,synchronous,0.9999985288875165
56310.0,56319.8,True,synchronous,0.9999985305672058
56340.0,56349.8,True,synchronous,0.999998530567212
56370.0,56379.8,True,synchronous,0.999998530567218
56400.0,56409.8,True,synchronous,0.9999985172455809
56430.0,56439.8,True,synchronous,0.999998530567218
56460.0,56469.8,True,synchronous,0.999998530567218
56490.0,56499.8,True,synchronous,0.9999985305671991
56520.0,56529.8,True,synchronous,0.9999985048187858
56550.0,56559.8,True,synchronous,0.9999985288875165
56580.0,56589.8,True,synchronous,0.999998530567218
56610.0,56619.8,True,synchronous,0.9999985305672231
56640.0,56649.8,True,synchronous,0.9999985288875165
56670.0,56679.8,True,synchronous,0.999998530567218
56700.0,56709.8,True,synchronous,0.9999985305672147
56730.0,56739.8,True,synchronous,0.9999985172455809
56760.0,56769.8,True,synchronous,0.9999985288875165
56790.0,56799.8,True,synchronous,0.9999985305672231
56820.0,56829.8,True,synchronous,0.9999985288875165
56850.0,56859.8,True,synchronous,0.9999985305672231
56880.0,56889.8,True,synchronous,0.9999985288875165
56910.0,56919.8,True,synchronous,0.999998530567218
56940.0,56949.8,True,synchronous,0.9999985305672093
56970.0,56979.8,True,synchronous,0.9999985305672233
57000.0,57009.8,True,synchronous,0.9999985182970207
57030.0,57039.8,True,synchronous,0.9999985305672231
57060.0,57069.8,True,synchronous,0.9999985288875165
57090.0,57099.8,True,synchronous,0.9999985305672042
57120.0,57129.8,True,synchronous,0.9999985288875165
57150.0,57159.8,True,synchronous,0.999998530567218
57180.0,57189.8,True,synchronous,0.999998530567218
57210.0,57219.8,True,synchronous,0.9999985182970207
57240.0,57249.8,True,synchronous,0.999998530567218
57270.0,57279.8,True,synchronous,0.999998530567212
57300.0,57309.8,True,synchronous,0.999998530567212
57330.0,57339.8,True,synchronous,0.9999985288875165
57360.0,57369.8,True,synchronous,0.9999985172455829
57390.0,57399.8,True,synchronous,0.9999985305672147
57420.0,57429.8,True,synchronous,0.9999985288875165
57450.0,57459.8,True,synchronous,0.9999985172455829
57480.0,57489.8,True,synchronous,0.999998530567218
57510.0,57519.8,True,synchronous,0.999998530567212
57540.0,57549.8,True,synchronous,0.9999985305672038
57570.0,57579.8,True,synchronous,0.9999985305672295
57600.0,57609.8,True,synchronous,0.9999985305672231
57630.0,57639.8,True,synchronous,0.9999985048187856
57660.0,57669.8,True,synchronous,0.9999985288875165
57690.0,57699.8,True,synchronous,0.9999985172455829
57720.0,57729.8,True,synchronous,0.5250043427228699
57750.0,57759.8,True,synchronous,0.5247477964668579
57780.0,57789.8,True,synchronous,0.5229750650415063
57810.0,57819.8,True,synchronous,0.5250045846435879
57840.0,57849.8,True,synchronous,0.5250045838394504
57870.0,57879.8,True,synchronous,0.5250043407754182
57900.0,57909.8,True,synchronous,0.5250043427228699
57930.0,57939.8,True,synchronous,0.5229815869462278
57960.0,57969.8,True,synchronous,0.5250043427228699
57990.0,57999.8,True,synchronous,0.5229750647562481
58020.0,58029.8,True,synchronous,0.5250043432745073
58050.0,58059.8,True,synchronous,0.5229750668520667
58080.0,58089.8,True,synchronous,0.5250043427672528
58110.0,58119.8,True,synchronous,0.5247477964668579
58140.0,58149.8,True,synchronous,0.5229750668520667
58170.0,58179.8,True,synchronous,0.5250045845913586
58200.0,58209.8,True,synchronous,0.5250043407754182
58230.0,58239.8,True,synchronous,0.5250045845913586
58260.0,58269.8,True,synchronous,0.5250043427672528
58290.0,58299.8,True,synchronous,0.5250045838394504
58320.0,58329.8,True,synchronous,0.5247477964668579
58350.0,58359.8,True,synchronous,0.5229815869462278
58380.0,58389.8,True,synchronous,0.9999984399795828
58410.0,58419.8,True,synchronous,0.9999984383636704
58440.0,58449.8,True,synchronous,0.9999984271527698
58470.0,58479.8,True,synchronous,0.9999984399795828
58500.0,58509.8,True,synchronous,0.9999984399795826
58530.0,58539.8,True,synchronous,0.9999984383622709
58560.0,58569.8,True,synchronous,0.9999984399795766
58590.0,58599.8,True,synchronous,0.999998428165118
58620.0,58629.8,True,synchronous,0.9999984399795864
58650.0,58659.8,True,synchronous,0.9999984281665175
58680.0,58689.8,True,synchronous,0.9999984399795826
58710.0,58719.8,True,synchronous,0.9999984271527316
58740.0,58749.8,True,synchronous,0.9999984383636704
58770.0,58779.8,True,synchronous,0.9999984399809905
58800.0,58809.8,True,synchronous,0.9999984383622709
58830.0,58839.8,True,synchronous,0.9999984399795859
58860.0,58869.8,True,synchronous,0.999998439980974
58890.0,58899.8,True,synchronous,0.9999984399795826
58920.0,58929.8,True,synchronous,0.9999984383622709
58950.0,58959.8,True,synchronous,0.9999984399795826
58980.0,58989.8,True,synchronous,0.9999984399809854
59010.0,59019.8,True,synchronous,0.9999984399795826
59040.0,59049.8,True,synchronous,0.9999984383622709
59070.0,59079.8,True,synchronous,0.9999984271527698
59100.0,59109.8,True,synchronous,0.9999984399795826
59130.0,59139.8,True,synchronous,0.9999984399795799
59160.0,59169.8,True,synchronous,0.9999984281602521
59190.0,59199.8,True,synchronous,0.999998530567212
59220.0,59229.8,True,synchronous,0.999998530567212
59250.0,59259.8,True,pv,0.9991203094035662
59280.0,59289.8,True,pv,0.9991118508923811
59310.0,59319.8,True,pv,0.9991203094035662
59340.0,59349.8,True,pv,0.9991118516081271
59370.0,59379.8,True,pv,0.9991118516081269
59400.0,59409.8,True,pv,0.9991203094035662
59430.0,59439.8,True,pv,0.9991118516083782
59460.0,59469.8,True,pv,0.9991203094035662
59490.0,59499.8,True,pv,0.9991118508923811
59520.0,59529.8,True,pv,0.9991203094035662
59550.0,59559.8,True,pv,0.9991118516081273
59580.0,59589.8,True,pv,0.9991118515180717
59610.0,59619.8,True,pv,0.9991118515180717
59640.0,59649.8,True,pv,0.9991118516081275
59670.0,59679.8,True,pv,0.999111850892386
59700.0,59709.8,True,pv,0.9991118516083782
59730.0,59739.8,True,pv,0.9991118516083785
59760.0,59769.8,True,pv,0.9991118515180717
59790.0,59799.8,True,pv,0.9991118516083785
59820.0,59829.8,True,pv,0.9991118516081275
59850.0,59859.8,True,pv,0.9991118516081267
59880.0,59889.8,True,pv,0.9991118516083785
59910.0,59919.8,True,pv,0.9991118515180721
59940.0,59949.8,True,pv,0.9991118516083785
59970.0,59979.8,True,pv,0.9991118516081275
60000.0,60009.8,True,pv,0.9991118516083787
60030.0,60039.8,True,pv,0.9991118515180721
60060.0,60069.8,True,pv,0.9991118516083785
60090.0,60099.8,True,pv,0.9991118516081273
60120.0,60129.8,True,pv,0.9991118516083787
60150.0,60159.8,True,pv,0.9991203094035664
60180.0,60189.8,True,pv,0.9991118516081275
60210.0,60219.8,True,synchronous,0.9999721561162239
60240.0,60249.8,True,pv,0.9991203094035664
60270.0,60279.8,True,pv,0.9991118516083785
60300.0,60309.8,True,pv,0.9991118516081273
60330.0,60339.8,True,pv,0.9991118508923797
60360.0,60369.8,True,pv,0.9991203093973358
60390.0,60399.8,True,pv,0.9991118516081273
60420.0,60429.8,True,pv,0.9991118516083787
60450.0,60459.8,True,pv,0.999999845958284
60480.0,60489.8,True,pv,0.9999998459582835
60510.0,60519.8,True,pv,0.9999998459582835
60540.0,60549.8,True,pv,0.999999845958284
60570.0,60579.8,True,pv,0.9999998459582837
60600.0,60609.8,True,pv,0.9999998459582837
60630.0,60639.8,True,pv,0.9999998459582842
60660.0,60669.8,True,pv,0.9999998458646955
60690.0,60699.8,True,pv,0.9999998452097749
60720.0,60729.8,True,pv,0.9999998458646953
60750.0,60759.8,True,pv,0.9999998459582842
60780.0,60789.8,True,pv,0.9999998459583692
60810.0,60819.8,True,pv,0.9999998459582846
60840.0,60849.8,True,pv,0.9999998459582846
60870.0,60879.8,True,pv,0.9999998459582844
60900.0,60909.8,True,pv,0.9999998459582835
60930.0,60939.8,True,pv,0.9999998468025898
60960.0,60969.8,True,pv,0.9999998459582846
60990.0,60999.8,True,pv,0.9999998459583692
61020.0,61029.8,True,pv,0.9999998459582844
61050.0,61059.8,True,pv,0.9999998452156706
61080.0,61089.8,True,pv,0.9999998458587778
61110.0,61119.8,True,pv,0.999999845958284
61140.0,61149.8,True,pv,0.9999998459583692
61170.0,61179.8,True,pv,0.999999845958369
61200.0,61209.8,True,fridge,0.9828828066423725
61230.0,61239.8,True,pc,0.9999174194361711
61260.0,61269.8,True,fridge,0.9828854472702512
61290.0,61299.8,True,fridge,0.9828828086639091
61320.0,61329.8,True,fridge,0.9828828376240203
61350.0,61359.8,True,fridge,0.9828828356928427
61380.0,61389.8,True,fridge,0.9828828086639027
61410.0,61419.8,True,pc,0.9999174194358761
61440.0,61449.8,True,pc,0.9999174194374936
61470.0,61479.8,True,fridge,0.9807186624089362
61500.0,61509.8,True,pv,0.9999999295507654
61530.0,61539.8,True,pv,0.9999999294636649
61560.0,61569.8,True,pv,0.9999999294636649
61590.0,61599.8,True,pv,0.21441973774483372
61620.0,61629.8,True,pv,0.9999999294635807
61650.0,61659.8,True,pv,0.999999929463581
61680.0,61689.8,True,pv,0.9999999293699996
61710.0,61719.8,True,pv,0.999999929550485
61740.0,61749.8,True,pv,0.9999999295700978
61770.0,61779.8,True,pv,0.21438123497609998
61800.0,61809.8,True,pv,0.9999999294635796
61830.0,61839.8,True,pv,0.9999999294636642
61860.0,61869.8,True,pv,0.9999999294635805
61890.0,61899.8,True,pv,0.9999999295700978
61920.0,61929.8,True,pv,0.9999999294635807
61950.0,61959.8,True,pv,0.9999999295507654
61980.0,61989.8,True,pv,0.9999999294635794
62010.0,62019.8,True,pv,0.9999999294635805
62040.0,62049.8,True,pv,0.9999999294635805
62070.0,62079.8,True,pv,0.9999999294635796
62100.0,62109.8,True,pv,0.9999999292622751
62130.0,62139.8,True,pv,0.9999999294635805
62160.0,62169.8,True,pv,0.21419680133805413
62190.0,62199.8,True,pv,0.9999999294635799
62220.0,62229.8,True,pv,0.2144197383542614
62250.0,62259.8,True,pv,0.999999929463581
62280.0,62289.8,True,pv,0.9999999286133137
62310.0,62319.8,True,pv,0.9999999293699998
62340.0,62349.8,True,pv,0.9999999294636656
62370.0,62379.8,True,pv,0.9999999295507661
62400.0,62409.8,True,pv,0.9999999295700984
62430.0,62439.8,True,pv,0.9999999294753342
62460.0,62469.8,True,pv,0.9999999293688394
62490.0,62499.8,True,pv,0.9999999293689238
62520.0,62529.8,True,pv,0.21449843548416755
62550.0,62559.8,True,pv,0.999999929368924
62580.0,62589.8,True,baseload,0.21260730509302997
62610.0,62619.8,True,pv,0.2126245887594101
62640.0,62649.8,True,pv,0.9999999294753342
62670.0,62679.8,True,pv,0.9999999292752576
62700.0,62709.8,True,pv,0.9999999293688385
62730.0,62739.8,True,pv,0.2127425264488325
62760.0,62769.8,True,pv,0.999999929475334
62790.0,62799.8,True,pv,0.9999999293688392
62820.0,62829.8,True,pv,0.21397194079333964
62850.0,62859.8,True,pv,0.9999999294560021
62880.0,62889.8,True,pv,0.2122331139739226
62910.0,62919.8,True,pv,0.9999999293688394
62940.0,62949.8,True,pv,0.999999928626303
62970.0,62979.8,True,pv,0.999999929368839
63000.0,63009.8,True,pv,0.9999999294557208
63030.0,63039.8,True,pv,0.21449822846683783
63060.0,63069.8,True,pv,0.9999999293688394
63090.0,63099.8,True,pv,0.9999999293689233
63120.0,63129.8,True,pv,0.9999999293688385
63150.0,63159.8,True,pv,0.21419441007106604
63180.0,63189.8,True,pv,0.9999999293688394
63210.0,63219.8,True,fridge,0.9828828339415324
63240.0,63249.8,True,fridge,0.9828828086639031
63270.0,63279.8,True,fridge,0.9828828377278553
63300.0,63309.8,True,fridge,0.9828854495759336
63330.0,63339.8,True,fridge,0.9828828376371896
63360.0,63369.8,True,fridge,0.9828828086639031
63390.0,63399.8,True,fridge,0.9828828376371896
63420.0,63429.8,True,pc,0.9999173888564767
63450.0,63459.8,True,fridge,0.9828828376371896
63480.0,63489.8,True,fridge,0.9828828374639695
63510.0,63519.8,True,fridge,0.9828854469521618
63540.0,63549.8,True,fridge,0.9828828084000174
63570.0,63579.8,True,fridge,0.9828828377278616
63600.0,63609.8,True,fridge,0.9828828245876016
63630.0,63639.8,True,fridge,0.9828828377278616
63660.0,63669.8,True,fridge,0.9828828086639093
63690.0,63699.8,True,fridge,0.9828828085223872
63720.0,63729.8,True,fridge,0.9828828376371896
63750.0,63759.8,True,fridge,0.9828828374639764
63780.0,63789.8,True,fridge,0.9828828086639093
63810.0,63819.8,True,fridge,0.9828828377278616
63840.0,63849.8,True,fridge,0.9828828377278616
63870.0,63879.8,True,fridge,0.982882837727862
63900.0,63909.8,True,fridge,0.9828828377278616
63930.0,63939.8,True,fridge,0.982894235821082
63960.0,63969.8,True,fridge,0.982882837727848
63990.0,63999.8,True,fridge,0.9828828086639093
64020.0,64029.8,True,fridge,0.9828828377278654
64050.0,64059.8,True,fridge,0.9828828374639695
64080.0,64089.8,True,pv,0.9999999288507426
64110.0,64119.8,True,pv,0.9999999287571613
64140.0,64149.8,True,pv,0.9999999288508279
64170.0,64179.8,True,pv,0.9999999289570399
64200.0,64209.8,True,pv,0.999999928850827
64230.0,64239.8,True,baseload,0.21870412520492818
64260.0,64269.8,True,baseload,0.2187039182558431
64290.0,64299.8,True,baseload,0.21870391742801915
64320.0,64329.8,True,pv,0.9999999289570399
64350.0,64359.8,True,pv,0.999999928850827
64380.0,64389.8,True,pv,0.9999999288507428
64410.0,64419.8,True,pv,0.9999999288508277
64440.0,64449.8,True,pv,0.9999999288507431
64470.0,64479.8,True,pv,0.9999999286760437
64500.0,64509.8,True,pv,0.9999999287823007
64530.0,64539.8,True,pv,0.9999999286760439
64560.0,64569.8,True,baseload,0.21805788554359262
64590.0,64599.8,True,pv,0.9999999286760439
64620.0,64629.8,True,pv,0.9999999286760448
64650.0,64659.8,True,baseload,0.21854252944394462
64680.0,64689.8,True,baseload,0.21805788554359262
64710.0,64719.8,True,baseload,0.21805788553956035
64740.0,64749.8,True,pv,0.9999999287823009
64770.0,64779.8,True,pv,0.99999992874064
64800.0,64809.8,True,pv,0.9999999286760439
64830.0,64839.8,True,baseload,0.21854253103764645
64860.0,64869.8,True,baseload,0.2177689174812309
64890.0,64899.8,True,pv,0.9999999286760444
64920.0,64929.8,True,pv,0.9999999286760446
64950.0,64959.8,True,baseload,0.2177689180171082
64980.0,64989.8,True,pv,0.9999999287621679
65010.0,65019.8,True,pv,0.9999999286760439
65040.0,65049.8,True,pv,0.9999999286761287
65070.0,65079.8,True,pv,0.9999999287823007
65100.0,65109.8,True,pv,0.9999999287823007
65130.0,65139.8,True,pv,0.999999928582463
65160.0,65169.8,True,pv,0.9999999286760444
65190.0,65199.8,True,pv,0.9999999286760444
65220.0,65229.8,True,pv,0.9999999287823005
65250.0,65259.8,True,pv,0.9999999286760437
65280.0,65289.8,True,pv,0.9999999286760437
65310.0,65319.8,True,pv,0.9999999287624493
65340.0,65349.8,True,pv,0.9999999286760446
65370.0,65379.8,True,pv,0.9999999286760439
65400.0,65409.8,True,baseload,0.21828284997269412
65430.0,65439.8,True,pv,0.9999999287621675
65460.0,65469.8,True,pv,0.9999999286760437
65490.0,65499.8,True,pv,0.9999999286760439
65520.0,65529.8,True,pv,0.9999999287624493
65550.0,65559.8,True,pv,0.9999999286760446
65580.0,65589.8,True,pv,0.9999999287624493
65610.0,65619.8,True,pv,0.9999999286760439
65640.0,65649.8,True,pv,0.9999999287647208
65670.0,65679.8,True,baseload,0.2185423307949728
65700.0,65709.8,True,pv,0.9999999287823005
65730.0,65739.8,True,baseload,0.21776892165021913
65760.0,65769.8,True,pv,0.9999999286760439
65790.0,65799.8,True,pv,0.9999999287823009
65820.0,65829.8,True,baseload,0.21854253496476325
65850.0,65859.8,True,pv,0.9999999286761296
65880.0,65889.8,True,pv,0.9999999286761292
65910.0,65919.8,True,pv,0.9999999287406398
65940.0,65949.8,True,pv,0.9999999286761292
65970.0,65979.8,True,baseload,0.21728074094666222
66000.0,66009.8,True,baseload,0.21769095468575625
66030.0,66039.8,True,baseload,0.2175051218077768
66060.0,66069.8,True,washing_machine,0.9999996589129796
66090.0,66099.8,True,washing_machine,0.9999996585097357
66120.0,66129.8,True,washing_machine,0.9999996585097357
66150.0,66159.8,True,washing_machine,0.9999996585097359
66180.0,66189.8,True,washing_machine,0.9999996588128618
66210.0,66219.8,True,washing_machine,0.9999996589131093
66240.0,66249.8,True,washing_machine,0.9999996589130968
66270.0,66279.8,True,ev,0.9999974364137926
66300.0,66309.8,True,ev,0.9999974249246818
66330.0,66339.8,True,ev,0.9999975501539567
66360.0,66369.8,True,ev,0.9999974364137968
66390.0,66399.8,True,ev,0.9999975569630987
66420.0,66429.8,True,ev,0.9999974364137968
66450.0,66459.8,True,ev,0.999997439359719
66480.0,66489.8,True,ev,0.9999974364138168
66510.0,66519.8,True,ev,0.9999974364138048
66540.0,66549.8,True,ev,0.999997439359719
66570.0,66579.8,True,ev,0.9999974364137939
66600.0,66609.8,True,ev,0.9999975610843383
66630.0,66639.8,True,ev,0.9999973809248877
66660.0,66669.8,True,ev,0.9999975501539567
66690.0,66699.8,True,ev,0.9999974364137888
66720.0,66729.8,True,ev,0.999997439359719
66750.0,66759.8,True,ev,0.9999974364137939
66780.0,66789.8,True,ev,0.9999974364138048
66810.0,66819.8,True,ev,0.9999974364138048
66840.0,66849.8,True,ev,0.999997439359719
66870.0,66879.8,True,ev,0.9999975638870001
66900.0,66909.8,True,washing_machine,0.9609669224762387
66930.0,66939.8,True,washing_machine,0.9999996354875812
66960.0,66969.8,True,fridge,0.999654981261883
66990.0,66999.8,True,baseload,0.9999571849278308
67020.0,67029.8,True,fridge,0.9996549812618859
67050.0,67059.8,True,pv,0.9983655857997176
67080.0,67089.8,True,fridge,0.9996549811902619
67110.0,67119.8,True,baseload,0.9999572716495069
67140.0,67149.8,True,baseload,0.6621665321260167
67170.0,67179.8,True,baseload,0.9999572976778259
67200.0,67209.8,True,baseload,0.8073962935883096
67230.0,67239.8,True,pv,0.9980228325852798
67260.0,67269.8,True,fridge,0.9996549811905496
67290.0,67299.8,True,baseload,0.9999572716495426
67320.0,67329.8,True,baseload,0.6621665328707894
67350.0,67359.8,True,baseload,0.9999571849278606
67380.0,67389.8,True,baseload,0.6621665328707902
67410.0,67419.8,True,baseload,0.9999572977083794
67440.0,67449.8,True,baseload,0.6621665328707892
67470.0,67479.8,True,baseload,0.9999572321112544
67500.0,67509.8,True,washing_machine,0.5712150756612914
67530.0,67539.8,True,pv,0.9983655858031772
67560.0,67569.8,True,washing_machine,0.5712150757780401
67590.0,67599.8,True,pv,0.9983655857993462
67620.0,67629.8,True,washing_machine,0.5712150757780409
67650.0,67659.8,True,pv,0.9983655858031772
67680.0,67689.8,True,fridge,0.9996549811905523
67710.0,67719.8,True,pv,0.9983655858031772
67740.0,67749.8,True,washing_machine,0.5712150756612906
67770.0,67779.8,True,pv,0.9983655857993462
67800.0,67809.8,True,washing_machine,0.5711257278123839
67830.0,67839.8,True,baseload,0.9999572321418471
67860.0,67869.8,True,fridge,0.9996549811892411
67890.0,67899.8,True,pv,0.998365585807193
67920.0,67929.8,True,washing_machine,0.5712150756609692
67950.0,67959.8,True,baseload,0.9999572977084425
67980.0,67989.8,True,washing_machine,0.5711257278122205
68010.0,68019.8,True,pv,0.9983655858028059
68040.0,68049.8,True,washing_machine,0.5712150756612904
68070.0,68079.8,True,baseload,0.999973489723853
68100.0,68109.8,True,washing_machine,0.57121507577804
68130.0,68139.8,True,baseload,0.9999572716189776
68160.0,68169.8,True,washing_machine,0.5712150756609699
68190.0,68199.8,True,baseload,0.9999572977084494
68220.0,68229.8,True,washing_machine,0.5712150756611027
68250.0,68259.8,True,baseload,0.9999572976778128
68280.0,68289.8,True,washing_machine,0.5712150756607829
68310.0,68319.8,True,pv,0.9983655858071933
68340.0,68349.8,True,washing_machine,0.5711257278124545
68370.0,68379.8,True,pv,0.9983655858071933
68400.0,68409.8,True,washing_machine,0.57121507566094
68430.0,68439.8,True,pv,0.9983655858068219
68460.0,68469.8,True,washing_machine,0.5712150756609699
68490.0,68499.8,True,baseload,0.9999572716495364
68520.0,68529.8,True,washing_machine,0.5711257276596223
68550.0,68559.8,True,pv,0.9983655858071933
68580.0,68589.8,True,washing_machine,0.5711257278122908
68610.0,68619.8,True,pv,0.9983655858183066
68640.0,68649.8,True,washing_machine,0.5711257278126414
68670.0,68679.8,True,pv,0.9983655858068219
68700.0,68709.8,True,washing_machine,0.5711257278121337
68730.0,68739.8,True,baseload,0.9999572716190198
68760.0,68769.8,True,fridge,0.7969084297815501
68790.0,68799.8,True,fridge,0.7711265213181275
68820.0,68829.8,True,baseload,0.2689254186616095
68850.0,68859.8,True,baseload,0.241868648893373
68880.0,68889.8,True,baseload,0.26913745561454117
68910.0,68919.8,True,baseload,0.24215438282018473
68940.0,68949.8,True,synchronous,0.426593306927544
68970.0,68979.8,True,fridge,0.9947850732070607
69000.0,69009.8,True,synchronous,0.4272702602642037
69030.0,69039.8,True,fridge,0.9999985643496873
69060.0,69069.8,True,synchronous,0.42659320652356636
69090.0,69099.8,True,fridge,0.9999985643496864
69120.0,69129.8,True,synchronous,0.42659115565791017
69150.0,69159.8,True,fridge,0.9999985682117539
69180.0,69189.8,True,synchronous,0.426593306927544
69210.0,69219.8,True,fridge,0.9999985678905216
69240.0,69249.8,True,synchronous,0.4265933069575952
69270.0,69279.8,True,fridge,0.9999985678904967
69300.0,69309.8,True,synchronous,0.426593306927544
69330.0,69339.8,True,fridge,0.9999985682145304
69360.0,69369.8,True,synchronous,0.4265933069575952
69390.0,69399.8,True,fridge,0.9999985678912143
69420.0,69429.8,True,synchronous,0.426593306927544
69450.0,69459.8,True,fridge,0.9999985692352206
69480.0,69489.8,True,synchronous,0.426593306927544
69510.0,69519.8,True,fridge,0.999998568532641
69540.0,69549.8,True,synchronous,0.426593306927544
69570.0,69579.8,True,fridge,0.9999985689049503
69600.0,69609.8,True,synchronous,0.44636886142048215
69630.0,69639.8,True,fridge,0.9999985689099399
69660.0,69669.8,True,synchronous,0.426593306927544
69690.0,69699.8,True,fridge,0.9999985696055566
69720.0,69729.8,True,synchronous,0.426593306927544
69750.0,69759.8,True,fridge,0.9999983618595313
69780.0,69789.8,True,synchronous,0.44636886145392574
69810.0,69819.8,True,fridge,0.9999983618626888
69840.0,69849.8,True,fridge,0.5609121030102687
69870.0,69879.8,True,fridge,0.5614383824270115
69900.0,69909.8,True,fridge,0.9999943994244566
69930.0,69939.8,True,synchronous,0.45900324284202637
69960.0,69969.8,True,synchronous,0.4341210868615354
69990.0,69999.8,True,synchronous,0.4404372086936498
70020.0,70029.8,True,washing_machine,0.999998364322831
70050.0,70059.8,True,washing_machine,0.99999809971638
70080.0,70089.8,True,washing_machine,0.9999980942073744
70110.0,70119.8,True,washing_machine,0.9999983592270832
70140.0,70149.8,True,washing_machine,0.9999980942073744
70170.0,70179.8,True,washing_machine,0.9999980996180925
70200.0,70209.8,True,washing_machine,0.9999980942073744
70230.0,70239.8,True,washing_machine,0.9999980996180925
70260.0,70269.8,True,washing_machine,0.9999983592270888
70290.0,70299.8,True,washing_machine,0.9999983979723798
70320.0,70329.8,True,washing_machine,0.8533524754591078
70350.0,70359.8,True,fridge,0.7711265262755201
70380.0,70389.8,True,washing_machine,0.9999964571959641
70410.0,70419.8,True,washing_machine,0.9999994664094171
70440.0,70449.8,True,pv,0.9999999223821163
70470.0,70479.8,True,pv,0.9999999224707938
70500.0,70509.8,True,baseload,0.26971672626951965
70530.0,70539.8,True,pv,0.9999999224859684
70560.0,70569.8,True,pv,0.9999999225746468
70590.0,70599.8,True,pv,0.9999999225213407
70620.0,70629.8,True,pv,0.9999999225484915
70650.0,70659.8,True,pv,0.9999999224708771
70680.0,70689.8,True,pv,0.9999999223821163
70710.0,70719.8,True,pv,0.9999999225213423
70740.0,70749.8,True,baseload,0.2685821517991125
70770.0,70779.8,True,pv,0.9999999224595322
70800.0,70809.8,True,baseload,0.2685821496894102
70830.0,70839.8,True,baseload,0.2695236607540372
70860.0,70869.8,True,pv,0.9999999225140233
70890.0,70899.8,True,baseload,0.2698700716818323
70920.0,70929.8,True,baseload,0.26971594649494995
70950.0,70959.8,True,baseload,0.26893020998705136
70980.0,70989.8,True,baseload,0.24211132060322432
71010.0,71019.8,True,pv,0.999999922432657
71040.0,71049.8,True,baseload,0.2685821568691231
71070.0,71079.8,True,pv,0.9999999225482135
71100.0,71109.8,True,pv,0.9999999225746505
71130.0,71139.8,True,baseload,0.2691745744348734
71160.0,71169.8,True,pv,0.9999999225482141
71190.0,71199.8,True,baseload,0.2697167365882077
71220.0,71229.8,True,pv,0.9999999225482146
71250.0,71259.8,True,pv,0.999999922377216
71280.0,71289.8,True,baseload,0.2685821573527353
71310.0,71319.8,True,baseload,0.2695236657812509
71340.0,71349.8,True,pv,0.9999999225140259
71370.0,71379.8,True,pv,0.9999999225746521
71400.0,71409.8,True,pv,0.9999999224707989
71430.0,71439.8,True,baseload,0.26892544218539083
71460.0,71469.8,True,pv,0.9999999225213472
71490.0,71499.8,True,pv,0.9999999225482157
71520.0,71529.8,True,pv,0.9999999225459266
71550.0,71559.8,True,baseload,0.26892622387100384
71580.0,71589.8,True,pv,0.9999999224708833
71610.0,71619.8,True,pv,0.9999999225482157
71640.0,71649.8,True,baseload,0.2685821590080079
71670.0,71679.8,True,pv,0.999999922548497
71700.0,71709.8,True,baseload,0.2689254421929875
71730.0,71739.8,True,baseload,0.2685821596338123
71760.0,71769.8,True,baseload,0.2699638379418825
71790.0,71799.8,True,baseload,0.26858215917061556
71820.0,71829.8,True,baseload,0.26858216075970753
71850.0,71859.8,True,pv,0.9999999225482152
71880.0,71889.8,True,pv,0.9999999225482157
71910.0,71919.8,True,baseload,0.26892622394354143
71940.0,71949.8,True,pv,0.999999922548497
71970.0,71979.8,True,pv,0.9999999225484999
72000.0,72009.8,True,pv,0.9999999225746523
72030.0,72039.8,True,baseload,0.2689302182453418
72060.0,72069.8,True,baseload,0.2689254420245204
72090.0,72099.8,True,baseload,0.2689254422967047
72120.0,72129.8,True,baseload,0.26892544104414684
72150.0,72159.8,True,baseload,0.2699630516345442
72180.0,72189.8,True,pv,0.9999999225746523
72210.0,72219.8,True,baseload,0.2697706604446189
72240.0,72249.8,True,pv,0.9999999224708005
72270.0,72279.8,True,baseload,0.2702144504741579
72300.0,72309.8,True,baseload,0.24215093014801028
72330.0,72339.8,True,baseload,0.2686209945230262
72360.0,72369.8,True,baseload,0.26896893587316795
72390.0,72399.8,True,baseload,0.24215093135961532
72420.0,72429.8,True,baseload,0.2689752933052734
72450.0,72459.8,True,baseload,0.2424372611412228
72480.0,72489.8,True,baseload,0.26862076066356516
72510.0,72519.8,True,baseload,0.2694597149920793
72540.0,72549.8,True,pc,0.27059706571083547
72570.0,72579.8,True,baseload,0.26922222191203776
72600.0,72609.8,True,baseload,0.2686207624632386
72630.0,72639.8,True,baseload,0.26945971676378305
72660.0,72669.8,True,baseload,0.2692222234256296
72690.0,72699.8,True,pc,0.2708554578863759
72720.0,72729.8,True,fridge,0.999995571725056
72750.0,72759.8,True,fridge,0.9999955715407441
72780.0,72789.8,True,fridge,0.9999955715407268
72810.0,72819.8,True,fridge,0.9999955497263977
72840.0,72849.8,True,fridge,0.9999955717250729
72870.0,72879.8,True,fridge,0.9999955717250729
72900.0,72909.8,True,fridge,0.9999955742015941
72930.0,72939.8,True,fridge,0.9999955480754086
72960.0,72969.8,True,fridge,0.9999955742015968
72990.0,72999.8,True,fridge,0.9999955503178553
73020.0,73029.8,True,fridge,0.9999955742015968
73050.0,73059.8,True,fridge,0.9999955503119865
73080.0,73089.8,True,fridge,0.9999955717250589
73110.0,73119.8,True,fridge,0.9999955715407461
73140.0,73149.8,True,fridge,0.9999955715407268
73170.0,73179.8,True,fridge,0.9999955737284588
73200.0,73209.8,True,fridge,0.9999986805262888
73230.0,73239.8,True,fridge,0.9999955742015968
73260.0,73269.8,True,fridge,0.9999955715407435
73290.0,73299.8,True,fridge,0.9999955476022859
73320.0,73329.8,True,fridge,0.9999955715408487
73350.0,73359.8,True,fridge,0.9999955715407461
73380.0,73389.8,True,fridge,0.9999955712519379
73410.0,73419.8,True,fridge,0.999995547602271
73440.0,73449.8,True,baseload,0.26886711292994614
73470.0,73479.8,True,baseload,0.26936501210940195
73500.0,73509.8,True,baseload,0.26936501190002743
73530.0,73539.8,True,baseload,0.269423243695413
73560.0,73569.8,True,baseload,0.2692118380761635
73590.0,73599.8,True,baseload,0.26886711396817464
73620.0,73629.8,True,baseload,0.2692110547199616
73650.0,73659.8,True,baseload,0.26936501027242055
73680.0,73689.8,True,baseload,0.23284213784211283
73710.0,73719.8,True,baseload,0.26942324355779734
73740.0,73749.8,True,baseload,0.26921112420610877
73770.0,73779.8,True,fridge,0.9999855615177133
73800.0,73809.8,True,baseload,0.24215097868810823
73830.0,73839.8,True,baseload,0.2692111250183557
73860.0,73869.8,True,fridge,0.9999938905176812
73890.0,73899.8,True,baseload,0.2423511630568849
73920.0,73929.8,True,baseload,0.2694233157241572
73950.0,73959.8,True,baseload,0.24277880729112172
73980.0,73989.8,True,fridge,0.9999855724332094
74010.0,74019.8,True,fridge,0.9999858361759809
74040.0,74049.8,True,baseload,0.24263789980919367
74070.0,74079.8,True,fridge,0.9999846123654178
74100.0,74109.8,True,fridge,0.999984978149096
74130.0,74139.8,True,fridge,0.9999928518348711
74160.0,74169.8,True,fridge,0.9999846123655386
74190.0,74199.8,True,baseload,0.32802569875377374
74220.0,74229.8,True,fridge,0.999984484509613
74250.0,74259.8,True,fridge,0.9999839504169727
74280.0,74289.8,True,baseload,0.3628294574798931
74310.0,74319.8,True,fridge,0.9999858360220641
74340.0,74349.8,True,baseload,0.3486196478874376
74370.0,74379.8,True,fridge,0.9999839687397328
74400.0,74409.8,True,fridge,0.9999922871816455
74430.0,74439.8,True,fridge,0.9999840518812817
74460.0,74469.8,True,fridge,0.9999840432204109
74490.0,74499.8,True,baseload,0.34938371865384804
74520.0,74529.8,True,fridge,0.9999845367947845
74550.0,74559.8,True,baseload,0.34909929927938127
74580.0,74589.8,True,fridge,0.9999844751394379
74610.0,74619.8,True,fridge,0.9999840404916706
74640.0,74649.8,True,fridge,0.9999840481197223
74670.0,74679.8,True,fridge,0.9999840480770575
74700.0,74709.8,True,fridge,0.9999844765101785
74730.0,74739.8,False,off,
74760.0,74769.8,False,off,
74790.0,74799.8,True,fridge,0.9999840449272435
74820.0,74829.8,False,off,
74850.0,74859.8,False,off,
74880.0,74889.8,False,off,
74910.0,74919.8,True,fridge,0.999984476510139
74940.0,74949.8,False,off,
74970.0,74979.8,True,fridge,0.999984046600203
75000.0,75009.8,False,off,
75030.0,75039.8,True,fridge,0.9999845545399456
75060.0,75069.8,False,off,
75090.0,75099.8,True,fridge,0.9999844761133736
75120.0,75129.8,True,fridge,0.9999840505769412
75150.0,75159.8,True,fridge,0.9999858270635774
75180.0,75189.8,False,off,
75210.0,75219.8,True,fridge,0.9999840505769316
75240.0,75249.8,True,fridge,0.9999859146971911
75270.0,75279.8,True,fridge,0.9999856576256384
75300.0,75309.8,True,fridge,0.9999845586768408
75330.0,75339.8,True,fridge,0.9999840547138845
75360.0,75369.8,True,fridge,0.9999858312222479
75390.0,75399.8,True,fridge,0.9999840478943203
75420.0,75429.8,True,fridge,0.9999840477700851
75450.0,75459.8,True,fridge,0.999984480492869
75480.0,75489.8,True,pc,0.24301449035577313
75510.0,75519.8,True,baseload,0.3096404051172582
75540.0,75549.8,True,baseload,0.2700701222670058
75570.0,75579.8,True,baseload,0.27007012129587
75600.0,75609.8,True,baseload,0.27007012147887727
75630.0,75639.8,True,fridge,0.251619762339547
75660.0,75669.8,True,fridge,0.25161976236941774
75690.0,75699.8,True,baseload,0.3342468970602695
75720.0,75729.8,True,resistive,0.6891331206262354
75750.0,75759.8,True,resistive,0.6888135348458574
75780.0,75789.8,True,resistive,0.6599604560660011
75810.0,75819.8,True,resistive,0.6892235138744313
75840.0,75849.8,True,baseload,0.9999000537976016
75870.0,75879.8,True,fridge,0.2678676345911853
75900.0,75909.8,True,fridge,0.298300060697121
75930.0,75939.8,True,fridge,0.3012537833046643
75960.0,75969.8,True,fridge,0.29855257066931673
75990.0,75999.8,True,fridge,0.2982538133339354
76020.0,76029.8,True,fridge,0.29826115807202935
76050.0,76059.8,True,fridge,0.29830006367721634
76080.0,76089.8,True,fridge,0.2982518199331845
76110.0,76119.8,True,fridge,0.2981250406176239
76140.0,76149.8,True,fridge,0.29825182043148296
76170.0,76179.8,True,fridge,0.2982538122751061
76200.0,76209.8,True,fridge,0.29826115685788684
76230.0,76239.8,True,fridge,0.3011108502567006
76260.0,76269.8,True,fridge,0.2981250406176239
76290.0,76299.8,True,fridge,0.29825381356434244
76320.0,76329.8,True,fridge,0.29825182142052004
76350.0,76359.8,True,fridge,0.2982518199331845
76380.0,76389.8,True,fridge,0.2982518199331845
76410.0,76419.8,True,fridge,0.30112658656264873
76440.0,76449.8,True,fridge,0.29825916418833676
76470.0,76479.8,True,fridge,0.2982383818782997
76500.0,76509.8,True,fridge,0.30112658656264873
76530.0,76539.8,True,fridge,0.2982538133339354
76560.0,76569.8,True,baseload,0.9999000544558789
76590.0,76599.8,True,baseload,0.9999000136632478
76620.0,76629.8,True,washing_machine,0.921644727232654
76650.0,76659.8,True,baseload,0.9999045533573537
76680.0,76689.8,True,baseload,0.999896004556539
76710.0,76719.8,True,baseload,0.999900053478229
76740.0,76749.8,True,washing_machine,0.921644727232654
76770.0,76779.8,True,baseload,0.999900053478229
76800.0,76809.8,True,baseload,0.9999000534782294
76830.0,76839.8,True,washing_machine,0.9216447207835892
76860.0,76869.8,True,washing_machine,0.9216221743131524
76890.0,76899.8,True,baseload,0.9999000544558789
76920.0,76929.8,True,baseload,0.999900053478229
76950.0,76959.8,True,washing_machine,0.9223625672671102
76980.0,76989.8,True,washing_machine,0.999990747103197
77010.0,77019.8,True,washing_machine,0.9216507731434502
77040.0,77049.8,True,baseload,0.999900053478229
77070.0,77079.8,True,baseload,0.9999000544558789
77100.0,77109.8,True,washing_machine,0.9223699483855357
77130.0,77139.8,True,washing_machine,0.9999820266382644
77160.0,77169.8,True,washing_machine,0.921644727232654
77190.0,77199.8,True,baseload,0.9999000544558792
77220.0,77229.8,True,washing_machine,0.9216221742574119
77250.0,77259.8,True,baseload,0.999900053478229
77280.0,77289.8,True,baseload,0.9999000544558789
77310.0,77319.8,True,washing_machine,0.9216507731450234
77340.0,77349.8,True,baseload,0.999900053478229
77370.0,77379.8,True,washing_machine,0.9216221742551876
77400.0,77409.8,True,washing_machine,0.9584554406886755
77430.0,77439.8,True,washing_machine,0.9999816640219713
77460.0,77469.8,True,washing_machine,0.9216507731432608
77490.0,77499.8,True,baseload,0.9999000136631876
77520.0,77529.8,True,baseload,0.9999000544558787
77550.0,77559.8,True,baseload,0.99990001284473
77580.0,77589.8,True,washing_machine,0.9216447206123586
77610.0,77619.8,True,baseload,0.999900053478229
77640.0,77649.8,True,washing_machine,0.9216221740825025
77670.0,77679.8,True,baseload,0.9999000128447235
77700.0,77709.8,True,washing_machine,0.9223625673727658
77730.0,77739.8,True,baseload,0.9999000537969063
77760.0,77769.8,True,ev,0.9999997124455476
77790.0,77799.8,True,ev,0.9999997770244569
77820.0,77829.8,True,ev,0.9999997767542602
77850.0,77859.8,True,ev,0.9999997772171506
77880.0,77889.8,True,ev,0.9999997398203109
77910.0,77919.8,True,ev,0.9999997767542602
77940.0,77949.8,True,ev,0.9999997767542602
77970.0,77979.8,True,ev,0.9999997767542005
78000.0,78009.8,True,ev,0.9999997767542602
78030.0,78039.8,True,ev,0.9999997395039434
78060.0,78069.8,True,ev,0.999999739516294
78090.0,78099.8,True,ev,0.9999997130433897
78120.0,78129.8,True,ev,0.9999997395039434
78150.0,78159.8,True,ev,0.999999739516294
78180.0,78189.8,True,ev,0.9999997397305898
78210.0,78219.8,True,ev,0.9999997767542602
78240.0,78249.8,True,ev,0.9999997767542005
78270.0,78279.8,True,ev,0.9999997767542602
78300.0,78309.8,True,ev,0.9999997772171506
78330.0,78339.8,True,ev,0.9999997772171533
78360.0,78369.8,True,ev,0.9999997398203109
78390.0,78399.8,True,ev,0.9999997403809392
78420.0,78429.8,True,ev,0.9999997772171533
78450.0,78459.8,True,ev,0.9999997772171506
78480.0,78489.8,True,ev,0.9999997772171506
78510.0,78519.8,True,ev,0.9999997398327187
78540.0,78549.8,True,ev,0.9999997772171506
78570.0,78579.8,True,ev,0.9999997772171533
78600.0,78609.8,True,ev,0.9999997772171533
78630.0,78639.8,True,ev,0.9999997774303302
78660.0,78669.8,True,ev,0.9999997772171506
78690.0,78699.8,True,ev,0.9999997398203109
78720.0,78729.8,True,ev,0.9999997398203109
78750.0,78759.8,True,ev,0.9999997772171533
78780.0,78789.8,True,ev,0.9999997774882696
78810.0,78819.8,True,ev,0.9999997398327187
78840.0,78849.8,True,ev,0.9999997770244571
78870.0,78879.8,True,ev,0.9999997395039434
78900.0,78909.8,True,ev,0.9999997772171506
78930.0,78939.8,True,ev,0.9999997767542602
78960.0,78969.8,True,ev,0.9999993839954477
78990.0,78999.8,True,ev,0.9999993824431422
79020.0,79029.8,True,ev,0.9999993824427839
79050.0,79059.8,True,ev,0.9999993824427887
79080.0,79089.8,True,ev,0.9999993824431422
79110.0,79119.8,True,ev,0.9999993839954477
79140.0,79149.8,True,ev,0.9999993830338582
79170.0,79179.8,True,ev,0.99999938319462
79200.0,79209.8,True,ev,0.9999993824431422
79230.0,79239.8,True,ev,0.9999993824431422
79260.0,79269.8,True,ev,0.9999993824431422
79290.0,79299.8,True,ev,0.9999993824431336
79320.0,79329.8,True,ev,0.9999993811564561
79350.0,79359.8,True,ev,0.9999993819053644
79380.0,79389.8,True,ev,0.9999993819053529
79410.0,79419.8,True,ev,0.9999993811564561
79440.0,79449.8,True,ev,0.9999993811562601
79470.0,79479.8,True,ev,0.9999993811564561
79500.0,79509.8,True,ev,0.9999993811564561
79530.0,79539.8,True,ev,0.9999993819053642
79560.0,79569.8,True,ev,0.9999993811564561
79590.0,79599.8,True,ev,0.9999993811564561
79620.0,79629.8,True,ev,0.9999993811564561
79650.0,79659.8,True,ev,0.9999993811562561
79680.0,79689.8,True,ev,0.9999997395162908
79710.0,79719.8,True,ev,0.9999997767541974
79740.0,79749.8,True,ev,0.999999739516294
79770.0,79779.8,True,ev,0.9999997397745006
79800.0,79809.8,True,ev,0.9999997395039434
79830.0,79839.8,True,ev,0.999999739516294
79860.0,79869.8,True,ev,0.9999997770244571
79890.0,79899.8,True,ev,0.9999997767542602
79920.0,79929.8,True,ev,0.9999997767542005
79950.0,79959.8,True,ev,0.999999739516294
79980.0,79989.8,True,ev,0.9999997769684472
80010.0,80019.8,True,ev,0.9999997395039434
80040.0,80049.8,True,ev,0.9999997767542602
80070.0,80079.8,True,ev,0.9999997767541974
80100.0,80109.8,True,ev,0.9999997767542005
80130.0,80139.8,True,ev,0.9999997772171477
80160.0,80169.8,True,ev,0.9999997398327163
80190.0,80199.8,True,ev,0.9999997772171533
80220.0,80229.8,True,ev,0.9999997772171506
80250.0,80259.8,True,ev,0.9999997774303138
80280.0,80289.8,True,ev,0.999999739832717
80310.0,80319.8,True,ev,0.9999997772171533
80340.0,80349.8,True,ev,0.9999997398203109
80370.0,80379.8,True,ev,0.9999997772171506
80400.0,80409.8,True,ev,0.9999997772171533
80430.0,80439.8,True,ev,0.9999997774303138
80460.0,80469.8,True,ev,0.9999997772171506
80490.0,80499.8,True,ev,0.9999997772171506
80520.0,80529.8,True,ev,0.9999997772171499
80550.0,80559.8,True,ev,0.9999997772171506
80580.0,80589.8,True,ev,0.9999997767542602
80610.0,80619.8,True,ev,0.9999997772171506
80640.0,80649.8,True,ev,0.9999997772171506
80670.0,80679.8,True,ev,0.999999777430314
80700.0,80709.8,True,ev,0.9999997772171506
80730.0,80739.8,True,ev,0.999999739832717
80760.0,80769.8,True,ev,0.9999997398203109
80790.0,80799.8,True,ev,0.999999777777253
80820.0,80829.8,True,ev,0.9999997772171533
80850.0,80859.8,True,ev,0.9999997773149122
80880.0,80889.8,True,ev,0.9999997767542602
80910.0,80919.8,True,ev,0.9999997767542005
80940.0,80949.8,True,ev,0.9999997774882703
80970.0,80979.8,True,ev,0.9999997772171533
81000.0,81009.8,True,ev,0.9999997772171533
81030.0,81039.8,True,ev,0.9999997772171506
81060.0,81069.8,True,ev,0.9999997774882698
81090.0,81099.8,True,ev,0.9999997774882698
81120.0,81129.8,True,ev,0.9999997772171506
81150.0,81159.8,True,ev,0.9999997772171533
81180.0,81189.8,True,ev,0.9999997772171506
81210.0,81219.8,True,ev,0.9999997772171533
81240.0,81249.8,True,ev,0.9999997772171506
81270.0,81279.8,True,ev,0.9999997398203109
81300.0,81309.8,True,ev,0.9999997398203109
81330.0,81339.8,True,ev,0.9999997772171499
81360.0,81369.8,True,ev,0.9999997772171506
81390.0,81399.8,True,ev,0.9999997400459743
81420.0,81429.8,True,ev,0.9999997772171506
81450.0,81459.8,True,ev,0.9999997398327187
81480.0,81489.8,True,ev,0.9999997774303302
81510.0,81519.8,True,ev,0.9999997772171533
81540.0,81549.8,True,ev,0.9999997772171533
81570.0,81579.8,True,ev,0.9999997772171475
81600.0,81609.8,True,ev,0.9999997772171473
81630.0,81639.8,True,ev,0.9999997772171506
81660.0,81669.8,True,ev,0.9999997774882698
81690.0,81699.8,True,ev,0.999999777430314
81720.0,81729.8,True,ev,0.9999997772171484
81750.0,81759.8,True,ev,0.9999997774303302
81780.0,81789.8,True,ev,0.9999997398327187
81810.0,81819.8,True,ev,0.9999997398327187
81840.0,81849.8,True,ev,0.9999997400918306
81870.0,81879.8,True,ev,0.9999997774303109
81900.0,81909.8,True,ev,0.9999997772171506
81930.0,81939.8,True,ev,0.9999997772171506
81960.0,81969.8,True,ev,0.9999997772171506
81990.0,81999.8,True,ev,0.9999997398327187
82020.0,82029.8,True,ev,0.9999997772171506
82050.0,82059.8,True,ev,0.9999993830338582
82080.0,82089.8,True,ev,0.9999993824431336
82110.0,82119.8,True,ev,0.9999993824431382
82140.0,82149.8,True,ev,0.9999993824431422
82170.0,82179.8,True,ev,0.9999993830338582
82200.0,82209.8,True,ev,0.9999993824427839
82230.0,82239.8,True,ev,0.9999993839954477
82260.0,82269.8,True,ev,0.9999993830338582
82290.0,82299.8,True,ev,0.9999993830338362
82320.0,82329.8,True,ev,0.9999993830338586
82350.0,82359.8,True,ev,0.9999993824431336
82380.0,82389.8,True,ev,0.9999993824431422
82410.0,82419.8,True,ev,0.9999993830339035
82440.0,82449.8,True,ev,0.9999993830338582
82470.0,82479.8,True,ev,0.9999993824427839
82500.0,82509.8,True,ev,0.9999993824431336
82530.0,82539.8,True,ev,0.9999993824431422
82560.0,82569.8,True,ev,0.9999997772171533
82590.0,82599.8,True,ev,0.999999740091831
82620.0,82629.8,True,ev,0.9999997772171506
82650.0,82659.8,True,ev,0.9999997772171506
82680.0,82689.8,True,ev,0.9999997772171506
82710.0,82719.8,True,ev,0.9999997400459663
82740.0,82749.8,True,ev,0.9999997772171506
82770.0,82779.8,True,ev,0.9999997772171506
82800.0,82809.8,True,ev,0.9999997400459743
82830.0,82839.8,True,ev,0.9999997774303138
82860.0,82869.8,True,ev,0.9999997772171282
82890.0,82899.8,True,ev,0.9999997767542005
82920.0,82929.8,True,ev,0.9999997767541989
82950.0,82959.8,True,ev,0.9999997772171506
82980.0,82989.8,True,ev,0.9999997772171473
83010.0,83019.8,True,ev,0.999999777430314
83040.0,83049.8,True,ev,0.999999777430314
83070.0,83079.8,True,ev,0.9999997774303138
83100.0,83109.8,True,ev,0.9999997772171506
83130.0,83139.8,True,ev,0.9999997398327187
83160.0,83169.8,True,ev,0.9999997398203109
83190.0,83199.8,True,ev,0.9999997772171473
83220.0,83229.8,True,ev,0.999999777430314
83250.0,83259.8,True,ev,0.9999997772171506
83280.0,83289.8,True,ev,0.9999997772171506
83310.0,83319.8,True,ev,0.9999997772171473
83340.0,83349.8,True,ev,0.9999997400459743
83370.0,83379.8,True,ev,0.9999997772171533
83400.0,83409.8,True,ev,0.9999997772171473
83430.0,83439.8,True,ev,0.9999997772171477
83460.0,83469.8,True,ev,0.9999997772171533
83490.0,83499.8,True,ev,0.9999997772171506
83520.0,83529.8,True,ev,0.9999997774303138
83550.0,83559.8,True,ev,0.9999997774303138
83580.0,83589.8,True,ev,0.9999997772171506
83610.0,83619.8,True,ev,0.9999997772171506
83640.0,83649.8,True,ev,0.9999997398327172
83670.0,83679.8,True,ev,0.9999997398327187
83700.0,83709.8,True,ev,0.9999997772171477
83730.0,83739.8,True,ev,0.9999997772171506
83760.0,83769.8,True,ev,0.9999997772171473
83790.0,83799.8,True,ev,0.9999997772171473
83820.0,83829.8,True,ev,0.9999997772171506
83850.0,83859.8,True,ev,0.9999997400459745
83880.0,83889.8,True,ev,0.9999997398327187
83910.0,83919.8,True,ev,0.9999997772171506
83940.0,83949.8,True,ev,0.9999997774303138
83970.0,83979.8,True,ev,0.9999997772171475
84000.0,84009.8,True,ev,0.9999997398327187
84030.0,84039.8,True,ev,0.9999997398203109
84060.0,84069.8,True,ev,0.9999993766841073
84090.0,84099.8,True,ev,0.9999993830338582
84120.0,84129.8,True,ev,0.9999993824427839
84150.0,84159.8,True,ev,0.9999993830338582
84180.0,84189.8,True,ev,0.9999993824431422
84210.0,84219.8,True,ev,0.9999993824431422
84240.0,84249.8,True,ev,0.9999993830338582
84270.0,84279.8,True,ev,0.9999993824431376
84300.0,84309.8,True,ev,0.9999993830338582
84330.0,84339.8,True,ev,0.9999993830338582
84360.0,84369.8,True,ev,0.9999993824427879
84390.0,84399.8,True,ev,0.9999993824430803
84420.0,84429.8,True,ev,0.9999993830338586
84450.0,84459.8,True,ev,0.9999993830338582
84480.0,84489.8,True,ev,0.9999993824431342
84510.0,84519.8,True,ev,0.9999993830338582
84540.0,84549.8,True,ev,0.9999993824431405
84570.0,84579.8,True,ev,0.9999993830338586
84600.0,84609.8,True,ev,0.9999993839954477
84630.0,84639.8,True,ev,0.9999993824431336
84660.0,84669.8,True,ev,0.9999993824427887
84690.0,84699.8,True,ev,0.9999993824427879
84720.0,84729.8,True,ev,0.9999993830339035
84750.0,84759.8,True,ev,0.9999993824427839
84780.0,84789.8,True,ev,0.9999993824431422
84810.0,84819.8,True,ev,0.9999993830338582
84840.0,84849.8,True,ev,0.9999993830338582
84870.0,84879.8,True,ev,0.9999993824431422
84900.0,84909.8,True,ev,0.9999993830338582
84930.0,84939.8,True,ev,0.9999997772171506
84960.0,84969.8,True,ev,0.9999997772171506
84990.0,84999.8,True,ev,0.9999997774303138
85020.0,85029.8,True,ev,0.9999997395039434
85050.0,85059.8,True,ev,0.9999997774882698
85080.0,85089.8,True,ev,0.9999997774303302
85110.0,85119.8,True,ev,0.9999997131677388
85140.0,85149.8,True,ev,0.9999997137648884
85170.0,85179.8,True,ev,0.9999997770244349
85200.0,85209.8,True,ev,0.9999997777772348
85230.0,85239.8,True,ev,0.9999997773148938
85260.0,85269.8,True,ev,0.9999997731477235
85290.0,85299.8,True,ev,0.9999997029022335
85320.0,85329.8,True,ev,0.9999997693377675
85350.0,85359.8,True,ev,0.9999997029022337
85380.0,85389.8,True,ev,0.9999997693377675
85410.0,85419.8,True,ev,0.9999997021957739
85440.0,85449.8,True,ev,0.999999769337769
85470.0,85479.8,True,ev,0.999999769220832
85500.0,85509.8,True,ev,0.999999769220832
85530.0,85539.8,True,ev,0.9999997029022355
85560.0,85569.8,True,ev,0.999999769220832
85590.0,85599.8,True,ev,0.9999997021957746
85620.0,85629.8,True,ev,0.9999997648961914
85650.0,85659.8,True,ev,0.9999997194149662
85680.0,85689.8,True,ev,0.9999997596422692
85710.0,85719.8,True,ev,0.9999996904255709
85740.0,85749.8,True,ev,0.9999996904255787
85770.0,85779.8,True,ev,0.9999997596423569
85800.0,85809.8,True,ev,0.999999759052682
85830.0,85839.8,True,ev,0.9999997596423604
85860.0,85869.8,True,ev,0.9999997601413999
85890.0,85899.8,True,ev,0.9999997487553899
85920.0,85929.8,True,ev,0.9999997487743484
85950.0,85959.8,True,ev,0.9999996760092521
85980.0,85989.8,True,ev,0.9999996770807388
86010.0,86019.8,True,ev,0.9999996762685905
86040.0,86049.8,True,ev,0.9999996342675451
86070.0,86079.8,True,ev,0.9999994629486857
86100.0,86109.8,True,ev,0.9999994332226508
86130.0,86139.8,True,ev,0.9999995856460415
86160.0,86169.8,True,ev,0.9999995846037844
86190.0,86199.8,True,ev,0.9999995717138521
86220.0,86229.8,True,ev,0.9999994718334514
86250.0,86259.8,True,ev,0.9999994481339213
86280.0,86289.8,True,ev,0.999999393090719
86310.0,86319.8,True,ev,0.9999976763589254
86340.0,86349.8,True,ev,0.9999955291872595
86370.0,86379.8,True,ev,0.9999976625923032
