start_s,end_s,active,predicted,confidence,pred2,conf2
0.0,9.8,True,baseload,0.9999000128447235,washing_machine,9.260135395368852e-05
30.0,39.8,True,baseload,0.9999045538874393,washing_machine,9.260177450244184e-05
60.0,69.8,True,baseload,0.9999043114749603,washing_machine,9.283644731789436e-05
90.0,99.8,True,baseload,0.9999045538874386,washing_machine,9.260177450244178e-05
120.0,129.8,True,baseload,0.9999045515411953,washing_machine,9.260177428515474e-05
150.0,159.8,True,baseload,0.999904553083767,washing_machine,9.260177442801326e-05
180.0,189.8,True,baseload,0.9999045538873966,washing_machine,9.26017745024379e-05
210.0,219.8,True,baseload,0.9999045538874395,washing_machine,9.260177450244187e-05
240.0,249.8,True,baseload,0.9999045512676081,washing_machine,9.260177425981768e-05
270.0,279.8,True,baseload,0.9999045520712282,washing_machine,9.260177433424142e-05
300.0,309.8,True,baseload,0.999896004556539,washing_machine,9.649597804975718e-05
330.0,339.8,True,baseload,0.9999045520711706,washing_machine,9.260177433423607e-05
360.0,369.8,True,baseload,0.9999045520712402,washing_machine,9.260177433424254e-05
390.0,399.8,True,baseload,0.9999045520712291,washing_machine,9.26017743342415e-05
420.0,429.8,True,baseload,0.9999000128447217,washing_machine,9.260135395368836e-05
450.0,459.8,True,baseload,0.9999045530838159,washing_machine,9.260177442801778e-05
480.0,489.8,True,baseload,0.9999045533573537,washing_machine,9.260177445335029e-05
510.0,519.8,True,baseload,0.999904552071232,washing_machine,9.260177433424178e-05
540.0,549.8,True,baseload,0.9999045533573537,washing_machine,9.260177445335029e-05
570.0,579.8,True,baseload,0.9999045533573533,washing_machine,9.260177445335025e-05
600.0,609.8,True,baseload,0.9999045512676166,washing_machine,9.260177425981845e-05
630.0,639.8,True,baseload,0.99990455388739,washing_machine,9.260177450243727e-05
660.0,669.8,True,baseload,0.9999045530837652,washing_machine,9.26017744280131e-05
690.0,699.8,True,baseload,0.9999045538873906,washing_machine,9.260177450243734e-05
720.0,729.8,True,baseload,0.9999045512676032,washing_machine,9.260177425981722e-05
750.0,759.8,True,baseload,0.999904553083767,washing_machine,9.260177442801326e-05
780.0,789.8,True,baseload,0.9999045538873897,washing_machine,9.260177450243726e-05
810.0,819.8,True,baseload,0.9999045530837666,washing_machine,9.260177442801322e-05
840.0,849.8,True,baseload,0.9999045512676126,washing_machine,9.260177425981809e-05
870.0,879.8,True,baseload,0.9999045512676101,washing_machine,9.260177425981786e-05
900.0,909.8,True,baseload,0.9999045520712291,washing_machine,9.26017743342415e-05
930.0,939.8,True,baseload,0.9999045530837664,washing_machine,9.26017744280132e-05
960.0,969.8,True,baseload,0.9999045538874393,washing_machine,9.260177450244184e-05
990.0,999.8,True,baseload,0.9999045512676039,washing_machine,9.260177425981729e-05
1020.0,1029.8,True,baseload,0.999904553083767,washing_machine,9.260177442801326e-05
1050.0,1059.8,True,baseload,0.9999045538873904,washing_machine,9.260177450243733e-05
1080.0,1089.8,True,baseload,0.999904551541196,washing_machine,9.260177428515481e-05
1110.0,1119.8,True,baseload,0.9999045530838216,washing_machine,9.260177442801833e-05
1140.0,1149.8,True,baseload,0.9999045538873904,washing_machine,9.260177450243733e-05
1170.0,1179.8,True,baseload,0.9999045530838199,washing_machine,9.260177442801816e-05
1200.0,1209.8,True,baseload,0.9999045530837657,washing_machine,9.260177442801313e-05
1230.0,1239.8,True,baseload,0.9999045515411933,washing_machine,9.260177428515456e-05
1260.0,1269.8,True,baseload,0.9999000136483343,washing_machine,9.260135402811141e-05
1290.0,1299.8,True,baseload,0.9999045530837648,washing_machine,9.260177442801305e-05
1320.0,1329.8,True,baseload,0.9999045520712286,washing_machine,9.260177433424146e-05
1350.0,1359.8,True,baseload,0.9999045538873895,washing_machine,9.260177450243723e-05
1380.0,1389.8,True,baseload,0.999904553083767,washing_machine,9.260177442801326e-05
1410.0,1419.8,True,baseload,0.9999045512676241,washing_machine,9.260177425981916e-05
1440.0,1449.8,True,baseload,0.9999000136483347,washing_machine,9.260135402811145e-05
1470.0,1479.8,True,baseload,0.9999045515412084,washing_machine,9.260177428515596e-05
1500.0,1509.8,True,baseload,0.9999045515411342,washing_machine,9.260177428514909e-05
1530.0,1539.8,True,baseload,0.9999000136483347,washing_machine,9.260135402811145e-05
1560.0,1569.8,True,baseload,0.9999045530838139,washing_machine,9.260177442801761e-05
1590.0,1599.8,True,baseload,0.9999045538873904,washing_machine,9.260177450243733e-05
1620.0,1629.8,True,baseload,0.9999045533574035,washing_machine,9.26017744533549e-05
1650.0,1659.8,True,baseload,0.9999045512676032,washing_machine,9.260177425981722e-05
1680.0,1689.8,True,baseload,0.9999045520712335,washing_machine,9.260177433424191e-05
1710.0,1719.8,True,fridge,0.29041082462136647,pc,0.23750483780281975
1740.0,1749.8,True,fridge,0.2902211509075364,pc,0.23734957716299385
1770.0,1779.8,True,fridge,0.2904108806166674,pc,0.2375047436648877
1800.0,1809.8,True,fridge,0.29022115070916915,pc,0.2373495770007645
1830.0,1839.8,True,fridge,0.29041088095141054,pc,0.23750474278599487
1860.0,1869.8,True,fridge,0.29022115187958003,pc,0.23734957490666364
1890.0,1899.8,True,fridge,0.3013210363316491,pc,0.2345789007382674
1920.0,1929.8,True,fridge,0.3013210363316491,pc,0.2345789007382674
1950.0,1959.8,True,fridge,0.2904108806166674,pc,0.2375047436648877
1980.0,1989.8,True,fridge,0.2982538127734061,pc,0.23202667329315085
2010.0,2019.8,True,fridge,0.30130528004163265,pc,0.2345680274107147
2040.0,2049.8,True,fridge,0.3013210363316491,pc,0.2345789007382674
2070.0,2079.8,True,fridge,0.3013210366746892,pc,0.23457889986687078
2100.0,2109.8,True,fridge,0.30130527969862636,pc,0.23456802828208326
2130.0,2139.8,True,fridge,0.2874186644073327,pc,0.23489122134786972
2160.0,2169.8,True,fridge,0.29041088095141054,pc,0.23750474278599487
2190.0,2199.8,True,fridge,0.2902211509075364,pc,0.23734957716299385
2220.0,2229.8,True,fridge,0.2902211526170459,pc,0.23734957296873224
2250.0,2259.8,True,fridge,0.29022115070916915,pc,0.2373495770007645
2280.0,2289.8,True,fridge,0.2874167210374553,pc,0.23488962810593825
2310.0,2319.8,True,fridge,0.2902211360150391,pc,0.2373495510936153
2340.0,2349.8,True,fridge,0.2904108806166674,pc,0.2375047436648877
2370.0,2379.8,True,fridge,0.2902211509075364,pc,0.23734957716299385
2400.0,2409.8,True,fridge,0.29041088095141054,pc,0.23750474278599487
2430.0,2439.8,True,fridge,0.3011266047604292,pc,0.23442752622265356
2460.0,2469.8,True,baseload,0.9999045538874011,washing_machine,9.26017745024383e-05
2490.0,2499.8,True,baseload,0.9999045538873906,washing_machine,9.260177450243734e-05
2520.0,2529.8,True,baseload,0.999904552071228,washing_machine,9.26017743342414e-05
2550.0,2559.8,True,baseload,0.9999045512676199,washing_machine,9.260177425981876e-05
2580.0,2589.8,True,baseload,0.9999045533573537,washing_machine,9.260177445335029e-05
2610.0,2619.8,True,baseload,0.9999045530838154,washing_machine,9.260177442801774e-05
2640.0,2649.8,True,baseload,0.999900012844801,washing_machine,9.26013539536957e-05
2670.0,2679.8,True,baseload,0.9999045530837706,washing_machine,9.26017744280136e-05
2700.0,2709.8,True,baseload,0.9999000131183039,washing_machine,9.260135397902497e-05
2730.0,2739.8,True,baseload,0.9999045538874393,washing_machine,9.260177450244184e-05
2760.0,2769.8,True,baseload,0.9999045520712286,washing_machine,9.260177433424146e-05
2790.0,2799.8,True,baseload,0.9999045538874388,washing_machine,9.26017745024418e-05
2820.0,2829.8,True,baseload,0.9999045512676119,washing_machine,9.260177425981802e-05
2850.0,2859.8,True,baseload,0.9999045538873895,washing_machine,9.260177450243723e-05
2880.0,2889.8,True,baseload,0.999904551267613,washing_machine,9.260177425981813e-05
2910.0,2919.8,True,baseload,0.9999045538873895,washing_machine,9.260177450243723e-05
2940.0,2949.8,True,baseload,0.9999045520712282,washing_machine,9.260177433424142e-05
2970.0,2979.8,True,baseload,0.9999045530837661,washing_machine,9.260177442801318e-05
3000.0,3009.8,True,baseload,0.9999045520712282,washing_machine,9.260177433424142e-05
3030.0,3039.8,True,baseload,0.9999045512676126,washing_machine,9.260177425981809e-05
3060.0,3069.8,True,baseload,0.9999045512676052,washing_machine,9.260177425981741e-05
3090.0,3099.8,True,baseload,0.99990455388739,washing_machine,9.260177450243727e-05
3120.0,3129.8,True,baseload,0.9999000544558789,washing_machine,9.249184994161133e-05
3150.0,3159.8,True,baseload,0.9999045538873904,washing_machine,9.260177450243733e-05
3180.0,3189.8,True,baseload,0.9999045520711706,washing_machine,9.260177433423607e-05
3210.0,3219.8,True,baseload,0.999900053478229,washing_machine,9.249184985117765e-05
3240.0,3249.8,True,baseload,0.9999045515411928,washing_machine,9.260177428515452e-05
3270.0,3279.8,True,baseload,0.9999045530837666,washing_machine,9.260177442801322e-05
3300.0,3309.8,True,baseload,0.9999045538873904,washing_machine,9.260177450243733e-05
3330.0,3339.8,True,baseload,0.9999045530838139,washing_machine,9.260177442801761e-05
3360.0,3369.8,True,baseload,0.9999045538873895,washing_machine,9.260177450243723e-05
3390.0,3399.8,True,baseload,0.9999045530837837,washing_machine,9.26017744280148e-05
3420.0,3429.8,True,baseload,0.9999045530837646,washing_machine,9.260177442801304e-05
3450.0,3459.8,True,baseload,0.9999045515411933,washing_machine,9.260177428515456e-05
3480.0,3489.8,True,baseload,0.9999045512676188,washing_machine,9.260177425981866e-05
3510.0,3519.8,True,washing_machine,0.9223399854570646,resistive,0.0660659766328029
3540.0,3549.8,True,baseload,0.9999045530837724,washing_machine,9.260177442801376e-05
3570.0,3579.8,True,baseload,0.9999045530837657,washing_machine,9.260177442801313e-05
3600.0,3609.8,True,baseload,0.9999045530837646,washing_machine,9.260177442801304e-05
3630.0,3639.8,True,baseload,0.9999045520712302,washing_machine,9.260177433424161e-05
3660.0,3669.8,True,baseload,0.9999045530837724,washing_machine,9.260177442801376e-05
3690.0,3699.8,True,baseload,0.9999045538874393,washing_machine,9.260177450244184e-05
3720.0,3729.8,True,baseload,0.99990455388739,washing_machine,9.260177450243727e-05
3750.0,3759.8,True,baseload,0.9999045533573533,washing_machine,9.260177445335025e-05
3780.0,3789.8,True,baseload,0.9999045538873904,washing_machine,9.260177450243733e-05
3810.0,3819.8,True,baseload,0.999904552071234,washing_machine,9.260177433424195e-05
3840.0,3849.8,True,baseload,0.9999045530837648,washing_machine,9.260177442801305e-05
3870.0,3879.8,True,baseload,0.9999000128447233,washing_machine,9.26013539536885e-05
3900.0,3909.8,True,baseload,0.9999045520712286,washing_machine,9.260177433424146e-05
3930.0,3939.8,True,baseload,0.9999045515411942,washing_machine,9.260177428515465e-05
3960.0,3969.8,True,baseload,0.9999045533574046,washing_machine,9.2601774453355e-05
3990.0,3999.8,True,baseload,0.9999045538873904,washing_machine,9.260177450243733e-05
4020.0,4029.8,True,baseload,0.9999045530837664,washing_machine,9.26017744280132e-05
4050.0,4059.8,True,baseload,0.9999045530837664,washing_machine,9.26017744280132e-05
4080.0,4089.8,True,baseload,0.999904553083765,washing_machine,9.260177442801308e-05
4110.0,4119.8,True,baseload,0.999904551267609,washing_machine,9.260177425981776e-05
4140.0,4149.8,True,baseload,0.99990455388739,washing_machine,9.260177450243727e-05
4170.0,4179.8,True,baseload,0.9999045530837646,washing_machine,9.260177442801304e-05
4200.0,4209.8,True,baseload,0.999904551267611,washing_machine,9.260177425981794e-05
4230.0,4239.8,True,baseload,0.9999045530838225,washing_machine,9.260177442801841e-05
4260.0,4269.8,True,baseload,0.9999045538873897,washing_machine,9.260177450243726e-05
4290.0,4299.8,True,baseload,0.9999045520712286,washing_machine,9.260177433424146e-05
4320.0,4329.8,True,baseload,0.9999045520712375,washing_machine,9.260177433424229e-05
4350.0,4359.8,True,baseload,0.9999045520712293,washing_machine,9.260177433424153e-05
4380.0,4389.8,True,baseload,0.99990455388739,washing_machine,9.260177450243727e-05
4410.0,4419.8,True,baseload,0.9999045512676092,washing_machine,9.260177425981778e-05
4440.0,4449.8,True,baseload,0.9999045530837648,washing_machine,9.260177442801305e-05
4470.0,4479.8,True,baseload,0.999904551267603,washing_machine,9.26017742598172e-05
4500.0,4509.8,True,baseload,0.9999045538873904,washing_machine,9.260177450243733e-05
4530.0,4539.8,True,baseload,0.9999045530837741,washing_machine,9.260177442801392e-05
4560.0,4569.8,True,baseload,0.9999000544558787,washing_machine,9.24918499416113e-05
4590.0,4599.8,True,baseload,0.9999000136631765,washing_machine,9.260135402948596e-05
4620.0,4629.8,True,baseload,0.9999045512676221,washing_machine,9.260177425981897e-05
4650.0,4659.8,True,baseload,0.9999045530838407,washing_machine,9.260177442802009e-05
4680.0,4689.8,True,baseload,0.9999000136483347,washing_machine,9.260135402811145e-05
4710.0,4719.8,True,baseload,0.9999045538873897,washing_machine,9.260177450243726e-05
4740.0,4749.8,True,baseload,0.9999000136483343,washing_machine,9.260135402811141e-05
4770.0,4779.8,True,baseload,0.9999000144664929,washing_machine,9.260135410388158e-05
4800.0,4809.8,True,baseload,0.9999045512676101,washing_machine,9.260177425981786e-05
4830.0,4839.8,True,baseload,0.9999045530837664,washing_machine,9.26017744280132e-05
4860.0,4869.8,True,baseload,0.9999045520712293,washing_machine,9.260177433424153e-05
4890.0,4899.8,True,baseload,0.9999045530837708,washing_machine,9.260177442801361e-05
4920.0,4929.8,True,baseload,0.99990455388739,washing_machine,9.260177450243727e-05
4950.0,4959.8,True,baseload,0.9999045515411928,washing_machine,9.260177428515452e-05
4980.0,4989.8,True,fridge,0.6878114193822507,pv,0.07470232448951059
5010.0,5019.8,True,fridge,0.3013210363316491,pc,0.2345789007382674
5040.0,5049.8,True,fridge,0.3011266022345082,pc,0.23442753235009456
5070.0,5079.8,True,fridge,0.30112660398641805,pc,0.23442752819046914
5100.0,5109.8,True,fridge,0.3013210363316491,pc,0.2345789007382674
5130.0,5139.8,True,fridge,0.3013210363316491,pc,0.2345789007382674
5160.0,5169.8,True,fridge,0.3011266020312207,pc,0.23442753219183496
5190.0,5199.8,True,fridge,0.3011266020312207,pc,0.23442753219183496
5220.0,5229.8,True,fridge,0.30112661127949486,pc,0.23442750973368567
5250.0,5259.8,True,fridge,0.3013210363316491,pc,0.2345789007382674
5280.0,5289.8,True,fridge,0.30132103100580787,pc,0.2345788965920916
5310.0,5319.8,True,fridge,0.29022113552693946,pc,0.23734955129423005
5340.0,5349.8,True,fridge,0.2904108806166674,pc,0.2375047436648877
5370.0,5379.8,True,fridge,0.29039550544067977,pc,0.2374935798321348
5400.0,5409.8,True,fridge,0.2904108806166674,pc,0.2375047436648877
5430.0,5439.8,True,fridge,0.29022115070916915,pc,0.2373495770007645
5460.0,5469.8,True,fridge,0.29022113552693946,pc,0.23734955129423005
5490.0,5499.8,True,fridge,0.2902211541944366,pc,0.23734956882362526
5520.0,5529.8,True,fridge,0.2902211514481396,pc,0.23734957604041346
5550.0,5559.8,True,fridge,0.2903955051059702,pc,0.23749358071099919
5580.0,5589.8,True,fridge,0.2904108806166674,pc,0.2375047436648877
5610.0,5619.8,True,fridge,0.2902211360150391,pc,0.2373495510936153
5640.0,5649.8,True,fridge,0.29041088095141054,pc,0.23750474278599487
5670.0,5679.8,True,fridge,0.2904108806166674,pc,0.2375047436648877
5700.0,5709.8,True,fridge,0.29041087541964467,pc,0.23750473941464212
5730.0,5739.8,True,fridge,0.2874186642859281,pc,0.23489122126387635
5760.0,5769.8,True,fridge,0.2904108806166674,pc,0.2375047436648877
5790.0,5799.8,True,fridge,0.2904108806166674,pc,0.2375047436648877
5820.0,5829.8,True,baseload,0.9999045520712426,washing_machine,9.260177433424277e-05
5850.0,5859.8,True,baseload,0.9998997597311192,washing_machine,9.28360247097283e-05
5880.0,5889.8,True,baseload,0.999904551267605,washing_machine,9.260177425981738e-05
5910.0,5919.8,True,baseload,0.999904551267553,washing_machine,9.260177425981256e-05
5940.0,5949.8,True,baseload,0.999900053478229,washing_machine,9.249184985117765e-05
5970.0,5979.8,True,baseload,0.9998960053218235,washing_machine,9.649597812361175e-05
6000.0,6009.8,True,baseload,0.9999045530837755,washing_machine,9.260177442801404e-05
6030.0,6039.8,True,baseload,0.9999045530838214,washing_machine,9.26017744280183e-05
6060.0,6069.8,True,baseload,0.999904553083769,washing_machine,9.260177442801345e-05
6090.0,6099.8,True,baseload,0.9999045512676052,washing_machine,9.260177425981741e-05
6120.0,6129.8,True,baseload,0.99990455388739,washing_machine,9.260177450243727e-05
6150.0,6159.8,True,baseload,0.9999045530838139,washing_machine,9.260177442801761e-05
6180.0,6189.8,True,baseload,0.9999045533574044,washing_machine,9.260177445335498e-05
6210.0,6219.8,True,baseload,0.9999045538874395,washing_machine,9.260177450244187e-05
6240.0,6249.8,True,baseload,0.9999045530837648,washing_machine,9.260177442801305e-05
6270.0,6279.8,True,baseload,0.9999000136631709,washing_machine,9.260135402948545e-05
6300.0,6309.8,True,baseload,0.9999045512676039,washing_machine,9.260177425981729e-05
6330.0,6339.8,True,baseload,0.9999045512676117,washing_machine,9.2601774259818e-05
6360.0,6369.8,True,baseload,0.99990455388739,washing_machine,9.260177450243727e-05
6390.0,6399.8,True,baseload,0.9999045512676172,washing_machine,9.260177425981852e-05
6420.0,6429.8,True,baseload,0.9999045520712355,washing_machine,9.26017743342421e-05
6450.0,6459.8,True,baseload,0.9999045530838212,washing_machine,9.260177442801828e-05
6480.0,6489.8,True,baseload,0.9999045530837726,washing_machine,9.260177442801377e-05
6510.0,6519.8,True,baseload,0.999904553887392,washing_machine,9.260177450243746e-05
6540.0,6549.8,True,baseload,0.9999045520712293,washing_machine,9.260177433424153e-05
6570.0,6579.8,True,baseload,0.9999045530837724,washing_machine,9.260177442801376e-05
6600.0,6609.8,True,baseload,0.999904553083767,washing_machine,9.260177442801326e-05
6630.0,6639.8,True,washing_machine,0.922362567314127,resistive,0.06606759414095016
6660.0,6669.8,True,baseload,0.9999045512675527,washing_machine,9.260177425981253e-05
6690.0,6699.8,True,baseload,0.9999045533573537,washing_machine,9.260177445335029e-05
6720.0,6729.8,True,baseload,0.9999045512676197,washing_machine,9.260177425981875e-05
6750.0,6759.8,True,baseload,0.9999000144664929,washing_machine,9.260135410388158e-05
6780.0,6789.8,True,baseload,0.9999045520712309,washing_machine,9.260177433424167e-05
6810.0,6819.8,True,baseload,0.9999045530837666,washing_machine,9.260177442801322e-05
6840.0,6849.8,True,baseload,0.9999045520711701,washing_machine,9.260177433423603e-05
6870.0,6879.8,True,baseload,0.9999045512676052,washing_machine,9.260177425981741e-05
6900.0,6909.8,True,baseload,0.9999045530837708,washing_machine,9.260177442801361e-05
6930.0,6939.8,True,baseload,0.9999045520712302,washing_machine,9.260177433424161e-05
6960.0,6969.8,True,baseload,0.9999045512675458,washing_machine,9.26017742598119e-05
6990.0,6999.8,True,baseload,0.9999045512676117,washing_machine,9.2601774259818e-05
7020.0,7029.8,True,baseload,0.9999045538874388,washing_machine,9.26017745024418e-05
7050.0,7059.8,True,baseload,0.9999045520712293,washing_machine,9.260177433424153e-05
7080.0,7089.8,True,baseload,0.9999045512676048,washing_machine,9.260177425981737e-05
7110.0,7119.8,True,baseload,0.9999045530837644,washing_machine,9.260177442801301e-05
7140.0,7149.8,True,baseload,0.99990455388739,washing_machine,9.260177450243727e-05
7170.0,7179.8,True,baseload,0.9999045512676146,washing_machine,9.260177425981828e-05
7200.0,7209.8,True,baseload,0.9999045538873897,washing_machine,9.260177450243726e-05
7230.0,7239.8,True,baseload,0.9999045530837721,washing_machine,9.260177442801373e-05
7260.0,7269.8,True,baseload,0.9999045530837744,washing_machine,9.260177442801395e-05
7290.0,7299.8,True,washing_machine,0.9223399861179752,resistive,0.06606597668014305
7320.0,7329.8,True,baseload,0.9999045538874388,washing_machine,9.26017745024418e-05
7350.0,7359.8,True,baseload,0.9999000537969063,washing_machine,9.249184988065564e-05
7380.0,7389.8,True,baseload,0.9999045530837721,washing_machine,9.260177442801373e-05
7410.0,7419.8,True,baseload,0.9999045538874393,washing_machine,9.260177450244184e-05
7440.0,7449.8,True,baseload,0.9999000136632535,washing_machine,9.26013540294931e-05
7470.0,7479.8,True,baseload,0.9999045520712289,washing_machine,9.260177433424148e-05
7500.0,7509.8,True,baseload,0.999896004556539,washing_machine,9.649597804975718e-05
7530.0,7539.8,True,baseload,0.999904553083765,washing_machine,9.260177442801308e-05
7560.0,7569.8,True,baseload,0.9999045533573577,washing_machine,9.260177445335066e-05
7590.0,7599.8,True,baseload,0.9999045530838225,washing_machine,9.260177442801841e-05
7620.0,7629.8,True,baseload,0.9998960053218235,washing_machine,9.649597812361175e-05
7650.0,7659.8,True,baseload,0.9999045512676221,washing_machine,9.260177425981897e-05
7680.0,7689.8,True,baseload,0.9999045512676137,washing_machine,9.26017742598182e-05
7710.0,7719.8,True,baseload,0.9999045520712293,washing_machine,9.260177433424153e-05
7740.0,7749.8,True,baseload,0.9999045530837726,washing_machine,9.260177442801377e-05
7770.0,7779.8,True,baseload,0.9999000128448041,washing_machine,9.260135395369599e-05
7800.0,7809.8,True,washing_machine,0.9999818463857504,resistive,1.52900754758397e-05
7830.0,7839.8,True,baseload,0.9999045520712286,washing_machine,9.260177433424146e-05
7860.0,7869.8,True,baseload,0.9999000136631692,washing_machine,9.260135402948528e-05
7890.0,7899.8,True,baseload,0.9999045533573537,washing_machine,9.260177445335029e-05
7920.0,7929.8,True,baseload,0.9999045538873904,washing_machine,9.260177450243733e-05
7950.0,7959.8,True,baseload,0.9999000537969063,washing_machine,9.249184988065564e-05
7980.0,7989.8,True,baseload,0.999896004556539,washing_machine,9.649597804975718e-05
8010.0,8019.8,True,baseload,0.9999045512676092,washing_machine,9.260177425981778e-05
8040.0,8049.8,True,baseload,0.9999045520712289,washing_machine,9.260177433424148e-05
8070.0,8079.8,True,baseload,0.9999045512676048,washing_machine,9.260177425981737e-05
8100.0,8109.8,True,baseload,0.9998960053218235,washing_machine,9.649597812361175e-05
8130.0,8139.8,True,baseload,0.9999000128447235,washing_machine,9.260135395368852e-05
8160.0,8169.8,True,baseload,0.99990455388739,washing_machine,9.260177450243727e-05
8190.0,8199.8,True,baseload,0.99990455388739,washing_machine,9.260177450243727e-05
8220.0,8229.8,True,baseload,0.9999045530837661,washing_machine,9.260177442801318e-05
8250.0,8259.8,True,baseload,0.9999000136483343,washing_machine,9.260135402811141e-05
8280.0,8289.8,True,baseload,0.9999045530838154,washing_machine,9.260177442801774e-05
8310.0,8319.8,True,baseload,0.999900053478229,washing_machine,9.249184985117765e-05
8340.0,8349.8,True,baseload,0.9999045538873904,washing_machine,9.260177450243733e-05
8370.0,8379.8,True,baseload,0.999896004556539,washing_machine,9.649597804975718e-05
8400.0,8409.8,True,baseload,0.9999045512676241,washing_machine,9.260177425981916e-05
8430.0,8439.8,True,baseload,0.9999045538873897,washing_machine,9.260177450243726e-05
8460.0,8469.8,True,baseload,0.9999000131183043,washing_machine,9.260135397902501e-05
8490.0,8499.8,True,fridge,0.6596378250795365,pc,0.08790687466498825
8520.0,8529.8,True,fridge,0.3013210366746892,pc,0.23457889986687078
8550.0,8559.8,True,fridge,0.3013210366746892,pc,0.23457889986687078
8580.0,8589.8,True,fridge,0.3013210363316491,pc,0.2345789007382674
8610.0,8619.8,True,fridge,0.30112658706324275,pc,0.23442750682029231
8640.0,8649.8,True,fridge,0.3011266020312207,pc,0.23442753219183496
8670.0,8679.8,True,fridge,0.3013209789484293,pc,0.23457899427368928
8700.0,8709.8,True,fridge,0.30132103100580787,pc,0.2345788965920916
8730.0,8739.8,True,fridge,0.3013210363316491,pc,0.2345789007382674
8760.0,8769.8,True,fridge,0.2983000622439643,pc,0.231279913064749
8790.0,8799.8,True,fridge,0.3011266022345082,pc,0.23442753235009456
8820.0,8829.8,True,fridge,0.30112658706324275,pc,0.23442750682029231
8850.0,8859.8,True,fridge,0.3013210366746892,pc,0.23457889986687078
8880.0,8889.8,True,fridge,0.29825381383223537,pc,0.23202667411686748
8910.0,8919.8,True,fridge,0.3011108659290313,pc,0.23441667481945777
8940.0,8949.8,True,fridge,0.3013210363316491,pc,0.2345789007382674
8970.0,8979.8,True,fridge,0.30112658706324275,pc,0.23442750682029231
9000.0,9009.8,True,fridge,0.3011266027885198,pc,0.23442753123595853
9030.0,9039.8,True,fridge,0.30112658706324275,pc,0.23442750682029231
9060.0,9069.8,True,fridge,0.30112658706324275,pc,0.23442750682029231
9090.0,9099.8,True,fridge,0.30111086572576506,pc,0.23441667466121374
9120.0,9129.8,True,fridge,0.6892136578414547,pc,0.08227706428722793
9150.0,9159.8,True,baseload,0.9999045538873962,washing_machine,9.260177450243785e-05
9180.0,9189.8,True,baseload,0.999900053478229,washing_machine,9.249184985117765e-05
9210.0,9219.8,True,baseload,0.999900053478229,washing_machine,9.249184985117765e-05
9240.0,9249.8,True,baseload,0.9999000544558789,washing_machine,9.249184994161133e-05
9270.0,9279.8,True,baseload,0.999900012844716,washing_machine,9.260135395368783e-05
9300.0,9309.8,True,baseload,0.99990001284473,washing_machine,9.260135395368912e-05
9330.0,9339.8,True,baseload,0.9999045530838214,washing_machine,9.26017744280183e-05
9360.0,9369.8,True,baseload,0.9999045530837664,washing_machine,9.26017744280132e-05
9390.0,9399.8,True,baseload,0.999900013663176,washing_machine,9.260135402948592e-05
9420.0,9429.8,True,baseload,0.9999000131183039,washing_machine,9.260135397902497e-05
9450.0,9459.8,True,baseload,0.9999000136631765,washing_machine,9.260135402948596e-05
9480.0,9489.8,True,baseload,0.9999045530837721,washing_machine,9.260177442801373e-05
9510.0,9519.8,True,baseload,0.9999045520711701,washing_machine,9.260177433423603e-05
9540.0,9549.8,True,baseload,0.9999045512676086,washing_machine,9.260177425981772e-05
9570.0,9579.8,True,baseload,0.9999000128447231,washing_machine,9.260135395368848e-05
9600.0,9609.8,True,baseload,0.9998960053218235,washing_machine,9.649597812361175e-05
9630.0,9639.8,True,baseload,0.999904553083845,washing_machine,9.260177442802048e-05
9660.0,9669.8,True,baseload,0.99990455388739,washing_machine,9.260177450243727e-05
9690.0,9699.8,True,baseload,0.999904551267625,washing_machine,9.260177425981924e-05
9720.0,9729.8,True,baseload,0.9999000136483343,washing_machine,9.260135402811141e-05
9750.0,9759.8,True,baseload,0.9999045515411964,washing_machine,9.260177428515485e-05
9780.0,9789.8,True,baseload,0.9999045530837688,washing_machine,9.260177442801343e-05
9810.0,9819.8,True,baseload,0.999900053478229,washing_machine,9.249184985117765e-05
9840.0,9849.8,True,baseload,0.9999000128447244,washing_machine,9.26013539536886e-05
9870.0,9879.8,True,baseload,0.9999045538873904,washing_machine,9.260177450243733e-05
9900.0,9909.8,True,baseload,0.9999045538873904,washing_machine,9.260177450243733e-05
9930.0,9939.8,True,baseload,0.9999045538874393,washing_machine,9.260177450244184e-05
9960.0,9969.8,True,baseload,0.9999045530837726,washing_machine,9.260177442801377e-05
9990.0,9999.8,True,baseload,0.9999000136631834,washing_machine,9.26013540294866e-05
10020.0,10029.8,True,baseload,0.9999045530837721,washing_machine,9.260177442801373e-05
10050.0,10059.8,True,baseload,0.9999045530837684,washing_machine,9.260177442801339e-05
10080.0,10089.8,True,baseload,0.9999000128447346,washing_machine,9.260135395368955e-05
10110.0,10119.8,True,baseload,0.999900053478229,washing_machine,9.249184985117765e-05
10140.0,10149.8,True,baseload,0.9999045520711701,washing_machine,9.260177433423603e-05
10170.0,10179.8,True,baseload,0.9999045512676108,washing_machine,9.260177425981792e-05
10200.0,10209.8,True,baseload,0.9999000128447235,washing_machine,9.260135395368852e-05
10230.0,10239.8,True,baseload,0.9999045512676052,washing_machine,9.260177425981741e-05
10260.0,10269.8,True,baseload,0.99990455388739,washing_machine,9.260177450243727e-05
10290.0,10299.8,True,baseload,0.9999000128447177,washing_machine,9.260135395368799e-05
10320.0,10329.8,True,baseload,0.9998997597311192,washing_machine,9.28360247097283e-05
10350.0,10359.8,True,baseload,0.999900053478229,washing_machine,9.249184985117765e-05
10380.0,10389.8,True,baseload,0.9999000144664933,washing_machine,9.260135410388162e-05
10410.0,10419.8,True,baseload,0.9999045538873897,washing_machine,9.260177450243726e-05
10440.0,10449.8,True,baseload,0.9998960053218235,washing_machine,9.649597812361175e-05
10470.0,10479.8,True,baseload,0.9999000136483347,washing_machine,9.260135402811145e-05
10500.0,10509.8,True,fridge,0.2904108806166674,pc,0.2375047436648877
10530.0,10539.8,True,fridge,0.29041088095141054,pc,0.23750474278599487
10560.0,10569.8,True,fridge,0.2904108806166674,pc,0.2375047436648877
10590.0,10599.8,True,fridge,0.2902211360150391,pc,0.2373495510936153
10620.0,10629.8,True,fridge,0.2904108806166674,pc,0.2375047436648877
10650.0,10659.8,True,fridge,0.29041088095141054,pc,0.23750474278599487
10680.0,10689.8,True,fridge,0.2902211360150391,pc,0.2373495510936153
10710.0,10719.8,True,fridge,0.29022115070916915,pc,0.2373495770007645
10740.0,10749.8,True,fridge,0.29041088095141054,pc,0.23750474278599487
10770.0,10779.8,True,fridge,0.2904108806166674,pc,0.2375047436648877
10800.0,10809.8,True,fridge,0.29022115070916915,pc,0.2373495770007645
10830.0,10839.8,True,fridge,0.30112660269987973,pc,0.23442753116695209
10860.0,10869.8,True,fridge,0.30112658706324275,pc,0.23442750682029231
10890.0,10899.8,True,fridge,0.30112658656264873,pc,0.23442750702298887
10920.0,10929.8,True,fridge,0.3013210363316491,pc,0.2345789007382674
10950.0,10959.8,True,fridge,0.29825381383223537,pc,0.23202667411686748
10980.0,10989.8,True,fridge,0.2981250411157976,pc,0.2320907987270998
11010.0,11019.8,True,fridge,0.298109616450383,pc,0.2320801705093791
11040.0,11049.8,True,fridge,0.3011266020312207,pc,0.23442753219183496
11070.0,11079.8,True,fridge,0.3013209789484293,pc,0.23457899427368928
11100.0,11109.8,True,fridge,0.3011266022345082,pc,0.23442753235009456
11130.0,11139.8,True,fridge,0.30111085075728206,pc,0.2344166492898441
11160.0,11169.8,True,fridge,0.3013210366746892,pc,0.23457889986687078
11190.0,11199.8,True,baseload,0.9998960053218235,washing_machine,9.649597812361175e-05
11220.0,11229.8,True,baseload,0.9999045520712286,washing_machine,9.260177433424146e-05
11250.0,11259.8,True,baseload,0.9999045538874011,washing_machine,9.26017745024383e-05
11280.0,11289.8,True,baseload,0.9999000136632473,washing_machine,9.260135402949252e-05
11310.0,11319.8,True,baseload,0.9999045512676121,washing_machine,9.260177425981805e-05
11340.0,11349.8,True,baseload,0.9999045538874388,washing_machine,9.26017745024418e-05
11370.0,11379.8,True,baseload,0.9999000544558787,washing_machine,9.24918499416113e-05
11400.0,11409.8,True,baseload,0.9999045530837726,washing_machine,9.260177442801377e-05
11430.0,11439.8,True,baseload,0.9999045512675538,washing_machine,9.260177425981264e-05
11460.0,11469.8,True,baseload,0.999900012844801,washing_machine,9.26013539536957e-05
11490.0,11499.8,True,baseload,0.9999045520712317,washing_machine,9.260177433424175e-05
11520.0,11529.8,True,baseload,0.999900053478229,washing_machine,9.249184985117765e-05
11550.0,11559.8,True,baseload,0.999900053478229,washing_machine,9.249184985117765e-05
11580.0,11589.8,True,baseload,0.9999000544558809,washing_machine,9.249184994161152e-05
11610.0,11619.8,True,baseload,0.9999045538874395,washing_machine,9.260177450244187e-05
11640.0,11649.8,True,baseload,0.9999000128448032,washing_machine,9.26013539536959e-05
11670.0,11679.8,True,baseload,0.9999000128447346,washing_machine,9.260135395368955e-05
11700.0,11709.8,True,baseload,0.999904553083892,washing_machine,9.260177442802484e-05
11730.0,11739.8,True,baseload,0.9999045512676048,washing_machine,9.260177425981737e-05
11760.0,11769.8,True,baseload,0.9999000136632473,washing_machine,9.260135402949252e-05
11790.0,11799.8,True,baseload,0.9999000136483347,washing_machine,9.260135402811145e-05
11820.0,11829.8,True,baseload,0.999900012844716,washing_machine,9.260135395368783e-05
11850.0,11859.8,True,baseload,0.9999000144664929,washing_machine,9.260135410388158e-05
11880.0,11889.8,True,washing_machine,0.9223399855735949,resistive,0.06606597664114981
11910.0,11919.8,True,baseload,0.9999045538874388,washing_machine,9.26017745024418e-05
11940.0,11949.8,True,baseload,0.9999045530837666,washing_machine,9.260177442801322e-05
11970.0,11979.8,True,baseload,0.9999045512676032,washing_machine,9.260177425981722e-05
12000.0,12009.8,True,baseload,0.999896004556539,washing_machine,9.649597804975718e-05
12030.0,12039.8,True,baseload,0.9999045512676412,washing_machine,9.260177425982074e-05
12060.0,12069.8,True,washing_machine,0.9216221742574119,resistive,0.06601456077889789
12090.0,12099.8,True,baseload,0.9999045533573537,washing_machine,9.260177445335029e-05
12120.0,12129.8,True,baseload,0.999896004556539,washing_machine,9.649597804975718e-05
12150.0,12159.8,True,baseload,0.99990455207123,washing_machine,9.260177433424159e-05
12180.0,12189.8,True,baseload,0.9999000136483347,washing_machine,9.260135402811145e-05
12210.0,12219.8,True,washing_machine,0.9216447206123586,resistive,0.06601617574407619
12240.0,12249.8,True,baseload,0.999900053478229,washing_machine,9.249184985117765e-05
12270.0,12279.8,True,baseload,0.9998960053218235,washing_machine,9.649597812361175e-05
12300.0,12309.8,True,baseload,0.9999045530837726,washing_machine,9.260177442801377e-05
12330.0,12339.8,True,baseload,0.9999045530838139,washing_machine,9.260177442801761e-05
12360.0,12369.8,True,baseload,0.9999045538873904,washing_machine,9.260177450243733e-05
12390.0,12399.8,True,baseload,0.9999000136483343,washing_machine,9.260135402811141e-05
12420.0,12429.8,True,baseload,0.999900053478229,washing_machine,9.249184985117765e-05
12450.0,12459.8,True,washing_machine,0.9223625672619595,resistive,0.06606759413721347
12480.0,12489.8,True,baseload,0.9999045515411975,washing_machine,9.260177428515496e-05
12510.0,12519.8,True,baseload,0.99990455207123,washing_machine,9.260177433424159e-05
12540.0,12549.8,True,baseload,0.9999045520712286,washing_machine,9.260177433424146e-05
12570.0,12579.8,True,washing_machine,0.9216221740825025,resistive,0.06601456076636936
12600.0,12609.8,True,baseload,0.9999045515412044,washing_machine,9.26017742851556e-05
12630.0,12639.8,True,baseload,0.9999045530837726,washing_machine,9.260177442801377e-05
12660.0,12669.8,True,baseload,0.999900053478229,washing_machine,9.249184985117765e-05
12690.0,12699.8,True,baseload,0.9999045512676197,washing_machine,9.260177425981875e-05
12720.0,12729.8,True,baseload,0.9999000128447235,washing_machine,9.260135395368852e-05
12750.0,12759.8,True,baseload,0.9999000128447235,washing_machine,9.260135395368852e-05
12780.0,12789.8,True,baseload,0.9999000537969065,washing_machine,9.249184988065567e-05
12810.0,12819.8,True,baseload,0.999900053478229,washing_machine,9.249184985117765e-05
12840.0,12849.8,True,baseload,0.999900053478229,washing_machine,9.249184985117765e-05
12870.0,12879.8,True,baseload,0.9999045530837721,washing_machine,9.260177442801373e-05
12900.0,12909.8,True,baseload,0.99990455207123,washing_machine,9.260177433424159e-05
12930.0,12939.8,True,washing_machine,0.9999820262786767,resistive,1.5290078226466057e-05
12960.0,12969.8,True,baseload,0.9999045538873937,washing_machine,9.260177450243762e-05
12990.0,12999.8,True,baseload,0.9999045538873895,washing_machine,9.260177450243723e-05
13020.0,13029.8,True,baseload,0.9999000544558789,washing_machine,9.249184994161133e-05
13050.0,13059.8,True,baseload,0.9998960053218227,washing_machine,9.649597812361166e-05
13080.0,13089.8,True,baseload,0.9999000544558787,washing_machine,9.24918499416113e-05
13110.0,13119.8,True,baseload,0.9999000128447235,washing_machine,9.260135395368852e-05
13140.0,13149.8,True,baseload,0.9999000128448032,washing_machine,9.26013539536959e-05
13170.0,13179.8,True,baseload,0.9999045512676052,washing_machine,9.260177425981741e-05
13200.0,13209.8,True,baseload,0.9999045512676086,washing_machine,9.260177425981772e-05
13230.0,13239.8,True,baseload,0.9999000128447182,washing_machine,9.260135395368803e-05
13260.0,13269.8,True,baseload,0.9998960053218235,washing_machine,9.649597812361175e-05
13290.0,13299.8,True,baseload,0.9999000136631747,washing_machine,9.26013540294858e-05
13320.0,13329.8,True,baseload,0.9999000128447182,washing_machine,9.260135395368803e-05
13350.0,13359.8,True,baseload,0.9999045538873895,washing_machine,9.260177450243723e-05
13380.0,13389.8,True,baseload,0.9999045530837699,washing_machine,9.260177442801353e-05
13410.0,13419.8,True,washing_machine,0.9216507793748013,resistive,0.06601660972510734
13440.0,13449.8,True,baseload,0.9999000544558787,washing_machine,9.24918499416113e-05
13470.0,13479.8,True,washing_machine,0.9999818463857537,resistive,1.529007547583975e-05
13500.0,13509.8,True,baseload,0.9999000544558789,washing_machine,9.249184994161133e-05
13530.0,13539.8,True,baseload,0.999900012844716,washing_machine,9.260135395368783e-05
13560.0,13569.8,True,fridge,0.2982518219188185,pc,0.23202511951910837
13590.0,13599.8,True,fridge,0.3013210366746892,pc,0.23457889986687078
13620.0,13629.8,True,fridge,0.30112658706324275,pc,0.23442750682029231
13650.0,13659.8,True,fridge,0.2981250411157976,pc,0.2320907987270998
13680.0,13689.8,True,fridge,0.2983000627411102,pc,0.2312799137985752
13710.0,13719.8,True,fridge,0.2982591659831385,pc,0.23203083283676942
13740.0,13749.8,True,fridge,0.2982363891823362,pc,0.23201449527032722
13770.0,13779.8,True,fridge,0.30112658706324275,pc,0.23442750682029231
13800.0,13809.8,True,fridge,0.30112658706324275,pc,0.23442750682029231
13830.0,13839.8,True,fridge,0.2982518212295726,pc,0.23202511956924804
13860.0,13869.8,True,fridge,0.3011266020312207,pc,0.23442753219183496
13890.0,13899.8,True,fridge,0.3013210363316491,pc,0.2345789007382674
13920.0,13929.8,True,fridge,0.2982611575462067,pc,0.23203238773341606
13950.0,13959.8,True,fridge,0.29825182262409017,pc,0.23202511912675175
13980.0,13989.8,True,fridge,0.30112658706324275,pc,0.23442750682029231
14010.0,14019.8,True,fridge,0.3013210363316491,pc,0.2345789007382674
14040.0,14049.8,True,fridge,0.29826115807202935,pc,0.23203238755612285
14070.0,14079.8,True,fridge,0.2982518212295726,pc,0.23202511956924804
14100.0,14109.8,True,fridge,0.2982457252028807,pc,0.23202176112492962
14130.0,14139.8,True,fridge,0.3013210366746892,pc,0.23457889986687078
14160.0,14169.8,True,fridge,0.29825182172787107,pc,0.23202511937056072
14190.0,14199.8,True,fridge,0.30112658706324275,pc,0.23442750682029231
14220.0,14229.8,True,fridge,0.30111086572576506,pc,0.23441667466121374
14250.0,14259.8,True,fridge,0.2982518219188185,pc,0.23202511951910837
14280.0,14289.8,True,fridge,0.30112658706324275,pc,0.23442750682029231
14310.0,14319.8,True,fridge,0.30112658656264873,pc,0.23442750702298887
14340.0,14349.8,True,fridge,0.29641760316169913,pc,0.22982273784610605
14370.0,14379.8,True,baseload,0.9999000128448032,washing_machine,9.26013539536959e-05
14400.0,14409.8,True,baseload,0.999900053478229,washing_machine,9.249184985117765e-05
14430.0,14439.8,True,baseload,0.999900012844716,washing_machine,9.260135395368783e-05
14460.0,14469.8,True,baseload,0.99990455388739,washing_machine,9.260177450243727e-05
14490.0,14499.8,True,washing_machine,0.9223399854163823,resistive,0.06606597662988889
14520.0,14529.8,True,baseload,0.999904551267611,washing_machine,9.260177425981794e-05
14550.0,14559.8,True,baseload,0.999900053478229,washing_machine,9.249184985117765e-05
14580.0,14589.8,True,baseload,0.9998960053218231,washing_machine,9.64959781236117e-05
14610.0,14619.8,True,baseload,0.9999000544558789,washing_machine,9.249184994161133e-05
14640.0,14649.8,True,washing_machine,0.9216447270130905,resistive,0.06601617620255203
14670.0,14679.8,True,baseload,0.999904551541194,washing_machine,9.260177428515462e-05
14700.0,14709.8,True,baseload,0.999900053478229,washing_machine,9.249184985117765e-05
14730.0,14739.8,True,baseload,0.9998960053218235,washing_machine,9.649597812361175e-05
14760.0,14769.8,True,baseload,0.9998960053218235,washing_machine,9.649597812361175e-05
14790.0,14799.8,True,baseload,0.999900053478229,washing_machine,9.249184985117765e-05
14820.0,14829.8,True,baseload,0.9999000128448001,washing_machine,9.260135395369562e-05
14850.0,14859.8,True,baseload,0.9999000544558789,washing_machine,9.249184994161133e-05
14880.0,14889.8,True,baseload,0.9999000537969063,washing_machine,9.249184988065564e-05
14910.0,14919.8,True,baseload,0.999900053478229,washing_machine,9.249184985117765e-05
14940.0,14949.8,True,washing_machine,0.9216447206123586,resistive,0.06601617574407619
14970.0,14979.8,True,washing_machine,0.9216447270130905,resistive,0.06601617620255203
15000.0,15009.8,True,washing_machine,0.9216507731434502,resistive,0.06601660927876402
15030.0,15039.8,True,baseload,0.9999045512676379,washing_machine,9.260177425982043e-05
15060.0,15069.8,True,washing_machine,0.9242323185335668,resistive,0.06461880309409754
15090.0,15099.8,True,baseload,0.999896004556539,washing_machine,9.649597804975718e-05
15120.0,15129.8,True,baseload,0.9999000544558789,washing_machine,9.249184994161133e-05
15150.0,15159.8,True,baseload,0.9999000128447235,washing_machine,9.260135395368852e-05
15180.0,15189.8,True,baseload,0.9999045520712289,washing_machine,9.260177433424148e-05
15210.0,15219.8,True,baseload,0.999900053478229,washing_machine,9.249184985117765e-05
15240.0,15249.8,True,baseload,0.9999000128448035,washing_machine,9.260135395369593e-05
15270.0,15279.8,True,washing_machine,0.9999825004880173,resistive,1.4924536388010503e-05
15300.0,15309.8,True,baseload,0.9998960053218235,washing_machine,9.649597812361175e-05
15330.0,15339.8,True,washing_machine,0.9999818479066822,resistive,1.5290075499095285e-05
15360.0,15369.8,True,baseload,0.9998960053218235,washing_machine,9.649597812361175e-05
15390.0,15399.8,True,baseload,0.9999000128447313,washing_machine,9.260135395368924e-05
15420.0,15429.8,True,washing_machine,0.9242540838894245,resistive,0.06462032484486975
15450.0,15459.8,True,baseload,0.9999000136483347,washing_machine,9.260135402811145e-05
15480.0,15489.8,True,baseload,0.999900053478229,washing_machine,9.249184985117765e-05
15510.0,15519.8,True,baseload,0.9999000537969251,washing_machine,9.249184988065739e-05
15540.0,15549.8,True,washing_machine,0.9223699483857905,resistive,0.06606812283721805
15570.0,15579.8,True,baseload,0.9999045530837686,washing_machine,9.26017744280134e-05
15600.0,15609.8,True,baseload,0.9999000544558792,washing_machine,9.249184994161135e-05
15630.0,15639.8,True,baseload,0.9999045530837721,washing_machine,9.260177442801373e-05
15660.0,15669.8,True,baseload,0.9999000131183043,washing_machine,9.260135397902501e-05
15690.0,15699.8,True,baseload,0.9999000136483347,washing_machine,9.260135402811145e-05
15720.0,15729.8,True,baseload,0.999900012844716,washing_machine,9.260135395368783e-05
15750.0,15759.8,True,washing_machine,0.9216507731461161,resistive,0.06601660927895497
15780.0,15789.8,True,baseload,0.9999000537969065,washing_machine,9.249184988065567e-05
15810.0,15819.8,True,washing_machine,0.9223625673122383,resistive,0.06606759414081487
15840.0,15849.8,True,baseload,0.9999000128447233,washing_machine,9.26013539536885e-05
15870.0,15879.8,True,baseload,0.999900053478229,washing_machine,9.249184985117765e-05
15900.0,15909.8,True,washing_machine,0.9216221742551876,resistive,0.06601456077873856
15930.0,15939.8,True,baseload,0.9999045512676032,washing_machine,9.260177425981722e-05
15960.0,15969.8,True,baseload,0.9999000537969063,washing_machine,9.249184988065564e-05
15990.0,15999.8,True,baseload,0.9999000544558792,washing_machine,9.249184994161135e-05
16020.0,16029.8,True,washing_machine,0.9216282263752396,resistive,0.06601499428398418
16050.0,16059.8,True,washing_machine,0.9242323185335668,resistive,0.06461880309409754
16080.0,16089.8,True,baseload,0.999896004556539,washing_machine,9.649597804975718e-05
16110.0,16119.8,True,baseload,0.9998960053218227,washing_machine,9.649597812361166e-05
16140.0,16149.8,True,baseload,0.9999000128447348,washing_machine,9.260135395368958e-05
16170.0,16179.8,True,baseload,0.9999000128447177,washing_machine,9.260135395368799e-05
16200.0,16209.8,True,washing_machine,0.9999818463857064,resistive,1.529007547583903e-05
16230.0,16239.8,True,washing_machine,0.9999907471031952,resistive,7.780074955640138e-06
16260.0,16269.8,True,baseload,0.999899760552438,washing_machine,9.283602478598392e-05
16290.0,16299.8,True,baseload,0.99990455388739,washing_machine,9.260177450243727e-05
16320.0,16329.8,True,baseload,0.999900053478229,washing_machine,9.249184985117765e-05
16350.0,16359.8,True,baseload,0.9999000544558789,washing_machine,9.249184994161133e-05
16380.0,16389.8,True,washing_machine,0.9216282263342758,resistive,0.06601499428105
16410.0,16419.8,True,washing_machine,0.921644727232654,resistive,0.06601617621827907
16440.0,16449.8,True,washing_machine,0.9223625737622823,resistive,0.06606759460282287
16470.0,16479.8,True,baseload,0.9998960053218235,washing_machine,9.649597812361175e-05
16500.0,16509.8,True,washing_machine,0.999981846025975,resistive,1.5290075470338608e-05
16530.0,16539.8,True,washing_machine,0.9216507731452177,resistive,0.06601660927889062
16560.0,16569.8,True,baseload,0.9999000136631716,washing_machine,9.260135402948551e-05
16590.0,16599.8,True,baseload,0.9999000144664922,washing_machine,9.260135410388153e-05
16620.0,16629.8,True,baseload,0.9999000128447941,washing_machine,9.260135395369507e-05
16650.0,16659.8,True,baseload,0.9999000544558787,washing_machine,9.24918499416113e-05
16680.0,16689.8,True,washing_machine,0.9223625680460528,resistive,0.06606759419337703
16710.0,16719.8,True,baseload,0.9999000544558792,washing_machine,9.249184994161135e-05
16740.0,16749.8,True,washing_machine,0.9216447207835892,resistive,0.06601617575634121
16770.0,16779.8,True,washing_machine,0.9216447206123586,resistive,0.06601617574407619
16800.0,16809.8,True,washing_machine,0.9223625737099806,resistive,0.06606759459907659
16830.0,16839.8,True,baseload,0.9999000136631692,washing_machine,9.260135402948528e-05
16860.0,16869.8,True,baseload,0.9999000537969063,washing_machine,9.249184988065564e-05
16890.0,16899.8,True,baseload,0.9999000128447346,washing_machine,9.260135395368955e-05
16920.0,16929.8,True,baseload,0.999900053478229,washing_machine,9.249184985117765e-05
16950.0,16959.8,True,fridge,0.28727755316937115,pc,0.23494361795922267
16980.0,16989.8,True,fridge,0.28742582906214215,pc,0.23489707663530526
17010.0,17019.8,True,fridge,0.2874258285763815,pc,0.23489707683191657
17040.0,17049.8,True,fridge,0.2872926007605521,pc,0.2349545272936316
17070.0,17079.8,True,fridge,0.2874016648805652,pc,0.23487872285472156
17100.0,17109.8,True,fridge,0.287463841144742,pc,0.23413553754835734
17130.0,17139.8,True,fridge,0.2982611563595808,pc,0.23203238682531846
17160.0,17169.8,True,fridge,0.30112658656264873,pc,0.23442750702298887
17190.0,17199.8,True,fridge,0.29823639017132836,pc,0.23201449390251977
17220.0,17229.8,True,fridge,0.3011108749731581,pc,0.23441665220379496
17250.0,17259.8,True,fridge,0.28769377337278124,pc,0.2336483768775499
17280.0,17289.8,True,fridge,0.28742582906214215,pc,0.23489707663530526
17310.0,17319.8,True,fridge,0.2877101841549427,pc,0.23435100401286302
17340.0,17349.8,True,fridge,0.2874638414336992,pc,0.2341355374310319
17370.0,17379.8,True,fridge,0.2876955239585652,pc,0.234339061281816
17400.0,17409.8,True,fridge,0.29022113552693946,pc,0.23734955129423005
17430.0,17439.8,True,fridge,0.28795520871984936,pc,0.23387549385284082
17460.0,17469.8,True,fridge,0.2874258275433702,pc,0.23489707598769416
17490.0,17499.8,True,fridge,0.287463841144742,pc,0.23413553754835734
17520.0,17529.8,True,fridge,0.2985525706801284,pc,0.2314903322308144
17550.0,17559.8,True,fridge,0.29826115807202935,pc,0.23203238755612285
17580.0,17589.8,True,fridge,0.29830006171810275,pc,0.23127991324149025
17610.0,17619.8,True,fridge,0.29830006367721634,pc,0.23127991417598712
17640.0,17649.8,True,fridge,0.2982457252028807,pc,0.23202176112492962
17670.0,17679.8,True,fridge,0.2983000613050323,pc,0.2312799129212258
17700.0,17709.8,True,fridge,0.2982518228919826,pc,0.23202511898566036
17730.0,17739.8,True,fridge,0.29749029863124105,pc,0.22998821129186744
17760.0,17769.8,True,fridge,0.2982538140505528,pc,0.23202667427166943
17790.0,17799.8,True,fridge,0.9999994840333026,pc,1.7305236751145958e-07
17820.0,17829.8,True,fridge,0.9999994773442036,pc,1.7247854980462465e-07
17850.0,17859.8,True,fridge,0.9999994840332918,pc,1.730523675114577e-07
17880.0,17889.8,True,fridge,0.2982850601900616,pc,0.23126828074199604
17910.0,17919.8,True,fridge,0.9999994767128628,pc,1.7246764015842528e-07
17940.0,17949.8,True,fridge,0.9999994839926327,pc,1.7305236750442155e-07
17970.0,17979.8,True,fridge,0.9999994773442036,pc,1.7247854980462465e-07
18000.0,18009.8,True,fridge,0.9999994419992083,pc,1.8499861355256777e-07
18030.0,18039.8,True,pc,0.2430144902490099,fridge,0.23539497685274616
18060.0,18069.8,True,baseload,0.2700701222670058,pc,0.22816601151284763
18090.0,18099.8,True,pc,0.24279582570847444,fridge,0.23523814315789646
18120.0,18129.8,True,fridge,0.9999923856526061,baseload,2.906847378902026e-06
18150.0,18159.8,True,fridge,0.9999840515519768,synchronous,9.092281000422738e-06
18180.0,18189.8,True,fridge,0.9999845606394495,synchronous,9.08991051298235e-06
18210.0,18219.8,True,fridge,0.9999859098936816,synchronous,9.089922803701302e-06
18240.0,18249.8,True,fridge,0.9999858401604221,synchronous,9.170435972739594e-06
18270.0,18279.8,True,fridge,0.9999858312174034,synchronous,9.170435876765832e-06
18300.0,18309.8,True,fridge,0.9999840452024006,synchronous,9.094830454720163e-06
18330.0,18339.8,True,fridge,0.9999858401556114,synchronous,9.170435923270251e-06
18360.0,18369.8,True,fridge,0.9999845484789145,synchronous,9.092288410177187e-06
18390.0,18399.8,True,fridge,0.9999859148027848,synchronous,9.089924899642738e-06
18420.0,18429.8,False,off,,,
18450.0,18459.8,True,fridge,0.9999840505770169,synchronous,9.089907578303215e-06
18480.0,18489.8,True,fridge,0.9999840492060802,synchronous,9.089907763077017e-06
18510.0,18519.8,False,off,,,
18540.0,18549.8,False,off,,,
18570.0,18579.8,False,off,,,
18600.0,18609.8,True,fridge,0.9999845513474178,synchronous,9.089912325899611e-06
18630.0,18639.8,False,off,,,
18660.0,18669.8,True,fridge,0.9999844710931909,synchronous,9.170269672127238e-06
18690.0,18699.8,False,off,,,
18720.0,18729.8,True,fridge,0.9999840493169613,synchronous,9.089907617333023e-06
18750.0,18759.8,True,fridge,0.9999840466003485,synchronous,9.092494978728978e-06
18780.0,18789.8,True,fridge,0.9999842555869362,synchronous,9.089909518241825e-06
18810.0,18819.8,False,off,,,
18840.0,18849.8,True,fridge,0.9999858270659661,synchronous,9.170438005879922e-06
18870.0,18879.8,True,fridge,0.9999844749889116,synchronous,9.170425327412378e-06
18900.0,18909.8,True,fridge,0.999984475139401,synchronous,9.170269702341159e-06
18930.0,18939.8,False,off,,,
18960.0,18969.8,True,fridge,0.9999858360220855,synchronous,9.170438007842302e-06
18990.0,18999.8,True,fridge,0.9999840449271522,synchronous,9.092341118106418e-06
19020.0,19029.8,True,fridge,0.9999839713689447,synchronous,9.170264934010816e-06
19050.0,19059.8,True,fridge,0.9999840500826102,synchronous,9.09234115063507e-06
19080.0,19089.8,True,fridge,0.9999840449272053,synchronous,9.092341103759623e-06
19110.0,19119.8,True,fridge,0.9999840432630512,synchronous,9.094717679445967e-06
19140.0,19149.8,True,baseload,0.37470017501814235,pc,0.18770556226644683
19170.0,19179.8,True,fridge,0.999992285855258,baseload,2.907564476657357e-06
19200.0,19209.8,True,fridge,0.9999840519495327,synchronous,9.092341167610037e-06
19230.0,19239.8,True,baseload,0.3491074764240398,pc,0.2434902120621225
19260.0,19269.8,True,baseload,0.3743446140839949,pc,0.1875552597717109
19290.0,19299.8,True,baseload,0.3489260218382941,pc,0.24357023512430817
19320.0,19329.8,True,baseload,0.3513100018602184,pc,0.1804244421744289
19350.0,19359.8,True,fridge,0.9999841108581476,synchronous,9.092341703235804e-06
19380.0,19389.8,True,baseload,0.3513155498915036,pc,0.18042286011843175
19410.0,19419.8,True,baseload,0.3280250183073479,pc,0.23474629802433686
19440.0,19449.8,True,fridge,0.9999932891265703,baseload,2.100621784252212e-06
19470.0,19479.8,True,fridge,0.999984978192089,synchronous,9.170274351372594e-06
19500.0,19509.8,True,baseload,0.24283308222663913,pc,0.21058455678416757
19530.0,19539.8,True,fridge,0.9999846124710097,synchronous,9.092346371169084e-06
19560.0,19569.8,True,baseload,0.2694233230433539,pv,0.20009069192207896
19590.0,19599.8,True,baseload,0.24263789369425254,pc,0.21065008397703014
19620.0,19629.8,True,baseload,0.24235116302312334,pc,0.21043236208924607
19650.0,19659.8,True,baseload,0.24263342494057777,pc,0.21065138009563758
19680.0,19689.8,True,baseload,0.2694233157241572,pv,0.20009068648638345
19710.0,19719.8,True,fridge,0.9999855724331794,synchronous,9.17289166306058e-06
19740.0,19749.8,True,fridge,0.9999856510926156,synchronous,9.092357028937592e-06
19770.0,19779.8,True,baseload,0.26942331313319806,pv,0.20009068456217438
19800.0,19809.8,True,pc,0.27085548743152504,baseload,0.2238967048558331
19830.0,19839.8,True,baseload,0.24263789159693908,pc,0.21065008215621292
19860.0,19869.8,True,baseload,0.24243284024630665,pc,0.210477244321974
19890.0,19899.8,True,baseload,0.2693650114259986,pv,0.20010583300220464
19920.0,19929.8,True,pc,0.27085700145053565,baseload,0.2238924166183099
19950.0,19959.8,True,baseload,0.24243277715997538,pc,0.21047721970801989
19980.0,19989.8,True,baseload,0.26936501027242055,pv,0.20010583084704986
20010.0,20019.8,True,baseload,0.24243277746824732,pc,0.21047721757389407
20040.0,20049.8,True,fridge,0.9999855724305253,synchronous,9.172893569164405e-06
20070.0,20079.8,True,baseload,0.26921106283359547,pv,0.20016122847092502
20100.0,20109.8,True,baseload,0.2692110532930678,pv,0.20016123075730316
20130.0,20139.8,True,baseload,0.24243277793286458,pc,0.21047721797726918
20160.0,20169.8,True,baseload,0.2692158377818089,pv,0.20015303001664764
20190.0,20199.8,True,baseload,0.2692110539904913,pv,0.20016123094616023
20220.0,20229.8,True,fridge,0.9999854829944108,synchronous,9.172892748764608e-06
20250.0,20259.8,True,baseload,0.2692110532417588,pv,0.2001612307191544
20280.0,20289.8,True,baseload,0.24243277906005245,pc,0.21047721889027415
20310.0,20319.8,True,baseload,0.2692110533606983,pv,0.20016123080758713
20340.0,20349.8,True,baseload,0.26886711250389544,pv,0.19981179998163534
20370.0,20379.8,True,baseload,0.2693650101715402,pv,0.2001058307721079
20400.0,20409.8,True,fridge,0.9999855724353951,synchronous,9.172893618241002e-06
20430.0,20439.8,True,baseload,0.24243341404831273,pc,0.210477770359657
20460.0,20469.8,True,baseload,0.26936501057520107,pv,0.20010583209549657
20490.0,20499.8,True,baseload,0.24243277794353216,pc,0.21047721782007733
20520.0,20529.8,True,fridge,0.999985482999208,synchronous,9.172892798247063e-06
20550.0,20559.8,True,pc,0.27059707241055786,baseload,0.2236498887842834
20580.0,20589.8,True,baseload,0.26936500939793306,pv,0.20010582992274306
20610.0,20619.8,True,fridge,0.9999955715407268,synchronous,2.9552950836913135e-06
20640.0,20649.8,True,fridge,0.9999955503119901,synchronous,2.9814713902714914e-06
20670.0,20679.8,True,fridge,0.9999955715407461,synchronous,2.9552950643320363e-06
20700.0,20709.8,True,fridge,0.9999955476022853,synchronous,2.981471379397247e-06
20730.0,20739.8,True,fridge,0.9999955742015952,synchronous,2.9552949798263382e-06
20760.0,20769.8,True,fridge,0.9999955717250727,synchronous,2.9552951516038377e-06
20790.0,20799.8,True,fridge,0.9999955737284424,synchronous,2.9552949805696236e-06
20820.0,20829.8,True,fridge,0.9999955476022877,synchronous,2.9814713799991785e-06
20850.0,20859.8,True,fridge,0.9999955742015935,synchronous,2.9552949804229666e-06
20880.0,20889.8,True,fridge,0.9999955742015941,synchronous,2.955294979826335e-06
20910.0,20919.8,True,fridge,0.9999955717250847,synchronous,2.9552951381755296e-06
20940.0,20949.8,True,fridge,0.9999955717250656,synchronous,2.955295141252886e-06
20970.0,20979.8,True,fridge,0.9999955742015946,synchronous,2.95529498042297e-06
21000.0,21009.8,True,fridge,0.9999955717250514,synchronous,2.9552951562261516e-06
21030.0,21039.8,True,fridge,0.9999955717250503,synchronous,2.9552951562261486e-06
21060.0,21069.8,True,fridge,0.9999955715407441,synchronous,2.9552950649568027e-06
21090.0,21099.8,True,fridge,0.9999955717250707,synchronous,2.9552951531487957e-06
21120.0,21129.8,True,fridge,0.9999955476039506,synchronous,2.981471400736478e-06
21150.0,21159.8,True,fridge,0.9999955480753979,synchronous,2.981471385776118e-06
21180.0,21189.8,True,baseload,0.2692110677893318,pv,0.20016122687905938
21210.0,21219.8,True,baseload,0.26862075835702676,pv,0.19962871118340067
21240.0,21249.8,True,baseload,0.2686207567752749,pv,0.1996287124203549
21270.0,21279.8,True,baseload,0.2424372596752933,pc,0.2104759159385846
21300.0,21309.8,True,baseload,0.2689641570105651,pv,0.19997765511045296
21330.0,21339.8,True,baseload,0.2702144504741579,pv,0.19971950811826633
21360.0,21369.8,True,baseload,0.26945971229457966,pv,0.19949493052386613
21390.0,21399.8,True,baseload,0.27011726882833387,pv,0.19984964028122765
21420.0,21429.8,True,baseload,0.26892622397541655,pv,0.20009337729949056
21450.0,21459.8,True,baseload,0.26892622371013325,pv,0.2000933771021077
21480.0,21489.8,True,baseload,0.26907929274136116,pv,0.20003745873599144
21510.0,21519.8,True,baseload,0.2685821589551379,pv,0.1997436995467068
21540.0,21549.8,True,pv,0.9999999225482141,baseload,2.614619119428957e-08
21570.0,21579.8,True,baseload,0.2685821594365076,pv,0.1997437033179548
21600.0,21609.8,True,baseload,0.26858215821523207,pv,0.19974370174746162
21630.0,21639.8,True,pv,0.9999999225746521,baseload,2.6120037741536754e-08
21660.0,21669.8,True,baseload,0.24211132785772646,pc,0.21022412888683198
21690.0,21699.8,True,pv,0.9999999224708831,baseload,2.611006093050328e-08
21720.0,21729.8,True,pv,0.9999999225213472,baseload,2.6168384509362167e-08
21750.0,21759.8,True,baseload,0.2685821579163054,pv,0.19974370155460835
21780.0,21789.8,True,baseload,0.2689302185118671,pv,0.20008459547088364
21810.0,21819.8,True,baseload,0.26892622394354143,pv,0.20009337730528318
21840.0,21849.8,True,baseload,0.2685821590080079,pv,0.19974370230559135
21870.0,21879.8,True,pv,0.9999999225213472,baseload,2.6168384509362167e-08
21900.0,21909.8,True,baseload,0.268930218508657,pv,0.20008459540747867
21930.0,21939.8,True,pv,0.999999922548497,baseload,2.6146189961256732e-08
21960.0,21969.8,True,baseload,0.26892622384389925,pv,0.20009337703209498
21990.0,21999.8,True,pv,0.9999999225746521,baseload,2.612003772370776e-08
22020.0,22029.8,True,pv,0.9999999225213472,baseload,2.616838450872775e-08
22050.0,22059.8,True,baseload,0.26858215812972996,pv,0.199743701485172
22080.0,22089.8,True,baseload,0.2685823945929617,pv,0.1997438780091304
22110.0,22119.8,True,baseload,0.26971595670022175,pv,0.19972212243753285
22140.0,22149.8,True,baseload,0.26971595665893033,pv,0.19972212240695697
22170.0,22179.8,True,baseload,0.2697159560304611,pv,0.1997221223081782
22200.0,22209.8,True,baseload,0.26892544079951264,pv,0.2000927944639242
22230.0,22239.8,True,baseload,0.26858215918743306,pv,0.19974370230123997
22260.0,22269.8,True,baseload,0.2685821564097738,pv,0.19974370086828047
22290.0,22299.8,True,baseload,0.2685821557676093,pv,0.19974369975792788
22320.0,22329.8,True,baseload,0.2695236658104317,pv,0.19976782324816342
22350.0,22359.8,True,baseload,0.2689262204095571,pv,0.2000933744767878
22380.0,22389.8,True,baseload,0.2691745751411507,pv,0.19942727491328305
22410.0,22419.8,True,baseload,0.2685821557783676,pv,0.19974369976592873
22440.0,22449.8,True,baseload,0.2697159515761167,pv,0.19972211872510812
22470.0,22479.8,True,pv,0.9999999225213458,baseload,2.616838450844007e-08
22500.0,22509.8,True,pv,0.9999999225482137,baseload,2.6146190126213196e-08
22530.0,22539.8,True,baseload,0.2697159610902818,pv,0.19972211640102766
22560.0,22569.8,True,pv,0.9999999224707952,baseload,2.6110061204196965e-08
22590.0,22599.8,True,pv,0.9999999225459231,baseload,2.6147891071436418e-08
22620.0,22629.8,True,baseload,0.2697271036219717,pv,0.1997173836699257
22650.0,22659.8,True,pv,0.9999999225213423,baseload,2.616838526336301e-08
22680.0,22689.8,True,pv,0.9999999225482117,baseload,2.6146190207395874e-08
22710.0,22719.8,True,pv,0.9999999225213436,baseload,2.616838471558142e-08
22740.0,22749.8,True,baseload,0.26893021001424283,pv,0.20008458888857725
22770.0,22779.8,True,baseload,0.2685821507376341,pv,0.19974369601715122
22800.0,22809.8,True,pv,0.9999999223821183,baseload,2.611006125319963e-08
22830.0,22839.8,True,baseload,0.2685823862533462,pv,0.19974387163284865
22860.0,22869.8,True,baseload,0.26892621539896316,pv,0.20009337074867736
22890.0,22899.8,True,baseload,0.269174564111886,pv,0.19942726677128247
22920.0,22929.8,True,pv,0.9999999225213407,baseload,2.6168385263362968e-08
22950.0,22959.8,True,baseload,0.2697159426587446,pv,0.19972211203995147
22980.0,22989.8,True,baseload,0.2697159420329571,pv,0.1997221113098533
23010.0,23019.8,True,baseload,0.26971594119371795,pv,0.19972211106649407
23040.0,23049.8,True,pv,0.9999999224708771,baseload,2.611006108288246e-08
23070.0,23079.8,True,baseload,0.2689302046826635,pv,0.2000845849828887
23100.0,23109.8,True,pv,0.9999999224707934,baseload,2.611006116559549e-08
23130.0,23139.8,True,baseload,0.2685821451465591,pv,0.19974368901769593
23160.0,23169.8,True,baseload,0.2695236554670146,pv,0.19976781561120344
23190.0,23199.8,True,pv,0.9999999225140215,baseload,2.6176013705660114e-08
23220.0,23229.8,True,baseload,0.2689302046826635,pv,0.2000845849828887
23250.0,23259.8,True,fridge,0.9999980836926537,synchronous,1.2603801424549507e-06
23280.0,23289.8,True,fridge,0.999995574396064,synchronous,2.955318618034281e-06
23310.0,23319.8,True,fridge,0.9999955703216182,synchronous,2.9553187831517e-06
23340.0,23349.8,True,fridge,0.9999955482718412,synchronous,2.9814952283960877e-06
23370.0,23379.8,True,fridge,0.9999955669116684,synchronous,2.9553186802382453e-06
23400.0,23409.8,True,fridge,0.999995545068484,synchronous,2.9814952349143967e-06
23430.0,23439.8,True,fridge,0.999995545066805,synchronous,2.981495218840245e-06
23460.0,23469.8,True,fridge,0.9999955690559856,synchronous,2.9553185939591957e-06
23490.0,23499.8,True,fridge,0.9999955669117296,synchronous,2.9553186697295077e-06
23520.0,23529.8,True,fridge,0.999995531712874,synchronous,2.981495160024339e-06
23550.0,23559.8,True,fridge,0.9999955317128603,synchronous,2.981495152251903e-06
23580.0,23589.8,True,fridge,0.9999955338858308,synchronous,2.9814951697328837e-06
23610.0,23619.8,True,pc,0.6857742247403752,fridge,0.3142245680182248
23640.0,23649.8,True,pc,0.685774219360812,fridge,0.31422456503706536
23670.0,23679.8,True,pc,0.6857742220746577,fridge,0.31422456232323864
23700.0,23709.8,True,pc,0.6857742249995286,fridge,0.3142245676207485
23730.0,23739.8,True,pc,0.6857742219052041,fridge,0.3142245624926884
23760.0,23769.8,True,fridge,0.9828828846436617,pc,0.017113314169479445
23790.0,23799.8,True,pc,0.6857742265338244,fridge,0.31422456608637644
23820.0,23829.8,True,pc,0.6857742250943881,fridge,0.3142245676642135
23850.0,23859.8,True,pc,0.685774219854745,fridge,0.31422456454313474
23880.0,23889.8,True,pc,0.6857742122172993,fridge,0.3142245646592539
23910.0,23919.8,True,fridge,0.9828828620268507,pc,0.01711331326008131
23940.0,23949.8,True,pc,0.6857742250630385,fridge,0.31422455876315036
23970.0,23979.8,True,pc,0.6857742191068201,fridge,0.3142245654293858
24000.0,24009.8,True,pc,0.6857742255883208,fridge,0.31422456717028274
24030.0,24039.8,True,pc,0.685774226998442,fridge,0.31422456562184775
24060.0,24069.8,True,pc,0.6857742123867526,fridge,0.3142245644898041
24090.0,24099.8,True,fridge,0.9828828615857571,pc,0.01711331369685908
24120.0,24129.8,True,fridge,0.9828828620268463,pc,0.017113313260081232
24150.0,24159.8,True,fridge,0.982882862026586,pc,0.0171133132600767
24180.0,24189.8,True,pv,0.9999999224598157,baseload,2.6146190295540498e-08
24210.0,24219.8,True,pv,0.9999999223821159,baseload,2.611006133047181e-08
24240.0,24249.8,True,baseload,0.26917456282944563,pv,0.1994272605855575
24270.0,24279.8,True,pv,0.9999999225213394,baseload,2.6168385344573582e-08
24300.0,24309.8,True,baseload,0.26917456576310783,pv,0.19942726622772605
24330.0,24339.8,True,baseload,0.2697167195294403,pv,0.1997227029624426
24360.0,24369.8,True,pv,0.9999999224859673,baseload,2.6120038058290316e-08
24390.0,24399.8,True,pv,0.9999999224598122,baseload,2.6146190295540405e-08
24420.0,24429.8,True,pv,0.9999999224595302,baseload,2.6146190284807773e-08
24450.0,24459.8,True,pv,0.9999999223821152,baseload,2.611006133047179e-08
24480.0,24489.8,True,pv,0.9999999223821157,baseload,2.6110061247928754e-08
24510.0,24519.8,True,pv,0.9999999225140195,baseload,2.617601375551162e-08
24540.0,24549.8,True,pv,0.9999999223821157,baseload,2.611006124775668e-08
24570.0,24579.8,True,pv,0.9999999223821152,baseload,2.611006133047179e-08
24600.0,24609.8,True,pv,0.9999999223821157,baseload,2.6110061247928754e-08
24630.0,24639.8,True,pv,0.9999999224595302,baseload,2.6146190284980082e-08
24660.0,24669.8,True,baseload,0.2695236487300937,pv,0.19976782624901973
24690.0,24699.8,True,pv,0.9999999225746452,baseload,2.6120038190731574e-08
24720.0,24729.8,True,pv,0.9999999225484917,baseload,2.614618881002141e-08
24750.0,24759.8,True,pv,0.9999999223822005,baseload,2.611006124730798e-08
24780.0,24789.8,True,pv,0.99999992245953,baseload,2.6146190508695902e-08
24810.0,24819.8,True,baseload,0.2685823743664904,pv,0.19974387925862672
24840.0,24849.8,True,pv,0.9999999224595288,baseload,2.6146190473780407e-08
24870.0,24879.8,True,pv,0.9999999224598106,baseload,2.6146190295712674e-08
24900.0,24909.8,True,pv,0.9999999223821148,baseload,2.6110059892616064e-08
24930.0,24939.8,True,pv,0.9999999224859648,baseload,2.6120038236359376e-08
24960.0,24969.8,True,pv,0.9999999224859648,baseload,2.6120038236359376e-08
24990.0,24999.8,True,pv,0.9999999224598095,baseload,2.6146190473787746e-08
25020.0,25029.8,True,baseload,0.2691745535236911,pv,0.19942727516292438
25050.0,25059.8,True,pv,0.9999999224707916,baseload,2.6110059804452253e-08
25080.0,25089.8,True,pv,0.9999999224326501,baseload,2.6168385568684514e-08
25110.0,25119.8,True,baseload,0.2685821333471885,pv,0.19974369934596492
25140.0,25149.8,True,pv,0.9999999224598111,baseload,2.614618885569507e-08
25170.0,25179.8,True,pv,0.9999999225746445,baseload,2.6120036646755904e-08
25200.0,25209.8,True,pv,0.9999999224859664,baseload,2.6120036619885167e-08
25230.0,25239.8,True,baseload,0.269523643290665,pv,0.19976782221737777
25260.0,25269.8,True,pv,0.999999922459814,baseload,2.614618888027419e-08
25290.0,25299.8,True,baseload,0.26858213379962687,pv,0.19974369968244193
25320.0,25329.8,True,pv,0.9999999224595295,baseload,2.614618892825889e-08
25350.0,25359.8,True,baseload,0.269523643290665,pv,0.19976782221737777
25380.0,25389.8,True,baseload,0.2697207013080289,pv,0.19971393159168557
25410.0,25419.8,True,pv,0.9999999223821994,baseload,2.611005980990297e-08
25440.0,25449.8,True,baseload,0.2685821338202071,pv,0.19974369969774744
25470.0,25479.8,True,pv,0.9999999223772089,baseload,2.611005983369476e-08
25500.0,25509.8,True,baseload,0.269174541003067,pv,0.1994272782284167
25530.0,25539.8,True,baseload,0.26917454187411927,pv,0.1994272788737659
25560.0,25569.8,True,pv,0.9999999224859661,baseload,2.6120036692383756e-08
25590.0,25599.8,True,pv,0.9999999216395715,baseload,2.6110059707802243e-08
25620.0,25629.8,True,pv,0.9999999224595295,baseload,2.614618892825889e-08
25650.0,25659.8,True,baseload,0.26917453974807226,pv,0.19942727666683593
25680.0,25689.8,True,baseload,0.26624315683351396,pv,0.19800421293960138
25710.0,25719.8,True,baseload,0.19387676431682646,fridge,0.19206312910064358
25740.0,25749.8,True,baseload,0.18923994201657593,fridge,0.1852893754953172
25770.0,25779.8,True,baseload,0.19537171605827422,fridge,0.19354412723775066
25800.0,25809.8,True,baseload,0.18550785037359527,fridge,0.18445190861637645
25830.0,25839.8,True,fridge,0.3003371547839083,baseload,0.17771270106742237
25860.0,25869.8,True,baseload,0.26858235374651435,pv,0.19974388048877662
25890.0,25899.8,True,fridge,0.2846620043551023,baseload,0.1691662976092705
25920.0,25929.8,True,baseload,0.19353229055384105,fridge,0.19172190776158465
25950.0,25959.8,True,baseload,0.19536237622970043,fridge,0.19353487477784329
25980.0,25989.8,True,baseload,0.1878442100243212,fridge,0.18392280957977605
26010.0,26019.8,True,fridge,0.4383059229846761,baseload,0.1281001449623038
26040.0,26049.8,True,baseload,0.18689037207898004,fridge,0.18582656070996195
26070.0,26079.8,True,fridge,0.29886861577252916,baseload,0.17684375001995623
26100.0,26109.8,True,baseload,0.19387675396007578,fridge,0.19206314894014206
26130.0,26139.8,True,baseload,0.19565319621141788,fridge,0.19382297423109165
26160.0,26169.8,True,fridge,0.4368904995217174,baseload,0.13046057258790497
26190.0,26199.8,True,fridge,0.2837022337608049,baseload,0.1722107437730244
26220.0,26229.8,True,baseload,0.1938767533425295,fridge,0.19206314832837257
26250.0,26259.8,True,fridge,0.9999857969795172,synchronous,9.170443143518165e-06
26280.0,26289.8,True,baseload,0.1942784098267211,fridge,0.19195953085200057
26310.0,26319.8,True,baseload,0.19536237630728537,fridge,0.19353487477820228
26340.0,26349.8,True,pc,0.22261818744009565,baseload,0.20912866398817972
26370.0,26379.8,True,baseload,0.26917477187435945,pv,0.19942745390822875
26400.0,26409.8,True,fridge,0.2838379870012289,baseload,0.17184418369318566
26430.0,26439.8,True,baseload,0.1953620941762691,fridge,0.19353460531394404
26460.0,26469.8,True,baseload,0.19536237489915148,fridge,0.1935348727536584
26490.0,26499.8,True,baseload,0.18794730317934685,fridge,0.18618916471804328
26520.0,26529.8,True,fridge,0.18638401520497,baseload,0.1863101277859212
26550.0,26559.8,True,baseload,0.19427840974743682,fridge,0.1919595314051197
26580.0,26589.8,True,pc,0.2178917679033802,baseload,0.2073674533148688
26610.0,26619.8,True,baseload,0.2826757613232873,pv,0.19615984933053943
26640.0,26649.8,True,baseload,0.20534818267869934,fridge,0.18932220696341978
26670.0,26679.8,True,baseload,0.20492946145728713,fridge,0.18942978177389744
26700.0,26709.8,True,fridge,0.9999857407137359,synchronous,9.170289242766012e-06
26730.0,26739.8,True,fridge,0.28310598514210694,baseload,0.18030502985856378
26760.0,26769.8,True,pc,0.38769996714620447,fridge,0.1672068999122488
26790.0,26799.8,True,pc,0.3812644302534129,fridge,0.16773142206459518
26820.0,26829.8,True,pc,0.6857742251171557,fridge,0.3142245676414497
26850.0,26859.8,True,pc,0.6857742247403744,fridge,0.3142245680182244
26880.0,26889.8,True,fridge,0.6088442981551542,pc,0.39115500332890807
26910.0,26919.8,True,pc,0.9999991921278223,fridge,2.4344328128580533e-07
26940.0,26949.8,True,fridge,0.9828828371621648,pc,0.017113312924356944
26970.0,26979.8,True,fridge,0.9828828371621511,pc,0.017113312924356704
27000.0,27009.8,True,fridge,0.9828828346266909,pc,0.017113313148674876
27030.0,27039.8,True,fridge,0.9828828619273376,pc,0.01711331335555193
27060.0,27069.8,True,fridge,0.9828828371621626,pc,0.017113312924356906
27090.0,27099.8,True,fridge,0.982882862441198,pc,0.017113313364498933
27120.0,27129.8,True,fridge,0.9828828371621748,pc,0.01711331292435712
27150.0,27159.8,True,fridge,0.9828828371621646,pc,0.01711331292435694
27180.0,27189.8,True,fridge,0.9828828366483142,pc,0.017113312915410114
27210.0,27219.8,True,fridge,0.9828828615857815,pc,0.017113313696859506
27240.0,27249.8,True,fridge,0.9828828619273379,pc,0.017113313355551933
27270.0,27279.8,True,fridge,0.9828828371621663,pc,0.01711331292435697
27300.0,27309.8,True,fridge,0.9828828366483172,pc,0.017113312915410166
27330.0,27339.8,True,pv,0.9999999286761296,baseload,1.981612596762829e-08
27360.0,27369.8,True,pv,0.999999928676129,baseload,1.981612604822984e-08
27390.0,27399.8,True,pv,0.9999999287823009,baseload,1.982369793680825e-08
27420.0,27429.8,True,pv,0.9999999286760439,baseload,1.981612614013613e-08
27450.0,27459.8,True,pv,0.9999999287621688,baseload,1.9843545992072188e-08
27480.0,27489.8,True,pv,0.9999999287823012,baseload,1.9823697856648884e-08
27510.0,27519.8,True,pv,0.9999999286760441,baseload,1.981612611187252e-08
27540.0,27549.8,True,pv,0.9999999287823012,baseload,1.982369793789327e-08
27570.0,27579.8,True,pv,0.9999999286760448,baseload,1.9816126049096148e-08
27600.0,27609.8,True,baseload,0.21776892259788802,pv,0.2130352764182281
27630.0,27639.8,True,pv,0.9999999287624501,baseload,1.984354596799988e-08
27660.0,27669.8,True,pv,0.9999999286761292,baseload,1.9816125963551432e-08
27690.0,27699.8,True,pv,0.999999928676129,baseload,1.9816126049097815e-08
27720.0,27729.8,True,pv,0.9999999286760444,baseload,1.9816126006831173e-08
27750.0,27759.8,True,pv,0.9999999286760446,baseload,1.9816125963588966e-08
27780.0,27789.8,True,baseload,0.21776892368717782,pv,0.2130352778894846
27810.0,27819.8,True,baseload,0.2175829559487339,pv,0.21285335253244578
27840.0,27849.8,True,pv,0.9999999286760439,baseload,1.9816126026365334e-08
27870.0,27879.8,True,baseload,0.2185423311571935,pv,0.2129834111467906
27900.0,27909.8,True,baseload,0.2185423307586232,pv,0.21298341075835847
27930.0,27939.8,True,pv,0.9999999286761287,baseload,1.9816125963590634e-08
27960.0,27969.8,True,pv,0.9999999286760448,baseload,1.9816125944015586e-08
27990.0,27999.8,True,baseload,0.21854253481930966,pv,0.21298360880124984
28020.0,28029.8,True,pv,0.9999999287823009,baseload,1.9823697852136703e-08
28050.0,28059.8,True,baseload,0.21805789026500833,pv,0.2125112925490434
28080.0,28089.8,True,pv,0.9999999286760441,baseload,1.9816126104064973e-08
28110.0,28119.8,True,baseload,0.21599850495119294,pv,0.21130334560256164
28140.0,28149.8,True,pv,0.9999999286760446,baseload,1.9816126104064983e-08
28170.0,28179.8,True,pv,0.9999999287823005,baseload,1.9823697997139337e-08
28200.0,28209.8,True,pv,0.9999999287823009,baseload,1.9823697852136703e-08
28230.0,28239.8,True,pv,0.9999999286761287,baseload,1.9816125963590634e-08
28260.0,28269.8,True,pv,0.9999999287823009,baseload,1.9823697852136703e-08
28290.0,28299.8,True,pv,0.9999999286760446,baseload,1.9816125963588966e-08
28320.0,28329.8,True,pv,0.9999999286760441,baseload,1.9816126104064973e-08
28350.0,28359.8,True,pv,0.9999999286760439,baseload,1.9816126026365334e-08
28380.0,28389.8,True,baseload,0.2158153458704979,pv,0.21112416757210845
28410.0,28419.8,True,pv,0.9999999287823005,baseload,1.9823697992666318e-08
28440.0,28449.8,True,baseload,0.21828305738151696,pv,0.2127307323556715
28470.0,28479.8,True,baseload,0.21854233161740516,pv,0.21298341159529616
28500.0,28509.8,True,pv,0.9999999287823007,baseload,1.982369793568753e-08
28530.0,28539.8,True,pv,0.999999928676129,baseload,1.981612601125403e-08
28560.0,28569.8,True,pv,0.9999999286760444,baseload,1.9816126047068735e-08
28590.0,28599.8,True,pv,0.9999999287823007,baseload,1.9823697935904235e-08
28620.0,28629.8,True,pv,0.9999999287823009,baseload,1.9823697900291234e-08
28650.0,28659.8,True,pv,0.9999999287823007,baseload,1.982369793568753e-08
28680.0,28689.8,True,pv,0.999999928676129,baseload,1.9816126011214816e-08
28710.0,28719.8,True,pv,0.9999999279335033,baseload,1.9816125412481904e-08
28740.0,28749.8,True,pv,0.999999928676129,baseload,1.9816126046597596e-08
28770.0,28779.8,True,pv,0.9999999286761287,baseload,1.9816126007177172e-08
28800.0,28809.8,True,baseload,0.2159985015056467,pv,0.2113033661737089
28830.0,28839.8,True,pv,0.9999999287823007,baseload,1.982369793568753e-08
28860.0,28869.8,True,pv,0.9999999287823007,baseload,1.9823697942951817e-08
28890.0,28899.8,True,pv,0.999999928582463,baseload,1.9816125928501526e-08
28920.0,28929.8,True,pv,0.9999999287624497,baseload,1.9843546031247118e-08
28950.0,28959.8,True,pv,0.9999999286760437,baseload,1.981612610988424e-08
28980.0,28989.8,True,pv,0.9999999286760444,baseload,1.9816126047107877e-08
29010.0,29019.8,True,pv,0.9999999286760448,baseload,1.9816126007214723e-08
29040.0,29049.8,True,pv,0.9999999286760437,baseload,1.981612614085985e-08
29070.0,29079.8,True,pv,0.9999999286761287,baseload,1.981612604332873e-08
29100.0,29109.8,True,baseload,0.218057885535455,pv,0.21251130939267016
29130.0,29139.8,True,pv,0.9999999286760444,baseload,1.981612605436946e-08
29160.0,29169.8,True,pv,0.9999999288507433,baseload,1.9816126010637355e-08
29190.0,29199.8,True,pv,0.9999999288507428,baseload,1.9816126053320854e-08
29220.0,29229.8,True,pv,0.9999999289570397,baseload,1.9823697941864528e-08
29250.0,29259.8,True,pv,0.999999928850827,baseload,1.9816126046790574e-08
29280.0,29289.8,True,pv,0.9999999287571613,baseload,1.981612600892985e-08
29310.0,29319.8,True,pv,0.9999999287571613,baseload,1.9816126050954472e-08
29340.0,29349.8,True,pv,0.9999999288507428,baseload,1.9816126057831308e-08
29370.0,29379.8,True,pv,0.9999999289371887,baseload,1.9843546077418004e-08
29400.0,29409.8,True,baseload,0.21870412579549273,pv,0.21314111181730122
29430.0,29439.8,True,fridge,0.2980351535033675,pv,0.17809760469935665
29460.0,29469.8,True,fridge,0.9828828374639698,pc,0.01711331319807572
29490.0,29499.8,True,fridge,0.982882837727848,pc,0.01711331293420625
29520.0,29529.8,True,fridge,0.982882837727848,pc,0.01711331293420625
29550.0,29559.8,True,fridge,0.9828828630069043,pc,0.01711331337434864
29580.0,29589.8,True,fridge,0.9828828245876016,pc,0.01711331296193188
29610.0,29619.8,True,fridge,0.9828828630069043,pc,0.01711331337434864
29640.0,29649.8,True,fridge,0.9828828377278553,pc,0.017113312934206378
29670.0,29679.8,True,fridge,0.9828828086639031,pc,0.017113312428163854
29700.0,29709.8,True,fridge,0.9828828334283012,pc,0.017113312859345354
29730.0,29739.8,True,fridge,0.9828828377278553,pc,0.017113312934206378
29760.0,29769.8,True,fridge,0.9828828086639093,pc,0.017113312428163965
29790.0,29799.8,True,fridge,0.9828828630069043,pc,0.01711331337434864
29820.0,29829.8,True,fridge,0.9828828245169613,pc,0.017113313032586692
29850.0,29859.8,True,fridge,0.9828828357063248,pc,0.017113313167472756
29880.0,29889.8,True,fridge,0.9828854449305473,pc,0.017113358597578586
29910.0,29919.8,True,fridge,0.9828828375320731,pc,0.01711331312997187
29940.0,29949.8,True,fridge,0.9807186622873268,pc,0.019276880171216343
29970.0,29979.8,True,pv,0.9999999288507431,baseload,1.9816126053281715e-08
30000.0,30009.8,True,pv,0.9999999289371918,baseload,1.98435460773788e-08
30030.0,30039.8,True,pv,0.9999999288508268,baseload,1.9816126107003436e-08
30060.0,30069.8,True,pv,0.9999999288508272,baseload,1.9816126013497864e-08
30090.0,30099.8,True,pv,0.9999999288507322,baseload,1.9816135824758228e-08
30120.0,30129.8,True,pv,0.999999928850732,baseload,1.9816135887534705e-08
30150.0,30159.8,True,pv,0.9999999288507317,baseload,1.98161358875347e-08
30180.0,30189.8,True,pv,0.9999999289371783,baseload,1.9843555911614868e-08
30210.0,30219.8,True,baseload,0.21871611978517314,pv,0.21315271325394317
30240.0,30249.8,True,pv,0.999999928850817,baseload,1.981613570796878e-08
30270.0,30279.8,True,pv,0.9999999288508168,baseload,1.9816135708697356e-08
30300.0,30309.8,True,pv,0.9999999288508168,baseload,1.9816135873457722e-08
30330.0,30339.8,True,pv,0.9999999288507317,baseload,1.9816135916014953e-08
30360.0,30369.8,True,pv,0.9999999288508168,baseload,1.981613570844152e-08
30390.0,30399.8,True,pv,0.9999999288507317,baseload,1.9816135848221907e-08
30420.0,30429.8,True,pv,0.9999999293688392,baseload,1.9298028727400033e-08
30450.0,30459.8,True,pv,0.9999999293688392,baseload,1.9298028727361844e-08
30480.0,30489.8,True,pv,0.9999999293689238,baseload,1.9298028840180184e-08
30510.0,30519.8,True,pv,0.999999929368839,baseload,1.9298028888369082e-08
30540.0,30549.8,True,pv,0.9999999292752576,baseload,1.929802888625764e-08
30570.0,30579.8,True,pv,0.9999999293688392,baseload,1.9298028727400033e-08
30600.0,30609.8,True,pv,0.9999999292752576,baseload,1.9298028881959316e-08
30630.0,30639.8,True,pv,0.9999999292752578,baseload,1.9298028725095455e-08
30660.0,30669.8,True,pv,0.9999999292752576,baseload,1.9298028902606823e-08
30690.0,30699.8,True,pv,0.21274252627435522,baseload,0.21178383557946567
30720.0,30729.8,True,pv,0.9999999293688385,baseload,1.9298029009384028e-08
30750.0,30759.8,True,pv,0.9999999293689233,baseload,1.9298028952721683e-08
30780.0,30789.8,True,pv,0.9999999293688385,baseload,1.929802892768529e-08
30810.0,30819.8,True,pv,0.999999929368839,baseload,1.9298028974849078e-08
30840.0,30849.8,True,pv,0.9999999293689233,baseload,1.9298028978820902e-08
30870.0,30879.8,True,pv,0.21419440915185972,baseload,0.2140385699343329
30900.0,30909.8,True,pv,0.9999999293689233,baseload,1.9298028952970833e-08
30930.0,30939.8,True,pv,0.9999999293689236,baseload,1.9298028791597682e-08
30960.0,30969.8,True,pv,0.9999999293689236,baseload,1.929802879184683e-08
30990.0,30999.8,True,pv,0.9999999292752576,baseload,1.9298028912168802e-08
31020.0,31029.8,True,pv,0.9999999293688394,baseload,1.9298028974887208e-08
31050.0,31059.8,True,pv,0.9999999294346319,baseload,1.9341137750331753e-08
31080.0,31089.8,True,pv,0.9999999293688392,baseload,1.9298028914473314e-08
31110.0,31119.8,True,pv,0.9999999293689236,baseload,1.929802894825059e-08
31140.0,31149.8,True,pv,0.9999999293688387,baseload,1.929802900934591e-08
31170.0,31179.8,True,pv,0.9999999295700984,baseload,1.930540287439545e-08
31200.0,31209.8,True,pv,0.9999999294636656,baseload,1.929802884131098e-08
31230.0,31239.8,True,pv,0.9999999295700984,baseload,1.9305402857162524e-08
31260.0,31269.8,True,pv,0.9999999293558556,baseload,1.9298028790918984e-08
31290.0,31299.8,True,pv,0.21441973582995635,baseload,0.21426373268057883
31320.0,31329.8,True,pv,0.999999929463581,baseload,1.929802903500755e-08
31350.0,31359.8,True,pv,0.9999999294636651,baseload,1.9298029039401628e-08
31380.0,31389.8,True,pv,0.9999999294635801,baseload,1.9298029069542558e-08
31410.0,31419.8,True,pv,0.9999999294636649,baseload,1.9298029035047356e-08
31440.0,31449.8,True,pv,0.9999999293699992,baseload,1.9298029032779342e-08
31470.0,31479.8,True,pv,0.9999999293559413,baseload,1.929802869522421e-08
31500.0,31509.8,True,pv,0.9999999294635799,baseload,1.9298029096142605e-08
31530.0,31539.8,True,pv,0.9999999294635818,baseload,1.9298028593608833e-08
31560.0,31569.8,True,pv,0.9999999287210382,baseload,1.9298028775712893e-08
31590.0,31599.8,True,pv,0.9999999294635799,baseload,1.9298029096180725e-08
31620.0,31629.8,True,pv,0.9999999294635805,baseload,1.9298029035045728e-08
31650.0,31659.8,True,pv,0.9999999294635803,baseload,1.929802897487673e-08
31680.0,31689.8,True,pv,0.9999999294636662,baseload,1.9298028672395927e-08
31710.0,31719.8,True,pv,0.9999999294635863,baseload,1.9298027744723094e-08
31740.0,31749.8,True,pv,0.9999999295700978,baseload,1.930540295488534e-08
31770.0,31779.8,True,pv,0.9999999286133132,baseload,1.9298028637763264e-08
31800.0,31809.8,True,pv,0.9999999294636662,baseload,1.92980286369557e-08
31830.0,31839.8,True,pv,0.9999999293699992,baseload,1.9298028994494406e-08
31860.0,31869.8,True,pv,0.21419680136518737,baseload,0.21404095697933656
31890.0,31899.8,True,pv,0.9999999294623704,baseload,1.9305402812913026e-08
31920.0,31929.8,True,pv,0.21419680137450164,baseload,0.21404095698189377
31950.0,31959.8,True,pv,0.9999999294635799,baseload,1.9298029096180725e-08
31980.0,31989.8,True,pv,0.9999999294635801,baseload,1.9298029010466413e-08
32010.0,32019.8,True,pv,0.9999999293558549,baseload,1.9298028892624854e-08
32040.0,32049.8,True,pv,0.2141968013704956,baseload,0.21404095697789063
32070.0,32079.8,True,pv,0.9999999294635803,baseload,1.929802908395457e-08
32100.0,32109.8,True,pv,0.9999999295507652,baseload,1.9324732252153145e-08
32130.0,32139.8,True,pv,0.9999999294635807,baseload,1.929802887515321e-08
32160.0,32169.8,True,pv,0.9999999293559408,baseload,1.9298028872864667e-08
32190.0,32199.8,True,pv,0.9999999294635799,baseload,1.9298029151921955e-08
32220.0,32229.8,True,pv,0.9999999293558551,baseload,1.9298028894464606e-08
32250.0,32259.8,True,pv,0.9999999293699992,baseload,1.9298028894238988e-08
32280.0,32289.8,True,pc,0.9999174195304323,pv,2.1720136028503103e-05
32310.0,32319.8,True,fridge,0.9828828374508001,pc,0.017113313197846418
32340.0,32349.8,True,pc,0.9999174194358934,pv,2.1720136026449533e-05
32370.0,32379.8,True,pc,0.9999175450643623,pv,2.172075030975313e-05
32400.0,32409.8,True,synchronous,0.4243839117583506,fridge,0.34859266198201905
32430.0,32439.8,True,synchronous,0.4261380405977436,fridge,0.3506110327665785
32460.0,32469.8,True,synchronous,0.4261380405977436,fridge,0.3506110327665785
32490.0,32499.8,True,synchronous,0.42632836697162874,fridge,0.3507676264525517
32520.0,32529.8,True,synchronous,0.4263283669560688,fridge,0.35076762643974957
32550.0,32559.8,True,synchronous,0.42632836646259226,fridge,0.35076762603373485
32580.0,32589.8,True,synchronous,0.4263280037416756,fridge,0.35076784910397885
32610.0,32619.8,True,synchronous,0.4263283667550577,fridge,0.35076762627436486
32640.0,32649.8,True,synchronous,0.4261380405977436,fridge,0.3506110327665785
32670.0,32679.8,True,synchronous,0.42528740149948435,fridge,0.34991115755165064
32700.0,32709.8,True,synchronous,0.4261380343640537,fridge,0.35061102763772295
32730.0,32739.8,True,synchronous,0.4263283669560688,fridge,0.35076762643974957
32760.0,32769.8,True,synchronous,0.42528739895925494,fridge,0.34991115546164137
32790.0,32799.8,True,synchronous,0.42632850205322625,fridge,0.3507677375928253
32820.0,32829.8,True,synchronous,0.426328501314371,fridge,0.3507677369849218
32850.0,32859.8,True,synchronous,0.4261380405977436,fridge,0.3506110327665785
32880.0,32889.8,True,synchronous,0.4263283669560688,fridge,0.35076762643974957
32910.0,32919.8,True,synchronous,0.42632836697162874,fridge,0.3507676264525517
32940.0,32949.8,True,synchronous,0.42632836609272734,fridge,0.3507676257294233
32970.0,32979.8,True,synchronous,0.4263283669560688,fridge,0.35076762643974957
33000.0,33009.8,True,synchronous,0.42632836697162874,fridge,0.3507676264525517
33030.0,33039.8,True,synchronous,0.42632836697162874,fridge,0.3507676264525517
33060.0,33069.8,True,synchronous,0.424050517723347,fridge,0.35198433608412716
33090.0,33099.8,True,synchronous,0.9999970450914841,fridge,1.0472841419379834e-06
33120.0,33129.8,True,synchronous,0.9999970450914708,fridge,1.0472841419379694e-06
33150.0,33159.8,True,synchronous,0.999996998199266,fridge,1.0623709819294874e-06
33180.0,33189.8,True,synchronous,0.9999970701113425,fridge,1.0472841681409616e-06
33210.0,33219.8,True,synchronous,0.9999970701113432,fridge,1.0472841681409625e-06
33240.0,33249.8,True,synchronous,0.9999970450914835,fridge,1.0472841419379826e-06
33270.0,33279.8,True,synchronous,0.9999970256086784,fridge,1.0472841215338895e-06
33300.0,33309.8,True,synchronous,0.9999970450996605,fridge,1.0472841419465463e-06
33330.0,33339.8,True,synchronous,0.9999970413140047,fridge,1.0472841379818773e-06
33360.0,33369.8,True,synchronous,0.9999970450914839,fridge,1.047284141937983e-06
33390.0,33399.8,True,synchronous,0.9999970450649627,fridge,1.0472841419102077e-06
33420.0,33429.8,True,synchronous,0.9999970450996609,fridge,1.0472841419465467e-06
33450.0,33459.8,True,synchronous,0.9999970493804324,fridge,1.0472844552053544e-06
33480.0,33489.8,True,synchronous,0.9999970663241109,fridge,1.0472841641746424e-06
33510.0,33519.8,True,synchronous,0.9999970701083416,fridge,1.047284168137819e-06
33540.0,33549.8,True,synchronous,0.9999947038619191,fridge,1.8798030068025255e-06
33570.0,33579.8,True,synchronous,0.9999957142013913,pc,1.225019518358785e-06
33600.0,33609.8,True,synchronous,0.99999474106504,fridge,1.8798030767374344e-06
33630.0,33639.8,True,synchronous,0.9999970663241111,fridge,1.0472841641746426e-06
33660.0,33669.8,True,synchronous,0.9999970506555186,fridge,1.0472844565407362e-06
33690.0,33699.8,True,synchronous,0.9999960131597699,fridge,9.063253344116163e-07
33720.0,33729.8,True,synchronous,0.9999960131596409,fridge,9.06325327791204e-07
33750.0,33759.8,True,synchronous,0.9999957142006055,pc,1.2250195183578223e-06
33780.0,33789.8,True,synchronous,0.9999957074089578,pc,1.2250195100378858e-06
33810.0,33819.8,True,synchronous,0.999994741065565,fridge,1.879803076738421e-06
33840.0,33849.8,True,synchronous,0.9999956769982539,pc,1.2250191960984213e-06
33870.0,33879.8,True,synchronous,0.9999947061310982,fridge,1.879803001060559e-06
33900.0,33909.8,True,synchronous,0.9999956792672711,pc,1.2250194755636224e-06
33930.0,33939.8,True,synchronous,0.999996013159988,fridge,9.06325334411814e-07
33960.0,33969.8,True,synchronous,0.9999956769970371,pc,1.2250194727825295e-06
33990.0,33999.8,True,synchronous,0.9999947061305215,fridge,1.8798030110670736e-06
34020.0,34029.8,True,synchronous,0.9999970701083312,fridge,1.0472841681378079e-06
34050.0,34059.8,True,synchronous,0.9999970493803552,fridge,1.0472844552052735e-06
34080.0,34089.8,True,synchronous,0.9999970236806381,fridge,1.062371009000239e-06
34110.0,34119.8,True,synchronous,0.9999970506564332,fridge,1.047284456541694e-06
34140.0,34149.8,True,synchronous,0.9999956792678735,pc,1.2250186751606582e-06
34170.0,34179.8,True,synchronous,0.9999957142029648,pc,1.2250187179569826e-06
34200.0,34209.8,True,synchronous,0.9999956769979819,pc,1.2250186723799867e-06
34230.0,34239.8,True,synchronous,0.9999956792704398,pc,1.225017550461299e-06
34260.0,34269.8,True,synchronous,0.999996048095045,fridge,9.063253594541719e-07
34290.0,34299.8,True,synchronous,0.9999960480803145,fridge,9.063253594408211e-07
34320.0,34329.8,True,synchronous,0.9999957141867385,pc,1.2250187179371049e-06
34350.0,34359.8,True,synchronous,0.9999947038634168,fridge,1.8798030068053408e-06
34380.0,34389.8,True,synchronous,0.9999960131604356,fridge,9.063253344122197e-07
34410.0,34419.8,True,synchronous,0.9999970701092478,fridge,1.0472841784760765e-06
34440.0,34449.8,True,synchronous,0.9999970256364722,fridge,1.0472841215629976e-06
34470.0,34479.8,True,synchronous,0.5455948244420367,fridge,0.16239563320769076
34500.0,34509.8,True,synchronous,0.4261376770412443,fridge,0.35061125491651884
34530.0,34539.8,True,synchronous,0.42632813782300844,fridge,0.3507679592868035
34560.0,34569.8,True,synchronous,0.42528962102459494,fridge,0.3499135039307309
34590.0,34599.8,True,synchronous,0.4261376771351049,fridge,0.35061125485917316
34620.0,34629.8,True,synchronous,0.4263281385484773,fridge,0.350767959883694
34650.0,34659.8,True,synchronous,0.426328003357478,fridge,0.35076784878787437
34680.0,34689.8,True,synchronous,0.4263281371730498,fridge,0.3507679588866713
34710.0,34719.8,True,synchronous,0.42632801155306077,fridge,0.3507678555309147
34740.0,34749.8,True,synchronous,0.42632800345134936,fridge,0.3507678487304774
34770.0,34779.8,True,synchronous,0.42632801156862066,fridge,0.35076785554371687
34800.0,34809.8,True,fridge,0.22764303881508904,pv,0.18350569057364063
34830.0,34839.8,True,fridge,0.22764303856019785,pv,0.18350569021749832
34860.0,34869.8,True,fridge,0.22764303877195535,pv,0.1835056903881985
34890.0,34899.8,True,fridge,0.2276430386033315,pv,0.18350569040294043
34920.0,34929.8,True,fridge,0.22764303881508904,pv,0.18350569057364063
34950.0,34959.8,True,fridge,0.2276432933137265,pv,0.18350589557726865
34980.0,34989.8,True,fridge,0.22764329340242956,pv,0.1835058956487732
35010.0,35019.8,True,fridge,0.22764303443438502,pv,0.18350568433719175
35040.0,35049.8,True,synchronous,0.9999920699992667,fridge,2.043406349516715e-06
35070.0,35079.8,True,synchronous,0.9999919644422904,fridge,2.043406039982792e-06
35100.0,35109.8,True,synchronous,0.9999920426826714,fridge,2.0434061998609437e-06
35130.0,35139.8,True,synchronous,0.9999920274771215,fridge,2.0434061687895814e-06
35160.0,35169.8,True,synchronous,0.9999919593196721,fridge,2.043406029515119e-06
35190.0,35199.8,True,synchronous,0.9999920274771215,fridge,2.0434061687895814e-06
35220.0,35229.8,True,synchronous,0.9999920427143938,fridge,2.043406199925766e-06
35250.0,35259.8,True,synchronous,0.9999919864297785,fridge,2.0630712075053878e-06
35280.0,35289.8,True,synchronous,0.9999920699373468,fridge,2.0434063493901864e-06
35310.0,35319.8,True,synchronous,0.9999920274771215,fridge,2.0434061687895814e-06
35340.0,35349.8,True,synchronous,0.9999920426826714,fridge,2.0434061998609437e-06
35370.0,35379.8,True,synchronous,0.9999920427143338,fridge,2.0434061999256435e-06
35400.0,35409.8,True,synchronous,0.9999920426827009,fridge,2.0434061998610043e-06
35430.0,35439.8,True,synchronous,0.9999920427142892,fridge,2.0434061999255524e-06
35460.0,35469.8,True,synchronous,0.9999920427142892,fridge,2.0434061999255524e-06
35490.0,35499.8,True,synchronous,0.999992042682595,fridge,2.043406199860788e-06
35520.0,35529.8,True,synchronous,0.9999920699993253,fridge,2.0434063495168348e-06
35550.0,35559.8,True,synchronous,0.9999920699689262,fridge,2.0434063494547163e-06
35580.0,35589.8,True,synchronous,0.9999920699373162,fridge,2.0434063493901237e-06
35610.0,35619.8,True,synchronous,0.9999920427143358,fridge,2.0434061999256477e-06
35640.0,35649.8,True,synchronous,0.9999920699373175,fridge,2.0434063493901263e-06
35670.0,35679.8,True,synchronous,0.9999920699689262,fridge,2.0434063494547163e-06
35700.0,35709.8,True,synchronous,0.99999204268268,fridge,2.0434061998609615e-06
35730.0,35739.8,True,synchronous,0.9999920699372995,fridge,2.0434063493900894e-06
35760.0,35769.8,True,synchronous,0.99999204268268,fridge,2.0434061998609615e-06
35790.0,35799.8,True,synchronous,0.9999919644422904,fridge,2.043406039982792e-06
35820.0,35829.8,True,synchronous,0.9999920426827009,fridge,2.0434061998610043e-06
35850.0,35859.8,True,synchronous,0.9999920426826536,fridge,2.0434061998609073e-06
35880.0,35889.8,True,synchronous,0.9999920427143327,fridge,2.0434061999256413e-06
35910.0,35919.8,True,synchronous,0.9999920699373175,fridge,2.0434063493901263e-06
35940.0,35949.8,True,synchronous,0.9999920699992667,fridge,2.043406349516715e-06
35970.0,35979.8,True,synchronous,0.9999920426826168,fridge,2.0434061998608323e-06
36000.0,36009.8,True,synchronous,0.99999204268268,fridge,2.0434061998609615e-06
36030.0,36039.8,True,synchronous,0.9999920427142892,fridge,2.0434061999255524e-06
36060.0,36069.8,True,synchronous,0.9999920547305264,fridge,2.0434063183162262e-06
36090.0,36099.8,True,synchronous,0.9999919594091204,fridge,2.0630710570199342e-06
36120.0,36129.8,True,synchronous,0.9999919916948711,fridge,2.0434061895077464e-06
36150.0,36159.8,True,synchronous,0.9999920426827009,fridge,2.0434061998610043e-06
36180.0,36189.8,True,synchronous,0.9999920274771215,fridge,2.0434061687895814e-06
36210.0,36219.8,True,synchronous,0.9999920427143352,fridge,2.043406199925646e-06
36240.0,36249.8,True,synchronous,0.9999920427142905,fridge,2.043406199925555e-06
36270.0,36279.8,True,synchronous,0.9999920699992885,fridge,2.0434063495167594e-06
36300.0,36309.8,True,synchronous,0.9999920547305264,fridge,2.0434063183162262e-06
36330.0,36339.8,True,synchronous,0.9999920547305264,fridge,2.0434063183162262e-06
36360.0,36369.8,True,synchronous,0.9999919865730775,fridge,2.043406179041758e-06
36390.0,36399.8,True,synchronous,0.9999920426826028,fridge,2.0434061998608035e-06
36420.0,36429.8,True,synchronous,0.9999920699689697,fridge,2.0434063494548053e-06
36450.0,36459.8,True,synchronous,0.9999919865730775,fridge,2.043406179041758e-06
36480.0,36489.8,True,synchronous,0.9999920699992745,fridge,2.0434063495167306e-06
36510.0,36519.8,True,synchronous,0.9999920427142892,fridge,2.0434061999255524e-06
36540.0,36549.8,True,synchronous,0.9999920699689262,fridge,2.0434063494547163e-06
36570.0,36579.8,True,synchronous,0.9999920547305264,fridge,2.0434063183162262e-06
36600.0,36609.8,True,synchronous,0.9999920547305264,fridge,2.0434063183162262e-06
36630.0,36639.8,True,synchronous,0.9999920426826181,fridge,2.043406199860835e-06
36660.0,36669.8,True,synchronous,0.9999919936500857,fridge,2.0434061935030763e-06
36690.0,36699.8,True,synchronous,0.9999920699993518,fridge,2.0434063495168886e-06
36720.0,36729.8,True,synchronous,0.99999204268268,fridge,2.0434061998609615e-06
36750.0,36759.8,True,synchronous,0.9999920566853896,fridge,2.043406322310838e-06
36780.0,36789.8,True,synchronous,0.9999919865731965,fridge,2.0434061790420013e-06
36810.0,36819.8,True,synchronous,0.9999919916948711,fridge,2.0434061895077464e-06
36840.0,36849.8,True,synchronous,0.9999920274771215,fridge,2.0434061687895814e-06
36870.0,36879.8,True,synchronous,0.9999920567474418,fridge,2.043406322437637e-06
36900.0,36909.8,True,synchronous,0.9999919612745369,fridge,2.0434060335097334e-06
36930.0,36939.8,True,synchronous,0.9999920699992745,fridge,2.0434063495167306e-06
36960.0,36969.8,True,synchronous,0.9999920274771228,fridge,2.0434061687895843e-06
36990.0,36999.8,True,synchronous,0.999996451820328,fridge,9.125395665820854e-07
37020.0,37029.8,True,fridge,0.22764303710154457,pv,0.1835056891923326
37050.0,37059.8,True,fridge,0.22726713105433208,pv,0.18320266697323206
37080.0,37089.8,True,fridge,0.2272671310427749,pv,0.18320266696391568
37110.0,37119.8,True,fridge,0.2272671309980799,pv,0.18320266677746377
37140.0,37149.8,True,fridge,0.2276430364573094,pv,0.18350568867300718
37170.0,37179.8,True,fridge,0.2272671310427749,pv,0.18320266696391568
37200.0,37209.8,True,fridge,0.22764329228372424,pv,0.1835058948976436
37230.0,37239.8,True,fridge,0.22559965980161556,pv,0.18185849908066587
37260.0,37269.8,True,fridge,0.22764303523466017,pv,0.18350568768741543
37290.0,37299.8,True,fridge,0.2256047436579742,pv,0.18184024536739202
37320.0,37329.8,True,fridge,0.22764303880349362,pv,0.18350569056429342
37350.0,37359.8,True,fridge,0.22764303389601798,pv,0.18350568660832048
37380.0,37389.8,True,fridge,0.22670585687863537,pv,0.18275022534632085
37410.0,37419.8,True,fridge,0.2276432933822404,pv,0.18350589578317023
37440.0,37449.8,True,fridge,0.2276432933822404,pv,0.18350589578317023
37470.0,37479.8,True,fridge,0.225604725957731,pv,0.18184019426637146
37500.0,37509.8,True,fridge,0.22764329228372424,pv,0.1835058948976436
37530.0,37539.8,True,fridge,0.22764303859173607,pv,0.1835056903935932
37560.0,37569.8,True,fridge,0.22764329343396789,pv,0.18350589582486834
37590.0,37599.8,True,fridge,0.22559965979022734,pv,0.1818584990714857
37620.0,37629.8,True,fridge,0.22764303859173607,pv,0.1835056903935932
37650.0,37659.8,True,synchronous,0.5949480530625211,fridge,0.26106362288606355
37680.0,37689.8,True,synchronous,0.7326222499593312,fridge,0.11653287733403712
37710.0,37719.8,True,synchronous,0.4144389486952924,fridge,0.2550405687384865
37740.0,37749.8,True,synchronous,0.4145989894346194,fridge,0.25513905581675894
37770.0,37779.8,True,synchronous,0.7326222499593312,fridge,0.11653287733403712
37800.0,37809.8,True,synchronous,0.9999983497599588,pc,5.473392791656802e-07
37830.0,37839.8,True,synchronous,0.9999983782754086,pc,5.364047044657701e-07
37860.0,37869.8,True,synchronous,0.9999983660067874,pc,5.364046978848132e-07
37890.0,37899.8,True,synchronous,0.9999983649537638,pc,5.364046973199655e-07
37920.0,37929.8,True,synchronous,0.9999983765956961,pc,5.364047035647629e-07
37950.0,37959.8,True,synchronous,0.9999983649537638,pc,5.364046973199655e-07
37980.0,37989.8,True,synchronous,0.9999983782719858,pc,5.36404704463934e-07
38010.0,38019.8,True,synchronous,0.9999983765956961,pc,5.364047035647629e-07
38040.0,38049.8,True,synchronous,0.9999983782768517,pc,5.364047044665441e-07
38070.0,38079.8,True,synchronous,0.9999983782768566,pc,5.364047044665468e-07
38100.0,38109.8,True,synchronous,0.999998378275402,pc,5.364047044657665e-07
38130.0,38139.8,True,synchronous,0.9999983782753971,pc,5.364047044657639e-07
38160.0,38169.8,True,synchronous,0.999998378276857,pc,5.36404704466547e-07
38190.0,38199.8,True,synchronous,0.9999983765956961,pc,5.364047035647629e-07
38220.0,38229.8,True,synchronous,0.9999983765971507,pc,5.364047035655432e-07
38250.0,38259.8,True,synchronous,0.9999983782705285,pc,5.364047044631524e-07
38280.0,38289.8,True,synchronous,0.999998378275402,pc,5.364047044657665e-07
38310.0,38319.8,True,synchronous,0.9999983765956961,pc,5.364047035647629e-07
38340.0,38349.8,True,synchronous,0.9999983782705252,pc,5.364047044631506e-07
38370.0,38379.8,True,synchronous,0.999998378275402,pc,5.364047044657665e-07
38400.0,38409.8,True,synchronous,0.999998378270535,pc,5.364047044631558e-07
38430.0,38439.8,True,synchronous,0.9999983782754024,pc,5.364047044657668e-07
38460.0,38469.8,True,synchronous,0.9999983649552187,pc,5.364046973207459e-07
38490.0,38499.8,True,synchronous,0.9999983782719731,pc,5.364047044639272e-07
38520.0,38529.8,True,synchronous,0.9999983765956961,pc,5.364047035647629e-07
38550.0,38559.8,True,synchronous,0.9999983782719776,pc,5.364047044639297e-07
38580.0,38589.8,True,synchronous,0.9999983782705316,pc,5.36404704463154e-07
38610.0,38619.8,True,synchronous,0.9999983782705312,pc,5.364047044631538e-07
38640.0,38649.8,True,synchronous,0.9999983782705312,pc,5.364047044631538e-07
38670.0,38679.8,True,synchronous,0.9999983660068389,pc,5.364046978848408e-07
38700.0,38709.8,True,synchronous,0.9999983782754024,pc,5.364047044657668e-07
38730.0,38739.8,True,synchronous,0.9999983782705312,pc,5.364047044631538e-07
38760.0,38769.8,True,synchronous,0.9999983660069526,pc,5.364046978849018e-07
38790.0,38799.8,True,synchronous,0.9999983782705312,pc,5.364047044631538e-07
38820.0,38829.8,True,synchronous,0.999998378275402,pc,5.364047044657665e-07
38850.0,38859.8,True,synchronous,0.9999983782705185,pc,5.36404704463147e-07
38880.0,38889.8,True,synchronous,0.9999983782754024,pc,5.364047044657668e-07
38910.0,38919.8,True,synchronous,0.9999983649537656,pc,5.364046973199664e-07
38940.0,38949.8,True,synchronous,0.9999983782719831,pc,5.364047044639326e-07
38970.0,38979.8,True,synchronous,0.9999983782719782,pc,5.3640470446393e-07
39000.0,39009.8,True,synchronous,0.9999983782705312,pc,5.364047044631538e-07
39030.0,39039.8,True,synchronous,0.9999983782753971,pc,5.364047044657639e-07
39060.0,39069.8,True,synchronous,0.999998378275402,pc,5.364047044657665e-07
39090.0,39099.8,True,synchronous,0.9999983782719731,pc,5.364047044639272e-07
39120.0,39129.8,True,synchronous,0.9999983649537776,pc,5.364046973199729e-07
39150.0,39159.8,True,synchronous,0.9999983497599588,pc,5.473392791656802e-07
39180.0,39189.8,True,synchronous,0.9999983782705185,pc,5.36404704463147e-07
39210.0,39219.8,True,synchronous,0.9999983649537656,pc,5.364046973199664e-07
39240.0,39249.8,True,synchronous,0.9999983782753971,pc,5.364047044657639e-07
39270.0,39279.8,True,synchronous,0.9999983782768566,pc,5.364047044665468e-07
39300.0,39309.8,True,synchronous,0.999998378275402,pc,5.364047044657665e-07
39330.0,39339.8,True,synchronous,0.9999983782719896,pc,5.364047044639361e-07
39360.0,39369.8,True,synchronous,0.9999983782719858,pc,5.36404704463934e-07
39390.0,39399.8,True,synchronous,0.9999983782705316,pc,5.36404704463154e-07
39420.0,39429.8,True,synchronous,0.9999983782768566,pc,5.364047044665468e-07
39450.0,39459.8,True,synchronous,0.9999983782719862,pc,5.364047044639343e-07
39480.0,39489.8,True,synchronous,0.9999983782705316,pc,5.36404704463154e-07
39510.0,39519.8,True,synchronous,0.9999983649552204,pc,5.364046973207469e-07
39540.0,39549.8,True,synchronous,0.9999983765956961,pc,5.364047035647629e-07
39570.0,39579.8,True,synchronous,0.999998378270535,pc,5.364047044631558e-07
39600.0,39609.8,True,synchronous,0.9999983782768566,pc,5.364047044665468e-07
39630.0,39639.8,True,synchronous,0.999998378275402,pc,5.364047044657665e-07
39660.0,39669.8,True,synchronous,0.9999983782768517,pc,5.364047044665441e-07
39690.0,39699.8,True,synchronous,0.9999983782754086,pc,5.364047044657701e-07
39720.0,39729.8,True,synchronous,0.9999983782719858,pc,5.36404704463934e-07
39750.0,39759.8,True,synchronous,0.999998378275402,pc,5.364047044657665e-07
39780.0,39789.8,True,synchronous,0.9999983649538053,pc,5.364046973199878e-07
39810.0,39819.8,True,synchronous,0.4145989883321804,fridge,0.2551390551383317
39840.0,39849.8,True,synchronous,0.7316023601082124,fridge,0.11637065089480292
39870.0,39879.8,True,synchronous,0.4145988374926675,fridge,0.25513896231357364
39900.0,39909.8,True,synchronous,0.4145989883321804,fridge,0.2551390551383317
39930.0,39939.8,True,synchronous,0.7326223712111143,fridge,0.1165328966206738
39960.0,39969.8,True,synchronous,0.4118575426907357,fridge,0.25569693532307125
39990.0,39999.8,True,synchronous,0.7326222494695875,fridge,0.11653287725613717
40020.0,40029.8,True,synchronous,0.4145989888007497,fridge,0.2551390554266834
40050.0,40059.8,True,synchronous,0.7326222502144596,fridge,0.11653287737461852
40080.0,40089.8,True,synchronous,0.4144389486952924,fridge,0.2550405687384865
40110.0,40119.8,True,synchronous,0.7326222499370079,fridge,0.11653287733048631
40140.0,40149.8,True,synchronous,0.7315990593625461,fridge,0.11637012586926639
40170.0,40179.8,True,synchronous,0.7326222502144596,fridge,0.11653287737461852
40200.0,40209.8,True,synchronous,0.4145988380718079,fridge,0.25513896266996944
40230.0,40239.8,True,synchronous,0.732493177261103,fridge,0.11651234668142503
40260.0,40269.8,True,synchronous,0.7316023601082124,fridge,0.11637065089480292
40290.0,40299.8,True,synchronous,0.4144389486952924,fridge,0.2550405687384865
40320.0,40329.8,True,synchronous,0.7326223712111143,fridge,0.1165328966206738
40350.0,40359.8,True,synchronous,0.4145988380718079,fridge,0.25513896266996944
40380.0,40389.8,True,synchronous,0.4145988380718079,fridge,0.25513896266996944
40410.0,40419.8,True,synchronous,0.732493177261103,fridge,0.11651234668142503
40440.0,40449.8,True,synchronous,0.41459883809946685,fridge,0.2551389626869904
40470.0,40479.8,True,synchronous,0.4145988374926675,fridge,0.25513896231357364
40500.0,40509.8,True,synchronous,0.7326222499593312,fridge,0.11653287733403712
40530.0,40539.8,True,synchronous,0.7326223715892933,fridge,0.11653289668082799
40560.0,40569.8,True,synchronous,0.7326223716155629,fridge,0.11653289668500648
40590.0,40599.8,True,synchronous,0.4145988380718079,fridge,0.25513896266996944
40620.0,40629.8,True,synchronous,0.7326222502144596,fridge,0.11653287737461852
40650.0,40659.8,True,synchronous,0.414598836858259,fridge,0.25513896192316654
40680.0,40689.8,True,synchronous,0.41333319413772246,fridge,0.25436010115179947
40710.0,40719.8,True,synchronous,0.4144389486952924,fridge,0.2550405687384865
40740.0,40749.8,True,synchronous,0.7315990604217685,fridge,0.11637012603774918
40770.0,40779.8,True,synchronous,0.7326222502144596,fridge,0.11653287737461852
40800.0,40809.8,True,synchronous,0.4144389486952924,fridge,0.2550405687384865
40830.0,40839.8,True,synchronous,0.7326222489575608,fridge,0.1165328771746928
40860.0,40869.8,True,synchronous,0.5259220233875167,pc,0.15540721460535725
40890.0,40899.8,True,synchronous,0.999998354774557,pc,5.441767423204244e-07
40920.0,40929.8,True,synchronous,0.9999983547745568,pc,5.441767423204243e-07
40950.0,40959.8,True,synchronous,0.9999983547794931,pc,5.441767423231106e-07
40980.0,40989.8,True,synchronous,0.9999983547794979,pc,5.441767423231132e-07
41010.0,41019.8,True,synchronous,0.9999983547745541,pc,5.441767423204229e-07
41040.0,41049.8,True,synchronous,0.9999983530754547,pc,5.441767413958109e-07
41070.0,41079.8,True,synchronous,0.9999983258509154,pc,5.552697492753177e-07
41100.0,41109.8,True,synchronous,0.999998353073979,pc,5.441767413950079e-07
41130.0,41139.8,True,synchronous,0.9999983258509154,pc,5.552697492753177e-07
41160.0,41169.8,True,synchronous,0.999998353073979,pc,5.441767413950079e-07
41190.0,41199.8,True,synchronous,0.9999983547745437,pc,5.441767423204172e-07
41220.0,41229.8,True,synchronous,0.9999983547745541,pc,5.441767423204229e-07
41250.0,41259.8,True,synchronous,0.999998353073979,pc,5.441767413950079e-07
41280.0,41289.8,True,synchronous,0.9999983412633656,pc,5.441767349679362e-07
41310.0,41319.8,True,synchronous,0.9999983547794931,pc,5.441767423231106e-07
41340.0,41349.8,True,synchronous,0.9999983547730811,pc,5.441767423196214e-07
41370.0,41379.8,True,synchronous,0.9999983547745568,pc,5.441767423204243e-07
41400.0,41409.8,True,synchronous,0.9999983547780171,pc,5.441767423223074e-07
41430.0,41439.8,True,synchronous,0.9999983547745603,pc,5.441767423204262e-07
41460.0,41469.8,True,synchronous,0.999998353073979,pc,5.441767413950079e-07
41490.0,41499.8,True,synchronous,0.9999983547730731,pc,5.441767423196169e-07
41520.0,41529.8,True,synchronous,0.9999983547794931,pc,5.441767423231106e-07
41550.0,41559.8,True,synchronous,0.9999983547794979,pc,5.441767423231132e-07
41580.0,41589.8,True,synchronous,0.9999983547745437,pc,5.441767423204172e-07
41610.0,41619.8,True,synchronous,0.9999983412634078,pc,5.441767349679592e-07
41640.0,41649.8,True,synchronous,0.9999983412633656,pc,5.441767349679362e-07
41670.0,41679.8,True,synchronous,0.999998353073979,pc,5.441767413950079e-07
41700.0,41709.8,True,synchronous,0.9999983547794984,pc,5.441767423231135e-07
41730.0,41739.8,True,synchronous,0.9999983412633656,pc,5.441767349679362e-07
41760.0,41769.8,True,synchronous,0.9999983412634078,pc,5.441767349679592e-07
41790.0,41799.8,True,synchronous,0.9999983547745568,pc,5.441767423204243e-07
41820.0,41829.8,True,synchronous,0.999998353073979,pc,5.441767413950079e-07
41850.0,41859.8,True,synchronous,0.9999983547745603,pc,5.441767423204262e-07
41880.0,41889.8,True,synchronous,0.9999983547794931,pc,5.441767423231106e-07
41910.0,41919.8,True,synchronous,0.9999983547745486,pc,5.441767423204199e-07
41940.0,41949.8,True,synchronous,0.9999983547780225,pc,5.441767423223103e-07
41970.0,41979.8,True,synchronous,0.9999983547730731,pc,5.441767423196169e-07
42000.0,42009.8,True,synchronous,0.9999983547794979,pc,5.441767423231132e-07
42030.0,42039.8,True,synchronous,0.9999983547794979,pc,5.441767423231132e-07
42060.0,42069.8,True,synchronous,0.9999983530754547,pc,5.441767413958109e-07
42090.0,42099.8,True,synchronous,0.9999983547780222,pc,5.441767423223102e-07
42120.0,42129.8,True,synchronous,0.9999983547730846,pc,5.441767423196233e-07
42150.0,42159.8,True,synchronous,0.9999983547745568,pc,5.441767423204243e-07
42180.0,42189.8,True,synchronous,0.9999983547745486,pc,5.441767423204199e-07
42210.0,42219.8,True,synchronous,0.9999983412633656,pc,5.441767349679362e-07
42240.0,42249.8,True,synchronous,0.9999983547745568,pc,5.441767423204243e-07
42270.0,42279.8,True,synchronous,0.999998354774557,pc,5.441767423204244e-07
42300.0,42309.8,True,synchronous,0.9999983547745568,pc,5.441767423204243e-07
42330.0,42339.8,True,synchronous,0.9999983412648432,pc,5.441767349687404e-07
42360.0,42369.8,True,synchronous,0.9999983547745437,pc,5.441767423204172e-07
42390.0,42399.8,True,synchronous,0.9999983547745568,pc,5.441767423204243e-07
42420.0,42429.8,True,synchronous,0.9999983547730809,pc,5.441767423196211e-07
42450.0,42459.8,True,synchronous,0.9999983547730809,pc,5.441767423196211e-07
42480.0,42489.8,True,synchronous,0.9999983530754547,pc,5.441767413958109e-07
42510.0,42519.8,True,synchronous,0.9999983530754547,pc,5.441767413958109e-07
42540.0,42549.8,True,synchronous,0.9999983547780171,pc,5.441767423223074e-07
42570.0,42579.8,True,synchronous,0.999998354774549,pc,5.441767423204201e-07
42600.0,42609.8,True,synchronous,0.999998354774557,pc,5.441767423204244e-07
42630.0,42639.8,True,synchronous,0.9999983547794984,pc,5.441767423231135e-07
42660.0,42669.8,True,synchronous,0.9946846818608776,pv,0.001432882769167066
42690.0,42699.8,True,synchronous,0.9946847006831172,pv,0.0014328827962812494
42720.0,42729.8,True,synchronous,0.9935824172470668,pv,0.0017300269803064464
42750.0,42759.8,True,synchronous,0.9935741831586089,pv,0.0017300126421204124
42780.0,42789.8,True,synchronous,0.9935824172470668,pv,0.0017300269803064464
42810.0,42819.8,True,synchronous,0.9935169782789206,pv,0.0017299130369105254
42840.0,42849.8,True,synchronous,0.9935824399203952,pv,0.0017300270188046253
42870.0,42879.8,True,synchronous,0.9946847006630543,pv,0.001432882796252348
42900.0,42909.8,True,synchronous,0.9946778544839135,pv,0.0014328729332473194
42930.0,42939.8,True,synchronous,0.9946847006630543,pv,0.001432882796252348
42960.0,42969.8,True,synchronous,0.9935169782789206,pv,0.0017299130369105254
42990.0,42999.8,True,synchronous,0.9946847006630543,pv,0.001432882796252348
43020.0,43029.8,True,synchronous,0.9935221933286623,pv,0.0017246736861393321
43050.0,43059.8,True,synchronous,0.9946846817999008,pv,0.0014328827690792264
43080.0,43089.8,True,synchronous,0.9946847006630543,pv,0.001432882796252348
43110.0,43119.8,True,synchronous,0.9946846818247407,pv,0.0014328827691150094
43140.0,43149.8,True,synchronous,0.9946846818857226,pv,0.0014328827692028563
43170.0,43179.8,True,synchronous,0.9946778544839135,pv,0.0014328729332473194
43200.0,43209.8,True,synchronous,0.9946846818489609,pv,0.0014328827691498997
43230.0,43239.8,True,synchronous,0.9935169784765949,pv,0.0017299130372547163
43260.0,43269.8,True,synchronous,0.9935824399174228,pv,0.0017300270197800995
43290.0,43299.8,True,synchronous,0.9935741831586089,pv,0.0017300126421204124
43320.0,43329.8,True,synchronous,0.9946847006831172,pv,0.0014328827962812494
43350.0,43359.8,True,synchronous,0.9946846818380027,pv,0.001432882769134114
43380.0,43389.8,True,synchronous,0.9946847006831172,pv,0.0014328827962812494
43410.0,43419.8,True,synchronous,0.9935741831586089,pv,0.0017300126421204124
43440.0,43449.8,True,synchronous,0.9946846818719304,pv,0.001432882769182988
43470.0,43479.8,True,synchronous,0.9946847006831172,pv,0.0014328827962812494
43500.0,43509.8,True,synchronous,0.9946847007115768,pv,0.0014328827955100302
43530.0,43539.8,True,pv,0.22677612104514863,baseload,0.1770086543790291
43560.0,43569.8,True,pv,0.22849165345223374,baseload,0.17622722193682452
43590.0,43599.8,True,pv,0.22481288613764422,baseload,0.17547625932404715
43620.0,43629.8,True,pv,0.22849142407702566,baseload,0.17622704549073825
43650.0,43659.8,True,pv,0.22889947294251792,baseload,0.17635225985718225
43680.0,43689.8,True,pv,0.22849142631166253,baseload,0.17622704665595418
43710.0,43719.8,True,pv,0.2288994729333029,baseload,0.17635225985008265
43740.0,43749.8,True,pv,0.2267758961891015,baseload,0.17700847886907614
43770.0,43779.8,True,pv,0.22824134835248144,baseload,0.1760341699311407
43800.0,43809.8,True,pv,0.2265005382977327,baseload,0.17471295543498344
43830.0,43839.8,True,pv,0.22481288036168492,baseload,0.17547625721406168
43860.0,43869.8,True,pv,0.22849142407702566,baseload,0.17622704549073825
43890.0,43899.8,True,pv,0.22849165180557993,baseload,0.1762272205711323
43920.0,43929.8,True,pv,0.22849142631166253,baseload,0.17622704665595418
43950.0,43959.8,True,pv,0.22849142580685883,baseload,0.17622704626661762
43980.0,43989.8,True,pv,0.22849142316589716,baseload,0.1762270447880183
44010.0,44019.8,True,pv,0.22849142616515827,baseload,0.17622704566838313
44040.0,44049.8,True,pv,0.22677612104514863,baseload,0.1770086543790291
44070.0,44079.8,True,pv,0.2288994729333029,baseload,0.17635225985008265
44100.0,44109.8,True,pv,0.2265220248384704,baseload,0.17470811745222653
44130.0,44139.8,True,pv,0.22849142540114464,baseload,0.17622704595370517
44160.0,44169.8,True,pv,0.22677612177713113,baseload,0.1770086549461506
44190.0,44199.8,True,synchronous,0.9946847006855817,pv,0.0014328827954725833
44220.0,44229.8,True,synchronous,0.9935741831586089,pv,0.0017300126421204124
44250.0,44259.8,True,synchronous,0.9935169784765949,pv,0.0017299130372547163
44280.0,44289.8,True,synchronous,0.9946778544839135,pv,0.0014328729332473194
44310.0,44319.8,True,synchronous,0.9935741831586089,pv,0.0017300126421204124
44340.0,44349.8,True,synchronous,0.9935741831586089,pv,0.0017300126421204124
44370.0,44379.8,True,synchronous,0.9946304217754576,pv,0.0014328046045479412
44400.0,44409.8,True,synchronous,0.9946847006831172,pv,0.0014328827962812494
44430.0,44439.8,True,synchronous,0.9946846818380027,pv,0.001432882769134114
44460.0,44469.8,True,synchronous,0.9946847006855817,pv,0.0014328827954725833
44490.0,44499.8,True,synchronous,0.9946846818608776,pv,0.001432882769167066
44520.0,44529.8,True,synchronous,0.9935741831586089,pv,0.0017300126421204124
44550.0,44559.8,True,synchronous,0.9946778544839135,pv,0.0014328729332473194
44580.0,44589.8,True,synchronous,0.9935824399174228,pv,0.0017300270197800995
44610.0,44619.8,True,synchronous,0.9946846817999008,pv,0.0014328827690792264
44640.0,44649.8,True,synchronous,0.9946778544839135,pv,0.0014328729332473194
44670.0,44679.8,True,synchronous,0.9935824172470668,pv,0.0017300269803064464
44700.0,44709.8,True,synchronous,0.9946846817999008,pv,0.0014328827690792264
44730.0,44739.8,True,synchronous,0.9946846818247407,pv,0.0014328827691150094
44760.0,44769.8,True,synchronous,0.9946847006630543,pv,0.001432882796252348
44790.0,44799.8,True,synchronous,0.9935169782789206,pv,0.0017299130369105254
44820.0,44829.8,True,synchronous,0.9946847006630543,pv,0.001432882796252348
44850.0,44859.8,True,synchronous,0.9946778544839135,pv,0.0014328729332473194
44880.0,44889.8,True,synchronous,0.9946342600170854,pv,0.0014481467814409128
44910.0,44919.8,True,synchronous,0.9946846818247407,pv,0.0014328827691150094
44940.0,44949.8,True,synchronous,0.9946847006630543,pv,0.001432882796252348
44970.0,44979.8,True,synchronous,0.9946846818380027,pv,0.001432882769134114
45000.0,45009.8,True,synchronous,0.9946847006630543,pv,0.001432882796252348
45030.0,45039.8,True,synchronous,0.9935221930716464,pv,0.0017246736856931734
45060.0,45069.8,True,synchronous,0.9935221930716464,pv,0.0017246736856931734
45090.0,45099.8,True,synchronous,0.9946847006855817,pv,0.0014328827954725833
45120.0,45129.8,True,synchronous,0.9946342600170854,pv,0.0014481467814409128
45150.0,45159.8,True,synchronous,0.9946778544839135,pv,0.0014328729332473194
45180.0,45189.8,True,synchronous,0.9946847006831172,pv,0.0014328827962812494
45210.0,45219.8,True,synchronous,0.9946846818719304,pv,0.001432882769182988
45240.0,45249.8,True,synchronous,0.9946846818608776,pv,0.001432882769167066
45270.0,45279.8,True,synchronous,0.9935741831586089,pv,0.0017300126421204124
45300.0,45309.8,True,synchronous,0.9946847006855817,pv,0.0014328827954725833
45330.0,45339.8,True,synchronous,0.9996476191670429,fridge,0.00012553034440942565
45360.0,45369.8,True,synchronous,0.999997130682537,fridge,1.0254651430417361e-06
45390.0,45399.8,True,synchronous,0.9999971509899772,fridge,1.0254651638663679e-06
45420.0,45429.8,True,synchronous,0.9999971509899523,fridge,1.0254651638663425e-06
45450.0,45459.8,True,synchronous,0.9999971472804273,fridge,1.025465160062343e-06
45480.0,45489.8,True,synchronous,0.9999971509836737,fridge,1.0254651638599037e-06
45510.0,45519.8,True,synchronous,0.42491295968227827,fridge,0.34960359994851065
45540.0,45549.8,True,synchronous,0.42235042217259783,fridge,0.35057314552310387
45570.0,45579.8,True,synchronous,0.4240323954117437,fridge,0.3488791023026984
45600.0,45609.8,True,synchronous,0.4247236565846887,fridge,0.3494478479459165
45630.0,45639.8,True,synchronous,0.42491296781846716,fridge,0.3496036066426838
45660.0,45669.8,True,synchronous,0.42403239288554145,fridge,0.3488791002242271
45690.0,45699.8,True,synchronous,0.4249130931580982,fridge,0.3496037097677715
45720.0,45729.8,True,synchronous,0.42491296781846716,fridge,0.3496036066426838
45750.0,45759.8,True,synchronous,0.4240323915320995,fridge,0.34887909911066217
45780.0,45789.8,True,synchronous,0.42491310202230664,fridge,0.34960371706093385
45810.0,45819.8,True,synchronous,0.4240324011904846,fridge,0.3488791070572454
45840.0,45849.8,True,synchronous,0.4249129600489335,fridge,0.34960360025018183
45870.0,45879.8,True,synchronous,0.4240345239986207,fridge,0.3488808536299245
45900.0,45909.8,True,synchronous,0.42491513544059817,fridge,0.3496053900867588
45930.0,45939.8,True,synchronous,0.4249130925960217,fridge,0.34960370930531454
45960.0,45969.8,True,synchronous,0.4249129596668216,fridge,0.34960359993579343
45990.0,45999.8,True,synchronous,0.4240350032267139,fridge,0.3488812479221266
46020.0,46029.8,True,synchronous,0.4247236565846887,fridge,0.3494478479459165
46050.0,46059.8,True,synchronous,0.424913100747672,fridge,0.3496037160122088
46080.0,46089.8,True,synchronous,0.42491296732801015,fridge,0.3496036062391529
46110.0,46119.8,True,synchronous,0.4240349818019674,fridge,0.3488812302945906
46140.0,46149.8,True,synchronous,0.42472366492209834,fridge,0.3494478548056471
46170.0,46179.8,True,synchronous,0.999997150989963,fridge,1.0254651638663533e-06
46200.0,46209.8,True,synchronous,0.9999971472804273,fridge,1.025465160062343e-06
46230.0,46239.8,True,synchronous,0.9999971306824906,fridge,1.0254651430416885e-06
46260.0,46269.8,True,synchronous,0.9999971472804273,fridge,1.025465160062343e-06
46290.0,46299.8,True,synchronous,0.999997150983681,fridge,1.0254651638599114e-06
46320.0,46329.8,True,synchronous,0.9999971025542128,fridge,1.0413653264663474e-06
46350.0,46359.8,True,synchronous,0.9999971509899628,fridge,1.025465163866353e-06
46380.0,46389.8,True,synchronous,0.9999971509899772,fridge,1.0254651638663679e-06
46410.0,46419.8,True,synchronous,0.999997150989963,fridge,1.0254651638663533e-06
46440.0,46449.8,True,synchronous,0.9999970844240466,fridge,1.0254650956051304e-06
46470.0,46479.8,True,synchronous,0.9999971472804273,fridge,1.025465160062343e-06
46500.0,46509.8,True,synchronous,0.999997150989963,fridge,1.0254651638663533e-06
46530.0,46539.8,True,synchronous,0.9999970844240466,fridge,1.0254650956051304e-06
46560.0,46569.8,True,synchronous,0.9999971509836653,fridge,1.025465163859895e-06
46590.0,46599.8,True,synchronous,0.9999971509899628,fridge,1.025465163866353e-06
46620.0,46629.8,True,synchronous,0.9999971509836737,fridge,1.0254651638599037e-06
46650.0,46659.8,True,synchronous,0.9999971509899628,fridge,1.025465163866353e-06
46680.0,46689.8,True,synchronous,0.9999971509899628,fridge,1.025465163866353e-06
46710.0,46719.8,True,synchronous,0.9999971509686917,fridge,1.0254651638445402e-06
46740.0,46749.8,True,synchronous,0.9999971306824618,fridge,1.025465143041659e-06
46770.0,46779.8,True,synchronous,0.9999971509899521,fridge,1.0254651638663422e-06
46800.0,46809.8,True,synchronous,0.9999971509899632,fridge,1.0254651638663537e-06
46830.0,46839.8,True,synchronous,0.9999971509836619,fridge,1.0254651638598917e-06
46860.0,46869.8,True,synchronous,0.9999971509836739,fridge,1.025465163859904e-06
46890.0,46899.8,True,synchronous,0.9999971509836597,fridge,1.0254651638598895e-06
46920.0,46929.8,True,synchronous,0.9999971509836737,fridge,1.0254651638599037e-06
46950.0,46959.8,True,synchronous,0.9999971509899628,fridge,1.025465163866353e-06
46980.0,46989.8,True,synchronous,0.9999971509899628,fridge,1.025465163866353e-06
47010.0,47019.8,True,synchronous,0.9999971509686915,fridge,1.02546516384454e-06
47040.0,47049.8,True,synchronous,0.999997130682464,fridge,1.0254651430416612e-06
47070.0,47079.8,True,synchronous,0.9999971509899523,fridge,1.0254651638663425e-06
47100.0,47109.8,True,synchronous,0.9999971509899523,fridge,1.0254651638663425e-06
47130.0,47139.8,True,synchronous,0.9999971509836653,fridge,1.025465163859895e-06
47160.0,47169.8,True,synchronous,0.999997130682464,fridge,1.0254651430416612e-06
47190.0,47199.8,True,synchronous,0.9999971509899628,fridge,1.025465163866353e-06
47220.0,47229.8,True,synchronous,0.9999971509836739,fridge,1.025465163859904e-06
47250.0,47259.8,True,synchronous,0.9999971472804273,fridge,1.025465160062343e-06
47280.0,47289.8,True,synchronous,0.9999971509836739,fridge,1.025465163859904e-06
47310.0,47319.8,True,synchronous,0.9999971509899521,fridge,1.0254651638663422e-06
47340.0,47349.8,True,synchronous,0.999997150983681,fridge,1.0254651638599114e-06
47370.0,47379.8,True,synchronous,0.9999971509899523,fridge,1.0254651638663425e-06
47400.0,47409.8,True,synchronous,0.9999971472804273,fridge,1.025465160062343e-06
47430.0,47439.8,True,synchronous,0.9999971472804273,fridge,1.025465160062343e-06
47460.0,47469.8,True,synchronous,0.9999971509686915,fridge,1.02546516384454e-06
47490.0,47499.8,True,synchronous,0.999997150968683,fridge,1.0254651638445314e-06
47520.0,47529.8,True,synchronous,0.9999971472804273,fridge,1.025465160062343e-06
47550.0,47559.8,True,synchronous,0.9999971509899628,fridge,1.025465163866353e-06
47580.0,47589.8,True,synchronous,0.9999971509899628,fridge,1.025465163866353e-06
47610.0,47619.8,True,synchronous,0.9999971472804273,fridge,1.025465160062343e-06
47640.0,47649.8,True,synchronous,0.9999970844241332,fridge,1.025465095605219e-06
47670.0,47679.8,True,synchronous,0.9999971472804273,fridge,1.025465160062343e-06
47700.0,47709.8,True,synchronous,0.9999971306824618,fridge,1.025465143041659e-06
47730.0,47739.8,True,synchronous,0.9999971472804273,fridge,1.025465160062343e-06
47760.0,47769.8,True,synchronous,0.9999971509899628,fridge,1.025465163866353e-06
47790.0,47799.8,True,synchronous,0.999997130682537,fridge,1.0254651430417361e-06
47820.0,47829.8,True,synchronous,0.9999971472804273,fridge,1.025465160062343e-06
47850.0,47859.8,True,synchronous,0.999997083177689,fridge,1.0254650943270305e-06
47880.0,47889.8,True,synchronous,0.9999971509836737,fridge,1.0254651638599037e-06
47910.0,47919.8,True,synchronous,0.999997102554213,fridge,1.0413653264663476e-06
47940.0,47949.8,True,synchronous,0.9999970968825851,fridge,1.0413653205600936e-06
47970.0,47979.8,True,synchronous,0.9999971509836739,fridge,1.025465163859904e-06
48000.0,48009.8,True,synchronous,0.9999971306824906,fridge,1.0254651430416885e-06
48030.0,48039.8,True,synchronous,0.9999971509899521,fridge,1.0254651638663422e-06
48060.0,48069.8,True,synchronous,0.9999971509686917,fridge,1.0254651638445402e-06
48090.0,48099.8,True,synchronous,0.9999971509836737,fridge,1.0254651638599037e-06
48120.0,48129.8,True,synchronous,0.9999971025542128,fridge,1.0413653264663474e-06
48150.0,48159.8,True,synchronous,0.999997130682464,fridge,1.0254651430416612e-06
48180.0,48189.8,True,synchronous,0.9999971509686915,fridge,1.02546516384454e-06
48210.0,48219.8,True,synchronous,0.9999971306824906,fridge,1.0254651430416885e-06
48240.0,48249.8,True,synchronous,0.9999971509899628,fridge,1.025465163866353e-06
48270.0,48279.8,True,synchronous,0.9999971509899772,fridge,1.0254651638663679e-06
48300.0,48309.8,True,synchronous,0.9999971509899523,fridge,1.0254651638663425e-06
48330.0,48339.8,True,synchronous,0.9999971509686917,fridge,1.0254651638445402e-06
48360.0,48369.8,True,synchronous,0.9999971306824618,fridge,1.025465143041659e-06
48390.0,48399.8,True,synchronous,0.9999971509899521,fridge,1.0254651638663422e-06
48420.0,48429.8,True,synchronous,0.9999971509899772,fridge,1.0254651638663679e-06
48450.0,48459.8,True,synchronous,0.9999971306824906,fridge,1.0254651430416885e-06
48480.0,48489.8,True,synchronous,0.9999971306824618,fridge,1.025465143041659e-06
48510.0,48519.8,True,synchronous,0.9999971509686915,fridge,1.02546516384454e-06
48540.0,48549.8,True,synchronous,0.9999971509686915,fridge,1.02546516384454e-06
48570.0,48579.8,True,synchronous,0.45628564957311013,fridge,0.29941288344743555
48600.0,48609.8,True,synchronous,0.4240339610770452,fridge,0.34888039047763697
48630.0,48639.8,True,synchronous,0.425288059357509,fridge,0.3499107408929432
48660.0,48669.8,True,synchronous,0.4252886094408854,fridge,0.3499111934804955
48690.0,48699.8,True,synchronous,0.425290640754053,fridge,0.3499128647672382
48720.0,48729.8,True,synchronous,0.425290275108655,fridge,0.34991310349926597
48750.0,48759.8,True,synchronous,0.42529120558521266,fridge,0.34991332948870224
48780.0,48789.8,True,pc,0.2526481121321136,fridge,0.19146424466550654
48810.0,48819.8,True,pc,0.25073324857185525,fridge,0.19001310417564352
48840.0,48849.8,True,synchronous,0.4263291536944389,fridge,0.3507673134741836
48870.0,48879.8,True,pc,0.25073321282179784,fridge,0.19001307708318801
48900.0,48909.8,True,synchronous,0.4252879281058468,fridge,0.34991082449374084
48930.0,48939.8,True,pc,0.25073319656774307,fridge,0.19001306476538246
48960.0,48969.8,True,synchronous,0.4252879283264351,fridge,0.3499108246752325
48990.0,48999.8,True,fridge,0.573379463827491,pc,0.13204137675113256
49020.0,49029.8,True,synchronous,0.42528703422498104,fridge,0.3499113754677035
49050.0,49059.8,True,synchronous,0.4252899910865819,fridge,0.3499132880363493
49080.0,49089.8,True,synchronous,0.4261392470821359,fridge,0.3506110655806693
49110.0,49119.8,True,synchronous,0.42632865552324445,fridge,0.35076744102418206
49140.0,49149.8,True,synchronous,0.4263287882826142,fridge,0.3507675537159612
49170.0,49179.8,True,synchronous,0.4261392470821359,fridge,0.3506110655806693
49200.0,49209.8,True,synchronous,0.4252902811613574,fridge,0.3499131084792056
49230.0,49239.8,True,synchronous,0.9999971305361015,fridge,1.025465435112239e-06
49260.0,49269.8,True,synchronous,0.9999957681983959,pc,1.1994965792738355e-06
49290.0,49299.8,True,synchronous,0.999997086995914,fridge,1.0254650982424983e-06
49320.0,49329.8,True,synchronous,0.9999970997755738,fridge,1.0254651113476318e-06
49350.0,49359.8,True,synchronous,0.99999481533791,fridge,1.8406394520518888e-06
49380.0,49389.8,True,synchronous,0.9999957957537843,pc,1.1994966123265694e-06
49410.0,49419.8,True,synchronous,0.9999948153361048,fridge,1.840639452048566e-06
49440.0,49449.8,True,synchronous,0.9999971102588048,fridge,1.0254654298997754e-06
49470.0,49479.8,True,synchronous,0.9999957659763659,pc,1.1994965766085068e-06
49500.0,49509.8,True,synchronous,0.9999971102594303,fridge,1.0254654299004168e-06
49530.0,49539.8,True,synchronous,0.9999970869965782,fridge,1.0254650982431795e-06
49560.0,49569.8,True,synchronous,0.9999971305370783,fridge,1.0254651428925728e-06
49590.0,49599.8,True,synchronous,0.9999971305361008,fridge,1.0254654351122383e-06
49620.0,49629.8,True,synchronous,0.9999948153361048,fridge,1.840639452048566e-06
49650.0,49659.8,True,synchronous,0.999994849528357,fridge,1.8406395149845009e-06
49680.0,49689.8,True,synchronous,0.9999970869969566,fridge,1.0254650982435675e-06
49710.0,49719.8,True,synchronous,0.9999971102490466,fridge,1.0254654244304504e-06
49740.0,49749.8,True,synchronous,0.9999957659763663,pc,1.1994965766085074e-06
49770.0,49779.8,True,synchronous,0.9999971114870112,fridge,1.0254654155779992e-06
49800.0,49809.8,True,synchronous,0.999997111486699,fridge,1.0254654256996238e-06
49830.0,49839.8,True,synchronous,0.9999971114866988,fridge,1.0254654256996236e-06
49860.0,49869.8,True,synchronous,0.9999971114866988,fridge,1.0254654256996236e-06
49890.0,49899.8,True,synchronous,0.9999971114860822,fridge,1.0254654256989913e-06
49920.0,49929.8,True,synchronous,0.9999971102487515,fridge,1.0254654244301478e-06
49950.0,49959.8,True,synchronous,0.9999964859012015,fridge,8.921753481245116e-07
49980.0,49989.8,True,synchronous,0.9999964836037046,fridge,8.922403683635219e-07
50010.0,50019.8,True,synchronous,0.9999965213881592,fridge,8.92175015191867e-07
50040.0,50049.8,True,synchronous,0.9999961694429397,fridge,8.920808468970887e-07
50070.0,50079.8,True,synchronous,0.9999961700262117,fridge,8.920811083476267e-07
50100.0,50109.8,True,synchronous,0.9999962055112909,fridge,8.920811400033168e-07
50130.0,50139.8,True,synchronous,0.9999961694426408,fridge,8.920811078270321e-07
50160.0,50169.8,True,synchronous,0.9999964836680825,fridge,8.921753461321709e-07
50190.0,50199.8,True,synchronous,0.9999961700268227,fridge,8.920805474303044e-07
50220.0,50229.8,True,synchronous,0.9999961782226671,fridge,8.920803221297866e-07
50250.0,50259.8,True,synchronous,0.9999965185472,fridge,8.935276231803153e-07
50280.0,50289.8,True,synchronous,0.9999965185472586,fridge,8.935276231803676e-07
50310.0,50319.8,True,synchronous,0.9999965185472559,fridge,8.935276231803652e-07
50340.0,50349.8,True,synchronous,0.9999965185472381,fridge,8.935276231803493e-07
50370.0,50379.8,True,synchronous,0.9999965185472572,fridge,8.935276231803664e-07
50400.0,50409.8,True,synchronous,0.999996518547237,fridge,8.935276231803483e-07
50430.0,50439.8,True,synchronous,0.9999965185472242,fridge,8.935276231803368e-07
50460.0,50469.8,True,synchronous,0.9999965185472279,fridge,8.935276231803402e-07
50490.0,50499.8,True,synchronous,0.999996518547237,fridge,8.935276231803483e-07
50520.0,50529.8,True,synchronous,0.999996518547237,fridge,8.935276231803483e-07
50550.0,50559.8,True,synchronous,0.9999965185472559,fridge,8.935276231803652e-07
50580.0,50589.8,True,synchronous,0.9999965185471813,fridge,8.935276231802985e-07
50610.0,50619.8,True,synchronous,0.9999964600083633,fridge,9.073820390726038e-07
50640.0,50649.8,True,fridge,0.21055765844408314,pv,0.16967117097573264
50670.0,50679.8,True,fridge,0.20858681762063344,pv,0.16798870536057667
50700.0,50709.8,True,fridge,0.21039597062424178,pv,0.1694457354564484
50730.0,50739.8,True,fridge,0.2103959705012359,pv,0.16944573535738364
50760.0,50769.8,True,fridge,0.208586815344905,pv,0.16798870352778264
50790.0,50799.8,True,fridge,0.21039596958337523,pv,0.16944573461816997
50820.0,50829.8,True,fridge,0.208586815344905,pv,0.16798870352778264
50850.0,50859.8,True,fridge,0.21039990547610601,pv,0.16944890898496004
50880.0,50889.8,True,fridge,0.21007419668467625,pv,0.16918658970532666
50910.0,50919.8,True,fridge,0.21055765972166535,pv,0.1696711720052315
50940.0,50949.8,True,fridge,0.20859108287709513,pv,0.16799214494670556
50970.0,50979.8,True,fridge,0.2103959705012359,pv,0.16944573535738364
51000.0,51009.8,True,fridge,0.20858682283343397,pv,0.16798870955878836
51030.0,51039.8,True,fridge,0.21039596958337523,pv,0.16944573461816997
51060.0,51069.8,True,fridge,0.21039556542091883,pv,0.16944540911951872
51090.0,51099.8,True,fridge,0.21007419668467625,pv,0.16918658970532666
51120.0,51129.8,True,fridge,0.20858681762063344,pv,0.16798870536057667
51150.0,51159.8,True,fridge,0.2103955660443873,pv,0.16944540962163895
51180.0,51189.8,True,fridge,0.21007419668467625,pv,0.16918658970532666
51210.0,51219.8,True,fridge,0.21055766208036167,pv,0.1696711739059117
51240.0,51249.8,True,fridge,0.2103959705012359,pv,0.16944573535738364
51270.0,51279.8,True,fridge,0.21039556575872453,pv,0.1694454093915759
51300.0,51309.8,True,fridge,0.21039597054172354,pv,0.169445735389991
51330.0,51339.8,True,fridge,0.21007419668467625,pv,0.16918658970532666
51360.0,51369.8,True,fridge,0.20859108287709513,pv,0.16799214494670556
51390.0,51399.8,True,fridge,0.21039597062424178,pv,0.1694457354564484
51420.0,51429.8,True,fridge,0.2104003093174271,pv,0.16944923422498856
51450.0,51459.8,True,fridge,0.21039597112746444,pv,0.16944573532876261
51480.0,51489.8,True,synchronous,0.9999965185472559,fridge,8.935276231803652e-07
51510.0,51519.8,True,synchronous,0.999996518547237,fridge,8.935276231803483e-07
51540.0,51549.8,True,synchronous,0.9999964830648705,fridge,8.935275914757633e-07
51570.0,51579.8,True,synchronous,0.9999965185472559,fridge,8.935276231803652e-07
51600.0,51609.8,True,synchronous,0.9999965185472279,fridge,8.935276231803402e-07
51630.0,51639.8,True,synchronous,0.9999964808274048,fridge,8.935275894765188e-07
51660.0,51669.8,True,synchronous,0.9999965118844113,fridge,8.935276172269087e-07
51690.0,51699.8,True,synchronous,0.9999965118844113,fridge,8.935276172269087e-07
51720.0,51729.8,True,synchronous,0.9999965185472279,fridge,8.935276231803402e-07
51750.0,51759.8,True,synchronous,0.9999965118844113,fridge,8.935276172269087e-07
51780.0,51789.8,True,synchronous,0.9999964808272707,fridge,8.935275894763991e-07
51810.0,51819.8,True,synchronous,0.9999965118844113,fridge,8.935276172269087e-07
51840.0,51849.8,True,synchronous,0.9999965118844113,fridge,8.935276172269087e-07
51870.0,51879.8,True,synchronous,0.9999965185472559,fridge,8.935276231803652e-07
51900.0,51909.8,True,synchronous,0.9999965118844113,fridge,8.935276172269087e-07
51930.0,51939.8,True,synchronous,0.999996518547237,fridge,8.935276231803483e-07
51960.0,51969.8,True,synchronous,0.9999965118844113,fridge,8.935276172269087e-07
51990.0,51999.8,True,synchronous,0.9999965185472242,fridge,8.935276231803368e-07
52020.0,52029.8,True,synchronous,0.999996518547237,fridge,8.935276231803483e-07
52050.0,52059.8,True,synchronous,0.9999965185472279,fridge,8.935276231803402e-07
52080.0,52089.8,True,synchronous,0.9999965185472,fridge,8.935276231803153e-07
52110.0,52119.8,True,synchronous,0.9999965118844113,fridge,8.935276172269087e-07
52140.0,52149.8,True,synchronous,0.9999965118844113,fridge,8.935276172269087e-07
52170.0,52179.8,True,synchronous,0.9999965185472279,fridge,8.935276231803402e-07
52200.0,52209.8,True,synchronous,0.9999965185472559,fridge,8.935276231803652e-07
52230.0,52239.8,True,synchronous,0.9999965185472279,fridge,8.935276231803402e-07
52260.0,52269.8,True,synchronous,0.9999965185472572,fridge,8.935276231803664e-07
52290.0,52299.8,True,synchronous,0.9999965118844113,fridge,8.935276172269087e-07
52320.0,52329.8,True,synchronous,0.9999964808272707,fridge,8.935275894763991e-07
52350.0,52359.8,True,synchronous,0.9999964808273186,fridge,8.935275894764419e-07
52380.0,52389.8,True,synchronous,0.9999964808272689,fridge,8.935275938069965e-07
52410.0,52419.8,True,synchronous,0.9999964808272707,fridge,8.935275894763991e-07
52440.0,52449.8,True,synchronous,0.9999965118844095,fridge,8.935276215575062e-07
52470.0,52479.8,True,synchronous,0.9999965185472093,fridge,8.935276231803235e-07
52500.0,52509.8,True,synchronous,0.999996518547237,fridge,8.935276231803483e-07
52530.0,52539.8,True,synchronous,0.9999965185472164,fridge,8.935276231803299e-07
52560.0,52569.8,True,synchronous,0.9999965185472242,fridge,8.935276231803368e-07
52590.0,52599.8,True,synchronous,0.9999965118844113,fridge,8.935276172269087e-07
52620.0,52629.8,True,synchronous,0.9999965118844113,fridge,8.935276172269087e-07
52650.0,52659.8,True,synchronous,0.9999965185472279,fridge,8.935276231803402e-07
52680.0,52689.8,True,synchronous,0.9999965185472559,fridge,8.935276231803652e-07
52710.0,52719.8,True,synchronous,0.999996518547235,fridge,8.935276275109457e-07
52740.0,52749.8,True,synchronous,0.9999964808272707,fridge,8.935275894763991e-07
52770.0,52779.8,True,synchronous,0.9999965185472572,fridge,8.935276231803664e-07
52800.0,52809.8,True,synchronous,0.999996518547237,fridge,8.935276231803483e-07
52830.0,52839.8,True,synchronous,0.9999964597856329,fridge,9.073820359987446e-07
52860.0,52869.8,True,synchronous,0.9999964808272707,fridge,8.935275894763991e-07
52890.0,52899.8,True,synchronous,0.9999965118844113,fridge,8.935276172269087e-07
52920.0,52929.8,True,synchronous,0.999996518547237,fridge,8.935276231803483e-07
52950.0,52959.8,True,synchronous,0.999996518547237,fridge,8.935276231803483e-07
52980.0,52989.8,True,synchronous,0.9999964808272707,fridge,8.935275894763991e-07
53010.0,53019.8,True,synchronous,0.9999965185471982,fridge,8.935276275109128e-07
53040.0,53049.8,True,synchronous,0.9999965185472564,fridge,8.935276231803655e-07
53070.0,53079.8,True,synchronous,0.9999965185472572,fridge,8.935276231803664e-07
53100.0,53109.8,True,synchronous,0.999996518547237,fridge,8.935276231803483e-07
53130.0,53139.8,True,synchronous,0.9999965185472564,fridge,8.935276231803655e-07
53160.0,53169.8,True,synchronous,0.9999965185472559,fridge,8.935276231803652e-07
53190.0,53199.8,True,synchronous,0.9999964808273186,fridge,8.935275894764419e-07
53220.0,53229.8,True,synchronous,0.9999965185472,fridge,8.935276231803153e-07
53250.0,53259.8,True,synchronous,0.9999965118844113,fridge,8.935276172269087e-07
53280.0,53289.8,True,synchronous,0.9999964808272707,fridge,8.935275894763991e-07
53310.0,53319.8,True,synchronous,0.9999965682698886,fridge,8.807661113341206e-07
53340.0,53349.8,True,synchronous,0.9999965310886857,fridge,8.807660785860648e-07
53370.0,53379.8,True,synchronous,0.9999965617022646,fridge,8.807661055495602e-07
53400.0,53409.8,True,synchronous,0.9999965682699761,fridge,8.807661113341977e-07
53430.0,53439.8,True,synchronous,0.9999965682699183,fridge,8.807661113341469e-07
53460.0,53469.8,True,synchronous,0.9999965105671268,fridge,8.944226540447626e-07
53490.0,53499.8,True,synchronous,0.9999965617022646,fridge,8.807661055495602e-07
53520.0,53529.8,True,synchronous,0.9999965682698946,fridge,8.807661113341259e-07
53550.0,53559.8,True,synchronous,0.9999965682699221,fridge,8.807661113341501e-07
53580.0,53589.8,True,synchronous,0.9999965682698946,fridge,8.807661113341259e-07
53610.0,53619.8,True,synchronous,0.9999965332943278,fridge,8.807660805287263e-07
53640.0,53649.8,True,synchronous,0.9999965310888178,fridge,8.807660785861812e-07
53670.0,53679.8,True,synchronous,0.9999965332943278,fridge,8.807660805287263e-07
53700.0,53709.8,True,fridge,0.20836306055665724,pv,0.16782300856909504
53730.0,53739.8,True,fridge,0.21039556542091883,pv,0.16944540911951872
53760.0,53769.8,True,fridge,0.21039596958337523,pv,0.16944573461816997
53790.0,53799.8,True,fridge,0.20859108287709513,pv,0.16799214494670556
53820.0,53829.8,True,fridge,0.21039990184047336,pv,0.1694489060569455
53850.0,53859.8,True,fridge,0.2103955660443873,pv,0.16944540962163895
53880.0,53889.8,True,fridge,0.21007852302761962,pv,0.1691900785204705
53910.0,53919.8,True,fridge,0.21007852302761962,pv,0.1691900785204705
53940.0,53949.8,True,fridge,0.2085954162749049,pv,0.16797495334548837
53970.0,53979.8,True,fridge,0.21039556575872453,pv,0.1694454093915759
54000.0,54009.8,True,fridge,0.21039990401887415,pv,0.1694489078113552
54030.0,54039.8,True,fridge,0.20859540937950286,pv,0.16797494779285035
54060.0,54069.8,True,fridge,0.20859540937950286,pv,0.16797494779285035
54090.0,54099.8,True,fridge,0.21039597008659783,pv,0.16944573449048414
54120.0,54129.8,True,fridge,0.2103959705012359,pv,0.16944573535738364
54150.0,54159.8,True,fridge,0.21039597183589728,pv,0.16944573643227437
54180.0,54189.8,True,fridge,0.2103955660443873,pv,0.16944540962163895
54210.0,54219.8,True,fridge,0.21007419668467625,pv,0.16918658970532666
54240.0,54249.8,True,fridge,0.2104003093174271,pv,0.16944923422498856
54270.0,54279.8,True,fridge,0.21039556626194628,pv,0.16944540926389043
54300.0,54309.8,True,synchronous,0.9999965682699221,fridge,8.807661113341501e-07
54330.0,54339.8,True,synchronous,0.9999965682699183,fridge,8.807661113341469e-07
54360.0,54369.8,True,synchronous,0.9999965617022646,fridge,8.807661055495602e-07
54390.0,54399.8,True,synchronous,0.9999965682698946,fridge,8.807661113341259e-07
54420.0,54429.8,True,synchronous,0.999996568269875,fridge,8.807661113341088e-07
54450.0,54459.8,True,synchronous,0.9999965682699183,fridge,8.807661113341469e-07
54480.0,54489.8,True,synchronous,0.9999965617022646,fridge,8.807661055495602e-07
54510.0,54519.8,True,synchronous,0.999996568269931,fridge,8.80766111334158e-07
54540.0,54549.8,True,synchronous,0.9999965310888178,fridge,8.807660785861812e-07
54570.0,54579.8,True,synchronous,0.9999965617022646,fridge,8.807661055495602e-07
54600.0,54609.8,True,synchronous,0.9999965682699221,fridge,8.807661113341501e-07
54630.0,54639.8,True,synchronous,0.999996568269875,fridge,8.807661113341088e-07
54660.0,54669.8,True,synchronous,0.9999965682699221,fridge,8.807661113341501e-07
54690.0,54699.8,True,synchronous,0.999996568269931,fridge,8.80766111334158e-07
54720.0,54729.8,True,synchronous,0.9999965682699292,fridge,8.807661156029052e-07
54750.0,54759.8,True,synchronous,0.9999965617022646,fridge,8.807661055495602e-07
54780.0,54789.8,True,synchronous,0.9999965682699503,fridge,8.80766111334175e-07
54810.0,54819.8,True,synchronous,0.9999965332943278,fridge,8.807660805287263e-07
54840.0,54849.8,True,synchronous,0.9999965617022646,fridge,8.807661055495602e-07
54870.0,54879.8,True,synchronous,0.9999965682699503,fridge,8.80766111334175e-07
54900.0,54909.8,True,synchronous,0.9999965332943278,fridge,8.807660805287263e-07
54930.0,54939.8,True,synchronous,0.9999965617022646,fridge,8.807661055495602e-07
54960.0,54969.8,True,synchronous,0.9999965682699499,fridge,8.807661113341746e-07
54990.0,54999.8,True,synchronous,0.9999965682699203,fridge,8.807661156028974e-07
55020.0,55029.8,True,synchronous,0.9999965682699512,fridge,8.807661113341758e-07
55050.0,55059.8,True,synchronous,0.9999965617022646,fridge,8.807661055495602e-07
55080.0,55089.8,True,synchronous,0.9999965682698886,fridge,8.807661113341206e-07
55110.0,55119.8,True,synchronous,0.9999965682698881,fridge,8.807661113341203e-07
55140.0,55149.8,True,synchronous,0.9999965310886701,fridge,8.807660785860511e-07
55170.0,55179.8,True,synchronous,0.999996568269885,fridge,8.807661113341175e-07
55200.0,55209.8,True,synchronous,0.9999965682699221,fridge,8.807661113341501e-07
55230.0,55239.8,True,synchronous,0.9999965682699221,fridge,8.807661113341501e-07
55260.0,55269.8,True,synchronous,0.999996568269931,fridge,8.80766111334158e-07
55290.0,55299.8,True,synchronous,0.999996568269875,fridge,8.807661113341088e-07
55320.0,55329.8,True,synchronous,0.9998997906164708,pc,3.2935407061761816e-05
55350.0,55359.8,True,synchronous,0.9999985305672169,pc,3.8488274568698395e-07
55380.0,55389.8,True,synchronous,0.9999985305671996,pc,3.8488274568697733e-07
55410.0,55419.8,True,synchronous,0.9999985305672058,pc,3.848827456869797e-07
55440.0,55449.8,True,synchronous,0.9999985305672169,pc,3.8488274568698395e-07
55470.0,55479.8,True,synchronous,0.9999985305672087,pc,3.848827456869808e-07
55500.0,55509.8,True,synchronous,0.9999985172455886,pc,3.848827405597116e-07
55530.0,55539.8,True,synchronous,0.9999985172456164,pc,3.8488274055972226e-07
55560.0,55569.8,True,synchronous,0.9999985305672087,pc,3.848827456869808e-07
55590.0,55599.8,True,synchronous,0.5225073600324606,pc,0.15762934986672927
55620.0,55629.8,True,synchronous,0.5250043407754182,pc,0.1565644408578451
55650.0,55659.8,True,synchronous,0.5250045838394504,pc,0.15656451334331112
55680.0,55689.8,True,synchronous,0.5250045714916497,pc,0.15656450966100535
55710.0,55719.8,True,synchronous,0.5247477964668579,pc,0.15648793536426062
55740.0,55749.8,True,synchronous,0.522975295793383,pc,0.1559593481597189
55770.0,55779.8,True,synchronous,0.5250045845913586,pc,0.15656451356754178
55800.0,55809.8,True,synchronous,0.522975295793383,pc,0.1559593481597189
55830.0,55839.8,True,synchronous,0.5247477964668579,pc,0.15648793536426062
55860.0,55869.8,True,synchronous,0.5229816145670256,pc,0.15596123251606692
55890.0,55899.8,True,synchronous,0.5250045838394504,pc,0.15656451334331112
55920.0,55929.8,True,synchronous,0.5250048145558953,pc,0.15656458214653496
55950.0,55959.8,True,synchronous,0.5247480269576643,pc,0.15648800410019562
55980.0,55989.8,True,synchronous,0.5250045845913586,pc,0.15656451356754178
56010.0,56019.8,True,synchronous,0.5247477964668579,pc,0.15648793536426062
56040.0,56049.8,True,synchronous,0.5250043415594822,pc,0.15656444109166515
56070.0,56079.8,True,synchronous,0.5250043432745073,pc,0.15656444160311223
56100.0,56109.8,True,synchronous,0.5250043427228699,pc,0.1565644414386054
56130.0,56139.8,True,synchronous,0.5229815950618252,pc,0.15596122669931348
56160.0,56169.8,True,synchronous,0.9999985288875165,pc,3.8488274504049537e-07
56190.0,56199.8,True,synchronous,0.999998530567212,pc,3.848827456869821e-07
56220.0,56229.8,True,synchronous,0.999998530567218,pc,3.848827456869844e-07
56250.0,56259.8,True,synchronous,0.999998530567212,pc,3.848827456869821e-07
56280.0,56289.8,True,synchronous,0.9999985288875165,pc,3.8488274504049537e-07
56310.0,56319.8,True,synchronous,0.9999985305672058,pc,3.848827456869797e-07
56340.0,56349.8,True,synchronous,0.999998530567212,pc,3.848827456869821e-07
56370.0,56379.8,True,synchronous,0.999998530567218,pc,3.848827456869844e-07
56400.0,56409.8,True,synchronous,0.9999985172455809,pc,3.848827405597086e-07
56430.0,56439.8,True,synchronous,0.999998530567218,pc,3.848827456869844e-07
56460.0,56469.8,True,synchronous,0.999998530567218,pc,3.848827456869844e-07
56490.0,56499.8,True,synchronous,0.9999985305671991,pc,3.848827456869771e-07
56520.0,56529.8,True,synchronous,0.9999985048187858,pc,3.927285562872438e-07
56550.0,56559.8,True,synchronous,0.9999985288875165,pc,3.8488274504049537e-07
56580.0,56589.8,True,synchronous,0.999998530567218,pc,3.848827456869844e-07
56610.0,56619.8,True,synchronous,0.9999985305672231,pc,3.848827456869864e-07
56640.0,56649.8,True,synchronous,0.9999985288875165,pc,3.8488274504049537e-07
56670.0,56679.8,True,synchronous,0.999998530567218,pc,3.848827456869844e-07
56700.0,56709.8,True,synchronous,0.9999985305672147,pc,3.848827456869831e-07
56730.0,56739.8,True,synchronous,0.9999985172455809,pc,3.848827405597086e-07
56760.0,56769.8,True,synchronous,0.9999985288875165,pc,3.8488274504049537e-07
56790.0,56799.8,True,synchronous,0.9999985305672231,pc,3.848827456869864e-07
56820.0,56829.8,True,synchronous,0.9999985288875165,pc,3.8488274504049537e-07
56850.0,56859.8,True,synchronous,0.9999985305672231,pc,3.848827456869864e-07
56880.0,56889.8,True,synchronous,0.9999985288875165,pc,3.8488274504049537e-07
56910.0,56919.8,True,synchronous,0.999998530567218,pc,3.848827456869844e-07
56940.0,56949.8,True,synchronous,0.9999985305672093,pc,3.848827456869811e-07
56970.0,56979.8,True,synchronous,0.9999985305672233,pc,3.8488274568698644e-07
57000.0,57009.8,True,synchronous,0.9999985182970207,pc,3.8488274096439024e-07
57030.0,57039.8,True,synchronous,0.9999985305672231,pc,3.848827456869864e-07
57060.0,57069.8,True,synchronous,0.9999985288875165,pc,3.8488274504049537e-07
57090.0,57099.8,True,synchronous,0.9999985305672042,pc,3.848827456869791e-07
57120.0,57129.8,True,synchronous,0.9999985288875165,pc,3.8488274504049537e-07
57150.0,57159.8,True,synchronous,0.999998530567218,pc,3.848827456869844e-07
57180.0,57189.8,True,synchronous,0.999998530567218,pc,3.848827456869844e-07
57210.0,57219.8,True,synchronous,0.9999985182970207,pc,3.8488274096439024e-07
57240.0,57249.8,True,synchronous,0.999998530567218,pc,3.848827456869844e-07
57270.0,57279.8,True,synchronous,0.999998530567212,pc,3.848827456869821e-07
57300.0,57309.8,True,synchronous,0.999998530567212,pc,3.848827456869821e-07
57330.0,57339.8,True,synchronous,0.9999985288875165,pc,3.8488274504049537e-07
57360.0,57369.8,True,synchronous,0.9999985172455829,pc,3.848827405597094e-07
57390.0,57399.8,True,synchronous,0.9999985305672147,pc,3.848827456869831e-07
57420.0,57429.8,True,synchronous,0.9999985288875165,pc,3.8488274504049537e-07
57450.0,57459.8,True,synchronous,0.9999985172455829,pc,3.848827405597094e-07
57480.0,57489.8,True,synchronous,0.999998530567218,pc,3.848827456869844e-07
57510.0,57519.8,True,synchronous,0.999998530567212,pc,3.848827456869821e-07
57540.0,57549.8,True,synchronous,0.9999985305672038,pc,3.848827456869789e-07
57570.0,57579.8,True,synchronous,0.9999985305672295,pc,3.848827456869888e-07
57600.0,57609.8,True,synchronous,0.9999985305672231,pc,3.848827456869864e-07
57630.0,57639.8,True,synchronous,0.9999985048187856,pc,3.927285562872437e-07
57660.0,57669.8,True,synchronous,0.9999985288875165,pc,3.8488274504049537e-07
57690.0,57699.8,True,synchronous,0.9999985172455829,pc,3.848827405597094e-07
57720.0,57729.8,True,synchronous,0.5250043427228699,pc,0.1565644414386054
57750.0,57759.8,True,synchronous,0.5247477964668579,pc,0.15648793536426062
57780.0,57789.8,True,synchronous,0.5229750650415063,pc,0.1559592793459287
57810.0,57819.8,True,synchronous,0.5250045846435879,pc,0.15656451358311738
57840.0,57849.8,True,synchronous,0.5250045838394504,pc,0.15656451334331112
57870.0,57879.8,True,synchronous,0.5250043407754182,pc,0.1565644408578451
57900.0,57909.8,True,synchronous,0.5250043427228699,pc,0.1565644414386054
57930.0,57939.8,True,synchronous,0.5229815869462278,pc,0.1559612242791164
57960.0,57969.8,True,synchronous,0.5250043427228699,pc,0.1565644414386054
57990.0,57999.8,True,synchronous,0.5229750647562481,pc,0.1559592792608603
58020.0,58029.8,True,synchronous,0.5250043432745073,pc,0.15656444160311223
58050.0,58059.8,True,synchronous,0.5229750668520667,pc,0.15595927988586597
58080.0,58089.8,True,synchronous,0.5250043427672528,pc,0.1565644414518411
58110.0,58119.8,True,synchronous,0.5247477964668579,pc,0.15648793536426062
58140.0,58149.8,True,synchronous,0.5229750668520667,pc,0.15595927988586597
58170.0,58179.8,True,synchronous,0.5250045845913586,pc,0.15656451356754178
58200.0,58209.8,True,synchronous,0.5250043407754182,pc,0.1565644408578451
58230.0,58239.8,True,synchronous,0.5250045845913586,pc,0.15656451356754178
58260.0,58269.8,True,synchronous,0.5250043427672528,pc,0.1565644414518411
58290.0,58299.8,True,synchronous,0.5250045838394504,pc,0.15656451334331112
58320.0,58329.8,True,synchronous,0.5247477964668579,pc,0.15648793536426062
58350.0,58359.8,True,synchronous,0.5229815869462278,pc,0.1559612242791164
58380.0,58389.8,True,synchronous,0.9999984399795828,pc,5.163902645744407e-07
58410.0,58419.8,True,synchronous,0.9999984383636704,pc,5.163902637399979e-07
58440.0,58449.8,True,synchronous,0.9999984271527698,pc,5.163902579507889e-07
58470.0,58479.8,True,synchronous,0.9999984399795828,pc,5.163902645744407e-07
58500.0,58509.8,True,synchronous,0.9999984399795826,pc,5.163902645744405e-07
58530.0,58539.8,True,synchronous,0.9999984383622709,pc,5.163902637392752e-07
58560.0,58569.8,True,synchronous,0.9999984399795766,pc,5.163902645744374e-07
58590.0,58599.8,True,synchronous,0.999998428165118,pc,5.163902584735565e-07
58620.0,58629.8,True,synchronous,0.9999984399795864,pc,5.163902645744425e-07
58650.0,58659.8,True,synchronous,0.9999984281665175,pc,5.163902584742792e-07
58680.0,58689.8,True,synchronous,0.9999984399795826,pc,5.163902645744405e-07
58710.0,58719.8,True,synchronous,0.9999984271527316,pc,5.163902579507692e-07
58740.0,58749.8,True,synchronous,0.9999984383636704,pc,5.163902637399979e-07
58770.0,58779.8,True,synchronous,0.9999984399809905,pc,5.163902645751675e-07
58800.0,58809.8,True,synchronous,0.9999984383622709,pc,5.163902637392752e-07
58830.0,58839.8,True,synchronous,0.9999984399795859,pc,5.163902645744423e-07
58860.0,58869.8,True,synchronous,0.999998439980974,pc,5.163902645751591e-07
58890.0,58899.8,True,synchronous,0.9999984399795826,pc,5.163902645744405e-07
58920.0,58929.8,True,synchronous,0.9999984383622709,pc,5.163902637392752e-07
58950.0,58959.8,True,synchronous,0.9999984399795826,pc,5.163902645744405e-07
58980.0,58989.8,True,synchronous,0.9999984399809854,pc,5.163902645751649e-07
59010.0,59019.8,True,synchronous,0.9999984399795826,pc,5.163902645744405e-07
59040.0,59049.8,True,synchronous,0.9999984383622709,pc,5.163902637392752e-07
59070.0,59079.8,True,synchronous,0.9999984271527698,pc,5.163902579507889e-07
59100.0,59109.8,True,synchronous,0.9999984399795826,pc,5.163902645744405e-07
59130.0,59139.8,True,synchronous,0.9999984399795799,pc,5.163902645744391e-07
59160.0,59169.8,True,synchronous,0.9999984281602521,pc,5.163902584710438e-07
59190.0,59199.8,True,synchronous,0.999998530567212,pc,3.848827456869821e-07
59220.0,59229.8,True,synchronous,0.999998530567212,pc,3.848827456869821e-07
59250.0,59259.8,True,pv,0.9991203094035662,synchronous,0.0008796397036391138
59280.0,59289.8,True,pv,0.9991118508923811,synchronous,0.0008880975329583741
59310.0,59319.8,True,pv,0.9991203094035662,synchronous,0.0008796397036391138
59340.0,59349.8,True,pv,0.9991118516081271,synchronous,0.0008880975335945914
59370.0,59379.8,True,pv,0.9991118516081269,synchronous,0.0008880975335945912
59400.0,59409.8,True,pv,0.9991203094035662,synchronous,0.0008796397036391138
59430.0,59439.8,True,pv,0.9991118516083782,synchronous,0.0008880975335948146
59460.0,59469.8,True,pv,0.9991203094035662,synchronous,0.0008796397036391138
59490.0,59499.8,True,pv,0.9991118508923811,synchronous,0.0008880975329583741
59520.0,59529.8,True,pv,0.9991203094035662,synchronous,0.0008796397036391138
59550.0,59559.8,True,pv,0.9991118516081273,synchronous,0.0008880975335945916
59580.0,59589.8,True,pv,0.9991118515180717,synchronous,0.0008880975335145424
59610.0,59619.8,True,pv,0.9991118515180717,synchronous,0.0008880975335145424
59640.0,59649.8,True,pv,0.9991118516081275,synchronous,0.0008880975335945918
59670.0,59679.8,True,pv,0.999111850892386,synchronous,0.0008880975329583784
59700.0,59709.8,True,pv,0.9991118516083782,synchronous,0.0008880975335948146
59730.0,59739.8,True,pv,0.9991118516083785,synchronous,0.0008880975335948148
59760.0,59769.8,True,pv,0.9991118515180717,synchronous,0.0008880975335145424
59790.0,59799.8,True,pv,0.9991118516083785,synchronous,0.0008880975335948148
59820.0,59829.8,True,pv,0.9991118516081275,synchronous,0.0008880975335945918
59850.0,59859.8,True,pv,0.9991118516081267,synchronous,0.0008880975335945911
59880.0,59889.8,True,pv,0.9991118516083785,synchronous,0.0008880975335948148
59910.0,59919.8,True,pv,0.9991118515180721,synchronous,0.0008880975335145427
59940.0,59949.8,True,pv,0.9991118516083785,synchronous,0.0008880975335948148
59970.0,59979.8,True,pv,0.9991118516081275,synchronous,0.0008880975335945918
60000.0,60009.8,True,pv,0.9991118516083787,synchronous,0.000888097533594815
60030.0,60039.8,True,pv,0.9991118515180721,synchronous,0.0008880975335145427
60060.0,60069.8,True,pv,0.9991118516083785,synchronous,0.0008880975335948148
60090.0,60099.8,True,pv,0.9991118516081273,synchronous,0.0008880975335945916
60120.0,60129.8,True,pv,0.9991118516083787,synchronous,0.000888097533594815
60150.0,60159.8,True,pv,0.9991203094035664,synchronous,0.000879639703639114
60180.0,60189.8,True,pv,0.9991118516081275,synchronous,0.0008880975335945918
60210.0,60219.8,True,synchronous,0.9999721561162239,pv,7.531187527272112e-06
60240.0,60249.8,True,pv,0.9991203094035664,synchronous,0.000879639703639114
60270.0,60279.8,True,pv,0.9991118516083785,synchronous,0.0008880975335948148
60300.0,60309.8,True,pv,0.9991118516081273,synchronous,0.0008880975335945916
60330.0,60339.8,True,pv,0.9991118508923797,synchronous,0.0008880975329583729
60360.0,60369.8,True,pv,0.9991203093973358,synchronous,0.0008796397036336285
60390.0,60399.8,True,pv,0.9991118516081273,synchronous,0.0008880975335945916
60420.0,60429.8,True,pv,0.9991118516083787,synchronous,0.000888097533594815
60450.0,60459.8,True,pv,0.999999845958284,synchronous,1.010233445435481e-07
60480.0,60489.8,True,pv,0.9999998459582835,synchronous,1.0102334454354806e-07
60510.0,60519.8,True,pv,0.9999998459582835,synchronous,1.0102334454354806e-07
60540.0,60549.8,True,pv,0.999999845958284,synchronous,1.010233445435481e-07
60570.0,60579.8,True,pv,0.9999998459582837,synchronous,1.0102334474112496e-07
60600.0,60609.8,True,pv,0.9999998459582837,synchronous,1.0102334454354808e-07
60630.0,60639.8,True,pv,0.9999998459582842,synchronous,1.0102334454354813e-07
60660.0,60669.8,True,pv,0.9999998458646955,synchronous,1.0102334453409348e-07
60690.0,60699.8,True,pv,0.9999998452097749,synchronous,1.0102334446793121e-07
60720.0,60729.8,True,pv,0.9999998458646953,synchronous,1.0102334473167034e-07
60750.0,60759.8,True,pv,0.9999998459582842,synchronous,1.0102334454354813e-07
60780.0,60789.8,True,pv,0.9999998459583692,synchronous,1.0102334454355672e-07
60810.0,60819.8,True,pv,0.9999998459582846,synchronous,1.0102334454354817e-07
60840.0,60849.8,True,pv,0.9999998459582846,synchronous,1.0102334454354817e-07
60870.0,60879.8,True,pv,0.9999998459582844,synchronous,1.0102334454354814e-07
60900.0,60909.8,True,pv,0.9999998459582835,synchronous,1.0102334454354806e-07
60930.0,60939.8,True,pv,0.9999998468025898,synchronous,1.0013638833916279e-07
60960.0,60969.8,True,pv,0.9999998459582846,synchronous,1.0102334454354817e-07
60990.0,60999.8,True,pv,0.9999998459583692,synchronous,1.0102334454355672e-07
61020.0,61029.8,True,pv,0.9999998459582844,synchronous,1.0102334454354814e-07
61050.0,61059.8,True,pv,0.9999998452156706,synchronous,1.0102334446852682e-07
61080.0,61089.8,True,pv,0.9999998458587778,synchronous,1.0102334453349566e-07
61110.0,61119.8,True,pv,0.999999845958284,synchronous,1.010233445435481e-07
61140.0,61149.8,True,pv,0.9999998459583692,synchronous,1.0102334454355672e-07
61170.0,61179.8,True,pv,0.999999845958369,synchronous,1.010233445435567e-07
61200.0,61209.8,True,fridge,0.9828828066423725,pc,0.017113312661430225
61230.0,61239.8,True,pc,0.9999174194361711,pv,2.1720136026455567e-05
61260.0,61269.8,True,fridge,0.9828854472702512,pc,0.017113358569026176
61290.0,61299.8,True,fridge,0.9828828086639091,pc,0.01711331242816396
61320.0,61329.8,True,fridge,0.9828828376240203,pc,0.017113313024632835
61350.0,61359.8,True,fridge,0.9828828356928427,pc,0.017113313167238017
61380.0,61389.8,True,fridge,0.9828828086639027,pc,0.017113312428163847
61410.0,61419.8,True,pc,0.9999174194358761,pv,2.1720136026449157e-05
61440.0,61449.8,True,pc,0.9999174194374936,pv,2.1720135860560963e-05
61470.0,61479.8,True,fridge,0.9807186624089362,pc,0.01927688017360668
61500.0,61509.8,True,pv,0.9999999295507654,baseload,1.9324732205511594e-08
61530.0,61539.8,True,pv,0.9999999294636649,baseload,1.929802898864309e-08
61560.0,61569.8,True,pv,0.9999999294636649,baseload,1.9298028988432062e-08
61590.0,61599.8,True,pv,0.21441973774483372,baseload,0.21426373103955013
61620.0,61629.8,True,pv,0.9999999294635807,baseload,1.929802895736731e-08
61650.0,61659.8,True,pv,0.999999929463581,baseload,1.929802878820591e-08
61680.0,61689.8,True,pv,0.9999999293699996,baseload,1.929802884034643e-08
61710.0,61719.8,True,pv,0.999999929550485,baseload,1.93247318793495e-08
61740.0,61749.8,True,pv,0.9999999295700978,baseload,1.9305402955134586e-08
61770.0,61779.8,True,pv,0.21438123497609998,baseload,0.2142252563940811
61800.0,61809.8,True,pv,0.9999999294635796,baseload,1.9298029191704928e-08
61830.0,61839.8,True,pv,0.9999999294636642,baseload,1.929802913057141e-08
61860.0,61869.8,True,pv,0.9999999294635805,baseload,1.9298029035045728e-08
61890.0,61899.8,True,pv,0.9999999295700978,baseload,1.9305402954923477e-08
61920.0,61929.8,True,pv,0.9999999294635807,baseload,1.9298028921806624e-08
61950.0,61959.8,True,pv,0.9999999295507654,baseload,1.9324732156535004e-08
61980.0,61989.8,True,pv,0.9999999294635794,baseload,1.929802919609731e-08
62010.0,62019.8,True,pv,0.9999999294635805,baseload,1.9298029035045728e-08
62040.0,62049.8,True,pv,0.9999999294635805,baseload,1.929802903525669e-08
62070.0,62079.8,True,pv,0.9999999294635796,baseload,1.9298029134962307e-08
62100.0,62109.8,True,pv,0.9999999292622751,baseload,1.9298028845530844e-08
62130.0,62139.8,True,pv,0.9999999294635805,baseload,1.92980290083693e-08
62160.0,62169.8,True,pv,0.21419680133805413,baseload,0.2140409569454728
62190.0,62199.8,True,pv,0.9999999294635799,baseload,1.9298029096142605e-08
62220.0,62229.8,True,pv,0.2144197383542614,baseload,0.21426373164342283
62250.0,62259.8,True,pv,0.999999929463581,baseload,1.9298029035045738e-08
62280.0,62289.8,True,pv,0.9999999286133137,baseload,1.9298028710280948e-08
62310.0,62319.8,True,pv,0.9999999293699998,baseload,1.9298028839042966e-08
62340.0,62349.8,True,pv,0.9999999294636656,baseload,1.929802897625671e-08
62370.0,62379.8,True,pv,0.9999999295507661,baseload,1.9324732098085932e-08
62400.0,62409.8,True,pv,0.9999999295700984,baseload,1.9305402857162524e-08
62430.0,62439.8,True,pv,0.9999999294753342,baseload,1.93054028947416e-08
62460.0,62469.8,True,pv,0.9999999293688394,baseload,1.9298028800125653e-08
62490.0,62499.8,True,pv,0.9999999293689238,baseload,1.9298028952299427e-08
62520.0,62529.8,True,pv,0.21449843548416755,baseload,0.21353183053429986
62550.0,62559.8,True,pv,0.999999929368924,baseload,1.929802879113724e-08
62580.0,62589.8,True,baseload,0.21260730509302997,pv,0.2121153885653078
62610.0,62619.8,True,pv,0.2126245887594101,baseload,0.21246989026392832
62640.0,62649.8,True,pv,0.9999999294753342,baseload,1.9305402872604123e-08
62670.0,62679.8,True,pv,0.9999999292752576,baseload,1.9298028912206922e-08
62700.0,62709.8,True,pv,0.9999999293688385,baseload,1.9298029013893244e-08
62730.0,62739.8,True,pv,0.2127425264488325,baseload,0.21178383155532873
62760.0,62769.8,True,pv,0.999999929475334,baseload,1.9305402894741597e-08
62790.0,62799.8,True,pv,0.9999999293688392,baseload,1.9298028952758247e-08
62820.0,62829.8,True,pv,0.21397194079333964,baseload,0.21381626355766448
62850.0,62859.8,True,pv,0.9999999294560021,baseload,1.932473206961778e-08
62880.0,62889.8,True,pv,0.2122331139739226,baseload,0.21192088124958552
62910.0,62919.8,True,pv,0.9999999293688394,baseload,1.9298028904873218e-08
62940.0,62949.8,True,pv,0.999999928626303,baseload,1.9298027188130687e-08
62970.0,62979.8,True,pv,0.999999929368839,baseload,1.929802888852403e-08
63000.0,63009.8,True,pv,0.9999999294557208,baseload,1.9324732009804704e-08
63030.0,63039.8,True,pv,0.21449822846683783,baseload,0.21353162362316988
63060.0,63069.8,True,pv,0.9999999293688394,baseload,1.9298028727400036e-08
63090.0,63099.8,True,pv,0.9999999293689233,baseload,1.929802888837071e-08
63120.0,63129.8,True,pv,0.9999999293688385,baseload,1.929802894962091e-08
63150.0,63159.8,True,pv,0.21419441007106604,baseload,0.21403857013532884
63180.0,63189.8,True,pv,0.9999999293688394,baseload,1.9298028727610997e-08
63210.0,63219.8,True,fridge,0.9828828339415324,pc,0.0171133128682814
63240.0,63249.8,True,fridge,0.9828828086639031,pc,0.017113312428163854
63270.0,63279.8,True,fridge,0.9828828377278553,pc,0.017113312934206378
63300.0,63309.8,True,fridge,0.9828854495759336,pc,0.01711335840999635
63330.0,63339.8,True,fridge,0.9828828376371896,pc,0.017113313024862128
63360.0,63369.8,True,fridge,0.9828828086639031,pc,0.017113312428163854
63390.0,63399.8,True,fridge,0.9828828376371896,pc,0.017113313024862128
63420.0,63429.8,True,pc,0.9999173888564767,pv,2.1720135296536197e-05
63450.0,63459.8,True,fridge,0.9828828376371896,pc,0.017113313024862128
63480.0,63489.8,True,fridge,0.9828828374639695,pc,0.017113313198075717
63510.0,63519.8,True,fridge,0.9828854469521618,pc,0.017113358364312957
63540.0,63549.8,True,fridge,0.9828828084000174,pc,0.01711331269203319
63570.0,63579.8,True,fridge,0.9828828377278616,pc,0.017113312934206485
63600.0,63609.8,True,fridge,0.9828828245876016,pc,0.01711331296193188
63630.0,63639.8,True,fridge,0.9828828377278616,pc,0.017113312934206485
63660.0,63669.8,True,fridge,0.9828828086639093,pc,0.017113312428163965
63690.0,63699.8,True,fridge,0.9828828085223872,pc,0.017113312569675174
63720.0,63729.8,True,fridge,0.9828828376371896,pc,0.017113313024862128
63750.0,63759.8,True,fridge,0.9828828374639764,pc,0.01711331319807584
63780.0,63789.8,True,fridge,0.9828828086639093,pc,0.017113312428163965
63810.0,63819.8,True,fridge,0.9828828377278616,pc,0.017113312934206485
63840.0,63849.8,True,fridge,0.9828828377278616,pc,0.017113312934206485
63870.0,63879.8,True,fridge,0.982882837727862,pc,0.017113312934206492
63900.0,63909.8,True,fridge,0.9828828377278616,pc,0.017113312934206485
63930.0,63939.8,True,fridge,0.982894235821082,pc,0.017101901714005618
63960.0,63969.8,True,fridge,0.982882837727848,pc,0.01711331293420625
63990.0,63999.8,True,fridge,0.9828828086639093,pc,0.017113312428163965
64020.0,64029.8,True,fridge,0.9828828377278654,pc,0.01711331293420655
64050.0,64059.8,True,fridge,0.9828828374639695,pc,0.017113313198075717
64080.0,64089.8,True,pv,0.9999999288507426,baseload,1.98161260578313e-08
64110.0,64119.8,True,pv,0.9999999287571613,baseload,1.9816126050993614e-08
64140.0,64149.8,True,pv,0.9999999288508279,baseload,1.9816125893926177e-08
64170.0,64179.8,True,pv,0.9999999289570399,baseload,1.982369794190376e-08
64200.0,64209.8,True,pv,0.999999928850827,baseload,1.981612605332252e-08
64230.0,64239.8,True,baseload,0.21870412520492818,pv,0.2131411108701368
64260.0,64269.8,True,baseload,0.2187039182558431,pv,0.21314090967241528
64290.0,64299.8,True,baseload,0.21870391742801915,pv,0.21314090887077983
64320.0,64329.8,True,pv,0.9999999289570399,baseload,1.982369789924303e-08
64350.0,64359.8,True,pv,0.999999928850827,baseload,1.9816126057832975e-08
64380.0,64389.8,True,pv,0.9999999288507428,baseload,1.9816126010676563e-08
64410.0,64419.8,True,pv,0.9999999288508277,baseload,1.981612601020543e-08
64440.0,64449.8,True,pv,0.9999999288507431,baseload,1.981612601063735e-08
64470.0,64479.8,True,pv,0.9999999286760437,baseload,1.981612610988424e-08
64500.0,64509.8,True,pv,0.9999999287823007,baseload,1.9823697942951817e-08
64530.0,64539.8,True,pv,0.9999999286760439,baseload,1.9816126069991018e-08
64560.0,64569.8,True,baseload,0.21805788554359262,pv,0.21251130939548424
64590.0,64599.8,True,pv,0.9999999286760439,baseload,1.9816126109884248e-08
64620.0,64629.8,True,pv,0.9999999286760448,baseload,1.9816126007214723e-08
64650.0,64659.8,True,baseload,0.21854252944394462,pv,0.212983625885279
64680.0,64689.8,True,baseload,0.21805788554359262,pv,0.21251130939548424
64710.0,64719.8,True,baseload,0.21805788553956035,pv,0.21251130939155452
64740.0,64749.8,True,pv,0.9999999287823009,baseload,1.9823697895779057e-08
64770.0,64779.8,True,pv,0.99999992874064,baseload,1.9860391724732755e-08
64800.0,64809.8,True,pv,0.9999999286760439,baseload,1.9816126109884248e-08
64830.0,64839.8,True,baseload,0.21854253103764645,pv,0.2129836273227963
64860.0,64869.8,True,baseload,0.2177689174812309,pv,0.21303529264419627
64890.0,64899.8,True,pv,0.9999999286760444,baseload,1.981612605436946e-08
64920.0,64929.8,True,pv,0.9999999286760446,baseload,1.981612592427626e-08
64950.0,64959.8,True,baseload,0.2177689180171082,pv,0.2130352938433092
64980.0,64989.8,True,pv,0.9999999287621679,baseload,1.984354602306244e-08
65010.0,65019.8,True,pv,0.9999999286760439,baseload,1.9816126109884248e-08
65040.0,65049.8,True,pv,0.9999999286761287,baseload,1.9816126047070406e-08
65070.0,65079.8,True,pv,0.9999999287823007,baseload,1.982369793568753e-08
65100.0,65109.8,True,pv,0.9999999287823007,baseload,1.982369793568753e-08
65130.0,65139.8,True,pv,0.999999928582463,baseload,1.9816126044780714e-08
65160.0,65169.8,True,pv,0.9999999286760444,baseload,1.9816126047324502e-08
65190.0,65199.8,True,pv,0.9999999286760444,baseload,1.9816126047107877e-08
65220.0,65229.8,True,pv,0.9999999287823005,baseload,1.9823697992666318e-08
65250.0,65259.8,True,pv,0.9999999286760437,baseload,1.9816126142658315e-08
65280.0,65289.8,True,pv,0.9999999286760437,baseload,1.9816126166841275e-08
65310.0,65319.8,True,pv,0.9999999287624493,baseload,1.9843546128231388e-08
65340.0,65349.8,True,pv,0.9999999286760446,baseload,1.981612601172503e-08
65370.0,65379.8,True,pv,0.9999999286760439,baseload,1.9816126026365334e-08
65400.0,65409.8,True,baseload,0.21828284997269412,pv,0.2127305295435325
65430.0,65439.8,True,pv,0.9999999287621675,baseload,1.9843546154724888e-08
65460.0,65469.8,True,pv,0.9999999286760437,baseload,1.9816126166841275e-08
65490.0,65499.8,True,pv,0.9999999286760439,baseload,1.9816126026365334e-08
65520.0,65529.8,True,pv,0.9999999287624493,baseload,1.9843546128231388e-08
65550.0,65559.8,True,pv,0.9999999286760446,baseload,1.9816125944054795e-08
65580.0,65589.8,True,pv,0.9999999287624493,baseload,1.9843546132748082e-08
65610.0,65619.8,True,pv,0.9999999286760439,baseload,1.9816126026365334e-08
65640.0,65649.8,True,pv,0.9999999287647208,baseload,1.98161260739594e-08
65670.0,65679.8,True,baseload,0.2185423307949728,pv,0.21298341079378344
65700.0,65709.8,True,pv,0.9999999287823005,baseload,1.9823697960791486e-08
65730.0,65739.8,True,baseload,0.21776892165021913,pv,0.21303527549628787
65760.0,65769.8,True,pv,0.9999999286760439,baseload,1.9816126026365334e-08
65790.0,65799.8,True,pv,0.9999999287823009,baseload,1.9823697852136703e-08
65820.0,65829.8,True,baseload,0.21854253496476325,pv,0.21298360977531997
65850.0,65859.8,True,pv,0.9999999286761296,baseload,1.9816125963117906e-08
65880.0,65889.8,True,pv,0.9999999286761292,baseload,1.9816126048625082e-08
65910.0,65919.8,True,pv,0.9999999287406398,baseload,1.986039209918303e-08
65940.0,65949.8,True,pv,0.9999999286761292,baseload,1.9816125963590643e-08
65970.0,65979.8,True,baseload,0.21728074094666222,pv,0.2129150603340347
66000.0,66009.8,True,baseload,0.21769095468575625,pv,0.21331702836309907
66030.0,66039.8,True,baseload,0.2175051218077768,pv,0.21313493297725392
66060.0,66069.8,True,washing_machine,0.9999996589129796,baseload,1.0756069213115985e-07
66090.0,66099.8,True,washing_machine,0.9999996585097357,baseload,1.0756065503165518e-07
66120.0,66129.8,True,washing_machine,0.9999996585097357,baseload,1.0756065503165518e-07
66150.0,66159.8,True,washing_machine,0.9999996585097359,baseload,1.0756065503165521e-07
66180.0,66189.8,True,washing_machine,0.9999996588128618,baseload,1.0756065506425962e-07
66210.0,66219.8,True,washing_machine,0.9999996589131093,baseload,1.0756065507504231e-07
66240.0,66249.8,True,washing_machine,0.9999996589130968,baseload,1.0756065507504098e-07
66270.0,66279.8,True,ev,0.9999974364137926,baseload,6.402544961677748e-07
66300.0,66309.8,True,ev,0.9999974249246818,baseload,6.403028010728418e-07
66330.0,66339.8,True,ev,0.9999975501539567,baseload,6.091641429650946e-07
66360.0,66369.8,True,ev,0.9999974364137968,baseload,6.402544961677775e-07
66390.0,66399.8,True,ev,0.9999975569630987,baseload,6.074710338438559e-07
66420.0,66429.8,True,ev,0.9999974364137968,baseload,6.402544961677775e-07
66450.0,66459.8,True,ev,0.999997439359719,baseload,6.402544980539223e-07
66480.0,66489.8,True,ev,0.9999974364138168,baseload,6.402544961677903e-07
66510.0,66519.8,True,ev,0.9999974364138048,baseload,6.402544961677825e-07
66540.0,66549.8,True,ev,0.999997439359719,baseload,6.402544980539223e-07
66570.0,66579.8,True,ev,0.9999974364137939,baseload,6.402544961677757e-07
66600.0,66609.8,True,ev,0.9999975610843383,baseload,6.091181868425181e-07
66630.0,66639.8,True,ev,0.9999973809248877,baseload,6.481331864960882e-07
66660.0,66669.8,True,ev,0.9999975501539567,baseload,6.091641429650946e-07
66690.0,66699.8,True,ev,0.9999974364137888,baseload,6.402544961677724e-07
66720.0,66729.8,True,ev,0.999997439359719,baseload,6.402544980539223e-07
66750.0,66759.8,True,ev,0.9999974364137939,baseload,6.402544961677757e-07
66780.0,66789.8,True,ev,0.9999974364138048,baseload,6.402544961677825e-07
66810.0,66819.8,True,ev,0.9999974364138048,baseload,6.402544961677825e-07
66840.0,66849.8,True,ev,0.999997439359719,baseload,6.402544980539223e-07
66870.0,66879.8,True,ev,0.9999975638870001,baseload,6.091181885496744e-07
66900.0,66909.8,True,washing_machine,0.9609669224762387,ev,0.039032829382590645
66930.0,66939.8,True,washing_machine,0.9999996354875812,baseload,1.3098638259382832e-07
66960.0,66969.8,True,fridge,0.999654981261883,washing_machine,0.00033853458880395436
66990.0,66999.8,True,baseload,0.9999571849278308,pv,1.1753674006168104e-05
67020.0,67029.8,True,fridge,0.9996549812618859,washing_machine,0.00033853458880395534
67050.0,67059.8,True,pv,0.9983655857997176,baseload,0.001634363573515492
67080.0,67089.8,True,fridge,0.9996549811902619,washing_machine,0.0003385345899598262
67110.0,67119.8,True,baseload,0.9999572716495069,pv,1.1753675297804262e-05
67140.0,67149.8,True,baseload,0.6621665321260167,fridge,0.33771725990449153
67170.0,67179.8,True,baseload,0.9999572976778259,pv,1.1753675346589084e-05
67200.0,67209.8,True,baseload,0.8073962935883096,fridge,0.19253745458219818
67230.0,67239.8,True,pv,0.9980228325852798,baseload,0.0019771167958066668
67260.0,67269.8,True,fridge,0.9996549811905496,washing_machine,0.00033853458995992367
67290.0,67299.8,True,baseload,0.9999572716495426,pv,1.1753675297804682e-05
67320.0,67329.8,True,baseload,0.6621665328707894,fridge,0.337717259159973
67350.0,67359.8,True,baseload,0.9999571849278606,pv,1.1753674006168453e-05
67380.0,67389.8,True,baseload,0.6621665328707902,fridge,0.33771725915997347
67410.0,67419.8,True,baseload,0.9999572977083794,pv,1.1753675346948214e-05
67440.0,67449.8,True,baseload,0.6621665328707892,fridge,0.33771725915997297
67470.0,67479.8,True,baseload,0.9999572321112544,pv,1.1753674575907978e-05
67500.0,67509.8,True,washing_machine,0.5712150756612914,fridge,0.42878214285720107
67530.0,67539.8,True,pv,0.9983655858031772,baseload,0.0016343635700558068
67560.0,67569.8,True,washing_machine,0.5712150757780401,fridge,0.42878214294483835
67590.0,67599.8,True,pv,0.9983655857993462,baseload,0.0016343635738868916
67620.0,67629.8,True,washing_machine,0.5712150757780409,fridge,0.42878214294483896
67650.0,67659.8,True,pv,0.9983655858031772,baseload,0.0016343635700558068
67680.0,67689.8,True,fridge,0.9996549811905523,washing_machine,0.00033853458995992454
67710.0,67719.8,True,pv,0.9983655858031772,baseload,0.0016343635700558068
67740.0,67749.8,True,washing_machine,0.5712150756612906,fridge,0.42878214285720045
67770.0,67779.8,True,pv,0.9983655857993462,baseload,0.0016343635738868916
67800.0,67809.8,True,washing_machine,0.5711257278123839,fridge,0.42887149077538733
67830.0,67839.8,True,baseload,0.9999572321418471,pv,1.175367457626757e-05
67860.0,67869.8,True,fridge,0.9996549811892411,washing_machine,0.0003385345899594805
67890.0,67899.8,True,pv,0.998365585807193,baseload,0.0016343635660401536
67920.0,67929.8,True,washing_machine,0.5712150756609692,fridge,0.42878214285695915
67950.0,67959.8,True,baseload,0.9999572977084425,pv,1.1753675323631164e-05
67980.0,67989.8,True,washing_machine,0.5711257278122205,fridge,0.42887149077526465
68010.0,68019.8,True,pv,0.9983655858028059,baseload,0.0016343635704272048
68040.0,68049.8,True,washing_machine,0.5712150756612904,fridge,0.4287821428572003
68070.0,68079.8,True,baseload,0.999973489723853,pc,7.195175577373109e-06
68100.0,68109.8,True,washing_machine,0.57121507577804,fridge,0.4287821429448383
68130.0,68139.8,True,baseload,0.9999572716189776,pv,1.1753675297445417e-05
68160.0,68169.8,True,washing_machine,0.5712150756609699,fridge,0.42878214285695965
68190.0,68199.8,True,baseload,0.9999572977084494,pv,1.1753675323631246e-05
68220.0,68229.8,True,washing_machine,0.5712150756611027,fridge,0.42878214285705946
68250.0,68259.8,True,baseload,0.9999572976778128,pv,1.175367534658893e-05
68280.0,68289.8,True,washing_machine,0.5712150756607829,fridge,0.4287821428568193
68310.0,68319.8,True,pv,0.9983655858071933,baseload,0.001634363566040154
68340.0,68349.8,True,washing_machine,0.5711257278124545,fridge,0.42887149077544034
68370.0,68379.8,True,pv,0.9983655858071933,baseload,0.001634363566040154
68400.0,68409.8,True,washing_machine,0.57121507566094,fridge,0.4287821428569373
68430.0,68439.8,True,pv,0.9983655858068219,baseload,0.001634363566411552
68460.0,68469.8,True,washing_machine,0.5712150756609699,fridge,0.42878214285695965
68490.0,68499.8,True,baseload,0.9999572716495364,pv,1.175367529780461e-05
68520.0,68529.8,True,washing_machine,0.5711257276596223,fridge,0.4288714906606752
68550.0,68559.8,True,pv,0.9983655858071933,baseload,0.001634363566040154
68580.0,68589.8,True,washing_machine,0.5711257278122908,fridge,0.42887149077531744
68610.0,68619.8,True,pv,0.9983655858183066,baseload,0.0016343635549271195
68640.0,68649.8,True,washing_machine,0.5711257278126414,fridge,0.42887149077558073
68670.0,68679.8,True,pv,0.9983655858068219,baseload,0.001634363566411552
68700.0,68709.8,True,washing_machine,0.5711257278121337,fridge,0.4288714907751994
68730.0,68739.8,True,baseload,0.9999572716190198,pv,1.1753675301030247e-05
68760.0,68769.8,True,fridge,0.7969084297815501,washing_machine,0.2030902454636855
68790.0,68799.8,True,fridge,0.7711265213181275,washing_machine,0.22887219664094155
68820.0,68829.8,True,baseload,0.2689254186616095,pv,0.20009279250644818
68850.0,68859.8,True,baseload,0.241868648893373,pc,0.210013413426041
68880.0,68889.8,True,baseload,0.26913745561454117,pv,0.20002239496002855
68910.0,68919.8,True,baseload,0.24215438282018473,pc,0.21023033145371292
68940.0,68949.8,True,synchronous,0.426593306927544,fridge,0.3493480612999638
68970.0,68979.8,True,fridge,0.9947850732070607,pc,0.005213687015028656
69000.0,69009.8,True,synchronous,0.4272702602642037,fridge,0.34990243552926414
69030.0,69039.8,True,fridge,0.9999985643496873,synchronous,9.414584363203578e-07
69060.0,69069.8,True,synchronous,0.42659320652356636,fridge,0.3493479790766041
69090.0,69099.8,True,fridge,0.9999985643496864,synchronous,9.414584372174142e-07
69120.0,69129.8,True,synchronous,0.42659115565791017,fridge,0.3493462995707859
69150.0,69159.8,True,fridge,0.9999985682117539,synchronous,9.414635479531858e-07
69180.0,69189.8,True,synchronous,0.426593306927544,fridge,0.3493480612999638
69210.0,69219.8,True,fridge,0.9999985678905216,synchronous,9.414584422380511e-07
69240.0,69249.8,True,synchronous,0.4265933069575952,fridge,0.34934806132457347
69270.0,69279.8,True,fridge,0.9999985678904967,synchronous,9.41458447680419e-07
69300.0,69309.8,True,synchronous,0.426593306927544,fridge,0.3493480612999638
69330.0,69339.8,True,fridge,0.9999985682145304,synchronous,9.414635538766969e-07
69360.0,69369.8,True,synchronous,0.4265933069575952,fridge,0.34934806132457347
69390.0,69399.8,True,fridge,0.9999985678912143,synchronous,9.414584476810946e-07
69420.0,69429.8,True,synchronous,0.426593306927544,fridge,0.3493480612999638
69450.0,69459.8,True,fridge,0.9999985692352206,synchronous,9.4146355438622e-07
69480.0,69489.8,True,synchronous,0.426593306927544,fridge,0.3493480612999638
69510.0,69519.8,True,fridge,0.999998568532641,synchronous,9.414635416693858e-07
69540.0,69549.8,True,synchronous,0.426593306927544,fridge,0.3493480612999638
69570.0,69579.8,True,fridge,0.9999985689049503,synchronous,9.414584486354862e-07
69600.0,69609.8,True,synchronous,0.44636886142048215,fridge,0.3191858373239523
69630.0,69639.8,True,fridge,0.9999985689099399,synchronous,9.414584486401837e-07
69660.0,69669.8,True,synchronous,0.426593306927544,fridge,0.3493480612999638
69690.0,69699.8,True,fridge,0.9999985696055566,synchronous,9.414635547348783e-07
69720.0,69729.8,True,synchronous,0.426593306927544,fridge,0.3493480612999638
69750.0,69759.8,True,fridge,0.9999983618595313,synchronous,1.0781967052440892e-06
69780.0,69789.8,True,synchronous,0.44636886145392574,fridge,0.3191858373478669
69810.0,69819.8,True,fridge,0.9999983618626888,synchronous,1.07819670481958e-06
69840.0,69849.8,True,fridge,0.5609121030102687,pc,0.1443443819381207
69870.0,69879.8,True,fridge,0.5614383824270115,pc,0.143166396530894
69900.0,69909.8,True,fridge,0.9999943994244566,synchronous,3.685984829867188e-06
69930.0,69939.8,True,synchronous,0.45900324284202637,fridge,0.30272487604902854
69960.0,69969.8,True,synchronous,0.4341210868615354,fridge,0.33764372975059076
69990.0,69999.8,True,synchronous,0.4404372086936498,fridge,0.331426250383491
70020.0,70029.8,True,washing_machine,0.999998364322831,synchronous,5.750000612581492e-07
70050.0,70059.8,True,washing_machine,0.99999809971638,synchronous,6.679843219153363e-07
70080.0,70089.8,True,washing_machine,0.9999980942073744,synchronous,6.698865621656891e-07
70110.0,70119.8,True,washing_machine,0.9999983592270832,synchronous,5.800931080850141e-07
70140.0,70149.8,True,washing_machine,0.9999980942073744,synchronous,6.698865621656891e-07
70170.0,70179.8,True,washing_machine,0.9999980996180925,synchronous,6.67984695610377e-07
70200.0,70209.8,True,washing_machine,0.9999980942073744,synchronous,6.698865621656891e-07
70230.0,70239.8,True,washing_machine,0.9999980996180925,synchronous,6.67984695610377e-07
70260.0,70269.8,True,washing_machine,0.9999983592270888,synchronous,5.800931080850183e-07
70290.0,70299.8,True,washing_machine,0.9999983979723798,synchronous,5.750000806066735e-07
70320.0,70329.8,True,washing_machine,0.8533524754591078,fridge,0.14664670158758336
70350.0,70359.8,True,fridge,0.7711265262755201,washing_machine,0.2288721983118532
70380.0,70389.8,True,washing_machine,0.9999964571959641,baseload,1.045547629040929e-06
70410.0,70419.8,True,washing_machine,0.9999994664094171,baseload,1.5375414326181611e-07
70440.0,70449.8,True,pv,0.9999999223821163,baseload,2.6110061253199578e-08
70470.0,70479.8,True,pv,0.9999999224707938,baseload,2.6110061082880288e-08
70500.0,70509.8,True,baseload,0.26971672626951965,pv,0.19972269232579515
70530.0,70539.8,True,pv,0.9999999224859684,baseload,2.6120037980988574e-08
70560.0,70569.8,True,pv,0.9999999225746468,baseload,2.612003789335105e-08
70590.0,70599.8,True,pv,0.9999999225213407,baseload,2.6168385221275536e-08
70620.0,70629.8,True,pv,0.9999999225484915,baseload,2.614619018681386e-08
70650.0,70659.8,True,pv,0.9999999224708771,baseload,2.611006108288246e-08
70680.0,70689.8,True,pv,0.9999999223821163,baseload,2.6110061253199578e-08
70710.0,70719.8,True,pv,0.9999999225213423,baseload,2.6168385277701304e-08
70740.0,70749.8,True,baseload,0.2685821517991125,pv,0.19974369743934622
70770.0,70779.8,True,pv,0.9999999224595322,baseload,2.6146191433981194e-08
70800.0,70809.8,True,baseload,0.2685821496894102,pv,0.19974369517667773
70830.0,70839.8,True,baseload,0.2695236607540372,pv,0.1997678195298834
70860.0,70869.8,True,pv,0.9999999225140233,baseload,2.6176013829416475e-08
70890.0,70899.8,True,baseload,0.2698700716818323,pv,0.1996667491499847
70920.0,70929.8,True,baseload,0.26971594649494995,pv,0.1997221149920064
70950.0,70959.8,True,baseload,0.26893020998705136,pv,0.2000845889293634
70980.0,70989.8,True,baseload,0.24211132060322432,pc,0.21022412287309888
71010.0,71019.8,True,pv,0.999999922432657,baseload,2.6168385101933818e-08
71040.0,71049.8,True,baseload,0.2685821568691231,pv,0.19974370114898443
71070.0,71079.8,True,pv,0.9999999225482135,baseload,2.614619020399912e-08
71100.0,71109.8,True,pv,0.9999999225746505,baseload,2.6120037854259197e-08
71130.0,71139.8,True,baseload,0.2691745744348734,pv,0.19942727439001318
71160.0,71169.8,True,pv,0.9999999225482141,baseload,2.6146189949602796e-08
71190.0,71199.8,True,baseload,0.2697167365882077,pv,0.19972269993723188
71220.0,71229.8,True,pv,0.9999999225482146,baseload,2.6146189960328063e-08
71250.0,71259.8,True,pv,0.999999922377216,baseload,2.6110060909948433e-08
71280.0,71289.8,True,baseload,0.2685821573527353,pv,0.19974370156955792
71310.0,71319.8,True,baseload,0.2695236657812509,pv,0.199767823226535
71340.0,71349.8,True,pv,0.9999999225140259,baseload,2.6176013622214746e-08
71370.0,71379.8,True,pv,0.9999999225746521,baseload,2.6120037723420645e-08
71400.0,71409.8,True,pv,0.9999999224707989,baseload,2.6110060995729994e-08
71430.0,71439.8,True,baseload,0.26892544218539083,pv,0.20009279544251105
71460.0,71469.8,True,pv,0.9999999225213472,baseload,2.6168384497774168e-08
71490.0,71499.8,True,pv,0.9999999225482157,baseload,2.6146189949671204e-08
71520.0,71529.8,True,pv,0.9999999225459266,baseload,2.614789093498775e-08
71550.0,71559.8,True,baseload,0.26892622387100384,pv,0.20009337702275296
71580.0,71589.8,True,pv,0.9999999224708833,baseload,2.6110060901751927e-08
71610.0,71619.8,True,pv,0.9999999225482157,baseload,2.6146189960615495e-08
71640.0,71649.8,True,baseload,0.2685821590080079,pv,0.19974370230559135
71670.0,71679.8,True,pv,0.999999922548497,baseload,2.614618996062285e-08
71700.0,71709.8,True,baseload,0.2689254421929875,pv,0.2000927954186543
71730.0,71739.8,True,baseload,0.2685821596338123,pv,0.1997437034646897
71760.0,71769.8,True,baseload,0.2699638379418825,pv,0.19990567652632502
71790.0,71799.8,True,baseload,0.26858215917061556,pv,0.19974370312021172
71820.0,71829.8,True,baseload,0.26858216075970753,pv,0.19974370407385492
71850.0,71859.8,True,pv,0.9999999225482152,baseload,2.614618999616483e-08
71880.0,71889.8,True,pv,0.9999999225482157,baseload,2.6146189961249377e-08
71910.0,71919.8,True,baseload,0.26892622394354143,pv,0.20009337730528318
71940.0,71949.8,True,pv,0.999999922548497,baseload,2.6146189961256732e-08
71970.0,71979.8,True,pv,0.9999999225484999,baseload,2.6146189978469775e-08
72000.0,72009.8,True,pv,0.9999999225746523,baseload,2.612003774153676e-08
72030.0,72039.8,True,baseload,0.2689302182453418,pv,0.20008459527258832
72060.0,72069.8,True,baseload,0.2689254420245204,pv,0.20009279552186537
72090.0,72099.8,True,baseload,0.2689254422967047,pv,0.20009279569487387
72120.0,72129.8,True,baseload,0.26892544104414684,pv,0.2000927948629875
72150.0,72159.8,True,baseload,0.2699630516345442,pv,0.19990509435515683
72180.0,72189.8,True,pv,0.9999999225746523,baseload,2.612003767187191e-08
72210.0,72219.8,True,baseload,0.2697706604446189,pv,0.19995089337971317
72240.0,72249.8,True,pv,0.9999999224708005,baseload,2.6110061009899552e-08
72270.0,72279.8,True,baseload,0.2702144504741579,pv,0.19971950811826633
72300.0,72309.8,True,baseload,0.24215093014801028,pc,0.21025851717591226
72330.0,72339.8,True,baseload,0.2686209945230262,pv,0.19962888269687032
72360.0,72369.8,True,baseload,0.26896893587316795,pv,0.19996945395028928
72390.0,72399.8,True,baseload,0.24215093135961532,pc,0.21025851771074794
72420.0,72429.8,True,baseload,0.2689752933052734,pv,0.19997292544943418
72450.0,72459.8,True,baseload,0.2424372611412228,pc,0.2104759166935255
72480.0,72489.8,True,baseload,0.26862076066356516,pv,0.19962870826902154
72510.0,72519.8,True,baseload,0.2694597149920793,pv,0.19949493252096434
72540.0,72549.8,True,pc,0.27059706571083547,baseload,0.22364989632858243
72570.0,72579.8,True,baseload,0.26922222191203776,pv,0.20015650077820596
72600.0,72609.8,True,baseload,0.2686207624632386,pv,0.19962871020944228
72630.0,72639.8,True,baseload,0.26945971676378305,pv,0.19949493383264805
72660.0,72669.8,True,baseload,0.2692222234256296,pv,0.20015650189375703
72690.0,72699.8,True,pc,0.2708554578863759,baseload,0.2238966637028381
72720.0,72729.8,True,fridge,0.999995571725056,synchronous,2.9552951522285503e-06
72750.0,72759.8,True,fridge,0.9999955715407441,synchronous,2.9552950649568027e-06
72780.0,72789.8,True,fridge,0.9999955715407268,synchronous,2.9552950836913135e-06
72810.0,72819.8,True,fridge,0.9999955497263977,synchronous,2.9814713885255566e-06
72840.0,72849.8,True,fridge,0.9999955717250729,synchronous,2.955295151603838e-06
72870.0,72879.8,True,fridge,0.9999955717250729,synchronous,2.955295151603838e-06
72900.0,72909.8,True,fridge,0.9999955742015941,synchronous,2.955294979826335e-06
72930.0,72939.8,True,fridge,0.9999955480754086,synchronous,2.981471380807857e-06
72960.0,72969.8,True,fridge,0.9999955742015968,synchronous,2.955294980422977e-06
72990.0,72999.8,True,fridge,0.9999955503178553,synchronous,2.9814713902889784e-06
73020.0,73029.8,True,fridge,0.9999955742015968,synchronous,2.955294980422977e-06
73050.0,73059.8,True,fridge,0.9999955503119865,synchronous,2.9814713902714808e-06
73080.0,73089.8,True,fridge,0.9999955717250589,synchronous,2.955295151007152e-06
73110.0,73119.8,True,fridge,0.9999955715407461,synchronous,2.9552950643320363e-06
73140.0,73149.8,True,fridge,0.9999955715407268,synchronous,2.9552950836913135e-06
73170.0,73179.8,True,fridge,0.9999955737284588,synchronous,2.955294979024708e-06
73200.0,73209.8,True,fridge,0.9999986805262888,synchronous,8.776950452773988e-07
73230.0,73239.8,True,fridge,0.9999955742015968,synchronous,2.955294980422977e-06
73260.0,73269.8,True,fridge,0.9999955715407435,synchronous,2.9552950665061534e-06
73290.0,73299.8,True,fridge,0.9999955476022859,synchronous,2.9814713799991734e-06
73320.0,73329.8,True,fridge,0.9999955715408487,synchronous,2.9552950086221648e-06
73350.0,73359.8,True,fridge,0.9999955715407461,synchronous,2.9552950643320363e-06
73380.0,73389.8,True,fridge,0.9999955712519379,synchronous,2.9552951502055786e-06
73410.0,73419.8,True,fridge,0.999995547602271,synchronous,2.981471379999129e-06
73440.0,73449.8,True,baseload,0.26886711292994614,pv,0.1998118005725241
73470.0,73479.8,True,baseload,0.26936501210940195,pv,0.20010583350989117
73500.0,73509.8,True,baseload,0.26936501190002743,pv,0.2001058333543511
73530.0,73539.8,True,baseload,0.269423243695413,pv,0.20009075204655988
73560.0,73569.8,True,baseload,0.2692118380761635,pv,0.20016181418934334
73590.0,73599.8,True,baseload,0.26886711396817464,pv,0.199811801344096
73620.0,73629.8,True,baseload,0.2692110547199616,pv,0.20016123175582318
73650.0,73659.8,True,baseload,0.26936501027242055,pv,0.20010583084704986
73680.0,73689.8,True,baseload,0.23284213784211283,pv,0.20940054365188268
73710.0,73719.8,True,baseload,0.26942324355779734,pv,0.20009075194435783
73740.0,73749.8,True,baseload,0.26921112420610877,pv,0.2001611605905251
73770.0,73779.8,True,fridge,0.9999855615177133,synchronous,9.092356214478913e-06
73800.0,73809.8,True,baseload,0.24215097868810823,pc,0.2102585432634966
73830.0,73839.8,True,baseload,0.2692111250183557,pv,0.2001611608647537
73860.0,73869.8,True,fridge,0.9999938905176812,pc,1.8210561750490637e-06
73890.0,73899.8,True,baseload,0.2423511630568849,pc,0.210432362785199
73920.0,73929.8,True,baseload,0.2694233157241572,pv,0.20009068648638345
73950.0,73959.8,True,baseload,0.24277880729112172,pc,0.2105988387531222
73980.0,73989.8,True,fridge,0.9999855724332094,synchronous,9.172891663060854e-06
74010.0,74019.8,True,fridge,0.9999858361759809,synchronous,9.17028352296303e-06
74040.0,74049.8,True,baseload,0.24263789980919367,pc,0.210650089285817
74070.0,74079.8,True,fridge,0.9999846123654178,synchronous,9.092346370208992e-06
74100.0,74109.8,True,fridge,0.999984978149096,synchronous,9.17027435097833e-06
74130.0,74139.8,True,fridge,0.9999928518348711,baseload,2.5429999764701308e-06
74160.0,74169.8,True,fridge,0.9999846123655386,synchronous,9.092346263184823e-06
74190.0,74199.8,True,baseload,0.32802569875377374,pc,0.23474679443228352
74220.0,74229.8,True,fridge,0.999984484509613,synchronous,9.09234520768184e-06
74250.0,74259.8,True,fridge,0.9999839504169727,synchronous,9.094717082756914e-06
74280.0,74289.8,True,baseload,0.3628294574798931,pc,0.1772109529379255
74310.0,74319.8,True,fridge,0.9999858360220641,synchronous,9.170438047475848e-06
74340.0,74349.8,True,baseload,0.3486196478874376,pc,0.24338647850980655
74370.0,74379.8,True,fridge,0.9999839687397328,synchronous,9.172875619501175e-06
74400.0,74409.8,True,fridge,0.9999922871816455,baseload,2.9012397704470482e-06
74430.0,74439.8,True,fridge,0.9999840518812817,synchronous,9.092341166989466e-06
74460.0,74469.8,True,fridge,0.9999840432204109,synchronous,9.09471767905816e-06
74490.0,74499.8,True,baseload,0.34938371865384804,pc,0.24361190184826131
74520.0,74529.8,True,fridge,0.9999845367947845,synchronous,9.17027011919868e-06
74550.0,74559.8,True,baseload,0.34909929927938127,pc,0.24341354786614236
74580.0,74589.8,True,fridge,0.9999844751394379,synchronous,9.170269630229956e-06
74610.0,74619.8,True,fridge,0.9999840404916706,synchronous,9.09467876111258e-06
74640.0,74649.8,True,fridge,0.9999840481197223,synchronous,9.092341132787539e-06
74670.0,74679.8,True,fridge,0.9999840480770575,synchronous,9.092341132399611e-06
74700.0,74709.8,True,fridge,0.9999844765101785,synchronous,9.170269714911755e-06
74730.0,74739.8,False,off,,,
74760.0,74769.8,False,off,,,
74790.0,74799.8,True,fridge,0.9999840449272435,synchronous,9.09234110375997e-06
74820.0,74829.8,False,off,,,
74850.0,74859.8,False,off,,,
74880.0,74889.8,False,off,,,
74910.0,74919.8,True,fridge,0.999984476510139,synchronous,9.170269642799852e-06
74940.0,74949.8,False,off,,,
74970.0,74979.8,True,fridge,0.999984046600203,synchronous,9.092495125521319e-06
75000.0,75009.8,False,off,,,
75030.0,75039.8,True,fridge,0.9999845545399456,synchronous,9.089912354919856e-06
75060.0,75069.8,False,off,,,
75090.0,75099.8,True,fridge,0.9999844761133736,synchronous,9.17026963916135e-06
75120.0,75129.8,True,fridge,0.9999840505769412,synchronous,9.089907628786306e-06
75150.0,75159.8,True,fridge,0.9999858270635774,synchronous,9.170437933630081e-06
75180.0,75189.8,False,off,,,
75210.0,75219.8,True,fridge,0.9999840505769316,synchronous,9.089907654690093e-06
75240.0,75249.8,True,fridge,0.9999859146971911,synchronous,9.089924895098425e-06
75270.0,75279.8,True,fridge,0.9999856576256384,synchronous,9.089920279852009e-06
75300.0,75309.8,True,fridge,0.9999845586768408,synchronous,9.089910382444918e-06
75330.0,75339.8,True,fridge,0.9999840547138845,synchronous,9.08990560582908e-06
75360.0,75369.8,True,fridge,0.9999858312222479,synchronous,9.170435926235487e-06
75390.0,75399.8,True,fridge,0.9999840478943203,synchronous,9.09228166932192e-06
75420.0,75429.8,True,fridge,0.9999840477700851,synchronous,9.092280982772702e-06
75450.0,75459.8,True,fridge,0.999984480492869,synchronous,9.17042347192165e-06
75480.0,75489.8,True,pc,0.24301449035577313,fridge,0.23539497626391875
75510.0,75519.8,True,baseload,0.3096404051172582,pc,0.21596185738360993
75540.0,75549.8,True,baseload,0.2700701222670058,pc,0.22816601151284763
75570.0,75579.8,True,baseload,0.27007012129587,pc,0.22816601069239337
75600.0,75609.8,True,baseload,0.27007012147887727,pc,0.22816601084700522
75630.0,75639.8,True,fridge,0.251619762339547,pc,0.18637661081185108
75660.0,75669.8,True,fridge,0.25161976236941774,pc,0.18637661083397652
75690.0,75699.8,True,baseload,0.3342468970602695,fridge,0.1998046142166335
75720.0,75729.8,True,resistive,0.6891331206262354,synchronous,0.0817314493685892
75750.0,75759.8,True,resistive,0.6888135348458574,synchronous,0.08241955518590932
75780.0,75789.8,True,resistive,0.6599604560660011,baseload,0.08862810104561261
75810.0,75819.8,True,resistive,0.6892235138744313,synchronous,0.08176354536644485
75840.0,75849.8,True,baseload,0.9999000537976016,washing_machine,9.249184988071996e-05
75870.0,75879.8,True,fridge,0.2678676345911853,pc,0.23785036508600715
75900.0,75909.8,True,fridge,0.298300060697121,pc,0.23127991244989615
75930.0,75939.8,True,fridge,0.3012537833046643,pc,0.23436049928432476
75960.0,75969.8,True,fridge,0.29855257066931673,pc,0.2314903322224313
75990.0,75999.8,True,fridge,0.2982538133339354,pc,0.23202667431555749
76020.0,76029.8,True,fridge,0.29826115807202935,pc,0.23203238755612285
76050.0,76059.8,True,fridge,0.29830006367721634,pc,0.23127991417598712
76080.0,76089.8,True,fridge,0.2982518199331845,pc,0.23202512128435798
76110.0,76119.8,True,fridge,0.2981250406176239,pc,0.23209079892577564
76140.0,76149.8,True,fridge,0.29825182043148296,pc,0.23202512108567064
76170.0,76179.8,True,fridge,0.2982538122751061,pc,0.23202667349184083
76200.0,76209.8,True,fridge,0.29826115685788684,pc,0.2320323866266187
76230.0,76239.8,True,fridge,0.3011108502567006,pc,0.23441664949252064
76260.0,76269.8,True,fridge,0.2981250406176239,pc,0.23209079892577564
76290.0,76299.8,True,fridge,0.29825381356434244,pc,0.23202667425796078
76320.0,76329.8,True,fridge,0.29825182142052004,pc,0.23202511971779569
76350.0,76359.8,True,fridge,0.2982518199331845,pc,0.23202512128435798
76380.0,76389.8,True,fridge,0.2982518199331845,pc,0.23202512128435798
76410.0,76419.8,True,fridge,0.30112658656264873,pc,0.23442750702298887
76440.0,76449.8,True,fridge,0.29825916418833676,pc,0.23203083475055852
76470.0,76479.8,True,fridge,0.2982383818782997,pc,0.23201604834865888
76500.0,76509.8,True,fridge,0.30112658656264873,pc,0.23442750702298887
76530.0,76539.8,True,fridge,0.2982538133339354,pc,0.23202667431555749
76560.0,76569.8,True,baseload,0.9999000544558789,washing_machine,9.249184994161133e-05
76590.0,76599.8,True,baseload,0.9999000136632478,washing_machine,9.260135402949256e-05
76620.0,76629.8,True,washing_machine,0.921644727232654,resistive,0.06601617621827907
76650.0,76659.8,True,baseload,0.9999045533573537,washing_machine,9.260177445335029e-05
76680.0,76689.8,True,baseload,0.999896004556539,washing_machine,9.649597804975718e-05
76710.0,76719.8,True,baseload,0.999900053478229,washing_machine,9.249184985117765e-05
76740.0,76749.8,True,washing_machine,0.921644727232654,resistive,0.06601617621827907
76770.0,76779.8,True,baseload,0.999900053478229,washing_machine,9.249184985117765e-05
76800.0,76809.8,True,baseload,0.9999000534782294,washing_machine,9.249184985117769e-05
76830.0,76839.8,True,washing_machine,0.9216447207835892,resistive,0.06601617575634121
76860.0,76869.8,True,washing_machine,0.9216221743131524,resistive,0.0660145607828905
76890.0,76899.8,True,baseload,0.9999000544558789,washing_machine,9.249184994161133e-05
76920.0,76929.8,True,baseload,0.999900053478229,washing_machine,9.249184985117765e-05
76950.0,76959.8,True,washing_machine,0.9223625672671102,resistive,0.06606759413758241
76980.0,76989.8,True,washing_machine,0.999990747103197,resistive,7.780074955640151e-06
77010.0,77019.8,True,washing_machine,0.9216507731434502,resistive,0.06601660927876402
77040.0,77049.8,True,baseload,0.999900053478229,washing_machine,9.249184985117765e-05
77070.0,77079.8,True,baseload,0.9999000544558789,washing_machine,9.249184994161133e-05
77100.0,77109.8,True,washing_machine,0.9223699483855357,resistive,0.0660681228371998
77130.0,77139.8,True,washing_machine,0.9999820266382644,resistive,1.5290078231964277e-05
77160.0,77169.8,True,washing_machine,0.921644727232654,resistive,0.06601617621827907
77190.0,77199.8,True,baseload,0.9999000544558792,washing_machine,9.249184994161135e-05
77220.0,77229.8,True,washing_machine,0.9216221742574119,resistive,0.06601456077889789
77250.0,77259.8,True,baseload,0.999900053478229,washing_machine,9.249184985117765e-05
77280.0,77289.8,True,baseload,0.9999000544558789,washing_machine,9.249184994161133e-05
77310.0,77319.8,True,washing_machine,0.9216507731450234,resistive,0.0660166092788767
77340.0,77349.8,True,baseload,0.999900053478229,washing_machine,9.249184985117765e-05
77370.0,77379.8,True,washing_machine,0.9216221742551876,resistive,0.06601456077873856
77400.0,77409.8,True,washing_machine,0.9584554406886755,resistive,0.03493244919520446
77430.0,77439.8,True,washing_machine,0.9999816640219713,resistive,1.5652842750529076e-05
77460.0,77469.8,True,washing_machine,0.9216507731432608,resistive,0.06601660927875046
77490.0,77499.8,True,baseload,0.9999000136631876,washing_machine,9.260135402948699e-05
77520.0,77529.8,True,baseload,0.9999000544558787,washing_machine,9.24918499416113e-05
77550.0,77559.8,True,baseload,0.99990001284473,washing_machine,9.260135395368912e-05
77580.0,77589.8,True,washing_machine,0.9216447206123586,resistive,0.06601617574407619
77610.0,77619.8,True,baseload,0.999900053478229,washing_machine,9.249184985117765e-05
77640.0,77649.8,True,washing_machine,0.9216221740825025,resistive,0.06601456076636936
77670.0,77679.8,True,baseload,0.9999000128447235,washing_machine,9.260135395368852e-05
77700.0,77709.8,True,washing_machine,0.9223625673727658,resistive,0.06606759414515037
77730.0,77739.8,True,baseload,0.9999000537969063,washing_machine,9.249184988065564e-05
77760.0,77769.8,True,ev,0.9999997124455476,fridge,6.676697915449415e-08
77790.0,77799.8,True,ev,0.9999997770244569,fridge,5.163201735603092e-08
77820.0,77829.8,True,ev,0.9999997767542602,fridge,5.183415573017511e-08
77850.0,77859.8,True,ev,0.9999997772171506,fridge,5.1796813305857516e-08
77880.0,77889.8,True,ev,0.9999997398203109,baseload,6.886513463612182e-08
77910.0,77919.8,True,ev,0.9999997767542602,fridge,5.183415573017511e-08
77940.0,77949.8,True,ev,0.9999997767542602,fridge,5.183415573017511e-08
77970.0,77979.8,True,ev,0.9999997767542005,fridge,5.183415835469061e-08
78000.0,78009.8,True,ev,0.9999997767542602,fridge,5.183415573017511e-08
78030.0,78039.8,True,ev,0.9999997395039434,baseload,6.886513461433513e-08
78060.0,78069.8,True,ev,0.999999739516294,baseload,6.886513461518564e-08
78090.0,78099.8,True,ev,0.9999997130433897,fridge,6.672094934486027e-08
78120.0,78129.8,True,ev,0.9999997395039434,baseload,6.886513461433513e-08
78150.0,78159.8,True,ev,0.999999739516294,baseload,6.886513461518564e-08
78180.0,78189.8,True,ev,0.9999997397305898,baseload,6.886513462994317e-08
78210.0,78219.8,True,ev,0.9999997767542602,fridge,5.183415573017511e-08
78240.0,78249.8,True,ev,0.9999997767542005,fridge,5.183415835469061e-08
78270.0,78279.8,True,ev,0.9999997767542602,fridge,5.183415573017511e-08
78300.0,78309.8,True,ev,0.9999997772171506,fridge,5.1796813305857516e-08
78330.0,78339.8,True,ev,0.9999997772171533,fridge,5.179681068322995e-08
78360.0,78369.8,True,ev,0.9999997398203109,baseload,6.886513463612182e-08
78390.0,78399.8,True,ev,0.9999997403809392,baseload,6.886513503126761e-08
78420.0,78429.8,True,ev,0.9999997772171533,fridge,5.179681068322995e-08
78450.0,78459.8,True,ev,0.9999997772171506,fridge,5.1796813305857516e-08
78480.0,78489.8,True,ev,0.9999997772171506,fridge,5.1796813305857516e-08
78510.0,78519.8,True,ev,0.9999997398327187,baseload,6.886513463697628e-08
78540.0,78549.8,True,ev,0.9999997772171506,fridge,5.1796813305857516e-08
78570.0,78579.8,True,ev,0.9999997772171533,fridge,5.179681068322995e-08
78600.0,78609.8,True,ev,0.9999997772171533,fridge,5.179681068322995e-08
78630.0,78639.8,True,ev,0.9999997774303302,fridge,5.1796813316899544e-08
78660.0,78669.8,True,ev,0.9999997772171506,fridge,5.1796813305857516e-08
78690.0,78699.8,True,ev,0.9999997398203109,baseload,6.886513463612182e-08
78720.0,78729.8,True,ev,0.9999997398203109,baseload,6.886513463612182e-08
78750.0,78759.8,True,ev,0.9999997772171533,fridge,5.179681068322995e-08
78780.0,78789.8,True,ev,0.9999997774882696,fridge,5.159481794412939e-08
78810.0,78819.8,True,ev,0.9999997398327187,baseload,6.886513463697628e-08
78840.0,78849.8,True,ev,0.9999997770244571,fridge,5.1632017356030934e-08
78870.0,78879.8,True,ev,0.9999997395039434,baseload,6.886513461433513e-08
78900.0,78909.8,True,ev,0.9999997772171506,fridge,5.1796813305857516e-08
78930.0,78939.8,True,ev,0.9999997767542602,fridge,5.183415573017511e-08
78960.0,78969.8,True,ev,0.9999993839954477,fridge,1.4301869485633993e-07
78990.0,78999.8,True,ev,0.9999993824431422,fridge,1.4357861743503308e-07
79020.0,79029.8,True,ev,0.9999993824427839,fridge,1.435786101651664e-07
79050.0,79059.8,True,ev,0.9999993824427887,fridge,1.4357861016516712e-07
79080.0,79089.8,True,ev,0.9999993824431422,fridge,1.4357861743503308e-07
79110.0,79119.8,True,ev,0.9999993839954477,fridge,1.4301869485633993e-07
79140.0,79149.8,True,ev,0.9999993830338582,fridge,1.4357861751984729e-07
79170.0,79179.8,True,ev,0.99999938319462,fridge,1.4301869474180651e-07
79200.0,79209.8,True,ev,0.9999993824431422,fridge,1.4357861743503308e-07
79230.0,79239.8,True,ev,0.9999993824431422,fridge,1.4357861743503308e-07
79260.0,79269.8,True,ev,0.9999993824431422,fridge,1.4357861743503308e-07
79290.0,79299.8,True,ev,0.9999993824431336,fridge,1.4357861743503184e-07
79320.0,79329.8,True,ev,0.9999993811564561,fridge,1.4367767740454925e-07
79350.0,79359.8,True,ev,0.9999993819053644,fridge,1.431173684004731e-07
79380.0,79389.8,True,ev,0.9999993819053529,fridge,1.4311737187471752e-07
79410.0,79419.8,True,ev,0.9999993811564561,fridge,1.4367767740454925e-07
79440.0,79449.8,True,ev,0.9999993811562601,fridge,1.4367767012969019e-07
79470.0,79479.8,True,ev,0.9999993811564561,fridge,1.4367767740454925e-07
79500.0,79509.8,True,ev,0.9999993811564561,fridge,1.4367767740454925e-07
79530.0,79539.8,True,ev,0.9999993819053642,fridge,1.4311736840047306e-07
79560.0,79569.8,True,ev,0.9999993811564561,fridge,1.4367767740454925e-07
79590.0,79599.8,True,ev,0.9999993811564561,fridge,1.4367767740454925e-07
79620.0,79629.8,True,ev,0.9999993811564561,fridge,1.4367767740454925e-07
79650.0,79659.8,True,ev,0.9999993811562561,fridge,1.4367767012968963e-07
79680.0,79689.8,True,ev,0.9999997395162908,baseload,6.886513461518543e-08
79710.0,79719.8,True,ev,0.9999997767541974,fridge,5.1834158354690444e-08
79740.0,79749.8,True,ev,0.999999739516294,baseload,6.886513461518564e-08
79770.0,79779.8,True,ev,0.9999997397745006,baseload,6.886513498950513e-08
79800.0,79809.8,True,ev,0.9999997395039434,baseload,6.886513461433513e-08
79830.0,79839.8,True,ev,0.999999739516294,baseload,6.886513461518564e-08
79860.0,79869.8,True,ev,0.9999997770244571,fridge,5.1632017356030934e-08
79890.0,79899.8,True,ev,0.9999997767542602,fridge,5.183415573017511e-08
79920.0,79929.8,True,ev,0.9999997767542005,fridge,5.183415835469061e-08
79950.0,79959.8,True,ev,0.999999739516294,baseload,6.886513461518564e-08
79980.0,79989.8,True,ev,0.9999997769684472,fridge,5.183415836579591e-08
80010.0,80019.8,True,ev,0.9999997395039434,baseload,6.886513461433513e-08
80040.0,80049.8,True,ev,0.9999997767542602,fridge,5.183415573017511e-08
80070.0,80079.8,True,ev,0.9999997767541974,fridge,5.1834158354690444e-08
80100.0,80109.8,True,ev,0.9999997767542005,fridge,5.183415835469061e-08
80130.0,80139.8,True,ev,0.9999997772171477,fridge,5.1796813305857364e-08
80160.0,80169.8,True,ev,0.9999997398327163,baseload,6.886513463697612e-08
80190.0,80199.8,True,ev,0.9999997772171533,fridge,5.179681068322995e-08
80220.0,80229.8,True,ev,0.9999997772171506,fridge,5.1796813305857516e-08
80250.0,80259.8,True,ev,0.9999997774303138,fridge,5.179681331689869e-08
80280.0,80289.8,True,ev,0.999999739832717,baseload,6.886513463697616e-08
80310.0,80319.8,True,ev,0.9999997772171533,fridge,5.179681068322995e-08
80340.0,80349.8,True,ev,0.9999997398203109,baseload,6.886513463612182e-08
80370.0,80379.8,True,ev,0.9999997772171506,fridge,5.1796813305857516e-08
80400.0,80409.8,True,ev,0.9999997772171533,fridge,5.179681068322995e-08
80430.0,80439.8,True,ev,0.9999997774303138,fridge,5.179681331689869e-08
80460.0,80469.8,True,ev,0.9999997772171506,fridge,5.1796813305857516e-08
80490.0,80499.8,True,ev,0.9999997772171506,fridge,5.1796813305857516e-08
80520.0,80529.8,True,ev,0.9999997772171499,fridge,5.179681330585748e-08
80550.0,80559.8,True,ev,0.9999997772171506,fridge,5.1796813305857516e-08
80580.0,80589.8,True,ev,0.9999997767542602,fridge,5.183415573017511e-08
80610.0,80619.8,True,ev,0.9999997772171506,fridge,5.1796813305857516e-08
80640.0,80649.8,True,ev,0.9999997772171506,fridge,5.1796813305857516e-08
80670.0,80679.8,True,ev,0.999999777430314,fridge,5.17968133168987e-08
80700.0,80709.8,True,ev,0.9999997772171506,fridge,5.1796813305857516e-08
80730.0,80739.8,True,ev,0.999999739832717,baseload,6.886513463697616e-08
80760.0,80769.8,True,ev,0.9999997398203109,baseload,6.886513463612182e-08
80790.0,80799.8,True,ev,0.999999777777253,fridge,5.159481795903944e-08
80820.0,80829.8,True,ev,0.9999997772171533,fridge,5.179681068322995e-08
80850.0,80859.8,True,ev,0.9999997773149122,fridge,5.163201737102772e-08
80880.0,80889.8,True,ev,0.9999997767542602,fridge,5.183415573017511e-08
80910.0,80919.8,True,ev,0.9999997767542005,fridge,5.183415835469061e-08
80940.0,80949.8,True,ev,0.9999997774882703,fridge,5.159481794412943e-08
80970.0,80979.8,True,ev,0.9999997772171533,fridge,5.179681068322995e-08
81000.0,81009.8,True,ev,0.9999997772171533,fridge,5.179681068322995e-08
81030.0,81039.8,True,ev,0.9999997772171506,fridge,5.1796813305857516e-08
81060.0,81069.8,True,ev,0.9999997774882698,fridge,5.1594817944129404e-08
81090.0,81099.8,True,ev,0.9999997774882698,fridge,5.1594817944129404e-08
81120.0,81129.8,True,ev,0.9999997772171506,fridge,5.1796813305857516e-08
81150.0,81159.8,True,ev,0.9999997772171533,fridge,5.179681068322995e-08
81180.0,81189.8,True,ev,0.9999997772171506,fridge,5.1796813305857516e-08
81210.0,81219.8,True,ev,0.9999997772171533,fridge,5.179681068322995e-08
81240.0,81249.8,True,ev,0.9999997772171506,fridge,5.1796813305857516e-08
81270.0,81279.8,True,ev,0.9999997398203109,baseload,6.886513463612182e-08
81300.0,81309.8,True,ev,0.9999997398203109,baseload,6.886513463612182e-08
81330.0,81339.8,True,ev,0.9999997772171499,fridge,5.179681330585748e-08
81360.0,81369.8,True,ev,0.9999997772171506,fridge,5.1796813305857516e-08
81390.0,81399.8,True,ev,0.9999997400459743,baseload,6.886513465166216e-08
81420.0,81429.8,True,ev,0.9999997772171506,fridge,5.1796813305857516e-08
81450.0,81459.8,True,ev,0.9999997398327187,baseload,6.886513463697628e-08
81480.0,81489.8,True,ev,0.9999997774303302,fridge,5.1796813316899544e-08
81510.0,81519.8,True,ev,0.9999997772171533,fridge,5.179681068322995e-08
81540.0,81549.8,True,ev,0.9999997772171533,fridge,5.179681068322995e-08
81570.0,81579.8,True,ev,0.9999997772171475,fridge,5.179681330585736e-08
81600.0,81609.8,True,ev,0.9999997772171473,fridge,5.1796813305857344e-08
81630.0,81639.8,True,ev,0.9999997772171506,fridge,5.1796813305857516e-08
81660.0,81669.8,True,ev,0.9999997774882698,fridge,5.1594817944129404e-08
81690.0,81699.8,True,ev,0.999999777430314,fridge,5.17968133168987e-08
81720.0,81729.8,True,ev,0.9999997772171484,fridge,5.1796813305857404e-08
81750.0,81759.8,True,ev,0.9999997774303302,fridge,5.1796813316899544e-08
81780.0,81789.8,True,ev,0.9999997398327187,baseload,6.886513463697628e-08
81810.0,81819.8,True,ev,0.9999997398327187,baseload,6.886513463697628e-08
81840.0,81849.8,True,ev,0.9999997400918306,baseload,6.88651350113581e-08
81870.0,81879.8,True,ev,0.9999997774303109,fridge,5.1796813316898544e-08
81900.0,81909.8,True,ev,0.9999997772171506,fridge,5.1796813305857516e-08
81930.0,81939.8,True,ev,0.9999997772171506,fridge,5.1796813305857516e-08
81960.0,81969.8,True,ev,0.9999997772171506,fridge,5.1796813305857516e-08
81990.0,81999.8,True,ev,0.9999997398327187,baseload,6.886513463697628e-08
82020.0,82029.8,True,ev,0.9999997772171506,fridge,5.1796813305857516e-08
82050.0,82059.8,True,ev,0.9999993830338582,fridge,1.4357861751984729e-07
82080.0,82089.8,True,ev,0.9999993824431336,fridge,1.4357861743503184e-07
82110.0,82119.8,True,ev,0.9999993824431382,fridge,1.435786174350325e-07
82140.0,82149.8,True,ev,0.9999993824431422,fridge,1.4357861743503308e-07
82170.0,82179.8,True,ev,0.9999993830338582,fridge,1.4357861751984729e-07
82200.0,82209.8,True,ev,0.9999993824427839,fridge,1.435786101651664e-07
82230.0,82239.8,True,ev,0.9999993839954477,fridge,1.4301869485633993e-07
82260.0,82269.8,True,ev,0.9999993830338582,fridge,1.4357861751984729e-07
82290.0,82299.8,True,ev,0.9999993830338362,fridge,1.4357861751984414e-07
82320.0,82329.8,True,ev,0.9999993830338586,fridge,1.4357861751984737e-07
82350.0,82359.8,True,ev,0.9999993824431336,fridge,1.4357861743503184e-07
82380.0,82389.8,True,ev,0.9999993824431422,fridge,1.4357861743503308e-07
82410.0,82419.8,True,ev,0.9999993830339035,fridge,1.435786175198538e-07
82440.0,82449.8,True,ev,0.9999993830338582,fridge,1.4357861751984729e-07
82470.0,82479.8,True,ev,0.9999993824427839,fridge,1.435786101651664e-07
82500.0,82509.8,True,ev,0.9999993824431336,fridge,1.4357861743503184e-07
82530.0,82539.8,True,ev,0.9999993824431422,fridge,1.4357861743503308e-07
82560.0,82569.8,True,ev,0.9999997772171533,fridge,5.179681068322995e-08
82590.0,82599.8,True,ev,0.999999740091831,baseload,6.886513501135814e-08
82620.0,82629.8,True,ev,0.9999997772171506,fridge,5.1796813305857516e-08
82650.0,82659.8,True,ev,0.9999997772171506,fridge,5.1796813305857516e-08
82680.0,82689.8,True,ev,0.9999997772171506,fridge,5.1796813305857516e-08
82710.0,82719.8,True,ev,0.9999997400459663,baseload,6.88651346516616e-08
82740.0,82749.8,True,ev,0.9999997772171506,fridge,5.1796813305857516e-08
82770.0,82779.8,True,ev,0.9999997772171506,fridge,5.1796813305857516e-08
82800.0,82809.8,True,ev,0.9999997400459743,baseload,6.886513465166216e-08
82830.0,82839.8,True,ev,0.9999997774303138,fridge,5.179681331689869e-08
82860.0,82869.8,True,ev,0.9999997772171282,fridge,5.179681330585636e-08
82890.0,82899.8,True,ev,0.9999997767542005,fridge,5.183415835469061e-08
82920.0,82929.8,True,ev,0.9999997767541989,fridge,5.183415835469053e-08
82950.0,82959.8,True,ev,0.9999997772171506,fridge,5.1796813305857516e-08
82980.0,82989.8,True,ev,0.9999997772171473,fridge,5.1796813305857344e-08
83010.0,83019.8,True,ev,0.999999777430314,fridge,5.17968133168987e-08
83040.0,83049.8,True,ev,0.999999777430314,fridge,5.17968133168987e-08
83070.0,83079.8,True,ev,0.9999997774303138,fridge,5.179681331689869e-08
83100.0,83109.8,True,ev,0.9999997772171506,fridge,5.1796813305857516e-08
83130.0,83139.8,True,ev,0.9999997398327187,baseload,6.886513463697628e-08
83160.0,83169.8,True,ev,0.9999997398203109,baseload,6.886513463612182e-08
83190.0,83199.8,True,ev,0.9999997772171473,fridge,5.1796813305857344e-08
83220.0,83229.8,True,ev,0.999999777430314,fridge,5.17968133168987e-08
83250.0,83259.8,True,ev,0.9999997772171506,fridge,5.1796813305857516e-08
83280.0,83289.8,True,ev,0.9999997772171506,fridge,5.1796813305857516e-08
83310.0,83319.8,True,ev,0.9999997772171473,fridge,5.1796813305857344e-08
83340.0,83349.8,True,ev,0.9999997400459743,baseload,6.886513465166216e-08
83370.0,83379.8,True,ev,0.9999997772171533,fridge,5.179681068322995e-08
83400.0,83409.8,True,ev,0.9999997772171473,fridge,5.1796813305857344e-08
83430.0,83439.8,True,ev,0.9999997772171477,fridge,5.1796813305857364e-08
83460.0,83469.8,True,ev,0.9999997772171533,fridge,5.179681068322995e-08
83490.0,83499.8,True,ev,0.9999997772171506,fridge,5.1796813305857516e-08
83520.0,83529.8,True,ev,0.9999997774303138,fridge,5.179681331689869e-08
83550.0,83559.8,True,ev,0.9999997774303138,fridge,5.179681331689869e-08
83580.0,83589.8,True,ev,0.9999997772171506,fridge,5.1796813305857516e-08
83610.0,83619.8,True,ev,0.9999997772171506,fridge,5.1796813305857516e-08
83640.0,83649.8,True,ev,0.9999997398327172,baseload,6.886513463697617e-08
83670.0,83679.8,True,ev,0.9999997398327187,baseload,6.886513463697628e-08
83700.0,83709.8,True,ev,0.9999997772171477,fridge,5.1796813305857364e-08
83730.0,83739.8,True,ev,0.9999997772171506,fridge,5.1796813305857516e-08
83760.0,83769.8,True,ev,0.9999997772171473,fridge,5.1796813305857344e-08
83790.0,83799.8,True,ev,0.9999997772171473,fridge,5.1796813305857344e-08
83820.0,83829.8,True,ev,0.9999997772171506,fridge,5.1796813305857516e-08
83850.0,83859.8,True,ev,0.9999997400459745,baseload,6.886513465166218e-08
83880.0,83889.8,True,ev,0.9999997398327187,baseload,6.886513463697628e-08
83910.0,83919.8,True,ev,0.9999997772171506,fridge,5.1796813305857516e-08
83940.0,83949.8,True,ev,0.9999997774303138,fridge,5.179681331689869e-08
83970.0,83979.8,True,ev,0.9999997772171475,fridge,5.179681330585736e-08
84000.0,84009.8,True,ev,0.9999997398327187,baseload,6.886513463697628e-08
84030.0,84039.8,True,ev,0.9999997398203109,baseload,6.886513463612182e-08
84060.0,84069.8,True,ev,0.9999993766841073,fridge,1.4301869728253163e-07
84090.0,84099.8,True,ev,0.9999993830338582,fridge,1.4357861751984729e-07
84120.0,84129.8,True,ev,0.9999993824427839,fridge,1.435786101651664e-07
84150.0,84159.8,True,ev,0.9999993830338582,fridge,1.4357861751984729e-07
84180.0,84189.8,True,ev,0.9999993824431422,fridge,1.4357861743503308e-07
84210.0,84219.8,True,ev,0.9999993824431422,fridge,1.4357861743503308e-07
84240.0,84249.8,True,ev,0.9999993830338582,fridge,1.4357861751984729e-07
84270.0,84279.8,True,ev,0.9999993824431376,fridge,1.435786174350324e-07
84300.0,84309.8,True,ev,0.9999993830338582,fridge,1.4357861751984729e-07
84330.0,84339.8,True,ev,0.9999993830338582,fridge,1.4357861751984729e-07
84360.0,84369.8,True,ev,0.9999993824427879,fridge,1.4357861016516698e-07
84390.0,84399.8,True,ev,0.9999993824430803,fridge,1.435786174350242e-07
84420.0,84429.8,True,ev,0.9999993830338586,fridge,1.4357861751984737e-07
84450.0,84459.8,True,ev,0.9999993830338582,fridge,1.4357861751984729e-07
84480.0,84489.8,True,ev,0.9999993824431342,fridge,1.4357861743503192e-07
84510.0,84519.8,True,ev,0.9999993830338582,fridge,1.4357861751984729e-07
84540.0,84549.8,True,ev,0.9999993824431405,fridge,1.4357861743503282e-07
84570.0,84579.8,True,ev,0.9999993830338586,fridge,1.4357861751984737e-07
84600.0,84609.8,True,ev,0.9999993839954477,fridge,1.4301869485633993e-07
84630.0,84639.8,True,ev,0.9999993824431336,fridge,1.4357861743503184e-07
84660.0,84669.8,True,ev,0.9999993824427887,fridge,1.4357861016516712e-07
84690.0,84699.8,True,ev,0.9999993824427879,fridge,1.4357861016516698e-07
84720.0,84729.8,True,ev,0.9999993830339035,fridge,1.435786175198538e-07
84750.0,84759.8,True,ev,0.9999993824427839,fridge,1.435786101651664e-07
84780.0,84789.8,True,ev,0.9999993824431422,fridge,1.4357861743503308e-07
84810.0,84819.8,True,ev,0.9999993830338582,fridge,1.4357861751984729e-07
84840.0,84849.8,True,ev,0.9999993830338582,fridge,1.4357861751984729e-07
84870.0,84879.8,True,ev,0.9999993824431422,fridge,1.4357861743503308e-07
84900.0,84909.8,True,ev,0.9999993830338582,fridge,1.4357861751984729e-07
84930.0,84939.8,True,ev,0.9999997772171506,fridge,5.1796813305857516e-08
84960.0,84969.8,True,ev,0.9999997772171506,fridge,5.1796813305857516e-08
84990.0,84999.8,True,ev,0.9999997774303138,fridge,5.179681331689869e-08
85020.0,85029.8,True,ev,0.9999997395039434,baseload,6.886513461433513e-08
85050.0,85059.8,True,ev,0.9999997774882698,fridge,5.1594817944129404e-08
85080.0,85089.8,True,ev,0.9999997774303302,fridge,5.1796813316899544e-08
85110.0,85119.8,True,ev,0.9999997131677388,fridge,6.650661381471218e-08
85140.0,85149.8,True,ev,0.9999997137648884,fridge,6.646076013834103e-08
85170.0,85179.8,True,ev,0.9999997770244349,fridge,5.163202259043808e-08
85200.0,85209.8,True,ev,0.9999997777772348,fridge,5.1594823159229707e-08
85230.0,85239.8,True,ev,0.9999997773148938,fridge,5.163202257496708e-08
85260.0,85269.8,True,ev,0.9999997731477235,fridge,5.267889521609748e-08
85290.0,85299.8,True,ev,0.9999997029022335,fridge,6.888683555106161e-08
85320.0,85329.8,True,ev,0.9999997693377675,fridge,5.3481608355797774e-08
85350.0,85359.8,True,ev,0.9999997029022337,fridge,6.888683555106162e-08
85380.0,85389.8,True,ev,0.9999997693377675,fridge,5.3481608355797774e-08
85410.0,85419.8,True,ev,0.9999997021957739,fridge,6.915652509425847e-08
85440.0,85449.8,True,ev,0.999999769337769,fridge,5.348160835579786e-08
85470.0,85479.8,True,ev,0.999999769220832,fridge,5.350872165513749e-08
85500.0,85509.8,True,ev,0.999999769220832,fridge,5.350872165513749e-08
85530.0,85539.8,True,ev,0.9999997029022355,fridge,6.888683565598461e-08
85560.0,85569.8,True,ev,0.999999769220832,fridge,5.3508721736637846e-08
85590.0,85599.8,True,ev,0.9999997021957746,fridge,6.915652519959216e-08
85620.0,85629.8,True,ev,0.9999997648961914,fridge,5.4511437782655606e-08
85650.0,85659.8,True,ev,0.9999997194149662,baseload,7.433599398622033e-08
85680.0,85689.8,True,ev,0.9999997596422692,fridge,5.5729617174687625e-08
85710.0,85719.8,True,ev,0.9999996904255709,fridge,7.177974771536825e-08
85740.0,85749.8,True,ev,0.9999996904255787,fridge,7.177974417749395e-08
85770.0,85779.8,True,ev,0.9999997596423569,fridge,5.572959630035268e-08
85800.0,85809.8,True,ev,0.999999759052682,fridge,5.595200241933662e-08
85830.0,85839.8,True,ev,0.9999997596423604,fridge,5.5729596251834125e-08
85860.0,85869.8,True,ev,0.9999997601413999,fridge,5.5689441172481195e-08
85890.0,85899.8,True,ev,0.9999997487553899,fridge,5.833299060245434e-08
85920.0,85929.8,True,ev,0.9999997487743484,fridge,5.832858894855016e-08
85950.0,85959.8,True,ev,0.9999996760092521,fridge,7.512952415361561e-08
85980.0,85989.8,True,ev,0.9999996770807388,fridge,7.500419562575973e-08
86010.0,86019.8,True,ev,0.9999996762685905,fridge,7.52978891016269e-08
86040.0,86049.8,True,ev,0.9999996342675451,fridge,8.494349995465557e-08
86070.0,86079.8,True,ev,0.9999994629486857,fridge,1.2474038423837488e-07
86100.0,86109.8,True,ev,0.9999994332226508,fridge,1.3164480179724197e-07
86130.0,86139.8,True,ev,0.9999995856460415,fridge,9.622448217286037e-08
86160.0,86169.8,True,ev,0.9999995846037844,fridge,9.660145771407054e-08
86190.0,86199.8,True,ev,0.9999995717138521,fridge,9.945105355871433e-08
86220.0,86229.8,True,ev,0.9999994718334514,fridge,1.2265702681137344e-07
86250.0,86259.8,True,ev,0.9999994481339213,fridge,1.2832763627233206e-07
86280.0,86289.8,True,ev,0.999999393090719,fridge,1.4112684798612904e-07
86310.0,86319.8,True,ev,0.9999976763589254,fridge,5.471003336933289e-07
86340.0,86349.8,True,ev,0.9999955291872595,fridge,1.0509062145474997e-06
86370.0,86379.8,True,ev,0.9999976625923032,fridge,5.443386462658348e-07
