baseload,ev,fridge,hair_dryer,pc,pv,resistive,synchronous,washing_machine,laptop,stand_cooler,table_fan,table_pv,hour
-0.24341446,0.20146725,0.135892,0.05741152,-0.19178459,0.20646179,0.19434236,0.02050814,0.02203811,1.2667762,9.830255,8.737891,-1.2310586,0.0
-0.0542316,0.028417446,-0.066465385,0.0056244135,-0.064795636,0.050134085,-0.014085621,-0.09390735,0.00070609525,30.869038,27.835512,15.413788,-2.031716,0.001388888888888889
-0.010369405,-0.0052133277,0.017105624,-0.032593265,-0.054551892,-0.072144866,-0.024998248,-0.04944078,0.039542817,38.18854,27.134336,15.377608,-1.1637979,0.002777777777777778
-0.030237943,0.030129746,0.0027657822,0.004416801,-0.03801509,-0.048267614,-0.046431094,-0.019115642,-0.00041878596,37.46043,27.495817,15.465236,-1.4383806,0.004166666666666667
-0.03301853,0.034892842,-0.0013066381,-0.023372695,-0.059375472,-0.032217313,-0.04841969,-0.0046606585,0.022897456,38.33222,27.433798,15.562085,-1.6284853,0.005555555555555556
-0.06025502,0.008674972,-0.016847052,-0.00063863397,-0.053812675,-0.050961282,-0.04030256,-0.06630821,-0.007419821,42.664455,27.53818,15.394851,-1.627226,0.006944444444444444
0.011821188,0.06527068,-0.031017326,0.01096832,-0.010849111,-0.0135351755,-0.016193792,-0.09448617,-0.0058434326,52.805374,27.300554,15.4695425,-2.3105583,0.008333333333333333
-0.07065043,0.046123587,0.054945923,-0.05937916,-0.06444346,0.040471938,-0.09477182,-0.018661939,-0.012043635,46.9915,27.491753,15.680044,-1.8997791,0.009722222222222222
0.088558935,0.06553453,-0.051682748,-0.02150084,0.05797809,0.06945807,0.045016497,-0.06803734,-0.016603252,57.233616,26.192932,10.470441,-1.8821208,0.011111111111111112
-0.088584855,0.20137936,-0.21409577,-0.0037468746,-0.22700027,-0.028545264,0.082432106,0.0024544671,0.004907526,41.93868,2.0812948,0.2991669,-1.4369801,0.0125
-0.13278157,0.13808674,-0.13854459,-0.12202479,-0.021339342,-0.033989307,-0.10351473,0.0260383,0.097389586,56.56941,16.16644,13.1987505,-0.013216093,0.013888888888888888
-0.07720207,-0.05623032,0.014063835,-0.044919416,-0.0275973,-0.028465752,-0.04737354,-0.08884058,0.013069544,60.62177,28.387997,15.880193,-0.51752687,0.015277777777777777
-0.00013431162,0.07343538,0.021910578,-0.037497014,-0.028227039,0.036537826,-0.042362586,-0.033950083,0.02668377,58.189846,27.68199,14.99109,-1.5954837,0.016666666666666666
-0.040647313,-0.019449174,0.023599796,-0.07820204,-0.01269979,-0.0176459,-0.09406677,-0.08044886,-0.021815807,59.77097,28.63014,15.224401,-0.43371078,0.018055555555555554
0.041200317,0.049475998,0.026395425,-0.047650635,-0.018425554,0.062828526,-0.028399274,-0.057182558,-0.0016239099,57.691154,27.520481,14.831787,-1.3359268,0.019444444444444445
-0.020786792,-0.046299845,0.05549675,0.011349544,-0.045643233,0.037449256,-0.0524785,-0.09483915,0.012425479,60.12424,28.154926,15.781503,-1.2301626,0.020833333333333332
-0.07011482,-0.05191344,0.014365323,0.06073444,-0.016319841,-0.020778399,-0.1001894,-0.12188824,-0.0050989687,62.92149,29.435097,15.867815,-0.20112725,0.022222222222222223
0.015738294,0.008971818,0.06139142,-0.0026730523,0.05288356,0.017289761,-0.03650248,-0.026695527,0.04096318,60.637196,27.82252,15.691079,-1.8040997,0.02361111111111111
-0.09700771,0.0863906,0.044805,0.029093087,-0.10618485,-0.0014154576,-0.035486758,-0.0040825456,0.0071656853,62.58166,27.32308,-1.2929634,-0.21888644,0.025
0.0034545362,0.09786207,0.09189745,0.058776982,-0.23709923,-0.021376912,0.09401977,-0.036136903,-0.07607395,62.864098,-0.74223924,13.206661,-0.5864466,0.02638888888888889
0.009239681,-0.015162423,0.003413014,-0.18286832,-0.02943211,0.01569711,-0.14670976,0.00082775205,-0.07700066,59.865475,20.299763,16.348131,-0.8293649,0.027777777777777776
-0.03862524,-0.010895938,0.033629477,-0.023867816,-0.0011266544,0.012119174,-0.03669505,-0.06669865,0.02615754,60.465313,28.221775,15.680013,-1.0152094,0.029166666666666667
-0.029497758,0.013349831,0.016438663,-0.033477247,-0.008912519,0.015633054,-0.03987106,-0.037512496,0.018317126,60.554802,28.44253,15.882176,-0.91366005,0.030555555555555555
-0.0021534637,-0.01791215,0.039952435,-0.030277058,0.0014945865,0.017686207,-0.085722625,-0.055244543,0.0008252375,60.375088,28.747776,15.989523,-0.77276874,0.03194444444444444
-0.0066480637,0.058874987,0.066046596,-0.016732395,-0.050973527,0.01655434,-0.03856232,-0.047673933,0.0015605278,60.527863,28.120844,16.1191,-1.2571601,0.03333333333333333
0.021262184,0.049340673,0.0804275,-0.15353034,-0.06286826,-0.038475167,0.053720266,0.011083655,0.027863242,51.081722,28.60307,15.0456505,-1.47794,0.034722222222222224
-0.02321516,-0.057175264,-0.014777452,0.07194113,-0.071945064,-0.020612221,0.009757414,-0.06679905,0.06299899,3.5621529,27.52142,15.564209,-2.28748,0.03611111111111111
-0.03218335,-0.0054271817,-0.013264194,-0.031792253,0.057473943,-0.0025255568,0.0031454563,0.05413088,0.09451168,12.678494,26.673632,4.606988,-1.5014629,0.0375
0.028085642,0.06084464,-0.035497792,-0.15587555,-0.20074889,-0.012247521,-0.07793416,0.025896132,0.15802859,33.046272,23.849564,1.6693965,-1.3255801,0.03888888888888889
0.0933645,0.05657046,0.043951843,0.006661445,-0.18220735,-0.015022118,0.028265655,0.0010726154,0.060287304,36.890102,-1.0429552,13.5001745,-2.3976245,0.04027777777777778
0.002147168,0.024405256,0.029474363,-0.03086029,-0.057546012,-0.05496191,-0.071313895,0.057398073,0.1371973,37.469067,25.021585,14.025585,-0.940503,0.041666666666666664
-0.015226901,0.011585988,0.027650766,-0.04638374,-0.0738251,0.0079267025,-0.041548602,-0.020807259,0.018745702,37.588238,27.279772,15.119647,-1.1764754,0.043055555555555555
-0.02094078,-0.022187695,0.007523723,-0.0071702003,-0.013595358,0.02516568,-0.054416314,0.0016818047,-0.050856657,45.904675,28.185263,15.39986,-1.9727465,0.044444444444444446
-0.0071063936,0.004489392,0.056609366,-0.056477442,-0.032308005,0.03479901,-0.005578682,-0.05025038,-0.05195911,53.182346,27.327675,15.147281,-2.346542,0.04583333333333333
0.021490455,-0.0038147047,0.020346262,0.06222136,-0.053695776,0.066429496,-0.065253206,-0.034414202,-0.028218815,48.998688,27.815556,15.230334,-1.4991639,0.04722222222222222
-0.003985256,0.016273268,0.07298058,-0.0833607,-0.043893524,0.03990033,0.022252873,0.012770887,-0.0046937373,54.177948,27.136997,15.23929,-1.226277,0.04861111111111111
0.12705685,0.15545067,0.04525543,0.041294076,-0.007320732,-0.013264004,-0.014966682,-0.080160536,-0.07773186,43.00039,26.381643,11.20532,-1.6776056,0.05
0.084287785,0.1581297,-0.009703875,-0.06756167,-0.17757818,0.057341333,-0.08833524,-0.03182067,0.044549994,59.746586,28.039698,0.8680446,-1.4513161,0.05138888888888889
0.05170493,0.10016756,0.013690382,-0.06294964,-0.012294397,0.023667969,-0.013836637,0.047285944,0.057286583,60.21094,19.047808,14.6681,-0.8734194,0.05277777777777778
0.14254804,-0.024744421,0.03678888,-0.010774948,-0.22058073,0.0553239,0.05914803,0.03068827,0.07900601,56.989544,-0.867619,15.395623,-1.5711083,0.05416666666666667
0.011242852,0.0005390793,0.03152515,0.020821072,0.008330338,0.026121646,-0.053253315,-0.14090222,0.012182206,60.10636,28.513487,15.214062,-0.6452279,0.05555555555555555
0.053636253,0.03338214,0.034262754,-0.08473745,-0.050438337,0.012330189,-0.047187038,-0.031594366,0.037085302,57.746754,27.760612,15.101383,-1.1792986,0.05694444444444444
-0.046331078,0.018908374,0.048792977,-0.04738541,-0.008453019,0.025530707,-0.038620353,-0.044394404,-0.029912759,60.068,28.512339,16.020355,-0.860077,0.058333333333333334
-0.05586092,-0.03797689,-0.00011507422,-0.01525332,-0.01584588,-0.019768197,-0.024490952,-0.112427525,-0.010255519,61.511242,28.789566,16.255724,-0.7063153,0.059722222222222225
-0.0044825673,-0.033795655,0.069197506,-0.041725248,-0.031470276,0.01467026,-0.069244325,-0.08736039,0.0021108817,60.900112,28.577192,16.264997,-0.9119967,0.06111111111111111
-0.09323411,-0.099155754,0.0069671497,0.0039287508,-0.031301178,-0.0020630695,-0.09048311,-0.14153221,-0.025473652,63.266956,29.763191,16.262682,-0.16437832,0.0625
-0.060042307,0.047506385,0.03825063,-0.068266824,-0.15949082,0.08918478,-0.027289718,0.035700966,-0.026788766,62.300858,29.872877,-0.9743358,-0.10442932,0.06388888888888888
0.040031664,-0.062364504,-0.018442616,-0.046587944,0.008260548,0.06745481,-0.07465935,-0.045397647,0.028350275,61.418343,26.678825,11.048034,0.02719009,0.06527777777777778
0.10272111,0.036834866,0.06589843,-0.06603843,-0.031316005,-0.0014699958,-0.034618363,0.11700399,0.049121603,60.913525,12.349595,16.471695,-1.260469,0.06666666666666667
-0.07519905,0.11724606,-0.14775804,-0.04534051,-0.17516327,-0.009185899,0.05910629,-0.12932456,0.019382764,58.997604,4.233685,16.257118,-0.888078,0.06805555555555555
-0.045157254,-0.013478592,0.017562054,-0.007155709,-0.059739344,0.020173568,-0.0349095,-0.09056052,0.02375969,60.86373,28.101046,15.647923,-0.58159584,0.06944444444444445
-0.0134539455,-0.022463635,0.03824029,-0.017040923,-0.036984436,0.027854413,-0.05403471,-0.052406684,0.023629874,60.473824,28.074753,16.086304,-1.2809464,0.07083333333333333
0.0029531643,0.002562493,-0.036787145,-0.060705587,0.033765152,-0.0043543167,0.08348259,-0.017998844,0.0029342752,37.61461,30.25197,14.404757,-1.6088502,0.07222222222222222
-0.024077445,-0.059381887,-0.030434318,0.059423864,-0.06308509,-0.033991504,0.0069226325,-0.020049058,0.058991916,3.103106,27.572985,15.819994,-1.8551471,0.07361111111111111
-0.036394134,0.07305516,0.13179626,-0.07787439,-0.13272694,-0.042551447,0.04141511,-0.084069155,-0.10527893,17.89012,27.575663,14.289854,-1.1442758,0.075
0.0015024021,0.005816169,0.089537576,-0.06980057,-0.0013049841,-0.047346022,0.004047483,0.07354492,0.010297425,32.614204,25.177097,6.436714,-0.0718531,0.0763888888888889
0.00918448,-0.05250469,0.055503115,0.013888411,-0.03541807,0.049302604,-0.12836905,0.04855827,0.076695345,37.66791,25.77872,6.2148466,-1.224265,0.07777777777777778
-0.026789963,0.048217013,-0.0050371587,0.03819736,-0.048033185,-0.022316378,-0.0253364,-0.028526694,0.005070813,37.975113,27.416916,15.248628,-1.2235194,0.07916666666666666
0.05025907,0.22260115,-0.07604035,-0.003201522,-0.12905565,0.016392935,-0.012592271,-0.13504386,0.035574257,39.562386,6.655286,13.618585,-0.6118469,0.08055555555555556
0.079576395,0.050120488,0.049553953,-0.044047594,-0.16063127,-0.016106267,-0.06556446,0.13927355,-0.07273708,47.78596,8.406009,14.658988,-1.080483,0.08194444444444444
-0.034540087,0.01711294,0.03338062,-0.069828615,0.0034377873,0.016804475,-0.072471075,-0.08380916,-0.05193546,52.5884,27.192158,15.55906,-2.2842097,0.08333333333333333
0.033809923,-0.0004762411,-0.0050216466,-0.09071271,0.061730016,0.049066328,-0.02723591,0.01329501,0.033602074,51.08328,27.811808,14.911645,-0.7269131,0.08472222222222223
-0.01019083,-0.0024564043,0.053848203,-0.07675511,0.003918983,0.01874192,-0.020646274,-0.12731004,0.016142871,49.002705,27.25961,14.761852,-0.6371536,0.08611111111111111
0.0031127483,0.008739404,0.08042528,0.023131311,-0.0720929,0.030148432,-0.07133604,-0.06404588,-0.07055187,46.79775,28.067532,15.502531,-1.9194934,0.0875
0.019605495,-0.157565,0.090211295,-0.102472305,0.09314588,0.06613176,-0.04456176,0.0013589785,0.06914111,62.758377,28.557072,11.865588,-0.47750133,0.08888888888888889
-0.006981358,-0.022142068,0.060135446,0.021251068,-0.080902286,0.04026059,-0.012920961,-0.01682064,-0.041758157,58.38831,28.561594,-1.2341417,-1.7884755,0.09027777777777778
-0.007580444,0.07178345,0.02374985,-0.0020657033,-0.028883986,-0.012319069,-0.049602687,-0.0646731,0.022090428,59.78317,27.756044,15.904649,-1.360312,0.09166666666666666
-0.008683339,-0.021804422,0.023353174,-0.0983405,-0.017813705,0.015493356,0.039407596,0.018255912,0.034159787,59.030743,27.859543,15.377362,-0.98934686,0.09305555555555556
-0.0928462,0.11837635,-0.120105825,-0.07997742,-0.13969526,0.01657236,-0.14781229,-0.02725821,0.14585623,56.66835,2.089822,16.418774,-0.89482975,0.09444444444444444
-0.08955863,0.0846939,-0.016570106,-0.14001976,-0.10142348,-0.06749897,-0.1447703,-0.098074235,0.044604123,59.991856,13.987571,15.218929,-0.70086294,0.09583333333333334
-0.05815667,-0.030176625,-0.0022506937,-0.020264909,-0.005306311,-0.012882303,-0.044362217,-0.067098506,0.03331929,60.761723,28.809635,15.934433,-0.51506084,0.09722222222222222
-0.06703396,0.028394207,0.06947099,-0.012247592,-0.048903905,-0.009590033,-0.07584298,-0.10978565,-0.0012349803,61.695263,28.959433,16.032341,-0.53691924,0.09861111111111111
-0.07833642,-0.08858405,0.0006089732,-0.020667017,-0.011215702,-0.015942018,-0.08396624,-0.11377043,-0.003743358,63.110344,29.844973,16.06099,-0.15834612,0.1
-0.09773949,-0.0698113,0.007441841,-0.008846618,-0.012194462,-0.019285735,-0.06208483,-0.10351103,-0.0047443304,62.383804,29.367353,16.06247,-0.3547696,0.10138888888888889
0.030194983,0.04080666,0.01690846,-0.10618919,-0.06760753,0.05415156,0.024118945,-0.025171392,-0.032921728,59.534016,28.963856,0.9244178,-1.142024,0.10277777777777777
0.029325835,0.022604235,-0.047262676,-0.030490354,0.02608753,0.0497664,-0.118877366,-0.04522589,0.010859583,61.1602,27.141245,10.2759695,-0.851079,0.10416666666666667
-0.016843736,-0.0055882707,0.041654907,-0.01842907,-0.073968925,0.019929372,-0.0724536,-0.09343048,0.0083642155,60.342163,28.408846,15.95395,-0.87774324,0.10555555555555556
0.013218731,-0.058572367,-0.0022550598,-0.013366848,-0.006488934,-0.034134094,-0.11365615,-0.1821805,0.04192523,60.99897,27.960169,15.742146,-1.1415006,0.10694444444444444
0.078321114,0.09797541,0.02394221,0.056187853,-0.13515502,0.040957436,0.008269116,-0.02811335,-0.0484154,58.664368,-1.5127535,16.227488,-1.1865139,0.10833333333333334
-0.033411458,-0.21724313,0.18228841,-0.17349477,-0.013588324,0.07733519,0.07140142,-0.047364675,-0.13413635,22.28585,18.7541,14.701183,-0.75299644,0.10972222222222222
0.010277681,-0.100728676,-0.05048559,-0.058316275,-0.043690987,-0.05082127,0.025461718,0.0010001063,0.06834776,3.6560116,27.808723,14.82918,-1.7411746,0.1111111111111111
-0.051422954,-0.0848925,0.05046212,-0.05332586,-0.01872728,-0.045772728,-0.0008032173,-0.041652977,-0.027385678,23.570253,27.69758,15.057069,-1.8221166,0.1125
-0.037914902,-0.018202633,0.06486544,-0.034166202,-0.00976029,0.053995382,0.0010196567,0.09972457,-0.041633464,34.99437,27.508032,14.743063,-0.9403478,0.11388888888888889
-0.016965955,-0.08080146,0.0010117143,0.019230172,-0.12257459,0.024075925,-0.028080136,-0.15783787,0.022533406,37.968555,25.988129,6.8142705,-0.504938,0.11527777777777778
0.061981127,0.037496537,0.1050129,0.047295943,0.06718247,0.020937968,0.0030959398,0.11632892,-0.055032834,37.60723,26.61621,3.9515395,-1.0489997,0.11666666666666667
-0.03741017,0.00051662326,-0.040203087,0.0030914694,-0.03451834,-0.006707143,-0.046036765,-0.03115324,0.004850358,39.015816,27.624664,15.339451,-1.0657039,0.11805555555555555
0.041225336,-0.028209955,0.026187412,-0.0059552044,0.010856651,0.0111065395,0.022551075,-0.05114547,-0.02384376,52.889282,27.465076,15.501205,-2.5517335,0.11944444444444445
-0.0025094897,0.020180315,-0.01791332,-0.013238892,-0.08024893,0.013950635,0.013897762,-0.080487885,-0.009192046,48.075043,23.018297,15.279959,-1.7721943,0.12083333333333333
0.067471504,0.08029926,-0.0885584,-0.0403554,-0.09993974,0.066050425,0.0077382326,0.012545392,0.052073047,54.484314,-2.2377877,14.277855,-1.4810561,0.12222222222222222
-0.06443535,0.054450896,-0.020654269,0.014810152,-0.04566037,-0.044306148,0.0313911,-0.044001587,0.09210861,45.76254,23.841854,13.9242525,-1.572785,0.12361111111111112
0.03541097,0.022328332,0.06499346,-0.05523324,-0.0094046295,0.07316866,-0.09883124,0.05860919,0.011481803,51.150623,28.174334,15.190201,-1.2036679,0.125
-0.063450426,-0.024017349,-0.012542486,0.01414746,-0.009919032,0.026529398,-0.114299126,-0.13078645,0.008016445,62.07578,28.917925,16.166153,-0.6317886,0.12638888888888888
0.005496241,0.09989868,0.006503083,-0.08956881,-0.0027549714,-0.0020069294,0.0010492951,-0.016828045,-0.017447937,58.899055,27.113789,13.202406,-2.0571852,0.12777777777777777
0.004596226,0.012426719,-0.011885919,-0.008035682,-0.1433895,0.04939722,-0.0158495,-0.035904564,0.023647279,59.036934,28.458773,-1.0621505,-1.725007,0.12916666666666668
-0.08645636,0.054717872,0.014935069,-0.050523028,-0.06827111,-0.006913852,-0.027699873,0.0009485334,0.01436837,58.426765,27.185814,14.606172,-1.2401404,0.13055555555555556
0.0023207664,-0.007577844,0.032068066,-0.094820336,0.023940824,-0.0016150437,-0.10236028,-0.060801394,-0.012729767,59.315678,28.18637,15.308486,-1.0972598,0.13194444444444445
-0.08270106,-0.07263893,0.034200586,0.0053802356,-0.019436322,-0.030204382,-0.06537185,-0.09479662,-0.0024970826,62.46404,28.887756,15.997494,-0.29227704,0.13333333333333333
-0.037542567,0.1115971,0.13607371,-0.05258827,-0.11411566,0.089641854,-0.022968277,-0.06786094,0.0007932894,60.101334,20.290161,14.486881,-1.0714949,0.13472222222222222
0.04884634,0.05184511,0.06285275,-0.0126610845,-0.14913583,0.052799556,0.015121922,-0.026658803,-0.01665942,61.839886,-0.8443369,16.70284,-0.97689915,0.1361111111111111
-0.045952633,-0.050408483,0.016443431,0.0098253265,-0.0077958554,-0.024524752,-0.06511961,-0.1849365,-0.03297265,63.615505,29.881954,16.282835,-0.16250673,0.1375
-0.062043443,-0.020252913,-0.0035028607,-0.0073243007,-0.0021589398,0.004300844,-0.06942019,-0.057322048,0.015917238,61.46665,28.873175,16.137175,-0.58556366,0.1388888888888889
-0.044287667,0.0006072745,0.024217531,-0.027868703,-0.034418635,-0.0009439923,-0.043911383,-0.06449496,0.013671055,60.427883,28.14066,15.883748,-0.74739563,0.14027777777777778
-0.026763692,0.005025193,0.0389213,-0.10955198,-0.03556367,0.057241894,0.08941054,-0.06749178,0.044208117,60.550556,28.295935,2.8009586,-1.4725962,0.14166666666666666
-0.054027528,0.03379172,-0.07415729,-0.008399442,-0.028471373,-0.04597644,-0.06055838,-0.047463275,0.005211029,61.48131,26.479727,8.576416,-0.42470357,0.14305555555555555
0.0065969527,0.020534545,0.027983204,-0.010505974,-0.052613966,0.0075200014,-0.047705203,-0.09029915,0.024099268,59.648388,28.544521,15.817862,-0.5737618,0.14444444444444443
-0.00037267804,-0.014938608,0.050009742,-0.044316635,-0.082164116,-0.008664001,-0.053980872,-0.1114969,0.0076057203,60.198746,28.354095,15.937581,-0.77168345,0.14583333333333334
0.12502456,0.09279881,0.010808237,-0.046695918,0.058265552,0.05037251,-0.07219764,-0.0075776353,-0.06436717,9.647697,27.46153,15.589566,-3.0275245,0.14722222222222223
0.14996782,-0.10947667,0.15479101,-0.04135461,0.11033026,0.22605509,-0.010464102,0.1382742,-0.015273199,3.2983365,12.424109,18.693672,-1.8704783,0.1486111111111111
0.086094,-0.043127984,0.010252424,0.018412463,-0.07836182,-0.11478664,-0.02753459,-0.022392683,0.042579047,28.819023,2.582573,14.290074,-1.1811426,0.15
-0.014748558,0.010713473,0.008098975,0.004030779,-0.04499481,-0.06994328,0.01535593,0.017478526,0.055161968,37.601547,27.31035,15.286262,-0.7772329,0.15138888888888888
-0.04492584,0.003789343,0.031105123,-0.021913245,-0.03196072,-0.017105546,-0.012603268,0.005787097,0.0068504065,37.639076,27.254375,15.1286955,-1.361561,0.1527777777777778
-0.05634114,-0.060210764,0.068008274,0.024547428,-0.10588632,-0.015742403,-0.054949835,-0.1398674,-0.029294284,39.718136,26.64004,8.278648,-0.95371854,0.15416666666666667
0.15487313,0.0027681887,0.079500735,0.054085124,-0.0671126,-0.05505376,0.0747814,-0.0071810335,-0.034948654,40.048187,26.859272,3.0586226,-1.1116848,0.15555555555555556
-0.017225385,0.044144504,0.02454219,0.028665155,0.038761612,0.0014962628,-0.08079952,-0.13175112,-0.049495146,53.16369,27.390835,15.783424,-2.4746323,0.15694444444444444
-0.010632351,0.047507055,0.038918674,-0.022141516,-0.03681024,0.01269516,-0.12039718,-0.0684536,0.013382476,46.56224,27.744955,15.111517,-1.662351,0.15833333333333333
-0.084380314,0.034154885,-0.0012949109,-0.059626818,-0.039125167,0.013439503,-0.06758896,-0.0059378445,0.030325677,58.475887,27.392218,15.287146,-1.3408425,0.1597222222222222
-0.07883443,-0.014675796,-0.051984303,-0.016543627,-0.026755579,-0.020838935,-0.063606195,-0.10613216,0.026044302,43.836243,27.589525,15.194964,-1.579822,0.16111111111111112
0.013431922,-0.01463829,-0.051238127,-0.09965952,-0.13433135,0.059449337,-0.055939056,-0.21716508,0.03781525,54.610283,9.186019,16.797335,-0.7816917,0.1625
0.12042814,-0.021653816,0.15367171,-0.015536398,-0.26611847,0.034773737,0.06667194,-0.11827249,0.0040720273,60.23044,8.2484045,14.903541,-0.60966665,0.1638888888888889
0.00074882805,0.07233086,0.032017812,-0.045284107,8.971244e-05,0.027614795,-0.015103251,-0.004003428,-0.0012789667,58.217613,27.662216,14.964296,-1.4946685,0.16527777777777777
-0.043152586,0.1147151,0.041388866,-0.046703324,0.081001006,0.044079397,-0.11378719,-0.08393621,-0.01366039,60.840164,28.140465,14.282511,-1.1421313,0.16666666666666666
-0.037474573,-0.035652697,-0.03633786,-0.0033766031,-0.093772925,0.002377063,-0.023850366,-0.056786023,0.060062326,57.072983,28.25405,-1.3770655,-1.8547026,0.16805555555555557
0.026052572,0.027219042,0.07110324,-0.06579286,-0.13303888,0.0816427,-0.14676338,-0.045071155,0.011300903,60.252502,28.00126,13.067839,-0.3815318,0.16944444444444445
-0.07248837,-0.023213506,0.01292862,0.029902011,-0.0010439456,-0.027073618,-0.109444775,-0.1466369,0.0038171243,62.63457,29.295748,15.919624,-0.33181846,0.17083333333333334
-0.022230566,-0.034863204,0.015693419,-0.108695254,-0.025213078,-0.008563098,0.003873989,-0.09195673,0.0052223653,59.82611,27.772272,15.71447,-0.8891623,0.17222222222222222
-0.06355789,-0.11178483,-0.020262219,0.007696539,0.018927097,0.007964432,-0.09929755,-0.12678051,-0.020139817,63.22995,29.810263,15.940741,-0.12411863,0.1736111111111111
-0.07906674,-0.11627419,0.0012719333,-0.030203328,-0.006764561,-0.0018736832,-0.11209246,-0.18514916,-0.031057304,63.767796,30.04597,15.879359,-0.029193297,0.175
0.0068376884,0.07638852,-0.092259385,-0.13393623,-0.18878073,-0.07387701,-0.09914178,-0.23371199,0.083598696,60.97559,4.8090873,17.357513,-1.5996304,0.1763888888888889
0.036715113,0.0030197576,0.15549077,-0.09351911,-0.07445427,-0.04191451,-0.015819445,-0.054398872,0.03633614,58.983013,12.894491,15.333689,-0.96342707,0.17777777777777778
-0.004713133,0.048958242,0.05559629,-0.0009799749,-0.012683161,-0.022891242,-0.02482842,-0.07446811,0.004802227,60.324924,28.36082,15.75246,-0.8990756,0.17916666666666667
0.019652814,0.0071155503,0.057996675,-0.06676939,0.02968847,0.12516466,0.112518415,0.029244132,-0.02754285,60.36802,27.639282,5.1252723,-1.5479665,0.18055555555555555
0.06644273,-0.017413422,-0.031199448,0.04113374,-0.025226563,0.060591083,-0.0057400167,-0.055309728,0.017810747,60.44053,26.859957,6.814902,-0.49354422,0.18194444444444444
-0.09407994,0.020798124,0.042974852,-0.16413547,0.011674963,0.054715395,0.05109541,0.049979348,0.016470257,54.76671,27.702627,15.2007,-0.9063748,0.18333333333333332
-0.0197092,-0.07984747,-0.002089128,0.057128433,-0.08731995,-0.009787966,0.025601923,-0.07252466,0.06546106,3.47149,27.705217,15.251845,-2.2578533,0.18472222222222223
0.110693865,-0.15659264,0.01958371,-0.022420973,-0.10760709,-0.021877807,0.083008364,-0.020809337,0.10996893,11.69269,27.662722,15.060645,-1.4525462,0.18611111111111112
-0.0117768645,0.009465307,0.07404327,-0.05430518,-0.051196553,-0.014843594,0.011606753,-0.016118325,-0.026686033,30.108128,27.018572,15.568048,-0.9256319,0.1875
0.00073378533,0.008957237,0.020914145,0.01162269,-0.049953885,0.024056613,0.011977419,-0.0400692,-0.02776325,36.87315,27.174795,15.512853,-1.3503367,0.18888888888888888
0.070620336,0.06608326,0.074480936,0.09349937,-0.19262886,-0.062285673,-0.012862191,-0.05509927,0.010835394,39.109848,-0.31250167,14.290489,-2.3820941,0.19027777777777777
0.061335053,0.086710595,0.0623385,-0.002910167,-0.18239495,0.030863658,0.022119328,-0.08650895,-0.040056385,37.808712,18.516453,12.812168,-0.6370666,0.19166666666666668
0.050555892,0.005529277,0.06790787,-0.028435662,0.01800058,0.07038952,0.11309989,-0.123305805,-0.08749975,44.88151,25.764338,11.288554,-1.3353602,0.19305555555555556
0.041708037,-0.09060249,0.04402676,0.052623086,-0.16747752,0.019479282,0.022562996,-0.21956965,0.040309355,50.912773,26.938953,1.8797009,-2.2320557,0.19444444444444445
0.052679628,-0.010502532,0.09448798,-0.023992509,-0.11133195,0.042653017,-0.05661867,-0.017047532,0.005937081,49.57041,27.808743,15.226126,-1.5338136,0.19583333333333333
0.01812119,0.031857148,0.016733162,0.0012561157,-0.03615644,0.018522497,0.03360793,0.019074984,0.07474816,55.061035,27.628048,15.401299,-1.8282335,0.19722222222222222
-0.06329866,0.0033200905,-0.086846985,0.013638765,0.00034870207,0.01852915,-0.04503295,-0.083726175,0.008742128,43.456764,27.724771,15.243273,-1.877397,0.1986111111111111
-0.0512895,0.08467427,0.050420437,-0.040421546,-0.041246288,-0.01348507,-0.04689119,-0.032037564,0.020874735,59.8362,28.328606,15.900545,-0.81072307,0.2
0.010287978,0.02603668,-0.00011602044,-0.048194647,0.03500519,-0.014430676,-0.0036762953,-0.04716845,0.05037108,59.948353,28.23468,15.746546,-1.2022605,0.2013888888888889
-0.051413342,0.082534954,0.012032226,-0.07402252,-0.06357319,-0.016749855,-0.03915672,-0.0411006,-0.036791094,59.19821,24.773947,14.704848,-2.026499,0.20277777777777778
0.03811107,0.1003498,0.012601964,0.011890203,-0.090759434,0.021923438,0.025342911,-0.020458505,-0.09079318,59.20671,-1.5606192,15.251644,-0.7291864,0.20416666666666666
0.07751843,0.12028413,-0.091672875,-0.026034266,-0.056199946,0.04256028,-0.12468363,0.050466746,0.06355745,56.8197,22.954624,14.678872,-1.2543132,0.20555555555555555
-0.03549464,0.04274535,0.0028540492,-0.014129385,-0.10589833,0.029422566,-0.013699278,-0.06846961,0.029072467,59.919426,28.33327,-0.83546185,-1.1917499,0.20694444444444443
-0.049991444,-0.10806155,0.004926227,-0.051831767,-0.00025197119,0.08295368,-0.17015496,-0.12354983,0.038550638,62.785175,27.90083,11.600584,0.32401094,0.20833333333333334
-0.03216608,0.0040218905,0.06877567,-0.04666856,-0.038844876,-0.009355936,-0.07347411,-0.066376455,-0.0035994668,60.750065,28.471237,16.071138,-0.63358784,0.20972222222222223
-0.09555763,-0.09040107,-0.008524291,0.013018988,-0.010900252,-0.003738355,-0.081248134,-0.13467783,0.005132869,63.379433,29.64769,16.01896,-0.16093907,0.2111111111111111
-0.09856859,-0.114930555,-0.012632452,-0.017241403,-0.01304353,0.00074090064,-0.10216669,-0.14399648,-0.014297084,63.723095,30.017061,16.05264,0.06442082,0.2125
-0.06753379,0.01893048,0.027160682,-0.023265928,-0.055466093,0.009150568,-0.033528686,-0.0795135,0.03283962,59.84714,27.884192,15.749388,-0.78143644,0.21388888888888888
0.001277566,-0.033580363,0.016370341,-0.03719352,-0.036251955,0.019088764,-0.033389658,-0.083665036,0.03772913,60.02281,28.306496,15.919651,-0.9665719,0.2152777777777778
-0.049246237,0.022127487,0.16492814,0.011503674,-0.06007407,0.109362125,-0.024112105,-0.043291025,0.047291778,60.60089,20.63752,15.310161,-1.6498708,0.21666666666666667
0.055122294,0.06387536,0.029533863,-0.0040586963,-0.15239766,0.07058031,0.037802115,-0.017467402,-0.074908,59.27987,-1.6183001,16.001703,-1.5120271,0.21805555555555556
0.15365134,0.07677296,-0.029897057,-0.025074154,0.083632186,0.12266262,0.086968586,-0.10361146,-0.1480377,60.446884,27.084332,4.982225,-1.2405261,0.21944444444444444
0.05681891,-0.18692076,0.07638806,0.11268088,-0.017256416,0.029104464,-0.12287033,0.115245,0.06450303,38.836983,28.09334,6.109074,-0.60863566,0.22083333333333333
-0.023030177,-0.09122157,-0.037893526,0.047875702,-0.06925953,-0.024986695,0.010916963,-0.04649459,0.07683672,2.7057185,27.728416,15.442828,-1.961,0.2222222222222222
-0.039465547,0.05729872,0.12942478,-0.10763854,-0.1080899,0.060261052,-0.0006223619,-0.07017364,-0.087413274,17.711199,26.945639,15.23752,-1.1546229,0.22361111111111112
0.0165651,0.018208735,0.083660394,-0.07349527,-0.015142709,-0.0097980015,-0.03194961,0.02217869,-0.045469403,32.83126,27.491951,15.05125,-1.1346729,0.225
-0.04397288,0.032368027,0.036098294,0.011714272,-0.044140853,-0.0073677264,0.011993766,-0.008716144,0.010064695,37.343266,27.16795,15.318512,-1.0743909,0.2263888888888889
-0.019844428,0.006025158,0.001112856,0.015429392,-0.011110567,0.0145663135,-0.026001766,-0.05344761,0.0006058216,38.196995,27.290752,15.449923,-1.4543564,0.22777777777777777
-0.0058393925,-0.009919092,0.01597824,0.023131795,-0.05510602,-0.024255287,-0.0075041354,-0.045304157,0.022353861,37.994015,27.258274,15.750009,-1.6238761,0.22916666666666666
-0.007995874,0.022501692,-0.06979326,0.09165316,-0.054160558,-0.03764486,0.0043298304,-0.07252278,0.0015598983,48.585384,15.180726,14.322026,-1.9302074,0.23055555555555557
-0.045345798,0.19414675,-0.11596011,0.017173678,-0.1627504,0.116651565,0.17645408,-0.008988053,-0.0071696043,49.71364,0.059135627,12.028789,-2.1067317,0.23194444444444445
0.0614789,-0.040483594,0.050012227,-0.14713232,-0.044921763,-0.007910173,-0.14979358,-0.06498008,0.007070966,48.976955,29.284554,-2.0742369,-0.7652041,0.23333333333333334
0.0060932636,0.030405626,0.03425715,-0.029262722,-0.049269132,0.07784607,-0.025798663,-0.022443615,0.052401252,50.475067,27.53979,15.399546,-1.3135945,0.23472222222222222
0.009448767,0.04649844,0.039402418,-0.021666259,-0.065585695,0.035309516,-0.09567423,-0.05370529,-0.043529123,45.24372,27.867052,15.289738,-1.7933961,0.2361111111111111
0.0032822117,-0.027024552,0.024260327,-0.0021296144,0.0010410771,0.008425303,-0.061277054,-0.069201715,-0.010267695,61.73865,29.371185,15.947746,-0.49686122,0.2375
-0.018221363,-0.023441881,0.032382242,-0.040015772,-0.037791736,0.026215784,-0.024141327,-0.024644323,0.052016653,59.17582,27.778608,15.75877,-1.3171587,0.2388888888888889
0.038779035,0.06497046,0.048688713,-0.054167405,-0.030504309,0.01270923,-0.08637833,-0.04759536,0.04390481,59.023735,27.915321,15.234442,-0.98283005,0.24027777777777778
-0.042447865,-0.02285555,0.027283393,-0.055004463,0.0006999001,0.008949805,-0.0030125529,0.01466497,0.029169336,59.667263,27.631502,15.5153885,-1.1232032,0.24166666666666667
-0.02251573,0.03250739,-0.01703278,-0.06397782,0.00020303577,0.021198798,0.020138726,0.0036400184,0.04744456,57.841778,27.425594,15.25377,-1.9096801,0.24305555555555555
-0.13351554,0.08814868,-0.113240756,-0.06052734,-0.20648369,0.049688388,-0.06869353,-0.24918881,-0.07332571,61.62369,10.978909,15.757973,-0.68345726,0.24444444444444444
0.14368296,-0.06179729,0.07863208,-0.101574436,-0.12510559,-0.05755992,-0.07891028,0.08215212,0.022578187,59.838387,7.168725,0.7513845,-1.0079297,0.24583333333333332
0.027927272,-0.1356704,0.053726688,-0.04129696,0.07928606,0.04265627,-0.1331232,-0.046925522,0.010091752,62.636242,27.91451,9.794021,0.5873947,0.24722222222222223
-0.06770338,-0.05250533,0.012112245,0.005653672,-0.018457852,-0.028119091,-0.084733926,-0.15939063,-0.010574691,63.041992,29.702085,16.036865,-0.064618394,0.24861111111111112
-0.06721015,-0.067109466,-0.013708189,-0.006176628,0.016100444,-0.00422458,-0.06593272,-0.08629917,-0.0039817486,62.693398,29.683588,15.992197,-0.29034844,0.25
-0.032361656,0.018321134,0.035741843,0.0014917478,-0.04141832,0.019246016,-0.04480859,-0.059744574,0.03213345,60.53818,28.271994,15.813759,-0.84012973,0.2513888888888889
-0.03166966,0.017695427,0.0444855,-0.042310074,-0.077887215,-0.009547699,-0.05497229,-0.111102454,0.026749562,60.231743,28.011509,16.089764,-0.8967732,0.25277777777777777
-0.031274974,0.005311534,0.04549552,-0.014597431,-0.03306114,0.0012728982,-0.029566035,-0.057185166,0.031336397,60.60372,28.353697,15.752646,-0.8270526,0.25416666666666665
-0.07935169,0.011944093,0.06642628,-0.060929507,-0.0857125,0.014664829,-0.074030414,-0.023781076,0.03489597,60.52236,28.139072,16.042759,-1.18246,0.25555555555555554
-0.04459414,0.015487321,0.039087582,-0.008593805,-0.016220331,0.04413405,-0.066225596,-0.07936602,0.04458587,60.13615,28.306038,16.035894,-1.1134686,0.2569444444444444
-0.15190116,0.15694258,-0.2683282,0.010984413,-0.22499925,0.33772483,-0.034130648,-0.0041733906,-0.108989574,26.704384,5.308697,6.61467,-1.5235312,0.25833333333333336
-0.16510993,0.14556871,0.15964584,0.051144905,-0.121132575,0.2576137,0.32783222,0.15408167,-0.04693637,1.1389184,10.320175,7.562915,-1.91115,0.25972222222222224
0.0054534823,-0.093564525,0.053280033,0.02107744,0.021382883,-0.027358878,0.015526831,0.013947818,-0.03350617,22.705051,27.783705,15.065786,-1.2973274,0.2611111111111111
-0.024347574,-0.0030228198,0.023933962,-0.0025527626,-0.019315176,0.02316409,-0.000895977,0.0869621,-0.05572886,34.853535,27.550919,15.057414,-1.1922853,0.2625
-0.021554947,-0.016037807,-0.00083907694,-0.008488722,-0.035518177,-0.03998733,-0.025695428,-0.053486302,-0.008663107,38.142067,27.368101,15.502082,-1.2850734,0.2638888888888889
-0.0250597,0.008397214,0.008491583,0.0038964152,-0.0017304271,-0.0025363676,-0.012981743,-0.009998716,0.013093259,38.00424,27.336666,15.15091,-1.2978866,0.2652777777777778
-0.03941886,0.06113345,-0.0020412132,0.017531514,-0.06301684,0.032381114,-0.014986426,-0.033740617,-0.019582093,39.186928,27.642464,15.542294,-1.5400115,0.26666666666666666
0.012585007,0.014200017,-0.027374856,0.014211379,0.023246348,0.0019341484,0.04912895,-0.0427443,0.01072856,51.54239,27.485628,15.472592,-2.5402737,0.26805555555555555
-0.04834251,0.00048238784,-0.021312833,-0.020998865,0.020121552,0.04237352,0.06063783,-0.037064068,0.013407122,49.239487,27.666687,15.43066,-2.4000633,0.26944444444444443
0.00029331446,0.024968073,0.014924757,-0.102617264,-0.07052039,0.039123565,-0.07819158,-0.017350048,0.08290629,56.24729,26.1873,14.386626,-3.0655873,0.2708333333333333
0.009845965,0.1063579,-0.007985935,-0.055125013,-0.15044168,-0.061420944,0.08633244,-0.0050231144,0.02315548,43.768696,1.0682224,-0.64488626,-1.7338094,0.2722222222222222
0.13446942,0.09006685,0.018101923,0.023306862,0.1291809,0.081817925,0.09428124,0.017346956,-0.0875175,49.261616,15.615297,14.326736,-1.7459189,0.27361111111111114
-0.02287507,-0.04152058,0.043773215,-0.017569244,-0.08746568,0.016441919,-0.08649689,-0.13813293,-0.0138613405,62.115772,29.099005,16.186567,-0.4863265,0.275
0.00865484,0.010348536,0.008254483,-0.03350267,-0.03462801,0.046908386,-0.03967075,-0.049620263,0.026910368,58.34879,27.706041,15.119289,-1.5200548,0.2763888888888889
-0.06304191,0.0099112615,0.05400085,-0.032150716,-0.06058512,0.012357399,-0.058628947,-0.019746073,-0.010798376,59.711792,28.13667,15.657029,-1.1148783,0.2777777777777778
0.022325732,0.07035884,0.011610024,-0.060192034,-0.014990598,-0.045394693,-0.015282989,-0.04693857,0.054846123,58.56443,27.600788,14.931041,-1.200615,0.2791666666666667
-0.039731696,0.03816045,0.045094445,-0.08287665,-0.026581526,-0.017553445,-0.011946499,0.008308131,0.029275607,59.04495,28.05707,15.542191,-0.97611785,0.28055555555555556
-0.041602746,-0.06462255,0.024603568,0.02937103,0.020398118,-0.02288663,-0.08852788,-0.11397769,0.008507319,62.32344,29.076704,15.936299,-0.5287304,0.28194444444444444
0.010317653,0.016363658,-0.016325586,-0.007747002,-0.015849091,0.02713902,-0.038081773,-0.09397193,0.04727163,60.188572,28.317078,15.701282,-0.8124192,0.2833333333333333
-0.13401166,0.019643039,0.07172865,0.042862408,-0.015539788,-0.056182932,-0.03631682,-0.014590144,0.036527008,62.463314,25.886013,0.9073113,-0.00042775273,0.2847222222222222
0.09893006,0.022270545,-0.13057718,0.0936073,-0.21540275,0.011387058,0.07320073,-0.20644853,0.028385464,62.83668,-1.5187755,9.886452,-0.9785298,0.2861111111111111
0.07547969,-0.061455786,0.044409726,-0.08832283,0.033016913,0.038350098,-0.22773977,-0.114845075,0.006478086,62.8234,23.317486,13.762878,-0.26793593,0.2875
-0.050069854,0.00047356635,0.03631495,0.004047811,-0.05885046,0.018413853,-0.04189927,-0.043738946,0.03829301,60.323833,28.35867,15.774848,-0.75682914,0.28888888888888886
-0.052336216,-0.020381436,0.03799189,-0.029524237,-0.03582818,0.0122432,-0.06831262,-0.06404557,0.01435779,60.46019,28.208479,16.143175,-1.1927094,0.2902777777777778
-0.026603177,0.02757731,0.06082237,-0.009026915,-0.050810017,-0.0048890524,-0.054728404,-0.08028556,0.018814772,60.490597,28.425854,15.950065,-0.86142814,0.2916666666666667
0.0749298,0.082516715,0.047048066,-0.021094292,0.021091834,0.007957488,-0.07117415,-0.08000966,0.02167898,60.37363,28.679932,15.904249,-1.3527737,0.29305555555555557
-0.052628502,0.050258465,0.046500552,0.013197459,-0.03096097,0.026806436,-0.018054739,-0.03720805,0.023747344,60.499866,28.437963,15.912675,-0.8602035,0.29444444444444445
0.15413298,0.026027419,-0.009680457,0.08677409,0.08349751,0.07214675,0.07328044,-0.006300546,0.019982032,12.590341,27.41634,16.332247,-2.7775552,0.29583333333333334
0.08259455,0.00411056,0.03128822,0.03374175,-0.058011748,0.026441704,0.13737895,0.18681496,0.009598393,3.8451939,24.85453,10.163136,-2.1970417,0.2972222222222222
0.08487754,0.018797189,0.04770032,0.053449295,-0.16808122,0.029988226,0.17388187,-0.007340066,0.12181862,28.908817,21.325018,2.826252,-2.5356126,0.2986111111111111
0.112608016,0.06783736,-0.0002033487,0.022606015,-0.17317912,0.007689137,0.08180714,0.08659148,0.09517967,37.466167,-0.93847644,13.373593,-2.58127,0.3
0.1301454,-0.08890793,0.00981307,-0.04138805,-0.102245755,0.018351994,0.041707367,-0.014196582,0.028428894,36.8205,26.360905,14.82976,-0.9168886,0.3013888888888889
-0.055736482,-0.036562607,-0.022599712,0.052031882,-0.05911299,-0.02779426,0.01815477,-0.0651486,0.041271158,38.654446,27.19099,15.269999,-1.371111,0.30277777777777776
-0.028971717,-0.023454443,-0.016405836,-0.036557004,-0.073567174,-0.009525519,-0.08535292,-0.0847503,0.028978072,41.424435,27.62313,15.406812,-1.3068644,0.30416666666666664
-0.004601747,0.026566796,-0.015099347,-0.001053147,0.028379977,-0.039683174,-0.066721424,-0.1555295,-0.045535117,53.306255,27.507597,15.342157,-2.6464021,0.3055555555555556
0.009310961,0.02253984,-0.009386413,-0.058032587,-0.0043221414,0.015602529,-0.09215503,-0.03040117,0.012162279,46.963707,28.02687,15.510851,-2.246252,0.30694444444444446
-0.053118587,0.10824639,0.0028499663,0.04143826,-0.045444705,-0.030997705,-0.06708041,0.020153426,0.0580377,58.29063,28.06783,15.185425,-1.839404,0.30833333333333335
-0.083843976,0.0021018907,0.031582825,0.05071125,-0.046009682,-0.0016460903,-0.015062407,-0.017836303,0.05969339,43.84304,26.339212,13.7818985,-2.1488564,0.30972222222222223
-0.042511597,-0.041343436,0.023596816,-0.0579015,-0.038491167,0.035512418,-0.09423183,0.07868715,0.16204087,54.588913,28.530046,-0.10385384,-2.327933,0.3111111111111111
-0.053956315,0.061679143,-0.042202972,-0.005977586,-0.1938344,-0.13230109,-0.13167253,0.05664323,0.20194939,60.806316,18.504965,13.5691185,-1.5787348,0.3125
0.09376411,-0.016200334,0.108972006,-0.014566869,-0.18357843,0.04271359,0.023512706,0.031266514,0.08963421,55.698456,0.8408434,14.419652,-1.2295753,0.3138888888888889
-0.02041851,-0.025113538,0.045640163,-0.07642521,0.015161917,0.038283847,-0.038510233,0.0014953837,-0.002325818,59.739746,28.695204,15.807491,-0.7096257,0.31527777777777777
0.036358796,0.05779768,0.03478092,-0.041287363,-0.05404011,0.010160133,-0.058871493,-0.02329716,0.03465486,57.471184,27.71229,14.90243,-1.7025117,0.31666666666666665
0.025745742,0.0275608,0.067539185,-0.011054605,-0.04179541,0.04958184,-0.06638768,-0.089673765,-0.0031340402,60.515766,28.709862,15.799278,-0.82084596,0.31805555555555554
-0.029024541,-0.027464598,0.018832348,-0.004191391,-0.032700665,-0.0025103204,-0.09822614,-0.14917451,-0.04588487,62.051144,29.450886,15.940602,-0.24500574,0.3194444444444444
-0.020695865,0.015057422,0.020940378,-0.06632957,-0.104614474,-0.033454385,-0.04316488,-0.08380637,0.027619302,59.238117,27.611048,15.696673,-0.5906287,0.32083333333333336
-0.056670055,-0.07579513,0.008724004,0.00170286,-0.0063732415,-0.008508053,-0.0925949,-0.16776347,-0.015490552,63.24924,29.656977,16.156254,-0.20148149,0.32222222222222224
0.014676981,-0.03025727,0.060493734,-0.11991666,0.08568649,0.048893925,0.095146224,0.036816113,-0.00764348,63.69495,29.285875,2.2948506,-0.2372423,0.3236111111111111
0.041921906,0.08535491,-0.027738519,0.03112667,0.012724802,-0.011142712,-0.11731008,-0.055084966,-0.06853096,62.08555,26.863468,7.7076635,-0.63385713,0.325
-0.041710153,0.14310077,-0.03468994,-0.05690834,-0.19835275,0.022792425,-0.041954033,-0.009816349,-0.050919928,60.23394,11.801032,15.926598,-1.4453716,0.3263888888888889
0.019548565,0.14870717,-0.051749133,-0.087459445,-0.123806484,0.012772758,0.01347965,-0.11539347,-0.0046365857,59.772255,5.5859146,15.753758,-0.9297458,0.3277777777777778
-0.05200149,-0.016502991,0.0314781,-0.030925184,-0.010319307,0.027816396,0.019454375,-0.02949521,0.026238706,60.712234,28.334936,16.13179,-1.0222703,0.32916666666666666
-0.03285925,0.017984368,0.032384858,-0.041405395,-0.046684377,-0.016965244,-0.018605247,-0.056975022,0.057846166,60.250492,28.225098,15.886332,-0.79179776,0.33055555555555555
-0.02083829,0.06437576,0.053182688,-0.10728474,-0.06646634,0.066638544,0.026341125,0.0872119,0.005505968,57.009243,27.623882,15.911636,-1.0450627,0.33194444444444443
-0.0033356398,-0.07927951,0.008845344,0.047684714,-0.093758516,-0.012870725,-0.006060168,-0.0781273,0.08334871,3.4456115,27.525858,15.124399,-2.2321594,0.3333333333333333
0.058115736,0.0037788898,0.06605102,-0.031975016,-0.09244444,-0.016808543,0.065211385,-0.029785126,0.053908028,10.942302,27.355097,16.715733,-1.6253597,0.3347222222222222
0.01692386,-0.0137593,0.14295404,-0.0075597316,-0.0026962385,-0.11146118,0.11988233,-0.012274265,-0.011586565,30.035181,26.559204,10.205385,-1.8960607,0.33611111111111114
0.112712845,0.016754523,0.033146888,-0.012974277,0.12370551,0.025607035,0.045697972,0.055382866,-0.08411698,36.818687,27.296982,2.3954158,-1.4521903,0.3375
0.0023425147,0.036047354,0.018023968,0.008525655,-0.04671543,-0.0399193,0.0059773475,-0.065941505,0.04040233,38.288475,27.319492,15.605953,-1.3905293,0.3388888888888889
-0.011708662,0.14264108,-0.09930941,0.0064279735,-0.21120575,0.06829473,-0.017740816,-0.1358445,0.02413914,39.346928,6.368594,14.259033,-1.0851161,0.3402777777777778
0.170456,0.06739335,0.028942704,-0.01818408,-0.10568937,0.08618948,0.008758932,0.081150405,-0.014552764,41.584908,9.959039,14.017003,-0.6937851,0.3416666666666667
-0.031691685,-0.0072900876,-0.014883161,0.022027224,-0.009893768,0.020630483,0.022485286,-0.052623563,0.015498694,53.080864,27.480017,15.365713,-2.2123396,0.34305555555555556
0.05453649,0.021753907,0.06842909,0.037775405,-0.13414508,0.04499284,-0.083595455,-0.05287496,0.01472738,48.05759,27.583792,15.804985,-2.2502367,0.34444444444444444
0.039049037,0.062726796,0.046474773,-0.0075279474,-0.05037094,0.043377,0.006857589,0.033223614,-0.0070742127,55.856285,28.05903,15.501206,-2.1360652,0.3458333333333333
0.003963873,-0.007106617,0.02588635,-0.059030056,-0.019558594,-0.019744601,-0.020555183,-0.067030676,-0.0046129283,43.152756,27.44608,15.480544,-1.3821489,0.3472222222222222
0.04660155,0.0019261315,0.017968893,-0.029743522,0.09959432,-0.015741702,-0.060655393,-0.028609805,0.014355984,60.20153,28.155748,15.648801,-1.6515841,0.3486111111111111
0.024333224,0.020324096,0.032196917,-0.0070820227,-0.09540088,0.041152325,-0.018238768,0.044788055,-0.0421201,59.26849,29.003563,-1.0024807,-1.560185,0.35
0.083751015,0.17935681,-0.06901429,-0.04544857,-0.04287406,0.09499378,-0.022634476,0.06234952,0.021780763,58.55925,26.734795,12.821753,-1.9564459,0.35138888888888886
-0.02431935,0.011616267,0.010040127,0.043877795,-0.05579575,0.030462228,-0.06225367,-0.10825562,0.038856313,60.42721,28.018854,15.82648,-0.73074603,0.3527777777777778
0.12792881,0.019845493,-0.03699077,0.0064310506,-0.041298725,0.0014799349,-0.061016604,-0.0021188483,0.027921274,56.18147,1.8834094,15.327309,-0.9408951,0.3541666666666667
-0.13152209,0.09287195,-0.047931336,-0.08581664,-0.023390621,-0.08608122,-0.12948623,-0.026031747,0.1042729,59.225655,15.770695,14.683591,-0.5790662,0.35555555555555557
-0.079448774,-0.04901831,0.024683073,0.004125282,0.011592619,0.021790843,-0.068622194,-0.08249029,-0.012264645,62.26968,29.267662,16.033983,-0.5925036,0.35694444444444445
-0.05121517,-0.013564572,0.024089389,-0.042536438,-0.082798876,-0.022215549,-0.05572825,-0.12628934,0.014725637,60.374046,28.119362,15.754143,-0.55157804,0.35833333333333334
-0.086272016,-0.087656215,0.005846463,0.012302659,-0.012872353,0.0066017658,-0.10752783,-0.15286964,-0.016763138,63.350174,29.738941,16.098145,-0.26583287,0.3597222222222222
-0.072322145,-0.103775725,0.0029053912,-0.013308048,-0.020687066,-0.0044994913,-0.09687892,-0.16741645,-0.015974212,63.819866,30.053062,16.075888,-0.07813093,0.3611111111111111
0.052045025,0.051765032,0.049715266,-0.08685526,0.023136616,0.15895356,0.10698928,0.04075075,-0.1012192,59.823067,26.886633,5.672184,-1.2013235,0.3625
0.05751469,-0.013895124,0.061914463,0.067405954,-0.14437526,0.0026501976,-0.042932473,-0.048682332,0.0799151,60.37105,26.992481,7.259826,-1.0858319,0.3638888888888889
-0.0233659,-0.022185266,0.029900163,-0.034544364,-0.051060326,0.0037511513,-0.022107914,-0.112867005,0.035286278,60.535698,28.185055,15.969112,-0.9672799,0.36527777777777776
0.005337037,-0.0023649037,0.014215194,0.022490159,0.07597234,0.014220763,-0.13633727,-0.041648068,0.031255785,61.2446,28.251123,14.880363,-1.1824142,0.36666666666666664
0.11588299,0.08970532,0.08538409,0.032418802,-0.10367773,0.016668845,-0.015248224,0.0012756214,0.030121189,59.240932,-1.6698776,15.75214,-1.6138963,0.3680555555555556
-0.010124207,-0.034633785,0.21270531,-0.0022339672,-0.05991248,0.05116277,-0.025583968,-0.119951166,-0.0664427,40.16288,21.91819,14.415351,-0.70187795,0.36944444444444446
-0.011781275,-0.090069234,-0.041083016,0.051078215,-0.0857741,-0.0069837086,0.014191821,-0.065414615,0.08364397,2.9047537,27.67814,15.297006,-2.0187697,0.37083333333333335
-0.1146366,0.063379794,0.11933407,-0.10135847,-0.09835865,0.018147048,-0.01995574,0.005150102,-0.05338584,16.623598,26.967415,15.742288,-1.753931,0.37222222222222223
0.024955831,-0.0031525642,0.07719992,-0.04986675,-0.060438924,-0.0036871321,0.01791671,0.048421327,-0.012545065,32.265064,27.703074,14.934363,-1.0380471,0.3736111111111111
0.088017225,0.06294632,0.058586236,0.055482067,-0.04049801,-0.0379509,0.025581598,-0.057913817,-0.059017964,38.596092,25.709782,11.594704,-1.1881852,0.375
0.022849314,-0.025040478,0.06704145,-0.016119257,0.07839322,0.04925701,-0.06301969,-0.013666496,-0.106556915,37.59307,28.108065,-0.3932072,-1.4926109,0.3763888888888889
-0.03215246,0.045248546,0.0051220283,0.020395882,-0.040866144,-0.02701125,-0.051922627,-0.053247124,0.003376944,38.328274,27.353455,15.710086,-1.4487936,0.37777777777777777
-0.00012623519,0.023147307,-0.0076056644,-0.018617034,0.010699213,-0.029919531,-0.10827407,-0.109229304,-0.046318166,48.50353,28.050507,14.988985,-1.8196725,0.37916666666666665
-0.05877781,0.112970635,-0.06902786,0.07677386,-0.052344643,0.03171967,-0.10538316,-0.117453806,0.0047495216,52.388348,22.206522,15.258333,-2.12493,0.38055555555555554
-0.031040773,0.03823644,-0.07829217,-0.14127095,-0.09763702,0.10079855,-0.033577517,-0.013747267,0.025885794,49.456062,-2.2963154,15.720896,-2.435646,0.3819444444444444
0.01365459,0.07963936,0.058237195,0.03857871,0.058330193,0.03997754,0.01845795,0.15365487,0.010383699,51.894047,25.989782,14.287305,-1.9717314,0.38333333333333336
-0.028518066,-0.033562362,0.047245573,-0.041848183,-0.007872924,-0.022986982,-0.08315952,-0.06393697,-0.033716124,45.078083,27.688934,15.273779,-1.5925627,0.38472222222222224
-0.0076007396,-0.008602582,0.029048696,-0.04671839,-0.007348947,0.0017059818,-0.033251993,-0.08083338,0.006340936,61.215157,29.045544,16.244284,-0.6177456,0.3861111111111111
-0.024519056,-0.035388753,0.040523153,-0.044699386,-0.054541282,0.031402238,-0.049453102,-0.034225784,0.059028752,59.202324,28.037333,15.449643,-1.1198668,0.3875
-0.03296499,-0.054681554,0.029849768,-0.005383797,-0.09789794,0.070198424,-0.032058395,0.06787914,0.04006228,58.35005,29.753038,-1.5126531,-1.2745804,0.3888888888888889
-0.04193999,-0.09421022,-0.072146066,-0.0781703,-0.025190577,0.1162723,-0.048807777,-0.15834624,7.3779374e-06,61.222496,26.456312,11.0099125,-0.37569842,0.3902777777777778
0.02020698,0.046338618,0.008064851,-0.060379848,-0.0031530932,0.013207372,-0.06697921,-0.019932732,-0.004671227,57.627617,27.767416,15.143906,-1.4510032,0.39166666666666666
-0.022029787,-0.03356962,0.02543883,-0.020469785,-0.016184412,-0.04445065,-0.05779729,-0.07543268,0.025027465,61.42337,28.281544,16.304035,-1.0566814,0.39305555555555555
0.04980585,-0.039728492,-0.009140775,-0.1308581,0.08325079,0.052944474,-0.041514635,0.03134508,0.07871088,61.363373,18.735018,15.377031,-0.70476246,0.39444444444444443
0.04806065,0.017349243,-0.009855732,-0.023811802,-0.21666151,0.051140387,0.069403455,0.042613633,0.05188579,60.306427,-1.0347655,17.25121,-0.51068693,0.3958333333333333
-0.08057749,-0.060066447,0.017187156,0.009684697,0.020097822,-0.0020223744,-0.0755495,-0.09483109,-0.01292042,63.016167,29.747953,16.054325,-0.15194266,0.3972222222222222
-0.063631386,-0.07045655,-0.0093382,-0.0021202043,0.014677733,-0.014077444,-0.023478538,-0.103483625,0.016263295,63.004684,29.682577,16.116877,-0.43423396,0.39861111111111114
-0.026521727,0.03970688,0.059133206,-0.008048214,-0.033487193,0.0065472424,-0.057424173,-0.04421018,0.033782054,60.305195,28.237453,15.9096985,-1.1865573,0.4
0.029170252,0.08382751,-0.04044915,-0.058223754,-0.040879197,0.16372839,0.04835324,-0.05152365,-0.024084115,60.50974,26.122606,5.658334,0.038596615,0.4013888888888889
0.07822481,0.034115665,0.1526334,0.0823351,-0.118422784,-0.0038926713,-0.027717412,-0.002024494,-0.02566078,59.580967,26.147526,6.168645,-1.1377387,0.4027777777777778
-0.06387822,-0.044751316,0.059550542,-0.0144761205,-0.053567134,0.04664767,-0.022960052,-0.068732776,0.0009630248,60.5335,28.383497,15.670056,-0.9916264,0.4041666666666667
-0.008030549,-0.0069797337,0.07823209,-0.040956482,-0.028323464,0.048928306,-0.07129669,-0.043761723,-0.023223108,60.407616,28.460217,16.135763,-1.1689205,0.40555555555555556
0.07052027,-0.0845357,-0.034750335,0.048604965,-0.029722668,0.062396754,0.04297124,-0.0018196031,0.14274234,25.320795,28.0946,16.656849,-1.0520453,0.40694444444444444
0.1530712,-0.13287856,0.14549188,-0.005471863,0.04076297,0.1850383,-0.03857989,0.11337231,-0.03650194,1.2517593,13.358177,15.777452,-1.7215507,0.4083333333333333
0.04095281,0.07839562,0.0091885105,-0.0837356,-0.024901249,0.009037927,-0.1275538,-0.21179286,-0.10785686,20.353033,4.637463,14.044054,-1.6415125,0.4097222222222222
-0.0359236,-0.0055139586,0.038807794,-0.016615108,-0.005100295,0.013693064,-0.006458342,0.07310904,-0.03400371,33.820362,27.478203,14.589595,-0.865814,0.4111111111111111
-0.01621838,0.023796879,0.026954181,0.011857323,-0.050640948,-0.012082305,-0.009585246,-0.029036626,0.017556578,37.670307,27.258104,15.355633,-1.24698,0.4125
-0.08129567,0.028769076,-0.0068670064,-0.06658496,-0.0061478093,0.08434259,-0.041495167,0.071491204,0.08336692,38.968407,26.857042,11.951702,-1.771376,0.41388888888888886
-0.033034965,0.023902982,0.008240037,-0.07994525,-0.031567447,0.05180166,-0.039150164,-0.033974126,-0.026391357,36.990498,27.52761,-0.487458,-1.7150514,0.4152777777777778
0.04162924,0.011629865,-0.07675562,-0.0010407344,0.054612834,-0.0049995743,0.0344934,-0.10981581,-0.02682013,52.318573,27.280619,15.59176,-2.671226,0.4166666666666667
0.050362423,2.9206276e-05,-0.0412449,-0.087293565,0.019838855,-0.008965496,0.047003075,-0.011029668,0.020692933,49.619366,27.465302,15.206608,-2.1301284,0.41805555555555557
-0.037277773,0.007521771,-0.034326456,-0.03726563,0.0017975941,0.01019863,-0.08645424,0.05405479,0.01049066,55.2775,28.461447,15.266503,-2.4252884,0.41944444444444445
0.00013659894,0.014383443,0.06202018,-0.062190697,-0.09751033,0.010885369,-0.103541836,-0.050354466,0.013616182,47.697643,27.512465,15.583438,-2.1531441,0.42083333333333334
0.04503081,0.03314344,0.057363614,-0.06416707,-0.13648844,0.020805176,0.062082008,-0.079362445,0.044546,49.383514,7.985954,14.651213,-0.90564954,0.4222222222222222
0.16311023,0.031385683,0.20322268,-0.08880821,-0.19229808,-0.055585694,-0.026717737,0.02175314,-0.06719047,61.87217,9.971753,15.780853,-0.84002924,0.4236111111111111
0.027622186,0.09856299,0.022355221,-0.061976388,-0.052424274,-0.0022205599,-0.019350454,-0.044982903,0.042873524,58.575653,27.791191,15.205088,-1.6869926,0.425
-0.022486925,0.014619596,0.032657564,-0.035224468,-0.017405018,0.028643813,-0.019049644,-0.04160568,0.02511371,59.482224,28.145073,15.514343,-1.0113522,0.4263888888888889
0.03467659,0.05682254,-0.00019817054,-0.04281093,-0.037598394,0.023385767,-0.014516458,-0.007045634,0.078098975,57.3804,28.509666,0.5671386,-1.9073373,0.42777777777777776
-0.04964693,0.04052987,-0.08741335,-0.038154587,0.010175869,-0.026805189,-0.070787154,-0.049257837,-0.0006625317,58.58362,26.258327,11.492565,-1.2549626,0.42916666666666664
-0.06417118,-0.04451433,0.0035258606,-0.026502132,-0.055887587,0.022544622,-0.13444519,-0.14324433,0.014097434,61.66224,29.249882,16.233692,-0.5898346,0.4305555555555556
-0.02022247,-0.0067627877,0.04575574,0.022601895,-0.038854904,0.035454303,-0.07437056,-0.061711542,0.030964658,60.354656,28.434061,15.847081,-1.0050249,0.43194444444444446
-0.0888433,-0.075829536,0.009616338,-0.052998796,-0.034303553,-0.041644614,-0.0577425,-0.17977557,-0.020318998,62.378532,29.104496,16.145525,-0.17117932,0.43333333333333335
-0.08137132,-0.10434015,-1.2740493e-06,-0.007091053,0.016302079,-0.016822387,-0.10816671,-0.15408841,-0.02220405,63.731216,30.041235,15.821267,-0.03028591,0.43472222222222223
-0.03629887,0.08713992,-0.03955955,-0.008966513,-0.1655581,0.02748806,-0.13468803,-0.092318736,0.07088433,61.00545,4.4023223,15.87818,-0.7834189,0.4361111111111111
-0.03463517,0.08724439,0.03841687,-0.08664854,-0.068965696,-0.10160321,-0.08330352,-0.04661973,-0.006950196,59.439533,13.737864,15.762067,-1.3960834,0.4375
-0.022215396,0.02167797,0.06475823,-0.044045866,-0.052159093,0.009331878,-0.030768886,-0.068249635,0.031249478,60.55827,28.23293,15.805535,-1.1835073,0.4388888888888889
0.056822985,0.076200634,-0.021466225,0.030578181,-0.08968102,0.031082444,0.03815949,-0.07449042,0.03936927,60.200897,26.642561,7.767462,-0.50519204,0.44027777777777777
0.055532023,0.12136835,0.06100228,-0.022055551,-0.0054723546,0.002351053,-0.040705547,0.08152793,0.012646802,59.51791,27.27006,3.0082502,-0.5594789,0.44166666666666665
0.009239122,-0.013077408,0.037395053,-0.015005201,-0.022930726,0.021473497,-0.06574032,-0.123196326,0.010298185,60.73277,28.251396,16.05016,-1.0130796,0.44305555555555554
0.1277277,-0.08073801,-0.011321954,0.1654081,0.0971174,0.020468652,0.021703273,0.091397196,0.13023336,14.219165,27.774681,15.400887,-1.59555,0.4444444444444444
0.016325675,-0.11172964,0.013065822,-0.02807644,-0.044038095,-0.03217319,0.012211263,-0.022553891,0.080629185,3.1258752,27.758684,14.098716,-1.4004385,0.44583333333333336
0.052290156,-0.016737089,0.021341167,0.08735548,-0.019760214,-0.07241537,0.02769588,-0.0032287166,0.08739907,26.982456,26.6256,15.797478,-0.9177849,0.44722222222222224
-0.008496031,-0.02917786,0.013049781,0.03708081,-0.0021111816,-0.030697796,-0.03933146,-0.016124837,0.017908093,37.34192,26.908924,15.905824,-1.8623154,0.4486111111111111
0.06795993,0.05888141,0.046072055,0.04294309,-0.16607699,-0.012778413,0.036659002,0.032171384,0.063657336,37.42888,-1.3952934,14.061605,-2.2349117,0.45
-0.018487781,-0.06867315,0.012699388,-0.061404303,-0.07795403,-0.07787055,-0.0756895,-0.10104752,0.07020712,37.702614,19.24643,12.547182,-0.26166102,0.4513888888888889
-0.06266995,-0.0013666078,-0.01513087,0.010437153,0.0042542517,-0.046638634,-0.05371683,0.015062377,0.01693726,40.79585,26.66785,12.955988,-1.810921,0.4527777777777778
0.06356861,0.029401235,0.020777509,-0.013540745,-0.008021794,0.0012044013,-0.108807094,-0.10131728,0.030046057,51.0675,27.115147,-0.7589973,-2.3401363,0.45416666666666666
-0.023755074,0.021282539,0.049848303,-0.009723559,0.04234229,-0.023871917,0.012712866,0.07224347,0.040049113,46.54625,27.44518,15.008523,-1.8178135,0.45555555555555555
0.025928244,0.10632786,-0.0246417,-0.075460866,0.0064473897,0.010441717,-0.09225264,-0.0369813,0.010708127,58.047665,28.18926,15.291222,-1.8364396,0.45694444444444443
-0.041528314,0.016897425,-0.035219572,-0.00045256317,-0.027480714,0.051359206,-0.05118815,-0.05329436,-0.0009661447,43.95238,27.736937,15.810271,-1.8330455,0.4583333333333333
0.06169578,-0.015283495,-0.02300851,-0.18764232,0.00786037,0.033528842,-0.048352964,0.020155244,0.029489506,54.14948,28.28104,14.899598,-1.0567448,0.4597222222222222
-0.101555154,-0.040695503,0.024752013,-0.029688418,-0.037616946,0.033325434,-0.03259732,-0.054220416,0.03240208,61.758347,28.884272,16.242916,-1.0673257,0.46111111111111114
0.04843045,0.070128486,-0.073020376,-0.011974946,-0.03623811,-0.10027677,0.007232219,-0.08197401,-0.0879452,58.381115,24.143372,14.341703,-2.3348382,0.4625
0.07494531,0.06733917,0.02438283,0.017056577,-0.118468635,0.021160193,0.017158762,-0.031941764,0.031879492,58.8003,-1.9199954,16.123888,-1.6340033,0.4638888888888889
0.05852551,0.10620646,-0.034154527,-0.039340198,-0.07692174,0.05757168,0.011610687,-0.055188872,0.011069279,56.612602,23.934233,14.506115,-1.5292463,0.4652777777777778
0.036168426,0.04095161,0.03889121,-0.036130875,0.03775533,0.07831739,0.10998751,-0.025199018,-0.0041024145,60.495144,29.020363,2.2774427,-1.0718306,0.4666666666666667
0.018057056,0.010162696,-0.048225425,0.000809595,0.05363975,-0.034644786,-0.13845924,-0.1531946,0.013333488,63.722553,27.47254,7.743016,0.5415938,0.46805555555555556
-0.048223123,-0.007758528,0.029739112,0.004058808,-0.039646633,0.03429191,-0.07678857,0.0029437914,0.053416364,59.648144,28.04873,15.642509,-1.0157806,0.46944444444444444
-0.083017334,-0.092353895,-0.009344004,-0.038769856,-0.009519212,-0.008172747,-0.09914485,-0.12616295,-0.005210042,63.10756,29.742989,16.030727,-0.048185885,0.4708333333333333
-0.092354566,-0.10180944,0.00091965497,0.0007643476,-0.008900374,-0.012551632,-0.08432702,-0.16699779,-0.012850108,63.674965,29.83943,16.112902,0.0033040494,0.4722222222222222
-0.010459349,-0.077007696,0.0063756034,-0.051694363,-0.026989974,0.041195057,-0.0659837,-0.11745926,0.029968657,61.234325,28.905142,15.943787,-0.8945967,0.4736111111111111
-0.031544432,-0.01052478,0.041214406,-0.020816728,1.8291175e-05,0.029704183,-0.056697547,-0.035674505,0.014624044,60.214447,28.333696,15.956303,-1.1470433,0.475
-0.05005251,0.068410784,0.122727126,-0.101576835,-0.039170705,0.10380188,-0.044165835,0.001094386,0.03379791,60.051598,19.021759,15.708869,-1.2206326,0.47638888888888886
0.10407533,0.099925414,0.03771746,-0.03620036,-0.12369593,0.04734379,0.001924172,0.009864263,0.03180278,59.06328,-1.4546537,15.738156,-1.3589551,0.4777777777777778
0.03473194,-0.051821694,0.030854851,0.019763492,-0.009110071,-0.033262875,-0.052770644,-0.17848563,-0.052489236,60.429214,27.462273,9.007215,-0.8542223,0.4791666666666667
0.0055957288,0.003264472,-0.020318232,0.06295343,-0.084252484,0.13182081,0.20780365,0.11322747,-0.112369165,57.664524,27.595005,1.9639403,-0.9181855,0.48055555555555557
0.006485589,-0.053367898,-0.0037113503,0.025523238,-0.0963537,-0.00523952,0.0009457618,-0.064131044,0.05854129,3.6610224,27.703316,15.076291,-2.1512573,0.48194444444444445
-0.112498805,0.014879443,0.0710853,0.05348597,-0.099460416,-0.115567654,0.05499284,0.018725727,0.001996275,8.132058,27.441675,15.253473,-0.44499943,0.48333333333333334
-0.030836299,0.06046857,0.02492743,0.019201234,-0.06447003,-0.0041978173,0.004391074,-0.014503352,0.024608884,28.481619,27.23711,15.768654,-1.1965892,0.4847222222222222
-0.011243805,0.026914962,-0.010764539,0.03614042,-0.047957905,-0.009505879,-0.029001147,-0.06647771,0.015039861,37.920563,27.360462,15.423617,-1.6949295,0.4861111111111111
-0.05959864,-0.00072894245,-0.018951558,0.016902484,-0.03526736,-0.008092422,-0.033752263,-0.03075967,0.016668204,38.16138,27.272556,15.787392,-1.6049011,0.4875
-0.022109047,0.024884112,-0.017322607,0.0073937923,-0.039032333,-0.03664994,-0.041504845,-0.054126255,0.033109292,37.94495,27.34942,15.331619,-1.4882644,0.4888888888888889
0.06361918,0.0021728575,0.04779698,0.031224452,0.0022921264,-0.033379797,0.054348707,-0.02591037,0.06420912,45.33539,13.409679,16.193789,-1.7401236,0.49027777777777776
-0.0037555099,0.07492426,0.010531388,0.029324979,-0.034743287,0.02949052,0.0042191297,0.0042461976,-0.034841277,53.158432,3.8383467,12.311394,-2.1960704,0.49166666666666664
0.001386404,-0.0036679804,0.05601322,-0.035572484,-0.04530541,-0.03681035,-0.038707003,-0.17653099,-0.040677197,46.882656,29.034626,-1.4703208,-2.1014168,0.4930555555555556
0.14402142,0.09694621,-0.025760867,-0.012230024,-0.07129798,0.051149417,0.060769483,0.03269609,0.0054958165,57.006416,27.760326,12.725072,-2.0595558,0.49444444444444446
-0.042555958,-0.014618427,-0.040734567,0.0152172,-0.02347932,0.014884759,-0.0068231076,-0.07814077,0.030731924,42.893036,27.54994,15.47683,-1.3191816,0.49583333333333335
0.014835171,0.040650256,0.04723291,-0.11736292,0.014197804,0.016660795,-0.01587072,-0.02956891,-0.045323767,58.862457,28.307749,15.586171,-0.9053495,0.49722222222222223
-0.0043724626,0.028400235,0.015172139,-0.03251593,0.022276714,0.013923161,0.0151331425,-0.006609075,0.04841871,60.06471,28.46522,16.136019,-1.2196686,0.4986111111111111
0.00058855116,0.050162874,0.008781098,-0.06789683,-0.027612753,0.008397777,-0.032912254,-0.023436636,0.04885459,58.24497,27.600601,14.671602,-1.5584898,0.5
-0.022624671,-0.005078621,0.021708116,0.005155392,-0.029753782,0.024468593,-0.07001191,-0.007409781,0.071398474,60.64431,28.388596,16.063595,-1.1281537,0.5013888888888889
0.032636568,0.017414153,0.021298312,-0.007572688,-0.009145014,0.03167163,-0.04166483,0.00064282864,0.07997448,58.06108,27.766098,15.1077175,-1.8768497,0.5027777777777778
-0.0916083,-0.058756888,-0.11206501,0.002539657,-0.13595283,0.054874487,-0.03363902,-0.23793992,-0.043564178,59.208206,10.903771,16.38972,-1.5721275,0.5041666666666667
0.269382,-0.15195006,0.15687156,-0.014095098,-0.060278006,0.044228822,0.072438106,-0.08749556,0.1029156,61.420784,7.55258,4.98052,-0.7919313,0.5055555555555555
0.04753205,0.08227855,-0.13769254,0.008175917,-0.05912397,0.015906546,-0.041960426,-0.09250917,0.04099174,60.606613,26.921562,7.046854,-0.4533071,0.5069444444444444
-0.05629702,-0.08706741,-0.0056037083,0.0008716881,-0.0017392486,0.00363696,-0.10095902,-0.17056498,-0.024513165,63.39031,29.8485,15.986964,-0.13569607,0.5083333333333333
-0.08849949,-0.08230674,0.0020390376,0.017133564,-0.013194159,-0.0067238323,-0.09378046,-0.14042893,-0.026076673,63.80491,30.080015,16.136822,0.08778036,0.5097222222222222
-0.0029381216,-0.019837901,0.045905884,-0.023329481,-0.03121426,0.029513277,-0.026462495,-0.0607967,0.040813953,60.306595,28.308895,16.228779,-1.2827919,0.5111111111111111
-0.027641684,0.022123307,0.047675803,-0.03663701,-0.025461309,0.007705968,0.0046647787,-0.0129946545,0.020422429,60.17117,28.148,15.882942,-1.1871368,0.5125
-0.03893298,-0.027895331,0.020337082,-0.048295617,-0.041035585,0.009347063,-0.052679233,-0.079049416,0.018055227,60.547432,28.27583,15.80573,-0.7143909,0.5138888888888888
-0.032119736,-0.025683686,0.010704942,-0.045805573,-0.038049065,-0.0017684884,-0.065928124,-0.12641263,0.0026026554,60.477238,28.300074,15.927955,-0.7588769,0.5152777777777777
-0.028450593,-0.03619705,0.0014661327,-0.09421852,-0.040162854,-0.0015372001,-0.02622874,-0.09043846,0.013905212,60.04479,28.28156,15.492464,-0.6768216,0.5166666666666667
-0.030502006,0.14141884,-0.10551252,-0.20179255,-0.24249128,0.050056685,-0.14242832,0.07021251,0.11492461,45.611156,5.6176095,8.511559,-0.93216944,0.5180555555555556
-0.18919039,0.21724078,0.15270182,0.083504915,-0.11019909,0.039105184,0.20005895,0.10968175,0.014702082,0.60250664,12.833017,1.7449902,-2.060617,0.5194444444444445
-0.10086085,0.014003269,0.033044755,-0.19219367,-0.13770005,-0.053027127,0.052040756,0.057145357,-0.073717356,15.127311,28.049,14.905129,-1.1921073,0.5208333333333334
0.01791142,0.009124339,0.08641346,-0.052868754,-0.069313206,-0.031610537,-0.027142167,0.01448806,-0.00086573325,31.79429,27.424633,14.783503,-0.9362056,0.5222222222222223
-0.031353965,0.04737994,0.027011566,0.014730379,-0.030818425,-0.048431326,-0.020853594,0.01581088,-0.002718864,36.68035,27.490122,15.243357,-1.1716983,0.5236111111111111
-0.0091781765,0.012899555,0.0015599802,0.0015046224,-0.08301919,-0.038201395,-0.040847503,-0.04091113,0.020571202,37.813858,27.381586,15.207489,-1.4052956,0.525
-0.06562652,0.0051075667,0.010821894,0.018319793,-0.045782946,-0.064048305,-0.034093924,-0.014140263,0.0060221627,38.173843,27.39584,15.30449,-1.4217006,0.5263888888888889
-0.01889582,0.003995046,0.020370878,-0.06315133,-0.010946102,0.022123009,-0.04876028,-0.04396739,-0.028281018,47.780205,27.649483,14.87306,-1.4714658,0.5277777777777778
-0.0044536144,-0.0022001266,0.021682926,-0.019795373,0.03175105,0.01644715,-0.026885226,-0.06859396,-0.070651904,52.7488,27.283573,15.204802,-2.2015274,0.5291666666666667
0.059651904,-0.055359483,0.026688047,-0.029497653,-0.03372968,0.02915847,-0.017701387,0.017892767,0.0021570083,48.831375,28.03289,15.464414,-1.8892683,0.5305555555555556
0.039336853,0.12863953,0.07040955,-0.054287896,-0.17929924,0.10402551,-0.0045876354,-0.05595295,-0.0043351576,49.284588,-0.33137333,0.5249067,-2.1863668,0.5319444444444444
0.09013541,0.16790079,-0.09110885,-0.2569309,-0.16793379,-0.0014260523,0.057530746,-0.21572894,0.110469684,40.5847,17.600168,11.362589,-0.25314546,0.5333333333333333
-0.023825437,-0.029726133,0.033882163,-0.037411943,-0.021956213,-0.0026607327,-0.04180009,-0.12492395,-0.032612648,61.51739,28.859377,16.208843,-0.5113618,0.5347222222222222
-0.031161383,-0.017552748,0.03810758,-0.032905653,-0.051735424,0.032292195,-0.050401464,-0.017955989,0.04182092,59.418934,28.270447,15.582317,-1.0445291,0.5361111111111111
0.037765175,0.03112983,0.05942826,-0.054766282,-0.01687175,0.018556722,-0.07301849,-0.08918763,-0.0025203303,58.889946,28.023703,15.175272,-1.0489688,0.5375
-0.040278926,0.022299327,0.0500109,0.0071152523,-0.11076305,0.028553713,-0.04532952,-0.034506626,0.068208985,60.101376,27.90989,15.56846,-1.4379249,0.5388888888888889
0.004862204,0.052491635,0.008588873,-0.09737803,-0.0043783635,0.06299584,-0.030575357,-0.013881877,0.014077377,57.756187,27.594013,15.013055,-1.4006994,0.5402777777777777
-0.047699496,0.06151898,0.044489544,-0.052472398,-0.028395139,-0.0201963,-0.09581305,-0.009488963,0.05386287,60.42729,28.502474,15.8571005,-0.8757268,0.5416666666666666
-0.04236619,-0.0743926,-0.013099432,-0.022047982,0.04449301,0.023234084,0.0053779334,-0.0019331127,0.032397967,61.550373,29.196747,16.006763,-0.9171554,0.5430555555555555
-0.024897993,0.09727517,-0.0058435127,0.17077775,0.03372,0.07079065,-0.09167179,-0.25730038,-0.065251544,62.487938,23.146595,3.81049,0.10815501,0.5444444444444444
0.11178749,0.13570407,0.02967941,-0.009872101,-0.19749549,-0.009228516,-0.028168365,-0.04144776,-0.02335029,62.046974,1.6037959,3.7765622,-1.2445064,0.5458333333333333
-0.030706733,-0.1620808,0.079908475,-0.00073967874,0.052077223,0.0067890845,-0.2760289,-0.15533054,0.02918934,63.345608,24.716711,14.4409895,0.22983268,0.5472222222222223
-0.037995905,-0.018499002,0.037692875,-0.031935886,-0.022827886,0.024438892,-0.06790445,-0.085007705,0.012181263,60.273026,28.274343,15.894809,-0.9979671,0.5486111111111112
-0.005612105,0.005489245,0.054812253,-0.015280172,-0.029955305,0.0026107617,-0.093734086,-0.08016356,0.005901605,60.394432,28.330378,15.846494,-0.94722116,0.55
0.012532614,0.010395221,0.03761699,-0.051045835,-0.04706835,-0.013138946,-0.08382215,-0.10779179,0.010441992,60.14143,28.248966,15.719459,-0.57622755,0.5513888888888889
0.015904732,-0.0029314682,0.050412137,-0.013495922,-0.04536932,0.019447494,-0.035777695,-0.083363436,0.010316249,60.451687,28.663826,15.7301855,-0.61356264,0.5527777777777778
-0.009132341,-0.0036347508,0.04570926,-0.08552079,-0.021087997,-0.014035802,-0.008300096,-0.070893265,0.006626282,60.08261,28.152178,16.038538,-0.922392,0.5541666666666667
0.048891276,-0.028691873,0.051738624,0.056869972,-0.003276959,0.09194208,-0.016166002,-0.089374356,0.16774137,28.353025,28.382956,16.440773,-1.667345,0.5555555555555556
0.03309177,0.090238154,0.1312702,-0.18868072,-0.1382255,-0.007007297,0.079524115,0.08365408,0.0674224,4.911706,26.211454,11.935871,-2.992364,0.5569444444444445
0.17373633,0.06810044,0.038298953,-0.112170205,-0.12477792,0.13332315,0.14709817,-0.121097736,-0.01983078,20.136566,16.53556,2.419644,-2.105339,0.5583333333333333
0.04132518,0.1139148,0.012165524,-0.0091464445,-0.3127097,0.028203014,-0.012181774,-0.036600932,0.109715894,34.02921,-1.5387545,14.191319,-2.1711752,0.5597222222222222
0.090696365,-0.029400721,-0.0062754154,-0.007719204,-0.038072743,-0.07840727,0.049884334,-0.05255507,0.044769302,37.601025,27.516205,15.086747,-1.3460947,0.5611111111111111
-0.03199838,-0.0070613027,0.023254342,-0.019260347,-0.04365296,-0.00468025,-0.0063613057,-0.017247014,0.0013365988,37.37767,27.22019,14.867053,-1.1455475,0.5625
-0.012676358,-0.017116576,0.005132094,-0.024179474,-0.032407798,-0.049583126,-0.022111043,-0.036671765,-0.0043711904,38.337784,27.500862,15.440597,-1.4164177,0.5638888888888889
-0.004094675,0.007120095,-0.009071015,0.015384443,0.04862548,-0.015445542,0.0034003556,-0.09252853,-0.05362972,51.61166,27.310999,15.662409,-2.250091,0.5652777777777778
-0.019487172,0.01369556,-0.01710248,-0.044912204,0.06398758,-0.012058858,-0.020795405,-0.08701333,-0.044847727,50.378372,27.33895,15.365765,-2.3244967,0.5666666666666667
0.102438614,0.025714092,0.008235104,-0.17533396,0.0088746995,-0.018074717,-0.030493833,-0.008777164,-0.003179552,53.740326,28.197033,15.278531,-1.9235988,0.5680555555555555
-0.007877484,0.032685578,0.07042368,-0.029722765,-0.08051164,0.024909463,-0.032317616,-0.024152763,0.039347067,48.158592,27.732935,15.594347,-2.5855148,0.5694444444444444
0.06510065,0.023277491,0.01839701,-0.057255387,-0.022184007,-0.08474849,0.01241985,0.04201241,0.041226678,47.455036,28.536184,-0.32167494,-1.2677021,0.5708333333333333
-0.023895547,0.00979659,0.122446395,-0.12048788,-0.21092817,-0.051625844,-0.13617893,0.057726853,0.11240813,62.425854,17.5887,10.084812,-0.7131269,0.5722222222222222
-0.040892184,0.016656838,-0.042031698,0.0029264838,-0.112436794,0.0049580075,-0.031445257,0.008960888,0.14390811,55.893238,2.3812926,14.291465,-1.0375007,0.5736111111111111
-0.023291469,0.034262575,0.043423768,-0.013503969,-0.057132117,0.028549973,-0.05412671,-0.07274229,-0.004351441,59.903126,28.428947,15.286443,-0.7025512,0.575
0.08794543,0.08254298,0.028383888,-0.044995055,-0.023945034,-0.004136022,-0.059037015,-0.082317926,0.021321606,58.149357,27.885504,15.420101,-1.6371853,0.5763888888888888
0.018993929,0.021947704,0.06365301,-0.11043982,0.010227077,0.040376678,0.010320097,0.034055077,-0.011479607,58.700043,27.987347,15.77562,-1.274402,0.5777777777777777
-0.034135565,0.016599573,0.07428236,-0.02966465,-0.03943882,0.03271,-0.09069412,-0.099490695,-0.028515317,61.529068,29.19752,16.118132,-0.7513161,0.5791666666666667
-0.005518943,0.0002708733,0.026768394,-0.006700687,-0.020279787,0.045386992,-0.048841424,-0.059992187,0.05396752,60.551018,28.348825,16.06895,-1.2999852,0.5805555555555556
-0.07523188,-0.03839512,0.0058577433,-0.0038918331,-0.032983683,-0.02039079,-0.059751406,-0.0911734,0.00589459,62.321835,29.105333,15.964408,-0.16400397,0.5819444444444445
0.04693179,-0.026634187,0.010580748,-0.120789796,0.023875229,0.11588307,0.09330566,-0.006862901,-0.02846646,63.953506,26.428522,8.227628,-0.021922082,0.5833333333333334
0.02896288,0.09312849,0.12956914,-0.045640916,-0.07843105,0.034509093,-0.013364777,0.054928336,-0.019771663,60.29531,27.116076,3.9267647,0.19129378,0.5847222222222223
-0.14745346,0.18566433,-0.08809332,-0.025160521,-0.21554855,0.087481886,-0.112268195,-0.21372446,-0.08100374,61.118435,11.520948,15.252121,-1.1911894,0.5861111111111111
0.07151535,0.0045604557,0.057962902,-0.059337273,-0.049418233,0.045805097,0.01421003,0.007360913,0.032633703,58.950245,7.8684487,14.275944,-0.6509588,0.5875
-0.04277052,-0.032059863,0.026429966,-0.009407133,-0.044371746,-0.0031341873,-0.0133930445,-0.11126847,0.018422168,60.877197,28.15603,15.764271,-0.7416415,0.5888888888888889
-0.05071765,-0.008907363,0.015617333,-0.050149485,-0.061297722,0.005256001,0.008651778,-0.07543775,0.00045743212,59.99555,27.834742,15.946365,-0.8177129,0.5902777777777778
-0.048659787,-0.030054271,0.03615348,2.2359192e-05,-0.056184508,0.027578913,-0.05416727,-0.096786685,0.009805702,60.91806,28.261097,16.180443,-0.9394233,0.5916666666666667
0.028153747,0.049722098,0.051959563,0.09850374,-0.0593063,0.07124798,0.07221055,0.14803633,0.0842688,16.654278,27.871962,15.188963,-1.7698835,0.5930555555555556
0.049540035,-0.1036503,-0.023261465,-0.012618676,-0.030289032,-0.001744654,0.019259244,-0.058446757,0.052634872,3.3575385,27.449972,14.973557,-1.7316579,0.5944444444444444
-0.08553091,0.037446626,-0.13188982,-0.08660966,-0.112799875,0.01051946,0.011761874,-0.004894845,0.1550227,27.19247,26.016874,13.141375,-2.4716542,0.5958333333333333
0.021984436,-0.017142445,-0.020360991,0.023334883,-0.015669532,0.028686907,0.0014638901,-0.019218393,0.06693084,36.38205,26.762236,-0.20895176,-2.2720115,0.5972222222222222
0.07013626,-0.034076646,0.00849849,-0.0120613575,-0.03435894,-0.017128255,0.054496095,-0.019391991,0.022293083,37.185497,27.081211,15.413417,-1.6181254,0.5986111111111111
0.00979875,0.17552851,-0.13947809,0.026938252,-0.24717605,0.028450675,-0.04635176,-0.18560821,0.034789298,38.886223,4.8646445,13.935936,-1.3206547,0.6
0.22044429,0.0031270534,-0.031183235,0.028878734,-0.077547975,0.05253667,0.060753733,0.046603926,0.03305332,39.364056,11.610616,14.73586,-1.4521983,0.6013888888888889
0.018581316,-0.07314311,0.022648565,-0.10864617,0.060786273,0.029889658,-0.017780066,-0.05892404,-0.044307265,52.695263,27.092487,15.072914,-1.5803553,0.6027777777777777
-0.02957426,-0.05764313,-0.002328895,-0.10076596,0.05124598,0.012931716,0.009109452,-0.019510731,0.055224076,46.47852,27.643715,14.873292,-1.5967522,0.6041666666666666
0.072403625,0.05512138,0.07853454,-0.14234401,0.009915106,0.05028463,0.018326089,-0.019726478,-0.0710962,57.903343,27.818626,15.200289,-1.5700113,0.6055555555555555
-0.020954028,0.055204295,0.0045855865,0.010853685,-0.06684508,0.028630767,-0.06490882,-0.052621387,-0.036482394,45.109123,27.98651,15.685119,-2.5720441,0.6069444444444444
0.06868824,0.015916176,-0.0002821982,-0.20916183,0.045639127,0.05803093,-0.014348105,0.066996075,-0.002090605,53.711586,28.07379,15.084835,-1.0149745,0.6083333333333333
-0.0024530739,0.11675128,0.057016026,-0.03670658,0.020323351,0.023140814,0.056712672,0.10221152,-0.047017366,60.704586,29.185673,1.7663571,-1.0504011,0.6097222222222223
-0.049719125,0.019300692,-0.085606895,-0.032049492,0.048975635,0.07166861,-0.08631038,-0.030225135,0.0047493577,58.64596,25.978466,9.965878,-1.7380729,0.6111111111111112
0.027985357,0.060640704,0.022804871,-0.06636895,0.00039839,-0.03208669,0.0630524,0.027413994,0.054670982,59.76548,28.100159,16.165888,-1.6086838,0.6125
0.0019876584,0.05431251,0.04866672,0.019889206,-0.13712722,-0.00516152,0.04613045,0.068911724,0.011606015,55.507793,0.84785366,15.436084,-1.4684688,0.6138888888888889
0.09617779,0.13965556,-0.04738567,-0.010924287,0.10741126,-0.08133428,-0.11705354,-0.009803347,0.11017448,59.452583,16.314905,15.491844,-1.4707856,0.6152777777777778
-0.03774166,-0.063206464,0.034631394,-0.02233617,0.0017137751,0.027201701,-0.06125824,-0.0675141,-0.011040375,62.264538,29.524282,16.334791,-0.43141007,0.6166666666666667
-0.021833166,-0.041465312,0.04688462,-0.024934694,-0.049425222,0.068542525,-0.079815075,-0.031783022,0.063464195,60.15128,28.297121,16.009287,-1.572609,0.6180555555555556
-0.04581915,-0.045114785,0.02174493,-0.019889042,-0.0128971115,-0.033827256,-0.08775066,-0.12401239,-0.0054291207,62.752136,29.55284,16.078817,-0.14197764,0.6194444444444445
-0.07061455,-0.12226394,-0.016084887,-0.016425535,-0.0025261417,-0.0032538883,-0.11134039,-0.16473523,-0.03501097,63.697655,30.055603,15.946311,-0.03239128,0.6208333333333333
0.05649276,-0.005468309,0.04239816,-0.06153235,-0.123341806,0.03257169,0.06889756,-0.060293965,0.012551807,60.257923,27.244307,9.407205,-0.7788805,0.6222222222222222
0.083170004,0.13490449,0.010617301,-0.0138656795,-0.036737822,0.005340416,0.073474005,0.0027005896,-0.03888627,59.049862,27.55141,2.661908,-0.704154,0.6236111111111111
-0.02568774,-0.0007066652,0.033588007,-0.04503183,-0.03269873,0.0032928213,-0.02868396,-0.04796812,0.009837255,60.193092,28.213953,16.062048,-0.9042618,0.625
-0.10816693,0.0564092,0.04990128,-0.09262815,0.055313762,0.03333676,-0.17392626,-0.10381869,-0.031714477,60.68689,26.717806,14.612165,-1.2542971,0.6263888888888889
0.02811703,0.05458624,0.008838005,0.043549374,-0.11632902,0.031867184,0.03253694,-0.025796242,-0.012665453,59.323143,-1.863764,16.157476,-1.0540102,0.6277777777777778
0.070150875,0.025824182,-0.049475856,-0.05692433,0.0034675747,0.027413841,-0.17588839,-0.104262106,0.044508487,61.101143,22.825342,14.178899,-0.93483865,0.6291666666666667
-0.015710667,-0.08070625,0.028761417,0.038503863,-0.097937204,0.0037182383,0.010175183,-0.04611913,0.07609181,3.8699322,27.813828,14.784751,-2.3703654,0.6305555555555555
-0.0708157,0.0527208,-0.029356487,0.0570807,-0.020758517,-0.09877086,0.06392771,0.009693064,0.050909072,6.8085933,27.496998,14.5972,-0.5467222,0.6319444444444444
-0.04203923,0.08263634,0.05651469,0.020601533,-0.095944665,0.042964548,-0.02917026,-0.028220497,-0.017459199,28.812634,27.344624,15.447647,-1.502045,0.6333333333333333
-0.06583321,-0.06129004,0.06424315,-0.033243984,-0.10647117,0.0033986755,-0.008788928,-0.004048869,0.054013446,38.9868,26.242224,14.1477995,-2.2298727,0.6347222222222222
-0.00991188,0.015414096,-0.004782468,-0.008233383,0.0051220134,0.0472668,-0.006360501,-0.03027793,-0.035851404,36.6917,27.563217,-0.4414037,-1.9536015,0.6361111111111111
0.015440196,0.050421193,0.025074787,-0.034252405,-0.107257746,-0.028892118,-0.063563526,0.033081464,0.048139125,37.886993,26.450478,14.277656,-1.3825456,0.6375
0.010306686,-0.004713908,0.0027986765,0.026321203,-0.023227163,-0.023464616,-0.0143013,-0.066084184,-0.010377843,43.547768,27.662928,15.956674,-1.9197452,0.6388888888888888
0.064442165,0.0015779361,0.09005493,-0.00097572803,-0.08013836,0.052405752,-0.037566215,-0.047551654,0.12665506,50.984486,20.298206,15.697621,-1.1679667,0.6402777777777777
0.05596959,0.10702583,0.034188405,-0.042216137,-0.10122872,-0.014878567,0.04274869,0.06297793,-0.057266943,46.710133,-0.81465197,14.96817,-2.4497323,0.6416666666666667
0.09400557,0.051290855,0.07540913,-0.082133666,-0.04192709,0.0042478815,-0.0039375722,-0.056941435,-0.046204805,56.257034,27.082905,13.88839,-0.6085086,0.6430555555555556
-0.033279642,0.020712495,-0.047608785,0.015404537,-0.052912213,-0.018048745,-0.04149913,-0.08404372,0.04263395,43.424347,27.790186,15.399093,-1.9216839,0.6444444444444445
0.013415165,0.04764001,0.030978449,-0.16188861,-0.0083889365,0.0067341924,-0.020051554,-0.03497614,-0.0011566356,58.149906,28.092966,15.143795,-0.589908,0.6458333333333334
-0.01112847,-0.056438282,0.022289768,-0.06749725,0.04253211,0.011501715,-0.029105768,-0.013103068,-0.011287125,60.479145,28.487661,16.127329,-1.1142639,0.6472222222222223
0.0042599738,-0.032164976,0.07920024,0.031637006,0.04825122,0.08649553,0.07210642,0.062432602,0.0035429895,57.535595,27.51371,3.5305893,-1.6279474,0.6486111111111111
0.08816525,0.023369782,0.01717306,0.047311254,0.06229863,-0.015104059,-0.09409216,0.029303841,-0.07680103,61.343113,26.730894,8.094313,-0.9637214,0.65
0.037109144,0.069546364,0.03169314,-0.087663904,-0.03302721,0.026662104,-0.10645248,-0.024733953,-0.010983184,57.770782,27.881935,14.718999,-1.3706309,0.6513888888888889
0.012339599,0.005263947,0.01789917,-0.017615825,-0.036303796,-0.027320284,-0.035542496,-0.0959767,0.050810657,60.333847,27.894468,16.181356,-1.4040122,0.6527777777777778
-0.025539339,-0.088191584,-0.051965512,-0.0507669,0.056984562,-0.06827666,-0.087137364,0.043133527,0.2240033,63.448402,17.326715,15.558016,-0.17422935,0.6541666666666667
0.08501667,-0.038210437,0.09387755,0.046330296,-0.17702985,-0.028931092,0.062105715,0.045968886,0.0888371,58.721405,0.8021453,16.507551,-1.3218021,0.6555555555555556
-0.052976266,-0.06297913,0.0073129237,0.019074969,-0.011869073,0.012788668,-0.06415277,-0.14106473,0.002699377,63.352478,29.894672,16.063492,-0.06418568,0.6569444444444444
-0.07790747,-0.084683254,-0.00031769276,0.0044819564,0.0005939901,-0.0038117506,-0.10550223,-0.16536677,0.0012739245,63.72401,29.95537,15.861131,-0.05963756,0.6583333333333333
-0.018951297,-0.024957046,0.058489073,-0.06031373,-0.04988409,0.0143410005,-0.045013204,-0.052925937,0.019187056,60.51762,28.312462,16.319595,-1.2626595,0.6597222222222222
0.060397543,-0.033385232,0.0090858415,0.003885962,0.057501845,0.00048013404,0.084107354,-0.12778139,0.03015554,59.233353,27.091566,11.267769,-2.1027138,0.6611111111111111
-0.041503027,0.124614075,-0.04911936,-0.043387115,-0.16621608,0.093609884,-0.013038322,-0.008095413,-0.03630671,58.875355,27.615301,1.7486594,-0.71321905,0.6625
-0.06675564,-0.034350336,0.07246242,-0.046619847,-0.078146,-0.003266979,-0.055886276,-0.10398113,-0.007835887,60.726273,28.462229,15.783901,-0.5421411,0.6638888888888889
-0.011743963,0.03013955,0.04441244,0.03046672,-0.05687175,0.0026871674,-0.041250363,-0.1074752,0.00827679,59.96542,28.416412,15.762787,-0.7174864,0.6652777777777777
0.19258454,0.038910232,0.07767722,-0.14515726,0.17354107,0.057147868,0.1736799,0.27557278,0.07698867,44.93227,28.811625,15.301991,-1.7622287,0.6666666666666666
0.111194775,-0.07232842,0.0929687,-0.080252394,-0.08645607,0.1687865,-0.073584564,0.039701145,0.0018308628,3.6501687,11.183627,15.258596,-1.559479,0.6680555555555555
0.016778909,0.085197955,-0.056164525,-0.056766316,-0.02191601,-0.05946922,0.12843107,0.00686007,-0.14973757,12.753506,5.918675,15.2104025,-1.6652502,0.6694444444444444
0.09445862,0.017959908,0.10371354,-0.05316271,-0.09536127,0.021877375,0.03747697,0.016706266,-0.004084101,31.35376,27.418259,15.182515,-0.9411478,0.6708333333333333
-0.034692526,0.012160622,0.024647586,-0.0096608475,-0.039182357,0.0066169947,-0.014737904,-0.009214044,-0.0025904495,36.94485,27.227232,15.111084,-1.2545413,0.6722222222222223
-0.019178122,-0.08029361,0.026088841,0.043346867,-0.022998728,-0.037887048,-0.016948044,0.0029112473,0.028278135,38.39535,26.934954,15.468886,-1.6182092,0.6736111111111112
0.016392708,0.0055091754,-0.023701183,-0.05716227,-0.03836889,0.028609045,-0.004862994,-0.047131814,-0.023753908,36.97126,27.61435,-0.91085243,-1.6763288,0.675
-0.030428424,0.13050693,0.022766747,0.11506521,-0.05445499,0.110001415,0.04223427,0.06627484,-0.0800752,46.618477,25.769413,14.025342,-2.3713531,0.6763888888888889
0.006452553,0.005388804,0.022664212,0.011775948,0.00271409,0.019926228,-0.0345809,-0.1424799,-0.0005118307,52.51894,27.394732,14.781762,-1.7045107,0.6777777777777778
0.07304914,-0.049978092,0.038702454,-0.017257318,0.013890892,0.0012520552,-0.06453966,-0.0423861,-0.036066387,48.734207,28.26735,15.154716,-1.4516685,0.6791666666666667
0.05424063,0.015189983,0.04210022,-0.070103705,-0.031046234,0.014202982,-0.030723318,-0.044001646,0.047343068,52.544434,27.649412,14.429763,-1.1730328,0.6805555555555556
0.019595161,0.095573954,0.026947439,0.035181165,-0.15665203,0.0073955096,0.0131445825,-0.08013546,-0.0040462483,43.72557,5.6573706,15.594043,-1.1163003,0.6819444444444445
0.21979685,0.0012202114,0.25859058,-0.066348016,-0.2435273,0.018557705,-0.0033964515,-0.04638379,0.07346709,61.46349,10.107016,15.337714,-0.36946929,0.6833333333333333
-0.019483373,-0.005047731,0.035972618,-0.010959879,-0.02142439,0.01615449,-0.02791527,-0.029240556,0.04297494,59.754658,28.359425,15.384127,-0.8665128,0.6847222222222222
-0.004531279,0.020136088,0.044058718,-0.11584389,-0.04162293,0.021467794,-0.048300453,-0.028980337,0.026927408,58.706287,27.886635,15.216526,-0.90232813,0.6861111111111111
0.015892133,0.051643163,0.061862107,4.7579408e-05,0.011812545,0.15930308,0.11747424,0.07038343,-0.062771246,59.653862,26.817947,5.778125,-1.5614119,0.6875
0.027113155,-0.06907427,-0.012276329,-0.040578455,-0.20982227,0.095949546,0.029692844,-0.0616929,0.121096686,57.411995,26.812033,6.677705,-0.8841028,0.6888888888888889
-0.0752023,-0.0028115213,0.049530294,-0.018147469,-0.029429488,0.016786251,-0.09546686,-0.062911354,-0.02894259,60.124126,28.640863,15.664755,-0.67241275,0.6902777777777778
0.014800474,-0.039528757,0.008539453,-0.06251125,0.027557023,-0.020161528,-0.03668022,-0.09435839,-0.007192796,61.579918,29.275892,16.01006,-0.6950742,0.6916666666666667
-0.034977525,-0.009792015,0.04297188,-0.06042005,-0.054972447,0.006865684,-0.088796005,-0.10748515,-0.020866072,61.155582,28.596197,15.902386,-0.5653715,0.6930555555555555
-0.08838071,-0.1139929,-0.003552802,-0.044788063,-0.0032677054,0.001609005,-0.06970465,-0.12175179,-0.021428324,63.18576,29.725416,16.057878,-0.17010577,0.6944444444444444
0.12310764,0.046949036,0.006968081,-0.025603324,-0.11970522,0.031907424,-0.07018148,0.025669854,0.044517033,62.542953,3.4801803,15.631832,0.42713246,0.6958333333333333
-0.02477546,0.16576806,-0.010283284,-0.034803346,-0.03696055,-0.10134743,-0.112614304,-0.040057607,0.04656045,59.364223,15.672584,14.754131,-0.65876925,0.6972222222222222
-0.052882805,-0.0042520016,0.043409005,-0.020968452,-0.04781016,0.0029349886,-0.043619268,-0.042246483,0.029703513,60.356125,28.394653,15.878562,-0.9163754,0.6986111111111111
0.02312129,-0.036864057,0.080359004,0.0027523115,0.0474293,0.021058775,0.023563609,-0.09531253,0.02835698,60.92236,27.317207,11.256401,-0.8375968,0.7
0.06465271,0.09971467,0.026706211,-0.044131234,-0.13362616,0.076024726,-0.057444274,-0.041928448,-0.01792357,59.445164,28.7967,-0.21427132,-1.0493337,0.7013888888888888
-0.043578416,-0.0025503784,0.042588443,-0.078550875,-0.08090872,-0.02171233,-0.0007407665,-0.039840303,0.02899563,60.083252,28.230402,16.035454,-0.6106497,0.7027777777777777
0.05753079,-0.10742757,0.07269138,-0.021602333,0.017500557,0.106290534,-0.023084328,-0.014168054,0.101355165,31.988934,27.866823,16.058355,-1.4533206,0.7041666666666667
0.021114744,-0.07752794,-0.0019494221,0.019430287,-0.07534758,0.0023539476,0.061151102,0.0027577728,0.06601802,3.234644,27.783482,16.228395,-1.9635015,0.7055555555555556
-0.06549963,-0.029672801,0.030097328,0.021620072,-0.035986386,-0.015318643,0.012881488,0.02228671,-0.11209421,20.60349,26.893492,15.387417,-1.7533704,0.7069444444444445
0.025435962,-0.052544728,0.011998981,0.058695212,0.002738148,0.056053508,0.03670089,0.029587965,0.019232344,34.370235,26.34881,15.480601,-1.5844479,0.7083333333333334
0.08959861,0.065622434,0.027677402,-0.016946658,-0.17498782,-0.009625848,0.048509702,0.01181348,0.05905181,37.59481,-1.4781874,14.05143,-2.2833297,0.7097222222222223
0.038002208,-0.009655789,-0.002660893,-0.13742305,-0.20132035,-0.08099373,0.03140503,-0.12917486,0.030290633,37.225716,19.88721,14.0709915,-1.3354386,0.7111111111111111
-0.026019618,-0.0314627,0.00016440451,0.010329232,-0.027449228,-0.04614361,0.017098457,-0.011713758,0.036902532,38.374584,27.370548,15.361196,-1.2341392,0.7125
-0.0017631501,0.06949863,0.06729066,-0.013958901,-0.015748128,-0.0056292303,-0.055714272,-0.118863456,-0.006030133,48.63957,27.558176,-1.0482683,-1.4381367,0.7138888888888889
0.0059768185,-0.028786883,0.041321997,0.08968424,0.012830287,0.14875466,0.18670724,-0.06200608,-0.007973395,52.153725,26.368048,10.618152,-1.5403093,0.7152777777777778
-0.002091527,-0.016744807,-0.008499779,-0.13724346,0.07307599,0.069282666,0.017929778,0.028289821,-0.026719028,52.828182,27.358932,15.272251,-1.3201295,0.7166666666666667
0.021965817,0.023099862,0.006498769,-0.05246477,-0.022016205,-0.00021428987,-0.052291505,-0.095916264,0.023334507,48.619595,27.647566,14.863041,-1.7963061,0.7180555555555556
0.007652059,0.029930905,0.011767462,-0.023493335,-0.053111263,0.041068025,-0.08335547,-0.065721355,-0.047969207,47.37328,28.12023,14.878028,-0.9964684,0.7194444444444444
-0.06846179,-0.054180607,0.006008491,-0.00907138,-0.007810749,0.00410866,-0.1231166,-0.14062479,-0.025157189,62.13021,29.236576,16.031218,-0.14523491,0.7208333333333333
0.027534656,0.07822109,-0.063446976,0.015134871,-0.12886718,-0.012120847,-0.030170508,-0.10075367,0.008627713,58.240177,22.220713,15.469922,-1.879451,0.7222222222222222
0.055034764,0.11354193,0.07134604,0.0017768219,-0.12496626,0.0209934,-0.0053433627,-0.07395948,0.026875202,59.35789,-1.3798044,15.054688,-1.3753217,0.7236111111111111
0.03622344,0.18481764,-0.0701293,-0.06205465,0.009393819,0.04207574,-0.019436732,0.090422526,-0.03011341,57.434574,25.74823,14.909915,-1.4563583,0.725
0.10111098,0.12751245,0.028665699,-0.048261553,-0.068774916,0.07670087,0.0069345087,-0.11323919,-0.0010942575,58.831997,24.90353,6.7595873,-0.3444898,0.7263888888888889
0.06989115,0.0043938085,0.13814066,0.07562961,-0.10868194,-0.013607036,-0.007829279,0.007843647,0.019139472,60.897923,26.79446,6.41125,-0.90576935,0.7277777777777777
0.0008473471,-0.027852386,0.028407916,-0.059494168,-0.016511478,0.012581255,-0.0405783,-0.033314906,0.011728469,60.2316,28.705893,15.8979225,-0.7447189,0.7291666666666666
-0.07043542,-0.045779318,0.029048674,0.056258865,-0.0029873326,-0.013009336,-0.074444346,-0.130144,-0.007352473,62.33675,28.900152,16.04818,-0.500388,0.7305555555555555
-0.08579528,-0.11843431,-0.013258144,-0.031277165,-0.01406952,-0.011287261,-0.095699534,-0.16294408,0.0017784536,63.53167,29.98329,16.020483,0.0045897514,0.7319444444444444
-0.079987094,-0.09127334,-0.008444138,-0.022758305,0.010952637,-0.001562681,-0.060806856,-0.08057972,-0.0036405176,62.00899,29.342253,15.899926,-0.30181718,0.7333333333333333
-0.0053869933,-0.0011107996,0.066657305,-0.05581896,-0.06152951,-0.0045402832,-0.05154772,-0.115741454,-0.0016100928,60.199158,28.219337,15.853162,-0.9018432,0.7347222222222223
0.06446756,0.08182333,0.062125478,-0.059133917,-0.010153726,0.033763774,-0.017162189,0.060398165,0.05047489,60.44151,18.984426,14.6819105,-0.97649777,0.7361111111111112
0.10014178,-0.012318894,0.045130942,-0.039031252,-0.16968304,0.042706333,0.017970532,0.07946332,0.04238113,58.95209,-0.83471805,16.219648,-0.942088,0.7375
0.08772375,-0.044864744,0.09056893,-0.1218608,0.08922655,0.048838153,0.02343683,0.045000635,0.07038078,60.97663,27.818295,12.386259,-1.0215133,0.7388888888888889
0.016312271,0.00916867,0.024696514,0.0018519014,-0.097541474,0.043499447,-0.03565374,0.01636761,0.021063212,60.121693,28.687403,-0.6000578,-1.6080183,0.7402777777777778
0.0073159337,-0.008232921,0.020467572,0.058533326,-0.12888506,0.043748427,0.15637155,0.03368052,0.06324872,18.12186,28.366835,14.278116,-1.4386371,0.7416666666666667
0.013885438,-0.015989512,-0.029979803,0.010302678,-0.051769353,-0.032319736,0.022986129,-0.056531906,0.0843204,3.4218075,27.337675,15.071759,-1.881657,0.7430555555555556
-0.058695555,-0.056328744,0.03210544,-0.076810226,-0.06784902,0.0011535175,0.017034814,-0.11925415,0.051764444,26.092432,26.780949,15.206832,-2.0756426,0.7444444444444445
-0.021898359,-0.0140226185,0.053140573,-0.011192188,0.0083716735,0.024487544,-0.012143359,-0.0015746728,-0.014125214,36.55526,27.284542,15.737512,-1.4027898,0.7458333333333333
-0.050971344,-0.008737005,0.013224825,0.032266393,-0.013766222,0.00080799684,-0.0072909594,-0.02147825,-0.005590711,37.810383,27.132153,15.462947,-1.3863778,0.7472222222222222
0.009512655,0.007803425,0.03805601,0.0122464225,-0.0380344,0.004143182,0.003519237,-0.055226304,0.0024517383,38.339375,27.136482,15.637401,-1.4279537,0.7486111111111111
0.018163733,0.063271105,-0.056402974,0.06796251,-0.033603318,-0.05344853,-0.011606038,-0.06806385,0.044865422,41.633484,12.477632,15.116002,-1.590094,0.75
-0.046708986,0.16140884,-0.10544773,-0.01729852,-0.2056593,-0.055210453,0.0016404241,-0.048167147,-0.041801438,49.684006,3.164551,15.35348,-1.5556856,0.7513888888888889
0.016623072,0.026124366,-0.0018846467,-0.106024295,0.050701536,-0.014555249,0.011013284,-0.024994396,-0.008455129,44.69654,27.687216,1.5619429,-1.4023237,0.7527777777777778
-0.08676198,0.054214716,-0.0718927,-0.09437752,-0.0062061176,0.009746511,0.0027409047,0.021137938,0.046202354,57.478477,25.847383,11.956169,-1.9813843,0.7541666666666667
-0.018475384,-0.016484335,0.032525733,-0.053922206,-0.046149798,-0.021630589,-0.055163458,-0.036394827,0.0029354207,45.039318,28.010904,14.846519,-1.93983,0.7555555555555555
0.035520606,0.008867763,0.03541913,-0.120367035,0.07825101,0.07539712,-0.023158237,0.10597703,-0.013175017,52.10999,28.129183,14.621588,-0.32981476,0.7569444444444444
-0.04289022,-0.049932793,-0.011012055,0.010155588,0.009416342,0.006646812,-0.0068125427,-0.12306797,0.0074581765,61.76728,28.713388,15.63053,-0.39320162,0.7583333333333333
-0.027787834,0.021037772,0.00086414814,-0.050620645,-0.030526571,0.031533062,-0.014063507,0.008881051,0.049402848,58.27106,27.509571,14.986664,-1.5185646,0.7597222222222222
0.004232116,0.011571184,0.013534665,-0.0886019,0.012923919,-0.017023485,0.038161486,-0.024741113,0.04621052,59.886116,27.707794,16.158575,-1.5639799,0.7611111111111111
0.018814549,0.025887728,-0.042976968,-0.028274521,-0.03416703,0.040004842,-0.024199188,0.012232557,0.07150864,57.656452,27.906664,14.84029,-1.5044544,0.7625
-0.039620563,0.04553651,0.0008923188,0.021407403,-0.13867116,-0.004390288,-0.08370506,-0.18280119,-0.06940262,59.46548,7.9885316,17.586498,-1.9468094,0.7638888888888888
0.17977959,0.034426898,0.14080775,-0.113765195,-0.064100645,-0.06679961,0.038019806,0.09170698,0.050531134,61.65198,6.9913006,9.647059,-0.40519035,0.7652777777777777
0.063080035,0.08409928,0.06977101,-0.06284751,-0.104028724,0.0010781586,-0.027298242,0.009208925,-0.0565485,58.50224,27.30114,3.2991412,-0.4729546,0.7666666666666667
-0.069286376,-0.045811474,0.012609623,-0.0017087832,-0.018771306,-0.021196906,-0.07680073,-0.11483804,-0.032116756,62.546936,29.601267,16.092,-0.046855703,0.7680555555555556
-0.08247338,-0.08031134,0.0038005412,-0.020333573,-0.018716507,-0.028066326,-0.09134663,-0.17133182,-0.00569785,63.615578,29.914291,16.243168,-0.019073889,0.7694444444444445
-0.035942003,-0.023530334,0.022244535,0.013884559,0.0143366605,-0.0058587976,-0.02506733,-0.06389766,0.018710397,61.05137,28.86569,15.765048,-0.4270691,0.7708333333333334
-0.045385852,-0.019631326,0.038317997,-0.054921642,-0.04217439,0.0046677776,-0.03331569,-0.073592015,-0.0021881983,60.350056,28.23194,16.191248,-0.9485073,0.7722222222222223
-0.05353479,-0.008583933,0.03563592,-0.052298337,-0.039396383,0.004773941,-0.003917873,-0.05094655,0.02440999,60.19514,28.020578,16.083359,-0.85232365,0.7736111111111111
-0.058451325,-0.027163178,0.007917076,-0.05395952,-0.044269346,0.005198326,-0.057019472,-0.081623666,0.030584045,60.09154,28.25424,15.875465,-0.8115742,0.775
-0.10618584,-0.025561303,0.053379323,-0.02197583,-0.026487574,-2.2940338e-05,-0.062567115,-0.0051264465,0.029348675,60.789577,28.295444,15.775717,-1.0425608,0.7763888888888889
-0.07062824,0.121182546,-0.010738827,-0.056742713,-0.06722338,-0.05529887,-0.16925845,-0.07079088,0.0887925,60.619404,4.5746655,13.504947,-1.5345726,0.7777777777777778
-0.048146218,0.07984917,0.3087712,0.2043012,-0.1888889,-0.0867324,0.19002514,0.058514033,-0.083023444,4.032448,14.117875,1.1532845,-3.092495,0.7791666666666667
-0.042241737,-0.062434122,0.012204029,-0.024194658,-0.06847712,-0.036809172,0.051619694,0.0524813,0.060906358,4.9659243,26.798302,15.34085,-1.5282454,0.7805555555555556
0.0057501346,0.053078488,0.03247092,0.044642843,-0.110502206,0.055538863,-0.0326602,-0.12503502,-0.0429542,29.38059,27.039791,15.685815,-1.5347614,0.7819444444444444
0.008126028,0.017334856,-0.005221382,-0.012076274,-0.04903,-0.06333132,-0.011751503,-0.04984136,0.045218483,38.49496,27.326874,15.485166,-1.3679615,0.7833333333333333
-0.03788133,0.026461922,-0.001394622,0.026681937,-0.035910316,-0.014497299,-0.01568371,-0.0019503832,0.023557093,37.411907,27.346626,15.260844,-1.3979746,0.7847222222222222
-0.04107423,0.036429405,0.007990517,0.060603596,-0.04658159,-0.008159932,0.020184532,-0.05245611,0.030808564,38.558025,27.231478,15.697711,-1.5837679,0.7861111111111111
-0.035591036,0.0045355707,-0.06980253,0.05265291,0.005890459,-0.001795549,-0.025921375,-0.09410062,0.010302216,42.632416,27.741318,15.676659,-1.9664732,0.7875
-0.05480039,0.064102225,-0.009116687,0.041808844,-0.009291947,-0.018384349,-0.009330705,-0.103234194,-0.025353184,53.908546,27.082798,16.084475,-2.774253,0.7888888888888889
-0.059261695,0.035918564,0.0022843927,0.018975928,-0.04054398,-0.030292671,-0.1515525,-0.1641773,0.02025728,47.41861,27.274126,14.912958,-1.6625615,0.7902777777777777
-0.04104501,0.1367613,-0.045788758,-0.18319763,-0.15191042,0.07856184,-0.020482525,0.06306998,0.050789036,54.635117,0.98588693,0.36742327,-1.4269096,0.7916666666666666
0.11364861,0.16559537,-0.04001618,-0.09426163,-0.01693932,0.01823615,0.024184823,-0.057672538,0.035678044,39.525692,17.85252,8.011672,-0.7062961,0.7930555555555555
0.018968098,0.06339644,0.04736884,-0.2413383,-0.029222064,-0.006488111,-0.049801506,0.022796817,-0.030335603,57.26979,28.017797,14.983233,-0.102193266,0.7944444444444444
-0.057931527,-0.031596377,0.009933971,-0.051125705,-0.027440958,-0.033396404,0.017514884,-0.053292505,0.022054609,60.591297,28.210014,16.084229,-0.8493078,0.7958333333333333
0.017451413,0.052279033,0.024648108,-0.044373393,-0.037095718,0.012874141,-0.03521432,-0.046473064,0.028392315,58.150883,27.677399,14.626873,-1.1859497,0.7972222222222223
0.0018727556,-0.021265134,0.016878359,-0.060730204,0.02275277,-0.023674142,-0.047017306,-0.058082364,0.03091732,60.269062,28.490503,15.593007,-0.8581232,0.7986111111111112
-0.021691486,0.06617962,0.003990032,-0.07766281,-0.038605712,0.0629465,-0.0051247478,0.004052274,0.042533867,57.61309,27.653091,14.991998,-1.4200965,0.8
-0.040043697,-0.009712353,0.042203784,-0.019090474,-0.025072291,0.040029135,-0.0979934,-0.011113316,0.044973865,60.155373,28.015686,15.824156,-1.375747,0.8013888888888889
-0.11870907,-0.10201818,-0.007647805,0.028869256,-0.004577972,-0.003360074,-0.06889622,-0.09777007,-0.004618721,63.033188,29.304346,15.849145,-0.3186165,0.8027777777777778
-0.10333413,0.12783335,0.087241635,0.062110115,-0.24046335,-0.11582951,-0.22642876,-0.13401026,0.07889927,59.593563,20.16166,13.123637,-2.1701183,0.8041666666666667
0.15226816,0.0112189725,-0.020694911,-0.04933776,-0.11883556,-0.021001939,0.06937368,0.07830153,0.028158665,61.692936,0.72898686,1.6891536,-1.1473606,0.8055555555555556
-0.015393838,-0.1966213,0.04926842,-0.04995726,0.041654296,0.067426644,-0.26218686,-0.2337429,-0.0101452805,64.358,26.62053,14.751575,0.26187095,0.8069444444444445
-0.055818364,-0.026942506,0.053886432,-0.043324664,-0.08062781,-0.014977273,-0.011084825,-0.07010325,0.01879422,60.50154,28.241203,16.016592,-0.7678015,0.8083333333333333
-0.016386643,0.01807157,0.04356736,-0.048879877,-0.032339014,-0.014376115,-0.056768768,-0.044146106,0.025061853,60.14033,28.333122,15.87142,-0.9570327,0.8097222222222222
-0.023113474,0.029843688,0.050907254,0.013171263,-0.040412642,0.012704045,-0.04542193,-0.055241488,0.03269687,60.704277,28.523981,15.841739,-0.89504755,0.8111111111111111
-0.0702225,-0.00637085,0.042024612,-0.010598376,-0.011314549,0.009246774,-0.03821887,-0.060709037,0.026328918,60.65093,28.391798,15.795218,-0.698742,0.8125
-0.0147443265,0.02493646,0.027421974,0.0095818415,0.006057374,0.034487903,-0.069978565,-0.058150984,0.059066854,60.476364,28.4087,16.016668,-1.1719576,0.8138888888888889
0.17981549,0.031227544,0.14781126,-0.1276769,0.034724005,-0.052201737,0.061772466,-0.012670837,-0.0568382,47.955093,29.583807,15.256126,-2.031405,0.8152777777777778
0.0022476688,-0.08046998,-0.11550737,-0.02649495,-0.048618637,0.022417974,0.04986976,-0.03476934,0.102143034,3.3632133,27.17507,15.10864,-3.1733184,0.8166666666666667
0.19812283,0.0076512396,-0.0044959635,-0.10451613,-0.030043356,-0.019932952,0.23416914,-0.15608996,-0.09900008,13.128766,16.950506,1.4591757,-2.2070677,0.8180555555555555
0.042293385,-0.0375901,0.083020136,0.031729534,-0.15975899,0.014349297,-0.07254567,-0.03354746,-0.053240623,31.058529,-0.5107943,11.392635,-2.7107227,0.8194444444444444
0.0027048886,-0.0070597157,0.027612768,0.0010583252,-0.033336885,-0.028152365,0.017846912,-0.052262112,-0.020137057,36.759056,27.31292,15.204822,-0.98979545,0.8208333333333333
-0.02280341,-0.00739184,0.01075314,0.014828287,-0.074506186,-0.04932638,-0.028259143,-0.051462233,0.028260179,37.94462,27.30044,15.289791,-1.0955474,0.8222222222222222
-0.06486368,0.036869973,0.0024193674,0.002227269,-0.077309035,-0.022776227,-0.048886515,-0.019266106,-0.01001074,38.327194,27.549746,15.726091,-1.421745,0.8236111111111111
-0.0029882342,0.0072473735,0.025652274,-0.025616303,-0.02954159,0.017221581,-0.058432043,-0.017361239,-0.021270782,46.50389,28.214834,15.215326,-1.9303473,0.825
0.01467374,0.048576362,-0.026018433,-0.012858778,-0.049505956,0.01558008,-0.08143617,-0.08927562,-0.012163253,53.02655,27.63442,15.362708,-2.6564837,0.8263888888888888
0.032762744,-0.011434704,0.020737909,-0.014057428,-0.03675752,0.027296308,-0.047806665,-0.03945867,-0.0154830245,48.582,27.969822,15.17861,-1.4158944,0.8277777777777777
-0.0014751405,0.039445512,0.01679425,-0.07969147,-0.024767928,0.026025392,0.05617711,0.017918553,0.061044715,53.97276,27.759491,14.706941,-1.4443747,0.8291666666666667
0.11221878,-0.08651225,0.058846317,0.020312048,0.039567165,0.030658606,0.0848802,0.034719605,0.055959933,42.313164,26.07278,4.5093627,-1.0254782,0.8305555555555556
0.13204534,0.026953511,0.17621183,-0.05410187,-0.19266143,0.047289226,-0.07393039,0.115304306,0.117711246,59.91615,13.848167,8.558248,-1.647971,0.8319444444444445
-0.1242595,0.0608549,-0.03446593,-0.007879391,-0.25297803,-0.0016106851,-0.01322031,-0.086599745,-0.0035380498,58.432774,3.3161225,15.029098,-0.6471547,0.8333333333333334
0.022547998,0.026509292,0.0484438,-0.059813723,-0.044700332,0.041029405,-0.02575022,-0.03814236,-0.012152305,58.661522,27.95922,14.950454,-0.81132007,0.8347222222222223
0.028462216,0.0041184425,0.0830446,0.010110676,-0.058471836,0.045160018,-0.01492773,-0.06358536,0.0161863,59.991608,28.52444,15.632425,-1.2849065,0.8361111111111111
0.03782159,0.032099947,0.028244838,-0.043065473,0.013657354,0.05926242,-0.016544744,0.025104295,0.010230083,58.084152,27.916275,14.948555,-1.3035656,0.8375
0.01866725,0.027069494,0.073220186,-0.052236453,-0.016420044,0.0012478344,-0.07320146,-0.15454304,-0.022813575,60.209064,28.504763,15.425629,-0.60055864,0.8388888888888889
-0.03646134,-0.014829949,-0.016158797,-0.034989655,0.02471941,-0.041751023,-0.014955163,-0.060078435,0.016578589,61.454044,28.980583,15.988878,-0.69555616,0.8402777777777778
-0.03792338,-0.051996484,0.020424709,-0.01077152,-0.053398035,0.022940136,-0.009537458,-0.102340125,-0.00943945,61.020004,28.45676,16.185087,-0.7246622,0.8416666666666667
0.0021012127,-0.15189725,0.12980989,-0.08641285,0.06598019,0.09411405,0.057145685,-0.10503753,0.047300093,62.872845,27.937777,10.88866,-0.21235989,0.8430555555555556
0.0141837895,0.1597678,-0.02435255,-0.057845354,-0.15426385,0.10544324,-0.06057755,-0.06401121,-0.014777421,61.58855,28.92912,0.528679,-0.08408321,0.8444444444444444
-0.10453683,0.048111036,-0.14533126,0.055455197,-0.112302296,0.08142212,-0.05901832,-0.1608741,-0.04676503,59.99268,11.484252,15.581228,-1.524833,0.8458333333333333
0.17439839,0.018297441,0.12918052,-0.0025793388,-0.21939057,0.043600205,0.06503421,-0.066255234,-0.0383111,59.91144,7.931512,14.700883,-0.8254392,0.8472222222222222
-0.047614247,-0.02551584,0.041317195,-0.011938766,-0.038104497,0.03869709,-0.035230704,-0.039123103,0.014937043,60.483704,28.354988,15.935068,-0.8660264,0.8486111111111111
-0.04130943,-0.02053915,0.01525332,-0.02755785,-0.04555755,0.0071961917,-0.050832823,-0.15205118,0.011980116,60.8099,28.179396,16.032484,-0.8251654,0.85
-0.044667244,0.017004184,0.023077808,-0.02951783,-0.046338923,0.00622008,-0.014143199,-0.07491704,0.027094688,60.186543,28.074514,16.129755,-0.797485,0.8513888888888889
-0.17661548,0.0017070025,0.010349415,0.04912425,0.054186944,0.12153196,0.077733025,0.04320067,0.027915724,35.460636,29.364222,15.06887,-2.1565137,0.8527777777777777
-0.03376971,-0.082491815,-0.024876095,0.061358236,-0.04698693,-0.07313922,-0.008588374,0.008690506,0.09803939,3.73887,27.68492,15.654857,-1.9597888,0.8541666666666666
-0.061879978,0.0014176443,-0.000269942,0.061676096,-0.05838532,0.0024474598,0.13125353,-0.06451515,-0.0819112,19.975586,28.095648,15.259038,-2.1946442,0.8555555555555555
0.012339458,0.05231496,0.05972601,0.00577493,-0.04339447,0.015455842,0.04664187,0.027863178,0.00012802146,33.283836,27.810642,-0.53965586,-2.4044244,0.8569444444444444
-0.035792768,-0.023606837,-0.0187167,0.052537285,-0.048362277,-0.017505411,-0.051977165,-0.1321322,0.04252159,38.159588,25.336554,13.207036,-2.1560876,0.8583333333333333
-0.10530791,0.22833297,-0.12502116,0.06867531,-0.19942766,-0.045838576,-0.014957175,-0.09826211,0.064870425,38.628464,3.9461875,13.923883,-1.5595438,0.8597222222222223
0.076141156,0.08965237,-0.03173741,-0.013033822,-0.1034647,-0.03700808,-0.007488042,-0.0010128468,0.082444444,37.738464,12.407143,14.606428,-1.09742,0.8611111111111112
-0.07479708,0.030231059,-0.027479284,0.038130447,0.013927616,-0.0022423975,-0.06496537,-0.085163675,-0.041230153,50.42248,27.349821,15.60577,-2.2177098,0.8625
-0.0078742355,0.028870068,-0.03751137,-0.020197764,-0.015919536,-0.013092991,-0.041494682,-0.12508038,-0.0023027845,51.62909,27.083935,15.449299,-2.1162934,0.8638888888888889
-0.01265794,-0.009785861,-0.029429726,-0.025336906,0.11896548,0.05848798,0.028973952,0.016193792,-0.039664768,52.26354,28.011387,14.674731,-0.6868758,0.8652777777777778
-0.057489023,0.03621289,0.037757613,-0.049721345,0.040106796,-0.0032588951,-0.016753629,-0.043938555,-0.027483407,49.532326,27.44575,15.406528,-1.6842352,0.8666666666666667
-0.026162088,0.029598922,0.04778737,0.04558529,-0.030252911,0.06428127,-0.049042925,-0.012962617,-0.063464284,47.292393,28.049406,15.37109,-1.5885768,0.8680555555555556
0.19059795,0.04468605,0.04194387,-0.14409335,0.120904945,0.15884642,0.09440215,-0.019396938,-0.05387099,62.57357,27.60454,4.2179275,0.6020353,0.8694444444444445
0.01129064,-0.037733346,0.12769613,0.0928209,-0.15986553,-0.0361485,-0.020894006,-0.002386488,0.030187514,57.771614,25.228918,7.9364944,-1.9131186,0.8708333333333333
0.017712533,0.0657547,0.013807707,-0.04780431,-0.0641881,-0.013024557,-0.02768299,-0.0897489,0.038283214,59.718956,27.787485,15.58709,-0.9478233,0.8722222222222222
0.0401605,0.09269877,0.078546256,0.04954321,-0.15060493,0.0012613423,-0.04265175,0.007128101,0.017682936,57.0143,-0.46918243,15.62865,-1.398218,0.8736111111111111
-0.080244854,0.10793869,-0.0568674,-0.27205557,-0.12381411,-0.071004376,-0.040484853,-0.0354987,0.07677919,57.587135,18.626492,14.058629,-1.5237374,0.875
-0.024619102,-0.022008479,0.02766627,-0.0018456131,-0.02206298,-0.00509179,-0.011716053,-0.12722495,-0.012701016,61.26541,28.805325,16.341883,-0.3491124,0.8763888888888889
0.017371781,-0.012768224,0.025394686,-0.036866814,-0.023647808,-0.0062938817,-0.03566411,-0.07415343,0.029039163,60.421852,28.934479,15.657529,-0.67210007,0.8777777777777778
-0.063973024,-0.062809914,0.01524879,-0.0065305308,-0.028998442,0.0038329922,-0.11572666,-0.14908394,-0.016197061,62.26497,29.171038,16.300287,-0.62592155,0.8791666666666667
-0.076210275,-0.07591161,0.0019658804,-0.0063937083,-0.00081629306,-0.019628447,-0.106187016,-0.13172004,-0.023517396,63.32165,29.96916,15.996939,-0.09764213,0.8805555555555555
0.025387429,-0.11219597,0.118860096,-0.006986797,0.05480177,0.0006677173,-0.007718444,-0.1723969,-0.009447107,63.435226,28.200191,11.482553,-0.75570107,0.8819444444444444
0.00902199,0.03529942,0.0021455735,-0.013670579,-0.14367837,0.06957352,-0.022122085,0.0030799285,0.007701084,59.586292,28.791378,-0.8219247,-1.2001711,0.8833333333333333
-0.016481921,-0.004927948,0.040752403,-0.006467432,-0.022736982,0.016485687,-0.034888305,-0.093339376,0.020935427,60.69443,28.34573,15.817925,-0.87086093,0.8847222222222222
-0.063027024,-0.010640398,0.077203415,-0.10246025,0.05947273,-7.331371e-05,-0.10958067,-0.052861035,-0.036219455,61.034386,25.860209,14.201962,-1.0461304,0.8861111111111111
0.029600546,0.058523405,0.08550361,0.008260578,-0.17536256,0.041843325,0.026415616,-0.044180512,-0.022376886,60.102642,-1.3765733,15.812457,-1.520153,0.8875
0.011355966,0.00466346,0.017777413,0.007433437,0.04061589,0.028776914,-0.13429233,0.05561977,0.053241976,60.62047,23.90759,14.256128,-0.44340587,0.8888888888888888
0.01446978,0.04680115,-0.069027595,-0.10039583,-0.08845415,0.0736228,0.070214,-0.06784364,0.17261352,22.445665,28.226076,16.181442,-2.5615184,0.8902777777777777
0.0050454363,-0.061416492,-0.03954207,-0.019554973,-0.09447456,-0.013018895,0.02208069,-0.0040109083,0.07966255,2.7053406,27.844034,14.666319,-1.6610972,0.8916666666666667
-0.09017365,-0.051466152,-0.0017621517,-0.08504656,-0.034048937,0.005799204,-0.0011551231,-0.17541173,0.05047235,26.662687,27.319185,15.445385,-2.7682064,0.8930555555555556
-0.020579383,0.011858806,0.06714718,-0.0210879,0.009561159,-0.00021841377,-0.047836877,0.058215085,-0.02304979,35.734573,27.485209,15.211467,-1.1916832,0.8944444444444445
-0.022613376,0.02835247,0.07398928,-0.051305264,0.009013072,-0.0019269623,0.0029758066,-0.02868069,-0.08109191,36.461597,27.424126,0.8209496,-1.6773027,0.8958333333333334
-0.103195876,-0.184156,0.04411346,0.13078156,0.003946677,-0.01781867,-0.06429729,-0.02660267,0.03387652,39.541492,26.409155,10.236868,-0.95414424,0.8972222222222223
-0.030842975,0.04756254,-0.0037413687,-0.016686141,-0.04162159,-0.0035251714,-0.016593546,-0.01391384,0.029254422,39.38815,27.688711,15.2390785,-1.2215874,0.8986111111111111
-0.10979462,-0.022493273,0.10645205,0.07904012,-0.104199104,0.10955218,-0.02677977,-0.06317768,0.069381036,51.443466,19.517286,15.82627,-1.5734056,0.9
0.10524987,0.11328467,0.076323,-0.05108972,-0.12583873,0.048383303,0.0338801,0.015462823,0.005565997,46.169216,-1.406763,14.339045,-2.1966972,0.9013888888888889
0.051761903,0.17742084,-0.015874848,-0.14097498,0.0067616105,-0.050942484,0.022409514,-0.10968151,-0.028443666,56.95197,26.887842,15.583913,-1.3593392,0.9027777777777778
-0.014598846,-0.034774438,0.05251037,-0.11517525,-0.0011107177,0.0033380315,-0.035539165,-0.06393451,0.011406004,45.302063,27.4865,15.212746,-1.5657277,0.9041666666666667
0.05710385,-0.045877784,0.00080934167,-0.08647008,0.064557076,0.07837921,-0.06460699,0.013110168,0.01885761,51.623856,28.015713,14.544233,-0.48027635,0.9055555555555556
-0.03696187,-0.010093167,0.022974841,0.044750147,-0.036206596,-0.009222779,-0.09843637,-0.16078004,-0.017600946,61.78396,28.848507,16.03365,-0.40508622,0.9069444444444444
0.12653072,0.018874988,-0.010887757,-0.028952524,-0.07130959,0.05759338,0.001091212,0.0063530467,-0.07585638,57.946056,25.707624,7.1125455,-0.9155183,0.9083333333333333
0.023577236,0.0464992,0.13857947,-0.012453809,-0.10122401,0.04831354,0.031971738,0.07698217,0.021808714,57.95473,26.262821,4.397204,-0.61093545,0.9097222222222222
0.0060213357,0.07728856,0.05200306,-0.030188516,-0.047564708,0.0336162,-0.06901587,0.007543277,0.0066239163,58.191452,27.970085,14.983012,-1.4017103,0.9111111111111111
0.04489371,0.07359737,0.05414905,-0.046854407,-0.04096342,-0.01200876,-0.05769129,-0.025537461,0.054814562,59.568836,28.20709,15.588917,-1.2871013,0.9125
-0.03469047,-0.08167133,0.040433183,-0.08999874,0.012387507,-0.10690571,-0.13633463,0.0475457,0.18534088,63.818413,15.524367,15.742515,0.1953296,0.9138888888888889
-0.07966502,-0.018576473,-0.0029908791,0.02646228,-0.1943078,-0.018751215,0.036372855,0.056758903,0.13683853,57.326324,1.959158,15.226569,-0.39705354,0.9152777777777777
-0.057539523,-0.040140733,0.028144069,0.00033408403,-0.025871165,0.01932842,-0.0624566,-0.123540424,0.011417896,62.391823,29.565792,16.216463,-0.21188872,0.9166666666666666
-0.090977326,-0.110908404,-0.007096961,-0.02580224,-0.01175414,-0.006170962,-0.09465732,-0.12200747,0.0009906013,63.596603,30.036537,15.912352,-0.0900797,0.9180555555555555
-0.031548247,-0.011091977,0.004758276,-0.0083108395,-0.015195489,-0.0066768266,-0.094537556,-0.10747195,0.01216583,61.00215,28.959986,16.103788,-0.32679176,0.9194444444444444
0.026821762,0.066392764,0.13158527,-0.17007162,-0.10640069,-0.0014087595,-0.060581245,-0.08279879,0.03332404,60.98518,27.251305,13.595218,-1.500897,0.9208333333333333
-0.013277233,0.014201224,0.032491393,-0.036194593,-0.11483144,0.06313659,-0.019915074,-0.030764781,-0.016184472,59.860996,28.233477,-0.62980026,-1.4797711,0.9222222222222223
-0.03802529,0.047660343,0.057694137,-0.032914802,-0.0924417,-0.02798802,-0.039420836,-0.13857052,-0.051739782,60.433186,27.902817,16.437876,-1.0523658,0.9236111111111112
-0.035738185,-0.0043755025,0.035756513,-0.06448007,-0.0128789395,-0.008351389,-0.038087875,-0.0785018,0.010351069,60.4828,28.357985,15.514519,-0.7779566,0.925
-0.064417094,-0.0090781525,0.03143139,-0.023127586,-0.027630635,0.021346606,-0.009686202,-0.024420023,0.01520016,60.55349,28.187176,15.773349,-1.0505979,0.9263888888888889
-0.13834462,0.0725283,-0.037567668,0.03837002,-0.12462134,-0.056768645,-0.12666889,0.05447983,-0.005497804,9.35412,9.857876,14.866188,-2.3968809,0.9277777777777778
0.057530947,0.120344885,0.10748169,-0.04848449,0.1501488,0.1719492,0.007638693,0.09273939,-0.07717741,3.938382,5.4752717,16.97478,-2.9598598,0.9291666666666667
-0.035599828,0.044134952,-0.069619246,-0.002156973,-0.056909062,0.05852731,-0.0013976842,-0.089850284,0.013458684,30.678919,27.90564,15.435834,-2.1456528,0.9305555555555556
-0.044736758,0.010194272,0.0022048727,0.008537941,-0.051216893,-0.06953634,-0.011514217,-0.0207441,0.04882253,38.17381,27.303247,15.468371,-1.4017029,0.9319444444444445
-0.030826464,0.02299206,0.0109218955,-0.0047821924,-0.04437112,-0.03494699,-0.03899946,-0.017510988,0.018880624,37.369587,27.309128,15.420062,-1.5115695,0.9333333333333333
0.016870871,0.041092202,0.042831283,0.0474258,0.027349949,-0.044011224,0.06678796,0.051178128,-0.039002817,36.66795,26.689777,3.5098596,-1.7526749,0.9347222222222222
-0.06509881,-0.13105375,0.026826292,0.100512475,0.058059428,0.03548727,0.04567732,-0.034441903,-0.08719908,44.71826,25.639788,9.513755,-1.5788686,0.9361111111111111
-0.0071995407,0.057377625,-0.03393998,0.029754132,0.00065938383,-0.020099927,-0.020356193,-0.09620816,-0.005195301,52.824802,27.183308,15.44707,-2.1130364,0.9375
-0.03016387,0.04067067,0.07158229,-0.09387718,-0.06100259,0.052322958,-0.114084266,-0.05118987,-0.02055513,47.04803,27.392998,15.693731,-1.6487163,0.9388888888888889
-0.020203248,0.08101734,0.044217505,-0.048438743,-0.052303605,-0.01655959,-0.034661107,-0.020186245,0.014426902,58.503666,27.242723,15.081493,-1.0836684,0.9402777777777778
-0.035573304,0.14270703,-0.059072547,-0.034641907,-0.23570588,0.02146595,0.018134013,-0.1102278,0.027594335,42.911545,4.849126,14.555378,-1.4659247,0.9416666666666667
0.025462627,0.00081832707,0.043582715,-0.16829236,-0.16997397,0.16373993,0.055444986,-0.07598879,0.11542265,56.45121,12.107152,14.271589,-0.9396187,0.9430555555555555
-0.07980193,-0.05862379,0.0079692155,-0.064046785,-0.030316822,-0.021739516,-0.03218635,-0.070166074,0.0085809305,60.57298,28.353395,15.8349695,-0.43761197,0.9444444444444444
-0.024260357,0.08084872,0.014401212,-0.028100967,-0.01690805,0.03554414,-0.022791222,-0.028398506,0.032856736,58.103863,27.549711,15.021894,-1.6155741,0.9458333333333333
0.014421597,0.023422018,-0.03369496,-0.08196828,-0.15446451,0.012833439,0.029073521,-0.14935952,0.00059588626,59.684525,27.405485,8.069521,-0.4549244,0.9472222222222222
0.1516456,-0.0048761815,0.054955136,0.047970794,-0.066143595,-0.062703565,0.100003555,0.04002005,-0.04115265,56.34433,26.98199,3.014551,-1.1902497,0.9486111111111111
-0.033807263,-0.06430666,0.06972006,-0.006776504,-0.054461397,0.04648026,-0.057889894,-0.08908395,0.0011717472,60.110897,28.252909,15.751172,-1.1513902,0.95
-0.063656375,-0.05271019,0.034193218,0.062271204,0.0009914935,-0.025892634,-0.11536816,-0.13812137,-0.01358482,62.97364,29.438074,15.975895,-0.26209247,0.9513888888888888
0.024748132,0.054182496,0.06340646,-0.07612039,-0.03164164,0.031190444,-0.012889028,-0.019494712,-0.0018027015,59.895927,28.320532,16.02741,-1.3766721,0.9527777777777777
-0.03805542,-0.060401738,0.0019413531,0.02576328,0.019671887,0.0016436726,-0.084342025,-0.16630057,-0.033410378,63.300236,29.751816,15.93244,-0.1464133,0.9541666666666667
0.077770084,-0.03627181,0.026761845,0.03674441,-0.14191455,0.01747391,0.0021475554,0.0058800727,0.07154224,62.7964,2.5699863,16.117699,0.124809235,0.9555555555555556
0.04768227,0.14776352,-0.008726396,-0.069361106,0.014331855,-0.08175649,-0.08753959,-0.0059622675,0.047934324,58.944283,16.923208,14.5348015,-0.9262681,0.9569444444444445
-0.04997714,0.007893965,0.032676235,-0.01478079,-0.01494021,0.009382494,-0.013848409,-0.037250735,0.035915963,60.400303,28.247793,15.7762985,-1.0197841,0.9583333333333334
-0.031320155,0.06260391,0.08940536,-0.11050257,0.024356872,-0.017453242,-0.0897381,-0.11855345,0.033850018,61.97656,28.327274,13.578411,-1.6902087,0.9597222222222223
-0.055527106,0.06412198,0.00026568025,-0.04568416,-0.13854825,0.02775773,-0.03581824,0.0021339431,0.014193967,59.694073,28.887627,-1.3210241,-1.0455626,0.9611111111111111
0.0031114295,0.10513325,0.02522038,-0.08327232,-0.0891866,0.013113167,-0.14186887,-0.016225405,-0.008476021,60.676563,28.070547,14.071756,-0.93599284,0.9625
0.011684522,0.031954236,0.08725252,-0.14774041,-0.069549896,-0.031879354,0.07223314,0.013882205,0.036298685,51.00976,28.638634,15.049133,-1.4855946,0.9638888888888889
-0.004427731,-0.08904131,0.0031191334,0.060805257,-0.08518269,-0.026218947,-0.0018808246,-0.08371485,0.061484024,3.3457417,27.38627,15.343432,-2.0990956,0.9652777777777778
-0.0037080795,-0.035611704,-0.022622816,-0.023171619,-0.20116112,0.013889756,0.08392905,-0.058135502,0.041371837,11.797164,27.390827,15.574866,-1.5660005,0.9666666666666667
0.073035695,0.007937223,-0.027728833,-0.02291046,-0.1020124,-0.008796822,-0.036839597,-0.06935563,0.13118128,31.221842,24.885122,15.3023815,-1.5569843,0.9680555555555556
0.08254668,0.054911237,0.039827406,-0.007870302,-0.17367098,-0.013740595,0.019736692,0.015380949,0.058085516,36.76308,-1.2213509,13.856116,-2.3360524,0.9694444444444444
-0.058027804,-0.00409507,-0.081293516,0.014221378,-0.024541609,-0.06850055,-0.03817582,-0.13529077,0.04021579,38.77231,21.747223,14.481991,-1.757688,0.9708333333333333
-0.012661293,0.06141609,0.033007324,-0.048991397,-0.05312813,0.0068941414,-0.034133486,0.01805327,0.017503459,37.717182,27.505302,15.10373,-1.2322326,0.9722222222222222
0.074581385,0.000642851,0.14369978,0.071626216,-0.04941023,0.019456055,0.049713373,-0.06315259,-0.0031798538,44.395035,27.552189,2.1805978,-0.71479,0.9736111111111111
-0.048475668,-0.13038307,0.04097725,0.03688082,0.004971415,-0.046004247,0.057139397,0.011397786,-0.14215474,52.918198,25.22277,9.132737,-2.35216,0.975
0.0064894184,-0.0007676184,0.013095833,0.040911816,-0.055669703,0.071564496,-0.050672255,-0.042442895,-0.014265095,49.040997,27.606785,15.203348,-1.4843466,0.9763888888888889
-0.008804575,0.01793719,0.060016505,-0.06505908,-0.050735496,0.05669206,0.02440302,0.0035126582,-0.0013614204,54.17999,27.199434,15.046647,-1.0708799,0.9777777777777777
-0.01616317,0.02210892,-0.0008226633,0.018976785,-0.08013261,0.009431671,-0.038447797,-0.066904224,-0.015312117,43.176586,27.77077,15.508118,-1.7660955,0.9791666666666666
-0.05296871,0.03524334,0.01415325,-0.024837032,-0.026571408,-0.04613735,-0.06418329,-0.067305736,0.016750433,60.374413,28.365927,15.948066,-0.6389586,0.9805555555555555
0.032072358,0.014520109,0.033984393,0.038512036,-0.036303394,0.078322984,-0.0012110323,-0.020003848,0.08053191,60.01224,21.762972,15.4147625,-1.3474073,0.9819444444444444
0.061988343,0.06501943,0.046859298,0.008529566,-0.13096529,0.024149824,0.012571275,-0.033958293,0.013568923,57.74683,-1.763357,15.22983,-1.9430333,0.9833333333333333
0.0544421,0.09965051,0.010555051,-0.010455869,-0.1402542,-0.040587004,-0.11227594,-0.19137615,-0.06051236,60.304626,27.535162,14.104407,-0.28263292,0.9847222222222223
0.08465512,-0.024221927,0.013743252,0.049381807,0.04700582,-0.008274879,0.06988813,-0.11061733,-0.0057188086,56.94682,27.078829,10.539839,-1.8942795,0.9861111111111112
-0.011578754,0.1464163,-0.050239585,-0.039506406,-0.13223636,0.027562082,-0.009387508,0.008734338,-0.000666026,58.974754,27.889421,1.7291065,-0.524474,0.9875
-0.08236225,-0.048429906,-0.0009844154,0.0071261004,-0.011640698,-0.024325464,-0.005225599,-0.12218911,-0.009124182,61.525223,28.660566,16.135826,-0.54288864,0.9888888888888889
-0.013849065,-0.04705277,0.05993195,-0.051222533,-0.026005663,0.008615352,-0.052693166,-0.091897555,0.021862835,60.984467,28.595089,16.252623,-0.80397975,0.9902777777777778
-0.10534169,-0.12949684,-0.005481042,0.018099979,-0.00038359314,0.010736514,-0.08685665,-0.13110533,-0.02621476,63.40197,29.720839,16.103928,-0.15606281,0.9916666666666667
-0.096875936,-0.11543062,0.0007295236,-0.0045161694,-0.0054839626,7.7772886e-05,-0.11065011,-0.16967216,-0.03217154,63.53789,29.907824,16.027042,-0.063182846,0.9930555555555556
-0.021161526,0.009986609,0.046689235,-0.04604338,-0.0391526,-0.020403814,-0.05436088,-0.08211676,0.016455904,60.30904,28.078308,15.983661,-0.9877471,0.9944444444444445
-0.008217812,0.035078734,-0.07164959,0.0143639,0.009632967,-0.032271814,-0.06778298,0.013596855,0.093350306,61.3906,17.48612,13.951803,-0.5775144,0.9958333333333333
0.0776678,-0.04165943,0.09758171,0.012982488,-0.19982147,0.008511517,0.060092136,0.04668659,0.067274064,58.605072,0.46269912,16.118698,-0.8554908,0.9972222222222222
-0.03667803,-0.02405046,0.028042324,0.023239836,-0.017954469,-0.018945303,-0.04982961,-0.10667553,0.023904622,61.3155,27.832127,15.189938,-0.81981504,0.9986111111111111
