timestamp_iso;device_name;run_id;sample_interval_ms;u_l1_n_v;i_l1_a;p_total_w;s_total_va;s_calc_va;q_total_var;pf_total;frequency_hz;thd_u_l1_percent;thd_i_l1_percent;block_time_difference_ms
2026-05-19T13:19:27.748Z;Leuchtstoffroehre;leuchtstoffroehre_001;200;235.9171142578125;0.10145741701126099;0.633857011795044;23.9355411529541;23.935541041348188;-23.64850425720215;0.026481833308935165;49.98688507080078;1.8074601888656616;16.545562744140625;31
2026-05-19T13:19:27.926Z;Leuchtstoffroehre;leuchtstoffroehre_001;200;235.68746948242188;0.1014728769659996;0.4890971779823303;23.91588592529297;23.91588559321758;-23.602811813354492;0.02045072428882122;49.98688507080078;1.879101276397705;17.471635818481445;4
2026-05-19T13:19:28.124Z;Leuchtstoffroehre;leuchtstoffroehre_001;200;235.65196228027344;0.10133261978626251;0.49670425057411194;23.879230499267578;23.879230695633623;-23.58869743347168;0.020800679922103882;49.98688507080078;1.8219163417816162;16.769161224365234;4
2026-05-19T13:19:28.325Z;Leuchtstoffroehre;leuchtstoffroehre_001;200;235.8061065673828;0.10137301683425903;0.6110022068023682;23.904376983642578;23.904376410676377;-23.6246395111084;0.02556026540696621;49.98688507080078;1.7913761138916016;16.379915237426758;47
2026-05-19T13:19:28.598Z;Leuchtstoffroehre;leuchtstoffroehre_001;200;235.83078002929688;0.1013396605849266;0.5653632879257202;23.899011611938477;23.899011203647433;-23.61884880065918;0.023656345903873444;49.98688507080078;1.780677080154419;16.448514938354492;7
2026-05-19T13:19:28.727Z;Leuchtstoffroehre;leuchtstoffroehre_001;200;235.9005126953125;0.10143351554870605;0.5523117780685425;23.928218841552734;23.92821832242771;-23.645103454589844;0.023082027211785316;49.98688507080078;1.801556944847107;16.579572677612305;12
2026-05-19T13:19:28.932Z;Leuchtstoffroehre;leuchtstoffroehre_001;200;235.9090118408203;0.10145381093025208;0.5812472105026245;23.933868408203125;23.933868284041182;-23.643054962158203;0.02428555302321911;49.98688507080078;1.8157650232315063;16.76466941833496;10
2026-05-19T13:19:29.128Z;Leuchtstoffroehre;leuchtstoffroehre_001;200;235.8210906982422;0.10135908424854279;0.6334677934646606;23.90260887145996;23.90260979966638;-23.62046241760254;0.026502035558223724;49.98688507080078;1.8125391006469727;16.433788299560547;5
2026-05-19T13:19:29.438Z;Leuchtstoffroehre;leuchtstoffroehre_001;200;235.8265380859375;0.10124170035123825;0.7070630788803101;23.87548065185547;23.87547970376636;-23.60715103149414;0.029614610597491264;49.98688507080078;1.7977423667907715;16.026269912719727;107
2026-05-19T13:19:29.592Z;Leuchtstoffroehre;leuchtstoffroehre_001;200;235.85386657714844;0.10133978724479675;0.6075908541679382;23.90138053894043;23.901380659790902;-23.627866744995117;0.025420743972063065;49.98688507080078;1.7825175523757935;16.230571746826172;102
2026-05-19T13:19:30.139Z;Leuchtstoffroehre;leuchtstoffroehre_001;200;235.9143829345703;0.10140620917081833;0.5736158490180969;23.92318344116211;23.92318326226757;-23.636629104614258;0.023977404460310936;49.98688507080078;1.81534743309021;16.593114852905273;19
2026-05-19T13:19:30.447Z;Leuchtstoffroehre;leuchtstoffroehre_001;200;235.93020629882812;0.10142980515956879;0.5603238344192505;23.930355072021484;23.930354856147005;-23.64545249938965;0.023414773866534233;49.98688507080078;1.8091235160827637;16.61616325378418;17
2026-05-19T13:19:30.571Z;Leuchtstoffroehre;leuchtstoffroehre_001;200;235.93020629882812;0.10142980515956879;0.5603238344192505;23.930355072021484;23.930354856147005;-23.64545249938965;0.023414773866534233;49.98688507080078;1.8551899194717407;17.046194076538086;147
2026-05-19T13:19:30.858Z;Leuchtstoffroehre;leuchtstoffroehre_001;200;235.81790161132812;0.10154794901609421;0.6108942031860352;23.94682502746582;23.94682424990947;-23.6033878326416;0.025510447099804878;49.98688507080078;1.914842963218689;16.98536491394043;22
2026-05-19T13:19:31.237Z;Leuchtstoffroehre;leuchtstoffroehre_001;200;235.88279724121094;0.10137446224689484;0.600496768951416;23.912490844726562;23.912491723621088;-23.62917709350586;0.02511226385831833;49.98688507080078;1.8485965728759766;16.781131744384766;98
2026-05-19T13:19:31.360Z;Leuchtstoffroehre;leuchtstoffroehre_001;200;235.7549285888672;0.10135810077190399;0.5724576711654663;23.895671844482422;23.89567180938343;-23.6065673828125;0.02395654283463955;49.98688507080078;1.8485965728759766;16.781131744384766;9
2026-05-19T13:19:31.383Z;Leuchtstoffroehre;leuchtstoffroehre_001;200;235.7549285888672;0.10135810077190399;0.5724576711654663;23.895671844482422;23.89567180938343;-23.6065673828125;0.02395654283463955;49.98688507080078;1.8485965728759766;16.781131744384766;12
2026-05-19T13:19:31.477Z;Leuchtstoffroehre;leuchtstoffroehre_001;200;235.7549285888672;0.10135810077190399;0.5724576711654663;23.895671844482422;23.89567180938343;-23.6065673828125;0.02395654283463955;49.98688507080078;1.823684811592102;16.828413009643555;16
2026-05-19T13:19:31.572Z;Leuchtstoffroehre;leuchtstoffroehre_001;200;235.82627868652344;0.10136687755584717;0.5684823989868164;23.90497398376465;23.904973516067912;-23.610849380493164;0.023780925199389458;49.98688507080078;1.823684811592102;16.828413009643555;36
2026-05-19T13:19:31.677Z;Leuchtstoffroehre;leuchtstoffroehre_001;200;235.82627868652344;0.10136687755584717;0.5684823989868164;23.90497398376465;23.904973516067912;-23.610849380493164;0.023780925199389458;49.98688507080078;1.7695798873901367;16.191539764404297;28
2026-05-19T13:19:31.790Z;Leuchtstoffroehre;leuchtstoffroehre_001;200;235.8332061767578;0.10136756300926208;0.6264283657073975;23.905838012695312;23.905837386798794;-23.63227081298828;0.02620399184525013;49.98688507080078;1.7695798873901367;16.191539764404297;11
2026-05-19T13:19:31.946Z;Leuchtstoffroehre;leuchtstoffroehre_001;200;235.8583221435547;0.10139663517475128;0.5910817980766296;23.915239334106445;23.915240243318976;-23.627185821533203;0.024715697392821312;49.98688507080078;1.7718685865402222;16.623361587524414;16
2026-05-19T13:19:32.152Z;Leuchtstoffroehre;leuchtstoffroehre_001;200;235.81190490722656;0.1014067679643631;0.6116147637367249;23.91292381286621;23.91292312416158;-23.619943618774414;0.025576746091246605;49.98688507080078;1.7794748544692993;16.781307220458984;24
2026-05-19T13:19:32.407Z;Leuchtstoffroehre;leuchtstoffroehre_001;200;235.79151916503906;0.10145004093647003;0.5682958364486694;23.921058654785156;23.92105927176567;-23.631772994995117;0.02375713549554348;49.98688507080078;1.797956943511963;16.751211166381836;6
2026-05-19T13:19:32.562Z;Leuchtstoffroehre;leuchtstoffroehre_001;200;235.80152893066406;0.10134336352348328;0.578972339630127;23.89691925048828;23.896920065813447;-23.613832473754883;0.02422790788114071;49.98688507080078;1.808463454246521;16.48480224609375;54
2026-05-19T13:19:32.767Z;Leuchtstoffroehre;leuchtstoffroehre_001;200;235.8274688720703;0.10131894052028656;0.5874662399291992;23.893789291381836;23.893789291699022;-23.608488082885742;0.024586565792560577;49.98688507080078;1.800215244293213;16.562145233154297;44
2026-05-19T13:19:32.969Z;Leuchtstoffroehre;leuchtstoffroehre_001;200;235.7427520751953;0.10136564821004868;0.578959584236145;23.896217346191406;23.89621687492297;-23.613576889038086;0.024228084832429886;49.98688507080078;1.8030670881271362;16.487873077392578;14
2026-05-19T13:19:33.157Z;Leuchtstoffroehre;leuchtstoffroehre_001;200;235.65353393554688;0.10132791101932526;0.6048142313957214;23.878280639648438;23.87828031801064;-23.593996047973633;0.02532905340194702;49.98688507080078;1.86264967918396;16.558412551879883;4
2026-05-19T13:19:33.348Z;Leuchtstoffroehre;leuchtstoffroehre_001;200;235.7608642578125;0.10137077420949936;0.5708205103874207;23.899261474609375;23.89926133811514;-23.617891311645508;0.023884441703557968;49.98688507080078;1.809431552886963;16.4368839263916;3
2026-05-19T13:19:33.570Z;Leuchtstoffroehre;leuchtstoffroehre_001;200;235.7539825439453;0.10138433426618576;0.5982809662818909;23.90176010131836;23.901760570819874;-23.61597442626953;0.02503083273768425;49.98688507080078;1.8783516883850098;16.745023727416992;6
2026-05-19T13:19:33.752Z;Leuchtstoffroehre;leuchtstoffroehre_001;200;235.78089904785156;0.1013905480504036;0.524661660194397;23.905954360961914;23.905954574278553;-23.61651039123535;0.021946903318166733;49.98796081542969;1.8169167041778564;16.76572036743164;5
2026-05-19T13:19:33.953Z;Leuchtstoffroehre;leuchtstoffroehre_001;200;235.8351287841797;0.10134616494178772;0.6858299970626831;23.900985717773438;23.900985860829223;-23.613338470458984;0.028694631531834602;49.98796081542969;1.823348879814148;16.66658592224121;6
2026-05-19T13:19:34.154Z;Leuchtstoffroehre;leuchtstoffroehre_001;200;235.82347106933594;0.1013433188199997;0.6940978169441223;23.899133682250977;23.899133213818686;-23.612722396850586;0.0290428027510643;49.98796081542969;1.8381625413894653;16.519588470458984;7
2026-05-19T13:19:34.357Z;Leuchtstoffroehre;leuchtstoffroehre_001;200;235.8253631591797;0.10150394588708878;0.5852894186973572;23.937204360961914;23.937204900912434;-23.640987396240234;0.024451034143567085;49.98796081542969;1.8483806848526;16.90909194946289;5
2026-05-19T13:19:34.558Z;Leuchtstoffroehre;leuchtstoffroehre_001;200;235.7933807373047;0.10134834796190262;0.5865626931190491;23.89727020263672;23.89726959807774;-23.617923736572266;0.024545175954699516;49.98796081542969;1.8299258947372437;16.41459846496582;4
2026-05-19T13:19:34.761Z;Leuchtstoffroehre;leuchtstoffroehre_001;200;235.70652770996094;0.10150489211082458;0.5463805794715881;23.925365447998047;23.92536566501667;-23.601282119750977;0.022836875170469284;49.98796081542969;1.8230315446853638;16.580974578857422;4
2026-05-19T13:19:34.961Z;Leuchtstoffroehre;leuchtstoffroehre_001;200;235.78445434570312;0.10129542648792267;0.5983949303627014;23.883886337280273;23.88388686217013;-23.607011795043945;0.025054337456822395;49.98796081542969;1.7740200757980347;16.278162002563477;6
2026-05-19T13:19:35.159Z;Leuchtstoffroehre;leuchtstoffroehre_001;200;235.7746124267578;0.10139480978250504;0.5869856476783752;23.906322479248047;23.906321978554956;-23.618221282958984;0.02455357275903225;49.98796081542969;1.8174875974655151;16.682188034057617;4
2026-05-19T13:19:35.361Z;Leuchtstoffroehre;leuchtstoffroehre_001;200;235.7260284423828;0.10139115899801254;0.5777497291564941;23.900535583496094;23.900535229771663;-23.612319946289062;0.024173086509108543;49.98796081542969;1.84972083568573;16.710081100463867;31
2026-05-19T13:19:35.563Z;Leuchtstoffroehre;leuchtstoffroehre_001;200;235.7376708984375;0.10142779350280762;0.5762946605682373;23.91035270690918;23.91035180471954;-23.61211395263672;0.024102307856082916;49.98796081542969;1.8596271276474;17.03067398071289;5
2026-05-19T13:19:35.782Z;Leuchtstoffroehre;leuchtstoffroehre_001;200;235.8736114501953;0.10150503367185593;0.5456262826919556;23.942358016967773;23.942358872554337;-23.653854370117188;0.022789161652326584;49.98796081542969;1.8066766262054443;16.6635799407959;7
2026-05-19T13:19:35.964Z;Leuchtstoffroehre;leuchtstoffroehre_001;200;235.8255157470703;0.10143337398767471;0.5484695434570312;23.920578002929688;23.920577734608855;-23.63088607788086;0.02292877435684204;49.98796081542969;1.8110110759735107;16.65035629272461;7
2026-05-19T13:19:36.166Z;Leuchtstoffroehre;leuchtstoffroehre_001;200;235.75096130371094;0.10137711465358734;0.5409535765647888;23.899751663208008;23.899752233779736;-23.617033004760742;0.022634275257587433;49.98796081542969;1.7865774631500244;16.45876693725586;6
2026-05-19T13:19:36.364Z;Leuchtstoffroehre;leuchtstoffroehre_001;200;235.69322204589844;0.10133415460586548;0.5082700848579407;23.883773803710938;23.883773402353654;-23.593673706054688;0.021280979737639427;49.98796081542969;1.8085416555404663;16.776721954345703;4
2026-05-19T13:19:36.567Z;Leuchtstoffroehre;leuchtstoffroehre_001;200;235.70030212402344;0.10130053758621216;0.5836983323097229;23.876567840576172;23.876567314396198;-23.587398529052734;0.02444649301469326;49.98796081542969;1.8462224006652832;16.6968936920166;22
2026-05-19T13:19:36.789Z;Leuchtstoffroehre;leuchtstoffroehre_001;200;235.67037963867188;0.10127345472574234;0.7324866652488708;23.86715316772461;23.867153522535546;-23.585872650146484;0.030690155923366547;49.98796081542969;1.8578147888183594;16.455368041992188;5
2026-05-19T13:19:36.967Z;Leuchtstoffroehre;leuchtstoffroehre_001;200;235.72915649414062;0.10126981884241104;0.5987909436225891;23.872249603271484;23.872248974035983;-23.60207176208496;0.025083137676119804;49.98796081542969;1.80819571018219;16.117040634155273;6
2026-05-19T13:19:37.180Z;Leuchtstoffroehre;leuchtstoffroehre_001;200;235.77212524414062;0.10138213634490967;0.46517297625541687;23.9030818939209;23.903081747830583;-23.61515998840332;0.01946079544723034;49.98796081542969;1.8032599687576294;16.657257080078125;7
2026-05-19T13:19:37.370Z;Leuchtstoffroehre;leuchtstoffroehre_001;200;235.77845764160156;0.10141706466674805;0.5424887537956238;23.911958694458008;23.91195908566442;-23.620187759399414;0.022686922922730446;49.98796081542969;1.799318790435791;16.765628814697266;15
2026-05-19T13:19:37.571Z;Leuchtstoffroehre;leuchtstoffroehre_001;200;235.73316955566406;0.10142979025840759;0.501489520072937;23.91036605834961;23.91036594498064;-23.62689781188965;0.020973728969693184;49.98796081542969;1.8668450117111206;16.646020889282227;11
2026-05-19T13:19:37.780Z;Leuchtstoffroehre;leuchtstoffroehre_001;200;235.74990844726562;0.10136545449495316;0.6476630568504333;23.896896362304688;23.896896616900676;-23.605369567871094;0.02710239216685295;49.98796081542969;1.9135537147521973;16.809545516967773;10
2026-05-19T13:19:38.091Z;Leuchtstoffroehre;leuchtstoffroehre_001;200;235.7106170654297;0.10143577307462692;0.5822985172271729;23.909488677978516;23.90948866392921;-23.614843368530273;0.02435428649187088;49.98796081542969;1.848706841468811;16.271181106567383;60
2026-05-19T13:19:38.534Z;Leuchtstoffroehre;leuchtstoffroehre_001;200;235.74317932128906;0.10135366022586823;0.655609130859375;23.893434524536133;23.893434097495856;-23.617847442626953;0.027438882738351822;49.98796081542969;1.8150618076324463;16.580482482910156;27
2026-05-19T13:19:38.728Z;Leuchtstoffroehre;leuchtstoffroehre_001;200;235.637451171875;0.10122314840555191;0.6540369391441345;23.851964950561523;23.851964689876695;-23.567081451416016;0.02742067351937294;49.98796081542969;1.9181946516036987;17.115262985229492;32
2026-05-19T13:19:38.767Z;Leuchtstoffroehre;leuchtstoffroehre_001;200;235.62815856933594;0.10157226026058197;0.6306556463241577;23.933284759521484;23.933284646926268;-23.58213233947754;0.026350567117333412;49.98796081542969;1.9181946516036987;17.115262985229492;10
2026-05-19T13:19:38.782Z;Leuchtstoffroehre;leuchtstoffroehre_001;200;235.62815856933594;0.10157226026058197;0.6306556463241577;23.933284759521484;23.933284646926268;-23.58213233947754;0.026350567117333412;49.98796081542969;1.9181946516036987;17.115262985229492;17
2026-05-19T13:19:38.980Z;Leuchtstoffroehre;leuchtstoffroehre_001;200;235.6787567138672;0.10132337361574173;0.5364870429039001;23.8797664642334;23.879766719812665;-23.612380981445312;0.022466177120804787;49.98796081542969;1.8111789226531982;16.107847213745117;6
2026-05-19T13:19:39.176Z;Leuchtstoffroehre;leuchtstoffroehre_001;200;235.67977905273438;0.10141618549823761;0.5962876677513123;23.901744842529297;23.901744190595764;-23.61298942565918;0.024947453290224075;49.98796081542969;1.8358739614486694;16.72234344482422;9
2026-05-19T13:19:39.378Z;Leuchtstoffroehre;leuchtstoffroehre_001;200;235.75010681152344;0.10129939764738083;0.5798485279083252;23.881343841552734;23.881343815313016;-23.604215621948242;0.024280397221446037;49.98796081542969;1.8074562549591064;16.39697265625;5
2026-05-19T13:19:39.578Z;Leuchtstoffroehre;leuchtstoffroehre_001;200;235.75860595703125;0.10138798505067825;0.5204548835754395;23.90308952331543;23.90309001634023;-23.60899543762207;0.02177353948354721;49.98796081542969;1.7875707149505615;16.854589462280273;4
2026-05-19T13:19:39.781Z;Leuchtstoffroehre;leuchtstoffroehre_001;200;235.72921752929688;0.10139442980289459;0.5701088309288025;23.901630401611328;23.90162959926556;-23.62126922607422;0.02385229803621769;49.98796081542969;1.8120689392089844;16.47715950012207;16
2026-05-19T13:19:39.980Z;Leuchtstoffroehre;leuchtstoffroehre_001;200;235.7313232421875;0.10148009657859802;0.5547070503234863;23.92203712463379;23.922037449217896;-23.625690460205078;0.023188119754195213;49.98796081542969;1.8722693920135498;16.998031616210938;4
2026-05-19T13:19:40.183Z;Leuchtstoffroehre;leuchtstoffroehre_001;200;235.84954833984375;0.10138517618179321;0.7159039974212646;23.91164779663086;23.911648010831414;-23.623477935791016;0.029939550906419754;49.98796081542969;1.8603132963180542;16.586584091186523;9
2026-05-19T13:19:40.382Z;Leuchtstoffroehre;leuchtstoffroehre_001;200;235.82223510742188;0.1014193445444107;0.5385181307792664;23.91693687438965;23.916936513592645;-23.626205444335938;0.02251618355512619;49.98796081542969;1.8459250926971436;16.8392391204834;6
2026-05-19T13:19:40.583Z;Leuchtstoffroehre;leuchtstoffroehre_001;200;235.8274383544922;0.1013287827372551;0.5226923823356628;23.896106719970703;23.89610726450576;-23.608896255493164;0.021873537451028824;49.98796081542969;1.8284393548965454;16.719200134277344;6
2026-05-19T13:19:40.785Z;Leuchtstoffroehre;leuchtstoffroehre_001;200;235.8068084716797;0.10138209164142609;0.5448883175849915;23.906587600708008;23.90658746614804;-23.625633239746094;0.02279239147901535;49.98796081542969;1.8316380977630615;16.50835609436035;7
2026-05-19T13:19:41.062Z;Leuchtstoffroehre;leuchtstoffroehre_001;200;235.6663055419922;0.10132521390914917;0.5801405906677246;23.878938674926758;23.878938820221265;-23.592395782470703;0.024295074865221977;49.98796081542969;1.832763910293579;16.83640480041504;19
2026-05-19T13:19:41.194Z;Leuchtstoffroehre;leuchtstoffroehre_001;200;235.69400024414062;0.101334348320961;0.6407676339149475;23.88389778137207;23.883897917900413;-23.590633392333984;0.02682843618094921;49.98796081542969;1.832763910293579;16.83640480041504;12
2026-05-19T13:19:41.389Z;Leuchtstoffroehre;leuchtstoffroehre_001;200;235.73574829101562;0.10149755328893661;0.5737932324409485;23.92660140991211;23.926601674274707;-23.62220001220703;0.02398139238357544;49.98796081542969;1.8905047178268433;17.176937103271484;5
2026-05-19T13:19:41.596Z;Leuchtstoffroehre;leuchtstoffroehre_001;200;235.72767639160156;0.10141710191965103;0.5615260601043701;23.906818389892578;23.906817781889572;-23.6154727935791;0.023488113656640053;49.98796081542969;1.873729944229126;16.820537567138672;4
2026-05-19T13:19:41.824Z;Leuchtstoffroehre;leuchtstoffroehre_001;200;235.83909606933594;0.1013302430510521;0.6423293948173523;23.897632598876953;23.897632925646235;-23.61083221435547;0.026878369972109795;49.98796081542969;1.8177403211593628;16.548192977905273;7
2026-05-19T13:19:42.009Z;Leuchtstoffroehre;leuchtstoffroehre_001;200;235.86138916015625;0.10131363570690155;0.659302294254303;23.89597511291504;23.89597485869581;-23.619945526123047;0.027590516954660416;49.98796081542969;1.8172640800476074;16.281139373779297;6
2026-05-19T13:19:42.249Z;Leuchtstoffroehre;leuchtstoffroehre_001;200;235.82791137695312;0.10139893740415573;0.5171537399291992;23.91269874572754;23.912699623864455;-23.625139236450195;0.02162674069404602;49.98796081542969;1.789477825164795;16.293794631958008;71
2026-05-19T13:19:42.392Z;Leuchtstoffroehre;leuchtstoffroehre_001;200;235.79605102539062;0.10136231780052185;0.5863712430000305;23.900835037231445;23.90083426014371;-23.62352180480957;0.024533504620194435;49.98796081542969;1.789477825164795;16.293794631958008;16
2026-05-19T13:19:42.597Z;Leuchtstoffroehre;leuchtstoffroehre_001;200;235.71688842773438;0.10147382318973541;0.4772621989250183;23.91909408569336;23.919093859150507;-23.618011474609375;0.01995318941771984;49.98796081542969;1.8590338230133057;17.08428192138672;23
2026-05-19T13:19:42.801Z;Leuchtstoffroehre;leuchtstoffroehre_001;200;235.65509033203125;0.10148735344409943;0.5423504114151001;23.916011810302734;23.916011443428033;-23.576353073120117;0.022677293047308922;49.98796081542969;1.844295620918274;17.09397315979004;31
2026-05-19T13:19:43.006Z;Leuchtstoffroehre;leuchtstoffroehre_001;200;235.7320556640625;0.10144764184951782;0.5797410011291504;23.914461135864258;23.91446115545841;-23.617557525634766;0.024242278188467026;49.98796081542969;1.8177800178527832;16.87857437133789;39
2026-05-19T13:19:43.199Z;Leuchtstoffroehre;leuchtstoffroehre_001;200;235.73240661621094;0.1013534739613533;0.7146599292755127;23.892297744750977;23.892298335823284;-23.615253448486328;0.02991172857582569;49.98796081542969;1.811225175857544;16.254838943481445;4
2026-05-19T13:19:43.416Z;Leuchtstoffroehre;leuchtstoffroehre_001;200;235.76255798339844;0.1012621521949768;0.4662237763404846;23.873823165893555;23.873824028391937;-23.598661422729492;0.01952866092324257;49.98796081542969;1.8397135734558105;16.44650650024414;6
2026-05-19T13:19:43.604Z;Leuchtstoffroehre;leuchtstoffroehre_001;200;235.70669555664062;0.10130802541971207;0.5915419459342957;23.87898063659668;23.87897990504848;-23.5906925201416;0.02477249503135681;49.98796081542969;1.858001708984375;16.706501007080078;5
2026-05-19T13:19:43.800Z;Leuchtstoffroehre;leuchtstoffroehre_001;200;235.72508239746094;0.10136989504098892;0.5743752717971802;23.895427703857422;23.89542686115908;-23.60915756225586;0.024037037044763565;49.99119186401367;1.8335647583007812;16.658761978149414;8
2026-05-19T13:19:44.003Z;Leuchtstoffroehre;leuchtstoffroehre_001;200;235.69805908203125;0.10123102366924286;0.5776691436767578;23.859956741333008;23.859955797727707;-23.582426071166992;0.024210821837186813;49.99119186401367;1.7922120094299316;16.348003387451172;5
2026-05-19T13:19:44.230Z;Leuchtstoffroehre;leuchtstoffroehre_001;200;235.67111206054688;0.1013813242316246;0.48641830682754517;23.892648696899414;23.892649423837838;-23.60222053527832;0.02035849168896675;49.99119186401367;1.8183821439743042;16.72342872619629;26
2026-05-19T13:19:44.403Z;Leuchtstoffroehre;leuchtstoffroehre_001;200;235.6768341064453;0.10127133876085281;0.7776047587394714;23.867307662963867;23.867308504879134;-23.592159271240234;0.03258033096790314;49.99119186401367;1.81498122215271;16.13701820373535;5
2026-05-19T13:19:44.604Z;Leuchtstoffroehre;leuchtstoffroehre_001;200;235.70614624023438;0.10138873010873795;0.6756604909896851;23.897947311401367;23.89794684612184;-23.606887817382812;0.02827274240553379;49.99119186401367;1.9104321002960205;16.781322479248047;7
2026-05-19T13:19:44.810Z;Leuchtstoffroehre;leuchtstoffroehre_001;200;235.8111572265625;0.10135617107152939;0.625320315361023;23.900915145874023;23.900915992430782;-23.61033821105957;0.026163028553128242;49.99119186401367;1.8284800052642822;16.69617462158203;53
2026-05-19T13:19:45.195Z;Leuchtstoffroehre;leuchtstoffroehre_001;200;235.8091278076172;0.1014193668961525;0.6514809131622314;23.915613174438477;23.915612450582444;-23.622297286987305;0.027240820229053497;49.99119186401367;1.888930082321167;16.8120059967041;12
2026-05-19T13:19:45.313Z;Leuchtstoffroehre;leuchtstoffroehre_001;200;235.8091278076172;0.1014193668961525;0.6514809131622314;23.915613174438477;23.915612450582444;-23.622297286987305;0.027240820229053497;49.99119186401367;1.8543336391448975;16.552400588989258;11
2026-05-19T13:19:45.436Z;Leuchtstoffroehre;leuchtstoffroehre_001;200;235.76950073242188;0.10142691433429718;0.6129319071769714;23.913372039794922;23.91337295342737;-23.624948501586914;0.025631345808506012;49.99119186401367;1.8543336391448975;16.552400588989258;52
2026-05-19T13:19:45.624Z;Leuchtstoffroehre;leuchtstoffroehre_001;200;235.74591064453125;0.10141865909099579;0.5972859263420105;23.909034729003906;23.90903414375407;-23.61428451538086;0.024981599301099777;49.99119186401367;1.7895185947418213;16.7486629486084;25
2026-05-19T13:19:45.810Z;Leuchtstoffroehre;leuchtstoffroehre_001;200;235.83297729492188;0.10142135620117188;0.5695077776908875;23.918500900268555;23.91850039421115;-23.63017463684082;0.02381034567952156;49.99119186401367;1.7977492809295654;16.648635864257812;6
2026-05-19T13:19:46.016Z;Leuchtstoffroehre;leuchtstoffroehre_001;200;235.7001495361328;0.10135404765605927;0.5850882530212402;23.889163970947266;23.8891641886255;-23.602209091186523;0.02449178509414196;49.99119186401367;1.8492661714553833;16.66637420654297;13
2026-05-19T13:19:46.338Z;Leuchtstoffroehre;leuchtstoffroehre_001;200;235.7656707763672;0.10132167488336563;0.5451913475990295;23.888172149658203;23.888172643061694;-23.600858688354492;0.022822648286819458;49.99119186401367;1.782021164894104;16.619749069213867;41
2026-05-19T13:19:46.412Z;Leuchtstoffroehre;leuchtstoffroehre_001;200;235.7656707763672;0.10132167488336563;0.5451913475990295;23.888172149658203;23.888172643061694;-23.600858688354492;0.022822648286819458;49.99119186401367;1.782021164894104;16.619749069213867;10
2026-05-19T13:19:46.620Z;Leuchtstoffroehre;leuchtstoffroehre_001;200;235.75576782226562;0.11480028927326202;0.7827301025390625;27.064830780029297;27.064830343836093;-26.70501136779785;0.02892056107521057;49.99119186401367;1.7795674800872803;15.72546100616455;7
2026-05-19T13:19:46.817Z;Leuchtstoffroehre;leuchtstoffroehre_001;200;235.67434692382812;0.11955925077199936;0.8347321152687073;28.177047729492188;28.177048344393143;-27.85731315612793;0.029624542221426964;49.99119186401367;1.8203295469284058;15.850409507751465;13
2026-05-19T13:19:47.015Z;Leuchtstoffroehre;leuchtstoffroehre_001;200;235.7604522705078;0.11919774115085602;0.8460534811019897;28.102113723754883;28.102113363348735;-27.80474281311035;0.030106401070952415;49.99119186401367;1.7971724271774292;15.607610702514648;4
2026-05-19T13:19:47.221Z;Leuchtstoffroehre;leuchtstoffroehre_001;200;235.8280487060547;0.12070177495479584;3.725255250930786;28.46486473083496;28.464864062946845;-26.58709716796875;0.13087205588817596;49.99119186401367;1.7714831829071045;17.60504913330078;6
2026-05-19T13:19:47.427Z;Leuchtstoffroehre;leuchtstoffroehre_001;200;235.76548767089844;0.12319909781217575;15.692239761352539;29.04609489440918;29.046095376302333;-21.824068069458008;0.5402529835700989;49.99119186401367;1.8026154041290283;41.34553527832031;4
2026-05-19T13:19:47.621Z;Leuchtstoffroehre;leuchtstoffroehre_001;200;235.77291870117188;0.3174043297767639;18.201492309570312;74.83534240722656;74.8353452398569;10.947925567626953;0.24322053790092468;49.99119186401367;1.8258895874023438;37.02935791015625;5
2026-05-19T13:19:47.920Z;Leuchtstoffroehre;leuchtstoffroehre_001;200;235.6260528564453;0.47761204838752747;20.913755416870117;112.537841796875;112.53784175823466;109.55079650878906;0.1858375370502472;49.99119186401367;1.7957028150558472;11.84814453125;5
2026-05-19T13:19:48.033Z;Leuchtstoffroehre;leuchtstoffroehre_001;200;235.72291564941406;0.4754166007041931;20.894254684448242;112.06658935546875;112.06658726612568;109.23351287841797;0.18644499778747559;49.99119186401367;1.7804125547409058;11.787823677062988;100
2026-05-19T13:19:48.226Z;Leuchtstoffroehre;leuchtstoffroehre_001;200;235.79063415527344;0.4751332998275757;21.45838165283203;112.031982421875;112.03198207463174;109.09689331054688;0.1915379911661148;49.99119186401367;1.7804125547409058;11.787823677062988;5
2026-05-19T13:19:48.445Z;Leuchtstoffroehre;leuchtstoffroehre_001;200;235.8128662109375;0.4581160545349121;23.40116310119629;108.0296630859375;108.02965987712378;93.9246597290039;0.21661794185638428;49.99119186401367;1.8036553859710693;14.34817886352539;6
2026-05-19T13:19:48.624Z;Leuchtstoffroehre;leuchtstoffroehre_001;200;235.75462341308594;0.4739254117012024;23.14346694946289;111.73011016845703;111.73010696150868;108.28897857666016;0.20713724195957184;49.99119186401367;1.7914460897445679;11.678439140319824;5
2026-05-19T13:19:48.905Z;Leuchtstoffroehre;leuchtstoffroehre_001;200;235.75308227539062;0.47255948185920715;23.477014541625977;111.40735626220703;111.40735440676963;108.06234741210938;0.21073128283023834;49.99119186401367;1.8256416320800781;11.57726001739502;85
2026-05-19T13:19:49.070Z;Leuchtstoffroehre;leuchtstoffroehre_001;200;235.81480407714844;0.4718795120716095;24.167394638061523;111.27617645263672;111.276174687187;107.78411865234375;0.2171839028596878;49.99119186401367;1.8045624494552612;11.475241661071777;45
2026-05-19T13:19:49.350Z;Leuchtstoffroehre;leuchtstoffroehre_001;200;235.77859497070312;0.471057265996933;24.827444076538086;111.06522369384766;111.06522032749763;107.43450164794922;0.2235393226146698;49.99119186401367;1.8015046119689941;12.628400802612305;4
2026-05-19T13:19:49.445Z;Leuchtstoffroehre;leuchtstoffroehre_001;200;235.78822326660156;0.4135226309299469;22.381668090820312;97.50376892089844;97.5037664275028;73.67304992675781;0.2295466959476471;49.99119186401367;1.8015046119689941;12.628400802612305;6
2026-05-19T13:19:49.650Z;Leuchtstoffroehre;leuchtstoffroehre_001;200;235.83839416503906;0.47020024061203003;26.020986557006836;110.89126586914062;110.89126968195615;106.85594940185547;0.23465315997600555;49.99119186401367;1.7742218971252441;11.312714576721191;6
2026-05-19T13:19:49.828Z;Leuchtstoffroehre;leuchtstoffroehre_001;200;235.7785186767578;0.46925562620162964;25.927732467651367;110.64039611816406;110.64039642655462;106.75419616699219;0.23434236645698547;49.99119186401367;1.8065184354782104;11.366488456726074;35
2026-05-19T13:19:50.106Z;Leuchtstoffroehre;leuchtstoffroehre_001;200;235.7705535888672;0.46071770787239075;27.048416137695312;108.62367248535156;108.62366903326756;103.71686553955078;0.24901032447814941;49.99119186401367;1.7827965021133423;11.060497283935547;10
2026-05-19T13:19:50.232Z;Leuchtstoffroehre;leuchtstoffroehre_001;200;235.80282592773438;0.3599320948123932;39.98277282714844;84.87300872802734;84.87300509885154;74.18589782714844;0.47108936309814453;49.99119186401367;1.7827965021133423;11.060497283935547;9
2026-05-19T13:19:50.436Z;Leuchtstoffroehre;leuchtstoffroehre_001;200;235.74588012695312;0.36067309975624084;39.905609130859375;85.0271987915039;85.02719734015136;74.46218872070312;0.46932756900787354;49.99119186401367;1.774034857749939;10.846535682678223;6
2026-05-19T13:19:50.639Z;Leuchtstoffroehre;leuchtstoffroehre_001;200;235.70726013183594;0.3616798222064972;39.93464660644531;85.25055694580078;85.250559937263;74.70790100097656;0.4684385359287262;49.99119186401367;1.7690082788467407;10.760537147521973;6
2026-05-19T13:19:50.834Z;Leuchtstoffroehre;leuchtstoffroehre_001;200;235.73716735839844;0.3629177212715149;39.90137481689453;85.55319213867188;85.5531955967117;75.06098175048828;0.4663925766944885;49.99119186401367;1.8019423484802246;10.65792179107666;8
2026-05-19T13:19:51.036Z;Leuchtstoffroehre;leuchtstoffroehre_001;200;235.73550415039062;0.36305880546569824;39.59346389770508;85.58585357666016;85.58585054269497;75.27307891845703;0.4626169204711914;49.99119186401367;1.7789855003356934;10.672989845275879;7
2026-05-19T13:19:51.259Z;Leuchtstoffroehre;leuchtstoffroehre_001;200;235.66136169433594;0.3643328547477722;39.67857360839844;85.85917663574219;85.8591766598447;75.55125427246094;0.4621354937553406;49.99119186401367;1.763222575187683;10.53783893585205;11
2026-05-19T13:19:51.438Z;Leuchtstoffroehre;leuchtstoffroehre_001;200;235.61264038085938;0.365217924118042;39.533843994140625;86.04995727539062;86.04995941586822;75.82666015625;0.45942896604537964;49.99119186401367;1.8102947473526;10.59280776977539;9
2026-05-19T13:19:51.643Z;Leuchtstoffroehre;leuchtstoffroehre_001;200;235.63973999023438;0.3656819462776184;39.27959442138672;86.16919708251953;86.16919873998086;76.09808349609375;0.45584264397621155;49.99119186401367;1.7971258163452148;10.584716796875;10
2026-05-19T13:19:51.852Z;Leuchtstoffroehre;leuchtstoffroehre_001;200;235.75062561035156;0.3666297197341919;39.46623611450195;86.43318939208984;86.4331857946836;76.31591796875;0.45660972595214844;49.99119186401367;1.778014898300171;10.437690734863281;6
2026-05-19T13:19:52.042Z;Leuchtstoffroehre;leuchtstoffroehre_001;200;235.72779846191406;0.3670901358127594;39.30951690673828;86.5333480834961;86.53334955222681;76.49539947509766;0.4542701542377472;49.99119186401367;1.7885379791259766;10.525416374206543;7
2026-05-19T13:19:52.243Z;Leuchtstoffroehre;leuchtstoffroehre_001;200;235.6664276123047;0.36713093519210815;39.268836975097656;86.52043914794922;86.52043596268868;76.49085235595703;0.45386776328086853;49.99119186401367;1.8500235080718994;10.565085411071777;8
2026-05-19T13:19:52.444Z;Leuchtstoffroehre;leuchtstoffroehre_001;200;235.6569061279297;0.36785224080085754;39.33210372924805;86.68692016601562;86.68692097935627;76.65272521972656;0.4537259340286255;49.99119186401367;1.8122978210449219;10.525114059448242;6
2026-05-19T13:19:52.645Z;Leuchtstoffroehre;leuchtstoffroehre_001;200;235.64723205566406;0.36832186579704285;39.19918441772461;86.79402923583984;86.79402818065091;76.83497619628906;0.45163458585739136;49.99119186401367;1.8483351469039917;10.541942596435547;10
2026-05-19T13:19:52.898Z;Leuchtstoffroehre;leuchtstoffroehre_001;200;235.74050903320312;0.36903056502342224;39.24077224731445;86.99545288085938;86.99545324743212;77.05712127685547;0.4510669410228729;49.99119186401367;1.7780476808547974;10.351176261901855;19
2026-05-19T13:19:53.088Z;Leuchtstoffroehre;leuchtstoffroehre_001;200;235.6266326904297;0.369098037481308;39.12877655029297;86.96932983398438;86.9693277043666;77.08699798583984;0.4499146640300751;49.99119186401367;1.8176730871200562;10.389740943908691;7
2026-05-19T13:19:53.253Z;Leuchtstoffroehre;leuchtstoffroehre_001;200;235.6266326904297;0.369098037481308;39.12877655029297;86.96932983398438;86.9693277043666;77.08699798583984;0.4499146640300751;49.99119186401367;1.8176730871200562;10.389740943908691;6
2026-05-19T13:19:53.451Z;Leuchtstoffroehre;leuchtstoffroehre_001;200;235.6933135986328;0.3699037432670593;39.11793899536133;87.183837890625;87.18383896315117;77.3166275024414;0.44868338108062744;49.99119186401367;1.8748283386230469;10.457313537597656;19
2026-05-19T13:19:53.655Z;Leuchtstoffroehre;leuchtstoffroehre_001;200;235.8704376220703;0.37011757493019104;39.004364013671875;87.29979705810547;87.29979437040356;77.512451171875;0.44678643345832825;49.99119186401367;1.789526104927063;10.431161880493164;28
2026-05-19T13:19:53.850Z;Leuchtstoffroehre;leuchtstoffroehre_001;200;235.7620086669922;0.36989760398864746;39.0015983581543;87.20780181884766;87.20780211747115;77.41002655029297;0.44722601771354675;49.9880485534668;1.8277859687805176;10.422322273254395;6
2026-05-19T13:19:54.109Z;Leuchtstoffroehre;leuchtstoffroehre_001;200;235.82273864746094;0.3703846335411072;39.02785110473633;87.3451156616211;87.34511863460011;77.56208038330078;0.44682350754737854;49.9880485534668;1.789316177368164;10.208868026733398;29
2026-05-19T13:19:54.255Z;Leuchtstoffroehre;leuchtstoffroehre_001;200;235.84083557128906;0.3709157705307007;39.21348190307617;87.47708892822266;87.47708524852897;77.6319351196289;0.4482714533805847;49.9880485534668;1.789316177368164;10.208868026733398;7
2026-05-19T13:19:54.471Z;Leuchtstoffroehre;leuchtstoffroehre_001;200;235.85516357421875;0.3709265887737274;39.23007583618164;87.48495483398438;87.48495126925445;77.62017822265625;0.44842082262039185;49.9880485534668;1.803957462310791;10.307952880859375;65
2026-05-19T13:19:54.658Z;Leuchtstoffroehre;leuchtstoffroehre_001;200;235.76524353027344;0.3707433342933655;39.03510284423828;87.40839385986328;87.40839249690089;77.6251220703125;0.44658300280570984;49.9880485534668;1.8050881624221802;10.373740196228027;15
2026-05-19T13:19:54.860Z;Leuchtstoffroehre;leuchtstoffroehre_001;200;235.74171447753906;0.37074753642082214;38.851280212402344;87.4006576538086;87.40065987416847;77.69474029541016;0.4445193111896515;49.9880485534668;1.8239989280700684;10.401649475097656;9
2026-05-19T13:19:55.060Z;Leuchtstoffroehre;leuchtstoffroehre_001;200;235.82359313964844;0.37142249941825867;39.08409118652344;87.5901870727539;87.59018838572274;77.80471801757812;0.44621542096138;49.9880485534668;1.82038152217865;10.383040428161621;6
2026-05-19T13:19:55.317Z;Leuchtstoffroehre;leuchtstoffroehre_001;200;235.77114868164062;0.3710692226886749;38.85737991333008;87.48741912841797;87.48741687371239;77.81465911865234;0.4441482126712799;49.9880485534668;1.7686066627502441;10.312381744384766;8
2026-05-19T13:19:55.460Z;Leuchtstoffroehre;leuchtstoffroehre_001;200;235.77114868164062;0.3710692226886749;38.85737991333008;87.48741912841797;87.48741687371239;77.81465911865234;0.4441482126712799;49.9880485534668;1.7686066627502441;10.312381744384766;16
2026-05-19T13:19:55.755Z;Leuchtstoffroehre;leuchtstoffroehre_001;200;235.62380981445312;0.37056005001068115;38.72802734375;87.3127670288086;87.31277074855097;77.68131256103516;0.44355514645576477;49.9880485534668;1.7918096780776978;10.295798301696777;203
2026-05-19T13:19:56.039Z;Leuchtstoffroehre;leuchtstoffroehre_001;200;235.71177673339844;0.37152382731437683;38.95158767700195;87.57254028320312;87.57254143506407;77.86299133300781;0.444792240858078;49.9880485534668;1.795697569847107;10.266685485839844;8
2026-05-19T13:19:56.071Z;Leuchtstoffroehre;leuchtstoffroehre_001;200;235.71177673339844;0.37152382731437683;38.95158767700195;87.57254028320312;87.57254143506407;77.86299133300781;0.444792240858078;49.9880485534668;1.795697569847107;10.266685485839844;43
2026-05-19T13:19:56.296Z;Leuchtstoffroehre;leuchtstoffroehre_001;200;235.67088317871094;0.3712904453277588;38.982303619384766;87.50234985351562;87.5023471662098;77.76085662841797;0.44550007581710815;49.9880485534668;1.8232479095458984;10.307523727416992;10
2026-05-19T13:19:56.473Z;Leuchtstoffroehre;leuchtstoffroehre_001;200;235.67088317871094;0.3712904453277588;38.982303619384766;87.50234985351562;87.5023471662098;77.76085662841797;0.44550007581710815;49.9880485534668;1.7802722454071045;10.342498779296875;281
2026-05-19T13:19:56.938Z;Leuchtstoffroehre;leuchtstoffroehre_001;200;235.57803344726562;0.37082862854003906;38.89337921142578;87.35907745361328;87.35907905740896;77.64081573486328;0.44521281123161316;49.9880485534668;1.8306512832641602;10.320225715637207;76
2026-05-19T13:19:57.064Z;Leuchtstoffroehre;leuchtstoffroehre_001;200;235.5950927734375;0.3711754083633423;38.92949676513672;87.44710540771484;87.44710476858018;77.72355651855469;0.4451776444911957;49.9880485534668;1.8306512832641602;10.320225715637207;22
2026-05-19T13:19:57.122Z;Leuchtstoffroehre;leuchtstoffroehre_001;200;235.62486267089844;0.3715040981769562;38.99310302734375;87.53559875488281;87.53560211462127;77.77848815917969;0.4454542398452759;49.9880485534668;1.8847174644470215;10.372211456298828;15
2026-05-19T13:19:57.273Z;Leuchtstoffroehre;leuchtstoffroehre_001;200;235.62486267089844;0.3715040981769562;38.99310302734375;87.53559875488281;87.53560211462127;77.77848815917969;0.4454542398452759;49.9880485534668;1.8424772024154663;10.396815299987793;12
2026-05-19T13:19:57.470Z;Leuchtstoffroehre;leuchtstoffroehre_001;200;235.7304229736328;0.37098222970962524;38.812198638916016;87.45179748535156;87.45179792515137;77.77616882324219;0.44381245970726013;49.9880485534668;1.8424772024154663;10.396815299987793;6
2026-05-19T13:19:57.671Z;Leuchtstoffroehre;leuchtstoffroehre_001;200;235.7467498779297;0.370771199464798;38.76726150512695;87.4081039428711;87.4081052221677;77.76156616210938;0.4435202181339264;49.9880485534668;1.8130223751068115;10.334750175476074;6
2026-05-19T13:19:57.872Z;Leuchtstoffroehre;leuchtstoffroehre_001;200;235.7343292236328;0.37068039178848267;38.87689208984375;87.38209533691406;87.38209351461137;77.68038177490234;0.4449068307876587;49.9880485534668;1.7935378551483154;10.324529647827148;6
2026-05-19T13:19:58.077Z;Leuchtstoffroehre;leuchtstoffroehre_001;200;235.76646423339844;0.3712901473045349;38.94770431518555;87.53776550292969;87.53776523468787;77.81831359863281;0.44492459297180176;49.9880485534668;1.82548987865448;10.372360229492188;6
2026-05-19T13:19:58.273Z;Leuchtstoffroehre;leuchtstoffroehre_001;200;235.7355194091797;0.370981901884079;38.84978103637695;87.45361328125;87.4536113320487;77.76451110839844;0.4442330002784729;49.9880485534668;1.82548987865448;10.372360229492188;4
2026-05-19T13:19:58.490Z;Leuchtstoffroehre;leuchtstoffroehre_001;200;235.66453552246094;0.3710111379623413;38.8162727355957;87.43416595458984;87.43416750155484;77.74693298339844;0.44394856691360474;49.9880485534668;1.8465508222579956;10.337272644042969;8
2026-05-19T13:19:58.676Z;Leuchtstoffroehre;leuchtstoffroehre_001;200;235.6411590576172;0.3710029423236847;38.82904052734375;87.4235610961914;87.42356334293936;77.74492645263672;0.444148451089859;49.9880485534668;1.9148097038269043;10.317026138305664;5
2026-05-19T13:19:58.878Z;Leuchtstoffroehre;leuchtstoffroehre_001;200;235.5027618408203;0.3710203468799591;38.84386444091797;87.3763198852539;87.37631638936955;77.67198181152344;0.4445582628250122;49.9880485534668;1.9359370470046997;10.531350135803223;6
2026-05-19T13:19:59.079Z;Leuchtstoffroehre;leuchtstoffroehre_001;200;235.45086669921875;0.37064602971076965;38.644325256347656;87.26892852783203;87.2689289340251;77.63526153564453;0.442818820476532;49.9880485534668;1.9062657356262207;10.374127388000488;6
2026-05-19T13:19:59.278Z;Leuchtstoffroehre;leuchtstoffroehre_001;200;235.4952850341797;0.37089022994041443;38.80702590942383;87.34290313720703;87.34290041621034;77.65731811523438;0.4443065822124481;49.9880485534668;1.8977906703948975;10.422327041625977;5
2026-05-19T13:19:59.479Z;Leuchtstoffroehre;leuchtstoffroehre_001;200;235.43704223632812;0.3706131875514984;38.69150924682617;87.25607299804688;87.25607269090233;77.61161804199219;0.4434248208999634;49.9880485534668;1.8683724403381348;10.369497299194336;8
2026-05-19T13:19:59.681Z;Leuchtstoffroehre;leuchtstoffroehre_001;200;235.5715789794922;0.37132328748703003;38.760746002197266;87.47321319580078;87.47321314517558;77.80975341796875;0.44311562180519104;49.9880485534668;1.9513046741485596;10.47179889678955;5
2026-05-19T13:19:59.898Z;Leuchtstoffroehre;leuchtstoffroehre_001;200;235.5867462158203;0.37170273065567017;38.672874450683594;87.5682373046875;87.56823687470478;77.96601104736328;0.4416312873363495;49.9880485534668;1.89974844455719;10.443041801452637;5
2026-05-19T13:20:00.210Z;Leuchtstoffroehre;leuchtstoffroehre_001;200;235.5239715576172;0.3712460994720459;38.715538024902344;87.4373550415039;87.43735577293046;77.8099365234375;0.4427802860736847;49.9880485534668;1.8562572002410889;10.393501281738281;43
2026-05-19T13:20:00.358Z;Leuchtstoffroehre;leuchtstoffroehre_001;200;235.63104248046875;0.37137123942375183;38.732154846191406;87.506591796875;87.5065922926824;77.88094329833984;0.44261986017227173;49.9880485534668;1.8541643619537354;10.391822814941406;45
2026-05-19T13:20:00.518Z;Leuchtstoffroehre;leuchtstoffroehre_001;200;235.59303283691406;0.3718969523906708;38.78424072265625;87.6163330078125;87.61633091652357;77.93975067138672;0.4426599442958832;49.9880485534668;1.9553037881851196;10.636545181274414;44
2026-05-19T13:20:00.685Z;Leuchtstoffroehre;leuchtstoffroehre_001;200;235.5987548828125;0.3716161847114563;38.79576873779297;87.55230712890625;87.55231041232037;77.89382934570312;0.44311532378196716;49.9880485534668;1.877194881439209;10.397496223449707;8
2026-05-19T13:20:00.927Z;Leuchtstoffroehre;leuchtstoffroehre_001;200;235.65679931640625;0.3722901940345764;38.88603210449219;87.73271179199219;87.73271554307212;78.05815887451172;0.4432329833507538;49.9880485534668;1.859852910041809;10.337958335876465;64
2026-05-19T13:20:01.128Z;Leuchtstoffroehre;leuchtstoffroehre_001;200;235.60862731933594;0.37187692523002625;38.78055953979492;87.6174087524414;87.61741188518181;77.97915649414062;0.44261249899864197;49.9880485534668;1.8323458433151245;10.374272346496582;21
2026-05-19T13:20:01.288Z;Leuchtstoffroehre;leuchtstoffroehre_001;200;235.65396118164062;0.3716581463813782;38.777915954589844;87.58271789550781;87.5827144001978;77.93904876708984;0.44275763630867004;49.9880485534668;1.8329238891601562;10.403470039367676;6
2026-05-19T13:20:01.500Z;Leuchtstoffroehre;leuchtstoffroehre_001;200;235.5561065673828;0.37108877301216125;38.75421905517578;87.41222381591797;87.41222656161199;77.76262664794922;0.4433501064777374;49.9880485534668;1.842376947402954;10.361013412475586;5
2026-05-19T13:20:01.696Z;Leuchtstoffroehre;leuchtstoffroehre_001;200;235.60806274414062;0.3717510402202606;38.74677276611328;87.58753967285156;87.58754240941471;77.95726776123047;0.4423776865005493;49.9880485534668;1.8387807607650757;10.430855751037598;6
2026-05-19T13:20:01.894Z;Leuchtstoffroehre;leuchtstoffroehre_001;200;235.6251983642578;0.3719930946826935;38.791934967041016;87.65094757080078;87.65094672474379;78.01038360595703;0.4425729215145111;49.9880485534668;1.8127137422561646;10.39228630065918;6
2026-05-19T13:20:02.095Z;Leuchtstoffroehre;leuchtstoffroehre_001;200;235.6312713623047;0.3721631169319153;38.929710388183594;87.69326782226562;87.69326839682526;77.98680114746094;0.443930447101593;49.9880485534668;1.870059609413147;10.371866226196289;6
2026-05-19T13:20:02.294Z;Leuchtstoffroehre;leuchtstoffroehre_001;200;235.62411499023438;0.3720591366291046;38.78384017944336;87.66610717773438;87.66610479226347;78.02791595458984;0.44240403175354004;49.9880485534668;1.8337938785552979;10.392720222473145;7
2026-05-19T13:20:02.495Z;Leuchtstoffroehre;leuchtstoffroehre_001;200;235.56748962402344;0.3715718686580658;38.801883697509766;87.5302505493164;87.53025231468791;77.87903594970703;0.4432968497276306;49.9880485534668;1.7876273393630981;10.343043327331543;6
2026-05-19T13:20:02.704Z;Leuchtstoffroehre;leuchtstoffroehre_001;200;235.47300720214844;0.3715938925743103;38.81876754760742;87.50032806396484;87.50033134242494;77.84032440185547;0.44364139437675476;49.9880485534668;1.8128341436386108;10.261266708374023;16
2026-05-19T13:20:02.902Z;Leuchtstoffroehre;leuchtstoffroehre_001;200;235.6431427001953;0.3715740144252777;38.809974670410156;87.55886840820312;87.55886850490015;77.91394805908203;0.4432443678379059;49.9880485534668;1.806032419204712;10.266180992126465;8
2026-05-19T13:20:03.103Z;Leuchtstoffroehre;leuchtstoffroehre_001;200;235.7329864501953;0.3722712993621826;38.82872772216797;87.75662231445312;87.756625168342;78.11858367919922;0.44245922565460205;49.9880485534668;1.7911616563796997;10.322980880737305;7
2026-05-19T13:20:03.299Z;Leuchtstoffroehre;leuchtstoffroehre_001;200;235.5682373046875;0.37168875336647034;38.696678161621094;87.55806732177734;87.55806445651615;77.9540786743164;0.44195446372032166;49.9880485534668;1.8297269344329834;10.377836227416992;11
2026-05-19T13:20:03.502Z;Leuchtstoffroehre;leuchtstoffroehre_001;200;235.4411163330078;0.3710007965564728;38.67657470703125;87.34883880615234;87.34884170169107;77.7171630859375;0.4427829384803772;49.9880485534668;1.9036399126052856;10.436842918395996;17
2026-05-19T13:20:03.703Z;Leuchtstoffroehre;leuchtstoffroehre_001;200;235.5792236328125;0.3715150058269501;38.687904357910156;87.5212173461914;87.52121664065271;77.91471862792969;0.4420402944087982;50.004634857177734;1.819947600364685;10.401069641113281;6
2026-05-19T13:20:03.914Z;Leuchtstoffroehre;leuchtstoffroehre_001;200;235.66152954101562;0.3721863031387329;38.924686431884766;87.70999145507812;87.7099934718899;78.02323913574219;0.4437884986400604;50.004634857177734;1.8183337450027466;10.280101776123047;121
2026-05-19T13:20:04.105Z;Leuchtstoffroehre;leuchtstoffroehre_001;200;235.69818115234375;0.3721267282962799;39.017250061035156;87.7095947265625;87.70959301760558;77.98035430908203;0.44484585523605347;50.004634857177734;1.7840338945388794;10.272794723510742;9
2026-05-19T13:20:04.303Z;Leuchtstoffroehre;leuchtstoffroehre_001;200;235.65008544921875;0.3717009425163269;38.79422378540039;87.59136199951172;87.59135886552758;77.95381164550781;0.4429001212120056;50.004634857177734;1.8046025037765503;10.30229663848877;5
2026-05-19T13:20:04.512Z;Leuchtstoffroehre;leuchtstoffroehre_001;200;235.67401123046875;0.37195658683776855;38.82084274291992;87.6604995727539;87.66050082365109;78.00247955322266;0.44285446405410767;50.004634857177734;1.839353084564209;10.408526420593262;6
2026-05-19T13:20:04.707Z;Leuchtstoffroehre;leuchtstoffroehre_001;200;235.5072479248047;0.37147361040115356;38.78883743286133;87.48472595214844;87.48472766226678;77.83070373535156;0.44337838888168335;50.004634857177734;1.8327369689941406;10.335912704467773;4
2026-05-19T13:20:04.907Z;Leuchtstoffroehre;leuchtstoffroehre_001;200;235.57125854492188;0.3709562420845032;38.71331787109375;87.38662719726562;87.38662881294113;77.75741577148438;0.44301190972328186;50.004634857177734;1.7869065999984741;10.395254135131836;4
2026-05-19T13:20:05.111Z;Leuchtstoffroehre;leuchtstoffroehre_001;200;235.59959411621094;0.37163326144218445;38.8219108581543;87.55664825439453;87.55664555586236;77.89232635498047;0.44339191913604736;50.004634857177734;1.826793909072876;10.379940032958984;5
2026-05-19T13:20:05.361Z;Leuchtstoffroehre;leuchtstoffroehre_001;200;235.71539306640625;0.3714914917945862;38.831119537353516;87.5662612915039;87.56626300918651;77.90389251708984;0.44344842433929443;50.004634857177734;1.7978312969207764;10.349326133728027;7
2026-05-19T13:20:05.513Z;Leuchtstoffroehre;leuchtstoffroehre_001;200;235.7139892578125;0.37147605419158936;38.80431365966797;87.56210327148438;87.56210264725087;77.91232299804688;0.44316333532333374;50.004634857177734;1.7852189540863037;10.341997146606445;6
2026-05-19T13:20:05.714Z;Leuchtstoffroehre;leuchtstoffroehre_001;200;235.67555236816406;0.37159213423728943;38.763404846191406;87.57518005371094;87.57518149203815;77.94792175292969;0.44263002276420593;50.004634857177734;1.7926057577133179;10.33711051940918;5
2026-05-19T13:20:05.914Z;Leuchtstoffroehre;leuchtstoffroehre_001;200;235.67205810546875;0.37195059657096863;38.926761627197266;87.65836334228516;87.65836260743708;77.9406967163086;0.44407355785369873;50.004634857177734;1.866927981376648;10.44420051574707;6
2026-05-19T13:20:06.114Z;Leuchtstoffroehre;leuchtstoffroehre_001;200;235.8026123046875;0.3715445399284363;38.80949783325195;87.61117553710938;87.61117310266854;77.96057891845703;0.4429742991924286;50.004634857177734;1.7794361114501953;10.399673461914062;4
2026-05-19T13:20:06.316Z;Leuchtstoffroehre;leuchtstoffroehre_001;200;235.72518920898438;0.3715033531188965;38.80292510986328;87.57270050048828;87.57269820572401;77.91351318359375;0.44309383630752563;50.004634857177734;1.7822144031524658;10.432186126708984;6
2026-05-19T13:20:06.518Z;Leuchtstoffroehre;leuchtstoffroehre_001;200;235.67803955078125;0.3717188537120819;39.01212692260742;87.60597229003906;87.60597070692711;77.86663055419922;0.44531354308128357;50.004634857177734;1.7784886360168457;10.265457153320312;9
2026-05-19T13:20:06.718Z;Leuchtstoffroehre;leuchtstoffroehre_001;200;235.63829040527344;0.3712940812110901;38.92249298095703;87.49110412597656;87.49110253417803;77.77900695800781;0.44487372040748596;50.004634857177734;1.788155198097229;10.305230140686035;4
2026-05-19T13:20:06.920Z;Leuchtstoffroehre;leuchtstoffroehre_001;200;235.6139373779297;0.3712485432624817;38.859344482421875;87.47132873535156;87.47133102389398;77.76477813720703;0.4442523717880249;50.004634857177734;1.8257938623428345;10.43972110748291;6
2026-05-19T13:20:07.121Z;Leuchtstoffroehre;leuchtstoffroehre_001;200;235.606689453125;0.3710898160934448;38.722164154052734;87.43124389648438;87.43124305954552;77.78055572509766;0.4428870379924774;50.004634857177734;1.8657221794128418;10.504664421081543;7
2026-05-19T13:20:07.321Z;Leuchtstoffroehre;leuchtstoffroehre_001;200;235.6717071533203;0.37160056829452515;38.87032699584961;87.57573699951172;87.57574030911474;77.88115692138672;0.4438481330871582;50.004634857177734;1.840391755104065;10.403816223144531;5
2026-05-19T13:20:07.524Z;Leuchtstoffroehre;leuchtstoffroehre_001;200;235.54283142089844;0.3712029755115509;38.83943557739258;87.43419647216797;87.43419988385313;77.7425537109375;0.444213330745697;50.004634857177734;1.8572665452957153;10.38050651550293;6
2026-05-19T13:20:07.730Z;Leuchtstoffroehre;leuchtstoffroehre_001;200;235.51495361328125;0.37072932720184326;38.792659759521484;87.31230163574219;87.31230029902508;77.6344985961914;0.44429776072502136;50.004634857177734;1.8305732011795044;10.37636661529541;5
2026-05-19T13:20:07.923Z;Leuchtstoffroehre;leuchtstoffroehre_001;200;235.6110076904297;0.3710366189479828;38.93830871582031;87.4203109741211;87.4203116803842;77.6788330078125;0.4454149007797241;50.004634857177734;1.831451654434204;10.395099639892578;6
2026-05-19T13:20:08.124Z;Leuchtstoffroehre;leuchtstoffroehre_001;200;235.72276306152344;0.37154775857925415;38.95396041870117;87.58226776123047;87.58226426161764;77.87388610839844;0.444769948720932;50.004634857177734;1.7517600059509277;10.281230926513672;7
2026-05-19T13:20:08.325Z;Leuchtstoffroehre;leuchtstoffroehre_001;200;235.81256103515625;0.3718006908893585;38.97106170654297;87.6752700805664;87.67527311326012;77.95564270019531;0.44449320435523987;50.004634857177734;1.7813047170639038;10.35403060913086;4
2026-05-19T13:20:08.535Z;Leuchtstoffroehre;leuchtstoffroehre_001;200;235.8614959716797;0.3715171217918396;39.09759521484375;87.6265869140625;87.62658412491601;77.84790802001953;0.4461841583251953;50.004634857177734;1.7735177278518677;10.290304183959961;23
2026-05-19T13:20:08.727Z;Leuchtstoffroehre;leuchtstoffroehre_001;200;235.88706970214844;0.3724483549594879;39.19136428833008;87.85575103759766;87.85575106677925;78.05780029296875;0.44608762860298157;50.004634857177734;1.7873085737228394;10.272464752197266;14
2026-05-19T13:20:08.928Z;Leuchtstoffroehre;leuchtstoffroehre_001;200;235.892333984375;0.3715132474899292;38.8853759765625;87.63713073730469;87.63712705651415;77.9564437866211;0.4437089264392853;50.004634857177734;1.7723414897918701;10.359116554260254;5
2026-05-19T13:20:09.131Z;Leuchtstoffroehre;leuchtstoffroehre_001;200;235.8555145263672;0.3716874420642853;38.95826721191406;87.66453552246094;87.6645328910613;77.94725036621094;0.44440168142318726;50.004634857177734;1.770873785018921;10.380003929138184;4
2026-05-19T13:20:09.330Z;Leuchtstoffroehre;leuchtstoffroehre_001;200;235.9041290283203;0.3721403181552887;39.08934020996094;87.78943634033203;87.7894376307454;78.02393341064453;0.44526246190071106;50.004634857177734;1.765262484550476;10.332182884216309;4
2026-05-19T13:20:09.533Z;Leuchtstoffroehre;leuchtstoffroehre_001;200;235.82418823242188;0.3713374733924866;39.03203582763672;87.57035827636719;87.5703582230617;77.80949401855469;0.4457220137119293;50.004634857177734;1.7502224445343018;10.357871055603027;5
2026-05-19T13:20:09.733Z;Leuchtstoffroehre;leuchtstoffroehre_001;200;235.75196838378906;0.3710411489009857;39.03928756713867;87.47367858886719;87.47368120478995;77.69744110107422;0.4462975263595581;50.004634857177734;1.7761958837509155;10.340887069702148;6
2026-05-19T13:20:09.948Z;Leuchtstoffroehre;leuchtstoffroehre_001;200;235.68991088867188;0.3708629906177521;38.99425506591797;87.4086685180664;87.40866521060434;77.65675354003906;0.44611427187919617;50.004634857177734;1.7503507137298584;10.304586410522461;14
2026-05-19T13:20:10.146Z;Leuchtstoffroehre;leuchtstoffroehre_001;200;235.7742919921875;0.3711361885070801;38.913299560546875;87.5043716430664;87.50437207793584;77.79414367675781;0.4447011947631836;50.004634857177734;1.762804627418518;10.356400489807129;5
2026-05-19T13:20:10.375Z;Leuchtstoffroehre;leuchtstoffroehre_001;200;235.91477966308594;0.37171342968940735;39.12757873535156;87.69269561767578;87.69269186298652;77.91045379638672;0.4461897015571594;50.004634857177734;1.7510420083999634;10.258071899414062;16
2026-05-19T13:20:10.544Z;Leuchtstoffroehre;leuchtstoffroehre_001;200;235.7455596923828;0.3703715205192566;38.94308853149414;87.31343841552734;87.31344139893099;77.56517028808594;0.4460148215293884;50.004634857177734;1.7362838983535767;10.397462844848633;13
2026-05-19T13:20:10.741Z;Leuchtstoffroehre;leuchtstoffroehre_001;200;235.65615844726562;0.3701951503753662;38.91261291503906;87.23876953125;87.23876701326662;77.48941040039062;0.44604724645614624;50.004634857177734;1.7833333015441895;10.435142517089844;18
2026-05-19T13:20:10.944Z;Leuchtstoffroehre;leuchtstoffroehre_001;200;235.753173828125;0.3701512813568115;38.90522003173828;87.26433563232422;87.26433937641559;77.51485443115234;0.445831835269928;50.004634857177734;1.7773280143737793;10.45339584350586;7
2026-05-19T13:20:11.168Z;Leuchtstoffroehre;leuchtstoffroehre_001;200;235.79820251464844;0.3707747459411621;39.0343017578125;87.42801666259766;87.42801863075147;77.658203125;0.4464735984802246;50.004634857177734;1.7744097709655762;10.435013771057129;138
2026-05-19T13:20:11.428Z;Leuchtstoffroehre;leuchtstoffroehre_001;200;235.81837463378906;0.3701452612876892;38.945186614990234;87.28705596923828;87.28705389526203;77.530517578125;0.44617366790771484;50.004634857177734;1.7964369058609009;10.445569038391113;109
2026-05-19T13:20:11.601Z;Leuchtstoffroehre;leuchtstoffroehre_001;200;235.75880432128906;0.37011057138442993;39.003631591796875;87.25682830810547;87.2568257762623;77.46269226074219;0.4469980299472809;50.004634857177734;1.7964369058609009;10.445569038391113;4
2026-05-19T13:20:11.755Z;Leuchtstoffroehre;leuchtstoffroehre_001;200;235.75802612304688;0.3704966902732849;39.08401107788086;87.34756469726562;87.34756838395151;77.52874755859375;0.44745391607284546;50.004634857177734;1.8160830736160278;10.372483253479004;5
2026-05-19T13:20:11.947Z;Leuchtstoffroehre;leuchtstoffroehre_001;200;235.75523376464844;0.36957672238349915;38.785400390625;87.12964630126953;87.12964657949442;77.42095184326172;0.445145845413208;50.004634857177734;1.8069038391113281;10.508105278015137;35
2026-05-19T13:20:12.146Z;Leuchtstoffroehre;leuchtstoffroehre_001;200;235.69679260253906;0.3699544668197632;39.0312614440918;87.19708251953125;87.19708123840064;77.38829040527344;0.4476211965084076;50.004634857177734;1.7757624387741089;10.375385284423828;5
2026-05-19T13:20:12.345Z;Leuchtstoffroehre;leuchtstoffroehre_001;200;235.609130859375;0.36983734369277954;39.0018424987793;87.13705444335938;87.13705510679574;77.34635925292969;0.4475919306278229;50.004634857177734;1.7605748176574707;10.339670181274414;5
2026-05-19T13:20:12.546Z;Leuchtstoffroehre;leuchtstoffroehre_001;200;235.59779357910156;0.3688443899154663;38.88689041137695;86.89892578125;86.89892443811368;77.13211059570312;0.44749563932418823;50.004634857177734;1.7838746309280396;10.387674331665039;5
2026-05-19T13:20:12.748Z;Leuchtstoffroehre;leuchtstoffroehre_001;200;235.55223083496094;0.36922359466552734;39.02555847167969;86.97144317626953;86.97144140036835;77.13357543945312;0.448716938495636;50.004634857177734;1.8301466703414917;10.426254272460938;5
2026-05-19T13:20:12.950Z;Leuchtstoffroehre;leuchtstoffroehre_001;200;235.6519012451172;0.3695105016231537;39.022682189941406;87.07585144042969;87.07585223753313;77.25350952148438;0.44814586639404297;50.004634857177734;1.8415244817733765;10.399761199951172;6
2026-05-19T13:20:13.149Z;Leuchtstoffroehre;leuchtstoffroehre_001;200;235.7680206298828;0.36944180727005005;39.03279495239258;87.1025619506836;87.10256363798635;77.28567504882812;0.4481245279312134;50.004634857177734;1.786709189414978;10.381915092468262;6
2026-05-19T13:20:13.352Z;Leuchtstoffroehre;leuchtstoffroehre_001;200;235.75796508789062;0.3691417872905731;38.857913970947266;87.02811431884766;87.02811660053248;77.29022216796875;0.44649839401245117;50.004634857177734;1.7547391653060913;10.403315544128418;8
2026-05-19T13:20:13.554Z;Leuchtstoffroehre;leuchtstoffroehre_001;200;235.76693725585938;0.3696938157081604;39.08399200439453;87.16157531738281;87.16157865194509;77.33255767822266;0.4484085142612457;50.004634857177734;1.756417989730835;10.350720405578613;4
2026-05-19T13:20:13.754Z;Leuchtstoffroehre;leuchtstoffroehre_001;200;235.74981689453125;0.3694343864917755;39.06181335449219;87.09408569335938;87.09408896997957;77.2675552368164;0.448501318693161;50.004634857177734;1.7611548900604248;10.335240364074707;4
2026-05-19T13:20:13.956Z;Leuchtstoffroehre;leuchtstoffroehre_001;200;235.62416076660156;0.3687228560447693;39.00458908081055;86.88001251220703;86.8800135110132;77.055419921875;0.4489477872848511;50.01137161254883;1.7783536911010742;10.367406845092773;5
2026-05-19T13:20:14.156Z;Leuchtstoffroehre;leuchtstoffroehre_001;200;235.6471405029297;0.36855027079582214;39.043190002441406;86.84781646728516;86.84781744461588;76.98857116699219;0.44955867528915405;50.01137161254883;1.8108433485031128;10.45321273803711;4
2026-05-19T13:20:14.360Z;Leuchtstoffroehre;leuchtstoffroehre_001;200;235.6028594970703;0.368632048368454;39.03389358520508;86.85076141357422;86.85076469787009;76.97676849365234;0.44943639636039734;50.01137161254883;1.9212653636932373;10.521790504455566;4
2026-05-19T13:20:14.559Z;Leuchtstoffroehre;leuchtstoffroehre_001;200;235.6483154296875;0.3685971796512604;39.0235710144043;86.85930633544922;86.8593044569534;77.01354217529297;0.44927334785461426;50.01137161254883;1.7933311462402344;10.439422607421875;29
2026-05-19T13:20:14.759Z;Leuchtstoffroehre;leuchtstoffroehre_001;200;235.71237182617188;0.36873263120651245;39.1102294921875;86.91484069824219;86.91484307139217;77.04550170898438;0.4499833285808563;50.01137161254883;1.7615536451339722;10.34484577178955;6
2026-05-19T13:20:14.961Z;Leuchtstoffroehre;leuchtstoffroehre_001;200;235.6950225830078;0.3685922920703888;39.04399490356445;86.8753662109375;86.8753686034529;77.0294189453125;0.4494253993034363;50.01137161254883;1.7663280963897705;10.343754768371582;6
2026-05-19T13:20:15.161Z;Leuchtstoffroehre;leuchtstoffroehre_001;200;235.68740844726562;0.36880266666412354;39.1309814453125;86.9221420288086;86.92214473450804;77.01982879638672;0.45018428564071655;50.01137161254883;1.846889615058899;10.488327980041504;6
2026-05-19T13:20:15.362Z;Leuchtstoffroehre;leuchtstoffroehre_001;200;235.7871856689453;0.36887118220329285;39.181156158447266;86.97509765625;86.97509792609117;77.07154083251953;0.45048704743385315;50.01137161254883;1.7967430353164673;10.351205825805664;12
2026-05-19T13:20:15.577Z;Leuchtstoffroehre;leuchtstoffroehre_001;200;235.7249755859375;0.3682916462421417;39.044307708740234;86.81553649902344;86.81553931893359;76.9636459350586;0.4497387111186981;50.01137161254883;1.7700821161270142;10.389958381652832;4
2026-05-19T13:20:15.765Z;Leuchtstoffroehre;leuchtstoffroehre_001;200;235.8061065673828;0.36946019530296326;39.25571823120117;87.1209716796875;87.12097018601662;77.20079803466797;0.4505886137485504;50.01137161254883;1.792084813117981;10.332650184631348;6
2026-05-19T13:20:15.990Z;Leuchtstoffroehre;leuchtstoffroehre_001;200;236.1580810546875;0.369870662689209;39.21092224121094;87.34794616699219;87.3479459391092;77.46834564208984;0.4489049017429352;50.01137161254883;1.7693496942520142;10.451884269714355;6
2026-05-19T13:20:16.168Z;Leuchtstoffroehre;leuchtstoffroehre_001;200;235.9768524169922;0.36937370896339417;39.27450942993164;87.16364288330078;87.16364520677189;77.24788665771484;0.4505836069583893;50.01137161254883;1.749708890914917;10.322136878967285;4
2026-05-19T13:20:16.372Z;Leuchtstoffroehre;leuchtstoffroehre_001;200;235.90589904785156;0.3687797486782074;38.93730926513672;86.997314453125;86.99731816257326;77.20793151855469;0.4475691020488739;50.01137161254883;1.7771193981170654;10.51650333404541;6
2026-05-19T13:20:16.570Z;Leuchtstoffroehre;leuchtstoffroehre_001;200;235.98118591308594;0.3696475625038147;39.34862518310547;87.22987365722656;87.22987016953175;77.27706909179688;0.4510911703109741;50.01137161254883;1.7700910568237305;10.341090202331543;7
2026-05-19T13:20:16.771Z;Leuchtstoffroehre;leuchtstoffroehre_001;200;235.85076904296875;0.3696100115776062;39.390350341796875;87.17280578613281;87.172805476559;77.20116424560547;0.4518651068210602;50.01137161254883;1.7746148109436035;10.265583992004395;4
2026-05-19T13:20:16.973Z;Leuchtstoffroehre;leuchtstoffroehre_001;200;235.81631469726562;0.3694746792316437;39.30440902709961;87.12815856933594;87.12815723036056;77.18270111083984;0.451110303401947;50.01137161254883;1.7901228666305542;10.356844902038574;6
2026-05-19T13:20:17.173Z;Leuchtstoffroehre;leuchtstoffroehre_001;200;235.72146606445312;0.3686533272266388;39.24201583862305;86.89950561523438;86.89950276340187;76.95011901855469;0.4515792727470398;50.01137161254883;1.805260181427002;10.423970222473145;6
2026-05-19T13:20:17.405Z;Leuchtstoffroehre;leuchtstoffroehre_001;200;235.7200927734375;0.368414968252182;39.185848236083984;86.84281158447266;86.84281049552737;76.92318725585938;0.4512273073196411;50.01137161254883;1.7823748588562012;10.379314422607422;7
2026-05-19T13:20:17.575Z;Leuchtstoffroehre;leuchtstoffroehre_001;200;235.73233032226562;0.36851486563682556;39.19995880126953;86.87086486816406;86.8708680349655;76.94857788085938;0.4512440264225006;50.01137161254883;1.7722715139389038;10.37552261352539;6
2026-05-19T13:20:17.777Z;Leuchtstoffroehre;leuchtstoffroehre_001;200;235.79933166503906;0.36870473623275757;39.24031448364258;86.9403305053711;86.94033038541875;77.0135269165039;0.4513476490974426;50.01137161254883;1.766008734703064;10.322279930114746;5
2026-05-19T13:20:17.997Z;Leuchtstoffroehre;leuchtstoffroehre_001;200;235.824951171875;0.3687138557434082;39.23591232299805;86.9519271850586;86.951927027083;77.01594543457031;0.4512368440628052;50.01137161254883;1.7835408449172974;10.419801712036133;11
2026-05-19T13:20:18.179Z;Leuchtstoffroehre;leuchtstoffroehre_001;200;235.73638916015625;0.36809152364730835;39.165584564208984;86.77256774902344;86.77256666507674;76.83161163330078;0.4513590633869171;50.01137161254883;1.8533040285110474;10.5159912109375;9
2026-05-19T13:20:18.381Z;Leuchtstoffroehre;leuchtstoffroehre_001;200;235.77902221679688;0.3684459626674652;39.28717803955078;86.871826171875;86.87182881746139;76.88711547851562;0.45224303007125854;50.01137161254883;1.8124345541000366;10.490200996398926;15
2026-05-19T13:20:18.585Z;Leuchtstoffroehre;leuchtstoffroehre_001;200;235.7718963623047;0.3685312867164612;39.309722900390625;86.88932037353516;86.88932033798028;76.90576171875;0.4524114429950714;50.01137161254883;1.8082598447799683;10.422429084777832;10
2026-05-19T13:20:18.781Z;Leuchtstoffroehre;leuchtstoffroehre_001;200;235.72647094726562;0.3682822585105896;39.17848205566406;86.81388092041016;86.81387711118987;76.88512420654297;0.45129284262657166;50.01137161254883;1.7839510440826416;10.456379890441895;8
2026-05-19T13:20:18.986Z;Leuchtstoffroehre;leuchtstoffroehre_001;200;235.63626098632812;0.3676585555076599;39.22416305541992;86.6336898803711;86.63368733945936;76.6419677734375;0.4527587592601776;50.01137161254883;1.8976619243621826;10.49850845336914;7
2026-05-19T13:20:19.187Z;Leuchtstoffroehre;leuchtstoffroehre_001;200;235.807373046875;0.36810123920440674;39.22190475463867;86.80098724365234;86.80098623209051;76.84184265136719;0.45186012983322144;50.01137161254883;1.8095483779907227;10.50897216796875;10
2026-05-19T13:20:19.386Z;Leuchtstoffroehre;leuchtstoffroehre_001;200;235.75111389160156;0.36793383955955505;39.28135681152344;86.74081420898438;86.74081251457892;76.7556381225586;0.45285898447036743;50.01137161254883;1.7780959606170654;10.437018394470215;35
2026-05-19T13:20:19.584Z;Leuchtstoffroehre;leuchtstoffroehre_001;200;235.82403564453125;0.36837178468704224;39.2586784362793;86.87091827392578;86.87092088247664;76.8969497680664;0.45191967487335205;50.01137161254883;1.8008129596710205;10.535014152526855;15
2026-05-19T13:20:19.784Z;Leuchtstoffroehre;leuchtstoffroehre_001;200;235.76487731933594;0.36809468269348145;39.20016098022461;86.78379821777344;86.78379770712854;76.81517791748047;0.45169907808303833;50.01137161254883;1.8554365634918213;10.636347770690918;5
2026-05-19T13:20:19.997Z;Leuchtstoffroehre;leuchtstoffroehre_001;200;235.7919464111328;0.3683725595474243;39.32286834716797;86.85928344726562;86.8592828201381;76.85701751708984;0.45271924138069153;50.01137161254883;1.8319742679595947;10.489249229431152;6
2026-05-19T13:20:20.188Z;Leuchtstoffroehre;leuchtstoffroehre_001;200;235.71710205078125;0.3678610920906067;39.188045501708984;86.71115112304688;86.71115058483338;76.7574462890625;0.45193779468536377;50.01137161254883;1.7991459369659424;10.520344734191895;6
2026-05-19T13:20:20.388Z;Leuchtstoffroehre;leuchtstoffroehre_001;200;235.81057739257812;0.3680873513221741;39.2765007019043;86.79888916015625;86.79889084618662;76.814697265625;0.45250004529953003;50.01137161254883;1.7991546392440796;10.460489273071289;6
2026-05-19T13:20:20.589Z;Leuchtstoffroehre;leuchtstoffroehre_001;200;235.77178955078125;0.36836355924606323;39.2910270690918;86.84973907470703;86.84973556873956;76.84943389892578;0.45240235328674316;50.01137161254883;1.8452379703521729;10.55345630645752;5
2026-05-19T13:20:20.791Z;Leuchtstoffroehre;leuchtstoffroehre_001;200;235.6708526611328;0.36810219287872314;39.40065383911133;86.75096130371094;86.75095766216145;76.70905303955078;0.45418116450309753;50.01137161254883;1.8176006078720093;10.363539695739746;6
2026-05-19T13:20:20.991Z;Leuchtstoffroehre;leuchtstoffroehre_001;200;235.7227020263672;0.36787888407707214;39.410099029541016;86.7174072265625;86.71740457309215;76.65538787841797;0.4544658362865448;50.01137161254883;1.8474986553192139;10.446122169494629;6
2026-05-19T13:20:21.192Z;Leuchtstoffroehre;leuchtstoffroehre_001;200;235.6728515625;0.3676134943962097;39.29862976074219;86.63652038574219;86.63652049720986;76.61376953125;0.45360350608825684;50.01137161254883;1.852860450744629;10.532370567321777;4
2026-05-19T13:20:21.392Z;Leuchtstoffroehre;leuchtstoffroehre_001;200;235.65394592285156;0.3679661750793457;39.41935729980469;86.71268463134766;86.71268112358666;76.64004516601562;0.4545973539352417;50.01137161254883;1.8485445976257324;10.507572174072266;5
2026-05-19T13:20:21.594Z;Leuchtstoffroehre;leuchtstoffroehre_001;200;235.69395446777344;0.36781302094459534;39.34819030761719;86.6913070678711;86.69130541116965;76.64102935791016;0.45388853549957275;50.01137161254883;1.8822113275527954;10.554970741271973;5
2026-05-19T13:20:21.794Z;Leuchtstoffroehre;leuchtstoffroehre_001;200;235.68032836914062;0.3675759732723236;39.296844482421875;86.63042449951172;86.63042608142769;76.59368896484375;0.45361483097076416;50.01137161254883;1.8783152103424072;10.617133140563965;4
2026-05-19T13:20:21.996Z;Leuchtstoffroehre;leuchtstoffroehre_001;200;235.63211059570312;0.3671180009841919;39.3119010925293;86.50479125976562;86.50478940958055;76.45356750488281;0.4544476866722107;50.01137161254883;1.835641622543335;10.555232048034668;6
2026-05-19T13:20:22.225Z;Leuchtstoffroehre;leuchtstoffroehre_001;200;235.67530822753906;0.36768701672554016;39.3818244934082;86.65475463867188;86.65475099805599;76.59161376953125;0.45446813106536865;50.01137161254883;1.8203133344650269;10.52340316772461;26
2026-05-19T13:20:22.406Z;Leuchtstoffroehre;leuchtstoffroehre_001;200;235.65927124023438;0.3675536811351776;39.270050048828125;86.617431640625;86.61743263798144;76.5884017944336;0.453373521566391;50.01137161254883;1.8544148206710815;10.62884521484375;6
2026-05-19T13:20:22.609Z;Leuchtstoffroehre;leuchtstoffroehre_001;200;235.5625;0.36707812547683716;39.203819274902344;86.46984100341797;86.46984093263745;76.45785522460938;0.45338141918182373;50.01137161254883;1.8886890411376953;10.623340606689453;5
2026-05-19T13:20:22.799Z;Leuchtstoffroehre;leuchtstoffroehre_001;200;235.56834411621094;0.3673844635486603;39.33830261230469;86.54415130615234;86.54414973218036;76.47614288330078;0.4545460641384125;50.01137161254883;1.8702373504638672;10.578959465026855;11
2026-05-19T13:20:23.002Z;Leuchtstoffroehre;leuchtstoffroehre_001;200;235.49566650390625;0.36694422364234924;39.29448699951172;86.41377258300781;86.41377451641347;76.3514175415039;0.45472481846809387;50.01137161254883;1.8710033893585205;10.539780616760254;5
2026-05-19T13:20:23.201Z;Leuchtstoffroehre;leuchtstoffroehre_001;200;235.57472229003906;0.3669493496417999;39.40655517578125;86.4439926147461;86.44399113637746;76.33900451660156;0.45586228370666504;50.01137161254883;1.8336429595947266;10.536584854125977;6
2026-05-19T13:20:23.402Z;Leuchtstoffroehre;leuchtstoffroehre_001;200;235.55332946777344;0.36675387620925903;39.183815002441406;86.39009857177734;86.39009663630259;76.39342498779297;0.45356836915016174;50.01137161254883;1.800690770149231;10.561127662658691;4
2026-05-19T13:20:23.605Z;Leuchtstoffroehre;leuchtstoffroehre_001;200;235.6438751220703;0.3672308921813965;39.41048812866211;86.53571319580078;86.53571049815946;76.43406677246094;0.45542454719543457;50.01137161254883;1.8359454870224;10.580079078674316;6
2026-05-19T13:20:23.806Z;Leuchtstoffroehre;leuchtstoffroehre_001;200;235.6063690185547;0.36686673760414124;39.30440139770508;86.43614196777344;86.43613996059457;76.37419128417969;0.4547218382358551;49.997920989990234;1.8565943241119385;10.595582962036133;5
2026-05-19T13:20:24.006Z;Leuchtstoffroehre;leuchtstoffroehre_001;200;235.515380859375;0.3668361306190491;39.34885025024414;86.39555358886719;86.39555101572478;76.322021484375;0.4554499387741089;49.997920989990234;1.817103624343872;10.518841743469238;6
2026-05-19T13:20:24.207Z;Leuchtstoffroehre;leuchtstoffroehre_001;200;235.57374572753906;0.36661118268966675;39.292938232421875;86.36396789550781;86.36396953180792;76.3084716796875;0.4549691081047058;49.997920989990234;1.8220946788787842;10.57971477508545;6
2026-05-19T13:20:24.408Z;Leuchtstoffroehre;leuchtstoffroehre_001;200;235.60194396972656;0.36709269881248474;39.58088302612305;86.48775482177734;86.48775345731474;76.30872344970703;0.4576472342014313;49.997920989990234;1.8237980604171753;10.476749420166016;7
2026-05-19T13:20:24.610Z;Leuchtstoffroehre;leuchtstoffroehre_001;200;235.62680053710938;0.3671545088291168;39.37163162231445;86.51144409179688;86.51144221817867;76.43465423583984;0.45510315895080566;49.997920989990234;1.8168216943740845;10.534080505371094;5
2026-05-19T13:20:24.811Z;Leuchtstoffroehre;leuchtstoffroehre_001;200;235.6278839111328;0.36604464054107666;39.307003021240234;86.25032043457031;86.25032406770515;76.17520141601562;0.45573168992996216;49.997920989990234;1.8062422275543213;10.570389747619629;4
2026-05-19T13:20:25.013Z;Leuchtstoffroehre;leuchtstoffroehre_001;200;235.66970825195312;0.3670225739479065;39.50419235229492;86.49610137939453;86.49610292418402;76.35205078125;0.4567164480686188;49.997920989990234;1.8286114931106567;10.495988845825195;5
2026-05-19T13:20:25.213Z;Leuchtstoffroehre;leuchtstoffroehre_001;200;235.66244506835938;0.3668031692504883;39.44879150390625;86.44173431396484;86.44173172439332;76.32353210449219;0.456362783908844;49.997920989990234;1.8055680990219116;10.498628616333008;7
2026-05-19T13:20:25.414Z;Leuchtstoffroehre;leuchtstoffroehre_001;200;235.65399169921875;0.36659058928489685;39.45114517211914;86.38853454589844;86.38853568435479;76.2484130859375;0.4566710889339447;49.997920989990234;1.8392486572265625;10.589803695678711;5
2026-05-19T13:20:25.616Z;Leuchtstoffroehre;leuchtstoffroehre_001;200;235.6515350341797;0.3665481507778168;39.466278076171875;86.37763214111328;86.37763439473247;76.2347640991211;0.4569039046764374;49.997920989990234;1.8278672695159912;10.558012008666992;6
2026-05-19T13:20:25.818Z;Leuchtstoffroehre;leuchtstoffroehre_001;200;235.7355499267578;0.3662142753601074;39.37653350830078;86.32972717285156;86.32972359304404;76.21574401855469;0.4561178982257843;49.997920989990234;1.8366053104400635;10.64509105682373;4
2026-05-19T13:20:26.017Z;Leuchtstoffroehre;leuchtstoffroehre_001;200;235.7782440185547;0.36649543046951294;39.6576042175293;86.41165161132812;86.41164903692606;76.1856460571289;0.4589381515979767;49.997920989990234;1.796459436416626;10.4657564163208;5
2026-05-19T13:20:26.220Z;Leuchtstoffroehre;leuchtstoffroehre_001;200;235.67410278320312;0.3661724925041199;39.40846252441406;86.29737091064453;86.29737363479762;76.17178344726562;0.45665889978408813;49.997920989990234;1.8018126487731934;10.600020408630371;7
2026-05-19T13:20:26.422Z;Leuchtstoffroehre;leuchtstoffroehre_001;200;235.69544982910156;0.2541980445384979;16.60036277770996;59.91332244873047;59.91332245317926;20.903060913085938;0.2770729660987854;49.997920989990234;1.8089354038238525;27.15899085998535;6
2026-05-19T13:20:26.621Z;Leuchtstoffroehre;leuchtstoffroehre_001;200;235.7462158203125;0.10158524662256241;0.6028745174407959;23.94833755493164;23.94833747444227;-23.64093017578125;0.025173960253596306;49.997920989990234;1.8637498617172241;17.141260147094727;4
2026-05-19T13:20:26.827Z;Leuchtstoffroehre;leuchtstoffroehre_001;200;235.7376251220703;0.10140527784824371;0.5530719757080078;23.905038833618164;23.905039374788657;-23.619457244873047;0.023136209696531296;49.997920989990234;1.857728123664856;16.60871124267578;6
2026-05-19T13:20:27.023Z;Leuchtstoffroehre;leuchtstoffroehre_001;200;235.80636596679688;0.10142534971237183;0.7949249744415283;23.9167423248291;23.916743132585907;-23.61766242980957;0.03323717787861824;49.997920989990234;1.8253741264343262;16.577661514282227;3
2026-05-19T13:20:27.294Z;Leuchtstoffroehre;leuchtstoffroehre_001;200;235.82125854492188;0.10144001990556717;0.6783844828605652;23.92171287536621;23.921713160952777;-23.64331817626953;0.028358524665236473;49.997920989990234;1.8013325929641724;16.657323837280273;40
2026-05-19T13:20:27.444Z;Leuchtstoffroehre;leuchtstoffroehre_001;200;235.8705596923828;0.10143350064754486;0.5645526051521301;23.9251766204834;23.92517656929408;-23.63530731201172;0.023596590384840965;49.997920989990234;1.8013325929641724;16.657323837280273;36
2026-05-19T13:20:27.645Z;Leuchtstoffroehre;leuchtstoffroehre_001;200;235.8352813720703;0.10132517665624619;0.6176081299781799;23.89605140686035;23.89605154680055;-23.602018356323242;0.025845615193247795;49.997920989990234;1.811668872833252;16.78730010986328;7
2026-05-19T13:20:27.830Z;Leuchtstoffroehre;leuchtstoffroehre_001;200;235.86190795898438;0.10144573450088501;0.6399939656257629;23.92718505859375;23.927184493679306;-23.633729934692383;0.02674756571650505;49.997920989990234;1.8172900676727295;16.783370971679688;5
2026-05-19T13:20:28.040Z;Leuchtstoffroehre;leuchtstoffroehre_001;200;235.91387939453125;0.10155046731233597;0.47979187965393066;23.957164764404297;23.957164697980716;-23.660642623901367;0.020027073100209236;49.997920989990234;1.8337352275848389;16.863996505737305;21
2026-05-19T13:20:28.314Z;Leuchtstoffroehre;leuchtstoffroehre_001;200;235.89796447753906;0.1014646515250206;0.568095326423645;23.935304641723633;23.93530476117519;-23.651567459106445;0.023734617978334427;49.997920989990234;1.8461062908172607;16.560733795166016;7
2026-05-19T13:20:28.433Z;Leuchtstoffroehre;leuchtstoffroehre_001;200;235.80746459960938;0.10127979516983032;0.6923798322677612;23.882532119750977;23.882531714165452;-23.594161987304688;0.028991056606173515;49.997920989990234;1.8461062908172607;16.560733795166016;10
2026-05-19T13:20:28.640Z;Leuchtstoffroehre;leuchtstoffroehre_001;200;235.91241455078125;0.10135011374950409;0.7146028876304626;23.90974998474121;23.909750049641843;-23.64674186706543;0.02988751046359539;49.997920989990234;1.791222333908081;15.783320426940918;49
2026-05-19T13:20:28.836Z;Leuchtstoffroehre;leuchtstoffroehre_001;200;235.8931884765625;0.1014382392168045;0.5415447354316711;23.9285888671875;23.9285896823003;-23.64971160888672;0.022631702944636345;49.997920989990234;1.8041642904281616;16.380189895629883;6
2026-05-19T13:20:29.039Z;Leuchtstoffroehre;leuchtstoffroehre_001;200;235.81689453125;0.10149259120225906;0.5340965986251831;23.93366813659668;23.933667675246397;-23.631532669067383;0.022315701469779015;49.997920989990234;1.8742660284042358;17.1060848236084;6
2026-05-19T13:20:29.239Z;Leuchtstoffroehre;leuchtstoffroehre_001;200;235.83226013183594;0.10128427296876907;0.6790009140968323;23.886098861694336;23.886099010034627;-23.615001678466797;0.02842661365866661;49.997920989990234;1.793213129043579;16.123382568359375;6
2026-05-19T13:20:29.438Z;Leuchtstoffroehre;leuchtstoffroehre_001;200;235.87063598632812;0.10138414800167084;0.643470287322998;23.913543701171875;23.913543468086118;-23.625516891479492;0.02690819464623928;49.997920989990234;1.8033435344696045;16.55658721923828;6
2026-05-19T13:20:29.679Z;Leuchtstoffroehre;leuchtstoffroehre_001;200;235.86419677734375;0.10145904868841171;0.7296531796455383;23.930557250976562;23.93055702468564;-23.643632888793945;0.030490437522530556;49.997920989990234;1.8369786739349365;16.91066551208496;22
2026-05-19T13:20:29.852Z;Leuchtstoffroehre;leuchtstoffroehre_001;200;235.66973876953125;0.10139431059360504;0.5553736686706543;23.895570755004883;23.895570690311615;-23.598297119140625;0.023241698741912842;49.997920989990234;1.8369786739349365;16.91066551208496;7
2026-05-19T13:20:30.043Z;Leuchtstoffroehre;leuchtstoffroehre_001;200;235.85891723632812;0.10137432813644409;0.5933992862701416;23.9100399017334;23.910039269821937;-23.634822845458984;0.024817995727062225;49.997920989990234;1.759064793586731;16.186767578125;8
2026-05-19T13:20:30.244Z;Leuchtstoffroehre;leuchtstoffroehre_001;200;235.84210205078125;0.10131629556417465;0.5895504951477051;23.8946475982666;23.894648117853194;-23.613056182861328;0.024672910571098328;49.997920989990234;1.7643239498138428;16.41022300720215;25
2026-05-19T13:20:30.445Z;Leuchtstoffroehre;leuchtstoffroehre_001;200;235.8256378173828;0.10140229016542435;0.7191213965415955;23.913259506225586;23.91325975440452;-23.65164566040039;0.030072078108787537;49.997920989990234;1.7714170217514038;15.693765640258789;7
2026-05-19T13:20:30.663Z;Leuchtstoffroehre;leuchtstoffroehre_001;200;235.81312561035156;0.10135048627853394;0.5247501730918884;23.8997745513916;23.899774951470135;-23.6201114654541;0.02195628173649311;49.997920989990234;1.7876297235488892;16.43711280822754;39
2026-05-19T13:20:30.861Z;Leuchtstoffroehre;leuchtstoffroehre_001;200;235.75338745117188;0.1014247015118599;0.4294952154159546;23.911216735839844;23.911216952644963;-23.612092971801758;0.017962081357836723;49.997920989990234;1.784231185913086;17.0543155670166;7
2026-05-19T13:20:31.050Z;Leuchtstoffroehre;leuchtstoffroehre_001;200;235.77938842773438;0.10142133384943008;0.6329010725021362;23.91305923461914;23.9130600685437;-23.59361457824707;0.02646675519645214;49.997920989990234;1.8066458702087402;16.248720169067383;36
2026-05-19T13:20:31.250Z;Leuchtstoffroehre;leuchtstoffroehre_001;200;235.73858642578125;0.10134221613407135;0.5543966293334961;23.890270233154297;23.890270776701982;-23.615209579467773;0.023205958306789398;49.997920989990234;1.7793046236038208;16.303665161132812;7
2026-05-19T13:20:31.454Z;Leuchtstoffroehre;leuchtstoffroehre_001;200;235.81802368164062;0.1013578251004219;0.6008619070053101;23.902002334594727;23.90200199985088;-23.6273136138916;0.025138558819890022;49.997920989990234;1.7816451787948608;16.194873809814453;9
2026-05-19T13:20:31.675Z;Leuchtstoffroehre;leuchtstoffroehre_001;200;235.733642578125;0.10134980827569962;0.5480925440788269;23.891559600830078;23.89155947942527;-23.60484504699707;0.022940844297409058;49.997920989990234;1.8078582286834717;16.714141845703125;10
2026-05-19T13:20:31.863Z;Leuchtstoffroehre;leuchtstoffroehre_001;200;235.75482177734375;0.10134535282850266;0.6185009479522705;23.892656326293945;23.892655594045664;-23.602556228637695;0.0258866548538208;49.997920989990234;1.8078582286834717;16.714141845703125;10
2026-05-19T13:20:32.090Z;Leuchtstoffroehre;leuchtstoffroehre_001;200;235.76902770996094;0.1013057678937912;0.6231629848480225;23.884761810302734;23.884762397730128;-23.608739852905273;0.02609040029346943;49.997920989990234;1.7829110622406006;16.29205322265625;11
2026-05-19T13:20:32.260Z;Leuchtstoffroehre;leuchtstoffroehre_001;200;235.8358917236328;0.10138661414384842;0.5705024600028992;23.910602569580078;23.910602555454375;-23.634967803955078;0.023859811946749687;49.997920989990234;1.7829110622406006;16.29205322265625;25
2026-05-19T13:20:32.465Z;Leuchtstoffroehre;leuchtstoffroehre_001;200;235.79745483398438;0.10128320753574371;0.5620057582855225;23.882322311401367;23.882322554350594;-23.597732543945312;0.023532291874289513;49.997920989990234;1.7991600036621094;16.563106536865234;14
2026-05-19T13:20:32.671Z;Leuchtstoffroehre;leuchtstoffroehre_001;200;235.77024841308594;0.10148198157548904;0.5475509166717529;23.92643165588379;23.926432005505262;-23.627119064331055;0.02288477122783661;49.997920989990234;1.8449227809906006;16.99142837524414;8
2026-05-19T13:20:32.857Z;Leuchtstoffroehre;leuchtstoffroehre_001;200;235.60227966308594;0.10138481855392456;0.7403928637504578;23.886493682861328;23.88649437453296;-23.579601287841797;0.03099629655480385;49.997920989990234;1.9546946287155151;17.192626953125;16
2026-05-19T13:20:33.076Z;Leuchtstoffroehre;leuchtstoffroehre_001;200;235.739013671875;0.10133636742830276;0.6619081497192383;23.888935089111328;23.888935306638814;-23.601722717285156;0.02770772948861122;49.997920989990234;1.8082144260406494;16.610212326049805;10
2026-05-19T13:20:33.261Z;Leuchtstoffroehre;leuchtstoffroehre_001;200;235.84286499023438;0.1014353558421135;0.5969436168670654;23.922805786132812;23.922804933107955;-23.634496688842773;0.024952908977866173;49.997920989990234;1.8082144260406494;16.610212326049805;11
2026-05-19T13:20:33.523Z;Leuchtstoffroehre;leuchtstoffroehre_001;200;235.87460327148438;0.10151826590299606;0.6219077110290527;23.945581436157227;23.945580694678256;-23.656368255615234;0.025971710681915283;49.997920989990234;1.917162537574768;16.870464324951172;48
2026-05-19T13:20:33.658Z;Leuchtstoffroehre;leuchtstoffroehre_001;200;235.80929565429688;0.1013629361987114;0.5931047797203064;23.90232276916504;23.902322590469566;-23.609365463256836;0.024813687428832054;49.997920989990234;1.917162537574768;16.870464324951172;19
2026-05-19T13:20:33.865Z;Leuchtstoffroehre;leuchtstoffroehre_001;200;235.89584350585938;0.10142652690410614;0.6143739223480225;23.926095962524414;23.926096117913858;-23.638025283813477;0.025677984580397606;49.989295959472656;1.8668748140335083;16.67275619506836;6
2026-05-19T13:20:34.062Z;Leuchtstoffroehre;leuchtstoffroehre_001;200;235.8733367919922;0.10142527520656586;0.5779538154602051;23.92351722717285;23.923518098018803;-23.632455825805664;0.02415839582681656;49.989295959472656;1.8642785549163818;16.738779067993164;7
2026-05-19T13:20:34.265Z;Leuchtstoffroehre;leuchtstoffroehre_001;200;235.91143798828125;0.10140928626060486;0.5791952610015869;23.92361068725586;23.923610547104545;-23.630332946777344;0.024210194125771523;49.989295959472656;1.8126723766326904;16.74851417541504;6
2026-05-19T13:20:34.492Z;Leuchtstoffroehre;leuchtstoffroehre_001;200;235.89651489257812;0.10149113088846207;0.5444956421852112;23.941404342651367;23.941404069094688;-23.649871826171875;0.022742845118045807;49.989295959472656;1.8011311292648315;16.439613342285156;6
2026-05-19T13:20:34.666Z;Leuchtstoffroehre;leuchtstoffroehre_001;200;235.94345092773438;0.10149264335632324;0.5384331941604614;23.946523666381836;23.9465245172687;-23.664762496948242;0.02248481661081314;49.989295959472656;1.8008294105529785;16.3880672454834;32
2026-05-19T13:20:34.895Z;Leuchtstoffroehre;leuchtstoffroehre_001;200;235.94749450683594;0.10143271833658218;0.5983214378356934;23.932796478271484;23.93279575253416;-23.65355110168457;0.025000063702464104;49.989295959472656;1.832869052886963;16.82236671447754;35
2026-05-19T13:20:35.069Z;Leuchtstoffroehre;leuchtstoffroehre_001;200;235.935546875;0.101600281894207;0.6199668049812317;23.971118927001953;23.97111807136389;-23.63690948486328;0.025863073766231537;49.989295959472656;1.832869052886963;16.82236671447754;6
2026-05-19T13:20:35.271Z;Leuchtstoffroehre;leuchtstoffroehre_001;200;235.9414825439453;0.10141481459140778;0.5320839881896973;23.927961349487305;23.927961706616088;-23.632644653320312;0.022236913442611694;49.989295959472656;1.8119536638259888;16.52227210998535;28
2026-05-19T13:20:35.476Z;Leuchtstoffroehre;leuchtstoffroehre_001;200;235.93360900878906;0.10146961361169815;0.5642634034156799;23.940092086791992;23.940092144135292;-23.655986785888672;0.023569809272885323;49.989295959472656;1.7953360080718994;16.515323638916016;6
2026-05-19T13:20:35.671Z;Leuchtstoffroehre;leuchtstoffroehre_001;200;235.98416137695312;0.10152212530374527;0.6033503413200378;23.957612991333008;23.95761360101028;-23.67168617248535;0.02518407627940178;49.989295959472656;1.7953360080718994;16.515323638916016;6
2026-05-19T13:20:35.881Z;Leuchtstoffroehre;leuchtstoffroehre_001;200;236.0106201171875;0.10143125802278519;0.6280389428138733;23.938854217529297;23.93885410522398;-23.65463638305664;0.026235129684209824;49.989295959472656;1.8041821718215942;16.943761825561523;8
2026-05-19T13:20:36.074Z;Leuchtstoffroehre;leuchtstoffroehre_001;200;235.9268798828125;0.10155315697193146;0.45343083143234253;23.95911979675293;23.959119466637276;-23.661941528320312;0.01892518810927868;49.989295959472656;1.8041821718215942;16.943761825561523;5
2026-05-19T13:20:36.288Z;Leuchtstoffroehre;leuchtstoffroehre_001;200;235.87811279296875;0.1014646515250206;0.7721505165100098;23.933290481567383;23.933290516918078;-23.627052307128906;0.032262615859508514;49.989295959472656;1.8230534791946411;16.741884231567383;7
2026-05-19T13:20:36.475Z;Leuchtstoffroehre;leuchtstoffroehre_001;200;235.90382385253906;0.10153068602085114;0.5697141289710999;23.95147705078125;23.951477070690316;-23.659290313720703;0.023786179721355438;49.989295959472656;1.8048444986343384;16.744335174560547;20
2026-05-19T13:20:36.676Z;Leuchtstoffroehre;leuchtstoffroehre_001;200;235.8934783935547;0.10144790261983871;0.496465265750885;23.930898666381836;23.930898624724364;-23.639379501342773;0.020745784044265747;49.989295959472656;1.8048444986343384;16.744335174560547;4
2026-05-19T13:20:36.879Z;Leuchtstoffroehre;leuchtstoffroehre_001;200;235.75790405273438;0.10141720622777939;0.5403439402580261;23.909908294677734;23.909907975145188;-23.629512786865234;0.02259916439652443;49.989295959472656;1.861621379852295;16.864763259887695;8
2026-05-19T13:20:37.095Z;Leuchtstoffroehre;leuchtstoffroehre_001;200;235.7200164794922;0.10138911008834839;0.6338966488838196;23.899442672729492;23.89944270086653;-23.601438522338867;0.026523491367697716;49.989295959472656;1.8418978452682495;16.914051055908203;3
2026-05-19T13:20:37.278Z;Leuchtstoffroehre;leuchtstoffroehre_001;200;235.7200164794922;0.10138911008834839;0.6338966488838196;23.899442672729492;23.89944270086653;-23.601438522338867;0.026523491367697716;49.989295959472656;1.8174854516983032;16.565120697021484;8
2026-05-19T13:20:37.498Z;Leuchtstoffroehre;leuchtstoffroehre_001;200;235.82948303222656;0.10144511610269547;0.4750169813632965;23.923749923706055;23.923749286642874;-23.644681930541992;0.019855456426739693;49.989295959472656;1.8067482709884644;16.430892944335938;5
2026-05-19T13:20:37.689Z;Leuchtstoffroehre;leuchtstoffroehre_001;200;235.7959747314453;0.10142776370048523;0.6283342242240906;23.916257858276367;23.91625840658662;-23.63432502746582;0.026272263377904892;49.989295959472656;1.8133275508880615;16.445941925048828;5
2026-05-19T13:20:37.886Z;Leuchtstoffroehre;leuchtstoffroehre_001;200;235.7766876220703;0.10137933492660522;0.5752725005149841;23.902883529663086;23.902883782323443;-23.627138137817383;0.024067075923085213;49.989295959472656;1.8050544261932373;16.265560150146484;12
2026-05-19T13:20:38.095Z;Leuchtstoffroehre;leuchtstoffroehre_001;200;235.7728271484375;0.10140103101730347;0.518737256526947;23.907608032226562;23.90760775871604;-23.618833541870117;0.021697580814361572;49.989295959472656;1.8387864828109741;16.71210289001465;5
2026-05-19T13:20:38.285Z;Leuchtstoffroehre;leuchtstoffroehre_001;200;235.7704620361328;0.10143773257732391;0.4708036184310913;23.9160213470459;23.91602107765334;-23.60356903076172;0.01968570053577423;49.989295959472656;1.85525381565094;17.461410522460938;11
2026-05-19T13:20:38.486Z;Leuchtstoffroehre;leuchtstoffroehre_001;200;235.710205078125;0.10150180011987686;0.5088237524032593;23.925010681152344;23.925010122055028;-23.618366241455078;0.021267440170049667;49.989295959472656;1.9156956672668457;17.331829071044922;7
2026-05-19T13:20:38.689Z;Leuchtstoffroehre;leuchtstoffroehre_001;200;235.7020721435547;0.1014360636472702;0.5028113126754761;23.908689498901367;23.908690391747086;-23.613262176513672;0.02103048376739025;49.989295959472656;1.8535524606704712;16.89698028564453;6
2026-05-19T13:20:38.888Z;Leuchtstoffroehre;leuchtstoffroehre_001;200;235.66368103027344;0.1014484241604805;0.5433434247970581;23.9077091217041;23.90770907237936;-23.596311569213867;0.02272670343518257;49.989295959472656;1.8715951442718506;16.654165267944336;7
2026-05-19T13:20:39.088Z;Leuchtstoffroehre;leuchtstoffroehre_001;200;235.67481994628906;0.1013861671090126;0.5730398297309875;23.894166946411133;23.89416667846092;-23.594497680664062;0.023982414975762367;49.989295959472656;1.8616842031478882;17.08174705505371;10
2026-05-19T13:20:39.289Z;Leuchtstoffroehre;leuchtstoffroehre_001;200;235.64891052246094;0.10139867663383484;0.5745389461517334;23.894487380981445;23.894487677182497;-23.59816551208496;0.024044832214713097;49.989295959472656;1.9100576639175415;17.01801872253418;19
2026-05-19T13:20:39.496Z;Leuchtstoffroehre;leuchtstoffroehre_001;200;235.59144592285156;0.10130365937948227;0.6369547247886658;23.866275787353516;23.86627559048827;-23.57060432434082;0.026688484475016594;49.989295959472656;1.9582674503326416;16.97292137145996;5
2026-05-19T13:20:39.705Z;Leuchtstoffroehre;leuchtstoffroehre_001;200;235.5724334716797;0.10143573582172394;0.5402718782424927;23.895463943481445;23.89546312851394;-23.584571838378906;0.022609809413552284;49.989295959472656;1.9234424829483032;17.390260696411133;9
2026-05-19T13:20:39.906Z;Leuchtstoffroehre;leuchtstoffroehre_001;200;235.56764221191406;0.10135091841220856;0.5725276470184326;23.874996185302734;23.87499688637604;-23.56643295288086;0.023980218917131424;49.989295959472656;1.9175479412078857;17.334001541137695;5
2026-05-19T13:20:40.096Z;Leuchtstoffroehre;leuchtstoffroehre_001;200;235.60491943359375;0.101368248462677;0.7297846674919128;23.882858276367188;23.88285801217353;-23.579967498779297;0.03055683895945549;49.989295959472656;1.9083596467971802;17.12649917602539;7
2026-05-19T13:20:40.295Z;Leuchtstoffroehre;leuchtstoffroehre_001;200;235.7018280029297;0.10150674730539322;0.5589743256568909;23.925325393676758;23.92532589451264;-23.611467361450195;0.02336329035460949;49.989295959472656;1.9538640975952148;17.506895065307617;10
2026-05-19T13:20:40.544Z;Leuchtstoffroehre;leuchtstoffroehre_001;200;235.70594787597656;0.10142422467470169;0.6173242330551147;23.906293869018555;23.906293014536573;-23.609453201293945;0.02582266554236412;49.989295959472656;1.9607021808624268;17.030059814453125;10
2026-05-19T13:20:40.707Z;Leuchtstoffroehre;leuchtstoffroehre_001;200;235.6317596435547;0.1013958752155304;0.5697007775306702;23.892087936401367;23.892088497633722;-23.595827102661133;0.023844746872782707;49.989295959472656;1.9642082452774048;17.02203941345215;18
2026-05-19T13:20:40.931Z;Leuchtstoffroehre;leuchtstoffroehre_001;200;235.76779174804688;0.10148350894451141;0.6193448901176453;23.926542282104492;23.92654280269062;-23.63066864013672;0.025885265320539474;49.989295959472656;1.9026862382888794;16.92852210998535;5
2026-05-19T13:20:41.103Z;Leuchtstoffroehre;leuchtstoffroehre_001;200;235.80960083007812;0.10151521116495132;0.5575369596481323;23.938261032104492;23.938261422988262;-23.63603973388672;0.023290621116757393;49.989295959472656;1.92111074924469;17.138137817382812;11
2026-05-19T13:20:41.302Z;Leuchtstoffroehre;leuchtstoffroehre_001;200;235.856201171875;0.10152661055326462;0.5572222471237183;23.945680618286133;23.945680682949387;-23.653295516967773;0.02327026054263115;49.989295959472656;1.8679684400558472;16.81756019592285;10
2026-05-19T13:20:41.499Z;Leuchtstoffroehre;leuchtstoffroehre_001;200;235.77618408203125;0.10142409056425095;0.537588894367218;23.91338539123535;23.91338504722944;-23.62398910522461;0.022480668500065804;49.989295959472656;1.8567231893539429;16.723384857177734;6
2026-05-19T13:20:41.700Z;Leuchtstoffroehre;leuchtstoffroehre_001;200;235.7652587890625;0.1014552041888237;0.5513018369674683;23.919612884521484;23.919612471075197;-23.627822875976562;0.02304810844361782;49.989295959472656;1.859372854232788;16.863697052001953;20
2026-05-19T13:20:41.900Z;Leuchtstoffroehre;leuchtstoffroehre_001;200;235.65750122070312;0.10135318338871002;0.5418868064880371;23.8846378326416;23.88463793814708;-23.59494972229004;0.022687671706080437;49.989295959472656;1.8448309898376465;16.770936965942383;7
2026-05-19T13:20:42.102Z;Leuchtstoffroehre;leuchtstoffroehre_001;200;235.7454071044922;0.10127249360084534;0.5836636424064636;23.87452507019043;23.874525232418364;-23.592485427856445;0.024447131901979446;49.989295959472656;1.8385131359100342;16.48261260986328;5
2026-05-19T13:20:42.304Z;Leuchtstoffroehre;leuchtstoffroehre_001;200;235.8162078857422;0.10145874321460724;0.5958972573280334;23.925615310668945;23.925616081721955;-23.625898361206055;0.02490624599158764;49.989295959472656;1.8982007503509521;17.003402709960938;4
2026-05-19T13:20:42.504Z;Leuchtstoffroehre;leuchtstoffroehre_001;200;235.80328369140625;0.1013396754860878;0.5092109441757202;23.896228790283203;23.89622824784101;-23.602102279663086;0.0213092602789402;49.989295959472656;1.8428127765655518;16.90165901184082;33
2026-05-19T13:20:42.721Z;Leuchtstoffroehre;leuchtstoffroehre_001;200;235.8340301513672;0.10131318122148514;0.6562885642051697;23.893095016479492;23.893095834918654;-23.613162994384766;0.02746770903468132;49.989295959472656;1.830596685409546;16.389419555664062;4
2026-05-19T13:20:42.913Z;Leuchtstoffroehre;leuchtstoffroehre_001;200;235.8192901611328;0.101374052464962;0.5797217488288879;23.905956268310547;23.905957093044776;-23.62566375732422;0.024250095710158348;49.989295959472656;1.806665062904358;15.961080551147461;6
2026-05-19T13:20:43.107Z;Leuchtstoffroehre;leuchtstoffroehre_001;200;235.8616485595703;0.10141093283891678;0.5712640881538391;23.918949127197266;23.918949801350777;-23.634674072265625;0.023883327841758728;49.989295959472656;1.8219448328018188;16.553821563720703;5
2026-05-19T13:20:43.308Z;Leuchtstoffroehre;leuchtstoffroehre_001;200;235.82073974609375;0.10154997557401657;0.5513808727264404;23.947589874267578;23.94759036106234;-23.64311408996582;0.023024482652544975;49.989295959472656;1.8692891597747803;17.168701171875;6
2026-05-19T13:20:43.510Z;Leuchtstoffroehre;leuchtstoffroehre_001;200;235.7388916015625;0.10145243257284164;0.5225316882133484;23.916284561157227;23.916284005003945;-23.61514663696289;0.021848363801836967;49.989295959472656;1.9150124788284302;17.16372299194336;5
2026-05-19T13:20:43.711Z;Leuchtstoffroehre;leuchtstoffroehre_001;200;235.85264587402344;0.10127780586481094;0.6865264177322388;23.886638641357422;23.88663848153135;-23.607540130615234;0.02874102257192135;49.9925537109375;1.8426733016967773;16.34210205078125;28
2026-05-19T13:20:43.926Z;Leuchtstoffroehre;leuchtstoffroehre_001;200;235.80101013183594;0.1013784185051918;0.5012556314468384;23.905134201049805;23.905133489092236;-23.603235244750977;0.02096853405237198;49.9925537109375;1.879282832145691;17.138172149658203;3
2026-05-19T13:20:44.120Z;Leuchtstoffroehre;leuchtstoffroehre_001;200;235.75341796875;0.10131891071796417;0.6528699398040771;23.886280059814453;23.88627950663067;-23.608827590942383;0.027332425117492676;49.9925537109375;1.8016506433486938;16.198741912841797;5
2026-05-19T13:20:44.315Z;Leuchtstoffroehre;leuchtstoffroehre_001;200;235.7971954345703;0.10131622850894928;0.7587178945541382;23.89008331298828;23.890082534418298;-23.604660034179688;0.03175869584083557;49.9925537109375;1.843009352684021;16.423397064208984;5
2026-05-19T13:20:44.517Z;Leuchtstoffroehre;leuchtstoffroehre_001;200;235.8795928955078;0.10143494606018066;0.5622462034225464;23.926433563232422;23.92643378205321;-23.65004539489746;0.023498956114053726;49.9925537109375;1.7984399795532227;16.317899703979492;5
2026-05-19T13:20:44.722Z;Leuchtstoffroehre;leuchtstoffroehre_001;200;235.9825439453125;0.10141574591398239;0.58631831407547;23.93234634399414;23.932345716892996;-23.654685974121094;0.024498989805579185;49.9925537109375;1.799859642982483;16.19159507751465;8
2026-05-19T13:20:44.934Z;Leuchtstoffroehre;leuchtstoffroehre_001;200;235.876708984375;0.10143160074949265;0.5550612211227417;23.925352096557617;23.92535217180739;-23.637861251831055;0.02319970913231373;49.9925537109375;1.8343322277069092;16.625377655029297;6
2026-05-19T13:20:45.120Z;Leuchtstoffroehre;leuchtstoffroehre_001;200;235.8096923828125;0.1013759970664978;0.6212006211280823;23.90544319152832;23.90544268325175;-23.622318267822266;0.02598574012517929;49.9925537109375;1.8395986557006836;16.451759338378906;26
2026-05-19T13:20:45.320Z;Leuchtstoffroehre;leuchtstoffroehre_001;200;235.85470581054688;0.10135742276906967;0.6110577583312988;23.905624389648438;23.905625128914153;-23.6314754486084;0.02556125447154045;49.9925537109375;1.8109115362167358;16.197208404541016;4
2026-05-19T13:20:45.520Z;Leuchtstoffroehre;leuchtstoffroehre_001;200;235.91505432128906;0.10147735476493835;0.5369988679885864;23.940034866333008;23.940035661751153;-23.65087890625;0.02243099734187126;49.9925537109375;1.8134374618530273;16.59217643737793;4
2026-05-19T13:20:45.722Z;Leuchtstoffroehre;leuchtstoffroehre_001;200;235.82598876953125;0.10144012421369553;0.5827750563621521;23.922218322753906;23.922217593598816;-23.617958068847656;0.024361247196793556;49.9925537109375;1.8333345651626587;17.045658111572266;5
2026-05-19T13:20:45.923Z;Leuchtstoffroehre;leuchtstoffroehre_001;200;235.801513671875;0.10146709531545639;0.6492190361022949;23.92609405517578;23.926094663273034;-23.632150650024414;0.027134351432323456;49.9925537109375;1.8364492654800415;16.690114974975586;6
2026-05-19T13:20:46.123Z;Leuchtstoffroehre;leuchtstoffroehre_001;200;235.66448974609375;0.10126367956399918;0.6890909671783447;23.864253997802734;23.864253374261807;-23.590167999267578;0.02887544594705105;49.9925537109375;1.8592251539230347;16.236473083496094;4
