start_s,end_s,active,predicted,confidence
0.0,9.8,True,baseload,0.9829701338118464
5.0,14.8,True,baseload,0.9829701477499513
10.0,19.8,True,baseload,0.9829701477499168
15.0,24.8,True,baseload,0.9829701477499271
20.0,29.8,True,baseload,0.982970147749943
25.0,34.8,True,baseload,0.9829701426839648
30.0,39.8,True,baseload,0.9829701477499168
35.0,44.8,True,baseload,0.9829701477499471
40.0,49.8,True,baseload,0.9829701477499406
45.0,54.8,True,baseload,0.9831885754040031
50.0,59.8,True,baseload,0.9831885788227057
55.0,64.8,True,baseload,0.982970147749943
60.0,69.8,True,baseload,0.9831885842308139
65.0,74.8,True,baseload,0.9829701477499513
70.0,79.8,True,baseload,0.9829701477499179
75.0,84.8,True,baseload,0.9831885842308139
80.0,89.8,True,baseload,0.982970147749928
85.0,94.8,True,baseload,0.983188580163786
90.0,99.8,True,baseload,0.9829701477499168
95.0,104.8,True,baseload,0.982970147749974
100.0,109.8,True,baseload,0.982970147749946
105.0,114.8,True,baseload,0.9831885842308116
110.0,119.8,True,baseload,0.9831885841238633
115.0,124.8,True,baseload,0.9831885842308116
120.0,129.8,True,baseload,0.9829701477499692
125.0,134.8,True,baseload,0.9829701477499535
130.0,139.8,True,baseload,0.9829701477499271
135.0,144.8,True,baseload,0.9831885842308139
140.0,149.8,True,baseload,0.983188584230815
145.0,154.8,True,baseload,0.9831885842308116
150.0,159.8,True,baseload,0.9831885776953951
155.0,164.8,True,baseload,0.9829701477499146
160.0,169.8,True,baseload,0.9829701477499627
165.0,174.8,True,baseload,0.9829701232121479
170.0,179.8,True,baseload,0.982970147749946
175.0,184.8,True,baseload,0.9829701477499282
180.0,189.8,True,baseload,0.9831885841238633
185.0,194.8,True,baseload,0.9831885840828958
190.0,199.8,True,baseload,0.9829701477499168
195.0,204.8,True,baseload,0.9829701396905526
200.0,209.8,True,baseload,0.982970147749943
205.0,214.8,True,baseload,0.9831885705660328
210.0,219.8,True,baseload,0.9829701477499168
215.0,224.8,True,baseload,0.9831885842308116
220.0,229.8,True,baseload,0.9831885842308139
225.0,234.8,True,baseload,0.9829701477499586
230.0,239.8,True,baseload,0.9829701477499416
235.0,244.8,True,baseload,0.9829701232121199
240.0,249.8,True,baseload,0.9829701477499869
245.0,254.8,True,baseload,0.9829701337317426
250.0,259.8,True,baseload,0.9831885761678206
255.0,264.8,True,baseload,0.9829701413827993
260.0,269.8,True,baseload,0.9829701226963121
265.0,274.8,True,baseload,0.982970147830058
270.0,279.8,True,baseload,0.982970147749943
275.0,284.8,True,baseload,0.982970147749943
280.0,289.8,True,baseload,0.982970147749943
285.0,294.8,True,baseload,0.9831885842308116
290.0,299.8,True,baseload,0.9829701477499859
295.0,304.8,True,baseload,0.9829701226959113
300.0,309.8,True,baseload,0.9829701161185185
305.0,314.8,True,baseload,0.9831885842308139
310.0,319.8,True,baseload,0.9829701478296572
315.0,324.8,True,baseload,0.9829701478296572
320.0,329.8,True,baseload,0.9829701390585778
325.0,334.8,True,baseload,0.9831885842308116
330.0,339.8,True,baseload,0.9829701477499271
335.0,344.8,True,baseload,0.9829701340912319
340.0,349.8,True,baseload,0.9829701232121199
345.0,354.8,True,baseload,0.9831885842308139
350.0,359.8,True,baseload,0.9831885840828958
355.0,364.8,True,baseload,0.9829701477499179
360.0,369.8,True,baseload,0.9829701477499989
365.0,374.8,True,baseload,0.982970147830058
370.0,379.8,True,baseload,0.9829701477499616
375.0,384.8,True,baseload,0.9829701477499616
380.0,389.8,True,baseload,0.9829701477499271
385.0,394.8,True,baseload,0.9831885752031913
390.0,399.8,True,baseload,0.9829701477499492
395.0,404.8,True,baseload,0.9829701477499271
400.0,409.8,True,baseload,0.9831885769581035
405.0,414.8,True,baseload,0.9831885600136266
410.0,419.8,True,baseload,0.9829701397702482
415.0,424.8,True,baseload,0.9829701478296572
420.0,429.8,True,baseload,0.9829701394685728
425.0,434.8,True,baseload,0.9829701396905445
430.0,439.8,True,baseload,0.9831885842308148
435.0,444.8,True,baseload,0.982970147749946
440.0,449.8,True,baseload,0.9829701337317492
445.0,454.8,True,baseload,0.9829701477499692
450.0,459.8,True,baseload,0.9829701416198183
455.0,464.8,True,baseload,0.9829701477499271
460.0,469.8,True,baseload,0.9829701390585633
465.0,474.8,True,baseload,0.9831885842308116
470.0,479.8,True,baseload,0.9829701477499931
475.0,484.8,True,baseload,0.9829701477499477
480.0,489.8,True,baseload,0.9831885841238633
485.0,494.8,True,baseload,0.9829701477499406
490.0,499.8,True,baseload,0.9829701477499586
495.0,504.8,True,baseload,0.9831885842308139
500.0,509.8,True,baseload,0.9829701237725219
505.0,514.8,True,baseload,0.9829701393750542
510.0,519.8,True,baseload,0.9829701477499796
515.0,524.8,True,baseload,0.98297014234425
520.0,529.8,True,baseload,0.9831885840828969
525.0,534.8,True,baseload,0.9831885796860972
530.0,539.8,True,baseload,0.9831885841238633
535.0,544.8,True,baseload,0.9831885840828952
540.0,549.8,True,baseload,0.9831885840828958
545.0,554.8,True,baseload,0.9831885776953937
550.0,559.8,True,baseload,0.9831885842308139
555.0,564.8,True,baseload,0.983188565398448
560.0,569.8,True,baseload,0.9831885777412152
565.0,574.8,True,baseload,0.983188576167823
570.0,579.8,True,baseload,0.9831885842308116
575.0,584.8,True,baseload,0.9831885703791663
580.0,589.8,True,baseload,0.9829701477499586
585.0,594.8,True,baseload,0.9829701340912828
590.0,599.8,True,baseload,0.9829701393750465
595.0,604.8,True,baseload,0.982970142344255
600.0,609.8,True,baseload,0.982970147830059
605.0,614.8,True,baseload,0.9829701477499477
610.0,619.8,True,baseload,0.9829701477499168
615.0,624.8,True,baseload,0.9829701477499513
620.0,629.8,True,baseload,0.9829701430219472
625.0,634.8,True,baseload,0.9829701477499535
630.0,639.8,True,baseload,0.9831885842308116
635.0,644.8,True,baseload,0.9829701477499282
640.0,649.8,True,baseload,0.9829701477499931
645.0,654.8,True,baseload,0.9829701477499869
650.0,659.8,True,baseload,0.9829701416198597
655.0,664.8,True,baseload,0.9831885755355995
660.0,669.8,True,baseload,0.9831885842308125
665.0,674.8,True,baseload,0.982970147749943
670.0,679.8,True,baseload,0.9829701477499413
675.0,684.8,True,baseload,0.9829701477499146
680.0,689.8,True,baseload,0.9829701423442138
685.0,694.8,True,baseload,0.9829701430219127
690.0,699.8,True,baseload,0.9831885842308139
695.0,704.8,True,baseload,0.9831885842308139
700.0,709.8,True,baseload,0.9381888350665836
705.0,714.8,True,baseload,0.8263589426146242
710.0,719.8,True,baseload,0.9381891193642289
715.0,724.8,True,baseload,0.9829701477499931
720.0,729.8,True,baseload,0.9829701477499406
725.0,734.8,True,baseload,0.9829701477499616
730.0,739.8,True,baseload,0.9829701477499931
735.0,744.8,True,baseload,0.9831885840828958
740.0,749.8,True,baseload,0.9831885842308127
745.0,754.8,True,baseload,0.9831885842308116
750.0,759.8,True,baseload,0.9831885777412152
755.0,764.8,True,baseload,0.9829701477499662
760.0,769.8,True,baseload,0.9829701477499931
765.0,774.8,True,baseload,0.9829701477499146
770.0,779.8,True,baseload,0.9831885842308116
775.0,784.8,True,baseload,0.9831885798373781
780.0,789.8,True,baseload,0.9831885840828952
785.0,794.8,True,baseload,0.9831885841238633
790.0,799.8,True,baseload,0.9831885841238679
795.0,804.8,True,baseload,0.9831885840828952
800.0,809.8,True,baseload,0.9831885645850496
805.0,814.8,True,baseload,0.9831885590858925
810.0,819.8,True,baseload,0.983188578822708
815.0,824.8,True,baseload,0.9829701477499271
820.0,829.8,True,baseload,0.98297014775
825.0,834.8,True,baseload,0.9829701340912356
830.0,839.8,True,baseload,0.9829701477499869
835.0,844.8,True,baseload,0.982970128193026
840.0,849.8,True,baseload,0.9829701340912547
845.0,854.8,True,baseload,0.9829701477499168
850.0,859.8,True,baseload,0.9831885840828958
855.0,864.8,True,baseload,0.9831885842308139
860.0,869.8,True,baseload,0.9831885840828952
865.0,874.8,True,baseload,0.9831885841238633
870.0,879.8,True,baseload,0.9829701477499942
875.0,884.8,True,baseload,0.9829701477499796
880.0,889.8,True,baseload,0.9831885841238633
885.0,894.8,True,baseload,0.9831885588484963
890.0,899.8,True,baseload,0.982970123212122
895.0,904.8,True,baseload,0.982970147749943
900.0,909.8,True,baseload,0.9829701477499492
905.0,914.8,True,baseload,0.983188578822708
910.0,919.8,True,baseload,0.9829701416198162
915.0,924.8,True,baseload,0.9829701396905401
920.0,929.8,True,baseload,0.9831885842308116
925.0,934.8,True,baseload,0.9831885840828952
930.0,939.8,True,baseload,0.9831885800148465
935.0,944.8,True,baseload,0.9831885600136266
940.0,949.8,True,baseload,0.9831885788227057
945.0,954.8,True,baseload,0.9831885590858902
950.0,959.8,True,baseload,0.982970147749943
955.0,964.8,True,baseload,0.982970147749943
960.0,969.8,True,baseload,0.9829701477499168
965.0,974.8,True,baseload,0.9831885590858925
970.0,979.8,True,baseload,0.9829701477499146
975.0,984.8,True,baseload,0.9381890718696968
980.0,989.8,True,baseload,0.8263589426146242
985.0,994.8,True,baseload,0.9381889223340026
990.0,999.8,True,baseload,0.982970147749929
995.0,1004.8,True,baseload,0.9831885842308116
1000.0,1009.8,True,baseload,0.9831885842308148
1005.0,1014.8,True,baseload,0.9829701390585633
1010.0,1019.8,True,baseload,0.9831885791625623
1015.0,1024.8,True,baseload,0.9831885840828958
1020.0,1029.8,True,baseload,0.9831885779342457
1025.0,1034.8,True,baseload,0.9831885596821099
1030.0,1039.8,True,baseload,0.9831885705660305
1035.0,1044.8,True,baseload,0.9831885778608375
1040.0,1049.8,True,baseload,0.9829701477499146
1045.0,1054.8,True,baseload,0.9831885841238633
1050.0,1059.8,True,baseload,0.9831885840828952
1055.0,1064.8,True,baseload,0.9829701226161991
1060.0,1069.8,True,baseload,0.982970147749965
1065.0,1074.8,True,baseload,0.9831885788227057
1070.0,1079.8,True,baseload,0.9831885841238633
1075.0,1084.8,True,baseload,0.9831885770053783
1080.0,1089.8,True,baseload,0.982970147749974
1085.0,1094.8,True,baseload,0.9829701477499989
1090.0,1099.8,True,baseload,0.9829701477499492
1095.0,1104.8,True,baseload,0.983188565398448
1100.0,1109.8,True,baseload,0.9831885595135543
1105.0,1114.8,True,baseload,0.9831885786641569
1110.0,1119.8,True,baseload,0.9829701337317117
1115.0,1124.8,True,baseload,0.9831885750188022
1120.0,1129.8,True,baseload,0.9831885840828958
1125.0,1134.8,True,baseload,0.9831885842308116
1130.0,1139.8,True,baseload,0.9829701477499168
1135.0,1144.8,True,baseload,0.9831885702063652
1140.0,1149.8,True,baseload,0.9831885840828952
1145.0,1154.8,True,baseload,0.9831885840828958
1150.0,1159.8,True,baseload,0.9829701477499989
1155.0,1164.8,True,baseload,0.982970129006063
1160.0,1169.8,True,baseload,0.9829701477499586
1165.0,1174.8,True,baseload,0.9829701340912047
1170.0,1179.8,True,baseload,0.9829701393888307
1175.0,1184.8,True,baseload,0.9831885771287936
1180.0,1189.8,True,baseload,0.9831885841238633
1185.0,1194.8,True,baseload,0.9831885842308116
1190.0,1199.8,True,baseload,0.9829701337317301
1195.0,1204.8,True,baseload,0.9831885842308139
1200.0,1209.8,True,baseload,0.9829701477499155
1205.0,1214.8,True,baseload,0.9829701416198503
1210.0,1219.8,True,baseload,0.983188578822708
1215.0,1224.8,True,baseload,0.9829701393888328
1220.0,1229.8,True,baseload,0.982970147830058
1225.0,1234.8,True,baseload,0.982970139375104
1230.0,1239.8,True,baseload,0.9829701477499413
1235.0,1244.8,True,baseload,0.9831885842308116
1240.0,1249.8,True,baseload,0.9831885595135543
1245.0,1254.8,True,baseload,0.9829701423442706
1250.0,1259.8,True,baseload,0.9829701478296572
1255.0,1264.8,True,baseload,0.9829701478296572
1260.0,1269.8,True,baseload,0.982970147830058
1265.0,1274.8,True,baseload,0.9831885840828952
1270.0,1279.8,True,baseload,0.9831885842308139
1275.0,1284.8,True,baseload,0.9831885840828958
1280.0,1289.8,True,baseload,0.9831885790496845
1285.0,1294.8,True,baseload,0.9831885841238645
1290.0,1299.8,True,baseload,0.9831885840828962
1295.0,1304.8,True,baseload,0.9831885786641569
1300.0,1309.8,True,baseload,0.9831885588484958
1305.0,1314.8,True,baseload,0.983188575535597
1310.0,1319.8,True,baseload,0.9829701477499146
1315.0,1324.8,True,baseload,0.9829701416198434
1320.0,1329.8,True,baseload,0.9829701477499535
1325.0,1334.8,True,baseload,0.9829701477499492
1330.0,1339.8,True,baseload,0.9831885840828958
1335.0,1344.8,True,baseload,0.9831885800560981
1340.0,1349.8,True,baseload,0.9829701423442656
1345.0,1354.8,True,baseload,0.9829701423442456
1350.0,1359.8,True,baseload,0.9831885842308116
1355.0,1364.8,True,baseload,0.9831885840828958
1360.0,1369.8,True,baseload,0.9831885841238633
1365.0,1374.8,True,baseload,0.9831885841238633
1370.0,1379.8,True,baseload,0.9831885800148465
1375.0,1384.8,True,baseload,0.9829701477499443
1380.0,1389.8,True,baseload,0.9829701423442115
1385.0,1394.8,True,baseload,0.9829701232121539
1390.0,1399.8,True,baseload,0.982970147749994
1395.0,1404.8,True,baseload,0.9829701281128923
1400.0,1409.8,True,baseload,0.9829701413827684
1405.0,1414.8,True,baseload,0.9829701337317582
1410.0,1419.8,True,baseload,0.9829701341713518
1415.0,1424.8,True,baseload,0.9829701390585655
1420.0,1429.8,True,baseload,0.9831885800148472
1425.0,1434.8,True,baseload,0.9829701160387987
1430.0,1439.8,True,baseload,0.9831885761678206
1435.0,1444.8,True,baseload,0.9829701477499168
1440.0,1449.8,True,baseload,0.9829701478296572
1445.0,1454.8,True,baseload,0.9829701478296572
1450.0,1459.8,True,baseload,0.9829701478296572
1455.0,1464.8,True,baseload,0.9831885842308139
1460.0,1469.8,True,baseload,0.9831885842308116
1465.0,1474.8,True,baseload,0.9829701416198705
1470.0,1479.8,True,baseload,0.982970147830058
1475.0,1484.8,True,baseload,0.9829701477499616
1480.0,1489.8,True,baseload,0.9829701477499586
1485.0,1494.8,True,baseload,0.9829701226161931
1490.0,1499.8,True,baseload,0.9829701390585898
1495.0,1504.8,True,baseload,0.9829701289259448
1500.0,1509.8,True,baseload,0.9829701477499282
1505.0,1514.8,True,baseload,0.9829701477499168
1510.0,1519.8,True,baseload,0.9829701477499282
1515.0,1524.8,True,baseload,0.9831885842308139
1520.0,1529.8,True,baseload,0.9831885840828969
1525.0,1534.8,True,baseload,0.9831885790496845
1530.0,1539.8,True,baseload,0.9829701478296572
1535.0,1544.8,True,baseload,0.9829701478296572
1540.0,1549.8,True,baseload,0.9829701226959113
1545.0,1554.8,True,baseload,0.9831885779795971
1550.0,1559.8,True,baseload,0.9831885777412152
1555.0,1564.8,True,baseload,0.9829701232121199
1560.0,1569.8,True,baseload,0.982970147749928
1565.0,1574.8,True,baseload,0.9829701477499796
1570.0,1579.8,True,baseload,0.982970147830058
1575.0,1584.8,True,baseload,0.9829701477499406
1580.0,1589.8,True,baseload,0.9831885840828952
1585.0,1594.8,True,baseload,0.9831885842308116
1590.0,1599.8,True,baseload,0.9831885842308116
1595.0,1604.8,True,baseload,0.9831885778608367
1600.0,1609.8,True,baseload,0.9831885776953951
1605.0,1614.8,True,baseload,0.9831885779342457
1610.0,1619.8,True,baseload,0.9831885842308139
1615.0,1624.8,True,baseload,0.9829701477499692
1620.0,1629.8,True,baseload,0.9829701477499168
1625.0,1634.8,True,baseload,0.9831885840828952
1630.0,1639.8,True,baseload,0.9831885842308116
1635.0,1644.8,True,baseload,0.9829701477499616
1640.0,1649.8,True,baseload,0.9829701477499859
1645.0,1654.8,True,baseload,0.9829701477499303
1650.0,1659.8,True,baseload,0.9829701477499455
1655.0,1664.8,True,baseload,0.9829701477499859
1660.0,1669.8,True,baseload,0.9829701340912884
1665.0,1674.8,True,baseload,0.9829701423442824
1670.0,1679.8,True,baseload,0.9829701393750201
1675.0,1684.8,True,baseload,0.9829701477499168
1680.0,1689.8,True,baseload,0.9829701477499931
1685.0,1694.8,True,fridge,0.9999919262809138
1690.0,1699.8,True,fridge,0.9999984905093581
1695.0,1704.8,True,fridge,0.9999993459313973
1700.0,1709.8,True,fridge,0.9999993459314039
1705.0,1714.8,True,fridge,0.999999345931376
1710.0,1719.8,True,fridge,0.9999993505817085
1715.0,1724.8,True,fridge,0.9999993459313562
1720.0,1729.8,True,fridge,0.9999993459319446
1725.0,1734.8,True,fridge,0.9999993459314857
1730.0,1739.8,True,fridge,0.9999993459313562
1735.0,1744.8,True,fridge,0.999999345931376
1740.0,1749.8,True,fridge,0.9999993459315956
1745.0,1754.8,True,fridge,0.9999993459319446
1750.0,1759.8,True,fridge,0.9999993459319446
1755.0,1764.8,True,fridge,0.9999993459316866
1760.0,1769.8,True,fridge,0.9999993505817143
1765.0,1774.8,True,fridge,0.9999993505817085
1770.0,1779.8,True,fridge,0.9999993505817143
1775.0,1784.8,True,fridge,0.9999993459313973
1780.0,1789.8,True,fridge,0.9999993459313973
1785.0,1794.8,True,fridge,0.999999264869593
1790.0,1799.8,True,fridge,0.9999992648579921
1795.0,1804.8,True,fridge,0.9999992647573251
1800.0,1809.8,True,fridge,0.9999993459313973
1805.0,1814.8,True,fridge,0.9999993459313973
1810.0,1819.8,True,fridge,0.999999345931376
1815.0,1824.8,True,fridge,0.9999993505817143
1820.0,1829.8,True,fridge,0.999999345931376
1825.0,1834.8,True,fridge,0.999999345931376
1830.0,1839.8,True,fridge,0.999999345931376
1835.0,1844.8,True,fridge,0.9999993420525496
1840.0,1849.8,True,fridge,0.9999993420525496
1845.0,1854.8,True,fridge,0.9999993420525496
1850.0,1859.8,True,fridge,0.9999993420529131
1855.0,1864.8,True,fridge,0.999999342052552
1860.0,1869.8,True,fridge,0.9999993459317268
1865.0,1874.8,True,fridge,0.9999993505817085
1870.0,1879.8,True,fridge,0.999999345931376
1875.0,1884.8,True,fridge,0.9999993459318265
1880.0,1889.8,True,fridge,0.99999934593155
1885.0,1894.8,True,fridge,0.999999345931376
1890.0,1899.8,True,fridge,0.9999993505817085
1895.0,1904.8,True,fridge,0.999999345931376
1900.0,1909.8,True,fridge,0.9999993459318878
1905.0,1914.8,True,fridge,0.9999993459314139
1910.0,1919.8,True,fridge,0.9999993505817085
1915.0,1924.8,True,fridge,0.9999993505817085
1920.0,1929.8,True,fridge,0.9999993459313562
1925.0,1934.8,True,fridge,0.9999993459318265
1930.0,1939.8,True,fridge,0.9999993420525496
1935.0,1944.8,True,fridge,0.9999993459318878
1940.0,1949.8,True,fridge,0.9999993459313973
1945.0,1954.8,True,fridge,0.999999345931376
1950.0,1959.8,True,fridge,0.9999993459313562
1955.0,1964.8,True,fridge,0.9999993459313562
1960.0,1969.8,True,fridge,0.9999993459314739
1965.0,1974.8,True,fridge,0.999999345931376
1970.0,1979.8,True,fridge,0.9999993420525516
1975.0,1984.8,True,fridge,0.9999993420529131
1980.0,1989.8,True,fridge,0.999999342052552
1985.0,1994.8,True,fridge,0.999999345931376
1990.0,1999.8,True,fridge,0.999999345931376
1995.0,2004.8,True,fridge,0.9999993505817143
2000.0,2009.8,True,fridge,0.9999993459319446
2005.0,2014.8,True,fridge,0.9999993459319446
2010.0,2019.8,True,fridge,0.999999345931376
2015.0,2024.8,True,fridge,0.9999993459316866
2020.0,2029.8,True,fridge,0.9999993459317725
2025.0,2034.8,True,fridge,0.999999345931376
2030.0,2039.8,True,fridge,0.9999993459314139
2035.0,2044.8,True,fridge,0.9999993459314039
2040.0,2049.8,True,fridge,0.9999993505817085
2045.0,2054.8,True,fridge,0.9999993505817085
2050.0,2059.8,True,fridge,0.999999345931376
2055.0,2064.8,True,fridge,0.9999993459313562
2060.0,2069.8,True,fridge,0.9999993505817143
2065.0,2074.8,True,fridge,0.9999993459313973
2070.0,2079.8,True,fridge,0.9999993459313973
2075.0,2084.8,True,fridge,0.999999345931376
2080.0,2089.8,True,fridge,0.999999345931461
2085.0,2094.8,True,fridge,0.9999993505817085
2090.0,2099.8,True,fridge,0.9999993505817085
2095.0,2104.8,True,fridge,0.9999993459314483
2100.0,2109.8,True,fridge,0.9999993505817143
2105.0,2114.8,True,fridge,0.9999993505817085
2110.0,2119.8,True,fridge,0.9999993459319446
2115.0,2124.8,True,fridge,0.9999993420525496
2120.0,2129.8,True,fridge,0.999999345931376
2125.0,2134.8,True,fridge,0.999999342052552
2130.0,2139.8,True,fridge,0.999999342052552
2135.0,2144.8,True,fridge,0.9999993420529131
2140.0,2149.8,True,fridge,0.9999993420525518
2145.0,2154.8,True,fridge,0.9999993459313973
2150.0,2159.8,True,fridge,0.9999993459316866
2155.0,2164.8,True,fridge,0.9999993459317268
2160.0,2169.8,True,fridge,0.9999993459313973
2165.0,2174.8,True,fridge,0.9999993459315143
2170.0,2179.8,True,fridge,0.999999345931376
2175.0,2184.8,True,fridge,0.9999993505817085
2180.0,2189.8,True,fridge,0.9999993459313562
2185.0,2194.8,True,fridge,0.9999993459313562
2190.0,2199.8,True,fridge,0.9999993459315143
2195.0,2204.8,True,fridge,0.9999993459316866
2200.0,2209.8,True,fridge,0.999999345931376
2205.0,2214.8,True,fridge,0.9999993459313973
2210.0,2219.8,True,fridge,0.9999993459314142
2215.0,2224.8,True,fridge,0.9999993459318878
2220.0,2229.8,True,fridge,0.9999993459318265
2225.0,2234.8,True,fridge,0.9999993459313973
2230.0,2239.8,True,fridge,0.9999993459313562
2235.0,2244.8,True,fridge,0.9999993459313562
2240.0,2249.8,True,fridge,0.9999993459313562
2245.0,2254.8,True,fridge,0.9999993459313562
2250.0,2259.8,True,fridge,0.9999993459314255
2255.0,2264.8,True,fridge,0.9999993420525496
2260.0,2269.8,True,fridge,0.9999993420525496
2265.0,2274.8,True,fridge,0.9999993459315316
2270.0,2279.8,True,fridge,0.9999993459315143
2275.0,2284.8,True,fridge,0.9999993459313973
2280.0,2289.8,True,fridge,0.9999993420525518
2285.0,2294.8,True,fridge,0.9999993420529131
2290.0,2299.8,True,fridge,0.9999993420525516
2295.0,2304.8,True,fridge,0.9999993505817085
2300.0,2309.8,True,fridge,0.9999993505817143
2305.0,2314.8,True,fridge,0.9999993505817143
2310.0,2319.8,True,fridge,0.9999993420525496
2315.0,2324.8,True,fridge,0.9999993420525496
2320.0,2329.8,True,fridge,0.9999993459319446
2325.0,2334.8,True,fridge,0.9999993420525496
2330.0,2339.8,True,fridge,0.9999993459319446
2335.0,2344.8,True,fridge,0.9999993459316866
2340.0,2349.8,True,fridge,0.999999345931376
2345.0,2354.8,True,fridge,0.9999993505817143
2350.0,2359.8,True,fridge,0.999999345931376
2355.0,2364.8,True,fridge,0.9999993505817085
2360.0,2369.8,True,fridge,0.9999993505817143
2365.0,2374.8,True,fridge,0.9999993505817143
2370.0,2379.8,True,fridge,0.9999993459315956
2375.0,2384.8,True,fridge,0.9999993459319446
2380.0,2389.8,True,fridge,0.9999993459313562
2385.0,2394.8,True,fridge,0.9999993505817143
2390.0,2399.8,True,fridge,0.999999345931376
2395.0,2404.8,True,fridge,0.999999345931376
2400.0,2409.8,True,fridge,0.9999993459313973
2405.0,2414.8,True,fridge,0.999999345931376
2410.0,2419.8,True,fridge,0.999999345931376
2415.0,2424.8,True,fridge,0.9999993459313973
2420.0,2429.8,True,fridge,0.999999345931376
2425.0,2434.8,True,fridge,0.9999993459313824
2430.0,2439.8,True,fridge,0.9999993459318878
2435.0,2444.8,True,fridge,0.999999345931461
2440.0,2449.8,True,fridge,0.9999993420525496
2445.0,2454.8,True,fridge,0.9999990806452591
2450.0,2459.8,True,fridge,0.9999951415825133
2455.0,2464.8,True,baseload,0.9831885778608375
2460.0,2469.8,True,baseload,0.9831885841238633
2465.0,2474.8,True,baseload,0.9831885841238645
2470.0,2479.8,True,baseload,0.9831885791625623
2475.0,2484.8,True,baseload,0.9829701423442251
2480.0,2489.8,True,baseload,0.9831885842308116
2485.0,2494.8,True,baseload,0.9829701396905033
2490.0,2499.8,True,baseload,0.9831885842308116
2495.0,2504.8,True,baseload,0.9831885840828969
2500.0,2509.8,True,baseload,0.9831885602427306
2505.0,2514.8,True,baseload,0.9829701477499471
2510.0,2519.8,True,baseload,0.9829701477499271
2515.0,2524.8,True,baseload,0.9829701477499282
2520.0,2529.8,True,baseload,0.982970147749943
2525.0,2534.8,True,baseload,0.9829701408902993
2530.0,2539.8,True,baseload,0.9829701477499282
2535.0,2544.8,True,baseload,0.9829701477499146
2540.0,2549.8,True,baseload,0.9831885842308139
2545.0,2554.8,True,baseload,0.9829701477499989
2550.0,2559.8,True,baseload,0.9829701393751061
2555.0,2564.8,True,baseload,0.9831885842308139
2560.0,2569.8,True,baseload,0.9831885842308139
2565.0,2574.8,True,baseload,0.9829701477499153
2570.0,2579.8,True,baseload,0.9829701423442405
2575.0,2584.8,True,baseload,0.9829701477499453
2580.0,2589.8,True,baseload,0.9829701477499146
2585.0,2594.8,True,baseload,0.9831885841238645
2590.0,2599.8,True,baseload,0.983188584230815
2595.0,2604.8,True,baseload,0.9829701477499406
2600.0,2609.8,True,baseload,0.9831885840828952
2605.0,2614.8,True,baseload,0.9829701477499153
2610.0,2619.8,True,baseload,0.9829701423442138
2615.0,2624.8,True,baseload,0.9829701477499535
2620.0,2629.8,True,baseload,0.9829701477499477
2625.0,2634.8,True,baseload,0.983188578822708
2630.0,2639.8,True,baseload,0.9829701477499413
2635.0,2644.8,True,baseload,0.9829701161185185
2640.0,2649.8,True,baseload,0.9829701161185185
2645.0,2654.8,True,baseload,0.9831885753535922
2650.0,2659.8,True,baseload,0.9831885840828958
2655.0,2664.8,True,baseload,0.9831885842308139
2660.0,2669.8,True,baseload,0.9831885840828967
2665.0,2674.8,True,baseload,0.9831885840828952
2670.0,2679.8,True,baseload,0.9831885758521944
2675.0,2684.8,True,baseload,0.9829701477499168
2680.0,2689.8,True,baseload,0.9829701477499584
2685.0,2694.8,True,baseload,0.9829701477499168
2690.0,2699.8,True,baseload,0.9831885841238645
2695.0,2704.8,True,baseload,0.9831885773681475
2700.0,2709.8,True,baseload,0.9829701478296572
2705.0,2714.8,True,baseload,0.9829701478296572
2710.0,2719.8,True,baseload,0.982970147830058
2715.0,2724.8,True,baseload,0.9829701281129377
2720.0,2729.8,True,baseload,0.9829701477499989
2725.0,2734.8,True,baseload,0.9829701477499168
2730.0,2739.8,True,baseload,0.9829701477499146
2735.0,2744.8,True,baseload,0.9829701477499616
2740.0,2749.8,True,baseload,0.9829701477499492
2745.0,2754.8,True,baseload,0.9829701477499146
2750.0,2759.8,True,baseload,0.982970147749943
2755.0,2764.8,True,baseload,0.9829701477499989
2760.0,2769.8,True,baseload,0.9829701477499413
2765.0,2774.8,True,baseload,0.983188560013626
2770.0,2779.8,True,baseload,0.9829701477499146
2775.0,2784.8,True,baseload,0.9829701232121199
2780.0,2789.8,True,baseload,0.9831885800148472
2785.0,2794.8,True,baseload,0.9831885842308139
2790.0,2799.8,True,baseload,0.9829701477499271
2795.0,2804.8,True,baseload,0.9831885755355992
2800.0,2809.8,True,baseload,0.9829701477499168
2805.0,2814.8,True,baseload,0.9829701477499413
2810.0,2819.8,True,baseload,0.9831885590858902
2815.0,2824.8,True,baseload,0.9831885840828969
2820.0,2829.8,True,baseload,0.9829701289259439
2825.0,2834.8,True,baseload,0.982970143684761
2830.0,2839.8,True,baseload,0.9831885786641562
2835.0,2844.8,True,baseload,0.9831885779796017
2840.0,2849.8,True,baseload,0.9831885793895482
2845.0,2854.8,True,baseload,0.9831885596821099
2850.0,2859.8,True,baseload,0.9831885842308116
2855.0,2864.8,True,baseload,0.9831885602427329
2860.0,2869.8,True,baseload,0.9829701477499627
2865.0,2874.8,True,baseload,0.9829701393750744
2870.0,2879.8,True,baseload,0.982970147749943
2875.0,2884.8,True,baseload,0.9829701477499466
2880.0,2889.8,True,baseload,0.9829701237725277
2885.0,2894.8,True,baseload,0.9829701477499146
2890.0,2899.8,True,baseload,0.9831885588484963
2895.0,2904.8,True,baseload,0.9831885798373781
2900.0,2909.8,True,baseload,0.9829701477499477
2905.0,2914.8,True,baseload,0.9831885842308139
2910.0,2919.8,True,baseload,0.9831885842308116
2915.0,2924.8,True,baseload,0.9829701289259463
2920.0,2929.8,True,baseload,0.9829701477499989
2925.0,2934.8,True,baseload,0.9829701393888588
2930.0,2939.8,True,baseload,0.9831885842308116
2935.0,2944.8,True,baseload,0.9829701430219019
2940.0,2949.8,True,baseload,0.9829701477499413
2945.0,2954.8,True,baseload,0.9381889112112114
2950.0,2959.8,True,baseload,0.8263589426146242
2955.0,2964.8,True,baseload,0.9381891005673265
2960.0,2969.8,True,baseload,0.9831885801637883
2965.0,2974.8,True,baseload,0.9831885779795971
2970.0,2979.8,True,baseload,0.9831885791625623
2975.0,2984.8,True,baseload,0.983188584230815
2980.0,2989.8,True,baseload,0.983188584230815
2985.0,2994.8,True,baseload,0.983188575535597
2990.0,2999.8,True,baseload,0.9829701281128912
2995.0,3004.8,True,baseload,0.9829701477499859
3000.0,3009.8,True,baseload,0.982970147749943
3005.0,3014.8,True,baseload,0.9831885842308139
3010.0,3019.8,True,baseload,0.9831885771991724
3015.0,3024.8,True,baseload,0.9829701232121323
3020.0,3029.8,True,baseload,0.9829701289259543
3025.0,3034.8,True,baseload,0.9829701340912388
3030.0,3039.8,True,baseload,0.9829701289259646
3035.0,3044.8,True,baseload,0.9381888737801464
3040.0,3049.8,True,baseload,0.8263589426146242
3045.0,3054.8,True,baseload,0.9381891193642289
3050.0,3059.8,True,baseload,0.9829701477499168
3055.0,3064.8,True,baseload,0.9831885842308139
3060.0,3069.8,True,baseload,0.9829701423442396
3065.0,3074.8,True,baseload,0.9829701477499413
3070.0,3079.8,True,baseload,0.9831885842308139
3075.0,3084.8,True,baseload,0.9829701226161991
3080.0,3089.8,True,baseload,0.9829701238526386
3085.0,3094.8,True,baseload,0.982970147749994
3090.0,3099.8,True,baseload,0.9831885842308139
3095.0,3104.8,True,baseload,0.9831885842308116
3100.0,3109.8,True,baseload,0.9831885842308116
3105.0,3114.8,True,baseload,0.9831885840828952
3110.0,3119.8,True,baseload,0.9829701477499146
3115.0,3124.8,True,baseload,0.9381890955117244
3120.0,3129.8,True,baseload,0.8263589426146242
3125.0,3134.8,True,baseload,0.9381888529862425
3130.0,3139.8,True,baseload,0.9829701393750527
3135.0,3144.8,True,baseload,0.9831885754040012
3140.0,3149.8,True,baseload,0.9831885842308116
3145.0,3154.8,True,baseload,0.982970147749943
3150.0,3159.8,True,baseload,0.9831885842308139
3155.0,3164.8,True,baseload,0.9829701390585974
3160.0,3169.8,True,baseload,0.9829701477499271
3165.0,3174.8,True,baseload,0.9831885793469805
3170.0,3179.8,True,baseload,0.9831885700169236
3175.0,3184.8,True,baseload,0.9831885842308125
3180.0,3189.8,True,baseload,0.9829701477499282
3185.0,3194.8,True,baseload,0.9829701393750201
3190.0,3199.8,True,baseload,0.9831885842308139
3195.0,3204.8,True,baseload,0.9831885842308139
3200.0,3209.8,True,baseload,0.9831885840828958
3205.0,3214.8,True,baseload,0.9831885787080693
3210.0,3219.8,True,baseload,0.9829701478296572
3215.0,3224.8,True,baseload,0.9829701478296572
3220.0,3229.8,True,baseload,0.9829701477499441
3225.0,3234.8,True,baseload,0.9829701477499586
3230.0,3239.8,True,baseload,0.9829701232121633
3235.0,3244.8,True,baseload,0.9831885842308139
3240.0,3249.8,True,baseload,0.9829701477499406
3245.0,3254.8,True,baseload,0.9831885842308116
3250.0,3259.8,True,baseload,0.9829701393751006
3255.0,3264.8,True,baseload,0.9829701477499859
3260.0,3269.8,True,baseload,0.983188584082896
3265.0,3274.8,True,baseload,0.983188579006446
3270.0,3279.8,True,baseload,0.9831885780979883
3275.0,3284.8,True,baseload,0.9829701393750201
3280.0,3289.8,True,baseload,0.9831885840828958
3285.0,3294.8,True,baseload,0.9831885652062867
3290.0,3299.8,True,baseload,0.9829701416198418
3295.0,3304.8,True,baseload,0.9829701477499168
3300.0,3309.8,True,baseload,0.9831885842308116
3305.0,3314.8,True,washing_machine,0.9923683036421125
3310.0,3319.8,True,washing_machine,0.9699533618190435
3315.0,3324.8,True,baseload,0.9829701232122036
3320.0,3329.8,True,baseload,0.9829701337317773
3325.0,3334.8,True,baseload,0.9829701396905185
3330.0,3339.8,True,baseload,0.9829701477499168
3335.0,3344.8,True,baseload,0.9831885842308139
3340.0,3349.8,True,baseload,0.9829701477499989
3345.0,3354.8,True,baseload,0.9829701430219603
3350.0,3359.8,True,baseload,0.9829701477499271
3355.0,3364.8,True,baseload,0.9829701477499146
3360.0,3369.8,True,baseload,0.9831885842308139
3365.0,3374.8,True,baseload,0.9829701390585655
3370.0,3379.8,True,baseload,0.9829701396905841
3375.0,3384.8,True,baseload,0.9829701477499492
3380.0,3389.8,True,baseload,0.9829701237725298
3385.0,3394.8,True,baseload,0.9829701232121199
3390.0,3399.8,True,baseload,0.9831885588484963
3395.0,3404.8,True,baseload,0.9829701393751061
3400.0,3409.8,True,baseload,0.9829701477499859
3405.0,3414.8,True,baseload,0.983188580163786
3410.0,3419.8,True,baseload,0.9829701232918663
3415.0,3424.8,True,baseload,0.9829701161185185
3420.0,3429.8,True,baseload,0.983188584230815
3425.0,3434.8,True,baseload,0.9831885840828952
3430.0,3439.8,True,baseload,0.9831885841238633
3435.0,3444.8,True,baseload,0.9831885790496845
3440.0,3449.8,True,baseload,0.9831885841238633
3445.0,3454.8,True,baseload,0.9829701477499441
3450.0,3459.8,True,baseload,0.9829701477499453
3455.0,3464.8,True,baseload,0.982970147749943
3460.0,3469.8,True,baseload,0.98297013373177
3465.0,3474.8,True,baseload,0.9829701477499441
3470.0,3479.8,True,baseload,0.9831885842308116
3475.0,3484.8,True,baseload,0.9831885791625623
3480.0,3489.8,True,baseload,0.9829701232121525
3485.0,3494.8,True,baseload,0.982970147749965
3490.0,3499.8,True,baseload,0.9829701477499282
3495.0,3504.8,True,baseload,0.9829701477499453
3500.0,3509.8,True,baseload,0.9829701477499492
3505.0,3514.8,True,baseload,0.9829701232121463
3510.0,3519.8,True,washing_machine,0.9699534842019711
3515.0,3524.8,True,washing_machine,0.9923684010415922
3520.0,3529.8,True,washing_machine,0.9699534402543118
3525.0,3534.8,True,baseload,0.9831885700169243
3530.0,3539.8,True,baseload,0.9831885840828958
3535.0,3544.8,True,baseload,0.9831885842308139
3540.0,3549.8,True,baseload,0.9831885702063675
3545.0,3554.8,True,baseload,0.9831885842308148
3550.0,3559.8,True,baseload,0.9829701416198546
3555.0,3564.8,True,baseload,0.9829701416198597
3560.0,3569.8,True,baseload,0.9831885842308139
3565.0,3574.8,True,baseload,0.9831885842308139
3570.0,3579.8,True,baseload,0.9831885842308125
3575.0,3584.8,True,baseload,0.9829701477499168
3580.0,3589.8,True,baseload,0.9829701390585661
3585.0,3594.8,True,baseload,0.9829701477499416
3590.0,3599.8,True,baseload,0.9829701477499595
3595.0,3604.8,True,baseload,0.9829701433584576
3600.0,3609.8,True,baseload,0.9831885842308139
3605.0,3614.8,True,baseload,0.9829701477499153
3610.0,3619.8,True,baseload,0.9829701416198297
3615.0,3624.8,True,baseload,0.9831885842308116
3620.0,3629.8,True,baseload,0.9831885780979907
3625.0,3634.8,True,baseload,0.9829701340912171
3630.0,3639.8,True,baseload,0.982970147749965
3635.0,3644.8,True,baseload,0.9829701477499586
3640.0,3649.8,True,baseload,0.9829701477499271
3645.0,3654.8,True,baseload,0.9829701477499586
3650.0,3659.8,True,baseload,0.9829701477499168
3655.0,3664.8,True,baseload,0.9831885704309213
3660.0,3669.8,True,baseload,0.9831885700169236
3665.0,3674.8,True,baseload,0.9831885841238633
3670.0,3679.8,True,baseload,0.9831885840828958
3675.0,3684.8,True,baseload,0.982970147830058
3680.0,3689.8,True,baseload,0.9829701478296572
3685.0,3694.8,True,baseload,0.9829701416995585
3690.0,3699.8,True,baseload,0.9829701477499146
3695.0,3704.8,True,baseload,0.9831885842308139
3700.0,3709.8,True,baseload,0.9829701390585898
3705.0,3714.8,True,baseload,0.9831885842308139
3710.0,3719.8,True,baseload,0.9829701423442421
3715.0,3724.8,True,baseload,0.9829701393888632
3720.0,3729.8,True,baseload,0.9831885842308116
3725.0,3734.8,True,baseload,0.982970147749943
3730.0,3739.8,True,baseload,0.9831885842308116
3735.0,3744.8,True,baseload,0.9831885840828952
3740.0,3749.8,True,baseload,0.9829701477499168
3745.0,3754.8,True,baseload,0.9829701477499414
3750.0,3759.8,True,baseload,0.9831885842308116
3755.0,3764.8,True,baseload,0.9829701436847084
3760.0,3769.8,True,baseload,0.9829701477499406
3765.0,3774.8,True,baseload,0.9831885841238633
3770.0,3779.8,True,baseload,0.9831885841238633
3775.0,3784.8,True,baseload,0.9831885841238633
3780.0,3789.8,True,baseload,0.9831885841238633
3785.0,3794.8,True,baseload,0.9831885842308116
3790.0,3799.8,True,baseload,0.9829701477499466
3795.0,3804.8,True,baseload,0.98297014775
3800.0,3809.8,True,baseload,0.9829701477499692
3805.0,3814.8,True,baseload,0.9829701477499492
3810.0,3819.8,True,baseload,0.9829701477499859
3815.0,3824.8,True,baseload,0.9829701477499796
3820.0,3829.8,True,baseload,0.9829701423442115
3825.0,3834.8,True,baseload,0.9831885842308127
3830.0,3839.8,True,baseload,0.9831885771287912
3835.0,3844.8,True,baseload,0.9831885840828952
3840.0,3849.8,True,baseload,0.9831885840828962
3845.0,3854.8,True,baseload,0.9831885652062807
3850.0,3859.8,True,baseload,0.9831885842308116
3855.0,3864.8,True,baseload,0.9831885800148465
3860.0,3869.8,True,baseload,0.9829701478296572
3865.0,3874.8,True,baseload,0.9829701226959113
3870.0,3879.8,True,baseload,0.9829701341709511
3875.0,3884.8,True,baseload,0.9829701478296572
3880.0,3889.8,True,baseload,0.9829701478296572
3885.0,3894.8,True,baseload,0.9829701477499282
3890.0,3899.8,True,baseload,0.9829701477499146
3895.0,3904.8,True,baseload,0.9831885841238633
3900.0,3909.8,True,baseload,0.9829701477499421
3905.0,3914.8,True,washing_machine,0.9699534842019661
3910.0,3919.8,True,washing_machine,0.9923684010415922
3915.0,3924.8,True,washing_machine,0.9699534842019711
3920.0,3929.8,True,baseload,0.9829701478296572
3925.0,3934.8,True,baseload,0.9829701478296583
3930.0,3939.8,True,baseload,0.982970147749943
3935.0,3944.8,True,baseload,0.9829701477499294
3940.0,3949.8,True,baseload,0.9831885780979907
3945.0,3954.8,True,baseload,0.9829701289259439
3950.0,3959.8,True,baseload,0.9829701477499413
3955.0,3964.8,True,baseload,0.9831885842308116
3960.0,3969.8,True,baseload,0.9829701477499168
3965.0,3974.8,True,baseload,0.9829701477499931
3970.0,3979.8,True,baseload,0.982970128193026
3975.0,3984.8,True,baseload,0.982970147830058
3980.0,3989.8,True,baseload,0.9831885602427329
3985.0,3994.8,True,baseload,0.9831885757222388
3990.0,3999.8,True,baseload,0.9831885840828952
3995.0,4004.8,True,washing_machine,0.9699532997779956
4000.0,4009.8,True,washing_machine,0.9699532997779956
4005.0,4014.8,True,baseload,0.983188570379167
4010.0,4019.8,True,baseload,0.9831885842308139
4015.0,4024.8,True,baseload,0.9831885700169243
4020.0,4029.8,True,baseload,0.9831885787080693
4025.0,4034.8,True,baseload,0.9831885840828952
4030.0,4039.8,True,baseload,0.9831885841238633
4035.0,4044.8,True,baseload,0.9831885840828958
4040.0,4049.8,True,baseload,0.9829701406510801
4045.0,4054.8,True,baseload,0.9831885840828958
4050.0,4059.8,True,baseload,0.9831885787080693
4055.0,4064.8,True,baseload,0.9831885842308139
4060.0,4069.8,True,baseload,0.9829701396905196
4065.0,4074.8,True,baseload,0.9831885773681475
4070.0,4079.8,True,baseload,0.9831885700169243
4075.0,4084.8,True,baseload,0.9831885705660305
4080.0,4089.8,True,baseload,0.983188584230815
4085.0,4094.8,True,baseload,0.9831885842308139
4090.0,4099.8,True,baseload,0.9829701477499406
4095.0,4104.8,True,baseload,0.9829701477499989
4100.0,4109.8,True,baseload,0.9829701477499796
4105.0,4114.8,True,baseload,0.9829701477499168
4110.0,4119.8,True,baseload,0.9829701396905601
4115.0,4124.8,True,baseload,0.9829701340912047
4120.0,4129.8,True,baseload,0.9831885787080693
4125.0,4134.8,True,baseload,0.9829701477499294
4130.0,4139.8,True,baseload,0.982970147749943
4135.0,4144.8,True,baseload,0.9831885779342464
4140.0,4149.8,True,baseload,0.9831885842308139
4145.0,4154.8,True,baseload,0.9829701477499616
4150.0,4159.8,True,baseload,0.9829701437648393
4155.0,4164.8,True,baseload,0.982970147830058
4160.0,4169.8,True,baseload,0.9831885703791663
4165.0,4174.8,True,baseload,0.9831885840828969
4170.0,4179.8,True,baseload,0.9831885842308139
4175.0,4184.8,True,baseload,0.9831885840828958
4180.0,4189.8,True,baseload,0.982970147749928
4185.0,4194.8,True,baseload,0.9829701237725256
4190.0,4199.8,True,baseload,0.9831885645850496
4195.0,4204.8,True,baseload,0.983188565398448
4200.0,4209.8,True,baseload,0.9829701337317248
4205.0,4214.8,True,baseload,0.982970147830059
4210.0,4219.8,True,baseload,0.982970147830058
4215.0,4224.8,True,baseload,0.982970129006063
4220.0,4229.8,True,baseload,0.9829701289259867
4225.0,4234.8,True,baseload,0.982970143684761
4230.0,4239.8,True,baseload,0.9829701281128912
4235.0,4244.8,True,baseload,0.9829701340912068
4240.0,4249.8,True,baseload,0.9831885841238633
4245.0,4254.8,True,baseload,0.9831885800560981
4250.0,4259.8,True,baseload,0.9831885800148472
4255.0,4264.8,True,baseload,0.9831885842308139
4260.0,4269.8,True,baseload,0.9831885840828958
4265.0,4274.8,True,baseload,0.9831885753535922
4270.0,4279.8,True,baseload,0.9829701477499271
4275.0,4284.8,True,baseload,0.9829701281129128
4280.0,4289.8,True,baseload,0.9829701477499859
4285.0,4294.8,True,baseload,0.9829701477499989
4290.0,4299.8,True,baseload,0.9829701477499584
4295.0,4304.8,True,baseload,0.9829701413827963
4300.0,4309.8,True,baseload,0.9831885842308116
4305.0,4314.8,True,baseload,0.9831885840828967
4310.0,4319.8,True,baseload,0.9831885702063652
4315.0,4324.8,True,baseload,0.9829701477499796
4320.0,4329.8,True,baseload,0.9829701477499989
4325.0,4334.8,True,baseload,0.9829701477499406
4330.0,4339.8,True,baseload,0.9831885842308116
4335.0,4344.8,True,baseload,0.983188577695393
4340.0,4349.8,True,baseload,0.9831885842308116
4345.0,4354.8,True,baseload,0.9829701477499146
4350.0,4359.8,True,baseload,0.9829701477499492
4355.0,4364.8,True,baseload,0.9829701477499271
4360.0,4369.8,True,baseload,0.9831885842308139
4365.0,4374.8,True,baseload,0.9829701477499282
4370.0,4379.8,True,baseload,0.9829701340912512
4375.0,4384.8,True,baseload,0.9829701477499443
4380.0,4389.8,True,baseload,0.9831885842308139
4385.0,4394.8,True,baseload,0.9831885842308139
4390.0,4399.8,True,baseload,0.982970147749965
4395.0,4404.8,True,baseload,0.9829701477499168
4400.0,4409.8,True,baseload,0.9831885842308139
4405.0,4414.8,True,baseload,0.9829701477499413
4410.0,4419.8,True,baseload,0.9829701393750635
4415.0,4424.8,True,baseload,0.9829701477499453
4420.0,4429.8,True,baseload,0.9829701390585758
4425.0,4434.8,True,baseload,0.9829701477499168
4430.0,4439.8,True,baseload,0.9831885842308116
4435.0,4444.8,True,baseload,0.9829701406510497
4440.0,4449.8,True,baseload,0.9831885840828969
4445.0,4454.8,True,baseload,0.9831885704309213
4450.0,4459.8,True,baseload,0.9831885841238633
4455.0,4464.8,True,baseload,0.9831885840828962
4460.0,4469.8,True,baseload,0.9831885702063652
4465.0,4474.8,True,baseload,0.9831885602427306
4470.0,4479.8,True,baseload,0.9829701477499414
4475.0,4484.8,True,baseload,0.9829701477499413
4480.0,4489.8,True,baseload,0.9831885841238633
4485.0,4494.8,True,baseload,0.9831885840828958
4490.0,4499.8,True,baseload,0.9831885771287912
4495.0,4504.8,True,baseload,0.9831885841238642
4500.0,4509.8,True,baseload,0.9831885841238633
4505.0,4514.8,True,baseload,0.9831885842308148
4510.0,4519.8,True,baseload,0.9831885842308116
4515.0,4524.8,True,baseload,0.9831885841238633
4520.0,4529.8,True,baseload,0.9381888737801464
4525.0,4534.8,True,baseload,0.9381888046245545
4530.0,4539.8,True,baseload,0.9831885596821099
4535.0,4544.8,True,baseload,0.9831885842308116
4540.0,4549.8,True,baseload,0.9829701413828134
4545.0,4554.8,True,baseload,0.9829701477499796
4550.0,4559.8,True,baseload,0.9829701477499513
4555.0,4564.8,True,baseload,0.9381888228020551
4560.0,4569.8,True,baseload,0.8263589426146242
4565.0,4574.8,True,baseload,0.9381890946798043
4570.0,4579.8,True,baseload,0.9829701477499989
4575.0,4584.8,True,baseload,0.9829701477499796
4580.0,4589.8,True,baseload,0.9381891193642289
4585.0,4594.8,True,baseload,0.9376658443154651
4590.0,4599.8,True,baseload,0.9381888669540157
4595.0,4604.8,True,baseload,0.9831885798373757
4600.0,4609.8,True,baseload,0.9829701477499146
4605.0,4614.8,True,baseload,0.9829701406510786
4610.0,4619.8,True,baseload,0.9829701477499586
4615.0,4624.8,True,baseload,0.9829701416198466
4620.0,4629.8,True,baseload,0.9829701232121479
4625.0,4634.8,True,baseload,0.9829701477499406
4630.0,4639.8,True,baseload,0.9829701477499492
4635.0,4644.8,True,baseload,0.9831885842308139
4640.0,4649.8,True,baseload,0.9831885841238633
4645.0,4654.8,True,baseload,0.9831885840828958
4650.0,4659.8,True,baseload,0.982970122616165
4655.0,4664.8,True,baseload,0.9829701477499416
4660.0,4669.8,True,baseload,0.9831885841238633
4665.0,4674.8,True,baseload,0.9831885777412152
4670.0,4679.8,True,baseload,0.9829701290056568
4675.0,4684.8,True,baseload,0.9829701478296572
4680.0,4689.8,True,baseload,0.9829701478296572
4685.0,4694.8,True,baseload,0.982970147749943
4690.0,4699.8,True,baseload,0.9829701477499168
4695.0,4704.8,True,baseload,0.9829701477499492
4700.0,4709.8,True,baseload,0.9829701340912482
4705.0,4714.8,True,baseload,0.9831885842308139
4710.0,4719.8,True,baseload,0.9831885841238633
4715.0,4724.8,True,baseload,0.9831885842308139
4720.0,4729.8,True,baseload,0.9829701340912047
4725.0,4734.8,True,baseload,0.9831885596821099
4730.0,4739.8,True,baseload,0.9829701477499146
4735.0,4744.8,True,baseload,0.9831885842308139
4740.0,4749.8,True,baseload,0.9829701478296572
4745.0,4754.8,True,baseload,0.9829701478296572
4750.0,4759.8,True,baseload,0.9829701478296572
4755.0,4764.8,True,baseload,0.9831885842308148
4760.0,4769.8,True,baseload,0.9829701393888307
4765.0,4774.8,True,baseload,0.9829701477499146
4770.0,4779.8,True,baseload,0.9381889300994883
4775.0,4784.8,True,baseload,0.8263589426146242
4780.0,4789.8,True,baseload,0.9381890891423772
4785.0,4794.8,True,baseload,0.9829701477499282
4790.0,4799.8,True,baseload,0.9829701477499989
4795.0,4804.8,True,baseload,0.9829701407311925
4800.0,4809.8,True,baseload,0.9829701416198945
4805.0,4814.8,True,baseload,0.9831885841238633
4810.0,4819.8,True,baseload,0.9831885842308116
4815.0,4824.8,True,baseload,0.9829701477499282
4820.0,4829.8,True,baseload,0.982970147749943
4825.0,4834.8,True,baseload,0.9829701423442138
4830.0,4839.8,True,baseload,0.9831885796860972
4835.0,4844.8,True,baseload,0.9831885840828952
4840.0,4849.8,True,baseload,0.9829701477499989
4845.0,4854.8,True,baseload,0.9829701477499931
4850.0,4859.8,True,baseload,0.9831885596821123
4855.0,4864.8,True,baseload,0.9831885786641569
4860.0,4869.8,True,baseload,0.9829701477499441
4865.0,4874.8,True,baseload,0.9829701477499586
4870.0,4879.8,True,baseload,0.9831885842308116
4875.0,4884.8,True,baseload,0.9829701477499168
4880.0,4889.8,True,baseload,0.9831885702063652
4885.0,4894.8,True,baseload,0.9831885754040012
4890.0,4899.8,True,baseload,0.983188575686275
4895.0,4904.8,True,baseload,0.9829701477499155
4900.0,4909.8,True,baseload,0.9829701477499158
4905.0,4914.8,True,baseload,0.9831885842308116
4910.0,4919.8,True,baseload,0.9829701477499168
4915.0,4924.8,True,baseload,0.9829701477499413
4920.0,4929.8,True,baseload,0.9829701477499146
4925.0,4934.8,True,baseload,0.9829701477499282
4930.0,4939.8,True,baseload,0.9831885842308139
4935.0,4944.8,True,baseload,0.9829701477499168
4940.0,4949.8,True,baseload,0.9829701477499503
4945.0,4954.8,True,baseload,0.9829701416198297
4950.0,4959.8,True,baseload,0.982970147749943
4955.0,4964.8,True,baseload,0.9831885842308139
4960.0,4969.8,True,baseload,0.9831885700693923
4965.0,4974.8,True,baseload,0.9831885750187925
4970.0,4979.8,True,baseload,0.9831885795006717
4975.0,4984.8,True,baseload,0.9831885842308116
4980.0,4989.8,True,fridge,0.9999922522215973
4985.0,4994.8,True,fridge,0.9999984905082355
4990.0,4999.8,True,fridge,0.9999993420525549
4995.0,5004.8,True,fridge,0.9999993420525549
5000.0,5009.8,True,fridge,0.9999993420525549
5005.0,5014.8,True,fridge,0.9999993420525549
5010.0,5019.8,True,fridge,0.9999993505817352
5015.0,5024.8,True,fridge,0.9999993505817352
5020.0,5029.8,True,fridge,0.9999993505817352
5025.0,5034.8,True,fridge,0.9999993505817352
5030.0,5039.8,True,fridge,0.9999993459315578
5035.0,5044.8,True,fridge,0.9999993459318314
5040.0,5049.8,True,fridge,0.9999993459316215
5045.0,5054.8,True,fridge,0.9999993459314019
5050.0,5059.8,True,fridge,0.9999993505817352
5055.0,5064.8,True,fridge,0.9999993505817409
5060.0,5069.8,True,fridge,0.9999993459314019
5065.0,5074.8,True,fridge,0.9999993459314235
5070.0,5079.8,True,fridge,0.9999993459318314
5075.0,5084.8,True,fridge,0.9999993459314301
5080.0,5089.8,True,fridge,0.9999993459314019
5085.0,5094.8,True,fridge,0.9999993420525549
5090.0,5099.8,True,fridge,0.9999993420525549
5095.0,5104.8,True,fridge,0.9999993459314019
5100.0,5109.8,True,fridge,0.9999993459314019
5105.0,5114.8,True,fridge,0.9999993505817352
5110.0,5119.8,True,fridge,0.9999993459316486
5115.0,5124.8,True,fridge,0.9999993459317774
5120.0,5129.8,True,fridge,0.9999993459314019
5125.0,5134.8,True,fridge,0.9999993505817352
5130.0,5139.8,True,fridge,0.9999993459313824
5135.0,5144.8,True,fridge,0.9999993420525549
5140.0,5149.8,True,fridge,0.9999993420525549
5145.0,5154.8,True,fridge,0.9999993420525567
5150.0,5159.8,True,fridge,0.9999993420529182
5155.0,5164.8,True,fridge,0.9999993420525569
5160.0,5169.8,True,fridge,0.9999993459315254
5165.0,5174.8,True,fridge,0.9999993459314233
5170.0,5179.8,True,fridge,0.9999993459314019
5175.0,5184.8,True,fridge,0.9999993459317317
5180.0,5189.8,True,fridge,0.9999993459318927
5185.0,5194.8,True,fridge,0.9999993459314301
5190.0,5199.8,True,fridge,0.9999993459314301
5195.0,5204.8,True,fridge,0.9999993459319495
5200.0,5209.8,True,fridge,0.9999993459316486
5205.0,5214.8,True,fridge,0.9999993459316215
5210.0,5219.8,True,fridge,0.9999993459315001
5215.0,5224.8,True,fridge,0.9999993459317021
5220.0,5229.8,True,fridge,0.9999993420525549
5225.0,5234.8,True,fridge,0.9999993420525549
5230.0,5239.8,True,fridge,0.9999993420525549
5235.0,5244.8,True,fridge,0.9999993459315116
5240.0,5249.8,True,fridge,0.9999993459314019
5245.0,5254.8,True,fridge,0.9999993459314019
5250.0,5259.8,True,fridge,0.9999993459314019
5255.0,5264.8,True,fridge,0.9999993459314515
5260.0,5269.8,True,fridge,0.9999993459316866
5265.0,5274.8,True,fridge,0.9999993505817085
5270.0,5279.8,True,fridge,0.9999993505817085
5275.0,5284.8,True,fridge,0.9999993505718155
5280.0,5289.8,True,fridge,0.9999993505817085
5285.0,5294.8,True,fridge,0.999999345931376
5290.0,5299.8,True,fridge,0.9999993459315956
5295.0,5304.8,True,fridge,0.9999993459316227
5300.0,5309.8,True,fridge,0.9999993459313973
5305.0,5314.8,True,fridge,0.9999993420525496
5310.0,5319.8,True,fridge,0.9999993420525496
5315.0,5324.8,True,fridge,0.9999993420525496
5320.0,5329.8,True,fridge,0.9999993505817143
5325.0,5334.8,True,fridge,0.9999993505817085
5330.0,5339.8,True,fridge,0.9999993420525496
5335.0,5344.8,True,fridge,0.9999993420525496
5340.0,5349.8,True,fridge,0.9999993459313562
5345.0,5354.8,True,fridge,0.9999993459314483
5350.0,5359.8,True,fridge,0.9999993459315143
5355.0,5364.8,True,fridge,0.9999993459313973
5360.0,5369.8,True,fridge,0.9999993459314255
5365.0,5374.8,True,fridge,0.9999993459313973
5370.0,5379.8,True,fridge,0.999999345931376
5375.0,5384.8,True,fridge,0.9999993459318265
5380.0,5389.8,True,fridge,0.9999993420525496
5385.0,5394.8,True,fridge,0.9999993420529131
5390.0,5399.8,True,fridge,0.999999342052552
5395.0,5404.8,True,fridge,0.9999993505817085
5400.0,5409.8,True,fridge,0.9999993459313562
5405.0,5414.8,True,fridge,0.9999993420525496
5410.0,5419.8,True,fridge,0.9999993420525496
5415.0,5424.8,True,fridge,0.9999993420525496
5420.0,5429.8,True,fridge,0.9999993459315143
5425.0,5434.8,True,fridge,0.9999993459318878
5430.0,5439.8,True,fridge,0.9999993459314364
5435.0,5444.8,True,fridge,0.9999993505817085
5440.0,5449.8,True,fridge,0.9999993459313973
5445.0,5454.8,True,fridge,0.999999345931376
5450.0,5459.8,True,fridge,0.9999993459314483
5455.0,5464.8,True,fridge,0.9999993420525496
5460.0,5469.8,True,fridge,0.9999993420525496
5465.0,5474.8,True,fridge,0.9999993459318265
5470.0,5479.8,True,fridge,0.999999345931376
5475.0,5484.8,True,fridge,0.9999993459315143
5480.0,5489.8,True,fridge,0.9999993459316531
5485.0,5494.8,True,fridge,0.9999993459318878
5490.0,5499.8,True,fridge,0.9999993459319446
5495.0,5504.8,True,fridge,0.9999993459315956
5500.0,5509.8,True,fridge,0.999999345931376
5505.0,5514.8,True,fridge,0.999999345931376
5510.0,5519.8,True,fridge,0.99999934593155
5515.0,5524.8,True,fridge,0.9999993459319446
5520.0,5529.8,True,fridge,0.9999993459316866
5525.0,5534.8,True,fridge,0.9999993459313562
5530.0,5539.8,True,fridge,0.9999993505817085
5535.0,5544.8,True,fridge,0.999999342052552
5540.0,5549.8,True,fridge,0.999999342052552
5545.0,5554.8,True,fridge,0.999999345931376
5550.0,5559.8,True,fridge,0.9999993505817085
5555.0,5564.8,True,fridge,0.9999993459314483
5560.0,5569.8,True,fridge,0.999999345931376
5565.0,5574.8,True,fridge,0.9999993505817085
5570.0,5579.8,True,fridge,0.999999345931376
5575.0,5584.8,True,fridge,0.9999993459316866
5580.0,5589.8,True,fridge,0.9999993459313562
5585.0,5594.8,True,fridge,0.9999993459313973
5590.0,5599.8,True,fridge,0.9999993459318265
5595.0,5604.8,True,fridge,0.999999345931376
5600.0,5609.8,True,fridge,0.9999993505817085
5605.0,5614.8,True,fridge,0.9999993420525496
5610.0,5619.8,True,fridge,0.9999993420525496
5615.0,5624.8,True,fridge,0.9999993505817143
5620.0,5629.8,True,fridge,0.999999345931376
5625.0,5634.8,True,fridge,0.9999993505817085
5630.0,5639.8,True,fridge,0.9999993505817085
5635.0,5644.8,True,fridge,0.999999345931376
5640.0,5649.8,True,fridge,0.999999345931376
5645.0,5654.8,True,fridge,0.9999993459313562
5650.0,5659.8,True,fridge,0.999999345931376
5655.0,5664.8,True,fridge,0.999999345931376
5660.0,5669.8,True,fridge,0.999999345931376
5665.0,5674.8,True,fridge,0.9999993505817085
5670.0,5679.8,True,fridge,0.9999993459313562
5675.0,5684.8,True,fridge,0.9999993459314739
5680.0,5689.8,True,fridge,0.9999993505817143
5685.0,5694.8,True,fridge,0.9999993505718155
5690.0,5699.8,True,fridge,0.9999993505817085
5695.0,5704.8,True,fridge,0.9999993505817085
5700.0,5709.8,True,fridge,0.9999993505817085
5705.0,5714.8,True,fridge,0.999999345931376
5710.0,5719.8,True,fridge,0.9999993459315956
5715.0,5724.8,True,fridge,0.999999345931376
5720.0,5729.8,True,fridge,0.9999993420525496
5725.0,5734.8,True,fridge,0.9999993420529131
5730.0,5739.8,True,fridge,0.999999342052552
5735.0,5744.8,True,fridge,0.999999345931461
5740.0,5749.8,True,fridge,0.9999993459318878
5745.0,5754.8,True,fridge,0.9999993420525496
5750.0,5759.8,True,fridge,0.9999993459314039
5755.0,5764.8,True,fridge,0.999999345931376
5760.0,5769.8,True,fridge,0.9999993505817143
5765.0,5774.8,True,fridge,0.999999345931376
5770.0,5779.8,True,fridge,0.999999345931376
5775.0,5784.8,True,fridge,0.9999993505817085
5780.0,5789.8,True,fridge,0.9999992647532924
5785.0,5794.8,True,fridge,0.9999992647532924
5790.0,5799.8,True,fridge,0.9999993459313562
5795.0,5804.8,True,fridge,0.9999993459315143
5800.0,5809.8,True,fridge,0.99999907789332
5805.0,5814.8,True,fridge,0.9999959417632548
5810.0,5819.8,True,baseload,0.9829701477499692
5815.0,5824.8,True,baseload,0.982970139770649
5820.0,5829.8,True,baseload,0.982970147830058
5825.0,5834.8,True,baseload,0.982970147749965
5830.0,5839.8,True,baseload,0.9829701477499616
5835.0,5844.8,True,baseload,0.9831885840828958
5840.0,5849.8,True,baseload,0.9831885840828958
5845.0,5854.8,True,baseload,0.9829701414625107
5850.0,5859.8,True,baseload,0.9829701478296572
5855.0,5864.8,True,baseload,0.9829701478296572
5860.0,5869.8,True,baseload,0.9829701477499487
5865.0,5874.8,True,baseload,0.98297014234425
5870.0,5879.8,True,baseload,0.9829701406510497
5875.0,5884.8,True,baseload,0.9829701226162191
5880.0,5889.8,True,baseload,0.9829701477499752
5885.0,5894.8,True,baseload,0.9829701390585633
5890.0,5899.8,True,baseload,0.9831885645850496
5895.0,5904.8,True,baseload,0.9831885841238633
5900.0,5909.8,True,baseload,0.9829701477499414
5905.0,5914.8,True,baseload,0.9829701477499616
5910.0,5919.8,True,baseload,0.9829701340912183
5915.0,5924.8,True,baseload,0.9831885795006742
5920.0,5929.8,True,baseload,0.9829701477499155
5925.0,5934.8,True,baseload,0.9829701477499513
5930.0,5939.8,True,baseload,0.9829701477499168
5935.0,5944.8,True,baseload,0.9829701341709511
5940.0,5949.8,True,baseload,0.9829701478296572
5945.0,5954.8,True,baseload,0.9829701478296572
5950.0,5959.8,True,baseload,0.9829701393888307
5955.0,5964.8,True,baseload,0.9829701478296572
5960.0,5969.8,True,baseload,0.9829701478296572
5965.0,5974.8,True,baseload,0.9829701478296572
5970.0,5979.8,True,baseload,0.9381888046245545
5975.0,5984.8,True,baseload,0.8263589426146242
5980.0,5989.8,True,baseload,0.9381891193642324
5985.0,5994.8,True,baseload,0.9831885800148472
5990.0,5999.8,True,baseload,0.9831885840828967
5995.0,6004.8,True,baseload,0.9831885841238633
6000.0,6009.8,True,baseload,0.9831885841238633
6005.0,6014.8,True,baseload,0.9831885840828958
6010.0,6019.8,True,baseload,0.9829701237725695
6015.0,6024.8,True,baseload,0.9829701477499859
6020.0,6029.8,True,baseload,0.9829701477499146
6025.0,6034.8,True,baseload,0.9829701477499702
6030.0,6039.8,True,baseload,0.9829701340912068
6035.0,6044.8,True,baseload,0.9829701237725224
6040.0,6049.8,True,baseload,0.9829701436847245
6045.0,6054.8,True,baseload,0.9829701436846959
6050.0,6059.8,True,baseload,0.9829701477499807
6055.0,6064.8,True,baseload,0.9829701408902972
6060.0,6069.8,True,baseload,0.9831885772459724
6065.0,6074.8,True,baseload,0.9831885841238633
6070.0,6079.8,True,baseload,0.9829701478296572
6075.0,6084.8,True,baseload,0.9829701478296572
6080.0,6089.8,True,baseload,0.982970147830058
6085.0,6094.8,True,baseload,0.9829701477499168
6090.0,6099.8,True,baseload,0.9829701416198503
6095.0,6104.8,True,baseload,0.9831885842308148
6100.0,6109.8,True,baseload,0.983188578822708
6105.0,6114.8,True,baseload,0.9831885705660328
6110.0,6119.8,True,baseload,0.9829701477499271
6115.0,6124.8,True,baseload,0.982970147749929
6120.0,6129.8,True,baseload,0.9831885842308139
6125.0,6134.8,True,baseload,0.983188575535597
6130.0,6139.8,True,baseload,0.9829701477499146
6135.0,6144.8,True,baseload,0.9831885842308139
6140.0,6149.8,True,baseload,0.9831885787080693
6145.0,6154.8,True,baseload,0.9831885754040031
6150.0,6159.8,True,baseload,0.9829701477499158
6155.0,6164.8,True,baseload,0.9829701477499425
6160.0,6169.8,True,baseload,0.9829701477499432
6165.0,6174.8,True,baseload,0.9829701281926252
6170.0,6179.8,True,baseload,0.9829701384822285
6175.0,6184.8,True,baseload,0.9829701232918663
6180.0,6189.8,True,baseload,0.9829701477499168
6185.0,6194.8,True,baseload,0.9829701160388504
6190.0,6199.8,True,baseload,0.9829701423442824
6195.0,6204.8,True,baseload,0.9381889300994919
6200.0,6209.8,True,baseload,0.8263589426146242
6205.0,6214.8,True,baseload,0.9381891193642289
6210.0,6219.8,True,baseload,0.9829701477499153
6215.0,6224.8,True,baseload,0.9829701477499535
6220.0,6229.8,True,baseload,0.9829701477499998
6225.0,6234.8,True,baseload,0.9829701477499432
6230.0,6239.8,True,baseload,0.9831885596821123
6235.0,6244.8,True,baseload,0.9831885842308116
6240.0,6249.8,True,baseload,0.983188584082896
6245.0,6254.8,True,baseload,0.9829701477499406
6250.0,6259.8,True,baseload,0.9829701477499477
6255.0,6264.8,True,baseload,0.9829701477499294
6260.0,6269.8,True,baseload,0.9831885842308139
6265.0,6274.8,True,baseload,0.9831885840828952
6270.0,6279.8,True,baseload,0.9381891029237269
6275.0,6284.8,True,baseload,0.8263589426146242
6280.0,6289.8,True,baseload,0.9381888046245545
6285.0,6294.8,True,baseload,0.9381888750302314
6290.0,6299.8,True,baseload,0.9831885590858925
6295.0,6304.8,True,baseload,0.9829701477499271
6300.0,6309.8,True,baseload,0.9829701477499485
6305.0,6314.8,True,baseload,0.982970138726296
6310.0,6319.8,True,baseload,0.9829701477499406
6315.0,6324.8,True,baseload,0.9829701477499859
6320.0,6329.8,True,baseload,0.9829701477499535
6325.0,6334.8,True,baseload,0.9831885842308116
6330.0,6339.8,True,baseload,0.9829701390586176
6335.0,6344.8,True,baseload,0.9829701477499989
6340.0,6349.8,True,baseload,0.9831885705660328
6345.0,6354.8,True,baseload,0.9829701226959113
6350.0,6359.8,True,baseload,0.9829701478296572
6355.0,6364.8,True,baseload,0.9829701423442897
6360.0,6369.8,True,baseload,0.9831885842308116
6365.0,6374.8,True,baseload,0.9831885841238633
6370.0,6379.8,True,baseload,0.9829701477499168
6375.0,6384.8,True,baseload,0.9829701477499859
6380.0,6389.8,True,baseload,0.9829701477499282
6385.0,6394.8,True,baseload,0.9829701477499931
6390.0,6399.8,True,baseload,0.9829701390586416
6395.0,6404.8,True,baseload,0.9831885842308139
6400.0,6409.8,True,baseload,0.9831885790064466
6405.0,6414.8,True,baseload,0.9829701161185185
6410.0,6419.8,True,baseload,0.9829701226959113
6415.0,6424.8,True,baseload,0.9829701477499616
6420.0,6429.8,True,baseload,0.9829701477499931
6425.0,6434.8,True,baseload,0.9829701477499158
6430.0,6439.8,True,baseload,0.983188584082896
6435.0,6444.8,True,baseload,0.9829701478296572
6440.0,6449.8,True,baseload,0.9829701226959113
6445.0,6454.8,True,baseload,0.9831885793895482
6450.0,6459.8,True,baseload,0.9829701390585655
6455.0,6464.8,True,baseload,0.9829701390586344
6460.0,6469.8,True,baseload,0.9829701423442955
6465.0,6474.8,True,baseload,0.982970147830058
6470.0,6479.8,True,baseload,0.9829701478296572
6475.0,6484.8,True,baseload,0.9829701478296581
6480.0,6489.8,True,baseload,0.9831885704309213
6485.0,6494.8,True,baseload,0.9831885770053783
6490.0,6499.8,True,baseload,0.9829701477499168
6495.0,6504.8,True,baseload,0.9829701477499282
6500.0,6509.8,True,baseload,0.9829701477499282
6505.0,6514.8,True,baseload,0.9831885840828958
6510.0,6519.8,True,baseload,0.9831885841238633
6515.0,6524.8,True,baseload,0.9831885842308116
6520.0,6529.8,True,baseload,0.9829701161185185
6525.0,6534.8,True,baseload,0.9829701232918663
6530.0,6539.8,True,baseload,0.983188584230815
6535.0,6544.8,True,baseload,0.9829701477499146
6540.0,6549.8,True,baseload,0.9829701477499406
6545.0,6554.8,True,baseload,0.9829701477499271
6550.0,6559.8,True,baseload,0.9829701416198425
6555.0,6564.8,True,baseload,0.9829701477499146
6560.0,6569.8,True,baseload,0.9831885788227057
6565.0,6574.8,True,baseload,0.9831885841238633
6570.0,6579.8,True,baseload,0.9831885700693923
6575.0,6584.8,True,baseload,0.9831885842308139
6580.0,6589.8,True,baseload,0.9831885842308116
6585.0,6594.8,True,baseload,0.9831885840828952
6590.0,6599.8,True,baseload,0.9831885801637883
6595.0,6604.8,True,baseload,0.9831885645850496
6600.0,6609.8,True,baseload,0.9829701416198162
6605.0,6614.8,True,baseload,0.9829701477499292
6610.0,6619.8,True,baseload,0.9381891193642289
6615.0,6624.8,True,baseload,0.8263589426146242
6620.0,6629.8,True,baseload,0.9381889026289325
6625.0,6634.8,True,baseload,0.9831885700693923
6630.0,6639.8,True,washing_machine,0.8907271222218617
6635.0,6644.8,True,washing_machine,0.9923684010415922
6640.0,6649.8,True,washing_machine,0.969953484201991
6645.0,6654.8,True,baseload,0.9831885759902472
6650.0,6659.8,True,baseload,0.9831885842308139
6655.0,6664.8,True,baseload,0.982970147749943
6660.0,6669.8,True,baseload,0.9829701340912183
6665.0,6674.8,True,baseload,0.982970147749965
6670.0,6679.8,True,baseload,0.9829701161185185
6675.0,6684.8,True,baseload,0.9829701161185185
6680.0,6689.8,True,baseload,0.9831885840828958
6685.0,6694.8,True,baseload,0.9831885841238645
6690.0,6699.8,True,baseload,0.9829701477499146
6695.0,6704.8,True,baseload,0.9831885752031913
6700.0,6709.8,True,washing_machine,0.969953484201991
6705.0,6714.8,True,washing_machine,0.9923684010415922
6710.0,6719.8,True,washing_machine,0.890727231783464
6715.0,6724.8,True,baseload,0.9831885840828952
6720.0,6729.8,True,baseload,0.9829701478300588
6725.0,6734.8,True,baseload,0.9829701232922671
6730.0,6739.8,True,baseload,0.9829701226162486
6735.0,6744.8,True,baseload,0.9829701341713518
6740.0,6749.8,True,baseload,0.9831885842308139
6745.0,6754.8,True,baseload,0.9831885769581035
6750.0,6759.8,True,baseload,0.9381889300994883
6755.0,6764.8,True,baseload,0.8263589426146242
6760.0,6769.8,True,baseload,0.9381889300994883
6765.0,6774.8,True,baseload,0.9829701477499492
6770.0,6779.8,True,baseload,0.9829701477499282
6775.0,6784.8,True,baseload,0.9829701340912047
6780.0,6789.8,True,baseload,0.982970147749965
6785.0,6794.8,True,baseload,0.9829701477499586
6790.0,6799.8,True,baseload,0.9831885842308139
6795.0,6804.8,True,baseload,0.9831885842308125
6800.0,6809.8,True,baseload,0.9829701396905342
6805.0,6814.8,True,baseload,0.9829701396905369
6810.0,6819.8,True,baseload,0.9829701423442115
6815.0,6824.8,True,baseload,0.9829701477499282
6820.0,6829.8,True,baseload,0.9829701289259283
6825.0,6834.8,True,baseload,0.9829701477499282
6830.0,6839.8,True,baseload,0.9829701477499931
6835.0,6844.8,True,baseload,0.9829701477499453
6840.0,6849.8,True,baseload,0.9829701477499282
6845.0,6854.8,True,baseload,0.9829701477499282
6850.0,6859.8,True,baseload,0.9831885788227057
6855.0,6864.8,True,baseload,0.9829701477499271
6860.0,6869.8,True,baseload,0.9831885594489878
6865.0,6874.8,True,baseload,0.9831885779342464
6870.0,6879.8,True,baseload,0.9829701408903253
6875.0,6884.8,True,baseload,0.9829701423442138
6880.0,6889.8,True,baseload,0.9829701289259439
6885.0,6894.8,True,baseload,0.9829701289259658
6890.0,6899.8,True,baseload,0.9829701477499692
6895.0,6904.8,True,baseload,0.9829701393888648
6900.0,6909.8,True,baseload,0.9831885756724583
6905.0,6914.8,True,baseload,0.9831885841238633
6910.0,6919.8,True,baseload,0.9381891005673265
6915.0,6924.8,True,baseload,0.8263589426146242
6920.0,6929.8,True,baseload,0.9381889300994916
6925.0,6934.8,True,baseload,0.9829701393750911
6930.0,6939.8,True,baseload,0.982970147749965
6935.0,6944.8,True,baseload,0.9831885841238633
6940.0,6949.8,True,baseload,0.9831885795006742
6945.0,6954.8,True,baseload,0.9829701477499176
6950.0,6959.8,True,baseload,0.982970147749994
6955.0,6964.8,True,baseload,0.9829701477499989
6960.0,6969.8,True,baseload,0.982970147749929
6965.0,6974.8,True,baseload,0.982970147749943
6970.0,6979.8,True,baseload,0.9829701477499271
6975.0,6984.8,True,baseload,0.9381889076845322
6980.0,6989.8,True,baseload,0.9381888046245545
6985.0,6994.8,True,baseload,0.9829701477499859
6990.0,6999.8,True,baseload,0.982970142683993
6995.0,7004.8,True,baseload,0.9381889026289325
7000.0,7009.8,True,baseload,0.8263589426146242
7005.0,7014.8,True,baseload,0.9381890955117244
7010.0,7019.8,True,baseload,0.9831885755355995
7015.0,7024.8,True,baseload,0.9831885702063652
7020.0,7029.8,True,baseload,0.9829701477499271
7025.0,7034.8,True,baseload,0.9829701477499931
7030.0,7039.8,True,baseload,0.9829701413827963
7035.0,7044.8,True,baseload,0.9829701477499146
7040.0,7049.8,True,baseload,0.9829701477499168
7045.0,7054.8,True,baseload,0.9829701396905494
7050.0,7059.8,True,baseload,0.982970147749946
7055.0,7064.8,True,baseload,0.9829701477499616
7060.0,7069.8,True,baseload,0.9829701396905841
7065.0,7074.8,True,baseload,0.9829701340912047
7070.0,7079.8,True,baseload,0.9829701477499492
7075.0,7084.8,True,baseload,0.9829701477499586
7080.0,7089.8,True,baseload,0.9829701426839489
7085.0,7094.8,True,baseload,0.9829701477499282
7090.0,7099.8,True,baseload,0.9831885842308125
7095.0,7104.8,True,baseload,0.9829701477499179
7100.0,7109.8,True,baseload,0.9829701477499492
7105.0,7114.8,True,baseload,0.9829701477499543
7110.0,7119.8,True,baseload,0.9831885842308148
7115.0,7124.8,True,baseload,0.983188570379167
7120.0,7129.8,True,baseload,0.9831885602427329
7125.0,7134.8,True,baseload,0.9829701477499477
7130.0,7139.8,True,baseload,0.9831885778608367
7135.0,7144.8,True,baseload,0.9831885841238633
7140.0,7149.8,True,baseload,0.9831885842308116
7145.0,7154.8,True,baseload,0.9829701424243544
7150.0,7159.8,True,baseload,0.9829701340912884
7155.0,7164.8,True,baseload,0.9831885842308148
7160.0,7169.8,True,baseload,0.982970147749943
7165.0,7174.8,True,baseload,0.9829701477499859
7170.0,7179.8,True,baseload,0.9829701237725454
7175.0,7184.8,True,baseload,0.9829701477499702
7180.0,7189.8,True,baseload,0.9829701237725622
7185.0,7194.8,True,baseload,0.9829701161185185
7190.0,7199.8,True,baseload,0.9829701384822285
7195.0,7204.8,True,baseload,0.9829701161185185
7200.0,7209.8,True,baseload,0.9831885842308116
7205.0,7214.8,True,baseload,0.9831885842308148
7210.0,7219.8,True,baseload,0.9831885840828958
7215.0,7224.8,True,baseload,0.9381889223340026
7220.0,7229.8,True,baseload,0.9376658443154651
7225.0,7234.8,True,baseload,0.9381891040940072
7230.0,7239.8,True,baseload,0.9831885702063652
7235.0,7244.8,True,baseload,0.983188576167823
7240.0,7249.8,True,baseload,0.9829701226959113
7245.0,7254.8,True,baseload,0.9829701161185185
7250.0,7259.8,True,baseload,0.9831885840828958
7255.0,7264.8,True,baseload,0.9831885840828958
7260.0,7269.8,True,baseload,0.9831885594489884
7265.0,7274.8,True,baseload,0.9831885704309213
7270.0,7279.8,True,baseload,0.9829701477499702
7275.0,7284.8,True,baseload,0.982970147830059
7280.0,7289.8,True,baseload,0.9829701478296572
7285.0,7294.8,True,washing_machine,0.9699533705466189
7290.0,7299.8,True,washing_machine,0.9699532622544578
7295.0,7304.8,True,baseload,0.9829701477499586
7300.0,7309.8,True,baseload,0.9829701396905325
7305.0,7314.8,True,baseload,0.9831885842308139
7310.0,7319.8,True,baseload,0.9831885758521969
7315.0,7324.8,True,baseload,0.9829701477499168
7320.0,7329.8,True,baseload,0.9829701477499168
7325.0,7334.8,True,baseload,0.9829701477499146
7330.0,7339.8,True,baseload,0.9829701477499146
7335.0,7344.8,True,baseload,0.9829701477499168
7340.0,7349.8,True,baseload,0.9829701477499859
7345.0,7354.8,True,baseload,0.9381888894460766
7350.0,7359.8,True,baseload,0.8263589426146242
7355.0,7364.8,True,baseload,0.9381891193642289
7360.0,7369.8,True,baseload,0.9831885842308139
7365.0,7374.8,True,baseload,0.9829701390585655
7370.0,7379.8,True,baseload,0.9829701416198452
7375.0,7384.8,True,baseload,0.9831885801637883
7380.0,7389.8,True,baseload,0.9831885653984457
7385.0,7394.8,True,baseload,0.9831885788227057
7390.0,7399.8,True,baseload,0.983188584230815
7395.0,7404.8,True,baseload,0.9829701477499989
7400.0,7409.8,True,baseload,0.9829701477499271
7405.0,7414.8,True,baseload,0.9831885841238633
7410.0,7419.8,True,baseload,0.9829701477499168
7415.0,7424.8,True,baseload,0.9829701340912409
7420.0,7429.8,True,baseload,0.9829701478296572
7425.0,7434.8,True,baseload,0.9829701384822285
7430.0,7439.8,True,baseload,0.9829701478296572
7435.0,7444.8,True,baseload,0.9831885779342464
7440.0,7449.8,True,baseload,0.9381888046245545
7445.0,7454.8,True,baseload,0.9381888331180402
7450.0,7459.8,True,baseload,0.9829701408903236
7455.0,7464.8,True,baseload,0.9829701477499796
7460.0,7469.8,True,baseload,0.9829701477499616
7465.0,7474.8,True,baseload,0.9829701477499931
7470.0,7479.8,True,baseload,0.982970147749943
7475.0,7484.8,True,baseload,0.982970143021909
7480.0,7489.8,True,baseload,0.9829701232121664
7485.0,7494.8,True,baseload,0.9829701477499146
7490.0,7499.8,True,baseload,0.9831885842308116
7495.0,7504.8,True,baseload,0.9829701477499146
7500.0,7509.8,True,baseload,0.9829701161185185
7505.0,7514.8,True,baseload,0.9829701161185185
7510.0,7519.8,True,baseload,0.9829701478296572
7515.0,7524.8,True,baseload,0.982970147830059
7520.0,7529.8,True,baseload,0.9829701477499406
7525.0,7534.8,True,baseload,0.9829701237724936
7530.0,7539.8,True,baseload,0.983188584230815
7535.0,7544.8,True,baseload,0.9831885842308139
7540.0,7549.8,True,baseload,0.9829701232918663
7545.0,7554.8,True,baseload,0.9381890868610212
7550.0,7559.8,True,baseload,0.8263589426146242
7555.0,7564.8,True,baseload,0.9381889076845322
7560.0,7569.8,True,baseload,0.9831885841238633
7565.0,7574.8,True,baseload,0.9381891193642289
7570.0,7579.8,True,baseload,0.8263589426146242
7575.0,7584.8,True,baseload,0.938188796235212
7580.0,7589.8,True,baseload,0.9829701477499513
7585.0,7594.8,True,baseload,0.982970147830059
7590.0,7599.8,True,baseload,0.9829701289259158
7595.0,7604.8,True,baseload,0.9831885842308139
7600.0,7609.8,True,baseload,0.9829701237725169
7605.0,7614.8,True,baseload,0.9829701413827684
7610.0,7619.8,True,baseload,0.9831885842308116
7615.0,7624.8,True,baseload,0.9831885700169236
7620.0,7629.8,True,baseload,0.9381888046245545
7625.0,7634.8,True,baseload,0.9381888750302314
7630.0,7639.8,True,baseload,0.9381889300994883
7635.0,7644.8,True,baseload,0.9376658443154651
7640.0,7649.8,True,baseload,0.9831885800148472
7645.0,7654.8,True,baseload,0.9829701406510752
7650.0,7659.8,True,baseload,0.9829701232121907
7655.0,7664.8,True,baseload,0.9829701237725622
7660.0,7669.8,True,baseload,0.982970147749946
7665.0,7674.8,True,baseload,0.9831885801637883
7670.0,7679.8,True,baseload,0.9829701337317355
7675.0,7684.8,True,baseload,0.9829701477499989
7680.0,7689.8,True,baseload,0.9829701433585151
7685.0,7694.8,True,baseload,0.982970147749946
7690.0,7699.8,True,baseload,0.9829701397702482
7695.0,7704.8,True,baseload,0.9829701478296572
7700.0,7709.8,True,baseload,0.9829701238526386
7705.0,7714.8,True,baseload,0.9829701477499168
7710.0,7719.8,True,baseload,0.9829701477499294
7715.0,7724.8,True,baseload,0.9829701390586155
7720.0,7729.8,True,baseload,0.9829701237725219
7725.0,7734.8,True,baseload,0.9829701478296572
7730.0,7739.8,True,baseload,0.9829701478296572
7735.0,7744.8,True,baseload,0.9831885841238633
7740.0,7749.8,True,baseload,0.9831885703791663
7745.0,7754.8,True,baseload,0.9831885842308139
7750.0,7759.8,True,baseload,0.9381888974079818
7755.0,7764.8,True,baseload,0.7902266381985282
7760.0,7769.8,True,baseload,0.9376658443154651
7765.0,7774.8,True,baseload,0.9381891193642289
7770.0,7779.8,True,baseload,0.9829701161185185
7775.0,7784.8,True,baseload,0.9829701478296581
7780.0,7789.8,True,baseload,0.9829701477499513
7785.0,7794.8,True,baseload,0.9829701433584308
7790.0,7799.8,True,baseload,0.9831885594489884
7795.0,7804.8,True,washing_machine,0.9999971098574901
7800.0,7809.8,True,washing_machine,0.9999994989590654
7805.0,7814.8,True,washing_machine,0.969953484201991
7810.0,7819.8,True,baseload,0.9831885841238633
7815.0,7824.8,True,baseload,0.9829701426839438
7820.0,7829.8,True,baseload,0.9829701477499989
7825.0,7834.8,True,baseload,0.9829701226161991
7830.0,7839.8,True,baseload,0.9829701477499432
7835.0,7844.8,True,baseload,0.9381888529862425
7840.0,7849.8,True,baseload,0.9381888310457661
7845.0,7854.8,True,baseload,0.9829701477499176
7850.0,7859.8,True,baseload,0.9829701477499492
7855.0,7864.8,True,baseload,0.9829701337317127
7860.0,7869.8,True,baseload,0.9381889300994916
7865.0,7874.8,True,baseload,0.8263589426146242
7870.0,7879.8,True,baseload,0.9381891193642289
7875.0,7884.8,True,baseload,0.9829701477499282
7880.0,7889.8,True,baseload,0.9831885788227057
7885.0,7894.8,True,baseload,0.9831885756724604
7890.0,7899.8,True,baseload,0.9831885842308116
7895.0,7904.8,True,baseload,0.9829701478300588
7900.0,7909.8,True,baseload,0.9829701478296572
7905.0,7914.8,True,baseload,0.9829701478296572
7910.0,7919.8,True,baseload,0.9829701406510497
7915.0,7924.8,True,baseload,0.9831885842308139
7920.0,7929.8,True,baseload,0.9831885842308139
7925.0,7934.8,True,baseload,0.9831885761678206
7930.0,7939.8,True,baseload,0.9831885841238633
7935.0,7944.8,True,baseload,0.9831885760394287
7940.0,7949.8,True,baseload,0.9831885645850472
7945.0,7954.8,True,baseload,0.9381891193642324
7950.0,7959.8,True,baseload,0.8263589426146242
7955.0,7964.8,True,baseload,0.9381888889743765
7960.0,7969.8,True,baseload,0.982970147830058
7965.0,7974.8,True,baseload,0.9831885842308116
7970.0,7979.8,True,baseload,0.9829701232121479
7975.0,7984.8,True,baseload,0.9829701477499584
7980.0,7989.8,True,baseload,0.9829701161185185
7985.0,7994.8,True,baseload,0.9829701161185185
7990.0,7999.8,True,baseload,0.9829701413827684
7995.0,8004.8,True,baseload,0.9831885842308127
8000.0,8009.8,True,baseload,0.9831885841238633
8005.0,8014.8,True,baseload,0.9831885840828958
8010.0,8019.8,True,baseload,0.9829701396905342
8015.0,8024.8,True,baseload,0.9829701226161774
8020.0,8029.8,True,baseload,0.9829701477499168
8025.0,8034.8,True,baseload,0.9829701477499271
8030.0,8039.8,True,baseload,0.9829701477499989
8035.0,8044.8,True,baseload,0.9829701416198872
8040.0,8049.8,True,baseload,0.9829701477499453
8045.0,8054.8,True,baseload,0.9829701232121479
8050.0,8059.8,True,baseload,0.982970147749965
8055.0,8064.8,True,baseload,0.9829701477499989
8060.0,8069.8,True,baseload,0.9829701396905204
8065.0,8074.8,True,baseload,0.9831885644418947
8070.0,8079.8,True,baseload,0.9829701436847219
8075.0,8084.8,True,baseload,0.982970147830058
8080.0,8089.8,True,baseload,0.9829701477499616
8085.0,8094.8,True,baseload,0.9831885842308139
8090.0,8099.8,True,baseload,0.9829701478296572
8095.0,8104.8,True,baseload,0.9381888889743765
8100.0,8109.8,True,baseload,0.9381888046245545
8105.0,8114.8,True,baseload,0.9829701478296572
8110.0,8119.8,True,baseload,0.9829701478296572
8115.0,8124.8,True,baseload,0.9829701424239536
8120.0,8129.8,True,baseload,0.9829701341713518
8125.0,8134.8,True,baseload,0.9829701477499616
8130.0,8139.8,True,baseload,0.9829701341709511
8135.0,8144.8,True,baseload,0.9829701161185185
8140.0,8149.8,True,baseload,0.9829701477499146
8145.0,8154.8,True,baseload,0.9829701477499271
8150.0,8159.8,True,baseload,0.9831885842308116
8155.0,8164.8,True,baseload,0.9831885702063652
8160.0,8169.8,True,baseload,0.9831885842308116
8165.0,8174.8,True,baseload,0.9831885840828952
8170.0,8179.8,True,baseload,0.9831885840828958
8175.0,8184.8,True,baseload,0.9831885842308127
8180.0,8189.8,True,baseload,0.9831885841238633
8185.0,8194.8,True,baseload,0.9831885652062813
8190.0,8199.8,True,baseload,0.9829701477499146
8195.0,8204.8,True,baseload,0.9831885842308139
8200.0,8209.8,True,baseload,0.9831885840828952
8205.0,8214.8,True,baseload,0.9829701478296583
8210.0,8219.8,True,baseload,0.9829701478296572
8215.0,8224.8,True,baseload,0.982970147830058
8220.0,8229.8,True,baseload,0.9831885788227057
8225.0,8234.8,True,baseload,0.9829701281926252
8230.0,8239.8,True,baseload,0.9829701478296572
8235.0,8244.8,True,baseload,0.982970147830058
8240.0,8249.8,True,baseload,0.9829701477499492
8245.0,8254.8,True,baseload,0.9829701477499492
8250.0,8259.8,True,baseload,0.9829701478296572
8255.0,8264.8,True,baseload,0.9829701478296572
8260.0,8269.8,True,baseload,0.9829701238522378
8265.0,8274.8,True,baseload,0.9831885840828952
8270.0,8279.8,True,baseload,0.9831885841238633
8275.0,8284.8,True,baseload,0.9831885652595077
8280.0,8289.8,True,baseload,0.9829701423442138
8285.0,8294.8,True,baseload,0.9829701477499492
8290.0,8299.8,True,baseload,0.9831885840828952
8295.0,8304.8,True,baseload,0.9829701477499155
8300.0,8309.8,True,baseload,0.982970122616165
8305.0,8314.8,True,baseload,0.9831885842308116
8310.0,8319.8,True,baseload,0.9829701478296572
8315.0,8324.8,True,baseload,0.9829701478296581
8320.0,8329.8,True,baseload,0.9829701477499931
8325.0,8334.8,True,baseload,0.9829701478296572
8330.0,8339.8,True,baseload,0.9829701478296572
8335.0,8344.8,True,baseload,0.9829701478296581
8340.0,8349.8,True,baseload,0.9831885840828958
8345.0,8354.8,True,baseload,0.9829701477499796
8350.0,8359.8,True,baseload,0.9829701477499692
8355.0,8364.8,True,baseload,0.982970147749943
8360.0,8369.8,True,baseload,0.9829701341709511
8365.0,8374.8,True,baseload,0.9829701478296572
8370.0,8379.8,True,baseload,0.9829701161185185
8375.0,8384.8,True,baseload,0.9829701161185185
8380.0,8389.8,True,baseload,0.9829701161185185
8385.0,8394.8,True,baseload,0.9829701384822285
8390.0,8399.8,True,baseload,0.9829701478296583
8395.0,8404.8,True,baseload,0.9829701281129328
8400.0,8409.8,True,baseload,0.982970129006063
8405.0,8414.8,True,baseload,0.982970122616224
8410.0,8419.8,True,baseload,0.9829701478296572
8415.0,8424.8,True,baseload,0.9829701232918663
8420.0,8429.8,True,baseload,0.9831885842308139
8425.0,8434.8,True,baseload,0.9831885841238633
8430.0,8439.8,True,baseload,0.9831885840828958
8435.0,8444.8,True,baseload,0.9381888310457661
8440.0,8449.8,True,baseload,0.9381888046245545
8445.0,8454.8,True,baseload,0.9831885842308139
8450.0,8459.8,True,baseload,0.9831885842308139
8455.0,8464.8,True,baseload,0.9831885840828952
8460.0,8469.8,True,baseload,0.9829701478296572
8465.0,8474.8,True,baseload,0.9829701478296572
8470.0,8479.8,True,baseload,0.9829701437644385
8475.0,8484.8,True,baseload,0.9831885841238633
8480.0,8489.8,True,baseload,0.9831885842308116
8485.0,8494.8,True,baseload,0.9381890706196112
8490.0,8499.8,True,fridge,0.9999943549447722
8495.0,8504.8,True,fridge,0.9999984249925089
8500.0,8509.8,True,fridge,0.999999342052552
8505.0,8514.8,True,fridge,0.9999993420529131
8510.0,8519.8,True,fridge,0.9999993420525516
8515.0,8524.8,True,fridge,0.9999993459314039
8520.0,8529.8,True,fridge,0.999999345931376
8525.0,8534.8,True,fridge,0.9999993459313562
8530.0,8539.8,True,fridge,0.9999993420525496
8535.0,8544.8,True,fridge,0.9999993420529131
8540.0,8549.8,True,fridge,0.999999342052552
8545.0,8554.8,True,fridge,0.9999993505817085
8550.0,8559.8,True,fridge,0.999999345931376
8555.0,8564.8,True,fridge,0.9999993459314483
8560.0,8569.8,True,fridge,0.999999345931376
8565.0,8574.8,True,fridge,0.9999993505817085
8570.0,8579.8,True,fridge,0.9999993505817085
8575.0,8584.8,True,fridge,0.9999993505817143
8580.0,8589.8,True,fridge,0.9999993505817085
8585.0,8594.8,True,fridge,0.9999993459313973
8590.0,8599.8,True,fridge,0.999999345931376
8595.0,8604.8,True,fridge,0.9999993505817143
8600.0,8609.8,True,fridge,0.999999345931376
8605.0,8614.8,True,fridge,0.9999993459314739
8610.0,8619.8,True,fridge,0.9999993420525496
8615.0,8624.8,True,fridge,0.9999993420525549
8620.0,8629.8,True,fridge,0.9999993420525549
8625.0,8634.8,True,fridge,0.9999993459314019
8630.0,8639.8,True,fridge,0.9999993459314019
8635.0,8644.8,True,fridge,0.9999993459314019
8640.0,8649.8,True,fridge,0.9999993459314515
8645.0,8654.8,True,fridge,0.9999993420525549
8650.0,8659.8,True,fridge,0.9999993420525549
8655.0,8664.8,True,fridge,0.9999993505817352
8660.0,8669.8,True,fridge,0.9999993505817352
8665.0,8674.8,True,fridge,0.9999993505817352
8670.0,8679.8,True,fridge,0.9999993505817352
8675.0,8684.8,True,fridge,0.9999993420525549
8680.0,8689.8,True,fridge,0.9999993420525549
8685.0,8694.8,True,fridge,0.9999993420525549
8690.0,8699.8,True,fridge,0.9999993420525549
8695.0,8704.8,True,fridge,0.9999993420525549
8700.0,8709.8,True,fridge,0.9999993505817352
8705.0,8714.8,True,fridge,0.9999993505817352
8710.0,8719.8,True,fridge,0.9999993459314019
8715.0,8724.8,True,fridge,0.9999993505817352
8720.0,8729.8,True,fridge,0.9999993459314872
8725.0,8734.8,True,fridge,0.9999993459315254
8730.0,8739.8,True,fridge,0.9999993505817352
8735.0,8744.8,True,fridge,0.9999993459314019
8740.0,8749.8,True,fridge,0.9999993459314019
8745.0,8754.8,True,fridge,0.9999993459314019
8750.0,8759.8,True,fridge,0.9999993459314019
8755.0,8764.8,True,fridge,0.9999993459314019
8760.0,8769.8,True,fridge,0.9999992647532979
8765.0,8774.8,True,fridge,0.9999992647532979
8770.0,8779.8,True,fridge,0.9999993420525549
8775.0,8784.8,True,fridge,0.9999993459319495
8780.0,8789.8,True,fridge,0.9999993459314019
8785.0,8794.8,True,fridge,0.9999993459314019
8790.0,8799.8,True,fridge,0.9999993459315403
8795.0,8804.8,True,fridge,0.9999993459318927
8800.0,8809.8,True,fridge,0.9999993459313824
8805.0,8814.8,True,fridge,0.9999993459316486
8810.0,8819.8,True,fridge,0.9999993459317317
8815.0,8824.8,True,fridge,0.9999993505817409
8820.0,8829.8,True,fridge,0.9999993420525549
8825.0,8834.8,True,fridge,0.9999993420525549
8830.0,8839.8,True,fridge,0.9999993420525549
8835.0,8844.8,True,fridge,0.9999993420525567
8840.0,8849.8,True,fridge,0.9999993420529182
8845.0,8854.8,True,fridge,0.9999993420525567
8850.0,8859.8,True,fridge,0.9999993459314019
8855.0,8864.8,True,fridge,0.9999993420525567
8860.0,8869.8,True,fridge,0.9999993420529182
8865.0,8874.8,True,fridge,0.9999993420525567
8870.0,8879.8,True,fridge,0.9999993420525549
8875.0,8884.8,True,fridge,0.9999993420525549
8880.0,8889.8,True,fridge,0.9999993420525569
8885.0,8894.8,True,fridge,0.9999993420529182
8890.0,8899.8,True,fridge,0.9999993420525567
8895.0,8904.8,True,fridge,0.9999993420525549
8900.0,8909.8,True,fridge,0.9999993459314233
8905.0,8914.8,True,fridge,0.9999993459314233
8910.0,8919.8,True,fridge,0.9999993459316215
8915.0,8924.8,True,fridge,0.9999993420525549
8920.0,8929.8,True,fridge,0.9999993420525549
8925.0,8934.8,True,fridge,0.9999993459316486
8930.0,8939.8,True,fridge,0.9999993459314233
8935.0,8944.8,True,fridge,0.9999993459313824
8940.0,8949.8,True,fridge,0.999999345931376
8945.0,8954.8,True,fridge,0.9999993505817143
8950.0,8959.8,True,fridge,0.9999993420525496
8955.0,8964.8,True,fridge,0.9999993420525496
8960.0,8969.8,True,fridge,0.9999993420525496
8965.0,8974.8,True,fridge,0.9999993459317268
8970.0,8979.8,True,fridge,0.9999993420525496
8975.0,8984.8,True,fridge,0.9999993420525496
8980.0,8989.8,True,fridge,0.9999993420525496
8985.0,8994.8,True,fridge,0.9999993459318878
8990.0,8999.8,True,fridge,0.999999342052552
8995.0,9004.8,True,fridge,0.999999342052552
9000.0,9009.8,True,fridge,0.9999993459317268
9005.0,9014.8,True,fridge,0.9999993459316531
9010.0,9019.8,True,fridge,0.9999993459316531
9015.0,9024.8,True,fridge,0.9999993420525496
9020.0,9029.8,True,fridge,0.9999993420525496
9025.0,9034.8,True,fridge,0.999999345931376
9030.0,9039.8,True,fridge,0.9999993420525496
9035.0,9044.8,True,fridge,0.9999993420525496
9040.0,9049.8,True,fridge,0.9999993420525496
9045.0,9054.8,True,fridge,0.9999993420525496
9050.0,9059.8,True,fridge,0.9999993459313562
9055.0,9064.8,True,fridge,0.9999993505817085
9060.0,9069.8,True,fridge,0.9999993420525496
9065.0,9074.8,True,fridge,0.9999993420525496
9070.0,9079.8,True,fridge,0.9999993420525496
9075.0,9084.8,True,fridge,0.9999993420525496
9080.0,9089.8,True,fridge,0.9999993459314483
9085.0,9094.8,True,fridge,0.9999993459317725
9090.0,9099.8,True,fridge,0.9999993459314142
9095.0,9104.8,True,fridge,0.999999345931376
9100.0,9109.8,True,fridge,0.9999993505817085
9105.0,9114.8,True,fridge,0.9999993420525496
9110.0,9119.8,True,fridge,0.9999993420525496
9115.0,9124.8,True,fridge,0.9999990778932794
9120.0,9129.8,True,fridge,0.9999951020203759
9125.0,9134.8,True,baseload,0.9829701338114456
9130.0,9139.8,True,baseload,0.9829701478296572
9135.0,9144.8,True,baseload,0.9829701384822285
9140.0,9149.8,True,baseload,0.9829701161189195
9145.0,9154.8,True,baseload,0.98318857916256
9150.0,9159.8,True,baseload,0.9831885841238633
9155.0,9164.8,True,baseload,0.9829701232918663
9160.0,9169.8,True,baseload,0.9829701232918663
9165.0,9174.8,True,baseload,0.9829701477499146
9170.0,9179.8,True,baseload,0.9829701436847553
9175.0,9184.8,True,baseload,0.9829701391387127
9180.0,9189.8,True,baseload,0.982970147830058
9185.0,9194.8,True,baseload,0.982970147830058
9190.0,9199.8,True,baseload,0.9831885840828958
9195.0,9204.8,True,baseload,0.9831885841238633
9200.0,9209.8,True,baseload,0.9831885841238642
9205.0,9214.8,True,baseload,0.9829701416995585
9210.0,9219.8,True,baseload,0.9829701384822285
9215.0,9224.8,True,baseload,0.9829701161185185
9220.0,9229.8,True,baseload,0.9829701237724914
9225.0,9234.8,True,baseload,0.9831885841238633
9230.0,9239.8,True,baseload,0.9831885760394287
9235.0,9244.8,True,baseload,0.9829701337317297
9240.0,9249.8,True,baseload,0.8263589426146242
9245.0,9254.8,True,baseload,0.9381888889743765
9250.0,9259.8,True,baseload,0.9829701384822285
9255.0,9264.8,True,baseload,0.9829701407307918
9260.0,9269.8,True,baseload,0.982970147830058
9265.0,9274.8,True,baseload,0.9829701478296572
9270.0,9279.8,True,baseload,0.9829701478296572
9275.0,9284.8,True,baseload,0.9829701423442138
9280.0,9289.8,True,baseload,0.9829701393888611
9285.0,9294.8,True,baseload,0.9829701477499616
9290.0,9299.8,True,baseload,0.9829701340912183
9295.0,9304.8,True,baseload,0.982970128925918
9300.0,9309.8,True,baseload,0.9829701232918663
9305.0,9314.8,True,baseload,0.9829701226959113
9310.0,9319.8,True,baseload,0.9381889300994883
9315.0,9324.8,True,baseload,0.8263589426146242
9320.0,9329.8,True,baseload,0.9381891193642289
9325.0,9334.8,True,baseload,0.982970138726305
9330.0,9339.8,True,baseload,0.9829701340912068
9335.0,9344.8,True,baseload,0.9831885758521944
9340.0,9349.8,True,baseload,0.982970147749943
9345.0,9354.8,True,baseload,0.9829701477499168
9350.0,9359.8,True,baseload,0.9831885840828958
9355.0,9364.8,True,baseload,0.9831885842308116
9360.0,9369.8,True,baseload,0.9831885790064466
9365.0,9374.8,True,baseload,0.9829701423442396
9370.0,9379.8,True,baseload,0.9829701478296572
9375.0,9384.8,True,baseload,0.9829701338114456
9380.0,9389.8,True,baseload,0.9381888501591226
9385.0,9394.8,True,baseload,0.8263589426146242
9390.0,9399.8,True,baseload,0.9381890891423701
9395.0,9404.8,True,baseload,0.9829701436847803
9400.0,9409.8,True,baseload,0.9829701390586099
9405.0,9414.8,True,baseload,0.9829701477499406
9410.0,9419.8,True,baseload,0.9381888737801464
9415.0,9424.8,True,baseload,0.9376658443154651
9420.0,9429.8,True,baseload,0.9829701478296572
9425.0,9434.8,True,baseload,0.9829701478296572
9430.0,9439.8,True,baseload,0.982970147830058
9435.0,9444.8,True,baseload,0.9829701437648393
9440.0,9449.8,True,baseload,0.9381889300994919
9445.0,9454.8,True,baseload,0.8263589426146242
9450.0,9459.8,True,baseload,0.9381890718696968
9455.0,9464.8,True,baseload,0.9829701281926252
9460.0,9469.8,True,baseload,0.9829701161185185
9465.0,9474.8,True,baseload,0.9831885602427306
9470.0,9479.8,True,baseload,0.9829701393750336
9475.0,9484.8,True,baseload,0.9831885590858902
9480.0,9489.8,True,baseload,0.9831885753535917
9485.0,9494.8,True,baseload,0.9829701424239536
9490.0,9499.8,True,washing_machine,0.9699534842019661
9495.0,9504.8,True,washing_machine,0.9923684493549773
9500.0,9509.8,True,washing_machine,0.9699534842019661
9505.0,9514.8,True,baseload,0.9829701477499146
9510.0,9519.8,True,baseload,0.9829701477499282
9515.0,9524.8,True,baseload,0.9829701477499146
9520.0,9529.8,True,baseload,0.9829701226161913
9525.0,9534.8,True,baseload,0.9829701289259996
9530.0,9539.8,True,baseload,0.9829701161185185
9535.0,9544.8,True,baseload,0.9829701161185185
9540.0,9549.8,True,baseload,0.9829701408903563
9545.0,9554.8,True,baseload,0.9829701423442955
9550.0,9559.8,True,baseload,0.9829701477499859
9555.0,9564.8,True,baseload,0.9829701477499702
9560.0,9569.8,True,baseload,0.9829701423442396
9565.0,9574.8,True,baseload,0.9829701477499859
9570.0,9579.8,True,baseload,0.98297013913831
9575.0,9584.8,True,baseload,0.9829701478296572
9580.0,9589.8,True,baseload,0.9829701478296572
9585.0,9594.8,True,baseload,0.9831885840828952
9590.0,9599.8,True,baseload,0.9831885800560981
9595.0,9604.8,True,baseload,0.9381888046245545
9600.0,9609.8,True,baseload,0.9381888046245545
9605.0,9614.8,True,baseload,0.9829701281129052
9610.0,9619.8,True,baseload,0.9829701477499153
9615.0,9624.8,True,baseload,0.9381891193642289
9620.0,9629.8,True,baseload,0.8263589426146242
9625.0,9634.8,True,baseload,0.9381888046245545
9630.0,9639.8,True,baseload,0.9831885589142452
9635.0,9644.8,True,baseload,0.9831885840828958
9640.0,9649.8,True,baseload,0.9829701477499931
9645.0,9654.8,True,baseload,0.9829701289259939
9650.0,9659.8,True,baseload,0.982970147749974
9655.0,9664.8,True,baseload,0.982970141619863
9660.0,9669.8,True,baseload,0.9831885842308116
9665.0,9674.8,True,baseload,0.9831885798373757
9670.0,9679.8,True,baseload,0.9829701477499492
9675.0,9684.8,True,baseload,0.9829701161185185
9680.0,9689.8,True,baseload,0.9829701478296572
9685.0,9694.8,True,baseload,0.9829701289259699
9690.0,9699.8,True,baseload,0.9829701238526386
9695.0,9704.8,True,baseload,0.9829701477499271
9700.0,9709.8,True,baseload,0.9381889300994916
9705.0,9714.8,True,baseload,0.8263589426146242
9710.0,9719.8,True,baseload,0.9381888808552032
9715.0,9724.8,True,baseload,0.9829701384822285
9720.0,9729.8,True,baseload,0.9829701478296572
9725.0,9734.8,True,baseload,0.9829701478296572
9730.0,9739.8,True,baseload,0.98297013913831
9735.0,9744.8,True,baseload,0.9829701393751061
9740.0,9749.8,True,baseload,0.9829701396905067
9745.0,9754.8,True,baseload,0.9831885842308116
9750.0,9759.8,True,baseload,0.9829701477499616
9755.0,9764.8,True,baseload,0.9829701406510962
9760.0,9769.8,True,baseload,0.9829701161185185
9765.0,9774.8,True,baseload,0.9829701341709511
9770.0,9779.8,True,baseload,0.9829701396905185
9775.0,9784.8,True,baseload,0.9831885842308116
9780.0,9789.8,True,baseload,0.9831885759902472
9785.0,9794.8,True,baseload,0.9831885756724604
9790.0,9799.8,True,baseload,0.9829701416198162
9795.0,9804.8,True,baseload,0.9381888046245545
9800.0,9809.8,True,baseload,0.9381888046245545
9805.0,9814.8,True,baseload,0.9829701478296581
9810.0,9819.8,True,baseload,0.9829701478296572
9815.0,9824.8,True,baseload,0.9381888046245545
9820.0,9829.8,True,baseload,0.9381888889743765
9825.0,9834.8,True,baseload,0.9829701161185185
9830.0,9839.8,True,baseload,0.9829701161185185
9835.0,9844.8,True,baseload,0.9829701384822285
9840.0,9849.8,True,baseload,0.9829701281926252
9845.0,9854.8,True,baseload,0.9831885841238633
9850.0,9859.8,True,baseload,0.9831885842308139
9855.0,9864.8,True,baseload,0.9829701337317117
9860.0,9869.8,True,baseload,0.9831885842308116
9865.0,9874.8,True,baseload,0.9829701477499146
9870.0,9879.8,True,baseload,0.9829701477499146
9875.0,9884.8,True,baseload,0.9831885779342457
9880.0,9889.8,True,baseload,0.9831885842308139
9885.0,9894.8,True,baseload,0.9831885841238633
9890.0,9899.8,True,baseload,0.9831885780979907
9895.0,9904.8,True,baseload,0.9829701477499931
9900.0,9909.8,True,baseload,0.9829701477499146
9905.0,9914.8,True,baseload,0.9831885842308148
9910.0,9919.8,True,baseload,0.9831885758660135
9915.0,9924.8,True,baseload,0.9831885588484963
9920.0,9929.8,True,baseload,0.9831885801637883
9925.0,9934.8,True,baseload,0.9829701477499406
9930.0,9939.8,True,baseload,0.9829701477499168
9935.0,9944.8,True,baseload,0.9831885841238633
9940.0,9949.8,True,baseload,0.9829701232918663
9945.0,9954.8,True,baseload,0.9829701161185185
9950.0,9959.8,True,baseload,0.982970147830058
9955.0,9964.8,True,baseload,0.9829701289259805
9960.0,9969.8,True,baseload,0.9831885703791663
9965.0,9974.8,True,baseload,0.9831885759902438
9970.0,9979.8,True,baseload,0.9831885797279968
9975.0,9984.8,True,baseload,0.9831885779342464
9980.0,9989.8,True,baseload,0.9831885596821123
9985.0,9994.8,True,baseload,0.9831885755356016
9990.0,9999.8,True,baseload,0.938189034040563
9995.0,10004.8,True,baseload,0.9376658443154651
10000.0,10009.8,True,baseload,0.9381889300994883
10005.0,10014.8,True,baseload,0.9829701477499492
10010.0,10019.8,True,baseload,0.9829701423442615
10015.0,10024.8,True,baseload,0.9829701477499153
10020.0,10029.8,True,baseload,0.983188565398448
10025.0,10034.8,True,baseload,0.9381888310457661
10030.0,10039.8,True,baseload,0.9381888046245545
10035.0,10044.8,True,baseload,0.982970147749965
10040.0,10049.8,True,baseload,0.9829701477499796
10045.0,10054.8,True,baseload,0.9829701477499146
10050.0,10059.8,True,baseload,0.9831885841238645
10055.0,10064.8,True,baseload,0.9831885840828958
10060.0,10069.8,True,baseload,0.9381888447425307
10065.0,10074.8,True,baseload,0.8263589426146242
10070.0,10079.8,True,baseload,0.9381891017485552
10075.0,10084.8,True,baseload,0.9829701226959113
10080.0,10089.8,True,baseload,0.9829701226959113
10085.0,10094.8,True,baseload,0.9831885602427306
10090.0,10099.8,True,baseload,0.9381891193642289
10095.0,10104.8,True,baseload,0.8263589426146242
10100.0,10109.8,True,baseload,0.9381888331180402
10105.0,10114.8,True,baseload,0.9829701281926252
10110.0,10119.8,True,baseload,0.9829701478296572
10115.0,10124.8,True,baseload,0.9381888310457661
10120.0,10129.8,True,baseload,0.9381888046245545
10125.0,10134.8,True,baseload,0.9829701477499441
10130.0,10139.8,True,baseload,0.9831885840828952
10135.0,10144.8,True,baseload,0.9831885842308116
10140.0,10149.8,True,baseload,0.9829701477499282
10145.0,10154.8,True,baseload,0.9829701436847429
10150.0,10159.8,True,baseload,0.9829701237725454
10155.0,10164.8,True,baseload,0.9829701477499597
10160.0,10169.8,True,baseload,0.9829701477499859
10165.0,10174.8,True,baseload,0.982970147830058
10170.0,10179.8,True,baseload,0.9829701393888807
10175.0,10184.8,True,baseload,0.9831885841238633
10180.0,10189.8,True,baseload,0.9831885653984457
10185.0,10194.8,True,baseload,0.9831885602427306
10190.0,10199.8,True,baseload,0.9831885840828967
10195.0,10204.8,True,baseload,0.9829701477499406
10200.0,10209.8,True,baseload,0.9829701338114456
10205.0,10214.8,True,baseload,0.9829701478296572
10210.0,10219.8,True,baseload,0.9829701394547689
10215.0,10224.8,True,baseload,0.9831885705660328
10220.0,10229.8,True,baseload,0.9831885842308139
10225.0,10234.8,True,baseload,0.9829701477499406
10230.0,10239.8,True,baseload,0.9829701423442442
10235.0,10244.8,True,baseload,0.9829701477499271
10240.0,10249.8,True,baseload,0.9381889223340026
10245.0,10254.8,True,baseload,0.9376658443154651
10250.0,10259.8,True,baseload,0.938189031968288
10255.0,10264.8,True,baseload,0.9829701477499503
10260.0,10269.8,True,baseload,0.9831885842308116
10265.0,10274.8,True,baseload,0.9831885840828952
10270.0,10279.8,True,baseload,0.983188560013626
10275.0,10284.8,True,baseload,0.9829701406510997
10280.0,10289.8,True,baseload,0.982970147830058
10285.0,10294.8,True,baseload,0.9829701478296572
10290.0,10299.8,True,baseload,0.9829701437644385
10295.0,10304.8,True,baseload,0.9829701477499168
10300.0,10309.8,True,baseload,0.983188565398448
10305.0,10314.8,True,baseload,0.9831885842308139
10310.0,10319.8,True,baseload,0.9829701477499146
10315.0,10324.8,True,baseload,0.9829701478296583
10320.0,10329.8,True,baseload,0.9829701478296572
10325.0,10334.8,True,baseload,0.9829701414625122
10330.0,10339.8,True,baseload,0.9829701226161905
10335.0,10344.8,True,baseload,0.9829701423442115
10340.0,10349.8,True,baseload,0.9831885840828952
10345.0,10354.8,True,baseload,0.9829701434381733
10350.0,10359.8,True,baseload,0.9829701478296572
10355.0,10364.8,True,baseload,0.9829701478296572
10360.0,10369.8,True,baseload,0.9829701478296572
10365.0,10374.8,True,baseload,0.9829701478296572
10370.0,10379.8,True,baseload,0.9381891193642289
10375.0,10384.8,True,baseload,0.9376658443154651
10380.0,10389.8,True,baseload,0.9381889300994883
10385.0,10394.8,True,baseload,0.9829701406510806
10390.0,10399.8,True,baseload,0.9829701393750703
10395.0,10404.8,True,baseload,0.9829701290056623
10400.0,10409.8,True,baseload,0.9829701384822283
10405.0,10414.8,True,baseload,0.9829701226959113
10410.0,10419.8,True,baseload,0.9831885840828958
10415.0,10424.8,True,baseload,0.9831885842308116
10420.0,10429.8,True,washing_machine,0.9699533952784263
10425.0,10434.8,True,washing_machine,0.9923684010415922
10430.0,10439.8,True,washing_machine,0.8907270040006543
10435.0,10444.8,True,baseload,0.8263589426146242
10440.0,10449.8,True,baseload,0.93818900909715
10445.0,10454.8,True,baseload,0.9829701477499616
10450.0,10459.8,True,baseload,0.9829701477499692
10455.0,10464.8,True,baseload,0.982970147749943
10460.0,10469.8,True,washing_machine,0.9699532622544578
10465.0,10474.8,True,washing_machine,0.9699532997779956
10470.0,10479.8,True,baseload,0.9829701478296572
10475.0,10484.8,True,baseload,0.9829701478296572
10480.0,10489.8,True,fridge,0.999994879978563
10485.0,10494.8,True,fridge,0.9999984555005083
10490.0,10499.8,True,fridge,0.9999993420525496
10495.0,10504.8,True,fridge,0.9999993459313562
10500.0,10509.8,True,fridge,0.9999993505817085
10505.0,10514.8,True,fridge,0.9999992647573254
10510.0,10519.8,True,fridge,0.9999992647573254
10515.0,10524.8,True,fridge,0.9999993505817085
10520.0,10529.8,True,fridge,0.9999993420525496
10525.0,10534.8,True,fridge,0.9999993420525496
10530.0,10539.8,True,fridge,0.999999345931376
10535.0,10544.8,True,fridge,0.9999993459315143
10540.0,10549.8,True,fridge,0.9999993420525496
10545.0,10554.8,True,fridge,0.9999993420525496
10550.0,10559.8,True,fridge,0.9999993459313562
10555.0,10564.8,True,fridge,0.9999993505817085
10560.0,10569.8,True,fridge,0.9999993505817085
10565.0,10574.8,True,fridge,0.9999993505817143
10570.0,10579.8,True,fridge,0.9999993420525496
10575.0,10584.8,True,fridge,0.9999993420525496
10580.0,10589.8,True,fridge,0.9999993420525496
10585.0,10594.8,True,fridge,0.9999993459316227
10590.0,10599.8,True,fridge,0.9999993420525496
10595.0,10604.8,True,fridge,0.9999993420525496
10600.0,10609.8,True,fridge,0.9999993459315316
10605.0,10614.8,True,fridge,0.9999993420525496
10610.0,10619.8,True,fridge,0.9999993420525496
10615.0,10624.8,True,fridge,0.9999993420525496
10620.0,10629.8,True,fridge,0.9999993505817085
10625.0,10634.8,True,fridge,0.9999993505817143
10630.0,10639.8,True,fridge,0.9999993459315143
10635.0,10644.8,True,fridge,0.9999993459313562
10640.0,10649.8,True,fridge,0.9999993505817085
10645.0,10654.8,True,fridge,0.9999993505817085
10650.0,10659.8,True,fridge,0.999999345931376
10655.0,10664.8,True,fridge,0.999999345931376
10660.0,10669.8,True,fridge,0.999999345931376
10665.0,10674.8,True,fridge,0.9999993459313562
10670.0,10679.8,True,fridge,0.9999993420525496
10675.0,10684.8,True,fridge,0.9999993420525496
10680.0,10689.8,True,fridge,0.9999993420525496
10685.0,10694.8,True,fridge,0.9999993420525496
10690.0,10699.8,True,fridge,0.9999993420525518
10695.0,10704.8,True,fridge,0.9999993420529131
10700.0,10709.8,True,fridge,0.9999993420525516
10705.0,10714.8,True,fridge,0.9999993459315143
10710.0,10719.8,True,fridge,0.9999993459314255
10715.0,10724.8,True,fridge,0.9999993420525496
10720.0,10729.8,True,fridge,0.9999993420525496
10725.0,10734.8,True,fridge,0.9999993420525531
10730.0,10739.8,True,fridge,0.9999993420457863
10735.0,10744.8,True,fridge,0.9999993420525496
10740.0,10749.8,True,fridge,0.999999345931376
10745.0,10754.8,True,fridge,0.9999993459315143
10750.0,10759.8,True,fridge,0.9999993459314857
10755.0,10764.8,True,fridge,0.9999993420525496
10760.0,10769.8,True,fridge,0.9999993420525496
10765.0,10774.8,True,fridge,0.9999993420525496
10770.0,10779.8,True,fridge,0.9999993505817085
10775.0,10784.8,True,fridge,0.9999993505817085
10780.0,10789.8,True,fridge,0.9999993420525496
10785.0,10794.8,True,fridge,0.9999993420525496
10790.0,10799.8,True,fridge,0.9999993420525496
10795.0,10804.8,True,fridge,0.9999993459314739
10800.0,10809.8,True,fridge,0.9999993459314139
10805.0,10814.8,True,fridge,0.9999993459316227
10810.0,10819.8,True,fridge,0.999999345931376
10815.0,10824.8,True,fridge,0.9999993505817085
10820.0,10829.8,True,fridge,0.9999993505817085
10825.0,10834.8,True,fridge,0.999999345931376
10830.0,10839.8,True,fridge,0.9999993459316227
10835.0,10844.8,True,fridge,0.9999993459313562
10840.0,10849.8,True,fridge,0.9999993459313824
10845.0,10854.8,True,fridge,0.9999993459315403
10850.0,10859.8,True,fridge,0.9999993420525549
10855.0,10864.8,True,fridge,0.9999993420525549
10860.0,10869.8,True,fridge,0.9999993420525549
10865.0,10874.8,True,fridge,0.9999993420525569
10870.0,10879.8,True,fridge,0.9999993420529182
10875.0,10884.8,True,fridge,0.9999993420525567
10880.0,10889.8,True,fridge,0.9999993420525549
10885.0,10894.8,True,fridge,0.9999993420525549
10890.0,10899.8,True,fridge,0.9999993420525549
10895.0,10904.8,True,fridge,0.9999993420525549
10900.0,10909.8,True,fridge,0.9999993459316215
10905.0,10914.8,True,fridge,0.9999993459314743
10910.0,10919.8,True,fridge,0.9999993505817352
10915.0,10924.8,True,fridge,0.9999993505817352
10920.0,10929.8,True,fridge,0.9999993505817352
10925.0,10934.8,True,fridge,0.9999993420525549
10930.0,10939.8,True,fridge,0.9999993420525549
10935.0,10944.8,True,fridge,0.9999993420525549
10940.0,10949.8,True,fridge,0.9999993459314019
10945.0,10954.8,True,fridge,0.9999993505817409
10950.0,10959.8,True,fridge,0.9999993420525569
10955.0,10964.8,True,fridge,0.9999993420525569
10960.0,10969.8,True,fridge,0.9999993459316486
10965.0,10974.8,True,fridge,0.9999993459318927
10970.0,10979.8,True,fridge,0.9999993420525569
10975.0,10984.8,True,fridge,0.9999993420529182
10980.0,10989.8,True,fridge,0.9999993420525549
10985.0,10994.8,True,fridge,0.9999993420525549
10990.0,10999.8,True,fridge,0.9999993420525549
10995.0,11004.8,True,fridge,0.9999993420525549
11000.0,11009.8,True,fridge,0.9999993459314404
11005.0,11014.8,True,fridge,0.9999993420525549
11010.0,11019.8,True,fridge,0.9999993420525549
11015.0,11024.8,True,fridge,0.9999993420525549
11020.0,11029.8,True,fridge,0.9999993459314515
11025.0,11034.8,True,fridge,0.9999992647457364
11030.0,11039.8,True,fridge,0.999999264753291
11035.0,11044.8,True,fridge,0.9999993420525549
11040.0,11049.8,True,fridge,0.9999993459315254
11045.0,11054.8,True,fridge,0.9999993505817352
11050.0,11059.8,True,fridge,0.9999993505817352
11055.0,11064.8,True,fridge,0.9999993421530162
11060.0,11069.8,True,fridge,0.9999992648580005
11065.0,11074.8,True,fridge,0.999999264865562
11070.0,11079.8,True,fridge,0.9999993505817352
11075.0,11084.8,True,fridge,0.9999993459313824
11080.0,11089.8,True,fridge,0.9999993459314301
11085.0,11094.8,True,fridge,0.9999993459314743
11090.0,11099.8,True,fridge,0.9999993459319495
11095.0,11104.8,True,fridge,0.9999993459316215
11100.0,11109.8,True,fridge,0.9999993459315762
11105.0,11114.8,True,fridge,0.9999993420525569
11110.0,11119.8,True,fridge,0.9999993420525569
11115.0,11124.8,True,fridge,0.9999993459314019
11120.0,11129.8,True,fridge,0.9999993459315578
11125.0,11134.8,True,fridge,0.9999993420525549
11130.0,11139.8,True,fridge,0.9999993420525549
11135.0,11144.8,True,fridge,0.9999993459314233
11140.0,11149.8,True,fridge,0.9999993420525549
11145.0,11154.8,True,fridge,0.9999993420525549
11150.0,11159.8,True,fridge,0.9999993420525549
11155.0,11164.8,True,fridge,0.9999993459313824
11160.0,11169.8,True,fridge,0.9999993459314019
11165.0,11174.8,True,fridge,0.9999990778913591
11170.0,11179.8,True,fridge,0.999995229098118
11175.0,11184.8,True,baseload,0.9829701161185185
11180.0,11189.8,True,baseload,0.9829701161185185
11185.0,11194.8,True,baseload,0.9829701477499282
11190.0,11199.8,True,baseload,0.9381888046245545
11195.0,11204.8,True,baseload,0.8230671438505597
11200.0,11209.8,True,baseload,0.9381888501591226
11205.0,11214.8,True,baseload,0.9829701340912351
11210.0,11219.8,True,baseload,0.9829701477499176
11215.0,11224.8,True,baseload,0.9831885842308127
11220.0,11229.8,True,baseload,0.9829701477499406
11225.0,11234.8,True,baseload,0.9829701478296572
11230.0,11239.8,True,baseload,0.9829701478296572
11235.0,11244.8,True,baseload,0.9829701226963121
11240.0,11249.8,True,baseload,0.982970147749974
11245.0,11254.8,True,baseload,0.9829701477499176
11250.0,11259.8,True,baseload,0.9831885841238633
11255.0,11264.8,True,baseload,0.9831885840828958
11260.0,11269.8,True,baseload,0.9829701161185185
11265.0,11274.8,True,baseload,0.9829701161185185
11270.0,11279.8,True,baseload,0.982970147830058
11275.0,11284.8,True,baseload,0.9829701478296572
11280.0,11289.8,True,baseload,0.938188796235212
11285.0,11294.8,True,baseload,0.8263589426146242
11290.0,11299.8,True,baseload,0.9381891193642324
11295.0,11304.8,True,baseload,0.9831885786641569
11300.0,11309.8,True,baseload,0.9831885596821099
11305.0,11314.8,True,baseload,0.9829701477499453
11310.0,11319.8,True,baseload,0.9829701390586176
11315.0,11324.8,True,baseload,0.9829701232121583
11320.0,11329.8,True,baseload,0.9829701436847803
11325.0,11334.8,True,baseload,0.9829701232918663
11330.0,11339.8,True,baseload,0.9829701161185185
11335.0,11344.8,True,baseload,0.983188576167823
11340.0,11349.8,True,baseload,0.9829701477499168
11345.0,11354.8,True,baseload,0.9829701477499146
11350.0,11359.8,True,washing_machine,0.999999195495306
11355.0,11364.8,True,washing_machine,0.9999995071991544
11360.0,11369.8,True,washing_machine,0.8907273839046966
11365.0,11374.8,True,baseload,0.938189031968288
11370.0,11379.8,True,baseload,0.8263589426146242
11375.0,11384.8,True,baseload,0.9381888046245545
11380.0,11389.8,True,baseload,0.9829701384822285
11385.0,11394.8,True,baseload,0.9829701431020192
11390.0,11399.8,True,baseload,0.9831885842308116
11395.0,11404.8,True,baseload,0.9831885840828958
11400.0,11409.8,True,baseload,0.9831885700169236
11405.0,11414.8,True,baseload,0.9831885840828958
11410.0,11419.8,True,baseload,0.9831885840828958
11415.0,11424.8,True,baseload,0.9381891193642289
11420.0,11429.8,True,baseload,0.8263589426146242
11425.0,11434.8,True,baseload,0.9381889223340026
11430.0,11439.8,True,baseload,0.9829701281128923
11435.0,11444.8,True,baseload,0.9829701424239536
11440.0,11449.8,True,baseload,0.9829701478296572
11445.0,11454.8,True,baseload,0.9829701478296572
11450.0,11459.8,True,baseload,0.9829701337317117
11455.0,11464.8,True,baseload,0.9829701478296572
11460.0,11469.8,True,baseload,0.9829701161185185
11465.0,11474.8,True,baseload,0.9829701478296572
11470.0,11479.8,True,baseload,0.9829701238522378
11475.0,11484.8,True,baseload,0.9829701161185185
11480.0,11489.8,True,baseload,0.9829701161185185
11485.0,11494.8,True,baseload,0.9829701477499989
11490.0,11499.8,True,baseload,0.9829701477499692
11495.0,11504.8,True,baseload,0.982970139770649
11500.0,11509.8,True,baseload,0.9829701416198945
11505.0,11514.8,True,baseload,0.9831885840828958
11510.0,11519.8,True,baseload,0.9829701478300588
11515.0,11524.8,True,baseload,0.9829701478296572
11520.0,11529.8,True,baseload,0.9829701384822285
11525.0,11534.8,True,baseload,0.9829701232918663
11530.0,11539.8,True,baseload,0.9829701477499413
11535.0,11544.8,True,baseload,0.93818900909715
11540.0,11549.8,True,baseload,0.8263589426146242
11545.0,11554.8,True,baseload,0.9381889223340026
11550.0,11559.8,True,baseload,0.9829701384822285
11555.0,11564.8,True,baseload,0.9829701384822285
11560.0,11569.8,True,baseload,0.9829701424239536
11565.0,11574.8,True,baseload,0.982970147749943
11570.0,11579.8,True,baseload,0.9829701477499176
11575.0,11584.8,True,baseload,0.9381888046245545
11580.0,11589.8,True,baseload,0.8263589426146242
11585.0,11594.8,True,baseload,0.9831885702063652
11590.0,11599.8,True,baseload,0.9829701477499282
11595.0,11604.8,True,baseload,0.9829701226959113
11600.0,11609.8,True,baseload,0.9381888889743765
11605.0,11614.8,True,baseload,0.9381888046245545
11610.0,11619.8,True,baseload,0.9829701477499146
11615.0,11624.8,True,baseload,0.9829701424239536
11620.0,11629.8,True,baseload,0.9829701384822285
11625.0,11634.8,True,baseload,0.9829701384822285
11630.0,11639.8,True,baseload,0.9829701161185185
11635.0,11644.8,True,baseload,0.9829701237725751
11640.0,11649.8,True,baseload,0.9829701161185185
11645.0,11654.8,True,baseload,0.9829701232918663
11650.0,11659.8,True,baseload,0.9829701477499282
11655.0,11664.8,True,baseload,0.9829701340912884
11660.0,11669.8,True,baseload,0.9829701393888952
11665.0,11674.8,True,baseload,0.9831885752031889
11670.0,11679.8,True,baseload,0.9829701226959113
11675.0,11684.8,True,baseload,0.9829701161185185
11680.0,11689.8,True,baseload,0.9829701396905841
11685.0,11694.8,True,washing_machine,0.969953484201991
11690.0,11699.8,True,washing_machine,0.9923684010415922
11695.0,11704.8,True,washing_machine,0.8907273839046964
11700.0,11709.8,True,baseload,0.9829701226161671
11705.0,11714.8,True,baseload,0.9831885755355995
11710.0,11719.8,True,baseload,0.9829701478296572
11715.0,11724.8,True,baseload,0.9829701384822285
11720.0,11729.8,True,baseload,0.9829701290056623
11725.0,11734.8,True,baseload,0.9829701387263776
11730.0,11739.8,True,baseload,0.98297014234425
11735.0,11744.8,True,baseload,0.9829701396905067
11740.0,11749.8,True,baseload,0.9829701337316993
11745.0,11754.8,True,baseload,0.9829701478296572
11750.0,11759.8,True,baseload,0.9829701478296572
11755.0,11764.8,True,baseload,0.9381888310457661
11760.0,11769.8,True,baseload,0.9381888310457661
11765.0,11774.8,True,baseload,0.9831885702063675
11770.0,11779.8,True,baseload,0.9831885842308116
11775.0,11784.8,True,baseload,0.9829701478296583
11780.0,11789.8,True,baseload,0.9829701384822285
11785.0,11794.8,True,baseload,0.9829701161185185
11790.0,11799.8,True,baseload,0.9829701478296572
11795.0,11804.8,True,baseload,0.9829701384822285
11800.0,11809.8,True,washing_machine,0.9699534059811723
11805.0,11814.8,True,washing_machine,0.993370358449196
11810.0,11819.8,True,washing_machine,0.8907268008966907
11815.0,11824.8,True,baseload,0.9829701478296572
11820.0,11829.8,True,baseload,0.9829701478296581
11825.0,11834.8,True,washing_machine,0.9923684010415922
11830.0,11839.8,True,washing_machine,0.9699532997779956
11835.0,11844.8,True,baseload,0.9829701427636569
11840.0,11849.8,True,baseload,0.9829701478296572
11845.0,11854.8,True,baseload,0.9829701478296572
11850.0,11859.8,True,baseload,0.9381889300994883
11855.0,11864.8,True,baseload,0.9376658443154651
11860.0,11869.8,True,baseload,0.9381891005673265
11865.0,11874.8,True,baseload,0.9831885778608375
11870.0,11879.8,True,baseload,0.9831885758660135
11875.0,11884.8,True,baseload,0.982970140890368
11880.0,11889.8,True,washing_machine,0.9699532997779956
11885.0,11894.8,True,washing_machine,0.9923684010415922
11890.0,11899.8,True,baseload,0.9831885842308139
11895.0,11904.8,True,baseload,0.9829701434381733
11900.0,11909.8,True,baseload,0.9829701478296572
11905.0,11914.8,True,baseload,0.9829701478296572
11910.0,11919.8,True,baseload,0.9829701477499168
11915.0,11924.8,True,baseload,0.982970147830058
11920.0,11929.8,True,baseload,0.9829701161185185
11925.0,11934.8,True,baseload,0.9829701388060403
11930.0,11939.8,True,baseload,0.9831885842308116
11935.0,11944.8,True,baseload,0.9831885842308116
11940.0,11949.8,True,baseload,0.9831885780979907
11945.0,11954.8,True,baseload,0.9831885842308127
11950.0,11959.8,True,baseload,0.9831885798373781
11955.0,11964.8,True,baseload,0.9829701477499752
11960.0,11969.8,True,baseload,0.9829701477499503
11965.0,11974.8,True,baseload,0.9831885840828969
11970.0,11979.8,True,baseload,0.9829701477499586
11975.0,11984.8,True,baseload,0.9829701478296572
11980.0,11989.8,True,baseload,0.9829701161185185
11985.0,11994.8,True,baseload,0.9829701423442138
11990.0,11999.8,True,baseload,0.9829701427636569
11995.0,12004.8,True,baseload,0.9829701384822285
12000.0,12009.8,True,baseload,0.9829701161185185
12005.0,12014.8,True,baseload,0.9831885842308139
12010.0,12019.8,True,baseload,0.9829701431016186
12015.0,12024.8,True,baseload,0.9829701478296572
12020.0,12029.8,True,baseload,0.9829701427640577
12025.0,12034.8,True,baseload,0.9831885758521967
12030.0,12039.8,True,baseload,0.9829701226963121
12035.0,12044.8,True,baseload,0.9829701387263675
12040.0,12049.8,True,baseload,0.9831885841238633
12045.0,12054.8,True,baseload,0.9829701477499146
12050.0,12059.8,True,baseload,0.9829701161185185
12055.0,12064.8,True,washing_machine,0.9699533466282174
12060.0,12069.8,True,washing_machine,0.9923684010415922
12065.0,12074.8,True,washing_machine,0.9699534495718405
12070.0,12079.8,True,baseload,0.9829701424239536
12075.0,12084.8,True,baseload,0.9829701478296572
12080.0,12089.8,True,baseload,0.9381888046245545
12085.0,12094.8,True,baseload,0.9381888501591226
12090.0,12099.8,True,baseload,0.9831885842308139
12095.0,12104.8,True,baseload,0.9829701337317829
12100.0,12109.8,True,washing_machine,0.9699532997779956
12105.0,12114.8,True,washing_machine,0.992368530019095
12110.0,12119.8,True,baseload,0.9829701388060403
12115.0,12124.8,True,baseload,0.9829701478296572
12120.0,12129.8,True,baseload,0.9829701161185185
12125.0,12134.8,True,baseload,0.9829701384822285
12130.0,12139.8,True,baseload,0.9829701161185185
12135.0,12144.8,True,baseload,0.9829701396905325
12140.0,12149.8,True,baseload,0.9829701478300588
12145.0,12154.8,True,baseload,0.9829701431020192
12150.0,12159.8,True,baseload,0.9829701477499586
12155.0,12164.8,True,baseload,0.982970142344238
12160.0,12169.8,True,baseload,0.9829701478296583
12165.0,12174.8,True,baseload,0.9829701478296572
12170.0,12179.8,True,baseload,0.9381888310457661
12175.0,12184.8,True,baseload,0.9381889300994883
12180.0,12189.8,True,baseload,0.9829701478296572
12185.0,12194.8,True,baseload,0.9829701478296572
12190.0,12199.8,True,baseload,0.9829701397702482
12195.0,12204.8,True,baseload,0.9829701478296572
12200.0,12209.8,True,baseload,0.9381891193642289
12205.0,12214.8,True,baseload,0.9376658443154651
12210.0,12219.8,True,baseload,0.8263589426146242
12215.0,12224.8,True,baseload,0.9381889300994883
12220.0,12229.8,True,baseload,0.9829701478296581
12225.0,12234.8,True,baseload,0.9829701478296572
12230.0,12239.8,True,baseload,0.9829701161185185
12235.0,12244.8,True,baseload,0.9829701384822283
12240.0,12249.8,True,baseload,0.9829701384822285
12245.0,12254.8,True,baseload,0.9829701232918663
12250.0,12259.8,True,baseload,0.9381888889743757
12255.0,12264.8,True,baseload,0.9381888889743765
12260.0,12269.8,True,baseload,0.9829701161185185
12265.0,12274.8,True,baseload,0.9381888046245545
12270.0,12279.8,True,baseload,0.9381888046245545
12275.0,12284.8,True,baseload,0.9829701477499282
12280.0,12289.8,True,baseload,0.9829701478296572
12285.0,12294.8,True,baseload,0.9829701384822285
12290.0,12299.8,True,baseload,0.9829701478296572
12295.0,12304.8,True,baseload,0.983188575535597
12300.0,12309.8,True,baseload,0.9831885787080693
12305.0,12314.8,True,baseload,0.9831885840828952
12310.0,12319.8,True,baseload,0.982970147830058
12315.0,12324.8,True,baseload,0.9829701478296572
12320.0,12329.8,True,baseload,0.9829701437644385
12325.0,12334.8,True,baseload,0.9829701477499859
12330.0,12339.8,True,baseload,0.9829701477499153
12335.0,12344.8,True,baseload,0.9831885840828958
12340.0,12349.8,True,baseload,0.9831885841238633
12345.0,12354.8,True,baseload,0.9831885796860979
12350.0,12359.8,True,baseload,0.983188584230815
12355.0,12364.8,True,baseload,0.9831885596821099
12360.0,12369.8,True,baseload,0.9831885841238633
12365.0,12374.8,True,baseload,0.9381888894460766
12370.0,12379.8,True,baseload,0.8263589426146242
12375.0,12384.8,True,baseload,0.9381891193642289
12380.0,12389.8,True,baseload,0.983188575535597
12385.0,12394.8,True,baseload,0.9829701281129052
12390.0,12399.8,True,baseload,0.9829701478296572
12395.0,12404.8,True,baseload,0.9381888889743757
12400.0,12409.8,True,baseload,0.9381888889743765
12405.0,12414.8,True,baseload,0.9829701478296572
12410.0,12419.8,True,baseload,0.9829701478296572
12415.0,12424.8,True,baseload,0.9829701384822285
12420.0,12429.8,True,baseload,0.9829701384822285
12425.0,12434.8,True,baseload,0.9829701384822285
12430.0,12439.8,True,baseload,0.9829701226959113
12435.0,12444.8,True,baseload,0.9831885800560981
12440.0,12449.8,True,washing_machine,0.969953484201991
12445.0,12454.8,True,washing_machine,0.9923684010415922
12450.0,12459.8,True,washing_machine,0.890727290704376
12455.0,12464.8,True,baseload,0.9829701477499859
12460.0,12469.8,True,baseload,0.9829701161185185
12465.0,12474.8,True,baseload,0.9829701290056568
12470.0,12479.8,True,baseload,0.9829701384822285
12475.0,12484.8,True,baseload,0.9829701161185185
12480.0,12489.8,True,baseload,0.9829701477499796
12485.0,12494.8,True,baseload,0.9829701477499406
12490.0,12499.8,True,baseload,0.9831885842308148
12495.0,12504.8,True,baseload,0.9829701477499146
12500.0,12509.8,True,baseload,0.9831885842308116
12505.0,12514.8,True,baseload,0.9829701423442456
12510.0,12519.8,True,baseload,0.9829701477499492
12515.0,12524.8,True,baseload,0.9829701477499168
12520.0,12529.8,True,baseload,0.9829701478296572
12525.0,12534.8,True,baseload,0.9381891193642289
12530.0,12539.8,True,baseload,0.9376658443154651
12535.0,12544.8,True,baseload,0.9381889300994883
12540.0,12549.8,True,baseload,0.9829701477499584
12545.0,12554.8,True,baseload,0.9829701232121845
12550.0,12559.8,True,baseload,0.9829701478296572
12555.0,12564.8,True,baseload,0.9829701478296572
12560.0,12569.8,True,baseload,0.9829701478296572
12565.0,12574.8,True,washing_machine,0.9699532622544578
12570.0,12579.8,True,washing_machine,0.9905935805052299
12575.0,12584.8,True,washing_machine,0.9999991954952703
12580.0,12589.8,True,washing_machine,0.9999995086643656
12585.0,12594.8,True,washing_machine,0.9999995158906992
12590.0,12599.8,True,washing_machine,0.9699532622544578
12595.0,12604.8,True,baseload,0.9829701478296572
12600.0,12609.8,True,baseload,0.9829701477499989
12605.0,12614.8,True,baseload,0.9829701478296572
12610.0,12619.8,True,baseload,0.9829701478296572
12615.0,12624.8,True,baseload,0.9381890868610212
12620.0,12629.8,True,baseload,0.8263589426146242
12625.0,12634.8,True,baseload,0.9381888310457661
12630.0,12639.8,True,baseload,0.9829701387263029
12635.0,12644.8,True,baseload,0.9829701394547667
12640.0,12649.8,True,baseload,0.9381888889743757
12645.0,12654.8,True,baseload,0.9381888889743757
12650.0,12659.8,True,baseload,0.8263589426146242
12655.0,12664.8,True,baseload,0.938189034040563
12660.0,12669.8,True,baseload,0.9829701478296572
12665.0,12674.8,True,baseload,0.9381888889743765
12670.0,12679.8,True,washing_machine,0.8907268008966909
12675.0,12684.8,True,washing_machine,0.9999994495674452
12680.0,12689.8,True,washing_machine,0.9999995086643656
12685.0,12694.8,True,washing_machine,0.9999992211752605
12690.0,12699.8,True,baseload,0.9829701289259941
12695.0,12704.8,True,baseload,0.982970143021909
12700.0,12709.8,True,washing_machine,0.969953484201991
12705.0,12714.8,True,washing_machine,0.9923684010415922
12710.0,12719.8,True,washing_machine,0.8907273839046966
12715.0,12724.8,True,baseload,0.9829701161185185
12720.0,12729.8,True,baseload,0.9829701341709511
12725.0,12734.8,True,baseload,0.9829701384822285
12730.0,12739.8,True,baseload,0.9829701161185185
12735.0,12744.8,True,baseload,0.9829701394551675
12740.0,12749.8,True,baseload,0.9829701478296583
12745.0,12754.8,True,baseload,0.9829701384822285
12750.0,12759.8,True,baseload,0.9829701338114456
12755.0,12764.8,True,baseload,0.9831885704309213
12760.0,12769.8,True,baseload,0.9831885841238633
12765.0,12774.8,True,baseload,0.983188575722241
12770.0,12779.8,True,baseload,0.9831885755356016
12775.0,12784.8,True,baseload,0.9381889223340026
12780.0,12789.8,True,baseload,0.8230671438505597
12785.0,12794.8,True,baseload,0.9381888889743757
12790.0,12799.8,True,baseload,0.9829701161185185
12795.0,12804.8,True,baseload,0.9381889300994883
12800.0,12809.8,True,baseload,0.826358942614624
12805.0,12814.8,True,baseload,0.9381888046245545
12810.0,12819.8,True,baseload,0.9829701384822283
12815.0,12824.8,True,baseload,0.9829701384822285
12820.0,12829.8,True,baseload,0.9829701226959113
12825.0,12834.8,True,baseload,0.9381888889743757
12830.0,12839.8,True,baseload,0.9381888046245545
12835.0,12844.8,True,baseload,0.982970147830058
12840.0,12849.8,True,baseload,0.9829701478296572
12845.0,12854.8,True,baseload,0.9829701478296572
12850.0,12859.8,True,baseload,0.9829701478296572
12855.0,12864.8,True,baseload,0.983188580163786
12860.0,12869.8,True,baseload,0.9829701477499455
12865.0,12874.8,True,baseload,0.9829701477499692
12870.0,12879.8,True,baseload,0.983188565398448
12875.0,12884.8,True,baseload,0.9831885772459724
12880.0,12889.8,True,baseload,0.9381891193642289
12885.0,12894.8,True,baseload,0.8263589426146242
12890.0,12899.8,True,baseload,0.9381889300994883
12895.0,12904.8,True,baseload,0.9829701477499292
12900.0,12909.8,True,baseload,0.982970147749965
12905.0,12914.8,True,baseload,0.9381891193642289
12910.0,12919.8,True,baseload,0.8263589426146242
12915.0,12924.8,True,baseload,0.9381889300994883
12920.0,12929.8,True,washing_machine,0.9699533522126754
12925.0,12934.8,True,washing_machine,0.9999995071991249
12930.0,12939.8,True,washing_machine,0.9999992022649316
12935.0,12944.8,True,baseload,0.9831885842308139
12940.0,12949.8,True,baseload,0.9829701232918663
12945.0,12954.8,True,washing_machine,0.9699533705465955
12950.0,12959.8,True,washing_machine,0.9923684493549773
12955.0,12964.8,True,washing_machine,0.9699534387307022
12960.0,12969.8,True,baseload,0.9831885841238633
12965.0,12974.8,True,baseload,0.9831885842308116
12970.0,12979.8,True,baseload,0.9829701289259283
12975.0,12984.8,True,baseload,0.9829701478296583
12980.0,12989.8,True,baseload,0.9829701478296572
12985.0,12994.8,True,baseload,0.9829701478296572
12990.0,12999.8,True,baseload,0.9831885842308116
12995.0,13004.8,True,baseload,0.9829701161185185
13000.0,13009.8,True,baseload,0.9829701226959113
13005.0,13014.8,True,baseload,0.9829701477499859
13010.0,13019.8,True,baseload,0.9829701477499168
13015.0,13024.8,True,baseload,0.9829701338114456
13020.0,13029.8,True,baseload,0.9381888889743765
13025.0,13034.8,True,washing_machine,0.9637573472660024
13030.0,13039.8,True,washing_machine,0.9637573452212995
13035.0,13044.8,True,baseload,0.9381891193642289
13040.0,13049.8,True,baseload,0.9831885841238633
13045.0,13054.8,True,baseload,0.9831885840828952
13050.0,13059.8,True,baseload,0.9829701161185185
13055.0,13064.8,True,baseload,0.9829701384822283
13060.0,13069.8,True,baseload,0.9829701478296572
13065.0,13074.8,True,baseload,0.9829701161185185
13070.0,13079.8,True,baseload,0.9829701226959113
13075.0,13084.8,True,baseload,0.9381888310457661
13080.0,13089.8,True,baseload,0.9376658443154651
13085.0,13094.8,True,baseload,0.9381891193642289
13090.0,13099.8,True,baseload,0.9829701232918663
13095.0,13104.8,True,baseload,0.9829701478296572
13100.0,13109.8,True,baseload,0.9381888889743757
13105.0,13114.8,True,baseload,0.938188852986223
13110.0,13119.8,True,baseload,0.9829701341713518
13115.0,13124.8,True,baseload,0.982970147830058
13120.0,13129.8,True,baseload,0.9829701226963121
13125.0,13134.8,True,baseload,0.9829701161185185
13130.0,13139.8,True,baseload,0.9829701384822285
13135.0,13144.8,True,baseload,0.9829701478296572
13140.0,13149.8,True,baseload,0.9829701161185185
13145.0,13154.8,True,baseload,0.9829701477499513
13150.0,13159.8,True,baseload,0.9829701478296583
13155.0,13164.8,True,baseload,0.9829701384822285
13160.0,13169.8,True,baseload,0.9829701161185185
13165.0,13174.8,True,baseload,0.982970147830058
13170.0,13179.8,True,baseload,0.9829701423442551
13175.0,13184.8,True,baseload,0.9831885653984457
13180.0,13189.8,True,baseload,0.9829701232121539
13185.0,13194.8,True,baseload,0.9829701477499702
13190.0,13199.8,True,baseload,0.9829701226162357
13195.0,13204.8,True,baseload,0.9829701396905706
13200.0,13209.8,True,baseload,0.9829701408903563
13205.0,13214.8,True,baseload,0.982970147830058
13210.0,13219.8,True,baseload,0.9829701478296572
13215.0,13224.8,True,baseload,0.9829701478296572
13220.0,13229.8,True,baseload,0.9829701431016186
13225.0,13234.8,True,baseload,0.9829701478296572
13230.0,13239.8,True,baseload,0.9829701416995585
13235.0,13244.8,True,baseload,0.9829701478296572
13240.0,13249.8,True,baseload,0.9829701478296572
13245.0,13254.8,True,baseload,0.9829701337317117
13250.0,13259.8,True,baseload,0.9381888046245545
13255.0,13264.8,True,baseload,0.8263589426146242
13260.0,13269.8,True,baseload,0.93818900909715
13265.0,13274.8,True,baseload,0.9381888046245545
13270.0,13279.8,True,baseload,0.9381888889743757
13275.0,13284.8,True,baseload,0.9381890718696968
13280.0,13289.8,True,baseload,0.8263589426146242
13285.0,13294.8,True,baseload,0.8263589426146242
13290.0,13299.8,True,baseload,0.9381890902427719
13295.0,13304.8,True,baseload,0.9831885840828958
13300.0,13309.8,True,baseload,0.9381888331180402
13305.0,13314.8,True,baseload,0.9376658443154651
13310.0,13319.8,True,baseload,0.9829701477499535
13315.0,13324.8,True,baseload,0.9831885752031823
13320.0,13329.8,True,baseload,0.9829701424239536
13325.0,13334.8,True,baseload,0.9829701478296572
13330.0,13339.8,True,baseload,0.9829701388064501
13335.0,13344.8,True,baseload,0.9829701478296572
13340.0,13349.8,True,baseload,0.98297013913831
13345.0,13354.8,True,baseload,0.9829701477499989
13350.0,13359.8,True,baseload,0.9831885842308116
13355.0,13364.8,True,baseload,0.9831885760394287
13360.0,13369.8,True,baseload,0.9831885840828958
13365.0,13374.8,True,baseload,0.9831885842308116
13370.0,13379.8,True,baseload,0.9831885771287936
13375.0,13384.8,True,baseload,0.982970139058564
13380.0,13389.8,True,baseload,0.9831885787080693
13385.0,13394.8,True,baseload,0.9831885841238645
13390.0,13399.8,True,baseload,0.9831885840828958
13395.0,13404.8,True,baseload,0.9829701477499168
13400.0,13409.8,True,washing_machine,0.969953484201991
13405.0,13414.8,True,washing_machine,0.9923684493549773
13410.0,13419.8,True,washing_machine,0.8907270040006542
13415.0,13424.8,True,baseload,0.9381888889743757
13420.0,13429.8,True,baseload,0.9381891193642289
13425.0,13434.8,True,baseload,0.8263589426146242
13430.0,13439.8,True,baseload,0.9381889223340026
13435.0,13444.8,True,baseload,0.9381890359891071
13440.0,13449.8,True,baseload,0.8263589426146242
13445.0,13454.8,True,baseload,0.9381889300994883
13450.0,13459.8,True,baseload,0.8263589426146242
13455.0,13464.8,True,washing_machine,0.9699808835272663
13460.0,13469.8,True,washing_machine,0.9923683519554881
13465.0,13474.8,True,washing_machine,0.9999992743202376
13470.0,13479.8,True,washing_machine,0.9999994836783058
13475.0,13484.8,True,washing_machine,0.9999993048220949
13480.0,13489.8,True,baseload,0.9829701281129114
13485.0,13494.8,True,baseload,0.9829701423442442
13490.0,13499.8,True,baseload,0.9829701433584443
13495.0,13504.8,True,baseload,0.9381889300994883
13500.0,13509.8,True,baseload,0.8263589426146242
13505.0,13514.8,True,baseload,0.9381891052285081
13510.0,13519.8,True,baseload,0.9829701478296583
13515.0,13524.8,True,baseload,0.9829701478296572
13520.0,13529.8,True,baseload,0.9829701394547667
13525.0,13534.8,True,baseload,0.983188584230815
13530.0,13539.8,True,baseload,0.9829701478296583
13535.0,13544.8,True,fridge,0.9999918695405161
13540.0,13549.8,True,fridge,0.9999984904642433
13545.0,13554.8,True,fridge,0.9999993459314019
13550.0,13559.8,True,fridge,0.9999993420525567
13555.0,13564.8,True,fridge,0.9999993420529182
13560.0,13569.8,True,fridge,0.9999993420525567
13565.0,13574.8,True,fridge,0.9999993420525549
13570.0,13579.8,True,fridge,0.9999993420525549
13575.0,13584.8,True,fridge,0.9999993459314233
13580.0,13589.8,True,fridge,0.9999993459314404
13585.0,13594.8,True,fridge,0.9999993459314019
13590.0,13599.8,True,fridge,0.9999993459314019
13595.0,13604.8,True,fridge,0.9999993459314019
13600.0,13609.8,True,fridge,0.9999993459313824
13605.0,13614.8,True,fridge,0.9999993459313824
13610.0,13619.8,True,fridge,0.9999993505817409
13615.0,13624.8,True,fridge,0.9999993420525549
13620.0,13629.8,True,fridge,0.9999993420525549
13625.0,13634.8,True,fridge,0.9999993420525549
13630.0,13639.8,True,fridge,0.9999993420525549
13635.0,13644.8,True,fridge,0.9999993420525569
13640.0,13649.8,True,fridge,0.9999993420529182
13645.0,13654.8,True,fridge,0.9999993420525516
13650.0,13659.8,True,fridge,0.9999993420525496
13655.0,13664.8,True,fridge,0.9999991803562672
13660.0,13669.8,True,fridge,0.9999991803562674
13665.0,13674.8,True,fridge,0.9999993420525518
13670.0,13679.8,True,fridge,0.9999993420525496
13675.0,13684.8,True,fridge,0.9999991803648506
13680.0,13689.8,True,fridge,0.9999991803562699
13685.0,13694.8,True,fridge,0.9999992647573251
13690.0,13699.8,True,fridge,0.9999992647497634
13695.0,13704.8,True,fridge,0.9999991803693317
13700.0,13709.8,True,fridge,0.9999991803607501
13705.0,13714.8,True,fridge,0.9999992647577293
13710.0,13719.8,True,fridge,0.9999993420525518
13715.0,13724.8,True,fridge,0.999999342052552
13720.0,13729.8,True,fridge,0.9999993420457848
13725.0,13734.8,True,fridge,0.999999342052552
13730.0,13739.8,True,fridge,0.9999993459315143
13735.0,13744.8,True,fridge,0.9999993459314039
13740.0,13749.8,True,fridge,0.9999993420525496
13745.0,13754.8,True,fridge,0.9999993420529131
13750.0,13759.8,True,fridge,0.9999993420457848
13755.0,13764.8,True,fridge,0.999999342052552
13760.0,13769.8,True,fridge,0.9999993420525496
13765.0,13774.8,True,fridge,0.9999993420525496
13770.0,13779.8,True,fridge,0.9999993420525496
13775.0,13784.8,True,fridge,0.9999993420525529
13780.0,13789.8,True,fridge,0.9999992647497632
13785.0,13794.8,True,fridge,0.9999993420525529
13790.0,13799.8,True,fridge,0.9999993459319446
13795.0,13804.8,True,fridge,0.9999993420525496
13800.0,13809.8,True,fridge,0.9999993420525496
13805.0,13814.8,True,fridge,0.9999993420525496
13810.0,13819.8,True,fridge,0.9999993420525549
13815.0,13824.8,True,fridge,0.9999993420525567
13820.0,13829.8,True,fridge,0.9999993420457897
13825.0,13834.8,True,fridge,0.9999993420457897
13830.0,13839.8,True,fridge,0.9999993420525569
13835.0,13844.8,True,fridge,0.9999993420525549
13840.0,13849.8,True,fridge,0.9999993420525549
13845.0,13854.8,True,fridge,0.9999991803648413
13850.0,13859.8,True,fridge,0.9999991803563125
13855.0,13864.8,True,fridge,0.9999991803648566
13860.0,13869.8,True,fridge,0.9999993459314743
13865.0,13874.8,True,fridge,0.9999993459319495
13870.0,13879.8,True,fridge,0.9999993420525549
13875.0,13884.8,True,fridge,0.9999993420525549
13880.0,13889.8,True,fridge,0.9999993420525549
13885.0,13894.8,True,fridge,0.9999993459314515
13890.0,13899.8,True,fridge,0.9999993505817352
13895.0,13904.8,True,fridge,0.9999993420525569
13900.0,13909.8,True,fridge,0.999999342052552
13905.0,13914.8,True,fridge,0.9999993420525496
13910.0,13919.8,True,fridge,0.9999993420525496
13915.0,13924.8,True,fridge,0.9999993420525496
13920.0,13929.8,True,fridge,0.999999342052552
13925.0,13934.8,True,fridge,0.9999993420457899
13930.0,13939.8,True,fridge,0.9999993420525569
13935.0,13944.8,True,fridge,0.9999993420525549
13940.0,13949.8,True,fridge,0.999999342052916
13945.0,13954.8,True,fridge,0.9999993420529182
13950.0,13959.8,True,fridge,0.9999993420457897
13955.0,13964.8,True,fridge,0.9999993420525516
13960.0,13969.8,True,fridge,0.9999991803652998
13965.0,13974.8,True,fridge,0.9999991803653084
13970.0,13979.8,True,fridge,0.9999993420525496
13975.0,13984.8,True,fridge,0.9999993420525496
13980.0,13989.8,True,fridge,0.9999993420525496
13985.0,13994.8,True,fridge,0.9999993459319446
13990.0,13999.8,True,fridge,0.9999993420525496
13995.0,14004.8,True,fridge,0.999999342052552
14000.0,14009.8,True,fridge,0.999999342052552
14005.0,14014.8,True,fridge,0.9999993420525496
14010.0,14019.8,True,fridge,0.999999345931376
14015.0,14024.8,True,fridge,0.9999993459314142
14020.0,14029.8,True,fridge,0.9999992648655536
14025.0,14034.8,True,fridge,0.9999992648655465
14030.0,14039.8,True,fridge,0.9999993420525496
14035.0,14044.8,True,fridge,0.9999993459313562
14040.0,14049.8,True,fridge,0.9999993420525529
14045.0,14054.8,True,fridge,0.9999993420457863
14050.0,14059.8,True,fridge,0.999999342052552
14055.0,14064.8,True,fridge,0.999999342052552
14060.0,14069.8,True,fridge,0.9999992647497634
14065.0,14074.8,True,fridge,0.9999992647573251
14070.0,14079.8,True,fridge,0.9999993420529182
14075.0,14084.8,True,fridge,0.9999993420525549
14080.0,14089.8,True,fridge,0.9999993420525549
14085.0,14094.8,True,fridge,0.9999993420525549
14090.0,14099.8,True,fridge,0.9999993420525549
14095.0,14104.8,True,fridge,0.9999993420529182
14100.0,14109.8,True,fridge,0.9999993420525569
14105.0,14114.8,True,fridge,0.9999993420525571
14110.0,14119.8,True,fridge,0.9999993420529182
14115.0,14124.8,True,fridge,0.9999993420525549
14120.0,14129.8,True,fridge,0.9999993420525549
14125.0,14134.8,True,fridge,0.9999993505817409
14130.0,14139.8,True,fridge,0.9999993459314019
14135.0,14144.8,True,fridge,0.9999993459314019
14140.0,14149.8,True,fridge,0.9999993420525549
14145.0,14154.8,True,fridge,0.9999993420529182
14150.0,14159.8,True,fridge,0.9999993420525571
14155.0,14164.8,True,fridge,0.9999993420525549
14160.0,14169.8,True,fridge,0.9999993420525569
14165.0,14174.8,True,fridge,0.9999993420529182
14170.0,14179.8,True,fridge,0.9999993420525567
14175.0,14184.8,True,fridge,0.9999993459314019
14180.0,14189.8,True,fridge,0.9999993420525549
14185.0,14194.8,True,fridge,0.9999993420525549
14190.0,14199.8,True,fridge,0.9999993420525549
14195.0,14204.8,True,fridge,0.9999993420525549
14200.0,14209.8,True,fridge,0.9999993420525549
14205.0,14214.8,True,fridge,0.9999993420525549
14210.0,14219.8,True,fridge,0.9999993420525549
14215.0,14224.8,True,fridge,0.9999993459319495
14220.0,14229.8,True,fridge,0.9999993459314872
14225.0,14234.8,True,fridge,0.9999993459314301
14230.0,14239.8,True,fridge,0.9999993420525549
14235.0,14244.8,True,fridge,0.9999993420525549
14240.0,14249.8,True,fridge,0.9999993420525549
14245.0,14254.8,True,fridge,0.9999993459314233
14250.0,14259.8,True,fridge,0.9999993420525567
14255.0,14264.8,True,fridge,0.9999993420529182
14260.0,14269.8,True,fridge,0.9999993420525567
14265.0,14274.8,True,fridge,0.9999993420525549
14270.0,14279.8,True,fridge,0.9999993420525549
14275.0,14284.8,True,fridge,0.9999993420525549
14280.0,14289.8,True,fridge,0.9999993420525549
14285.0,14294.8,True,fridge,0.9999993420525549
14290.0,14299.8,True,fridge,0.9999993420525549
14295.0,14304.8,True,fridge,0.9999993420525496
14300.0,14309.8,True,fridge,0.9999993420525496
14305.0,14314.8,True,fridge,0.9999993420525496
14310.0,14319.8,True,fridge,0.9999993420525496
14315.0,14324.8,True,fridge,0.9999993420525496
14320.0,14329.8,True,fridge,0.999999342052552
14325.0,14334.8,True,fridge,0.9999991803607503
14330.0,14339.8,True,fridge,0.9999991803562674
14335.0,14344.8,True,fridge,0.9999993420525529
14340.0,14349.8,True,fridge,0.999999080645262
14345.0,14354.8,True,fridge,0.9999947885783281
14350.0,14359.8,True,baseload,0.9829701384822285
14355.0,14364.8,True,baseload,0.9829701384822285
14360.0,14369.8,True,baseload,0.9829701384822285
14365.0,14374.8,True,baseload,0.98297013913831
14370.0,14379.8,True,baseload,0.9829701161185185
14375.0,14384.8,True,baseload,0.9381888889743757
14380.0,14389.8,True,baseload,0.9381888046245545
14385.0,14394.8,True,baseload,0.9829701478296572
14390.0,14399.8,True,baseload,0.9829701338114456
14395.0,14404.8,True,baseload,0.9829701478296581
14400.0,14409.8,True,baseload,0.9829701478296572
14405.0,14414.8,True,baseload,0.9381889223340026
14410.0,14419.8,True,baseload,0.8263589426146242
14415.0,14424.8,True,baseload,0.9381889300994883
14420.0,14429.8,True,baseload,0.9829701478296572
14425.0,14434.8,True,baseload,0.9829701384822285
14430.0,14439.8,True,baseload,0.9829701478296583
14435.0,14444.8,True,baseload,0.9829701384822285
14440.0,14449.8,True,baseload,0.9829701341709511
14445.0,14454.8,True,baseload,0.9829701478296572
14450.0,14459.8,True,baseload,0.9829701478296572
14455.0,14464.8,True,baseload,0.9829701477499271
14460.0,14469.8,True,baseload,0.9829701477499146
14465.0,14474.8,True,washing_machine,0.9699534579684385
14470.0,14479.8,True,washing_machine,0.9923684010415922
14475.0,14484.8,True,washing_machine,0.8907273839047132
14480.0,14489.8,True,washing_machine,0.8907282633074732
14485.0,14494.8,True,washing_machine,0.9923684010415922
14490.0,14499.8,True,washing_machine,0.9699534595441236
14495.0,14504.8,True,baseload,0.9381888737801464
14500.0,14509.8,True,washing_machine,0.89072700400065
14505.0,14514.8,True,washing_machine,0.9999994989590654
14510.0,14519.8,True,washing_machine,0.9999992837509787
14515.0,14524.8,True,baseload,0.9831885842308139
14520.0,14529.8,True,baseload,0.9829701337317426
14525.0,14534.8,True,baseload,0.9829701161185185
14530.0,14539.8,True,washing_machine,0.9699533099323484
14535.0,14544.8,True,washing_machine,0.9923684493549773
14540.0,14549.8,True,washing_machine,0.89072700400065
14545.0,14554.8,True,baseload,0.98297013913831
14550.0,14559.8,True,baseload,0.9829701384822285
14555.0,14564.8,True,baseload,0.9829701478296581
14560.0,14569.8,True,baseload,0.9829701478296572
14565.0,14574.8,True,baseload,0.9381888889743757
14570.0,14579.8,True,baseload,0.9381888046245545
14575.0,14584.8,True,baseload,0.9829701161185185
14580.0,14589.8,True,baseload,0.9829701161185185
14585.0,14594.8,True,baseload,0.9829701384822283
14590.0,14599.8,True,baseload,0.9829701290056623
14595.0,14604.8,True,baseload,0.9829701477499146
14600.0,14609.8,True,baseload,0.938189034040563
14605.0,14614.8,True,baseload,0.8263589426146242
14610.0,14619.8,True,baseload,0.9381888889743765
14615.0,14624.8,True,baseload,0.9829701407307918
14620.0,14629.8,True,baseload,0.8263589426146242
14625.0,14634.8,True,baseload,0.9381888310457661
14630.0,14639.8,True,washing_machine,0.9699534059811723
14635.0,14644.8,True,washing_machine,0.993370358449196
14640.0,14649.8,True,washing_machine,0.9704452730456187
14645.0,14654.8,True,baseload,0.8263589426146242
14650.0,14659.8,True,washing_machine,0.9699532622544578
14655.0,14664.8,True,washing_machine,0.9699532997779956
14660.0,14669.8,True,baseload,0.9829701226959113
14665.0,14674.8,True,baseload,0.9829701161185185
14670.0,14679.8,True,baseload,0.9829701477499492
14675.0,14684.8,True,washing_machine,0.9999992676853737
14680.0,14689.8,True,washing_machine,0.9999994833423738
14685.0,14694.8,True,washing_machine,0.99999797603481
14690.0,14699.8,True,baseload,0.9381888889743757
14695.0,14704.8,True,baseload,0.9381888889743757
14700.0,14709.8,True,baseload,0.9829701478296572
14705.0,14714.8,True,washing_machine,0.9699533099323235
14710.0,14719.8,True,washing_machine,0.9699533099323235
14715.0,14724.8,True,baseload,0.9829701337316993
14720.0,14729.8,True,baseload,0.9829701281129223
14725.0,14734.8,True,baseload,0.9381888529862425
14730.0,14739.8,True,baseload,0.9381888046245545
14735.0,14744.8,True,washing_machine,0.9637573472660024
14740.0,14749.8,True,washing_machine,0.9637573472660025
14745.0,14754.8,True,washing_machine,0.8907270040006543
14750.0,14759.8,True,baseload,0.9381891052285081
14755.0,14764.8,True,baseload,0.8263589426146242
14760.0,14769.8,True,baseload,0.9381888046245545
14765.0,14774.8,True,baseload,0.9381888889743765
14770.0,14779.8,True,baseload,0.8263589426146242
14775.0,14784.8,True,baseload,0.9381891193642289
14780.0,14789.8,True,baseload,0.9829701477499513
14785.0,14794.8,True,baseload,0.9829701478296572
14790.0,14799.8,True,baseload,0.9829701384822285
14795.0,14804.8,True,baseload,0.9381888310457661
14800.0,14809.8,True,baseload,0.8263589426146242
14805.0,14814.8,True,baseload,0.9381891193642289
14810.0,14819.8,True,baseload,0.9829701478296572
14815.0,14824.8,True,baseload,0.9829701391383119
14820.0,14829.8,True,baseload,0.9829701161185185
14825.0,14834.8,True,baseload,0.9829701478296572
14830.0,14839.8,True,baseload,0.9829701478296572
14835.0,14844.8,True,baseload,0.9829701478296572
14840.0,14849.8,True,baseload,0.9831885842308127
14845.0,14854.8,True,baseload,0.9381890946798043
14850.0,14859.8,True,baseload,0.9376658443154651
14855.0,14864.8,True,baseload,0.9381888750302314
14860.0,14869.8,True,baseload,0.9829701477499282
14865.0,14874.8,True,baseload,0.9829701478296572
14870.0,14879.8,True,baseload,0.9829701384822285
14875.0,14884.8,True,baseload,0.9381890868610201
14880.0,14889.8,True,baseload,0.826358942614624
14885.0,14894.8,True,baseload,0.9381888310457661
14890.0,14899.8,True,baseload,0.9829701384822285
14895.0,14904.8,True,baseload,0.9381888889743757
14900.0,14909.8,True,baseload,0.9381888350665836
14905.0,14914.8,True,baseload,0.9829701388060493
14910.0,14919.8,True,baseload,0.9829701478296572
14915.0,14924.8,True,baseload,0.9829701161189195
14920.0,14929.8,True,washing_machine,0.9999992168993803
14925.0,14934.8,True,washing_machine,0.9999991954952936
14930.0,14939.8,True,baseload,0.9829701478296572
14935.0,14944.8,True,washing_machine,0.89072700400065
14940.0,14949.8,True,washing_machine,0.9637573472660025
14945.0,14954.8,True,baseload,0.9376658443154651
14950.0,14959.8,True,baseload,0.9381889300994916
14955.0,14964.8,True,baseload,0.9831885841238633
14960.0,14969.8,True,baseload,0.9381888046245545
14965.0,14974.8,True,baseload,0.9381888889743765
14970.0,14979.8,True,washing_machine,0.9704447857023885
14975.0,14984.8,True,washing_machine,0.8907270040006497
14980.0,14989.8,True,baseload,0.9829701384822285
14985.0,14994.8,True,baseload,0.9829701424239536
14990.0,14999.8,True,baseload,0.9381888889743757
14995.0,15004.8,True,baseload,0.8230931479113665
15000.0,15009.8,True,baseload,0.9381890868610212
15005.0,15014.8,True,baseload,0.9829701384822285
15010.0,15019.8,True,baseload,0.9829701478296572
15015.0,15024.8,True,baseload,0.9829701477499441
15020.0,15029.8,True,baseload,0.9829701437644385
15025.0,15034.8,True,baseload,0.9829701478296572
15030.0,15039.8,True,baseload,0.9829701232922671
15035.0,15044.8,True,baseload,0.9831885758521967
15040.0,15049.8,True,baseload,0.8263589426146242
15045.0,15054.8,True,baseload,0.8230931484674863
15050.0,15059.8,True,baseload,0.9381888889743757
15055.0,15064.8,True,baseload,0.8263589426146242
15060.0,15069.8,True,washing_machine,0.9699533099323484
15065.0,15074.8,True,washing_machine,0.9699533705466203
15070.0,15079.8,True,washing_machine,0.9999992947464547
15075.0,15084.8,True,washing_machine,0.9999994836783058
15080.0,15089.8,True,washing_machine,0.969953262254458
15085.0,15094.8,True,washing_machine,0.9699533705466189
15090.0,15099.8,True,baseload,0.9829701161185185
15095.0,15104.8,True,baseload,0.9829701161185185
15100.0,15109.8,True,baseload,0.9831885787080693
15105.0,15114.8,True,baseload,0.9829701161185185
15110.0,15119.8,True,baseload,0.9829701281926252
15115.0,15124.8,True,baseload,0.9381889223340026
15120.0,15129.8,True,baseload,0.8263589426146242
15125.0,15134.8,True,baseload,0.9381890359891071
15130.0,15139.8,True,baseload,0.9376658443154648
15135.0,15144.8,True,baseload,0.9381888310457661
15140.0,15149.8,True,baseload,0.9829701424239536
15145.0,15154.8,True,baseload,0.9829701384822285
15150.0,15159.8,True,baseload,0.9829701341709511
15155.0,15164.8,True,baseload,0.9829701478296572
15160.0,15169.8,True,baseload,0.938188880855202
15165.0,15174.8,True,baseload,0.9381888046245545
15170.0,15179.8,True,baseload,0.8263589426146242
15175.0,15184.8,True,baseload,0.9381889300994883
15180.0,15189.8,True,baseload,0.9829701477499413
15185.0,15194.8,True,baseload,0.9381888046245545
15190.0,15199.8,True,baseload,0.8263589426146242
15195.0,15204.8,True,washing_machine,0.8907271280302697
15200.0,15209.8,True,washing_machine,0.9637573472660025
15205.0,15214.8,True,baseload,0.9381889300994883
15210.0,15219.8,True,baseload,0.9829701478296572
15215.0,15224.8,True,baseload,0.9381891193642289
15220.0,15229.8,True,baseload,0.8263589426146242
15225.0,15234.8,True,baseload,0.9381891193642289
15230.0,15239.8,True,baseload,0.9829701477499146
15235.0,15244.8,True,baseload,0.9829701477499453
15240.0,15249.8,True,baseload,0.9829701161185185
15245.0,15254.8,True,baseload,0.9829701384822283
15250.0,15259.8,True,baseload,0.9829701384822285
15255.0,15264.8,True,baseload,0.9829701478296572
15260.0,15269.8,True,baseload,0.9831885842308116
15265.0,15274.8,True,baseload,0.9831885840828952
15270.0,15279.8,True,washing_machine,0.9999992676853737
15275.0,15284.8,True,washing_machine,0.9999992947464547
15280.0,15289.8,True,baseload,0.8263589426146242
15285.0,15294.8,True,baseload,0.9381891193642289
15290.0,15299.8,True,baseload,0.9829701478296572
15295.0,15304.8,True,baseload,0.9829701478296572
15300.0,15309.8,True,baseload,0.9381888046245545
15305.0,15314.8,True,washing_machine,0.8907269236604275
15310.0,15319.8,True,washing_machine,0.9923684010415922
15315.0,15324.8,True,washing_machine,0.9699533771009057
15320.0,15329.8,True,baseload,0.8263589426146242
15325.0,15334.8,True,washing_machine,0.9999992755151494
15330.0,15339.8,True,washing_machine,0.9999992968865882
15335.0,15344.8,True,baseload,0.9829701226959113
15340.0,15349.8,True,baseload,0.9829701384822285
15345.0,15354.8,True,baseload,0.9829701161185185
15350.0,15359.8,True,baseload,0.9381889300994883
15355.0,15364.8,True,baseload,0.8263589426146242
15360.0,15369.8,True,baseload,0.938188796235212
15365.0,15374.8,True,baseload,0.9381891193642289
15370.0,15379.8,True,baseload,0.9376658443154651
15375.0,15384.8,True,baseload,0.938188796235212
15380.0,15389.8,True,baseload,0.9829701384822285
15385.0,15394.8,True,baseload,0.9829701384822285
15390.0,15399.8,True,baseload,0.9829701232918663
15395.0,15404.8,True,baseload,0.9381888889743765
15400.0,15409.8,True,baseload,0.9381888046245545
15405.0,15414.8,True,washing_machine,0.9699532622544578
15410.0,15419.8,True,washing_machine,0.9999995527530814
15415.0,15424.8,True,washing_machine,0.9999992676853737
15420.0,15429.8,True,washing_machine,0.8907268008966907
15425.0,15434.8,True,washing_machine,0.9637573456497778
15430.0,15439.8,True,baseload,0.9381889300994883
15435.0,15444.8,True,baseload,0.9829701161185185
15440.0,15449.8,True,baseload,0.9829701384822285
15445.0,15454.8,True,baseload,0.9829701161185185
15450.0,15459.8,True,baseload,0.9829701478296572
15455.0,15464.8,True,baseload,0.9829701384822285
15460.0,15469.8,True,baseload,0.9829701384822285
15465.0,15474.8,True,baseload,0.9829701478296572
15470.0,15479.8,True,baseload,0.9381888529862425
15475.0,15484.8,True,baseload,0.9381888889743765
15480.0,15489.8,True,baseload,0.9829701478296572
15485.0,15494.8,True,baseload,0.9829701290056623
15490.0,15499.8,True,baseload,0.9829701340912068
15495.0,15504.8,True,baseload,0.9831885755355995
15500.0,15509.8,True,baseload,0.9381888310457661
15505.0,15514.8,True,baseload,0.7902270806856038
15510.0,15519.8,True,baseload,0.79022682894291
15515.0,15524.8,True,baseload,0.79022682894291
15520.0,15529.8,True,baseload,0.8263589426146242
15525.0,15534.8,True,baseload,0.9381890868610212
15530.0,15539.8,True,baseload,0.9829701281926252
15535.0,15544.8,True,baseload,0.9829701477499535
15540.0,15549.8,True,washing_machine,0.8907273839046966
15545.0,15554.8,True,washing_machine,0.9637573472660025
15550.0,15559.8,True,baseload,0.9381889300994883
15555.0,15564.8,True,baseload,0.9381889076845322
15560.0,15569.8,True,baseload,0.8263589426146242
15565.0,15574.8,True,baseload,0.9381890510816525
15570.0,15579.8,True,baseload,0.9831885787080693
15575.0,15584.8,True,baseload,0.9829701226959113
15580.0,15589.8,True,baseload,0.9829701226959113
15585.0,15594.8,True,baseload,0.9381888889743765
15590.0,15599.8,True,baseload,0.8263589426146242
15595.0,15604.8,True,baseload,0.9829701161185185
15600.0,15609.8,True,baseload,0.9381890868610212
15605.0,15614.8,True,washing_machine,0.9999994496472977
15610.0,15619.8,True,washing_machine,0.9999995086643751
15615.0,15624.8,True,washing_machine,0.8907270022546514
15620.0,15629.8,True,baseload,0.9829701478296572
15625.0,15634.8,True,baseload,0.9831885771287936
15630.0,15639.8,True,baseload,0.9831885702063675
15635.0,15644.8,True,baseload,0.9829701161185185
15640.0,15649.8,True,baseload,0.9829701384822283
15645.0,15654.8,True,baseload,0.9829701478296572
15650.0,15659.8,True,baseload,0.9829701478296583
15655.0,15664.8,True,baseload,0.9829701478296572
15660.0,15669.8,True,baseload,0.9829701478296572
15665.0,15674.8,True,baseload,0.9831885841238633
15670.0,15679.8,True,baseload,0.8263589426146242
15675.0,15684.8,True,baseload,0.9381889300994883
15680.0,15689.8,True,baseload,0.9381888962595805
15685.0,15694.8,True,baseload,0.9381888046245545
15690.0,15699.8,True,baseload,0.9829701478296572
15695.0,15704.8,True,baseload,0.9829701478296572
15700.0,15709.8,True,washing_machine,0.8907269332890604
15705.0,15714.8,True,washing_machine,0.9637573472660025
15710.0,15719.8,True,baseload,0.9381889223340026
15715.0,15724.8,True,baseload,0.9829701161185185
15720.0,15729.8,True,baseload,0.9829701478296583
15725.0,15734.8,True,baseload,0.9829701384822285
15730.0,15739.8,True,baseload,0.9829701161185185
15735.0,15744.8,True,washing_machine,0.891598305982814
15740.0,15749.8,True,washing_machine,0.9637573472660025
15745.0,15754.8,True,baseload,0.8230931479113665
15750.0,15759.8,True,baseload,0.9381890868610201
15755.0,15764.8,True,washing_machine,0.9699533099323235
15760.0,15769.8,True,washing_machine,0.9923683036421127
15765.0,15774.8,True,washing_machine,0.9699533705465955
15770.0,15779.8,True,baseload,0.9381888889743765
15775.0,15784.8,True,baseload,0.9381889300994883
15780.0,15789.8,True,baseload,0.8263589426146242
15785.0,15794.8,True,baseload,0.9381890718696968
15790.0,15799.8,True,baseload,0.9829701478296572
15795.0,15804.8,True,baseload,0.982970147830058
15800.0,15809.8,True,baseload,0.9829701416198597
15805.0,15814.8,True,baseload,0.9831885771287912
15810.0,15819.8,True,baseload,0.9381888750302314
15815.0,15824.8,True,washing_machine,0.9999994578944075
15820.0,15829.8,True,washing_machine,0.9999991954952703
15825.0,15834.8,True,baseload,0.9831885840828962
15830.0,15839.8,True,baseload,0.9829701477499146
15835.0,15844.8,True,baseload,0.9829701289259499
15840.0,15849.8,True,baseload,0.9829701391383119
15845.0,15854.8,True,baseload,0.9829701478296572
15850.0,15859.8,True,baseload,0.9829701161185185
15855.0,15864.8,True,baseload,0.9381888889743757
15860.0,15869.8,True,baseload,0.9381888889743765
15865.0,15874.8,True,baseload,0.9829701478296572
15870.0,15879.8,True,baseload,0.9829701478296572
15875.0,15884.8,True,baseload,0.9829701384822285
15880.0,15889.8,True,baseload,0.9829701161185185
15885.0,15894.8,True,baseload,0.9829701384822285
15890.0,15899.8,True,baseload,0.9829701384822285
15895.0,15904.8,True,washing_machine,0.9699533705465955
15900.0,15909.8,True,washing_machine,0.9923684493549773
15905.0,15914.8,True,washing_machine,0.9699533705465955
15910.0,15919.8,True,washing_machine,0.9923757416716933
15915.0,15924.8,True,washing_machine,0.9906023945640275
15920.0,15929.8,True,baseload,0.9381890868610212
15925.0,15934.8,True,baseload,0.9829701388060403
15930.0,15939.8,True,baseload,0.9829701477499441
15935.0,15944.8,True,baseload,0.9829701337316993
15940.0,15949.8,True,baseload,0.9381888737801464
15945.0,15954.8,True,baseload,0.8263589426146242
15950.0,15959.8,True,baseload,0.9381891193642289
15955.0,15964.8,True,baseload,0.9381888046245545
15960.0,15969.8,True,baseload,0.8263589426146242
15965.0,15974.8,True,baseload,0.9381890868610212
15970.0,15979.8,True,baseload,0.9829701478296572
15975.0,15984.8,True,washing_machine,0.8907273821586966
15980.0,15989.8,True,washing_machine,0.990593580505204
15985.0,15994.8,True,washing_machine,0.8907273839046966
15990.0,15999.8,True,baseload,0.9381888889743757
15995.0,16004.8,True,baseload,0.9381888046245545
16000.0,16009.8,True,baseload,0.9829701477499477
16005.0,16014.8,True,baseload,0.983188575852199
16010.0,16019.8,True,washing_machine,0.9999992676853788
16015.0,16024.8,True,washing_machine,0.9999995527530772
16020.0,16029.8,True,washing_machine,0.9999995075760308
16025.0,16034.8,True,baseload,0.9381888737801464
16030.0,16039.8,True,baseload,0.8263589426146242
16035.0,16044.8,True,baseload,0.9381889223340026
16040.0,16049.8,True,baseload,0.9829701478296572
16045.0,16054.8,True,washing_machine,0.9699532622544578
16050.0,16059.8,True,washing_machine,0.9699533099323484
16055.0,16064.8,True,baseload,0.8230671438505597
16060.0,16069.8,True,baseload,0.8263589426146242
16065.0,16074.8,True,baseload,0.93818900909715
16070.0,16079.8,True,baseload,0.9381888889743765
16075.0,16084.8,True,baseload,0.9381888889743765
16080.0,16089.8,True,baseload,0.9829701161185185
16085.0,16094.8,True,baseload,0.9829701226959113
16090.0,16099.8,True,baseload,0.9829701384822283
16095.0,16104.8,True,washing_machine,0.8907273478230484
16100.0,16109.8,True,washing_machine,0.990593580505204
16105.0,16114.8,True,washing_machine,0.9699809440580155
16110.0,16119.8,True,baseload,0.9829701161185185
16115.0,16124.8,True,baseload,0.9829701232918663
16120.0,16129.8,True,baseload,0.93818900909715
16125.0,16134.8,True,baseload,0.8230671438505597
16130.0,16139.8,True,baseload,0.8263589426146242
16135.0,16144.8,True,baseload,0.9381890868610212
16140.0,16149.8,True,baseload,0.9829701226959113
16145.0,16154.8,True,washing_machine,0.8907267619163859
16150.0,16159.8,True,washing_machine,0.9999994836783058
16155.0,16164.8,True,washing_machine,0.9999992840361044
16160.0,16169.8,True,baseload,0.9829701384822285
16165.0,16174.8,True,baseload,0.9829701161185185
16170.0,16179.8,True,baseload,0.9829701437644385
16175.0,16184.8,True,baseload,0.9829701478296572
16180.0,16189.8,True,baseload,0.9829701384822283
16185.0,16194.8,True,baseload,0.9829701384822285
16190.0,16199.8,True,baseload,0.9829701226959113
16195.0,16204.8,True,washing_machine,0.9999992871688289
16200.0,16209.8,True,washing_machine,0.9999995075097571
16205.0,16214.8,True,baseload,0.79022682894291
16210.0,16219.8,True,baseload,0.9381891193642289
16215.0,16224.8,True,baseload,0.9829701161185185
16220.0,16229.8,True,baseload,0.9829701478296572
16225.0,16234.8,True,washing_machine,0.9999991954952705
16230.0,16239.8,True,washing_machine,0.9999995071991247
16235.0,16244.8,True,washing_machine,0.9999992355370493
16240.0,16249.8,True,baseload,0.9381888310457661
16245.0,16254.8,True,baseload,0.9381888046245545
16250.0,16259.8,True,baseload,0.9381890359891071
16255.0,16264.8,True,baseload,0.8263589426146242
16260.0,16269.8,True,baseload,0.9381889223340026
16265.0,16274.8,True,washing_machine,0.8907270040006497
16270.0,16279.8,True,washing_machine,0.9637573472660024
16275.0,16284.8,True,baseload,0.9381890868610201
16280.0,16289.8,True,baseload,0.9829701384822285
16285.0,16294.8,True,baseload,0.9829701232918663
16290.0,16299.8,True,baseload,0.9831885842308139
16295.0,16304.8,True,baseload,0.9381888046245545
16300.0,16309.8,True,baseload,0.9381888046245545
16305.0,16314.8,True,baseload,0.9829701477499146
16310.0,16319.8,True,baseload,0.9829701161185185
16315.0,16324.8,True,baseload,0.9829701384822285
16320.0,16329.8,True,baseload,0.9829701384822285
16325.0,16334.8,True,baseload,0.9829701384822285
16330.0,16339.8,True,baseload,0.9829701161185185
16335.0,16344.8,True,baseload,0.9381888889743765
16340.0,16349.8,True,washing_machine,0.9637573472660025
16345.0,16354.8,True,washing_machine,0.9637573472660025
16350.0,16359.8,True,baseload,0.9381889300994883
16355.0,16364.8,True,baseload,0.9829701338118464
16360.0,16369.8,True,baseload,0.9829701289259386
16365.0,16374.8,True,baseload,0.9381888962595875
16370.0,16379.8,True,baseload,0.8263589426146242
16375.0,16384.8,True,washing_machine,0.9999992676853737
16380.0,16389.8,True,washing_machine,0.9999992871688287
16385.0,16394.8,True,baseload,0.9829701384822285
16390.0,16399.8,True,baseload,0.9381888046245545
16395.0,16404.8,True,baseload,0.9381888046245545
16400.0,16409.8,True,washing_machine,0.9637573472660024
16405.0,16414.8,True,washing_machine,0.9637573472660024
16410.0,16419.8,True,washing_machine,0.990593580505204
16415.0,16424.8,True,baseload,0.9829701437644385
16420.0,16429.8,True,baseload,0.9829701477499146
16425.0,16434.8,True,baseload,0.9831885841238633
16430.0,16439.8,True,washing_machine,0.9999992865457278
16435.0,16444.8,True,washing_machine,0.9999994836783058
16440.0,16449.8,True,washing_machine,0.9699534077173656
16445.0,16454.8,True,baseload,0.9829701384822285
16450.0,16459.8,True,washing_machine,0.9999992221023988
16455.0,16464.8,True,washing_machine,0.9999994507109486
16460.0,16469.8,True,baseload,0.9381890879870217
16465.0,16474.8,True,baseload,0.8263589426146242
16470.0,16479.8,True,baseload,0.9381888046245545
16475.0,16484.8,True,baseload,0.9829701384822283
16480.0,16489.8,True,baseload,0.9829701478296572
16485.0,16494.8,True,baseload,0.9829701387263338
16490.0,16499.8,True,baseload,0.9381889300994919
16495.0,16504.8,True,washing_machine,0.9999995071991304
16500.0,16509.8,True,washing_machine,0.9999994507109324
16505.0,16514.8,True,baseload,0.8230671438505597
16510.0,16519.8,True,baseload,0.9381888997706268
16515.0,16524.8,True,baseload,0.8263589426146242
16520.0,16529.8,True,washing_machine,0.9999992947464547
16525.0,16534.8,True,washing_machine,0.9999992738475777
16530.0,16539.8,True,baseload,0.9381888889743757
16535.0,16544.8,True,baseload,0.9381888889743757
16540.0,16549.8,True,baseload,0.9381890868610212
16545.0,16554.8,True,baseload,0.9376658443154651
16550.0,16559.8,True,baseload,0.9381889300994919
16555.0,16564.8,True,baseload,0.8263589426146242
16560.0,16569.8,True,baseload,0.9381889076845322
16565.0,16574.8,True,baseload,0.9829701477499294
16570.0,16579.8,True,washing_machine,0.9699532622544578
16575.0,16584.8,True,washing_machine,0.9699532622544578
16580.0,16589.8,True,baseload,0.982970143021941
16585.0,16594.8,True,baseload,0.9829701384822285
16590.0,16599.8,True,baseload,0.9829701478296572
16595.0,16604.8,True,baseload,0.9829701478296572
16600.0,16609.8,True,baseload,0.938188796235212
16605.0,16614.8,True,baseload,0.8263589426146242
16610.0,16619.8,True,baseload,0.9381889300994883
16615.0,16624.8,True,baseload,0.9381888310457661
16620.0,16629.8,True,baseload,0.9829701226959113
16625.0,16634.8,True,baseload,0.9829701384822285
16630.0,16639.8,True,baseload,0.9829701384822285
16635.0,16644.8,True,baseload,0.9829701478296572
16640.0,16649.8,True,baseload,0.9829701478296572
16645.0,16654.8,True,baseload,0.93818900909715
16650.0,16659.8,True,baseload,0.9381890868610201
16655.0,16664.8,True,baseload,0.8263589426146242
16660.0,16669.8,True,baseload,0.9381888889743765
16665.0,16674.8,True,baseload,0.9381888046245545
16670.0,16679.8,True,baseload,0.9376658443154651
16675.0,16684.8,True,baseload,0.8230671438505597
16680.0,16689.8,True,baseload,0.9381888046245545
16685.0,16694.8,True,baseload,0.9829701384822283
16690.0,16699.8,True,baseload,0.9829701384822285
16695.0,16704.8,True,baseload,0.9381891005673265
16700.0,16709.8,True,baseload,0.8263589426146242
16705.0,16714.8,True,baseload,0.9381888889743757
16710.0,16719.8,True,baseload,0.9381888889743765
16715.0,16724.8,True,washing_machine,0.9999993041341129
16720.0,16729.8,True,washing_machine,0.9999994989590654
16725.0,16734.8,True,washing_machine,0.9999992859009038
16730.0,16739.8,True,baseload,0.9829701478296572
16735.0,16744.8,True,baseload,0.9381888889743757
16740.0,16749.8,True,baseload,0.7902270806856038
16745.0,16754.8,True,baseload,0.9381888889743765
16750.0,16759.8,True,washing_machine,0.9704444158251384
16755.0,16764.8,True,washing_machine,0.9637573472660025
16760.0,16769.8,True,baseload,0.9381888046245545
16765.0,16774.8,True,washing_machine,0.8907268008966909
16770.0,16779.8,True,washing_machine,0.9637573472660025
16775.0,16784.8,True,baseload,0.9381888808552032
16780.0,16789.8,True,baseload,0.9829701384822285
16785.0,16794.8,True,baseload,0.9829701226959113
16790.0,16799.8,True,baseload,0.9381888889743765
16795.0,16804.8,True,washing_machine,0.9637573456497778
16800.0,16809.8,True,washing_machine,0.9699810266733601
16805.0,16814.8,True,baseload,0.9831885840828969
16810.0,16819.8,True,baseload,0.9381888750302314
16815.0,16824.8,True,washing_machine,0.9637573472660024
16820.0,16829.8,True,washing_machine,0.8907270040006543
16825.0,16834.8,True,baseload,0.9829701232918663
16830.0,16839.8,True,baseload,0.9381891193642324
16835.0,16844.8,True,washing_machine,0.9999995071991644
16840.0,16849.8,True,washing_machine,0.9999983329343238
16845.0,16854.8,True,baseload,0.9829701226959113
16850.0,16859.8,True,baseload,0.9829701384822285
16855.0,16864.8,True,baseload,0.9381888808552032
16860.0,16869.8,True,baseload,0.8230936447934415
16865.0,16874.8,True,baseload,0.9829701384822283
16870.0,16879.8,True,baseload,0.9829701384822283
16875.0,16884.8,True,baseload,0.9829701384822283
16880.0,16889.8,True,baseload,0.9829701384822285
16885.0,16894.8,True,baseload,0.9829701384822285
16890.0,16899.8,True,baseload,0.9829701226959113
16895.0,16904.8,True,baseload,0.9829701384822285
16900.0,16909.8,True,baseload,0.9829701384822285
16905.0,16914.8,True,baseload,0.9829701384822285
16910.0,16919.8,True,baseload,0.9829701384822285
16915.0,16924.8,True,baseload,0.9829701161185185
16920.0,16929.8,True,baseload,0.9829701478296572
16925.0,16934.8,True,fridge,0.9999947374426043
16930.0,16939.8,True,fridge,0.9999984904607834
16935.0,16944.8,True,fridge,0.9999992648579807
16940.0,16949.8,True,fridge,0.9999992648579852
16945.0,16954.8,True,fridge,0.9999993420525529
16950.0,16959.8,True,fridge,0.9999993420525496
16955.0,16964.8,True,fridge,0.9999993420525496
16960.0,16969.8,True,fridge,0.999999342052552
16965.0,16974.8,True,fridge,0.9999993420529131
16970.0,16979.8,True,fridge,0.9999993420525496
16975.0,16984.8,True,fridge,0.9999993420525496
16980.0,16989.8,True,fridge,0.999999342052552
16985.0,16994.8,True,fridge,0.9999992648620248
16990.0,16999.8,True,fridge,0.9999992648620244
16995.0,17004.8,True,fridge,0.9999993420457861
17000.0,17009.8,True,fridge,0.999999342052552
17005.0,17014.8,True,fridge,0.9999993420525529
17010.0,17019.8,True,fridge,0.9999993420457846
17015.0,17024.8,True,fridge,0.9999993420525496
17020.0,17029.8,True,fridge,0.9999993420525496
17025.0,17034.8,True,fridge,0.9999991803652891
17030.0,17039.8,True,fridge,0.999999180356259
17035.0,17044.8,True,fridge,0.9999993420525496
17040.0,17049.8,True,fridge,0.9999993420525496
17045.0,17054.8,True,fridge,0.9999993420525496
17050.0,17059.8,True,fridge,0.9999992647573251
17055.0,17064.8,True,fridge,0.9999992647497632
17060.0,17069.8,True,fridge,0.9999993420457846
17065.0,17074.8,True,fridge,0.9999993420529131
17070.0,17079.8,True,fridge,0.9999993420525516
17075.0,17084.8,True,fridge,0.9999993420525496
17080.0,17089.8,True,fridge,0.9999993420525518
17085.0,17094.8,True,fridge,0.9999992648620248
17090.0,17099.8,True,fridge,0.9999992648620246
17095.0,17104.8,True,fridge,0.9999992648579852
17100.0,17109.8,True,fridge,0.9999992648579921
17105.0,17114.8,True,fridge,0.9999993421530113
17110.0,17119.8,True,fridge,0.999999264753281
17115.0,17124.8,True,fridge,0.999999264745724
17120.0,17129.8,True,fridge,0.999999342052552
17125.0,17134.8,True,fridge,0.9999993420529131
17130.0,17139.8,True,fridge,0.9999993420529131
17135.0,17144.8,True,fridge,0.9999993420457848
17140.0,17149.8,True,fridge,0.9999993420525529
17145.0,17154.8,True,fridge,0.9999993420457861
17150.0,17159.8,True,fridge,0.9999993420525518
17155.0,17164.8,True,fridge,0.9999993420525496
17160.0,17169.8,True,fridge,0.9999993420525496
17165.0,17174.8,True,fridge,0.9999993420525496
17170.0,17179.8,True,fridge,0.9999993420525496
17175.0,17184.8,True,fridge,0.9999993420525496
17180.0,17189.8,True,fridge,0.999999342052552
17185.0,17194.8,True,fridge,0.9999993420529131
17190.0,17199.8,True,fridge,0.9999993420529129
17195.0,17204.8,True,fridge,0.9999993420525496
17200.0,17209.8,True,fridge,0.9999993420525496
17205.0,17214.8,True,fridge,0.9999993420525496
17210.0,17219.8,True,fridge,0.999999264745724
17215.0,17224.8,True,fridge,0.9999992647532924
17220.0,17229.8,True,fridge,0.9999993420525496
17225.0,17234.8,True,fridge,0.9999991803649101
17230.0,17239.8,True,fridge,0.9999991803563292
17235.0,17244.8,True,fridge,0.9999992665361666
17240.0,17249.8,True,fridge,0.9999993420525496
17245.0,17254.8,True,fridge,0.9999991803648777
17250.0,17259.8,True,fridge,0.9999991803563163
17255.0,17264.8,True,fridge,0.999999180369331
17260.0,17269.8,True,fridge,0.9999993420529133
17265.0,17274.8,True,fridge,0.9999993420529135
17270.0,17279.8,True,fridge,0.9999993420525516
17275.0,17284.8,True,fridge,0.999999342052552
17280.0,17289.8,True,fridge,0.999999342052552
17285.0,17294.8,True,fridge,0.9999993505817143
17290.0,17299.8,True,fridge,0.9999992648655536
17295.0,17304.8,True,fridge,0.9999992648655536
17300.0,17309.8,True,fridge,0.9999992648695868
17305.0,17314.8,True,fridge,0.9999992648579852
17310.0,17319.8,True,fridge,0.9999992648699907
17315.0,17324.8,True,fridge,0.9999993420525516
17320.0,17329.8,True,fridge,0.9999992647532853
17325.0,17334.8,True,fridge,0.9999992648579918
17330.0,17339.8,True,fridge,0.9999992648655465
17335.0,17344.8,True,fridge,0.9999992647536896
17340.0,17349.8,True,fridge,0.9999992647532853
17345.0,17354.8,True,fridge,0.9999993420525496
17350.0,17359.8,True,fridge,0.9999992647573251
17355.0,17364.8,True,fridge,0.9999992647497632
17360.0,17369.8,True,fridge,0.9999993420529133
17365.0,17374.8,True,fridge,0.9999992647573251
17370.0,17379.8,True,fridge,0.9999992647497632
17375.0,17384.8,True,fridge,0.999999342052552
17380.0,17389.8,True,fridge,0.9999993420529135
17385.0,17394.8,True,fridge,0.9999993420525496
17390.0,17399.8,True,fridge,0.9999993420525496
17395.0,17404.8,True,fridge,0.9999993420525496
17400.0,17409.8,True,fridge,0.9999993420525496
17405.0,17414.8,True,fridge,0.9999992647573254
17410.0,17419.8,True,fridge,0.9999992648579921
17415.0,17424.8,True,fridge,0.9999992648695863
17420.0,17429.8,True,fridge,0.9999993420529131
17425.0,17434.8,True,fridge,0.9999991803693312
17430.0,17439.8,True,fridge,0.9999991803607501
17435.0,17444.8,True,fridge,0.9999992647497632
17440.0,17449.8,True,fridge,0.9999993420529131
17445.0,17454.8,True,fridge,0.9999992648655465
17450.0,17459.8,True,fridge,0.9999992648659508
17455.0,17464.8,True,fridge,0.9999993420525496
17460.0,17469.8,True,fridge,0.999999342052552
17465.0,17474.8,True,fridge,0.9999993420529135
17470.0,17479.8,True,fridge,0.9999993420457848
17475.0,17484.8,True,fridge,0.999999342052552
17480.0,17489.8,True,fridge,0.9999993420525496
17485.0,17494.8,True,fridge,0.9999993420529131
17490.0,17499.8,True,fridge,0.9999992648579852
17495.0,17504.8,True,fridge,0.9999992648655425
17500.0,17509.8,True,fridge,0.9999993420529131
17505.0,17514.8,True,fridge,0.9999993420525516
17510.0,17519.8,True,fridge,0.9999992648695866
17515.0,17524.8,True,fridge,0.9999992648579921
17520.0,17529.8,True,fridge,0.9999992648695866
17525.0,17534.8,True,fridge,0.999999342045785
17530.0,17539.8,True,fridge,0.999999342052552
17535.0,17544.8,True,fridge,0.9999993420529135
17540.0,17549.8,True,fridge,0.9999993420525516
17545.0,17554.8,True,fridge,0.999999345931376
17550.0,17559.8,True,fridge,0.999999342052552
17555.0,17564.8,True,fridge,0.999999342052552
17560.0,17569.8,True,fridge,0.9999993420525496
17565.0,17574.8,True,fridge,0.9999991803648592
17570.0,17579.8,True,fridge,0.9999991803562785
17575.0,17584.8,True,fridge,0.9999991803562672
17580.0,17589.8,True,fridge,0.9999991803648401
17585.0,17594.8,True,fridge,0.9999993459313562
17590.0,17599.8,True,fridge,0.999999342052552
17595.0,17604.8,True,fridge,0.999999342045785
17600.0,17609.8,True,fridge,0.9999991803693312
17605.0,17614.8,True,fridge,0.9999991803563294
17610.0,17619.8,True,fridge,0.9999991803648777
17615.0,17624.8,True,fridge,0.9999992648579852
17620.0,17629.8,True,fridge,0.9999992648579852
17625.0,17634.8,True,fridge,0.999999264757729
17630.0,17639.8,True,fridge,0.999999342052552
17635.0,17644.8,True,fridge,0.9999993420457846
17640.0,17649.8,True,fridge,0.9999993420457846
17645.0,17654.8,True,fridge,0.9999993420457861
17650.0,17659.8,True,fridge,0.9999993420529131
17655.0,17664.8,True,fridge,0.9999993420529133
17660.0,17669.8,True,fridge,0.9999993420525529
17665.0,17674.8,True,fridge,0.9999993420529164
17670.0,17679.8,True,fridge,0.9999991803562652
17675.0,17684.8,True,fridge,0.999999180356285
17680.0,17689.8,True,fridge,0.9999991803653062
17685.0,17694.8,True,fridge,0.999999264757735
17690.0,17699.8,True,fridge,0.9999993420525549
17695.0,17704.8,True,fridge,0.9999993420525549
17700.0,17709.8,True,fridge,0.9999993420525551
17705.0,17714.8,True,fridge,0.9999993420525554
17710.0,17719.8,True,fridge,0.9999993420525549
17715.0,17724.8,True,fridge,0.9999993420529164
17720.0,17729.8,True,fridge,0.9999993420529166
17725.0,17734.8,True,fridge,0.9999991416454632
17730.0,17739.8,True,fridge,0.9999991265018371
17735.0,17744.8,True,fridge,0.9999992647573378
17740.0,17749.8,True,fridge,0.9999993420525549
17745.0,17754.8,True,fridge,0.9999993420525551
17750.0,17759.8,True,fridge,0.9999993420529164
17755.0,17764.8,True,fridge,0.9999993420457879
17760.0,17769.8,True,fridge,0.9999993420525556
17765.0,17774.8,True,fridge,0.9999993420525549
17770.0,17779.8,True,fridge,0.9999993420525549
17775.0,17784.8,True,fridge,0.9999993420525549
17780.0,17789.8,True,fridge,0.9999993420525554
17785.0,17794.8,True,fridge,0.9999993420525551
17790.0,17799.8,True,fridge,0.9999993420525549
17795.0,17804.8,True,fridge,0.9999993420525549
17800.0,17809.8,True,fridge,0.9999993420525549
17805.0,17814.8,True,fridge,0.9999993420525549
17810.0,17819.8,True,fridge,0.9999993420525554
17815.0,17824.8,True,fridge,0.9999993420525551
17820.0,17829.8,True,fridge,0.9999992647573309
17825.0,17834.8,True,fridge,0.9999992647457393
17830.0,17839.8,True,fridge,0.9999992647532913
17835.0,17844.8,True,fridge,0.9999993420525549
17840.0,17849.8,True,fridge,0.9999993420525549
17845.0,17854.8,True,fridge,0.9999993420525549
17850.0,17859.8,True,fridge,0.9999993420525549
17855.0,17864.8,True,fridge,0.9999993420525549
17860.0,17869.8,True,fridge,0.9999992647573311
17865.0,17874.8,True,fridge,0.9999992647457295
17870.0,17879.8,True,fridge,0.9999992647573309
17875.0,17884.8,True,fridge,0.9999992647573309
17880.0,17889.8,True,fridge,0.9999992647457369
17885.0,17894.8,True,fridge,0.9999992647536954
17890.0,17899.8,True,fridge,0.9999993420525554
17895.0,17904.8,True,fridge,0.9999993420525549
17900.0,17909.8,True,fridge,0.9999992648655596
17905.0,17914.8,True,fridge,0.9999992648580083
17910.0,17919.8,True,fridge,0.9999992648655485
17915.0,17924.8,True,fridge,0.999999342052556
17920.0,17929.8,True,fridge,0.999999264753299
17925.0,17934.8,True,fridge,0.9999992647536909
17930.0,17939.8,True,fridge,0.999999342052556
17935.0,17944.8,True,fridge,0.9999993420525558
17940.0,17949.8,True,fridge,0.999999342052556
17945.0,17954.8,True,fridge,0.999999342052556
17950.0,17959.8,True,fridge,0.9999993420525558
17955.0,17964.8,True,fridge,0.9999993420525558
17960.0,17969.8,True,fridge,0.9999993420525594
17965.0,17974.8,True,fridge,0.999999264757735
17970.0,17979.8,True,fridge,0.9999992647573316
17975.0,17984.8,True,fridge,0.999999342052556
17980.0,17989.8,True,fridge,0.9999993420527901
17985.0,17994.8,True,fridge,0.9999993420527903
17990.0,17999.8,True,fridge,0.9999993420531509
17995.0,18004.8,True,fridge,0.9999993420527903
18000.0,18009.8,True,fridge,0.9999990810660366
18005.0,18014.8,True,fridge,0.9999954857435864
18010.0,18019.8,True,pc,0.24347857380403654
18015.0,18024.8,True,pc,0.2539120909718937
18020.0,18029.8,True,pc,0.253983761795681
18025.0,18034.8,True,pc,0.2539104592045866
18030.0,18039.8,True,pc,0.25391060281718814
18035.0,18044.8,True,pc,0.25530713075942696
18040.0,18049.8,True,pc,0.2435112480789661
18045.0,18054.8,True,pc,0.24351105444143714
18050.0,18059.8,True,pc,0.2539121107416463
18055.0,18064.8,True,pc,0.273416623147226
18060.0,18069.8,True,pc,0.2553424175346659
18065.0,18074.8,True,pc,0.24347857612172913
18070.0,18079.8,True,pc,0.255339940221059
18075.0,18084.8,True,pc,0.280653387371453
18080.0,18089.8,True,pc,0.24351106714476517
18085.0,18094.8,True,baseload,0.242953221072079
18090.0,18099.8,True,pc,0.2801376307639212
18095.0,18104.8,True,pc,0.2553424151727381
18100.0,18109.8,True,baseload,0.24295318339070837
18105.0,18114.8,True,baseload,0.24297544562403864
18110.0,18119.8,True,baseload,0.24295337693918864
18115.0,18124.8,True,pc,0.243511260953753
18120.0,18129.8,True,pc,0.2435110625681357
18125.0,18134.8,True,pc,0.24327417341323213
18130.0,18139.8,True,pc,0.25663873916810914
18135.0,18144.8,True,pc,0.25663873916810914
18140.0,18149.8,True,pc,0.25600227534385817
18145.0,18154.8,True,pc,0.25600227534385817
18150.0,18159.8,True,pc,0.25667237276991034
18155.0,18164.8,True,pc,0.25600227534385817
18160.0,18169.8,True,pc,0.25600227536763825
18165.0,18174.8,True,pc,0.256638959702612
18170.0,18179.8,True,pc,0.26833249552460336
18175.0,18184.8,True,pc,0.2691477801532813
18180.0,18189.8,True,pc,0.25663895966742095
18185.0,18194.8,True,pc,0.25664196564429537
18190.0,18199.8,True,baseload,0.25593635002594367
18195.0,18204.8,True,pc,0.26984396954552803
18200.0,18209.8,True,pc,0.2683356087319503
18205.0,18214.8,True,pc,0.25664201137980375
18210.0,18219.8,True,baseload,0.25596980844905765
18215.0,18224.8,True,pc,0.25664196568105424
18220.0,18229.8,True,pc,0.2564300245091024
18225.0,18234.8,True,pc,0.2560052775769006
18230.0,18239.8,True,pc,0.2691545337639644
18235.0,18244.8,True,pc,0.29776969490677174
18240.0,18249.8,True,pc,0.2684376882962471
18245.0,18254.8,True,pc,0.29777443863389697
18250.0,18259.8,True,pc,0.2695905924937093
18255.0,18264.8,True,pc,0.25664196568105424
18260.0,18269.8,True,pc,0.29777781121284425
18265.0,18274.8,True,pc,0.2907990963782548
18270.0,18279.8,True,pc,0.26836444099378864
18275.0,18284.8,True,pc,0.2564302449214279
18280.0,18289.8,True,pc,0.25600527759597463
18285.0,18294.8,True,pc,0.25600527759597463
18290.0,18299.8,True,pc,0.2566755994582887
18295.0,18304.8,True,pc,0.256005496628281
18300.0,18309.8,True,pc,0.2564300245281971
18305.0,18314.8,True,pc,0.25600527781056764
18310.0,18319.8,True,pc,0.25600549927888877
18315.0,18324.8,True,pc,0.2566756008822297
18320.0,18329.8,True,pc,0.25600527759597463
18325.0,18334.8,True,pc,0.25667560072329526
18330.0,18339.8,True,pc,0.2684376714897083
18335.0,18344.8,True,pc,0.2684376785535859
18340.0,18349.8,True,pc,0.25600527759597463
18345.0,18354.8,True,pc,0.25600527759597463
18350.0,18359.8,True,pc,0.2566756008822297
18355.0,18364.8,True,pc,0.256430247360091
18360.0,18369.8,True,pc,0.2560054984627985
18365.0,18374.8,True,pc,0.2684376917206819
18370.0,18379.8,True,pc,0.28782731063332984
18375.0,18384.8,True,pc,0.2671366719968358
18380.0,18389.8,True,pc,0.25667560090133645
18385.0,18394.8,True,pc,0.2560054998123899
18390.0,18399.8,True,baseload,0.2559363769701138
18395.0,18404.8,True,pc,0.2560190173084266
18400.0,18409.8,True,pc,0.2560157189687794
18405.0,18414.8,True,baseload,0.25585515939721865
18410.0,18419.8,True,pc,0.25601485359945186
18415.0,18424.8,True,pc,0.25601489243250164
18420.0,18429.8,False,off,
18425.0,18434.8,True,pc,0.26915777229668153
18430.0,18439.8,True,pc,0.26844476690586294
18435.0,18444.8,False,off,
18440.0,18449.8,False,off,
18445.0,18454.8,True,pc,0.25601563409501965
18450.0,18459.8,True,pc,0.25601563409501965
18455.0,18464.8,False,off,
18460.0,18469.8,False,off,
18465.0,18474.8,True,pc,0.25601485181717026
18470.0,18479.8,True,baseload,0.25585612301614014
18475.0,18484.8,True,pc,0.2560157492255523
18480.0,18489.8,True,pc,0.2566892346605239
18485.0,18494.8,True,pc,0.2560158594155326
18490.0,18499.8,True,baseload,0.2558563004199479
18495.0,18504.8,True,pc,0.25644398288600617
18500.0,18509.8,False,off,
18505.0,18514.8,False,off,
18510.0,18519.8,False,off,
18515.0,18524.8,False,off,
18520.0,18529.8,False,off,
18525.0,18534.8,True,pc,0.25601485732717394
18530.0,18539.8,True,pc,0.2908197477076527
18535.0,18544.8,True,pc,0.2695992583726668
18540.0,18549.8,False,off,
18545.0,18554.8,False,off,
18550.0,18559.8,False,off,
18555.0,18564.8,False,off,
18560.0,18569.8,False,off,
18565.0,18574.8,False,off,
18570.0,18579.8,False,off,
18575.0,18584.8,False,off,
18580.0,18589.8,False,off,
18585.0,18594.8,False,off,
18590.0,18599.8,False,off,
18595.0,18604.8,False,off,
18600.0,18609.8,True,pc,0.2566522337204966
18605.0,18614.8,True,pc,0.2566858677144191
18610.0,18619.8,False,off,
18615.0,18624.8,False,off,
18620.0,18629.8,False,off,
18625.0,18634.8,False,off,
18630.0,18639.8,False,off,
18635.0,18644.8,False,off,
18640.0,18649.8,True,pc,0.25665247322056545
18645.0,18654.8,True,pc,0.2907756103219894
18650.0,18659.8,True,pc,0.2907756064263502
18655.0,18664.8,True,pc,0.256087283053772
18660.0,18669.8,True,pc,0.2650381088911838
18665.0,18674.8,True,pc,0.2650337267285626
18670.0,18679.8,False,off,
18675.0,18684.8,False,off,
18680.0,18689.8,False,off,
18685.0,18694.8,False,off,
18690.0,18699.8,False,off,
18695.0,18704.8,False,off,
18700.0,18709.8,False,off,
18705.0,18714.8,False,off,
18710.0,18719.8,False,off,
18715.0,18724.8,False,off,
18720.0,18729.8,True,pc,0.25668610882246184
18725.0,18734.8,True,baseload,0.25585630194775544
18730.0,18739.8,False,off,
18735.0,18744.8,False,off,
18740.0,18749.8,False,off,
18745.0,18754.8,False,off,
18750.0,18759.8,True,pc,0.2566858692461402
18755.0,18764.8,True,pc,0.25668586926664555
18760.0,18769.8,False,off,
18765.0,18774.8,False,off,
18770.0,18779.8,True,pc,0.2565119485097295
18775.0,18784.8,True,pc,0.2560872230853695
18780.0,18789.8,True,pc,0.2566861085608885
18785.0,18794.8,False,off,
18790.0,18799.8,True,pc,0.26503372675951026
18795.0,18804.8,True,pc,0.2669789776386051
18800.0,18809.8,True,pc,0.2560872230853695
18805.0,18814.8,False,off,
18810.0,18819.8,False,off,
18815.0,18824.8,False,off,
18820.0,18829.8,True,pc,0.2560868894435677
18825.0,18834.8,True,pc,0.25608722304659864
18830.0,18839.8,True,pc,0.25608722304659864
18835.0,18844.8,True,pc,0.2678323688730584
18840.0,18849.8,True,pc,0.2831396539741302
18845.0,18854.8,True,pc,0.2698499501843513
18850.0,18859.8,True,pc,0.2820390894010095
18855.0,18864.8,True,pc,0.2566861075717008
18860.0,18869.8,False,off,
18865.0,18874.8,True,pc,0.2566861500328563
18870.0,18879.8,True,pc,0.25668610807083
18875.0,18884.8,False,off,
18880.0,18889.8,True,pc,0.2560871114639652
18885.0,18894.8,True,pc,0.2566859815318764
18890.0,18899.8,True,pc,0.26922638267612653
18895.0,18904.8,True,pc,0.29085030148264795
18900.0,18909.8,True,pc,0.25675656851583084
18905.0,18914.8,False,off,
18910.0,18919.8,True,pc,0.2566859815318764
18915.0,18924.8,True,pc,0.2560861814340126
18920.0,18929.8,True,baseload,0.2553999768061565
18925.0,18934.8,True,pc,0.25608617563791697
18930.0,18939.8,False,off,
18935.0,18944.8,True,pc,0.2560871114639652
18940.0,18949.8,True,pc,0.2560871114639652
18945.0,18954.8,True,pc,0.2561637284078506
18950.0,18959.8,True,pc,0.25651194848922576
18955.0,18964.8,True,pc,0.2567227801818664
18960.0,18969.8,True,baseload,0.2553999742523721
18965.0,18974.8,True,pc,0.2561627924340162
18970.0,18979.8,False,off,
18975.0,18984.8,False,off,
18980.0,18989.8,True,baseload,0.2558660752119737
18985.0,18994.8,True,pc,0.2560873505425534
18990.0,18999.8,True,pc,0.2567237134717053
18995.0,19004.8,True,pc,0.25675657007594976
19000.0,19009.8,True,baseload,0.25540011837953897
19005.0,19014.8,True,pc,0.2565121878202843
19010.0,19019.8,True,baseload,0.255866075258578
19015.0,19024.8,True,baseload,0.25540114483799586
19020.0,19029.8,True,pc,0.25675663351555494
19025.0,19034.8,True,pc,0.2567454680227748
19030.0,19039.8,True,pc,0.25675735438395464
19035.0,19044.8,True,pc,0.256757593917954
19040.0,19049.8,True,pc,0.25675663753632244
19045.0,19054.8,True,pc,0.2567454680022606
19050.0,19059.8,True,pc,0.25676033289613276
19055.0,19064.8,True,pc,0.25676044467003717
19060.0,19069.8,True,pc,0.25675735438395464
19065.0,19074.8,True,pc,0.2567237134717053
19070.0,19079.8,True,pc,0.2567454549505367
19075.0,19084.8,True,pc,0.2567237136402849
19080.0,19089.8,True,pc,0.2567237136607998
19085.0,19094.8,True,pc,0.2567454549505367
19090.0,19099.8,True,pc,0.25674523245140773
19095.0,19104.8,True,pc,0.2567410771277631
19100.0,19109.8,True,pc,0.2567237136607998
19105.0,19114.8,True,pc,0.25674085473451175
19110.0,19119.8,True,pc,0.2567601106637456
19115.0,19124.8,True,pc,0.25674085460630286
19120.0,19129.8,True,pc,0.2567457076838948
19125.0,19134.8,True,pc,0.25674570761337334
19130.0,19139.8,True,pc,0.2567410771072491
19135.0,19144.8,True,pc,0.25675746634474494
19140.0,19149.8,True,pc,0.25674118877758395
19145.0,19154.8,True,pc,0.256741076999554
19150.0,19159.8,True,pc,0.256757354532032
19155.0,19164.8,True,pc,0.25674085473451175
19160.0,19169.8,True,pc,0.25674086800703466
19165.0,19174.8,True,pc,0.25674085460630286
19170.0,19179.8,True,pc,0.256740867954657
19175.0,19184.8,True,pc,0.25674109032740194
19180.0,19189.8,True,pc,0.256741076999554
19185.0,19194.8,True,pc,0.2567559550627816
19190.0,19199.8,True,pc,0.25674109032740194
19195.0,19204.8,True,pc,0.2567558623359946
19200.0,19209.8,True,pc,0.2567561945485172
19205.0,19214.8,True,pc,0.2567575940203784
19210.0,19219.8,True,pc,0.25674085473451175
19215.0,19224.8,True,pc,0.25674085448239453
19220.0,19229.8,True,pc,0.2567409067263809
19225.0,19234.8,True,pc,0.2567559550627816
19230.0,19239.8,True,pc,0.2567409068545898
19235.0,19244.8,True,pc,0.2567408546106034
19240.0,19249.8,True,pc,0.2567410771072491
19245.0,19254.8,True,pc,0.256757354532032
19250.0,19259.8,True,pc,0.2567410771072491
19255.0,19264.8,True,pc,0.25675759408654836
19260.0,19269.8,True,pc,0.2567403588529457
19265.0,19274.8,True,pc,0.2567559550627816
19270.0,19279.8,True,baseload,0.2557495610116756
19275.0,19284.8,True,baseload,0.2557653318277038
19280.0,19289.8,True,baseload,0.25574939110378214
19285.0,19294.8,True,pc,0.2567559550627816
19290.0,19299.8,True,pc,0.2567410771072491
19295.0,19304.8,True,pc,0.2567559550627816
19300.0,19309.8,True,pc,0.2567574663059077
19305.0,19314.8,True,baseload,0.25574967200802123
19310.0,19319.8,True,baseload,0.2557493389676995
19315.0,19324.8,True,baseload,0.27483408651524716
19320.0,19329.8,True,baseload,0.25574956101006224
19325.0,19334.8,True,baseload,0.27483383009615114
19330.0,19339.8,True,baseload,0.25574933851822623
19335.0,19344.8,True,pc,0.2567559550627816
19340.0,19349.8,True,pc,0.25675595508329796
19345.0,19354.8,True,pc,0.2567410903553078
19350.0,19359.8,True,pc,0.25675746634474494
19355.0,19364.8,True,pc,0.25675606687427555
19360.0,19369.8,True,baseload,0.2557493860467059
19365.0,19374.8,True,baseload,0.25574933851822623
19370.0,19379.8,True,baseload,0.2557063838273497
19375.0,19384.8,True,baseload,0.3048834068595253
19380.0,19389.8,True,baseload,0.30488374687398656
19385.0,19394.8,True,baseload,0.255280123300426
19390.0,19399.8,True,baseload,0.25757153264131305
19395.0,19404.8,True,baseload,0.3048823794692393
19400.0,19409.8,True,baseload,0.2557493409694622
19405.0,19414.8,True,baseload,0.2557495604385451
19410.0,19419.8,True,baseload,0.2557495598555887
19415.0,19424.8,True,baseload,0.2557493383945699
19420.0,19429.8,True,baseload,0.2557495554726089
19425.0,19434.8,True,baseload,0.25570638672648843
19430.0,19439.8,True,pc,0.26429944890794016
19435.0,19444.8,True,pc,0.2857884711854275
19440.0,19449.8,True,baseload,0.25574876261473617
19445.0,19454.8,True,baseload,0.25574884372519635
19450.0,19459.8,True,baseload,0.2552801172948314
19455.0,19464.8,True,baseload,0.3048837492694982
19460.0,19469.8,True,baseload,0.25574956301505214
19465.0,19474.8,True,baseload,0.2557495554203377
19470.0,19479.8,True,baseload,0.25570567067906536
19475.0,19484.8,True,pc,0.2821209653836103
19480.0,19489.8,True,baseload,0.2557066264375519
19485.0,19494.8,True,baseload,0.25528011963776226
19490.0,19499.8,True,baseload,0.2557056627157955
19495.0,19504.8,True,baseload,0.25574956288978234
19500.0,19509.8,True,baseload,0.2557493409694622
19505.0,19514.8,True,baseload,0.3048831159777514
19510.0,19519.8,True,baseload,0.30459930762114856
19515.0,19524.8,True,baseload,0.30488237927505774
19520.0,19529.8,True,baseload,0.2574510603371409
19525.0,19534.8,True,baseload,0.2557488377142013
19530.0,19539.8,True,baseload,0.25570649771214476
19535.0,19544.8,True,baseload,0.30488344293063185
19540.0,19549.8,True,baseload,0.27483383279612955
19545.0,19554.8,True,baseload,0.3048834337414736
19550.0,19559.8,True,baseload,0.2557495628987725
19555.0,19564.8,True,baseload,0.3048830861225826
19560.0,19569.8,True,baseload,0.3048831179599576
19565.0,19574.8,True,baseload,0.30488344293063185
19570.0,19579.8,True,baseload,0.2557066276739785
19575.0,19584.8,True,pc,0.28873947088125534
19580.0,19589.8,True,baseload,0.25711561826022694
19585.0,19594.8,True,baseload,0.3048831179599576
19590.0,19599.8,True,baseload,0.30488375107048116
19595.0,19604.8,True,baseload,0.2557056621234593
19600.0,19609.8,True,baseload,0.25574883772319135
19605.0,19614.8,True,baseload,0.2552801213737002
19610.0,19619.8,True,baseload,0.3048824112001938
19615.0,19624.8,True,baseload,0.2557056621234593
19620.0,19629.8,True,baseload,0.2557488400273699
19625.0,19634.8,True,baseload,0.3048834019040303
19630.0,19639.8,True,baseload,0.3048834337414736
19635.0,19644.8,True,baseload,0.255749557901675
19640.0,19649.8,True,baseload,0.25574979697333716
19645.0,19654.8,True,baseload,0.25570566206170464
19650.0,19659.8,True,baseload,0.3048834110931869
19655.0,19664.8,True,baseload,0.25528012058084115
19660.0,19669.8,True,baseload,0.2574510661423394
19665.0,19674.8,True,baseload,0.3048834111223179
19670.0,19679.8,True,baseload,0.3048830861225826
19675.0,19684.8,True,baseload,0.3048830861225826
19680.0,19689.8,True,baseload,0.304883579651354
19685.0,19694.8,True,baseload,0.3048830861225826
19690.0,19699.8,True,baseload,0.3048834019040303
19695.0,19704.8,True,baseload,0.255749557901675
19700.0,19709.8,True,baseload,0.2557497970199297
19705.0,19714.8,True,baseload,0.2557498041296193
19710.0,19719.8,True,baseload,0.2557056621234593
19715.0,19724.8,True,baseload,0.30488287011760956
19720.0,19729.8,True,baseload,0.30488308171377226
19725.0,19734.8,True,baseload,0.255749564133721
19730.0,19739.8,True,baseload,0.30488389543180305
19735.0,19744.8,True,baseload,0.30488308171377226
19740.0,19749.8,True,baseload,0.2557066276273911
19745.0,19754.8,True,baseload,0.25574979699365247
19750.0,19759.8,True,baseload,0.2552801213737002
19755.0,19764.8,True,baseload,0.2748332714706387
19760.0,19769.8,True,pc,0.2821209814803251
19765.0,19774.8,True,baseload,0.304882395089821
19770.0,19779.8,True,baseload,0.30488311355114633
19775.0,19784.8,True,baseload,0.30488308172426903
19780.0,19789.8,True,baseload,0.25574934311481823
19785.0,19794.8,True,baseload,0.2557495637112039
19790.0,19799.8,True,baseload,0.30488389502965174
19795.0,19804.8,True,baseload,0.2557495637112039
19800.0,19809.8,True,baseload,0.255749803707102
19805.0,19814.8,True,baseload,0.2557498041556133
19810.0,19819.8,True,pv,0.19488580832799518
19815.0,19824.8,True,pv,0.19487642967134713
19820.0,19829.8,True,pv,0.19488580623394258
19825.0,19834.8,True,baseload,0.2557496754059503
19830.0,19839.8,True,baseload,0.3048837439044842
19835.0,19844.8,True,pv,0.1948859574095017
19840.0,19849.8,True,baseload,0.25574884544641996
19845.0,19854.8,True,baseload,0.2552418560478023
19850.0,19859.8,True,pv,0.19488571023931447
19855.0,19864.8,True,pv,0.194886058943738
19860.0,19869.8,True,baseload,0.25574955778011454
19865.0,19874.8,True,baseload,0.2557496707175223
19870.0,19879.8,True,pv,0.19488596513319942
19875.0,19884.8,True,pv,0.1948858080937299
19880.0,19889.8,True,baseload,0.25574979770893597
19885.0,19894.8,True,baseload,0.255749797165195
19890.0,19899.8,True,pv,0.1948857063980197
19895.0,19904.8,True,pv,0.19488580233020023
19900.0,19909.8,True,pv,0.19488580233020023
19905.0,19914.8,True,pv,0.19488495839300762
19910.0,19919.8,True,baseload,0.25574979867295633
19915.0,19924.8,True,baseload,0.25574955716930914
19920.0,19929.8,True,baseload,0.25574955290187384
19925.0,19934.8,True,pv,0.19488571216155304
19930.0,19939.8,True,baseload,0.25574883248362124
19935.0,19944.8,True,baseload,0.2574510549280725
19940.0,19949.8,True,pv,0.19488631298865147
19945.0,19954.8,True,pv,0.19488605318019395
19950.0,19959.8,True,pc,0.2896177001592445
19955.0,19964.8,True,pv,0.19488592336591662
19960.0,19969.8,True,baseload,0.25524090121830656
19965.0,19974.8,True,baseload,0.2557488263890952
19970.0,19979.8,True,baseload,0.2574510564621606
19975.0,19984.8,True,pv,0.19488605626665362
19980.0,19989.8,True,pv,0.19488587322254566
19985.0,19994.8,True,pv,0.19488580233020023
19990.0,19999.8,True,pv,0.19488580236489117
19995.0,20004.8,True,pv,0.19488580236489117
20000.0,20009.8,True,pv,0.19488677259437567
20005.0,20014.8,True,pc,0.28961857630711496
20010.0,20019.8,True,pv,0.19488651571524337
20015.0,20024.8,True,pv,0.19488703244678904
20020.0,20029.8,True,baseload,0.25574951421035536
20025.0,20034.8,True,pv,0.1948870324192664
20030.0,20039.8,True,pc,0.2896185676334529
20035.0,20044.8,True,baseload,0.2557495133514282
20040.0,20049.8,True,baseload,0.25524157466070374
20045.0,20054.8,True,pv,0.1948865439143415
20050.0,20059.8,True,baseload,0.25524157466070374
20055.0,20064.8,True,pc,0.2896188764153307
20060.0,20069.8,True,pv,0.19488642578264903
20065.0,20074.8,True,pv,0.19488652174258833
20070.0,20079.8,True,pv,0.19488677259437567
20075.0,20084.8,True,pc,0.28961857630711496
20080.0,20089.8,True,pv,0.19488677564552265
20085.0,20094.8,True,baseload,0.25806824928725364
20090.0,20099.8,True,baseload,0.2580682518798723
20095.0,20104.8,True,pv,0.19488601709011263
20100.0,20109.8,True,pv,0.19488677253193218
20105.0,20114.8,True,pv,0.194886511948608
20110.0,20119.8,True,pv,0.19488677266754204
20115.0,20124.8,True,pc,0.2896185869068592
20120.0,20129.8,True,pv,0.1948867725487311
20125.0,20134.8,True,pv,0.1948865120110513
20130.0,20139.8,True,pc,0.2896185869068592
20135.0,20144.8,True,pv,0.1948865439143415
20140.0,20149.8,True,baseload,0.255242529168936
20145.0,20154.8,True,baseload,0.255242529168936
20150.0,20159.8,True,pc,0.2896188745909361
20155.0,20164.8,True,pv,0.19488677192921053
20160.0,20169.8,True,pv,0.19488667875614807
20165.0,20174.8,True,baseload,0.25528564703765105
20170.0,20179.8,True,pc,0.28961873019386924
20175.0,20184.8,True,pv,0.19488649814464032
20180.0,20189.8,True,pv,0.19488659194855876
20185.0,20194.8,True,pv,0.19488651867935247
20190.0,20199.8,True,pv,0.19488677184509087
20195.0,20204.8,True,pv,0.19488642577169574
20200.0,20209.8,True,pv,0.19488651867935247
20205.0,20214.8,True,pv,0.19488651867935247
20210.0,20219.8,True,pv,0.19488651867935247
20215.0,20224.8,True,pv,0.19488703186358866
20220.0,20229.8,True,pc,0.2890208673643353
20225.0,20234.8,True,pv,0.194886016437398
20230.0,20239.8,True,pv,0.19488654396583158
20235.0,20244.8,True,pv,0.19488689008140148
20240.0,20249.8,True,pv,0.19488642577169574
20245.0,20254.8,True,pv,0.19488676946868894
20250.0,20259.8,True,pv,0.19488676946868894
20255.0,20264.8,True,pv,0.194886009464599
20260.0,20269.8,True,pv,0.194886009464599
20265.0,20274.8,True,pv,0.19488676955280862
20270.0,20279.8,True,pc,0.28961874954210165
20275.0,20284.8,True,pv,0.194886766042946
20280.0,20289.8,True,pc,0.28961858693315107
20285.0,20294.8,True,pc,0.28961860633114744
20290.0,20299.8,True,pv,0.19488642506805728
20295.0,20304.8,True,pv,0.19488702255325627
20300.0,20309.8,True,pc,0.2896176649726212
20305.0,20314.8,True,pv,0.19488676508545402
20310.0,20319.8,True,pv,0.19488676946868894
20315.0,20324.8,True,pv,0.19488651867935247
20320.0,20329.8,True,pv,0.19488651867935247
20325.0,20334.8,True,pv,0.19488651523194198
20330.0,20339.8,True,pv,0.19488666805336471
20335.0,20344.8,True,pv,0.19488642506805728
20340.0,20349.8,True,pv,0.19488702052402818
20345.0,20354.8,True,pc,0.2890208709216627
20350.0,20359.8,True,pv,0.19488663019427177
20355.0,20364.8,True,pc,0.2890208261929577
20360.0,20369.8,True,pv,0.19488597340029326
20365.0,20374.8,True,pv,0.19488647926081845
20370.0,20379.8,True,pv,0.19488648275072937
20375.0,20384.8,True,pv,0.1948865501536019
20380.0,20389.8,True,pc,0.28961762182589795
20385.0,20394.8,True,pc,0.2896176199646737
20390.0,20399.8,True,pv,0.19488647926081845
20395.0,20404.8,True,pv,0.19488596753305013
20400.0,20409.8,True,pc,0.28217578890638495
20405.0,20414.8,True,pc,0.2821757792531924
20410.0,20419.8,True,pc,0.28217578385123165
20415.0,20424.8,True,pv,0.19488596422324303
20420.0,20429.8,True,pv,0.1948867335399763
20425.0,20434.8,True,pv,0.1948867301341763
20430.0,20439.8,True,pv,0.19488659379648138
20435.0,20444.8,True,pc,0.2896176199646737
20440.0,20449.8,True,pv,0.19488698409804947
20445.0,20454.8,True,pc,0.2896188487961881
20450.0,20459.8,True,pc,0.2890220517711081
20455.0,20464.8,True,pv,0.19488698270737265
20460.0,20469.8,True,pv,0.19488672959538625
20465.0,20474.8,True,pv,0.1948867300925585
20470.0,20479.8,True,pv,0.19488698267985002
20475.0,20484.8,True,pc,0.28902081375479594
20480.0,20489.8,True,pv,0.1948859717017932
20485.0,20494.8,True,pv,0.19488597106010502
20490.0,20499.8,True,pv,0.19488647294896788
20495.0,20504.8,True,pv,0.19488638425771143
20500.0,20509.8,True,pv,0.19488673011423466
20505.0,20514.8,True,pv,0.1948867266005045
20510.0,20519.8,True,pv,0.19484382926176425
20515.0,20524.8,True,pc,0.2769749210459779
20520.0,20529.8,True,pc,0.28902084712356346
20525.0,20534.8,True,pv,0.19488697963489096
20530.0,20539.8,True,pv,0.1948867300925585
20535.0,20544.8,True,pv,0.19488647581127483
20540.0,20549.8,True,pv,0.19488654970674293
20545.0,20554.8,True,pv,0.1948867260617447
20550.0,20559.8,True,pc,0.28902081375479594
20555.0,20564.8,True,pv,0.19488697963489096
20560.0,20569.8,True,pv,0.19488596708619388
20565.0,20574.8,True,pv,0.19488572005428534
20570.0,20579.8,True,pv,0.19488672963788808
20575.0,20584.8,True,pv,0.1948866285825696
20580.0,20589.8,True,pv,0.1948864758190854
20585.0,20594.8,True,fridge,0.9999921611709999
20590.0,20599.8,True,fridge,0.9999921453811356
20595.0,20604.8,True,pc,0.28471785582734166
20600.0,20609.8,True,pc,0.2847178563171165
20605.0,20614.8,True,pc,0.28471913586625414
20610.0,20619.8,True,pc,0.2847191360487312
20615.0,20624.8,True,pc,0.2847191360487312
20620.0,20629.8,True,pc,0.2847191358739057
20625.0,20634.8,True,pc,0.2847178673229977
20630.0,20639.8,True,pc,0.2847178790605889
20635.0,20644.8,True,pc,0.28471913634095686
20640.0,20649.8,True,fridge,0.6055236885957328
20645.0,20654.8,True,pc,0.28471786664238385
20650.0,20659.8,True,fridge,0.6054837061043561
20655.0,20664.8,True,pc,0.28471913696010676
20660.0,20669.8,True,pc,0.28471913644153
20665.0,20674.8,True,pc,0.28471913635057566
20670.0,20679.8,True,pc,0.28471913262365023
20675.0,20684.8,True,pc,0.28471913646072283
20680.0,20689.8,True,pc,0.2847191389811046
20685.0,20694.8,True,pc,0.2847191363159333
20690.0,20699.8,True,pc,0.2847191327638589
20695.0,20704.8,True,pc,0.2847191330183907
20700.0,20709.8,True,pc,0.2847178566062458
20705.0,20714.8,True,fridge,0.6054837146308133
20710.0,20719.8,True,pc,0.2847191363924547
20715.0,20724.8,True,pc,0.28471913577236635
20720.0,20729.8,True,pc,0.28471913689183875
20725.0,20734.8,True,pc,0.2847191363924547
20730.0,20739.8,True,pc,0.28471913634095686
20735.0,20744.8,True,pc,0.28471913676563426
20740.0,20749.8,True,pc,0.28471913579419944
20745.0,20754.8,True,pc,0.2847191358739057
20750.0,20759.8,True,pc,0.28471913573301283
20755.0,20764.8,True,pc,0.28471913266328575
20760.0,20769.8,True,pc,0.28471913456325487
20765.0,20774.8,True,pc,0.28471913627271644
20770.0,20779.8,True,pc,0.28471913614330546
20775.0,20784.8,True,pc,0.2847191327638589
20780.0,20789.8,True,pc,0.2847178561728247
20785.0,20794.8,True,fridge,0.6054837174411933
20790.0,20799.8,True,pc,0.284719136365451
20795.0,20804.8,True,pc,0.28471913579419944
20800.0,20809.8,True,pc,0.28471913644153
20805.0,20814.8,True,pc,0.2847191389811046
20810.0,20819.8,True,pc,0.2847191364019338
20815.0,20824.8,True,pc,0.28471913333845555
20820.0,20829.8,True,pc,0.28471786163802437
20825.0,20834.8,True,fridge,0.5309982099354551
20830.0,20839.8,True,pc,0.2847178846744857
20835.0,20844.8,True,pc,0.2847191362392466
20840.0,20849.8,True,pc,0.28471913750771516
20845.0,20854.8,True,pc,0.28471913619419564
20850.0,20859.8,True,pc,0.2847191363694754
20855.0,20864.8,True,pc,0.28471913611014865
20860.0,20869.8,True,pc,0.2847191338337819
20865.0,20874.8,True,pc,0.2847191368403409
20870.0,20879.8,True,pc,0.28471785219131573
20875.0,20884.8,True,pc,0.284717853683778
20880.0,20889.8,True,pc,0.28471913635057566
20885.0,20894.8,True,pc,0.2847191356963903
20890.0,20899.8,True,pc,0.28471913246296454
20895.0,20904.8,True,pc,0.2847191333327688
20900.0,20909.8,True,pc,0.284719134493401
20905.0,20914.8,True,pc,0.2847191340437219
20910.0,20919.8,True,pc,0.284719132636282
20915.0,20924.8,True,pc,0.2847191333327688
20920.0,20929.8,True,pc,0.2847191356666225
20925.0,20934.8,True,pc,0.28471913643855634
20930.0,20939.8,True,pc,0.28471786455292347
20935.0,20944.8,True,pc,0.2847178639120635
20940.0,20949.8,True,pc,0.28471913255793785
20945.0,20954.8,True,pc,0.2847191362933963
20950.0,20959.8,True,pc,0.2847178790605889
20955.0,20964.8,True,pc,0.28471786737373317
20960.0,20969.8,True,pc,0.2847178534969238
20965.0,20974.8,True,pc,0.28471913646072283
20970.0,20979.8,True,pc,0.2847191366373069
20975.0,20984.8,True,pc,0.28471913311296493
20980.0,20989.8,True,pc,0.28471913317347386
20985.0,20994.8,True,pc,0.2847191330153642
20990.0,20999.8,True,pc,0.2847191331638551
20995.0,21004.8,True,pc,0.2847191330153642
21000.0,21009.8,True,pc,0.28471913245828745
21005.0,21014.8,True,pc,0.2847191325954528
21010.0,21019.8,True,pc,0.28471913323856163
21015.0,21024.8,True,pc,0.28471913306625446
21020.0,21029.8,True,pc,0.28471913296600243
21025.0,21034.8,True,pc,0.2847191331638551
21030.0,21039.8,True,pc,0.284719132565685
21035.0,21044.8,True,pc,0.2847191361635544
21040.0,21049.8,True,pc,0.28471913627852097
21045.0,21054.8,True,pc,0.28471913599634296
21050.0,21059.8,True,pc,0.28471786403010396
21055.0,21064.8,True,pc,0.2847178614530259
21060.0,21069.8,True,pc,0.28471913237792495
21065.0,21074.8,True,pc,0.2847191324751859
21070.0,21079.8,True,pc,0.2847191330859612
21075.0,21084.8,True,pc,0.284719132546091
21080.0,21089.8,True,pc,0.28471913735061705
21085.0,21094.8,True,pc,0.28471913244541813
21090.0,21099.8,True,pc,0.2847191330859612
21095.0,21104.8,True,pc,0.28471913477952465
21100.0,21109.8,True,pc,0.2847191345823753
21105.0,21114.8,True,pc,0.28471913865451814
21110.0,21119.8,True,pc,0.2847191382627035
21115.0,21124.8,True,pc,0.28471789090952
21120.0,21129.8,True,pc,0.28471790164532207
21125.0,21134.8,True,pc,0.28471913245828745
21130.0,21139.8,True,pc,0.28471913215327
21135.0,21144.8,True,pc,0.284719137379918
21140.0,21149.8,True,pc,0.28471913728809106
21145.0,21154.8,True,pc,0.2847178556480718
21150.0,21159.8,True,pc,0.2847178555807475
21155.0,21164.8,True,pc,0.2847191323535913
21160.0,21169.8,True,pc,0.28037289154294964
21165.0,21174.8,True,pv,0.2164700201355393
21170.0,21179.8,True,pv,0.19465723207805977
21175.0,21184.8,True,pv,0.9999998210247568
21180.0,21189.8,True,pv,0.19519121358821426
21185.0,21194.8,True,pv,0.9999998210239002
21190.0,21199.8,True,pv,0.19416556198930607
21195.0,21204.8,True,pv,0.999999821023904
21200.0,21209.8,True,pc,0.28874352273618037
21205.0,21214.8,True,pc,0.2818923358443411
21210.0,21219.8,True,pv,0.19519146741779914
21215.0,21224.8,True,pv,0.19519121359024888
21220.0,21229.8,True,pv,0.195191213580556
21225.0,21234.8,True,pv,0.19369128784777073
21230.0,21239.8,True,pc,0.28189233797936636
21235.0,21244.8,True,pv,0.19360128021719986
21240.0,21249.8,True,pv,0.19519045108038327
21245.0,21254.8,True,pv,0.19416556440310007
21250.0,21259.8,True,hair_dryer,0.7681685914220775
21255.0,21264.8,True,pv,0.191694335615379
21260.0,21269.8,True,pv,0.19519133203852707
21265.0,21274.8,True,pv,0.19519146734273368
21270.0,21279.8,True,pv,0.1941665732840406
21275.0,21284.8,True,pv,0.1951914674019133
21280.0,21289.8,True,pv,0.19369228862388216
21285.0,21294.8,True,pv,0.19416657477310606
21290.0,21299.8,True,pv,0.1941655676213048
21295.0,21304.8,True,pv,0.1952387542849058
21300.0,21309.8,True,pv,0.1951912136426351
21305.0,21314.8,True,pv,0.1951912136224899
21310.0,21319.8,True,pv,0.1941665732840406
21315.0,21324.8,True,pv,0.1952387557873288
21320.0,21329.8,True,pv,0.9999998210247544
21325.0,21334.8,True,pv,0.1936920362123183
21330.0,21339.8,True,pv,0.19369178887086208
21335.0,21344.8,True,pv,0.19369178887086208
21340.0,21349.8,True,pv,0.19369178886080293
21345.0,21354.8,True,pv,0.1951904495604032
21350.0,21359.8,True,pv,0.9999998210239011
21355.0,21364.8,True,pv,0.19416556725110604
21360.0,21369.8,True,pv,0.19523977001502063
21365.0,21374.8,True,pv,0.1951914674925598
21370.0,21379.8,True,pc,0.2818935536349366
21375.0,21384.8,True,pc,0.2818848257496332
21380.0,21389.8,True,pv,0.19523951713110146
21385.0,21394.8,True,pv,0.1952392634620868
21390.0,21399.8,True,pv,0.9999998210244861
21395.0,21404.8,True,pv,0.9999998210244861
21400.0,21409.8,True,pv,0.9999998210244861
21405.0,21414.8,True,pv,0.999999821024755
21410.0,21419.8,True,pv,0.1951904495939541
21415.0,21424.8,True,pv,0.19416657252741193
21420.0,21429.8,True,pv,0.19528282616183332
21425.0,21434.8,True,pv,0.19519111531398373
21430.0,21439.8,True,pv,0.19545185945336063
21435.0,21444.8,True,hair_dryer,0.7907132308522787
21440.0,21449.8,True,pv,0.1941655562516856
21445.0,21454.8,True,pv,0.19369127972446143
21450.0,21459.8,True,pv,0.19519121358389654
21455.0,21464.8,True,pv,0.19519121356375135
21460.0,21469.8,True,pv,0.1952827074969768
21465.0,21474.8,True,pv,0.999999821024755
21470.0,21479.8,True,pv,0.19519133206288297
21475.0,21484.8,True,pv,0.19519131596218348
21480.0,21489.8,True,pv,0.19528268941439678
21485.0,21494.8,True,pv,0.19369192407321165
21490.0,21499.8,True,pv,0.19369184314691754
21495.0,21504.8,True,pv,0.1951911979582548
21500.0,21509.8,True,pv,0.19519145271633978
21505.0,21514.8,True,pc,0.281886008848271
21510.0,21519.8,True,pv,0.19519145135171168
21515.0,21524.8,True,pv,0.9999998210247368
21520.0,21529.8,True,pv,0.9999998210250237
21525.0,21534.8,True,pc,0.2818923484032314
21530.0,21539.8,True,pv,0.19519043041963507
21535.0,21544.8,True,pv,0.9999998210248661
21540.0,21549.8,True,pv,0.9999998210247331
21545.0,21554.8,True,pv,0.1949930992643174
21550.0,21559.8,True,pc,0.28188483187558433
21555.0,21564.8,True,pv,0.19473301548829683
21560.0,21569.8,True,pv,0.19523873260834262
21565.0,21574.8,True,pv,0.19473402857243774
21570.0,21579.8,True,pv,0.19528192514180645
21575.0,21584.8,True,pc,0.2818848273779948
21580.0,21589.8,True,pv,0.1947329295982327
21585.0,21594.8,True,pv,0.9999998210248658
21590.0,21599.8,True,pv,0.9999998210244637
21595.0,21604.8,True,pv,0.19369176844525585
21600.0,21609.8,True,pv,0.1952819210575229
21605.0,21614.8,True,pc,0.28189234635311156
21610.0,21619.8,True,pv,0.19473302046193638
21615.0,21624.8,True,pv,0.1952829383911804
21620.0,21629.8,True,pv,0.1947340285627902
21625.0,21634.8,True,pv,0.19519144661617827
21630.0,21639.8,True,pv,0.9999998210250177
21635.0,21644.8,True,pv,0.9999998210247324
21640.0,21649.8,True,pv,0.19528268477974975
21645.0,21654.8,True,pv,0.19528268728453854
21650.0,21659.8,True,pv,0.19528280283166158
21655.0,21664.8,True,pv,0.19483154307640665
21660.0,21669.8,True,pc,0.28256387329581256
21665.0,21674.8,True,pv,0.1952819154381821
21670.0,21679.8,True,pv,0.1952819226117551
21675.0,21684.8,True,pv,0.9999998210238744
21680.0,21689.8,True,pv,0.1952397478309232
21685.0,21694.8,True,pc,0.2804848339398497
21690.0,21699.8,True,pv,0.9999998213286956
21695.0,21704.8,True,pv,0.19369201578666154
21700.0,21709.8,True,pv,0.19528293827293583
21705.0,21714.8,True,pv,0.9999998210250177
21710.0,21719.8,True,pv,0.9999998210248658
21715.0,21724.8,True,pv,0.9999998210244637
21720.0,21729.8,True,pv,0.9999998210244637
21725.0,21734.8,True,pv,0.1952394943763
21730.0,21739.8,True,pv,0.9999998210247326
21735.0,21744.8,True,pv,0.1952387325449207
21740.0,21749.8,True,pv,0.19528293975708824
21745.0,21754.8,True,pv,0.19528280288398212
21750.0,21759.8,True,pv,0.19528293975619193
21755.0,21764.8,True,pv,0.9999998210250177
21760.0,21769.8,True,pv,0.195281922787208
21765.0,21774.8,True,pv,0.19523873257024163
21770.0,21779.8,True,pv,0.19483154307640665
21775.0,21784.8,True,pv,0.19369226571414422
21780.0,21789.8,True,pv,0.19528293832246896
21785.0,21794.8,True,pv,0.9999998210250177
21790.0,21799.8,True,pv,0.194830533954498
21795.0,21804.8,True,pv,0.9999998210238764
21800.0,21809.8,True,pv,0.18869427976513906
21805.0,21814.8,True,pv,0.9999998133573154
21810.0,21819.8,True,pv,0.1886942793107069
21815.0,21824.8,True,pv,0.188653801009084
21820.0,21829.8,True,pv,0.1886534811132436
21825.0,21834.8,True,pv,0.18869412694471355
21830.0,21839.8,True,pv,0.9999998133573131
21835.0,21844.8,True,pv,0.18869445392289946
21840.0,21849.8,True,pv,0.18827166083139407
21845.0,21854.8,True,pc,0.27468842449445685
21850.0,21859.8,True,pv,0.999999813356562
21855.0,21864.8,True,pv,0.9999998133573131
21860.0,21869.8,True,pv,0.9999998133569421
21865.0,21874.8,True,pv,0.9999998133569421
21870.0,21879.8,True,pv,0.9999998133569421
21875.0,21884.8,True,pv,0.18720825772366534
21880.0,21889.8,True,pv,0.9999998133569443
21885.0,21894.8,True,pv,0.9999998133569421
21890.0,21899.8,True,pv,0.9999998133569421
21895.0,21904.8,True,pv,0.9999998133565602
21900.0,21909.8,True,pv,0.18827260270082238
21905.0,21914.8,True,pv,0.18869412696328478
21910.0,21919.8,True,pv,0.9999998133569421
21915.0,21924.8,True,pv,0.9999998133565635
21920.0,21929.8,True,pv,0.18827202581029603
21925.0,21934.8,True,pv,0.9999998133565602
21930.0,21939.8,True,pv,0.9999998133574968
21935.0,21944.8,True,pv,0.1881868140636284
21940.0,21949.8,True,pv,0.18720793158029345
21945.0,21954.8,True,pv,0.9999998133565693
21950.0,21959.8,True,pv,0.18827165138927904
21955.0,21964.8,True,pv,0.18869412696328478
21960.0,21969.8,True,pv,0.18869427976513906
21965.0,21974.8,True,pv,0.9999998133577075
21970.0,21979.8,True,pv,0.999999813357707
21975.0,21984.8,True,pv,0.18827296820161987
21980.0,21989.8,True,pv,0.9999998133565657
21985.0,21994.8,True,pv,0.18720795999055773
21990.0,21999.8,True,pv,0.999999813357707
21995.0,22004.8,True,pv,0.1886935055678507
22000.0,22009.8,True,pv,0.9999998133565613
22005.0,22014.8,True,pv,0.9999998133569421
22010.0,22019.8,True,pv,0.9999998133577075
22015.0,22024.8,True,pv,0.1886539524100454
22020.0,22029.8,True,pv,0.9999998133569421
22025.0,22034.8,True,pv,0.9999998379103708
22030.0,22039.8,True,pv,0.9999998379103715
22035.0,22044.8,True,pv,0.9999998379103708
22040.0,22049.8,True,pv,0.9999998379092331
22045.0,22054.8,True,pv,0.21101947209973984
22050.0,22059.8,True,pv,0.21155030977082523
22055.0,22064.8,True,pv,0.21155030819371698
22060.0,22069.8,True,pv,0.21101948085682376
22065.0,22074.8,True,pv,0.21101946928073892
22070.0,22079.8,True,pv,0.9999998379103715
22075.0,22084.8,True,pv,0.21149962091661773
22080.0,22089.8,True,pv,0.2113250524724746
22085.0,22094.8,True,pc,0.30176790118433555
22090.0,22099.8,True,pv,0.21149843241039618
22095.0,22104.8,True,pv,0.2114996209049876
22100.0,22109.8,True,pv,0.9999998379103715
22105.0,22114.8,True,pv,0.9999998379103715
22110.0,22119.8,True,pv,0.21149962092487418
22115.0,22124.8,True,pv,0.9999998379103713
22120.0,22129.8,True,pv,0.20968485016267557
22125.0,22134.8,True,pv,0.9999998379103708
22130.0,22139.8,True,pv,0.21149961360732542
22135.0,22144.8,True,pv,0.21155030090366264
22140.0,22149.8,True,pv,0.20968484334642815
22145.0,22154.8,True,pv,0.9999998379103651
22150.0,22159.8,True,pv,0.9999998379103642
22155.0,22164.8,True,pv,0.20968484299227044
22160.0,22169.8,True,pv,0.9999998379103648
22165.0,22174.8,True,pv,0.9999998379103648
22170.0,22179.8,True,pv,0.9999998379103642
22175.0,22184.8,True,pv,0.21149961362829714
22180.0,22189.8,True,pv,0.9999998379103651
22185.0,22194.8,True,pv,0.9999998379103648
22190.0,22199.8,True,pv,0.21155029896807678
22195.0,22204.8,True,pv,0.2115502988550173
22200.0,22209.8,True,pv,0.21155029853245783
22205.0,22214.8,True,pv,0.2114996131134057
22210.0,22219.8,True,pv,0.9999998379103655
22215.0,22224.8,True,pv,0.21155029855664115
22220.0,22229.8,True,pv,0.2115503012834133
22225.0,22234.8,True,pv,0.9999998379103671
22230.0,22239.8,True,pv,0.21154910937381322
22235.0,22244.8,True,pv,0.21149961408927126
22240.0,22249.8,True,pv,0.2114996136049656
22245.0,22254.8,True,pv,0.2114996136049656
22250.0,22259.8,True,pv,0.2114984185414972
22255.0,22264.8,True,pv,0.21101948550074268
22260.0,22269.8,True,pv,0.2115491039330642
22265.0,22274.8,True,pv,0.21102039406367068
22270.0,22279.8,True,pv,0.21155029893006833
22275.0,22284.8,True,pv,0.9999998379103651
22280.0,22289.8,True,pv,0.9999998379103648
22285.0,22294.8,True,pv,0.21149961355387825
22290.0,22299.8,True,pv,0.21154910461434182
22295.0,22304.8,True,pv,0.2110279028276804
22300.0,22309.8,True,pv,0.21102039295670258
22305.0,22314.8,True,pv,0.21155029889614654
22310.0,22319.8,True,pv,0.21149961353374772
22315.0,22324.8,True,pv,0.9999998379103651
22320.0,22329.8,True,pv,0.20968484341357244
22325.0,22334.8,True,pv,0.21102067097930535
22330.0,22339.8,True,pv,0.9999998379103651
22335.0,22344.8,True,pv,0.21155029893006833
22340.0,22349.8,True,pv,0.21149961400154546
22345.0,22354.8,True,pv,0.9999998379103646
22350.0,22359.8,True,pv,0.21155029893006833
22355.0,22364.8,True,pv,0.21155029893006833
22360.0,22369.8,True,pv,0.9999998379092246
22365.0,22374.8,True,pc,0.30176922715023685
22370.0,22379.8,True,pv,0.2110267174857488
22375.0,22384.8,True,pv,0.21102671619568164
22380.0,22389.8,True,pv,0.20968367057385176
22385.0,22394.8,True,pv,0.9999998379103644
22390.0,22399.8,True,pv,0.9999998379103651
22395.0,22404.8,True,pv,0.9999998379103646
22400.0,22409.8,True,pv,0.20968484298959342
22405.0,22414.8,True,pv,0.21155029898819755
22410.0,22419.8,True,pv,0.21101947921501651
22415.0,22424.8,True,pv,0.9999998379103655
22420.0,22429.8,True,pv,0.21155029885561377
22425.0,22434.8,True,pv,0.2110194855122843
22430.0,22439.8,True,pv,0.9999998379092331
22435.0,22444.8,True,pv,0.9999998379103651
22440.0,22449.8,True,pv,0.20968484296666057
22445.0,22454.8,True,pv,0.9999998379103651
22450.0,22459.8,True,pv,0.9999998379103646
22455.0,22464.8,True,pv,0.21102066691145085
22460.0,22469.8,True,pv,0.9999998379103668
22465.0,22474.8,True,pv,0.9999998379103644
22470.0,22479.8,True,pv,0.9999998379103644
22475.0,22484.8,True,pv,0.9999998379103651
22480.0,22489.8,True,pv,0.20968484296980683
22485.0,22494.8,True,pv,0.9999998379103651
22490.0,22499.8,True,pv,0.21101947918779948
22495.0,22504.8,True,pv,0.9999998379103651
22500.0,22509.8,True,pv,0.9999998379103644
22505.0,22514.8,True,pv,0.21155029843513726
22510.0,22519.8,True,pv,0.21149961403595155
22515.0,22524.8,True,pv,0.999999837909222
22520.0,22529.8,True,pv,0.21102066696904648
22525.0,22534.8,True,pv,0.9999998379103651
22530.0,22539.8,True,pv,0.20968484296980683
22535.0,22544.8,True,pv,0.9999998379092164
22540.0,22549.8,True,pv,0.2110267122001935
22545.0,22554.8,True,pv,0.21154909573233324
22550.0,22559.8,True,pv,0.9999998379103606
22555.0,22564.8,True,pv,0.9999998379103604
22560.0,22569.8,True,pv,0.9999998379092164
22565.0,22574.8,True,pv,0.21101920073294175
22570.0,22579.8,True,pv,0.2110278065241875
22575.0,22584.8,True,pv,0.2110279010481604
22580.0,22589.8,True,pv,0.9999998379092273
22585.0,22594.8,True,pv,0.9999998379103608
22590.0,22599.8,True,pv,0.9999998379103608
22595.0,22604.8,True,pv,0.9999998379103606
22600.0,22609.8,True,pv,0.9999998379103611
22605.0,22614.8,True,pv,0.21155029441983217
22610.0,22619.8,True,pv,0.20968483902500368
22615.0,22624.8,True,pv,0.20968483889820852
22620.0,22629.8,True,pv,0.20968483928640969
22625.0,22634.8,True,pv,0.9999998379103606
22630.0,22639.8,True,pv,0.9999998379103604
22635.0,22644.8,True,pv,0.20968483960042136
22640.0,22649.8,True,pv,0.9999998379103611
22645.0,22654.8,True,pv,0.9999998379103604
22650.0,22659.8,True,pv,0.9999998379103604
22655.0,22664.8,True,pv,0.9999998379103606
22660.0,22669.8,True,pv,0.20968483960042136
22665.0,22674.8,True,pv,0.9999998379103606
22670.0,22679.8,True,pv,0.9999998379103597
22675.0,22684.8,True,pv,0.20968483865046328
22680.0,22689.8,True,pv,0.9999998379103597
22685.0,22694.8,True,pv,0.9999998379103597
22690.0,22699.8,True,pv,0.21149960911810758
22695.0,22704.8,True,pv,0.99999983791036
22700.0,22709.8,True,pv,0.20968483853869957
22705.0,22714.8,True,pv,0.9999998379103593
22710.0,22719.8,True,pv,0.9999998379103597
22715.0,22724.8,True,pv,0.9999998379103606
22720.0,22729.8,True,pv,0.9999998379103602
22725.0,22734.8,True,pv,0.9999998379103602
22730.0,22739.8,True,pv,0.9999998379103602
22735.0,22744.8,True,pv,0.21149960949135582
22740.0,22749.8,True,pv,0.21102066245304998
22745.0,22754.8,True,pv,0.21101947418680522
22750.0,22759.8,True,pv,0.20968483914758954
22755.0,22764.8,True,pv,0.99999983791036
22760.0,22769.8,True,pv,0.99999983791036
22765.0,22774.8,True,pv,0.9999998379092233
22770.0,22779.8,True,pv,0.21101947582573363
22775.0,22784.8,True,pv,0.2110206620510194
22780.0,22789.8,True,pv,0.9999998379103602
22785.0,22794.8,True,pv,0.211549102496049
22790.0,22799.8,True,pv,0.21101947462498075
22795.0,22804.8,True,pv,0.20968483901472673
22800.0,22809.8,True,pv,0.9999998379092153
22805.0,22814.8,True,pv,0.21102066385906418
22810.0,22819.8,True,pv,0.2096836585676034
22815.0,22824.8,True,pv,0.2113250377308967
22820.0,22829.8,True,pv,0.9999998379103615
22825.0,22834.8,True,pv,0.9999998379092195
22830.0,22839.8,True,pv,0.21132504232158827
22835.0,22844.8,True,pv,0.9999998379092373
22840.0,22849.8,True,pv,0.2114984147849404
22845.0,22854.8,True,pv,0.21155029434050132
22850.0,22859.8,True,pv,0.21155029393747982
22855.0,22864.8,True,pv,0.211020661563261
22860.0,22869.8,True,pv,0.21155029447483245
22865.0,22874.8,True,pv,0.9999998379092147
22870.0,22879.8,True,pv,0.21101947297742207
22875.0,22884.8,True,pv,0.99999983791036
22880.0,22889.8,True,pv,0.9999998379103602
22885.0,22894.8,True,pv,0.21102066232112926
22890.0,22899.8,True,pv,0.20968366623215604
22895.0,22904.8,True,pv,0.21101946627033058
22900.0,22909.8,True,pv,0.20865996499181783
22905.0,22914.8,True,pv,0.9999998382140454
22910.0,22919.8,True,pv,0.9999998379092166
22915.0,22924.8,True,pv,0.2096836681401549
22920.0,22929.8,True,pv,0.9999998379103593
22925.0,22934.8,True,pv,0.2115502945205279
22930.0,22939.8,True,pv,0.21155029443062026
22935.0,22944.8,True,pv,0.21102066237896777
22940.0,22949.8,True,pv,0.21155029459498242
22945.0,22954.8,True,pv,0.21155029459498242
22950.0,22959.8,True,pv,0.9999998379103597
22955.0,22964.8,True,pv,0.9999998379103593
22960.0,22969.8,True,pv,0.99999983791036
22965.0,22974.8,True,pv,0.21101946970265203
22970.0,22979.8,True,pv,0.9999998379092229
22975.0,22984.8,True,pv,0.9999998379103597
22980.0,22989.8,True,pv,0.9999998379103597
22985.0,22994.8,True,pv,0.9999998379103593
22990.0,22999.8,True,pv,0.20968483862675388
22995.0,23004.8,True,pv,0.21149841642631145
23000.0,23009.8,True,pv,0.9999998379092229
23005.0,23014.8,True,pv,0.9999998379103597
23010.0,23019.8,True,pv,0.2096848386236076
23015.0,23024.8,True,pv,0.9999998379103593
23020.0,23029.8,True,pv,0.9999998379092313
23025.0,23034.8,True,pv,0.21102661524652397
23030.0,23039.8,True,pv,0.21149961140767057
23035.0,23044.8,True,pv,0.2110194667645667
23040.0,23049.8,True,pv,0.9999998379092311
23045.0,23054.8,True,pv,0.2110194669023747
23050.0,23059.8,True,pv,0.9999998379092164
23055.0,23064.8,True,pv,0.99999983790921
23060.0,23069.8,True,pv,0.21149960312605035
23065.0,23074.8,True,pv,0.21102065530303918
23070.0,23079.8,True,pv,0.2110206557907976
23075.0,23084.8,True,pv,0.9999998379103531
23080.0,23089.8,True,pv,0.9999998379103531
23085.0,23094.8,True,pv,0.9999998379103529
23090.0,23099.8,True,pv,0.21149841256124144
23095.0,23104.8,True,pv,0.21149841185192905
23100.0,23109.8,True,pv,0.9999998379092067
23105.0,23114.8,True,pv,0.2110206578701077
23110.0,23119.8,True,pv,0.2096848326570522
23115.0,23124.8,True,pv,0.21101946647631
23120.0,23129.8,True,pv,0.9999998379092067
23125.0,23134.8,True,pv,0.21101947089048065
23130.0,23139.8,True,pv,0.2110206562037303
23135.0,23144.8,True,pv,0.9999998379092166
23140.0,23149.8,True,pv,0.21101944919392873
23145.0,23154.8,True,pv,0.9999998379103529
23150.0,23159.8,True,pv,0.9999998379103531
23155.0,23164.8,True,pv,0.9999998379103537
23160.0,23169.8,True,pv,0.2114996031255397
23165.0,23174.8,True,pv,0.21149960319577948
23170.0,23179.8,True,pv,0.9999998379103529
23175.0,23184.8,True,pv,0.9999998379103529
23180.0,23189.8,True,pv,0.9999998379103529
23185.0,23194.8,True,pv,0.9999998379103529
23190.0,23199.8,True,pv,0.9999998379103526
23195.0,23204.8,True,pv,0.9999998379103533
23200.0,23209.8,True,pv,0.2110194682893165
23205.0,23214.8,True,pv,0.20968366002340766
23210.0,23219.8,True,pv,0.9999998379103531
23215.0,23224.8,True,pv,0.9999998379103553
23220.0,23229.8,True,pv,0.21102065575697038
23225.0,23234.8,True,pv,0.9999998379103533
23230.0,23239.8,True,pv,0.20968366002290578
23235.0,23244.8,True,pv,0.9999998379103533
23240.0,23249.8,True,pv,0.20968483427832302
23245.0,23254.8,True,fridge,0.999992711333703
23250.0,23259.8,True,fridge,0.9999920509290242
23255.0,23264.8,True,pc,0.28495145047647835
23260.0,23269.8,True,pc,0.28495145850621173
23265.0,23274.8,True,pc,0.28495145854792925
23270.0,23279.8,True,pc,0.28495145001731353
23275.0,23284.8,True,pc,0.29319077588942544
23280.0,23289.8,True,pc,0.2932414883380481
23285.0,23294.8,True,pc,0.2930783675167613
23290.0,23299.8,True,pc,0.2930847167425832
23295.0,23304.8,True,pc,0.29323513651247357
23300.0,23309.8,True,pc,0.29319071244256206
23305.0,23314.8,True,pc,0.285105577259641
23310.0,23319.8,True,pc,0.2851055770898843
23315.0,23324.8,True,pc,0.2849514858793255
23320.0,23329.8,True,pc,0.2851055771697642
23325.0,23334.8,True,pc,0.2851055773319389
23330.0,23339.8,True,pc,0.2851056757918242
23335.0,23344.8,True,pc,0.29318941878889887
23340.0,23349.8,True,pc,0.2931693595341777
23345.0,23354.8,True,pc,0.29319077873493987
23350.0,23359.8,True,pc,0.29318941694849304
23355.0,23364.8,True,pc,0.29319081403241753
23360.0,23369.8,True,pc,0.28510564837131297
23365.0,23374.8,True,pc,0.2851056435778845
23370.0,23379.8,True,pc,0.28511353679709256
23375.0,23384.8,True,pc,0.2931907136027669
23380.0,23389.8,True,pc,0.2931907130161142
23385.0,23394.8,True,pc,0.2851056431788132
23390.0,23399.8,True,pc,0.2865401785773003
23395.0,23404.8,True,pc,0.2931907768181144
23400.0,23409.8,True,pc,0.2931693751985925
23405.0,23414.8,True,pc,0.29318947833283876
23410.0,23419.8,True,pc,0.2931907159142824
23415.0,23424.8,True,pc,0.2932338525095631
23420.0,23429.8,True,pc,0.2949958522940832
23425.0,23434.8,True,pc,0.2949958275600038
23430.0,23439.8,True,pc,0.29506680070542257
23435.0,23444.8,True,pc,0.29506055893982913
23440.0,23449.8,True,pc,0.2949958164494042
23445.0,23454.8,True,pc,0.2950667945359913
23450.0,23459.8,True,pc,0.2950257703975088
23455.0,23464.8,True,pc,0.2950173587298717
23460.0,23469.8,True,pc,0.29501732198836517
23465.0,23474.8,True,pc,0.29506685640480546
23470.0,23479.8,True,pc,0.29502576995127905
23475.0,23484.8,True,pc,0.29501735926458583
23480.0,23489.8,True,pc,0.29502577021484067
23485.0,23494.8,True,pc,0.29506190735007887
23490.0,23499.8,True,pc,0.29501729472006993
23495.0,23504.8,True,pc,0.9999997515686019
23500.0,23509.8,True,pc,0.9999997515686545
23505.0,23514.8,True,pc,0.9999997515686492
23510.0,23519.8,True,pc,0.9999997515686467
23515.0,23524.8,True,pc,0.9999997416104122
23520.0,23529.8,True,pc,0.9999997515787296
23525.0,23534.8,True,pc,0.999999751543764
23530.0,23539.8,True,pc,0.9999997515787533
23535.0,23544.8,True,pc,0.9999997515787011
23540.0,23549.8,True,pc,0.9999997515686467
23545.0,23554.8,True,pc,0.9999997416003797
23550.0,23559.8,True,pc,0.9999997515686252
23555.0,23564.8,True,pc,0.9999997515787045
23560.0,23569.8,True,pc,0.9999997515787216
23565.0,23574.8,True,pc,0.9999997515686669
23570.0,23579.8,True,pc,0.999999751568672
23575.0,23584.8,True,pc,0.9999997515437851
23580.0,23589.8,True,pc,0.9999997515437558
23585.0,23594.8,True,pc,0.9999997515787373
23590.0,23599.8,True,pc,0.9999997416104244
23595.0,23604.8,True,pc,0.9999997515686021
23600.0,23609.8,True,pc,0.9999997515687806
23605.0,23614.8,True,pc,0.9999997515686583
23610.0,23619.8,True,pc,0.9999997515686465
23615.0,23624.8,True,pc,0.9999997515438066
23620.0,23629.8,True,pc,0.9999997515686769
23625.0,23634.8,True,pc,0.9999997515644141
23630.0,23639.8,True,pc,0.9999997515644041
23635.0,23644.8,True,pc,0.9999997515437375
23640.0,23649.8,True,pc,0.9999997515686694
23645.0,23654.8,True,pc,0.9999997416003789
23650.0,23659.8,True,pc,0.999999751568666
23655.0,23664.8,True,pc,0.9999997515787225
23660.0,23669.8,True,pc,0.9999997515686541
23665.0,23674.8,True,pc,0.9999997515744445
23670.0,23679.8,True,pc,0.9999997515744441
23675.0,23684.8,True,pc,0.9999997515644152
23680.0,23689.8,True,pc,0.999999751574461
23685.0,23694.8,True,pc,0.9999997416097458
23690.0,23699.8,True,pc,0.9999997515786982
23695.0,23704.8,True,pc,0.9999997515644139
23700.0,23709.8,True,pc,0.9999997415996945
23705.0,23714.8,True,pc,0.9999997416097405
23710.0,23719.8,True,pc,0.9999997416097591
23715.0,23724.8,True,pc,0.9999997416097418
23720.0,23729.8,True,pc,0.999999741599695
23725.0,23734.8,True,pc,0.9999997416097538
23730.0,23739.8,True,pc,0.9999997416097538
23735.0,23744.8,True,pc,0.9999997416097531
23740.0,23749.8,True,pc,0.999999741609726
23745.0,23754.8,True,pc,0.9999997416097218
23750.0,23759.8,True,pc,0.9999997515644143
23755.0,23764.8,True,pc,0.9999997515395431
23760.0,23769.8,True,pc,0.9999997515975678
23765.0,23774.8,True,pc,0.9999997515644141
23770.0,23779.8,True,pc,0.9999997515744568
23775.0,23784.8,True,pc,0.99999974160976
23780.0,23789.8,False,off,
23785.0,23794.8,True,pc,0.9999997416097649
23790.0,23799.8,True,pc,0.9999997416104268
23795.0,23804.8,True,pc,0.9999997515644095
23800.0,23809.8,True,pc,0.9999997515974721
23805.0,23814.8,False,off,
23810.0,23819.8,True,pc,0.9999997416327374
23815.0,23824.8,True,pc,0.999999741609784
23820.0,23829.8,True,pc,0.9999997415996945
23825.0,23834.8,True,pc,0.9999997416097423
23830.0,23839.8,True,pc,0.9999997515644183
23835.0,23844.8,True,pc,0.9999997515744776
23840.0,23849.8,True,pc,0.9999997416097263
23845.0,23854.8,True,pc,0.9999997416097289
23850.0,23859.8,True,pc,0.999999741609766
23855.0,23864.8,True,pc,0.9999997415996996
23860.0,23869.8,True,pc,0.9999997415996947
23865.0,23874.8,True,pc,0.9999997416097451
23870.0,23879.8,True,pc,0.9999997415996952
23875.0,23884.8,True,pc,0.9999997416097256
23880.0,23889.8,True,pc,0.9999997416097396
23885.0,23894.8,True,pc,0.9999997475769316
23890.0,23899.8,True,pc,0.9999997475525109
23895.0,23904.8,True,pc,0.9999997515975623
23900.0,23909.8,True,pc,0.9999997515395993
23905.0,23914.8,True,pc,0.9999997515745307
23910.0,23919.8,True,pc,0.999999741632749
23915.0,23924.8,True,pc,0.999999741599699
23920.0,23929.8,True,pc,0.9999997416097913
23925.0,23934.8,True,pc,0.9999997415996992
23930.0,23939.8,True,pc,0.9999997416097529
23935.0,23944.8,False,off,
23940.0,23949.8,True,pc,0.9999997475525115
23945.0,23954.8,True,pc,0.9999997475175373
23950.0,23959.8,True,pc,0.9999997515974663
23955.0,23964.8,True,pc,0.9999997515644141
23960.0,23969.8,True,pc,0.9999997515745196
23965.0,23974.8,True,pc,0.9999997515644281
23970.0,23979.8,True,pc,0.9999997515644283
23975.0,23984.8,True,pc,0.999999751574463
23980.0,23989.8,True,pc,0.999999751574542
23985.0,23994.8,True,pc,0.9999997515645176
23990.0,23999.8,True,pc,0.9999997515974599
23995.0,24004.8,True,pc,0.9999997416097867
24000.0,24009.8,True,pc,0.999999741609784
24005.0,24014.8,True,pc,0.9999997416327487
24010.0,24019.8,True,pc,0.9999997416097653
24015.0,24024.8,True,pc,0.999999741632745
24020.0,24029.8,True,pc,0.9999997416098013
24025.0,24034.8,True,pc,0.9999997416097602
24030.0,24039.8,True,pc,0.9999997416098049
24035.0,24044.8,True,pc,0.9999997515744767
24040.0,24049.8,True,pc,0.9999997515319841
24045.0,24054.8,True,pc,0.9999997515744865
24050.0,24059.8,True,pc,0.9999997416327481
24055.0,24064.8,True,pc,0.9999997416327487
24060.0,24069.8,True,pc,0.9999997416097598
24065.0,24074.8,False,off,
24070.0,24079.8,True,pc,0.9999997416327487
24075.0,24084.8,True,pc,0.9999997416097989
24080.0,24089.8,True,pc,0.999999741632749
24085.0,24094.8,True,pc,0.9999997416327481
24090.0,24099.8,True,pc,0.9999997416327481
24095.0,24104.8,False,off,
24100.0,24109.8,True,pc,0.9999997416327481
24105.0,24114.8,True,pc,0.9999997416098049
24110.0,24119.8,True,pc,0.999999741632749
24115.0,24124.8,True,pc,0.9999997416097598
24120.0,24129.8,True,pc,0.999999741632749
24125.0,24134.8,True,pc,0.9999997416327563
24130.0,24139.8,True,pc,0.999999741609798
24135.0,24144.8,True,pc,0.9999997416327421
24140.0,24149.8,True,pc,0.999999751531869
24145.0,24154.8,True,pc,0.9999997515974663
24150.0,24159.8,True,pc,0.9999997416327481
24155.0,24164.8,True,pc,0.9999997475099314
24160.0,24169.8,True,pc,0.9999997473663073
24165.0,24174.8,True,pc,0.27300473296492717
24170.0,24179.8,True,pv,0.2109702246238326
24175.0,24184.8,True,pv,0.9999998379103076
24180.0,24189.8,True,pv,0.9999998379103526
24185.0,24194.8,True,pv,0.21102688718378637
24190.0,24199.8,True,pv,0.9999998379092186
24195.0,24204.8,True,pv,0.9999998379091609
24200.0,24209.8,True,pv,0.9999998379092095
24205.0,24214.8,True,pv,0.9999998374000365
24210.0,24219.8,True,pv,0.9999998379103529
24215.0,24224.8,True,pv,0.9999998379092078
24220.0,24229.8,True,pv,0.9999998379092104
24225.0,24234.8,True,pv,0.9999998379092078
24230.0,24239.8,True,pv,0.9999998379103524
24235.0,24244.8,True,pv,0.9999998379103529
24240.0,24249.8,True,pv,0.20942658909676878
24245.0,24254.8,True,pv,0.9999998379103524
24250.0,24259.8,True,pv,0.9999998379092078
24255.0,24264.8,True,pv,0.2109691275115211
24260.0,24269.8,True,pv,0.9999998379103529
24265.0,24274.8,True,pv,0.9999998379103529
24270.0,24279.8,True,pv,0.9999998379103524
24275.0,24284.8,True,pv,0.9999998379092093
24280.0,24289.8,True,pv,0.9999998379103529
24285.0,24294.8,True,pv,0.9999998379103526
24290.0,24299.8,True,pv,0.9999998379103529
24295.0,24304.8,True,pv,0.9999998379092124
24300.0,24309.8,True,pv,0.2091634131606082
24305.0,24314.8,True,pv,0.9999998379092078
24310.0,24319.8,True,pv,0.21102687490111222
24315.0,24324.8,True,pv,0.21102686968512613
24320.0,24329.8,True,pv,0.9999998379103529
24325.0,24334.8,True,pv,0.9999998379103526
24330.0,24339.8,True,pv,0.20916457592927973
24335.0,24344.8,True,pv,0.20916340818663506
24340.0,24349.8,True,pv,0.9999998374000458
24345.0,24354.8,True,pv,0.9999998379092078
24350.0,24359.8,True,pv,0.999999837909208
24355.0,24364.8,True,pv,0.9999998379103524
24360.0,24369.8,True,pv,0.9999998379103526
24365.0,24374.8,True,pv,0.9999998379103529
24370.0,24379.8,True,pv,0.9999998379103524
24375.0,24384.8,True,pv,0.9999998379103529
24380.0,24389.8,True,pv,0.20916457598320726
24385.0,24394.8,True,pv,0.9999998379103529
24390.0,24399.8,True,pv,0.9999998379103489
24395.0,24404.8,True,pv,0.9999998379103486
24400.0,24409.8,True,pv,0.999999837909222
24405.0,24414.8,True,pv,0.2110195456528121
24410.0,24419.8,True,pv,0.9999998379103486
24415.0,24424.8,True,pv,0.9999998379103486
24420.0,24429.8,True,pv,0.9999998379103486
24425.0,24434.8,True,pv,0.9999998379103486
24430.0,24439.8,True,pv,0.9999998379103486
24435.0,24444.8,True,pv,0.9999998379092178
24440.0,24449.8,True,pv,0.2091634001498533
24445.0,24454.8,True,pv,0.9999998379103506
24450.0,24459.8,True,pv,0.9999998379103491
24455.0,24464.8,True,pv,0.9999998379103489
24460.0,24469.8,True,pv,0.21127453723458364
24465.0,24474.8,True,pv,0.21102696331827425
24470.0,24479.8,True,pv,0.9999998379103491
24475.0,24484.8,True,pv,0.9999998379103486
24480.0,24489.8,True,pv,0.9999998379092107
24485.0,24494.8,True,pv,0.9999998379092118
24490.0,24499.8,True,pv,0.9999998379092089
24495.0,24504.8,True,pv,0.21102687148010024
24500.0,24509.8,True,pv,0.2113325557297495
24505.0,24514.8,True,pv,0.9999998379103489
24510.0,24519.8,True,pv,0.9999998379103486
24515.0,24524.8,True,pv,0.9999998379103493
24520.0,24529.8,True,pv,0.9999998379103506
24525.0,24534.8,True,pv,0.9999998379092042
24530.0,24539.8,True,pv,0.9999998379103491
24535.0,24544.8,True,pv,0.21101955799010563
24540.0,24549.8,True,pv,0.9999998379092107
24545.0,24554.8,True,pv,0.9999998379103486
24550.0,24559.8,True,pv,0.9999998379103486
24555.0,24564.8,True,pv,0.9999998379103486
24560.0,24569.8,True,pv,0.9999998379103486
24565.0,24574.8,True,pv,0.9999998379103486
24570.0,24579.8,True,pv,0.999999837909204
24575.0,24584.8,True,pv,0.21101955479239468
24580.0,24589.8,True,pv,0.9999998379103457
24585.0,24594.8,True,pv,0.9999998379103451
24590.0,24599.8,True,pv,0.9999998379092051
24595.0,24604.8,True,pv,0.21102696964519793
24600.0,24609.8,True,pv,0.9999998379092069
24605.0,24614.8,True,pv,0.21102816995907386
24610.0,24619.8,True,pv,0.21102816831532073
24615.0,24624.8,True,pv,0.2110268780235371
24620.0,24629.8,True,pv,0.21133256809955506
24625.0,24634.8,True,pv,0.9999998379103457
24630.0,24639.8,True,pv,0.9999998379103451
24635.0,24644.8,True,pv,0.9999998379103451
24640.0,24649.8,True,pv,0.9999998379103455
24645.0,24654.8,True,pv,0.9999998374000263
24650.0,24659.8,True,pv,0.21096913194822195
24655.0,24664.8,True,pv,0.9999998379092007
24660.0,24669.8,True,pv,0.20916458143340036
24665.0,24674.8,True,pv,0.9999998379092071
24670.0,24679.8,True,pv,0.21102696964519793
24675.0,24684.8,True,pv,0.9999998379103457
24680.0,24689.8,True,pv,0.9999998379103455
24685.0,24694.8,True,pv,0.9999998379103457
24690.0,24699.8,True,pv,0.9999998379103457
24695.0,24704.8,True,pv,0.9999998374000303
24700.0,24709.8,True,pv,0.2110269755208918
24705.0,24714.8,True,pv,0.9999998352020562
24710.0,24719.8,True,pv,0.208658469906762
24715.0,24724.8,True,pv,0.9999998379103457
24720.0,24729.8,True,pv,0.9999998379103455
24725.0,24734.8,True,pv,0.9999998379103451
24730.0,24739.8,True,pv,0.9999998379103451
24735.0,24744.8,True,pv,0.9999998379103455
24740.0,24749.8,True,pv,0.9999998379103457
24745.0,24754.8,True,pv,0.21133247459568444
24750.0,24759.8,True,pv,0.9999998382140327
24755.0,24764.8,True,pv,0.9999998379103451
24760.0,24769.8,True,pv,0.9999998379103451
24765.0,24774.8,True,pv,0.9999998379103451
24770.0,24779.8,True,pv,0.9999998356144965
24775.0,24784.8,True,pv,0.9999998356144965
24780.0,24789.8,True,pv,0.9999998379103451
24785.0,24794.8,True,pv,0.9999998379103451
24790.0,24799.8,True,pv,0.9999998379103451
24795.0,24804.8,True,pv,0.9999998379092053
24800.0,24809.8,True,pv,0.20916341592565407
24805.0,24814.8,True,pv,0.999999835614599
24810.0,24819.8,True,pv,0.20824489136032667
24815.0,24824.8,True,pv,0.9999998379092007
24820.0,24829.8,True,pv,0.2109691345517708
24825.0,24834.8,True,pv,0.21102698227276195
24830.0,24839.8,True,pv,0.9999998379103457
24835.0,24844.8,True,pv,0.20916458163123985
24840.0,24849.8,True,pv,0.9999998379103451
24845.0,24854.8,True,pv,0.9999998379103455
24850.0,24859.8,True,pv,0.9999998382140312
24855.0,24864.8,True,pv,0.20818855717084025
24860.0,24869.8,True,pv,0.20865847159805398
24865.0,24874.8,True,pv,0.20818855708341488
24870.0,24879.8,True,pv,0.9999998374011727
24875.0,24884.8,True,pv,0.9999998374011729
24880.0,24889.8,True,pv,0.21102816828176188
24885.0,24894.8,True,pv,0.21102698036743767
24890.0,24899.8,True,pv,0.21097031816081493
24895.0,24904.8,True,pv,0.9999998374000252
24900.0,24909.8,True,pv,0.9999998379091993
24905.0,24914.8,True,pv,0.9999998379092022
24910.0,24919.8,True,pv,0.9999998379103429
24915.0,24924.8,True,pv,0.2091645788117366
24920.0,24929.8,True,pv,0.2091634118621656
24925.0,24934.8,True,pv,0.9999998379103426
24930.0,24939.8,True,pv,0.9999998379103426
24935.0,24944.8,True,pv,0.9999998379103424
24940.0,24949.8,True,pv,0.9999998379103424
24945.0,24954.8,True,pv,0.9999998379103424
24950.0,24959.8,True,pv,0.9999998379103422
24955.0,24964.8,True,pv,0.9999998379103426
24960.0,24969.8,True,pv,0.9999998379103426
24965.0,24974.8,True,pv,0.9999998379103426
24970.0,24979.8,True,pv,0.9999998379103426
24975.0,24984.8,True,pv,0.9999998379103429
24980.0,24989.8,True,pv,0.2091634162516816
24985.0,24994.8,True,pv,0.9999998379091993
24990.0,24999.8,True,pv,0.9999998379103426
24995.0,25004.8,True,pv,0.9999998379103426
25000.0,25009.8,True,pv,0.9999998379103426
25005.0,25014.8,True,pv,0.9999998374000276
25010.0,25019.8,True,pv,0.9999998379092055
25015.0,25024.8,True,pv,0.999999837909204
25020.0,25029.8,True,pv,0.21096913376585388
25025.0,25034.8,True,pv,0.9999998374000312
25030.0,25039.8,True,pv,0.20866024349865017
25035.0,25044.8,True,pv,0.9999998352020535
25040.0,25049.8,True,pv,0.9999998374000314
25045.0,25054.8,True,pv,0.9999998379091996
25050.0,25059.8,True,pv,0.9999998379092002
25055.0,25064.8,True,pv,0.9999998374011698
25060.0,25069.8,True,pv,0.9999998379103426
25065.0,25074.8,True,pv,0.21097031816081493
25070.0,25079.8,True,pv,0.20916458036792396
25075.0,25084.8,True,pv,0.9999998379103429
25080.0,25089.8,True,pv,0.9999998379103424
25085.0,25094.8,True,pv,0.9999998379103426
25090.0,25099.8,True,pv,0.9999998374000252
25095.0,25104.8,True,pv,0.2091634134782761
25100.0,25109.8,True,pv,0.9999998379103429
25105.0,25114.8,True,pv,0.20916341616109577
25110.0,25119.8,True,pv,0.2110269802400468
25115.0,25124.8,True,pv,0.9999998374000252
25120.0,25129.8,True,pv,0.9999998379103444
25125.0,25134.8,True,pv,0.9999998374011703
25130.0,25139.8,True,pv,0.9999998374011703
25135.0,25144.8,True,pv,0.9999998379103429
25140.0,25149.8,True,pv,0.9999998379103426
25145.0,25154.8,True,pv,0.9999998374011696
25150.0,25159.8,True,pv,0.2091645788117366
25155.0,25164.8,True,pv,0.9999998374000294
25160.0,25169.8,True,pv,0.9999998379103426
25165.0,25174.8,True,pv,0.9999998379103424
25170.0,25179.8,True,pv,0.9999998379103424
25175.0,25184.8,True,pv,0.20916340674789563
25180.0,25189.8,True,pv,0.2110269822564807
25185.0,25194.8,True,pv,0.9999998379103429
25190.0,25199.8,True,pv,0.9999998379103429
25195.0,25204.8,True,pv,0.9999998379103424
25200.0,25209.8,True,pv,0.9999998374011698
25205.0,25214.8,True,pv,0.9999998379103424
25210.0,25219.8,True,pv,0.9999998379103424
25215.0,25224.8,True,pv,0.9999998379103426
25220.0,25229.8,True,pv,0.9999998379103426
25225.0,25234.8,True,pv,0.20916457869768662
25230.0,25239.8,True,pv,0.9999998374011703
25235.0,25244.8,True,pv,0.9999998379091978
25240.0,25249.8,True,pv,0.2110269822554392
25245.0,25254.8,True,pv,0.209163411696254
25250.0,25259.8,True,pv,0.21096912922358896
25255.0,25264.8,True,pv,0.9999998374000312
25260.0,25269.8,True,pv,0.9999998379103424
25265.0,25274.8,True,pv,0.9999998379091993
25270.0,25279.8,True,pv,0.21102695848504735
25275.0,25284.8,True,pv,0.9999998379092064
25280.0,25289.8,True,pv,0.9999998379091929
25285.0,25294.8,True,pv,0.21097654457585777
25290.0,25299.8,True,pv,0.21102697356891809
25295.0,25304.8,True,pv,0.9999998379103335
25300.0,25309.8,True,pv,0.9999998379103335
25305.0,25314.8,True,pv,0.9999998379103333
25310.0,25319.8,True,pv,0.9999998379103333
25315.0,25324.8,True,pv,0.9999998379103335
25320.0,25329.8,True,pv,0.9999998379103333
25325.0,25334.8,True,pv,0.9999998379103333
25330.0,25339.8,True,pv,0.9999998379103335
25335.0,25344.8,True,pv,0.999999837910334
25340.0,25349.8,True,pv,0.21102697033330528
25345.0,25354.8,True,pv,0.21102697356680802
25350.0,25359.8,True,pv,0.20916456979804582
25355.0,25364.8,True,pv,0.9999998379103335
25360.0,25369.8,True,pv,0.9999998379103338
25365.0,25374.8,True,pv,0.20916339920528274
25370.0,25379.8,True,pv,0.21102696135992782
25375.0,25384.8,True,pv,0.9999998379091891
25380.0,25389.8,True,pv,0.20916456979804582
25385.0,25394.8,True,pv,0.9999998379103338
25390.0,25399.8,True,pv,0.9999998379103335
25395.0,25404.8,True,pv,0.20916456979804582
25400.0,25409.8,True,pv,0.20916340405882902
25405.0,25414.8,True,pv,0.9999998374000343
25410.0,25419.8,True,pv,0.9999998374000336
25415.0,25424.8,True,pv,0.9999998373999794
25420.0,25429.8,True,pv,0.9999998374011192
25425.0,25434.8,True,pv,0.9999998379102896
25430.0,25439.8,True,pv,0.9999998379102902
25435.0,25444.8,True,pv,0.21102692870722678
25440.0,25449.8,True,pv,0.2110269212755177
25445.0,25454.8,True,pv,0.99999983791029
25450.0,25459.8,True,pv,0.99999983791029
25455.0,25464.8,True,pv,0.9999998374011194
25460.0,25469.8,True,pv,0.2091633607495094
25465.0,25474.8,True,pv,0.9999998379091494
25470.0,25479.8,True,pv,0.9999998356145418
25475.0,25484.8,True,pv,0.20327068475028923
25480.0,25489.8,True,pv,0.9999998377048033
25485.0,25494.8,True,pv,0.21102811403349941
25490.0,25499.8,True,pv,0.21102811409134203
25495.0,25504.8,True,pv,0.9999998373999746
25500.0,25509.8,True,pv,0.20916336273645764
25505.0,25514.8,True,pv,0.2110269274878109
25510.0,25519.8,True,pv,0.21102692126622852
25515.0,25524.8,True,pv,0.9999998373999794
25520.0,25529.8,True,pv,0.9999998379102896
25525.0,25534.8,True,pv,0.9999998379091494
25530.0,25539.8,True,pv,0.9999998373999794
25535.0,25544.8,True,pv,0.9999998379102898
25540.0,25549.8,True,pv,0.9999998379091467
25545.0,25554.8,True,pv,0.2091633607495094
25550.0,25559.8,True,pv,0.9999998379102918
25555.0,25564.8,True,pv,0.9999998379102896
25560.0,25569.8,True,pv,0.9999998379102898
25565.0,25574.8,True,pv,0.9999998374011179
25570.0,25579.8,True,pv,0.99999983791029
25575.0,25584.8,True,pv,0.9999998379091467
25580.0,25589.8,True,pv,0.9999998377048004
25585.0,25594.8,True,pv,0.20327068472030704
25590.0,25599.8,True,pv,0.9999998356144421
25595.0,25604.8,True,pv,0.999999835614441
25600.0,25609.8,True,pv,0.20329269535627537
25605.0,25614.8,True,pv,0.9999998382139756
25610.0,25619.8,True,pv,0.9999998379102898
25615.0,25624.8,True,pv,0.9999998379102896
25620.0,25629.8,True,pv,0.9999998379102896
25625.0,25634.8,True,pv,0.9999998373999706
25630.0,25639.8,True,pv,0.9999998379091467
25635.0,25644.8,True,pv,0.9999998379091449
25640.0,25649.8,True,pv,0.9999998373999792
25645.0,25654.8,True,pv,0.99999983791029
25650.0,25659.8,True,pv,0.20917065430935744
25655.0,25664.8,True,pv,0.9999998379091467
25660.0,25669.8,True,pv,0.9999998373999726
25665.0,25674.8,True,pv,0.9999998373999797
25670.0,25679.8,True,pv,0.9999998379091496
25675.0,25684.8,True,pv,0.9999998356144412
25680.0,25689.8,True,pv,0.2032706624865413
25685.0,25694.8,True,pv,0.2030531123958068
25690.0,25699.8,True,pc,0.27308897115193753
25695.0,25704.8,True,fridge,0.999997038871431
25700.0,25709.8,True,fridge,0.9999995946766622
25705.0,25714.8,True,fridge,0.9999994535972813
25710.0,25719.8,True,fridge,0.9999991444337594
25715.0,25724.8,True,fridge,0.8631975744202396
25720.0,25729.8,True,fridge,0.8632200896247655
25725.0,25734.8,True,fridge,0.8635283212936781
25730.0,25739.8,True,fridge,0.8526869911499917
25735.0,25744.8,True,fridge,0.8479864769215624
25740.0,25749.8,True,fridge,0.8593196485639333
25745.0,25754.8,True,fridge,0.8563540218353047
25750.0,25759.8,True,fridge,0.8479911017369638
25755.0,25764.8,True,fridge,0.8526869909711321
25760.0,25769.8,True,fridge,0.8635283359406942
25765.0,25774.8,True,fridge,0.8635281808343486
25770.0,25779.8,True,fridge,0.8712588209574068
25775.0,25784.8,True,fridge,0.8628408210780305
25780.0,25789.8,True,fridge,0.8618391418525114
25785.0,25794.8,True,fridge,0.8483060646305002
25790.0,25799.8,True,fridge,0.8483060659622327
25795.0,25804.8,True,fridge,0.8479864782380195
25800.0,25809.8,True,fridge,0.8479864781687354
25805.0,25814.8,True,fridge,0.8475739933098682
25810.0,25819.8,True,fridge,0.8522892206410317
25815.0,25824.8,True,fridge,0.8625332040353049
25820.0,25829.8,True,fridge,0.999973019629676
25825.0,25834.8,True,fridge,0.9999995571733793
25830.0,25839.8,True,fridge,0.9999970555078718
25835.0,25844.8,True,pc,0.31852579262035813
25840.0,25849.8,True,pc,0.307663454791922
25845.0,25854.8,True,pc,0.28196258402717805
25850.0,25859.8,True,pv,0.21108446260714123
25855.0,25864.8,True,pc,0.3008529342105538
25860.0,25869.8,True,pv,0.21185614119789348
25865.0,25874.8,True,pv,0.21081520478927435
25870.0,25879.8,True,baseload,0.261144691464432
25875.0,25884.8,True,pc,0.31825495587399616
25880.0,25889.8,True,fridge,0.2257651433914095
25885.0,25894.8,True,fridge,0.9999973060695166
25890.0,25899.8,True,fridge,0.9999996186961899
25895.0,25904.8,True,fridge,0.9999994495645411
25900.0,25909.8,True,fridge,0.999999151722092
25905.0,25914.8,True,fridge,0.9999732444298953
25910.0,25919.8,True,fridge,0.8635063405651033
25915.0,25924.8,True,fridge,0.8635283212936781
25920.0,25929.8,True,fridge,0.8626061086709952
25925.0,25934.8,True,fridge,0.8678728817310998
25930.0,25939.8,True,fridge,0.8692507361537823
25935.0,25944.8,True,fridge,0.863989638962397
25940.0,25949.8,True,fridge,0.864298313442505
25945.0,25954.8,True,fridge,0.8712593004903111
25950.0,25959.8,True,fridge,0.8738001705103328
25955.0,25964.8,True,fridge,0.9999735596390347
25960.0,25969.8,True,fridge,0.8635281808343486
25965.0,25974.8,True,fridge,0.8635283212936781
25970.0,25979.8,True,fridge,0.8526869909711321
25975.0,25984.8,True,fridge,0.8483060646305002
25980.0,25989.8,True,fridge,0.8479864781687354
25985.0,25994.8,True,fridge,0.8589909540511685
25990.0,25999.8,True,fridge,0.8590384193439167
25995.0,26004.8,True,fridge,0.8593717824596004
26000.0,26009.8,True,fridge,0.8593188074807723
26005.0,26014.8,True,fridge,0.8590432182758918
26010.0,26019.8,True,fridge,0.8593663215694937
26015.0,26024.8,True,fridge,0.8593677475415474
26020.0,26029.8,True,fridge,0.8590384217381528
26025.0,26034.8,True,fridge,0.8593194472444583
26030.0,26039.8,True,fridge,0.8593663234887258
26035.0,26044.8,True,fridge,0.8589956131215536
26040.0,26049.8,True,fridge,0.8589963109614224
26045.0,26054.8,True,fridge,0.8472786588127059
26050.0,26059.8,True,fridge,0.8522699011537461
26055.0,26064.8,True,fridge,0.8625378030744354
26060.0,26069.8,True,fridge,0.8617819176649733
26065.0,26074.8,True,fridge,0.9999992991933044
26070.0,26079.8,True,fridge,0.9999967364908172
26075.0,26084.8,True,pc,0.27653536480402474
26080.0,26089.8,True,pc,0.3078611476976343
26085.0,26094.8,True,fridge,0.9999995289695078
26090.0,26099.8,True,fridge,0.9999995243573008
26095.0,26104.8,True,fridge,0.9999994578840993
26100.0,26109.8,True,fridge,0.9999731584652943
26105.0,26114.8,True,fridge,0.8741585051392675
26110.0,26119.8,True,fridge,0.8712605459806578
26115.0,26124.8,True,fridge,0.8707020956500496
26120.0,26129.8,True,fridge,0.8712812024030924
26125.0,26134.8,True,fridge,0.8738699623411509
26130.0,26139.8,True,fridge,0.8741377742542699
26135.0,26144.8,True,fridge,0.8692536643201396
26140.0,26149.8,True,fridge,0.8678728817294273
26145.0,26154.8,True,fridge,0.859319645503041
26150.0,26159.8,True,fridge,0.8563540855024538
26155.0,26164.8,True,fridge,0.8593664591040809
26160.0,26169.8,True,fridge,0.8563523810909216
26165.0,26174.8,True,fridge,0.8487845986026901
26170.0,26179.8,True,fridge,0.8472740505716304
26175.0,26184.8,True,fridge,0.8519518187361335
26180.0,26189.8,True,fridge,0.9999731543049456
26185.0,26194.8,True,fridge,0.9999993013755997
26190.0,26199.8,True,fridge,0.9999995560903735
26195.0,26204.8,True,fridge,0.9999938846204
26200.0,26209.8,True,pc,0.27437282273418456
26205.0,26214.8,True,fridge,0.999997037155726
26210.0,26219.8,True,fridge,0.9999996136407482
26215.0,26224.8,True,fridge,0.9999994535973195
26220.0,26229.8,True,fridge,0.9999732444299428
26225.0,26234.8,True,fridge,0.9999735596466899
26230.0,26239.8,True,fridge,0.8635056513906383
26235.0,26244.8,True,fridge,0.999999146765799
26240.0,26249.8,True,fridge,0.9999995283944559
26245.0,26254.8,True,fridge,0.9999967280589572
26250.0,26259.8,True,pc,0.2741651890940315
26255.0,26264.8,True,pv,0.20300686531378986
26260.0,26269.8,True,pv,0.9999998294317185
26265.0,26274.8,True,pc,0.27442327944664235
26270.0,26279.8,True,fridge,0.9999995287531123
26275.0,26284.8,True,fridge,0.9999993013678263
26280.0,26289.8,True,fridge,0.9999730886893746
26285.0,26294.8,True,fridge,0.8628408044797182
26290.0,26299.8,True,fridge,0.8710155951560602
26295.0,26304.8,True,fridge,0.8741810214864189
26300.0,26309.8,True,fridge,0.8741810154587109
26305.0,26314.8,True,fridge,0.8741817249450536
26310.0,26319.8,True,fridge,0.8738226798828024
26315.0,26324.8,True,fridge,0.8642762358256665
26320.0,26329.8,True,fridge,0.9999757525102908
26325.0,26334.8,True,fridge,0.9999732454400789
26330.0,26339.8,True,fridge,0.9999994520396976
26335.0,26344.8,True,fridge,0.9999995926318416
26340.0,26349.8,True,baseload,0.20514220628818386
26345.0,26354.8,True,pc,0.29768555787139744
26350.0,26359.8,True,pv,0.20854224402412308
26355.0,26364.8,True,pv,0.2110203287162302
26360.0,26369.8,True,pv,0.21102060478619736
26365.0,26374.8,True,pv,0.21154904406203195
26370.0,26379.8,True,pv,0.2096835930640299
26375.0,26384.8,True,pv,0.2115490400771416
26380.0,26389.8,True,pv,0.20865188605111132
26385.0,26394.8,True,pc,0.296966091224529
26390.0,26399.8,True,pc,0.28628455433502015
26395.0,26404.8,True,fridge,0.9999974495863397
26400.0,26409.8,True,fridge,0.9999995284482553
26405.0,26414.8,True,fridge,0.9999994520456199
26410.0,26419.8,True,fridge,0.9999734185768938
26415.0,26424.8,True,fridge,0.9999756827419464
26420.0,26429.8,True,fridge,0.9999756827433154
26425.0,26434.8,True,fridge,0.999975683759633
26430.0,26439.8,True,fridge,0.9999993961696783
26435.0,26444.8,True,fridge,0.9999994597907199
26440.0,26449.8,True,fridge,0.999999396173628
26445.0,26454.8,True,fridge,0.99999920488321
26450.0,26459.8,True,fridge,0.9999756839084394
26455.0,26464.8,True,fridge,0.9999993800982533
26460.0,26469.8,True,fridge,0.9999756827444032
26465.0,26474.8,True,fridge,0.9999750523813475
26470.0,26479.8,True,fridge,0.9999757524876536
26475.0,26484.8,True,fridge,0.9999733859309753
26480.0,26489.8,True,fridge,0.8632200045912416
26485.0,26494.8,True,fridge,0.8635282361995228
26490.0,26499.8,True,fridge,0.8530100430701406
26495.0,26504.8,True,fridge,0.8475930125030309
26500.0,26509.8,True,fridge,0.8479863893699356
26505.0,26514.8,True,fridge,0.8589907228032201
26510.0,26519.8,True,fridge,0.8590383343989317
26515.0,26524.8,True,fridge,0.8593716916226644
26520.0,26529.8,True,fridge,0.859367655595976
26525.0,26534.8,True,fridge,0.8593662304469303
26530.0,26539.8,True,fridge,0.8590431210101328
26535.0,26544.8,True,fridge,0.8472739622705083
26540.0,26549.8,True,fridge,0.851966536828315
26545.0,26554.8,True,fridge,0.8540650255252744
26550.0,26559.8,True,fridge,0.862525036051898
26555.0,26564.8,True,fridge,0.9999991447045232
26560.0,26569.8,True,fridge,0.9999996146640459
26565.0,26574.8,True,fridge,0.9999970577310605
26570.0,26579.8,True,baseload,0.33435961605453524
26575.0,26584.8,True,baseload,0.2727197299601194
26580.0,26589.8,True,pc,0.296687991235194
26585.0,26594.8,True,pv,0.21185667048783993
26590.0,26599.8,True,pv,0.20865953879261429
26595.0,26604.8,True,pv,0.2086606336282307
26600.0,26609.8,True,pv,0.21101992345769127
26605.0,26614.8,True,pc,0.29563299087878264
26610.0,26619.8,True,pv,0.21108471538535836
26615.0,26624.8,True,pc,0.27608643721514453
26620.0,26629.8,True,baseload,0.2112731581793101
26625.0,26634.8,True,fridge,0.9999974622103767
26630.0,26639.8,True,fridge,0.9999996157449771
26635.0,26644.8,True,fridge,0.9999993013750992
26640.0,26649.8,True,fridge,0.9999730886701479
26645.0,26654.8,True,fridge,0.8632244632048023
26650.0,26659.8,True,fridge,0.8635282362341525
26655.0,26664.8,True,fridge,0.861373517581043
26660.0,26669.8,True,fridge,0.851971196152161
26665.0,26674.8,True,fridge,0.8625331358683808
26670.0,26679.8,True,fridge,0.9999731610254082
26675.0,26684.8,True,fridge,0.9999991424018227
26680.0,26689.8,True,fridge,0.9999995921015478
26685.0,26694.8,True,fridge,0.9999948684669124
26690.0,26699.8,True,pc,0.28288866030202653
26695.0,26704.8,True,pc,0.2851314869533741
26700.0,26709.8,True,pc,0.2801882733804995
26705.0,26714.8,True,baseload,0.27029453401004927
26710.0,26719.8,True,pv,0.2109932940481562
26715.0,26724.8,True,pv,0.2116207864077862
26720.0,26729.8,True,pc,0.29805691095344006
26725.0,26734.8,True,fridge,0.22045124704053792
26730.0,26739.8,True,fridge,0.9999996166339007
26735.0,26744.8,True,fridge,0.9999995256795615
26740.0,26749.8,True,fridge,0.9999991191789181
26745.0,26754.8,True,fridge,0.714825368531755
26750.0,26759.8,True,fridge,0.678249289442183
26755.0,26764.8,True,fridge,0.6771857563202529
26760.0,26769.8,True,fridge,0.6611324996954482
26765.0,26774.8,True,fridge,0.6611716683852494
26770.0,26779.8,True,fridge,0.6556882648261504
26775.0,26784.8,True,fridge,0.655640264922724
26780.0,26789.8,True,fridge,0.7114890153849034
26785.0,26794.8,True,fridge,0.7267404409008333
26790.0,26799.8,True,fridge,0.726997828400573
26795.0,26804.8,True,fridge,0.999892589423078
26800.0,26809.8,True,pc,0.7411702043950622
26805.0,26814.8,True,pc,0.6698360395775469
26810.0,26819.8,True,pc,0.9999997362663222
26815.0,26824.8,True,pc,0.9999997514248954
26820.0,26829.8,True,pc,0.9999997514248887
26825.0,26834.8,True,pc,0.9999997515763448
26830.0,26839.8,True,pc,0.9999997515686672
26835.0,26844.8,True,pc,0.9999997416097949
26840.0,26849.8,True,pc,0.9999997415772486
26845.0,26854.8,True,pc,0.999999751574508
26850.0,26859.8,True,pc,0.9999997515762971
26855.0,26864.8,True,pc,0.9999997515763455
26860.0,26869.8,True,pc,0.9999997514249076
26865.0,26874.8,True,pc,0.9999997412397096
26870.0,26879.8,True,pc,0.9999997412397249
26875.0,26884.8,True,pc,0.9999993510922239
26880.0,26889.8,True,pc,0.7243480892464452
26885.0,26894.8,True,pc,0.7243480865809968
26890.0,26899.8,True,pc,0.7145305850758215
26895.0,26904.8,True,pc,0.7145305840485646
26900.0,26909.8,True,pc,0.7145305840716918
26905.0,26914.8,True,pc,0.7451681923333912
26910.0,26919.8,True,pc,0.7774534873675175
26915.0,26924.8,True,pc,0.7249144312988737
26920.0,26929.8,True,pc,0.7722015222454893
26925.0,26934.8,True,pc,0.7577497470602463
26930.0,26939.8,True,pc,0.7236781164086583
26935.0,26944.8,True,pc,0.9999997412305505
26940.0,26949.8,True,pc,0.9999997412305507
26945.0,26954.8,True,pc,0.9999997412633782
26950.0,26959.8,True,pc,0.9999997412633784
26955.0,26964.8,True,pc,0.9999997412633791
26960.0,26969.8,True,pc,0.9999997412634819
26965.0,26974.8,True,pc,0.9999997412305638
26970.0,26979.8,True,pc,0.9999997412305369
26975.0,26984.8,True,pc,0.9999997412306435
26980.0,26989.8,True,pc,0.9999997285298803
26985.0,26994.8,True,pc,0.9999996170055593
26990.0,26999.8,True,pc,0.9999997412633926
26995.0,27004.8,True,pc,0.9999997412633889
27000.0,27009.8,True,pc,0.9999997372580176
27005.0,27014.8,True,pc,0.9999997370223311
27010.0,27019.8,True,pc,0.9999997412633695
27015.0,27024.8,True,pc,0.9999997412633702
27020.0,27029.8,True,pc,0.9999997412633695
27025.0,27034.8,True,pc,0.9999997412633702
27030.0,27039.8,True,pc,0.9999997412633704
27035.0,27044.8,True,pc,0.9999997412633702
27040.0,27049.8,True,pc,0.9999997412633704
27045.0,27054.8,True,pc,0.9999997412633782
27050.0,27059.8,True,pc,0.9999997412633926
27055.0,27064.8,True,pc,0.9999997412306417
27060.0,27069.8,True,pc,0.9999997412305414
27065.0,27074.8,True,pc,0.9999997412305509
27070.0,27079.8,True,pc,0.999999741263382
27075.0,27084.8,True,pc,0.99999974123054
27080.0,27089.8,True,pc,0.9999997412305474
27085.0,27094.8,True,pc,0.999999741263382
27090.0,27099.8,True,pc,0.99999974126337
27095.0,27104.8,True,pc,0.9999997412633704
27100.0,27109.8,True,pc,0.9999997412633782
27105.0,27114.8,True,pc,0.9999997412305638
27110.0,27119.8,True,pc,0.9999997412633822
27115.0,27124.8,True,pc,0.9999997412633733
27120.0,27129.8,True,pc,0.9999997412634017
27125.0,27134.8,True,pc,0.9999997412305411
27130.0,27139.8,True,pc,0.9999997412305411
27135.0,27144.8,True,pc,0.9999997412305507
27140.0,27149.8,True,pc,0.9999997412633753
27145.0,27154.8,True,pc,0.9999997412633784
27150.0,27159.8,True,pc,0.9999997412633753
27155.0,27164.8,True,pc,0.9999997412633704
27160.0,27169.8,True,pc,0.9999997412305411
27165.0,27174.8,True,pc,0.9999997412305727
27170.0,27179.8,True,pc,0.9999997412633946
27175.0,27184.8,True,pc,0.9999997412306417
27180.0,27189.8,True,pc,0.999999741263402
27185.0,27194.8,True,pc,0.9999997412305995
27190.0,27199.8,True,pc,0.9999997412305351
27195.0,27204.8,True,pc,0.9999997412305351
27200.0,27209.8,True,pc,0.9999997412305547
27205.0,27214.8,True,pc,0.9999997412633926
27210.0,27219.8,True,pc,0.9999997412633695
27215.0,27224.8,True,pc,0.9999997412633695
27220.0,27229.8,True,pc,0.9999997412633889
27225.0,27234.8,True,pc,0.99999974126337
27230.0,27239.8,True,pc,0.9999997412633702
27235.0,27244.8,True,pc,0.9999997412633735
27240.0,27249.8,True,pc,0.9999997412633704
27245.0,27254.8,True,pc,0.9999997412633782
27250.0,27259.8,True,pc,0.99999974123054
27255.0,27264.8,True,pc,0.9999997412633735
27260.0,27269.8,True,pc,0.9999997412305445
27265.0,27274.8,True,pc,0.9999997412305327
27270.0,27279.8,True,pc,0.9999997412305685
27275.0,27284.8,True,pc,0.9999997370551691
27280.0,27289.8,True,pc,0.999999741230642
27285.0,27294.8,True,pc,0.9999997412633755
27290.0,27299.8,True,pc,0.9999997412633944
27295.0,27304.8,True,pc,0.9999997412305509
27300.0,27309.8,True,pc,0.9999997412634066
27305.0,27314.8,True,pc,0.9999997412633782
27310.0,27319.8,True,pc,0.9999996149058061
27315.0,27324.8,True,pv,0.9999998433447631
27320.0,27329.8,True,pv,0.21712057723245484
27325.0,27334.8,True,pv,0.9999998475912425
27330.0,27339.8,True,pv,0.9999998481004151
27335.0,27344.8,True,pv,0.999999847796729
27340.0,27349.8,True,pv,0.9999998455549969
27345.0,27354.8,True,pv,0.22091806728112212
27350.0,27359.8,True,pv,0.9999998477956079
27355.0,27364.8,True,pv,0.999999847796729
27360.0,27369.8,True,pv,0.9999998472864289
27365.0,27374.8,True,pv,0.9999998477955964
27370.0,27379.8,True,pv,0.9999998477967295
27375.0,27384.8,True,pv,0.9999998477967297
27380.0,27389.8,True,pv,0.9999998472945382
27385.0,27394.8,True,pv,0.9999998472875566
27390.0,27399.8,True,pv,0.9999998472875566
27395.0,27404.8,True,pv,0.9999998472864167
27400.0,27409.8,True,pv,0.9999998477956079
27405.0,27414.8,True,pv,0.9999998472934113
27410.0,27419.8,True,pv,0.999999847293396
27415.0,27424.8,True,pv,0.9999998477955873
27420.0,27429.8,True,pv,0.9999998472875569
27425.0,27434.8,True,pv,0.9999998472875562
27430.0,27439.8,True,pv,0.9999998477955961
27435.0,27444.8,True,pv,0.21962474301279766
27440.0,27449.8,True,pv,0.9999998472864009
27445.0,27454.8,True,pv,0.9999998472875473
27450.0,27459.8,True,pv,0.9999998477967197
27455.0,27464.8,True,pv,0.9999998472875473
27460.0,27469.8,True,pv,0.9999998472875475
27465.0,27474.8,True,pv,0.21962473690496012
27470.0,27479.8,True,pv,0.999999845554998
27475.0,27484.8,True,pv,0.9999998477967197
27480.0,27489.8,True,pv,0.9999998477967201
27485.0,27494.8,True,pv,0.9999998472864009
27490.0,27499.8,True,pv,0.22113280764919296
27495.0,27504.8,True,pv,0.21962475341022983
27500.0,27509.8,True,pv,0.21962475982778693
27505.0,27514.8,True,pv,0.9999998472875473
27510.0,27519.8,True,pv,0.9999998472875493
27515.0,27524.8,True,pv,0.9999998477955755
27520.0,27529.8,True,pv,0.9999998472875475
27525.0,27534.8,True,pv,0.9999998472875475
27530.0,27539.8,True,pv,0.9999998472864011
27535.0,27544.8,True,pv,0.9999998472875475
27540.0,27549.8,True,pv,0.9999998472875475
27545.0,27554.8,True,pv,0.9999998472875473
27550.0,27559.8,True,pv,0.9999998472945284
27555.0,27564.8,True,pv,0.9999998472875473
27560.0,27569.8,True,pv,0.9999998475912303
27565.0,27574.8,True,pv,0.21668268749677275
27570.0,27579.8,True,pv,0.999999847293392
27575.0,27584.8,True,pv,0.9999998472864051
27580.0,27589.8,True,pv,0.9999998472864098
27585.0,27594.8,True,pv,0.9999998477955799
27590.0,27599.8,True,pv,0.9999998477955782
27595.0,27604.8,True,pv,0.9999998472864142
27600.0,27609.8,True,pv,0.22113281585100925
27605.0,27614.8,True,pv,0.9999998472864076
27610.0,27619.8,True,pv,0.9999998472875473
27615.0,27624.8,True,pv,0.9999998472875493
27620.0,27629.8,True,pv,0.9999998477967199
27625.0,27634.8,True,pv,0.9999998472875482
27630.0,27639.8,True,pv,0.9999998472875473
27635.0,27644.8,True,pv,0.9999998477967197
27640.0,27649.8,True,pv,0.9999998477967197
27645.0,27654.8,True,pv,0.9999998477967199
27650.0,27659.8,True,pv,0.9999998477967201
27655.0,27664.8,True,pv,0.999999847293392
27660.0,27669.8,True,pv,0.9999998477955984
27665.0,27674.8,True,pv,0.9999998477967201
27670.0,27679.8,True,pv,0.9999998477955802
27675.0,27684.8,True,pv,0.9999998472933838
27680.0,27689.8,True,pv,0.9999998472875473
27685.0,27694.8,True,pv,0.9999998472875475
27690.0,27699.8,True,pv,0.9999998472934015
27695.0,27704.8,True,pv,0.999999847591233
27700.0,27709.8,True,pv,0.9999998481004029
27705.0,27714.8,True,pv,0.9999998472933922
27710.0,27719.8,True,pv,0.9999998472864009
27715.0,27724.8,True,pv,0.9999998477967199
27720.0,27729.8,True,pv,0.9999998472864049
27725.0,27734.8,True,pv,0.999999847286414
27730.0,27739.8,True,pv,0.9999998475982111
27735.0,27744.8,True,pv,0.9999998477955866
27740.0,27749.8,True,pv,0.9999998472864142
27745.0,27754.8,True,pv,0.9999998472864073
27750.0,27759.8,True,pv,0.9999998472864071
27755.0,27764.8,True,pv,0.9999998472933906
27760.0,27769.8,True,pv,0.9999998477967199
27765.0,27774.8,True,pv,0.9999998472864027
27770.0,27779.8,True,pv,0.9999998472945282
27775.0,27784.8,True,pv,0.9999998472864171
27780.0,27789.8,True,pv,0.22113279537208924
27785.0,27794.8,True,pv,0.9999998472933882
27790.0,27799.8,True,pv,0.9999998472933884
27795.0,27804.8,True,pv,0.9999998477967199
27800.0,27809.8,True,pv,0.9999998477967199
27805.0,27814.8,True,pv,0.999999845052642
27810.0,27819.8,True,pv,0.22125328894986532
27815.0,27824.8,True,pv,0.9999998450527761
27820.0,27829.8,True,pv,0.9999998472864047
27825.0,27834.8,True,pv,0.9999998472864047
27830.0,27839.8,True,pv,0.9999998481004024
27835.0,27844.8,True,pv,0.9999998475982096
27840.0,27849.8,True,pv,0.9999998477955773
27845.0,27854.8,True,pv,0.9999998472933838
27850.0,27859.8,True,pv,0.9999998477967197
27855.0,27864.8,True,pv,0.99999984464513
27860.0,27869.8,True,pv,0.22113280083606296
27865.0,27874.8,True,pv,0.9999998483992024
27870.0,27879.8,True,pv,0.22087855242105625
27875.0,27884.8,True,pv,0.9999998483992104
27880.0,27889.8,True,pv,0.9999998484003466
27885.0,27894.8,True,pv,0.9999998489095197
27890.0,27899.8,True,pv,0.9999998483992049
27895.0,27904.8,True,pv,0.22087855932605974
27900.0,27909.8,True,pv,0.22234947310108996
27905.0,27914.8,True,pv,0.9999998483992135
27910.0,27919.8,True,pv,0.9999998489083892
27915.0,27924.8,True,pv,0.22240246546099415
27920.0,27929.8,True,pv,0.9999998484059961
27925.0,27934.8,True,pv,0.9999998483992091
27930.0,27939.8,True,pv,0.9999998483992204
27935.0,27944.8,True,pv,0.22087855872100706
27940.0,27949.8,True,pv,0.9999998489083792
27945.0,27954.8,True,pv,0.9999998484060054
27950.0,27959.8,True,pv,0.9999998489083863
27955.0,27964.8,True,pv,0.9999998489083821
27960.0,27969.8,True,pv,0.9999998484060054
27965.0,27974.8,True,pv,0.9999998483992102
27970.0,27979.8,True,pv,0.22234947162538016
27975.0,27984.8,True,pv,0.9999998483992049
27980.0,27989.8,True,pv,0.9999998489095194
27985.0,27994.8,True,pv,0.9999998484003471
27990.0,27999.8,True,pv,0.9999998484060121
27995.0,28004.8,True,pv,0.2193860073638602
28000.0,28009.8,True,pv,0.220878535831926
28005.0,28014.8,True,pv,0.9999998487040342
28010.0,28019.8,True,pv,0.9999998489083792
28015.0,28024.8,True,pv,0.999999848407139
28020.0,28029.8,True,pv,0.9999998484003471
28025.0,28034.8,True,pv,0.999999848909519
28030.0,28039.8,True,pv,0.9999998483992022
28035.0,28044.8,True,pv,0.9999998483992093
28040.0,28049.8,True,pv,0.9999998489095197
28045.0,28054.8,True,pv,0.9999998461478615
28050.0,28059.8,True,pv,0.21977099492302196
28055.0,28064.8,True,pv,0.9999998492132028
28060.0,28069.8,True,pv,0.9999998483992089
28065.0,28074.8,True,pv,0.9999998484003471
28070.0,28079.8,True,pv,0.9999998483992089
28075.0,28084.8,True,pv,0.9999998483992093
28080.0,28089.8,True,pv,0.9999998483992089
28085.0,28094.8,True,pv,0.999999848406001
28090.0,28099.8,True,pv,0.9999998484003471
28095.0,28104.8,True,pv,0.9999998484003466
28100.0,28109.8,True,pv,0.22087856453544114
28105.0,28114.8,True,pv,0.9999998461477279
28110.0,28119.8,True,pv,0.21359102464260024
28115.0,28124.8,True,pv,0.9999998487040349
28120.0,28129.8,True,pv,0.9999998484059988
28125.0,28134.8,True,pv,0.9999998489083768
28130.0,28139.8,True,pv,0.9999998483992106
28135.0,28144.8,True,pv,0.22234945364401892
28140.0,28149.8,True,pv,0.9999998483992133
28145.0,28154.8,True,pv,0.9999998489095192
28150.0,28159.8,True,pv,0.999999848909519
28155.0,28164.8,True,pv,0.9999998489095194
28160.0,28169.8,True,pv,0.9999998484003468
28165.0,28174.8,True,pv,0.9999998483992018
28170.0,28179.8,True,pv,0.9999998489095194
28175.0,28184.8,True,pv,0.9999998484003488
28180.0,28189.8,True,pv,0.9999998489083748
28185.0,28194.8,True,pv,0.9999998483992089
28190.0,28199.8,True,pv,0.9999998483992104
28195.0,28204.8,True,pv,0.9999998484059988
28200.0,28209.8,True,pv,0.999999848407139
28205.0,28214.8,True,pv,0.9999998484003466
28210.0,28219.8,True,pv,0.9999998483992024
28215.0,28224.8,True,pv,0.9999998489095192
28220.0,28229.8,True,pv,0.9999998466568409
28225.0,28234.8,True,pv,0.22274221221338525
28230.0,28239.8,True,pv,0.9999998484060083
28235.0,28244.8,True,pv,0.9999998457579311
28240.0,28249.8,True,pv,0.9999998466569964
28245.0,28254.8,True,pv,0.9999998487108284
28250.0,28259.8,True,pv,0.9999998489095194
28255.0,28264.8,True,pv,0.9999998489095197
28260.0,28269.8,True,pv,0.999999848407139
28265.0,28274.8,True,pv,0.999999848406001
28270.0,28279.8,True,pv,0.9999998484060054
28275.0,28284.8,True,pv,0.999999848406001
28280.0,28289.8,True,pv,0.9999998489095194
28285.0,28294.8,True,pv,0.9999998483992044
28290.0,28299.8,True,pv,0.999999848406001
28295.0,28304.8,True,pv,0.9999998483992049
28300.0,28309.8,True,pv,0.9999998489095197
28305.0,28314.8,True,pv,0.9999998489095192
28310.0,28319.8,True,pv,0.9999998484003462
28315.0,28324.8,True,pv,0.999999848909519
28320.0,28329.8,True,pv,0.9999998483992044
28325.0,28334.8,True,pv,0.9999998484059941
28330.0,28339.8,True,pv,0.22087855873153617
28335.0,28344.8,True,pv,0.9999998483992251
28340.0,28349.8,True,pv,0.2223494508465384
28345.0,28354.8,True,pv,0.22087855872351422
28350.0,28359.8,True,pv,0.9999998484059923
28355.0,28364.8,True,pv,0.9999998484071407
28360.0,28369.8,True,pv,0.9999998483992002
28365.0,28374.8,True,pv,0.9999998487040345
28370.0,28379.8,True,pv,0.22274217417576847
28375.0,28384.8,True,pv,0.999999846147621
28380.0,28389.8,True,pv,0.21360188491174897
28385.0,28394.8,True,pv,0.21982227158724252
28390.0,28399.8,True,pv,0.9999998409636999
28395.0,28404.8,True,pv,0.999999848908371
28400.0,28409.8,True,pv,0.9999998404790035
28405.0,28414.8,True,pv,0.9999998404545846
28410.0,28419.8,True,pv,0.9999998484003433
28415.0,28424.8,True,pv,0.9999998483991984
28420.0,28429.8,True,pv,0.9999998489095157
28425.0,28434.8,True,pv,0.9999998461477239
28430.0,28439.8,True,pv,0.2183336440395308
28435.0,28444.8,True,pv,0.9999998487108226
28440.0,28449.8,True,pv,0.222349447275093
28445.0,28454.8,True,pv,0.9999998484059985
28450.0,28459.8,True,pv,0.9999998484060019
28455.0,28464.8,True,pv,0.9999998484060019
28460.0,28469.8,True,pv,0.9999998484003433
28465.0,28474.8,True,pv,0.9999998483992097
28470.0,28479.8,True,pv,0.22087853455009573
28475.0,28484.8,True,pv,0.9999998489083828
28480.0,28489.8,True,pv,0.2198199631841454
28485.0,28494.8,True,pv,0.9999998466569928
28490.0,28499.8,True,pv,0.22087855480235916
28495.0,28504.8,True,pv,0.9999998484059928
28500.0,28509.8,True,pv,0.9999998484003431
28505.0,28514.8,True,pv,0.9999998489095152
28510.0,28519.8,True,pv,0.9999998483991982
28515.0,28524.8,True,pv,0.9999998489095152
28520.0,28529.8,True,pv,0.9999998466567359
28525.0,28534.8,True,pv,0.21833364401458333
28530.0,28539.8,True,pv,0.9999998492132006
28535.0,28544.8,True,pv,0.22234946046247067
28540.0,28549.8,True,pv,0.999999848406007
28545.0,28554.8,True,pv,0.9999998484060045
28550.0,28559.8,True,pv,0.9999998404541611
28555.0,28564.8,True,pv,0.21982205698068136
28560.0,28569.8,True,pv,0.9999998483992031
28565.0,28574.8,True,pv,0.9999998484059899
28570.0,28579.8,True,pv,0.9999998489083708
28575.0,28584.8,True,pv,0.9999998483991982
28580.0,28589.8,True,pv,0.9999998483992064
28585.0,28594.8,True,pv,0.9999998489083777
28590.0,28599.8,True,pv,0.9999998484003428
28595.0,28604.8,True,pv,0.9999998461544478
28600.0,28609.8,True,pv,0.9999998461543472
28605.0,28614.8,True,pv,0.9999998484003428
28610.0,28619.8,True,pv,0.9999998483992002
28615.0,28624.8,True,pv,0.9999998484071347
28620.0,28629.8,True,pv,0.9999998489095152
28625.0,28634.8,True,pv,0.9999998489095152
28630.0,28639.8,True,pv,0.9999998484003428
28635.0,28644.8,True,pv,0.9999998484003428
28640.0,28649.8,True,pv,0.9999998484071347
28645.0,28654.8,True,pv,0.9999998483992009
28650.0,28659.8,True,pv,0.9999998484003428
28655.0,28664.8,True,pv,0.9999998489095152
28660.0,28669.8,True,pv,0.9999998489095152
28665.0,28674.8,True,pv,0.9999998484071365
28670.0,28679.8,True,pv,0.9999998484071347
28675.0,28684.8,True,pv,0.999999848405997
28680.0,28689.8,True,pv,0.9999998492131935
28685.0,28694.8,True,pv,0.9999998489083752
28690.0,28699.8,True,pv,0.9999998484003431
28695.0,28704.8,True,pv,0.999999848407135
28700.0,28709.8,True,pv,0.9999998483992051
28705.0,28714.8,True,pv,0.9999998487108241
28710.0,28719.8,True,pv,0.9999998397209308
28715.0,28724.8,True,pv,0.21360188491174897
28720.0,28729.8,True,pv,0.9999998489083819
28725.0,28734.8,True,pv,0.9999998484003428
28730.0,28739.8,True,pv,0.9999998483992091
28735.0,28744.8,True,pv,0.22087855709583418
28740.0,28749.8,True,pv,0.9999998487108241
28745.0,28754.8,True,pv,0.21981996130557832
28750.0,28759.8,True,pv,0.9999998487108197
28755.0,28764.8,True,pv,0.9999998484059899
28760.0,28769.8,True,pv,0.2208785496437071
28765.0,28774.8,True,pv,0.22087854165547474
28770.0,28779.8,True,pv,0.9999998483992122
28775.0,28784.8,True,pv,0.9999998489095172
28780.0,28789.8,True,pv,0.9999998483992024
28785.0,28794.8,True,pv,0.9999998483992053
28790.0,28799.8,True,pv,0.22087854593164338
28795.0,28804.8,True,pv,0.9999998483992164
28800.0,28809.8,True,pv,0.21281269624022806
28805.0,28814.8,True,pv,0.9999998402300332
28810.0,28819.8,True,pv,0.9999998483992053
28815.0,28824.8,True,pv,0.9999998483991982
28820.0,28829.8,True,pv,0.9999998484003428
28825.0,28834.8,True,pv,0.9999998484059899
28830.0,28839.8,True,pv,0.9999998484003431
28835.0,28844.8,True,pv,0.9999998484071347
28840.0,28849.8,True,pv,0.9999998484003426
28845.0,28854.8,True,pv,0.9999998484003431
28850.0,28859.8,True,pv,0.9999998484003424
28855.0,28864.8,True,pv,0.9999998484003424
28860.0,28869.8,True,pv,0.9999998489095154
28865.0,28874.8,True,pv,0.9999998489083752
28870.0,28879.8,True,pv,0.9999998483992051
28875.0,28884.8,True,pv,0.21833364271008868
28880.0,28889.8,True,pv,0.9999998409636881
28885.0,28894.8,True,pv,0.2198199631841454
28890.0,28899.8,True,pv,0.9999998461545941
28895.0,28904.8,True,pv,0.9999998484003426
28900.0,28909.8,True,pv,0.9999998484003426
28905.0,28914.8,True,pv,0.9999998484003431
28910.0,28919.8,True,pv,0.9999998489083726
28915.0,28924.8,True,pv,0.9999998483991998
28920.0,28929.8,True,pv,0.9999998489095152
28925.0,28934.8,True,pv,0.9999998483991964
28930.0,28939.8,True,pv,0.9999998484059901
28935.0,28944.8,True,pv,0.9999998484060043
28940.0,28949.8,True,pv,0.9999998483992026
28945.0,28954.8,True,pv,0.9999998489083726
28950.0,28959.8,True,pv,0.9999998483992002
28955.0,28964.8,True,pv,0.9999998404790033
28960.0,28969.8,True,pv,0.9999998404722769
28965.0,28974.8,True,pv,0.9999998489095152
28970.0,28979.8,True,pv,0.9999998484003424
28975.0,28984.8,True,pv,0.999999848405997
28980.0,28989.8,True,pv,0.9999998484059983
28985.0,28994.8,True,pv,0.9999998484060083
28990.0,28999.8,True,pv,0.999999848405997
28995.0,29004.8,True,pv,0.9999998484003424
29000.0,29009.8,True,pv,0.9999998483992004
29005.0,29014.8,True,pv,0.9999998484060085
29010.0,29019.8,True,pv,0.9999998483992093
29015.0,29024.8,True,pv,0.9999998487040205
29020.0,29029.8,True,pv,0.9999998457647199
29025.0,29034.8,True,pv,0.21356041112779087
29030.0,29039.8,True,pv,0.21189649069555344
29035.0,29044.8,True,pv,0.9999998481060064
29040.0,29049.8,True,pv,0.9999998489095154
29045.0,29054.8,True,pv,0.9999998489095152
29050.0,29059.8,True,pv,0.9999998484003426
29055.0,29064.8,True,pv,0.9999998484059901
29060.0,29069.8,True,pv,0.9999998481071546
29065.0,29074.8,True,pv,0.9999998486163255
29070.0,29079.8,True,pv,0.9999998481060244
29075.0,29084.8,True,pv,0.21800820131204524
29080.0,29089.8,True,pv,0.9999998458546546
29085.0,29094.8,True,pv,0.9999998484059968
29090.0,29099.8,True,pv,0.22240245420760119
29095.0,29104.8,True,pv,0.2227422112387336
29100.0,29109.8,True,pv,0.2183315762490345
29105.0,29114.8,True,pv,0.2208785374989343
29110.0,29119.8,True,pv,0.9999998483991998
29115.0,29124.8,True,pv,0.9999998484071343
29120.0,29129.8,True,pv,0.9999998481128163
29125.0,29134.8,True,pv,0.999999846363779
29130.0,29139.8,True,pv,0.9999998486151873
29135.0,29144.8,True,pv,0.9999998481128052
29140.0,29149.8,True,pv,0.9999998481128096
29145.0,29154.8,True,pv,0.999999848112805
29150.0,29159.8,True,pv,0.9999998481060102
29155.0,29164.8,True,pv,0.9999998481060133
29160.0,29169.8,True,pv,0.9999998481128063
29165.0,29174.8,True,pv,0.2223502185661401
29170.0,29179.8,True,pv,0.9999998483992122
29175.0,29184.8,True,pv,0.9999998481128096
29180.0,29189.8,True,pv,0.9999998481128018
29185.0,29194.8,True,pv,0.9999998484003428
29190.0,29199.8,True,pv,0.999999848615186
29195.0,29204.8,True,pv,0.21944076705062132
29200.0,29209.8,True,pv,0.9999998463636345
29205.0,29214.8,True,pv,0.9999998481060144
29210.0,29219.8,True,pv,0.9999998486151904
29215.0,29224.8,True,pv,0.9999998486163253
29220.0,29229.8,True,pv,0.9999998481071526
29225.0,29234.8,True,pv,0.9999998484176283
29230.0,29239.8,True,pv,0.999999845464724
29235.0,29244.8,True,pv,0.9999998481060146
29240.0,29249.8,True,pv,0.9999998481128096
29245.0,29254.8,True,pv,0.9999998486151833
29250.0,29259.8,True,pv,0.9999998481060248
29255.0,29264.8,True,pv,0.21360884785046197
29260.0,29269.8,True,pv,0.999999846154347
29265.0,29274.8,True,pv,0.9999998484059925
29270.0,29279.8,True,pv,0.999999848106008
29275.0,29284.8,True,pv,0.9999998486151858
29280.0,29289.8,True,pv,0.9999998454715283
29285.0,29294.8,True,pv,0.9999998481128212
29290.0,29299.8,True,pv,0.9999998481128025
29295.0,29304.8,True,pv,0.9999998481071526
29300.0,29309.8,True,pv,0.9999998484003424
29305.0,29314.8,True,pv,0.9999998481071526
29310.0,29319.8,True,pv,0.9999998458544193
29315.0,29324.8,True,pv,0.9999998458545192
29320.0,29329.8,True,pv,0.9999998481128027
29325.0,29334.8,True,pv,0.9999998484059881
29330.0,29339.8,True,pv,0.9999998484071343
29335.0,29344.8,True,pv,0.9999998481071526
29340.0,29349.8,True,pv,0.999999848615186
29345.0,29354.8,True,pv,0.9999998481128061
29350.0,29359.8,True,pv,0.9999998486151858
29355.0,29364.8,True,pv,0.2180081891932222
29360.0,29369.8,True,pv,0.9999998484108296
29365.0,29374.8,True,pv,0.9999998486163246
29370.0,29379.8,True,pv,0.9999998481071526
29375.0,29384.8,True,pv,0.9999998481128025
29380.0,29389.8,True,pv,0.9999998481060135
29385.0,29394.8,True,pv,0.9999998458613912
29390.0,29399.8,True,pv,0.9999998484060125
29395.0,29404.8,True,pv,0.9999998484059917
29400.0,29409.8,True,pv,0.9999998454715276
29405.0,29414.8,True,pv,0.9999998484108276
29410.0,29419.8,True,pv,0.9999998481128016
29415.0,29424.8,True,pv,0.9999998481139443
29420.0,29429.8,True,pv,0.9999998484059923
29425.0,29434.8,True,pv,0.9999998481128158
29430.0,29439.8,True,fridge,0.9999908235766504
29435.0,29444.8,True,pc,0.9561004212188831
29440.0,29449.8,True,pc,0.9999997518723679
29445.0,29454.8,True,pc,0.9999997560596556
29450.0,29459.8,True,pc,0.9999997560805542
29455.0,29464.8,True,pc,0.9999997560805496
29460.0,29469.8,True,pc,0.9999997560596581
29465.0,29474.8,True,pc,0.9999997560924894
29470.0,29479.8,True,pc,0.9999997560805542
29475.0,29484.8,True,pc,0.9999997560595959
29480.0,29489.8,True,pc,0.9999997520751713
29485.0,29494.8,True,pc,0.9999997560595741
29490.0,29499.8,True,pc,0.9999997560595477
29495.0,29504.8,True,pc,0.9999997560595508
29500.0,29509.8,True,pc,0.9999997560923932
29505.0,29514.8,True,pc,0.9999997560595741
29510.0,29519.8,True,pc,0.9999997560805522
29515.0,29524.8,True,pc,0.999999756092381
29520.0,29529.8,True,pc,0.9999997560595457
29525.0,29534.8,True,pc,0.9999997560595477
29530.0,29539.8,True,pc,0.9999997560805574
29535.0,29544.8,True,pc,0.9999997560805576
29540.0,29549.8,True,pc,0.9999997560595653
29545.0,29554.8,True,pc,0.9999997560595617
29550.0,29559.8,True,pc,0.9999997560923808
29555.0,29564.8,True,pc,0.9999997560923803
29560.0,29569.8,True,pc,0.9999997560805545
29565.0,29574.8,True,pc,0.9999997560805716
29570.0,29579.8,True,pc,0.9999997560805716
29575.0,29584.8,True,pc,0.999999743358834
29580.0,29589.8,True,pc,0.9999997433588342
29585.0,29594.8,True,pc,0.9999997560923892
29590.0,29599.8,True,pc,0.9999997560595508
29595.0,29604.8,True,pc,0.9999997560923999
29600.0,29609.8,True,pc,0.9999997560923899
29605.0,29614.8,True,pc,0.9999997560595477
29610.0,29619.8,True,pc,0.999999756092381
29615.0,29624.8,True,pc,0.999999756059589
29620.0,29629.8,True,pc,0.9999997560595788
29625.0,29634.8,True,pc,0.9999997560595617
29630.0,29639.8,True,pc,0.9999997560805718
29635.0,29644.8,True,pc,0.9999997560923997
29640.0,29649.8,True,pc,0.999999756092389
29645.0,29654.8,True,pc,0.9999997560805496
29650.0,29659.8,True,pc,0.9999997518513614
29655.0,29664.8,True,pc,0.999999756059651
29660.0,29669.8,True,pc,0.9999997560595508
29665.0,29674.8,True,pc,0.9999997560595479
29670.0,29679.8,True,pc,0.9999997560805545
29675.0,29684.8,True,pc,0.9999997560924341
29680.0,29689.8,True,pc,0.9999997520541526
29685.0,29694.8,True,pc,0.9999996378120852
29690.0,29699.8,True,pc,0.9999996377825267
29695.0,29704.8,True,pc,0.999999756092381
29700.0,29709.8,True,pc,0.9999997560805496
29705.0,29714.8,True,pc,0.999999756059565
29710.0,29719.8,True,pc,0.9999997560595477
29715.0,29724.8,True,pc,0.999999756092389
29720.0,29729.8,True,pc,0.9999997560595959
29725.0,29734.8,True,pc,0.9999997560595666
29730.0,29739.8,True,pc,0.999999756092389
29735.0,29744.8,True,pc,0.9999997560805494
29740.0,29749.8,True,pc,0.9999997560923808
29745.0,29754.8,True,pc,0.999999756092381
29750.0,29759.8,True,pc,0.9999997560595479
29755.0,29764.8,True,pc,0.9999997560805496
29760.0,29769.8,True,pc,0.9999997560805682
29765.0,29774.8,True,pc,0.999999756059565
29770.0,29779.8,True,pc,0.9999997560923837
29775.0,29784.8,True,pc,0.9999997560805616
29780.0,29789.8,True,pc,0.9999997560595741
29785.0,29794.8,True,pc,0.9999997560805682
29790.0,29799.8,True,pc,0.9999997560923808
29795.0,29804.8,True,pc,0.9999997560924931
29800.0,29809.8,True,pc,0.9999997433588342
29805.0,29814.8,True,pc,0.9999997560805534
29810.0,29819.8,True,pc,0.9999997518723595
29815.0,29824.8,True,pc,0.9999997433595939
29820.0,29829.8,True,pc,0.9999997433977129
29825.0,29834.8,True,pc,0.9999997560595457
29830.0,29839.8,True,pc,0.9999997560595508
29835.0,29844.8,True,pc,0.9999997560595517
29840.0,29849.8,True,pc,0.9999997560805576
29845.0,29854.8,True,pc,0.9999997560805496
29850.0,29859.8,True,pc,0.9999997518513614
29855.0,29864.8,True,pc,0.9999997520541526
29860.0,29869.8,True,pc,0.9999997560595653
29865.0,29874.8,True,pc,0.9999997560595477
29870.0,29879.8,True,pc,0.9999997560595457
29875.0,29884.8,True,pc,0.9999997518513531
29880.0,29889.8,True,pc,0.9999997520751704
29885.0,29894.8,True,pc,0.9999996377825267
29890.0,29899.8,True,pc,0.9999997433977129
29895.0,29904.8,True,pc,0.9999997560595508
29900.0,29909.8,True,pc,0.9999997560805616
29905.0,29914.8,True,pc,0.999999756059565
29910.0,29919.8,True,pc,0.9999997560596512
29915.0,29924.8,True,pc,0.9999997560595957
29920.0,29929.8,True,pc,0.999999756059651
29925.0,29934.8,True,pc,0.999999752082062
29930.0,29939.8,True,pc,0.999999756092381
29935.0,29944.8,True,pc,0.9999997560805576
29940.0,29949.8,True,pc,0.9999996356396863
29945.0,29954.8,True,pv,0.2170380704401147
29950.0,29959.8,True,pv,0.9999998406704963
29955.0,29964.8,True,pv,0.9999998486151787
29960.0,29969.8,True,pv,0.9999998458612449
29965.0,29974.8,True,pv,0.9999998454715172
29970.0,29979.8,True,pv,0.9999998481060175
29975.0,29984.8,True,pv,0.9999998481071521
29980.0,29989.8,True,pv,0.9999998481127996
29985.0,29994.8,True,pv,0.9999998486151855
29990.0,29999.8,True,pv,0.9999998481060108
29995.0,30004.8,True,pv,0.9999998486151824
30000.0,30009.8,True,pv,0.9999998481071521
30005.0,30014.8,True,pv,0.9999998484108293
30010.0,30019.8,True,pv,0.21327934008804633
30015.0,30024.8,True,pv,0.9999998458544177
30020.0,30029.8,True,pv,0.9999998481071521
30025.0,30034.8,True,pv,0.9999998481128023
30030.0,30039.8,True,pv,0.9999998486151929
30035.0,30044.8,True,pv,0.9999998481128121
30040.0,30049.8,True,pv,0.9999998481128063
30045.0,30054.8,True,pv,0.9999998481060106
30050.0,30059.8,True,pv,0.9999998484108245
30055.0,30064.8,True,pv,0.22206450992467833
30060.0,30069.8,True,pv,0.9999998484176195
30065.0,30074.8,True,pv,0.9999998484176148
30070.0,30079.8,True,pv,0.99999984861519
30075.0,30084.8,True,pv,0.9999998486163242
30080.0,30089.8,True,pv,0.9999998481071524
30085.0,30094.8,True,pv,0.9999998481128023
30090.0,30099.8,True,pv,0.9999998481060104
30095.0,30104.8,True,pv,0.9999998481128025
30100.0,30109.8,True,pv,0.9999998481060177
30105.0,30114.8,True,pv,0.22054520926231586
30110.0,30119.8,True,pv,0.9999998484108249
30115.0,30124.8,True,pv,0.9999998481060131
30120.0,30129.8,True,pv,0.9999998481128016
30125.0,30134.8,True,pv,0.9999998481071526
30130.0,30139.8,True,pv,0.9999998481071519
30135.0,30144.8,True,pv,0.9999998481060131
30140.0,30149.8,True,pv,0.21948982057712413
30145.0,30154.8,True,pv,0.9999998454715168
30150.0,30159.8,True,pv,0.9999998481127996
30155.0,30164.8,True,pv,0.9999998481071526
30160.0,30169.8,True,pv,0.9999998481071519
30165.0,30174.8,True,pv,0.999999848113946
30170.0,30179.8,True,pv,0.9999998481139438
30175.0,30184.8,True,pv,0.9999998481071519
30180.0,30189.8,True,pv,0.9999998481071517
30185.0,30194.8,True,pv,0.9999998481071519
30190.0,30199.8,True,pv,0.9999998481128016
30195.0,30204.8,True,pv,0.999999848112805
30200.0,30209.8,True,pv,0.9999998458611437
30205.0,30214.8,True,pv,0.2220116732992131
30210.0,30219.8,True,pv,0.9999998481128027
30215.0,30224.8,True,pv,0.9999998481128016
30220.0,30229.8,True,pv,0.9999998486163244
30225.0,30234.8,True,pv,0.9999998486230526
30230.0,30239.8,True,pv,0.9999998481128023
30235.0,30244.8,True,pv,0.9999998481060131
30240.0,30249.8,True,pv,0.9999998484176121
30245.0,30254.8,True,pv,0.9999998481060102
30250.0,30259.8,True,pv,0.9999998481139409
30255.0,30264.8,True,pv,0.9999998486230519
30260.0,30269.8,True,pv,0.9999998484108242
30265.0,30274.8,True,pv,0.22235026090635582
30270.0,30279.8,True,pv,0.9999998481128092
30275.0,30284.8,True,pv,0.9999998481128021
30280.0,30289.8,True,pv,0.99999984810601
30285.0,30294.8,True,pv,0.22054524226094013
30290.0,30299.8,True,pv,0.9999998481060142
30295.0,30304.8,True,pv,0.9999998454715143
30300.0,30309.8,True,pv,0.9999998484108262
30305.0,30314.8,True,pv,0.9999998481060077
30310.0,30319.8,True,pv,0.9999998401857968
30315.0,30324.8,True,pv,0.2124963136687548
30320.0,30329.8,True,pv,0.9999998406771563
30325.0,30334.8,True,pv,0.999999848107149
30330.0,30339.8,True,pv,0.9999998481071493
30335.0,30344.8,True,pv,0.9999998481128065
30340.0,30349.8,True,pv,0.9999998401681045
30345.0,30354.8,True,pv,0.9999998401857968
30350.0,30359.8,True,pv,0.9999998481071488
30355.0,30364.8,True,pv,0.999999848112809
30360.0,30369.8,True,pv,0.9999998481128136
30365.0,30374.8,True,pv,0.9999998401790711
30370.0,30379.8,True,pv,0.9999998401857968
30375.0,30384.8,True,pv,0.9999998481060068
30380.0,30389.8,True,pv,0.9999998481127952
30385.0,30394.8,True,pv,0.999999848107149
30390.0,30399.8,True,pv,0.9999998481127987
30395.0,30404.8,True,pv,0.9999998481128034
30400.0,30409.8,True,pv,0.9999998481128134
30405.0,30414.8,True,pv,0.9999998486219217
30410.0,30419.8,True,pv,0.9999998486230497
30415.0,30424.8,True,pv,0.999999848107151
30420.0,30429.8,True,pv,0.9999998481127996
30425.0,30434.8,True,pv,0.9999998481128065
30430.0,30439.8,True,pv,0.9999998486219217
30435.0,30444.8,True,pv,0.9999998481138765
30440.0,30449.8,True,pv,0.9999998481138772
30445.0,30454.8,True,pv,0.9999998481060051
30450.0,30459.8,True,pv,0.9999998481128021
30455.0,30464.8,True,pv,0.9999998481127426
30460.0,30469.8,True,pv,0.999999848112799
30465.0,30474.8,True,pv,0.9999998481127381
30470.0,30479.8,True,pv,0.9999998401676813
30475.0,30484.8,True,pv,0.9999998401676176
30480.0,30489.8,True,pv,0.9999998484176135
30485.0,30494.8,True,pv,0.9999998484176121
30490.0,30499.8,True,pv,0.9999998481128016
30495.0,30504.8,True,pv,0.9999998481127321
30500.0,30509.8,True,pv,0.9999998481128014
30505.0,30514.8,True,pv,0.9999998481060066
30510.0,30519.8,True,pv,0.9999998486219104
30515.0,30524.8,True,pv,0.9999998481127994
30520.0,30529.8,True,pv,0.9999998482952338
30525.0,30534.8,True,pv,0.9999998461138172
30530.0,30539.8,True,pv,0.9999998486001156
30535.0,30544.8,True,pv,0.9999998482964404
30540.0,30549.8,True,pv,0.9999998461140164
30545.0,30554.8,True,pv,0.21828617390496052
30550.0,30559.8,True,pv,0.9999998482953113
30555.0,30564.8,True,pv,0.9999998491092249
30560.0,30569.8,True,pv,0.9999998482963769
30565.0,30574.8,True,pv,0.9999998482964404
30570.0,30579.8,True,pv,0.9999998482952993
30575.0,30584.8,True,pv,0.9999998482953029
30580.0,30589.8,True,pv,0.9999998482963769
30585.0,30594.8,True,pv,0.9999998482963767
30590.0,30599.8,True,pv,0.9999998482952345
30595.0,30604.8,True,pv,0.9999998482952984
30600.0,30609.8,True,pv,0.9999998466230775
30605.0,30614.8,True,pv,0.999999839434452
30610.0,30619.8,True,pv,0.2124553554043362
30615.0,30624.8,True,pv,0.9999998466228308
30620.0,30629.8,True,pv,0.9999998482953015
30625.0,30634.8,True,pv,0.9999998482953173
30630.0,30639.8,True,pv,0.9999998461137788
30635.0,30644.8,True,pv,0.9999998401681043
30640.0,30649.8,True,pv,0.999999848295234
30645.0,30654.8,True,pv,0.9999998466230666
30650.0,30659.8,True,pv,0.21250326428484473
30655.0,30664.8,True,pv,0.999999839434387
30660.0,30669.8,True,pv,0.9999998457241679
30665.0,30674.8,True,pv,0.9999998457241679
30670.0,30679.8,True,pv,0.9999998482963787
30675.0,30684.8,True,pv,0.9999998482952347
30680.0,30689.8,True,pv,0.21828846857352363
30685.0,30694.8,True,pv,0.999999839434387
30690.0,30699.8,True,pv,0.21249631341157946
30695.0,30704.8,True,pv,0.9999998482952991
30700.0,30709.8,True,pv,0.9999998486001116
30705.0,30714.8,True,pv,0.9999998462332768
30710.0,30719.8,True,pv,0.9999998482953055
30715.0,30724.8,True,pv,0.9999998482964422
30720.0,30729.8,True,pv,0.9999998482952316
30725.0,30734.8,True,pv,0.9999998488055497
30730.0,30739.8,True,pv,0.9999998486000539
30735.0,30744.8,True,pv,0.9999998482953113
30740.0,30749.8,True,pv,0.999999848295298
30745.0,30754.8,True,pv,0.9999998482952986
30750.0,30759.8,True,pv,0.9999998482952538
30755.0,30764.8,True,pv,0.9999998482953033
30760.0,30769.8,True,pv,0.9999998486000499
30765.0,30774.8,True,pv,0.21828617390496052
30770.0,30779.8,True,pv,0.9999998457308941
30775.0,30784.8,True,pv,0.9999998482952986
30780.0,30789.8,True,pv,0.999999848295294
30785.0,30794.8,True,pv,0.9999998482964404
30790.0,30799.8,True,pv,0.9999998482964404
30795.0,30804.8,True,pv,0.9999998482963767
30800.0,30809.8,True,pv,0.9999998461137788
30805.0,30814.8,True,pv,0.9999998461138805
30810.0,30819.8,True,pv,0.9999998488044097
30815.0,30824.8,True,pv,0.9999998482953011
30820.0,30829.8,True,pv,0.9999998482953015
30825.0,30834.8,True,pv,0.9999998482952418
30830.0,30839.8,True,pv,0.9999998486001132
30835.0,30844.8,True,pv,0.9999998488055495
30840.0,30849.8,True,pv,0.9999998491092249
30845.0,30854.8,True,pv,0.9999998461138798
30850.0,30859.8,True,pv,0.9999998461137157
30855.0,30864.8,True,pv,0.21928866346785036
30860.0,30869.8,True,pv,0.9999998482952998
30865.0,30874.8,True,pv,0.9999998482953011
30870.0,30879.8,True,pv,0.2207523602587919
30875.0,30884.8,True,pv,0.9999998482953055
30880.0,30889.8,True,pv,0.9999998457241683
30885.0,30894.8,True,pv,0.21928124680731118
30890.0,30899.8,True,pv,0.9999998482952323
30895.0,30904.8,True,pv,0.999999848303167
30900.0,30909.8,True,pv,0.9999998482952445
30905.0,30914.8,True,pv,0.9999998482952487
30910.0,30919.8,True,pv,0.9999998483020257
30915.0,30924.8,True,pv,0.9999998483020228
30920.0,30929.8,True,pv,0.9999998482953022
30925.0,30934.8,True,pv,0.9999998461140195
30930.0,30939.8,True,pv,0.9999998482953129
30935.0,30944.8,True,pv,0.22130127879679523
30940.0,30949.8,True,pv,0.9999998486001187
30945.0,30954.8,True,pv,0.999999848295314
30950.0,30959.8,True,pv,0.9999998482952986
30955.0,30964.8,True,pv,0.9999998482953
30960.0,30969.8,True,pv,0.9999998482953113
30965.0,30974.8,True,pv,0.9999998482953084
30970.0,30979.8,True,pv,0.9999998488044171
30975.0,30984.8,True,pv,0.9999998482963762
30980.0,30989.8,True,pv,0.9999998482963764
30985.0,30994.8,True,pv,0.9999998482952414
30990.0,30999.8,True,pv,0.9999998461205405
30995.0,31004.8,True,pv,0.21249631425067284
31000.0,31009.8,True,pv,0.9999998401857966
31005.0,31014.8,True,pv,0.9999998486068402
31010.0,31019.8,True,pv,0.9999998482963767
31015.0,31024.8,True,pv,0.9999998482964404
31020.0,31029.8,True,pv,0.9999998482952416
31025.0,31034.8,True,pv,0.9999998482953182
31030.0,31039.8,True,pv,0.9999998482953013
31035.0,31044.8,True,pv,0.9999998486068427
31040.0,31049.8,True,pv,0.9999998401857983
31045.0,31054.8,True,pv,0.9999998401857335
31050.0,31059.8,True,pv,0.9999998488055493
31055.0,31064.8,True,pv,0.9999998488055497
31060.0,31069.8,True,pv,0.9999998483020257
31065.0,31074.8,True,pv,0.9999998486000472
31070.0,31079.8,True,pv,0.9999998488055497
31075.0,31084.8,True,pv,0.9999998482952369
31080.0,31089.8,True,pv,0.9999998483020281
31085.0,31094.8,True,pv,0.999999848303167
31090.0,31099.8,True,pv,0.9999998483020226
31095.0,31104.8,True,pv,0.999999846120439
31100.0,31109.8,True,pv,0.9999998461140055
31105.0,31114.8,True,pv,0.999999848303169
31110.0,31119.8,True,pv,0.9999998482952471
31115.0,31124.8,True,pv,0.9999998483020439
31120.0,31129.8,True,pv,0.999999848295302
31125.0,31134.8,True,pv,0.9999998482952416
31130.0,31139.8,True,pv,0.9999998482963764
31135.0,31144.8,True,pv,0.9999998488055497
31140.0,31149.8,True,pv,0.9999998482952323
31145.0,31154.8,True,pv,0.9999998482952349
31150.0,31159.8,True,pv,0.9999998482953057
31155.0,31164.8,True,pv,0.9999998483020279
31160.0,31169.8,True,pv,0.9999998483031668
31165.0,31174.8,True,pv,0.9999998482963753
31170.0,31179.8,True,pv,0.9999998483031659
31175.0,31184.8,True,pv,0.9999998483031659
31180.0,31189.8,True,pv,0.9999998483020213
31185.0,31194.8,True,pv,0.9999998483020266
31190.0,31199.8,True,pv,0.211877967129356
31195.0,31204.8,True,pv,0.9999998401680399
31200.0,31209.8,True,pv,0.9999998482953071
31205.0,31214.8,True,pv,0.9999998482952369
31210.0,31219.8,True,pv,0.9999998483020266
31215.0,31224.8,True,pv,0.9999998482952951
31220.0,31229.8,True,pv,0.9999998483020264
31225.0,31234.8,True,pv,0.9999998482952336
31230.0,31239.8,True,pv,0.9999998482963753
31235.0,31244.8,True,pv,0.9999998482963753
31240.0,31249.8,True,pv,0.9999998457241026
31245.0,31254.8,True,pv,0.9999998457241657
31250.0,31259.8,True,pv,0.9999998482953115
31255.0,31264.8,True,pv,0.9999998483020242
31260.0,31269.8,True,pv,0.999999848295302
31265.0,31274.8,True,pv,0.9999998483020266
31270.0,31279.8,True,pv,0.9999998483020213
31275.0,31284.8,True,pv,0.9999998483020244
31280.0,31289.8,True,pv,0.9999998483020242
31285.0,31294.8,True,pv,0.9999998486068409
31290.0,31299.8,True,pv,0.22075166827704285
31295.0,31304.8,True,pv,0.9999998486000525
31300.0,31309.8,True,pv,0.9999998461140053
31305.0,31314.8,True,pv,0.9999998483020244
31310.0,31319.8,True,pv,0.9999998482952402
31315.0,31324.8,True,pv,0.9999998483020384
31320.0,31329.8,True,pv,0.9999998482952336
31325.0,31334.8,True,pv,0.9999998482953115
31330.0,31339.8,True,pv,0.9999998482952336
31335.0,31344.8,True,pv,0.9999998483020213
31340.0,31349.8,True,pv,0.9999998483020335
31345.0,31354.8,True,pv,0.9999998486068413
31350.0,31359.8,True,pv,0.9999998488044202
31355.0,31364.8,True,pv,0.9999998482952289
31360.0,31369.8,True,pv,0.9999998483020366
31365.0,31374.8,True,pv,0.22075170365921348
31370.0,31379.8,True,pv,0.9999998482964417
31375.0,31384.8,True,pv,0.9999998482952989
31380.0,31389.8,True,pv,0.9999998483020213
31385.0,31394.8,True,pv,0.9999998483020213
31390.0,31399.8,True,pv,0.9999998486000503
31395.0,31404.8,True,pv,0.9999998457308932
31400.0,31409.8,True,pv,0.9999998482952338
31405.0,31414.8,True,pv,0.9999998483031675
31410.0,31419.8,True,pv,0.9999998483020364
31415.0,31424.8,True,pv,0.2132229840810151
31420.0,31429.8,True,pv,0.9999998401857322
31425.0,31434.8,True,pv,0.2210864062345592
31430.0,31439.8,True,pv,0.9999998483020268
31435.0,31444.8,True,pv,0.9999998486068389
31440.0,31449.8,True,pv,0.9999998461204392
31445.0,31454.8,True,pv,0.9999998483020304
31450.0,31459.8,True,pv,0.9999998483020244
31455.0,31464.8,True,pv,0.9999998483020339
31460.0,31469.8,True,pv,0.22075168896450084
31465.0,31474.8,True,pv,0.9999998483031659
31470.0,31479.8,True,pv,0.9999998483020364
31475.0,31484.8,True,pv,0.21189586723182646
31480.0,31489.8,True,pv,0.9999998466228308
31485.0,31494.8,True,pv,0.9999998486068438
31490.0,31499.8,True,pv,0.9999998482953064
31495.0,31504.8,True,pv,0.9999998483020426
31500.0,31509.8,True,pv,0.9999998482963778
31505.0,31514.8,True,pv,0.9999998483031661
31510.0,31519.8,True,pv,0.9999998482952374
31515.0,31524.8,True,pv,0.9999998486068391
31520.0,31529.8,True,pv,0.9999998483020273
31525.0,31534.8,True,pv,0.9999998483031679
31530.0,31539.8,True,pv,0.9999998483020284
31535.0,31544.8,True,pv,0.9999998483020235
31540.0,31549.8,True,pv,0.9999998483031659
31545.0,31554.8,True,pv,0.9999998482952294
31550.0,31559.8,True,pv,0.9999998394343859
31555.0,31564.8,True,pv,0.21244775508196542
31560.0,31569.8,True,pv,0.9999998401924568
31565.0,31574.8,True,pv,0.9999998483031686
31570.0,31579.8,True,pv,0.9999998483020264
31575.0,31584.8,True,pv,0.9999998483020281
31580.0,31589.8,True,pv,0.9999998483020235
31585.0,31594.8,True,pv,0.9999998483031683
31590.0,31599.8,True,pv,0.9999998482963778
31595.0,31604.8,True,pv,0.9999998483020242
31600.0,31609.8,True,pv,0.9999998483020273
31605.0,31614.8,True,pv,0.9999998483020268
31610.0,31619.8,True,pv,0.9999998483020239
31615.0,31624.8,True,pv,0.9999998483020264
31620.0,31629.8,True,pv,0.9999998482952362
31625.0,31634.8,True,pv,0.9999998483020242
31630.0,31639.8,True,pv,0.9999998483020313
31635.0,31644.8,True,pv,0.21785716412317016
31640.0,31649.8,True,pv,0.9999998483020379
31645.0,31654.8,True,pv,0.9999998483020235
31650.0,31659.8,True,pv,0.9999998488044102
31655.0,31664.8,True,pv,0.9999998482952296
31660.0,31669.8,True,pv,0.9999998482963758
31665.0,31674.8,True,pv,0.9999998483020213
31670.0,31679.8,True,pv,0.9999998483031661
31675.0,31684.8,True,pv,0.21828782221681806
31680.0,31689.8,True,pv,0.9999998457308956
31685.0,31694.8,True,pv,0.9999998483031659
31690.0,31699.8,True,pv,0.9999998483031703
31695.0,31704.8,True,pv,0.9999998483020259
31700.0,31709.8,True,pv,0.9999998483020393
31705.0,31714.8,True,pv,0.9999998461206657
31710.0,31719.8,True,pv,0.999999848295256
31715.0,31724.8,True,pv,0.9999998483020381
31720.0,31729.8,True,pv,0.9999998461205409
31725.0,31734.8,True,pv,0.22255245694932344
31730.0,31739.8,True,pv,0.9999998483020339
31735.0,31744.8,True,pv,0.9999998486068431
31740.0,31749.8,True,pv,0.9999998482963758
31745.0,31754.8,True,pv,0.999999840174356
31750.0,31759.8,True,pv,0.22108640295296045
31755.0,31764.8,True,pv,0.9999998483020275
31760.0,31769.8,True,pv,0.9999998483020366
31765.0,31774.8,True,pv,0.9999998401747663
31770.0,31779.8,True,pv,0.9999998401747663
31775.0,31784.8,True,pv,0.9999998483020237
31780.0,31789.8,True,pv,0.9999998483031663
31785.0,31794.8,True,pv,0.999999848296376
31790.0,31799.8,True,pv,0.9999998483031663
31795.0,31804.8,True,pv,0.9999998482952525
31800.0,31809.8,True,pv,0.999999848302043
31805.0,31814.8,True,pv,0.9999998483020237
31810.0,31819.8,True,pv,0.9999998483020235
31815.0,31824.8,True,pv,0.9999998482952311
31820.0,31829.8,True,pv,0.2111124379234646
31825.0,31834.8,True,pv,0.9999998399435005
31830.0,31839.8,True,pv,0.9999998461205394
31835.0,31844.8,True,pv,0.9999998457308943
31840.0,31849.8,True,pv,0.9999998483020244
31845.0,31854.8,True,pv,0.9999998483020281
31850.0,31859.8,True,pv,0.9999998483020275
31855.0,31864.8,True,pv,0.9999998486068431
31860.0,31869.8,True,pv,0.21829287142479195
31865.0,31874.8,True,pv,0.9999998486068409
31870.0,31879.8,True,pv,0.9999998401676164
31875.0,31884.8,True,pv,0.9999998488055488
31880.0,31889.8,True,pv,0.9999998488055495
31885.0,31894.8,True,pv,0.9999998483020266
31890.0,31899.8,True,pv,0.9999998483031666
31895.0,31904.8,True,pv,0.9999998483031683
31900.0,31909.8,True,pv,0.9999998483020237
31905.0,31914.8,True,pv,0.9999998457308932
31910.0,31919.8,True,pv,0.9999998461205389
31915.0,31924.8,True,pv,0.9999998486068407
31920.0,31929.8,True,pv,0.9999998461205685
31925.0,31934.8,True,pv,0.9999998461205394
31930.0,31939.8,True,pv,0.9999998483031663
31935.0,31944.8,True,pv,0.9999998483031663
31940.0,31949.8,True,pv,0.999999848296378
31945.0,31954.8,True,pv,0.9999998483031663
31950.0,31959.8,True,pv,0.9999998493023107
31955.0,31964.8,True,pv,0.9999998492968368
31960.0,31969.8,True,pv,0.999999849607133
31965.0,31974.8,True,pv,0.9999998496071327
31970.0,31979.8,True,pv,0.9999998411649172
31975.0,31984.8,True,pv,0.999999849296835
31980.0,31989.8,True,pv,0.9999998493034551
31985.0,31994.8,True,pv,0.9999998493023131
31990.0,31999.8,True,pv,0.999999849302314
31995.0,32004.8,True,pv,0.9999998492957002
32000.0,32009.8,True,pv,0.9999998493023209
32005.0,32014.8,True,pv,0.9999998492956966
32010.0,32019.8,True,pv,0.9999998493023173
32015.0,32024.8,True,pv,0.9999998493023162
32020.0,32029.8,True,pv,0.9999998492956902
32025.0,32034.8,True,pv,0.99999984930231
32030.0,32039.8,True,pv,0.9999998493023129
32035.0,32044.8,True,pv,0.999999847111117
32040.0,32049.8,True,pv,0.9999998471110428
32045.0,32054.8,True,pv,0.9999998492956922
32050.0,32059.8,True,pv,0.9999998493023267
32055.0,32064.8,True,pv,0.9999998496005056
32060.0,32069.8,True,pv,0.9999998492956902
32065.0,32074.8,True,pv,0.9999998493023129
32070.0,32079.8,True,pv,0.9999998498048689
32075.0,32084.8,True,pv,0.9999998493023255
32080.0,32089.8,True,pv,0.9999998493023167
32085.0,32094.8,True,pv,0.9999998492956922
32090.0,32099.8,True,pv,0.9999998492956897
32095.0,32104.8,True,pv,0.9999998493034549
32100.0,32109.8,True,pv,0.9999998492968348
32105.0,32114.8,True,pv,0.9999998492968344
32110.0,32119.8,True,pv,0.9999998493034546
32115.0,32124.8,True,pv,0.9999998492968344
32120.0,32129.8,True,pv,0.9999998492968348
32125.0,32134.8,True,pv,0.9999998493023105
32130.0,32139.8,True,pv,0.9999998493023129
32135.0,32144.8,True,pv,0.9999998493023151
32140.0,32149.8,True,pv,0.9999998493023105
32145.0,32154.8,True,pv,0.22189758772019624
32150.0,32159.8,True,pv,0.9999998493023122
32155.0,32164.8,True,pv,0.9999998493034549
32160.0,32169.8,True,pv,0.9999998496071301
32165.0,32174.8,True,pv,0.9999998476135729
32170.0,32179.8,True,pv,0.9999998496071272
32175.0,32184.8,True,pv,0.9999998492956929
32180.0,32189.8,True,pv,0.9999998492968344
32185.0,32194.8,True,pv,0.9999998498060069
32190.0,32199.8,True,pv,0.9999998492956929
32195.0,32204.8,True,pv,0.9999998493023151
32200.0,32209.8,True,pv,0.9999998493023218
32205.0,32214.8,True,pv,0.9999998493023335
32210.0,32219.8,True,pv,0.9999998493023129
32215.0,32224.8,True,pv,0.9999998493034549
32220.0,32229.8,True,pv,0.9999998493023136
32225.0,32234.8,True,pv,0.9999998493023122
32230.0,32239.8,True,pv,0.9999998493034553
32235.0,32244.8,True,pv,0.9999998492957128
32240.0,32249.8,True,pv,0.9999998471110182
32245.0,32254.8,True,pv,0.9999998411653682
32250.0,32259.8,True,pv,0.9999998471111154
32255.0,32264.8,True,pv,0.9960309374608052
32260.0,32269.8,True,pc,0.9493312031651906
32265.0,32274.8,True,pc,0.999999756041803
32270.0,32279.8,True,pc,0.999999751821728
32275.0,32284.8,True,pc,0.9999997560651193
32280.0,32289.8,True,pc,0.9999997560628224
32285.0,32294.8,True,pc,0.9999997520330972
32290.0,32299.8,True,pc,0.9999997560300304
32295.0,32304.8,True,pc,0.999999756029943
32300.0,32309.8,True,pc,0.9999997560299232
32305.0,32314.8,True,pc,0.999999752034529
32310.0,32319.8,True,pc,0.9999997560418632
32315.0,32324.8,True,pc,0.999999752024409
32320.0,32329.8,True,pc,0.9999997560627574
32325.0,32334.8,True,pc,0.9999997560299367
32330.0,32339.8,True,pc,0.9999997560627665
32335.0,32344.8,True,pc,0.9999997560299447
32340.0,32349.8,True,pc,0.9999997560299418
32345.0,32354.8,True,pc,0.9999997560627665
32350.0,32359.8,True,pc,0.9999997560651279
32355.0,32364.8,True,pc,0.9999997560299181
32360.0,32369.8,True,pc,0.9999997560299183
32365.0,32374.8,True,pc,0.9999997560627574
32370.0,32379.8,True,pc,0.9999997560627572
32375.0,32384.8,True,pc,0.9999997560299256
32380.0,32389.8,True,pc,0.9999997560299256
32385.0,32394.8,True,pc,0.999999756029937
32390.0,32399.8,True,pc,0.9999997560299381
32395.0,32404.8,True,pc,0.9420123938597924
32400.0,32409.8,True,fridge,0.9999387236421418
32405.0,32414.8,True,fridge,0.7514477961289593
32410.0,32419.8,True,fridge,0.7448496464773435
32415.0,32424.8,True,fridge,0.7609971328869799
32420.0,32429.8,True,fridge,0.7610686271086659
32425.0,32434.8,True,fridge,0.7609971352271877
32430.0,32439.8,True,fridge,0.7574745104085795
32435.0,32444.8,True,fridge,0.7612844051350537
32440.0,32449.8,True,fridge,0.7610704926072601
32445.0,32454.8,True,fridge,0.7610686232071858
32450.0,32459.8,True,fridge,0.7610704910398971
32455.0,32464.8,True,fridge,0.7612370295941827
32460.0,32469.8,True,fridge,0.7575117790083248
32465.0,32474.8,True,fridge,0.7610686289177996
32470.0,32479.8,True,fridge,0.7609971364080321
32475.0,32484.8,True,fridge,0.7610686181699938
32480.0,32489.8,True,fridge,0.7610704910398971
32485.0,32494.8,True,fridge,0.7610704911182491
32490.0,32499.8,True,fridge,0.7610686288367171
32495.0,32504.8,True,fridge,0.7610704911182491
32500.0,32509.8,True,fridge,0.7610686215340026
32505.0,32514.8,True,fridge,0.7610686208829612
32510.0,32519.8,True,fridge,0.7609971367730297
32515.0,32524.8,True,fridge,0.7610686289177996
32520.0,32529.8,True,fridge,0.7610686268458732
32525.0,32534.8,True,fridge,0.7610686232071858
32530.0,32539.8,True,fridge,0.7610686288367171
32535.0,32544.8,True,fridge,0.7574745139557821
32540.0,32549.8,True,fridge,0.7574868917455034
32545.0,32554.8,True,fridge,0.7609971364080321
32550.0,32559.8,True,fridge,0.7610686271086659
32555.0,32564.8,True,fridge,0.761068627153784
32560.0,32569.8,True,fridge,0.760997146095787
32565.0,32574.8,True,fridge,0.7612843109082355
32570.0,32579.8,True,fridge,0.7609971364080321
32575.0,32584.8,True,fridge,0.7609971305460468
32580.0,32589.8,True,fridge,0.7609971328869799
32585.0,32594.8,True,fridge,0.7610686209280794
32590.0,32599.8,True,fridge,0.7612843109082355
32595.0,32604.8,True,fridge,0.7574340248196917
32600.0,32609.8,True,fridge,0.7575117709282
32605.0,32614.8,True,fridge,0.7609971402558998
32610.0,32619.8,True,fridge,0.7610686209280794
32615.0,32624.8,True,fridge,0.7610704972656324
32620.0,32629.8,True,fridge,0.7610686192122882
32625.0,32634.8,True,fridge,0.7610686232071858
32630.0,32639.8,True,fridge,0.7574340295276427
32635.0,32644.8,True,fridge,0.7574745139557821
32640.0,32649.8,True,fridge,0.7574742944290807
32645.0,32654.8,True,fridge,0.7610686330715779
32650.0,32659.8,True,fridge,0.7610686277597072
32655.0,32664.8,True,fridge,0.7610686208829612
32660.0,32669.8,True,fridge,0.7609971391139628
32665.0,32674.8,True,fridge,0.757474510401003
32670.0,32679.8,True,fridge,0.7468288967998042
32675.0,32684.8,True,fridge,0.7468280675258724
32680.0,32689.8,True,fridge,0.7468288967998042
32685.0,32694.8,True,fridge,0.7468288967998042
32690.0,32699.8,True,fridge,0.7468400932024493
32695.0,32704.8,True,fridge,0.7574866732436374
32700.0,32709.8,True,fridge,0.7574866757527343
32705.0,32714.8,True,fridge,0.7612370295941827
32710.0,32719.8,True,fridge,0.7610686209280794
32715.0,32724.8,True,fridge,0.7610686289177996
32720.0,32729.8,True,fridge,0.7610686192122882
32725.0,32734.8,True,fridge,0.7610704911500213
32730.0,32739.8,True,fridge,0.7610686215340026
32735.0,32744.8,True,fridge,0.761068627153784
32740.0,32749.8,True,fridge,0.7610686215340026
32745.0,32754.8,True,fridge,0.7610686269802823
32750.0,32759.8,True,fridge,0.7610686232071858
32755.0,32764.8,True,fridge,0.7575117709282
32760.0,32769.8,True,fridge,0.7468280675258724
32765.0,32774.8,True,fridge,0.7609971402558998
32770.0,32779.8,True,fridge,0.7610686309046288
32775.0,32784.8,True,fridge,0.7609971367730297
32780.0,32789.8,True,fridge,0.7609971304349776
32785.0,32794.8,True,fridge,0.7574742067079349
32790.0,32799.8,True,fridge,0.7574340309585981
32795.0,32804.8,True,fridge,0.7610686232071858
32800.0,32809.8,True,fridge,0.7612370295941827
32805.0,32814.8,True,fridge,0.7612843204835095
32810.0,32819.8,True,fridge,0.7574742067079349
32815.0,32824.8,True,fridge,0.7575117790083248
32820.0,32829.8,True,fridge,0.7612843122895879
32825.0,32834.8,True,fridge,0.7610686289177996
32830.0,32839.8,True,fridge,0.7610686192717578
32835.0,32844.8,True,fridge,0.7612370295941827
32840.0,32849.8,True,fridge,0.7612370357948897
32845.0,32854.8,True,fridge,0.7612843121141615
32850.0,32859.8,True,fridge,0.7574340295276427
32855.0,32864.8,True,fridge,0.7612843109106137
32860.0,32869.8,True,fridge,0.7612370295941827
32865.0,32874.8,True,fridge,0.7610686250319713
32870.0,32879.8,True,fridge,0.7610686268472473
32875.0,32884.8,True,fridge,0.7610686238493302
32880.0,32889.8,True,fridge,0.7610686215340026
32885.0,32894.8,True,fridge,0.7610704910883553
32890.0,32899.8,True,fridge,0.7610686309046288
32895.0,32904.8,True,fridge,0.7610686268458732
32900.0,32909.8,True,fridge,0.7610686209280794
32905.0,32914.8,True,fridge,0.7610686309046288
32910.0,32919.8,True,fridge,0.7610686309046288
32915.0,32924.8,True,fridge,0.7610686268472473
32920.0,32929.8,True,fridge,0.7609971456352652
32925.0,32934.8,True,fridge,0.7610686215340026
32930.0,32939.8,True,fridge,0.7609971352271877
32935.0,32944.8,True,fridge,0.7612843121141615
32940.0,32949.8,True,fridge,0.7610704973757566
32945.0,32954.8,True,fridge,0.7610704910883553
32950.0,32959.8,True,fridge,0.7610704911500213
32955.0,32964.8,True,fridge,0.7610686208829612
32960.0,32969.8,True,fridge,0.7468401032619563
32965.0,32974.8,True,fridge,0.7574742944290807
32970.0,32979.8,True,fridge,0.7610686351435043
32975.0,32984.8,True,fridge,0.7609971367730297
32980.0,32989.8,True,fridge,0.7610686181699938
32985.0,32994.8,True,fridge,0.7610704910883553
32990.0,32999.8,True,fridge,0.7610704926072601
32995.0,33004.8,True,fridge,0.7610686208829612
33000.0,33009.8,True,fridge,0.7610686288367171
33005.0,33014.8,True,fridge,0.7610686288367171
33010.0,33019.8,True,fridge,0.7609971366619604
33015.0,33024.8,True,fridge,0.7609971391139628
33020.0,33029.8,True,fridge,0.7610704926072601
33025.0,33034.8,True,fridge,0.7610686309046288
33030.0,33039.8,True,fridge,0.7610686309046288
33035.0,33044.8,True,fridge,0.7609971274378192
33040.0,33049.8,True,fridge,0.7610686232071858
33045.0,33054.8,True,fridge,0.7610686232071858
33050.0,33059.8,True,fridge,0.7574742944290807
33055.0,33064.8,True,fridge,0.7574742944290807
33060.0,33069.8,True,fridge,0.7610704910398971
33065.0,33074.8,True,fridge,0.7610686269802823
33070.0,33079.8,True,fridge,0.7610686289177996
33075.0,33084.8,True,fridge,0.7610686371303337
33080.0,33089.8,True,fridge,0.7449631098435016
33085.0,33094.8,True,fridge,0.7417104493842671
33090.0,33099.8,True,synchronous,0.8668534608481483
33095.0,33104.8,True,synchronous,0.8668534098152512
33100.0,33109.8,True,synchronous,0.8669354813288144
33105.0,33114.8,True,synchronous,0.8669354815191901
33110.0,33119.8,True,synchronous,0.866935481543349
33115.0,33124.8,True,synchronous,0.8668541652562527
33120.0,33129.8,True,synchronous,0.8668538745687842
33125.0,33134.8,True,synchronous,0.8644300999051618
33130.0,33139.8,True,synchronous,0.8644300999051618
33135.0,33144.8,True,synchronous,0.8668893652007791
33140.0,33149.8,True,synchronous,0.8668538668869533
33145.0,33154.8,True,synchronous,0.8668541652619262
33150.0,33159.8,True,synchronous,0.866853759218218
33155.0,33164.8,True,synchronous,0.8668534098298474
33160.0,33169.8,True,synchronous,0.8668534608481483
33165.0,33174.8,True,synchronous,0.8668538230545844
33170.0,33179.8,True,synchronous,0.8669354765188486
33175.0,33184.8,True,synchronous,0.8668538745783293
33180.0,33189.8,True,synchronous,0.8668538745783293
33185.0,33194.8,True,synchronous,0.8668541652730747
33190.0,33199.8,True,synchronous,0.8668538746817991
33195.0,33204.8,True,synchronous,0.8668541652521328
33200.0,33209.8,True,synchronous,0.8668541652521328
33205.0,33214.8,True,synchronous,0.8668541652660461
33210.0,33219.8,True,synchronous,0.8668538745783293
33215.0,33224.8,True,synchronous,0.8669350756812811
33220.0,33229.8,True,synchronous,0.8668889068174354
33225.0,33234.8,True,synchronous,0.8668538745783293
33230.0,33239.8,True,synchronous,0.8668889073718392
33235.0,33244.8,True,synchronous,0.8668889610835585
33240.0,33249.8,True,synchronous,0.8668538669170084
33245.0,33254.8,True,synchronous,0.8669354764800501
33250.0,33259.8,True,synchronous,0.8669354767507004
33255.0,33264.8,True,synchronous,0.8663408417379139
33260.0,33269.8,True,synchronous,0.8645976863865188
33265.0,33274.8,True,synchronous,0.864429687620935
33270.0,33279.8,True,synchronous,0.8644296365712545
33275.0,33284.8,True,synchronous,0.8668537592252467
33280.0,33289.8,True,synchronous,0.8668537078638875
33285.0,33294.8,True,synchronous,0.8663224468487745
33290.0,33299.8,True,synchronous,0.8663408417379139
33295.0,33304.8,True,synchronous,0.8668534611492216
33300.0,33309.8,True,synchronous,0.8668889587060388
33305.0,33314.8,True,synchronous,0.8663408326674666
33310.0,33319.8,True,synchronous,0.8669350706421279
33315.0,33324.8,True,synchronous,0.8668538668967465
33320.0,33329.8,True,synchronous,0.8668537592154533
33325.0,33334.8,True,synchronous,0.8669350706421279
33330.0,33339.8,True,synchronous,0.8663406385228961
33335.0,33344.8,True,synchronous,0.8663406387364243
33340.0,33349.8,True,synchronous,0.866853867546637
33345.0,33354.8,True,synchronous,0.8668538672286238
33350.0,33359.8,True,synchronous,0.8663412400481307
33355.0,33364.8,True,synchronous,0.8645977390696692
33360.0,33369.8,True,synchronous,0.8668534611492216
33365.0,33374.8,True,synchronous,0.8668889581516349
33370.0,33379.8,True,synchronous,0.8645977390696692
33375.0,33384.8,True,synchronous,0.8663409003809375
33380.0,33389.8,True,synchronous,0.8668538669170084
33385.0,33394.8,True,synchronous,0.8663408998205302
33390.0,33399.8,True,synchronous,0.8669350241029256
33395.0,33404.8,True,synchronous,0.8668534608481483
33400.0,33409.8,True,synchronous,0.8668538746817991
33405.0,33414.8,True,synchronous,0.8668538668967465
33410.0,33419.8,True,synchronous,0.8668538744046278
33415.0,33424.8,True,synchronous,0.8668538668967465
33420.0,33429.8,True,synchronous,0.8668889611184853
33425.0,33434.8,True,synchronous,0.8644296365712545
33430.0,33439.8,True,synchronous,0.8668538668938329
33435.0,33444.8,True,synchronous,0.864430099898268
33440.0,33449.8,True,synchronous,0.8642759028056543
33445.0,33454.8,True,synchronous,0.8662952118629654
33450.0,33459.8,True,synchronous,0.8645359838891419
33455.0,33464.8,True,synchronous,0.8643679529591616
33460.0,33469.8,True,synchronous,0.8668728859757512
33465.0,33474.8,True,synchronous,0.8643679529591616
33470.0,33479.8,True,synchronous,0.8662788180092915
33475.0,33484.8,True,synchronous,0.8662770231814814
33480.0,33489.8,True,synchronous,0.8662954070132556
33485.0,33494.8,True,synchronous,0.8668538671656649
33490.0,33499.8,True,synchronous,0.8668893676376696
33495.0,33504.8,True,synchronous,0.8662952118629654
33500.0,33509.8,True,synchronous,0.8662952118629654
33505.0,33514.8,True,synchronous,0.8668538677735355
33510.0,33519.8,True,synchronous,0.8669354771262877
33515.0,33524.8,True,synchronous,0.8663410459003321
33520.0,33529.8,True,synchronous,0.8645981567770763
33525.0,33534.8,True,synchronous,0.8643844684664013
33530.0,33539.8,True,synchronous,0.8642596166091221
33535.0,33544.8,True,synchronous,0.8643679529399806
33540.0,33549.8,True,synchronous,0.8645372418671476
33545.0,33554.8,True,synchronous,0.8643691994066038
33550.0,33559.8,True,synchronous,0.865701601619842
33555.0,33564.8,True,synchronous,0.8656267549061603
33560.0,33569.8,True,synchronous,0.8635881442149178
33565.0,33574.8,True,synchronous,0.865327226673271
33570.0,33579.8,True,synchronous,0.8659197222227526
33575.0,33584.8,True,synchronous,0.8657016015967228
33580.0,33589.8,True,synchronous,0.8656267548832653
33585.0,33594.8,True,synchronous,0.8657016094418561
33590.0,33599.8,True,synchronous,0.8634205034245309
33595.0,33604.8,True,synchronous,0.86453723044086
33600.0,33609.8,True,synchronous,0.8668741504914917
33605.0,33614.8,True,synchronous,0.8643692104232508
33610.0,33619.8,True,synchronous,0.8643679529399806
33615.0,33624.8,True,synchronous,0.8662788839744898
33620.0,33629.8,True,synchronous,0.8643844684664013
33625.0,33634.8,True,synchronous,0.8643844684625142
33630.0,33639.8,True,synchronous,0.8663410458964274
33635.0,33644.8,True,synchronous,0.8645981561321152
33640.0,33649.8,True,synchronous,0.8644300999051618
33645.0,33654.8,True,synchronous,0.8643215227846496
33650.0,33659.8,True,synchronous,0.8645525061659229
33655.0,33664.8,True,synchronous,0.8643679529597957
33660.0,33669.8,True,synchronous,0.8642608736485746
33665.0,33674.8,True,synchronous,0.8643692103097222
33670.0,33679.8,True,synchronous,0.8643691994037709
33675.0,33684.8,True,synchronous,0.8633124044132483
33680.0,33689.8,True,synchronous,0.86342053920608
33685.0,33694.8,True,synchronous,0.8624928099091056
33690.0,33699.8,True,synchronous,0.8626014588141023
33695.0,33704.8,True,synchronous,0.8626014596267482
33700.0,33709.8,True,synchronous,0.8625914819524747
33705.0,33714.8,True,synchronous,0.862589387826541
33710.0,33719.8,True,synchronous,0.8624928083504891
33715.0,33724.8,True,synchronous,0.8626014588141023
33720.0,33729.8,True,synchronous,0.8626014621992486
33725.0,33734.8,True,synchronous,0.863588180026667
33730.0,33739.8,True,synchronous,0.86342053920608
33735.0,33744.8,True,synchronous,0.8657016024691685
33740.0,33749.8,True,synchronous,0.8653087345454852
33745.0,33754.8,True,synchronous,0.865701899249283
33750.0,33759.8,True,synchronous,0.86591972036191
33755.0,33764.8,True,synchronous,0.8634205034088535
33760.0,33769.8,True,synchronous,0.8653272261141763
33765.0,33774.8,True,synchronous,0.8653272261141763
33770.0,33779.8,True,synchronous,0.865919928694539
33775.0,33784.8,True,synchronous,0.8657016094647553
33780.0,33789.8,True,synchronous,0.865308735317188
33785.0,33794.8,True,synchronous,0.865308735317188
33790.0,33799.8,True,synchronous,0.865919928694539
33795.0,33804.8,True,synchronous,0.865919721852269
33800.0,33809.8,True,synchronous,0.8635881442375851
33805.0,33814.8,True,synchronous,0.866657631886054
33810.0,33819.8,True,synchronous,0.8668741506117762
33815.0,33824.8,True,synchronous,0.8668741552620227
33820.0,33829.8,True,synchronous,0.8662800810402348
33825.0,33834.8,True,synchronous,0.866261614281402
33830.0,33839.8,True,synchronous,0.8643692104232508
33835.0,33844.8,True,synchronous,0.865919923592986
33840.0,33849.8,True,synchronous,0.8635881494590238
33845.0,33854.8,True,synchronous,0.8634205034088535
33850.0,33859.8,True,synchronous,0.8659197222577847
33855.0,33864.8,True,synchronous,0.8659197218473265
33860.0,33869.8,True,synchronous,0.8634205034088535
33865.0,33874.8,True,synchronous,0.8634205034245309
33870.0,33879.8,True,synchronous,0.8642608737663097
33875.0,33884.8,True,synchronous,0.8645372417457263
33880.0,33889.8,True,synchronous,0.8643679529591616
33885.0,33894.8,True,synchronous,0.8643679529636827
33890.0,33899.8,True,synchronous,0.864258153441544
33895.0,33904.8,True,synchronous,0.8642608737583
33900.0,33909.8,True,synchronous,0.8633109444702403
33905.0,33914.8,True,synchronous,0.8633124317065325
33910.0,33919.8,True,synchronous,0.8624928124391138
33915.0,33924.8,True,synchronous,0.8624928064006364
33920.0,33929.8,True,synchronous,0.8626014620212803
33925.0,33934.8,True,synchronous,0.8624928055883853
33930.0,33939.8,True,synchronous,0.8624928099091056
33935.0,33944.8,True,synchronous,0.86342053920608
33940.0,33949.8,True,synchronous,0.8633124317065325
33945.0,33954.8,True,synchronous,0.8634205034088535
33950.0,33959.8,True,synchronous,0.86591972036191
33955.0,33964.8,True,synchronous,0.8634205034088535
33960.0,33969.8,True,synchronous,0.8635881452042355
33965.0,33974.8,True,synchronous,0.8653087362903104
33970.0,33979.8,True,synchronous,0.8635881435883721
33975.0,33984.8,True,synchronous,0.8653271965666517
33980.0,33989.8,True,synchronous,0.8633124317065325
33985.0,33994.8,True,synchronous,0.8633124044132483
33990.0,33999.8,True,synchronous,0.8642608627444152
33995.0,34004.8,True,synchronous,0.8643692104312647
34000.0,34009.8,True,synchronous,0.8642596166091221
34005.0,34014.8,True,synchronous,0.8643844684664013
34010.0,34019.8,True,synchronous,0.8645981561321152
34015.0,34024.8,True,synchronous,0.8644301005477916
34020.0,34029.8,True,synchronous,0.8668893657590941
34025.0,34034.8,True,synchronous,0.8643844684625142
34030.0,34039.8,True,synchronous,0.8643679529591616
34035.0,34044.8,True,synchronous,0.8643692103136091
34040.0,34049.8,True,synchronous,0.8668739353087038
34045.0,34054.8,True,synchronous,0.8643692104312647
34050.0,34059.8,True,synchronous,0.8645359786727641
34055.0,34064.8,True,synchronous,0.8668538674345525
34060.0,34069.8,True,synchronous,0.8643844684664013
34065.0,34074.8,True,synchronous,0.8643844684664013
34070.0,34079.8,True,synchronous,0.8668893672086508
34075.0,34084.8,True,synchronous,0.8668895854005905
34080.0,34089.8,True,synchronous,0.8668541658244868
34085.0,34094.8,True,synchronous,0.8668541658244868
34090.0,34099.8,True,synchronous,0.8668538751408867
34095.0,34104.8,True,synchronous,0.8668893657590941
34100.0,34109.8,True,synchronous,0.8662770231814814
34105.0,34114.8,True,synchronous,0.8643679529636827
34110.0,34119.8,True,synchronous,0.8642608737663097
34115.0,34124.8,True,synchronous,0.8643692104232508
34120.0,34129.8,True,synchronous,0.8635881494590238
34125.0,34134.8,True,synchronous,0.8633124044132483
34130.0,34139.8,True,synchronous,0.86342053920608
34135.0,34144.8,True,synchronous,0.8659199646496707
34140.0,34149.8,True,synchronous,0.86342053920608
34145.0,34154.8,True,synchronous,0.86342053920608
34150.0,34159.8,True,synchronous,0.8659197557474002
34155.0,34164.8,True,synchronous,0.8657019351013621
34160.0,34169.8,True,synchronous,0.8657019351013621
34165.0,34174.8,True,synchronous,0.865919959850314
34170.0,34179.8,True,synchronous,0.8659197562219885
34175.0,34184.8,True,synchronous,0.8657016380879974
34180.0,34189.8,True,synchronous,0.8659197551322572
34185.0,34194.8,True,synchronous,0.8657016374391477
34190.0,34199.8,True,synchronous,0.8653272626293999
34195.0,34204.8,True,synchronous,0.86342053920608
34200.0,34209.8,True,synchronous,0.8635881504285023
34205.0,34214.8,True,synchronous,0.8653271606104967
34210.0,34219.8,True,synchronous,0.8634205034245309
34215.0,34224.8,True,synchronous,0.8643691994066038
34220.0,34229.8,True,synchronous,0.8668741506117762
34225.0,34234.8,True,synchronous,0.8643692104312647
34230.0,34239.8,True,synchronous,0.8642608627444152
34235.0,34244.8,True,synchronous,0.8634205034088535
34240.0,34249.8,True,synchronous,0.8634205043977701
34245.0,34254.8,True,synchronous,0.8624928099091056
34250.0,34259.8,True,synchronous,0.8624928055883853
34255.0,34264.8,True,synchronous,0.8651133252862143
34260.0,34269.8,True,synchronous,0.8651135276889668
34265.0,34274.8,True,synchronous,0.8651135228207512
34270.0,34279.8,True,synchronous,0.8645177515539332
34275.0,34284.8,True,synchronous,0.8645177480711398
34280.0,34289.8,True,synchronous,0.8644992293504044
34285.0,34294.8,True,synchronous,0.8627699415272634
34290.0,34299.8,True,synchronous,0.8648943941651361
34295.0,34304.8,True,synchronous,0.8648941027734004
34300.0,34309.8,True,synchronous,0.8626014621992486
34305.0,34314.8,True,synchronous,0.8653270016917095
34310.0,34319.8,True,synchronous,0.8653271616038043
34315.0,34324.8,True,synchronous,0.8653269667289061
34320.0,34329.8,True,synchronous,0.8657016013044503
34325.0,34334.8,True,synchronous,0.865327226673271
34330.0,34339.8,True,synchronous,0.8659199238481678
34335.0,34344.8,True,synchronous,0.8635881494590238
34340.0,34349.8,True,synchronous,0.8645372235856869
34345.0,34354.8,True,synchronous,0.8666579224462384
34350.0,34359.8,True,synchronous,0.8645372235856869
34355.0,34364.8,True,synchronous,0.8634205034245309
34360.0,34369.8,True,synchronous,0.8634205034088535
34365.0,34374.8,True,synchronous,0.8633124317065325
34370.0,34379.8,True,synchronous,0.86342053920608
34375.0,34384.8,True,synchronous,0.8627699536268807
34380.0,34389.8,True,synchronous,0.8626014621992486
34385.0,34394.8,True,synchronous,0.86342053920608
34390.0,34399.8,True,synchronous,0.8633124048288903
34395.0,34404.8,True,synchronous,0.8642608627416215
34400.0,34409.8,True,synchronous,0.8643692104232508
34405.0,34414.8,True,synchronous,0.8642596166091221
34410.0,34419.8,True,synchronous,0.8668728906904708
34415.0,34424.8,True,synchronous,0.8668541658108833
34420.0,34429.8,True,synchronous,0.8668538751184444
34425.0,34434.8,True,synchronous,0.8662786228844883
34430.0,34439.8,True,synchronous,0.8662786228844883
34435.0,34444.8,True,synchronous,0.8643472597399996
34440.0,34449.8,True,synchronous,0.8645474772192275
34445.0,34454.8,True,synchronous,0.86688890656881
34450.0,34459.8,True,synchronous,0.8668537076351716
34455.0,34464.8,True,synchronous,0.866853409581344
34460.0,34469.8,True,synchronous,0.8663409003809375
34465.0,34474.8,True,synchronous,0.8644296363038728
34470.0,34479.8,True,fridge,0.7465981056409386
34475.0,34484.8,True,fridge,0.7451239026540674
34480.0,34489.8,True,fridge,0.7610686212116199
34485.0,34494.8,True,fridge,0.7610686253155118
34490.0,34499.8,True,fridge,0.7609971307185763
34495.0,34504.8,True,fridge,0.7610704913718973
34500.0,34509.8,True,fridge,0.7574866697556032
34505.0,34514.8,True,fridge,0.7574742944508212
34510.0,34519.8,True,fridge,0.757511773003218
34515.0,34524.8,True,fridge,0.7468400932235832
34520.0,34529.8,True,fridge,0.7574866771624964
34525.0,34534.8,True,fridge,0.7609971294625155
34530.0,34539.8,True,fridge,0.761237118167683
34535.0,34544.8,True,fridge,0.7612843990817987
34540.0,34549.8,True,fridge,0.7610686234907263
34545.0,34554.8,True,fridge,0.761070492890802
34550.0,34559.8,True,fridge,0.7610765566874464
34555.0,34564.8,True,fridge,0.7610704853248355
34560.0,34569.8,True,fridge,0.7458037990845783
34565.0,34574.8,True,fridge,0.7574745139775226
34570.0,34579.8,True,fridge,0.7468400932024493
34575.0,34584.8,True,fridge,0.7574742958312208
34580.0,34589.8,True,fridge,0.7609971401524026
34585.0,34594.8,True,fridge,0.7609971307185763
34590.0,34599.8,True,fridge,0.7574866757820516
34595.0,34604.8,True,fridge,0.7574742958312208
34600.0,34609.8,True,fridge,0.7610686271307878
34605.0,34614.8,True,fridge,0.7609971308296456
34610.0,34619.8,True,fridge,0.7612843121361218
34615.0,34624.8,True,fridge,0.7612844073248853
34620.0,34629.8,True,fridge,0.7574341169237734
34625.0,34634.8,True,fridge,0.7574340188156284
34630.0,34639.8,True,fridge,0.7574341216317254
34635.0,34644.8,True,fridge,0.7575241446105276
34640.0,34649.8,True,fridge,0.7609971331705787
34645.0,34654.8,True,fridge,0.7610686195552984
34650.0,34659.8,True,fridge,0.7610686174436954
34655.0,34664.8,True,fridge,0.7610704852763772
34660.0,34669.8,True,fridge,0.7574742944508212
34665.0,34674.8,True,fridge,0.7612843109301958
34670.0,34679.8,True,fridge,0.7610686271307878
34675.0,34684.8,True,fridge,0.7610686124065026
34680.0,34689.8,True,fridge,0.7609971398705936
34685.0,34694.8,True,fridge,0.7575117709499427
34690.0,34699.8,True,fridge,0.7468279764163296
34695.0,34704.8,True,fridge,0.7610686219962164
34700.0,34709.8,True,fridge,0.7610704914335632
34705.0,34714.8,True,fridge,0.761070492890802
34710.0,34719.8,True,fridge,0.7610686157705118
34715.0,34724.8,True,fridge,0.7612371226254782
34720.0,34729.8,True,fridge,0.7575117649230925
34725.0,34734.8,True,fridge,0.7612371226254782
34730.0,34739.8,True,fridge,0.76099713064336
34735.0,34744.8,True,fridge,0.7610686246792389
34740.0,34749.8,True,fridge,0.7610686292013402
34745.0,34754.8,True,fridge,0.7609971366916309
34750.0,34759.8,True,fridge,0.7610686292013402
34755.0,34764.8,True,fridge,0.7610686291202576
34760.0,34769.8,True,fridge,0.7610686271294137
34765.0,34774.8,True,fridge,0.7610686174436954
34770.0,34779.8,True,fridge,0.7610686229722419
34775.0,34784.8,True,fridge,0.7455293609300127
34780.0,34789.8,True,fridge,0.9155643602755463
34785.0,34794.8,True,fridge,0.5216351379845157
34790.0,34799.8,True,fridge,0.5216431140941193
34795.0,34804.8,True,fridge,0.525432442393214
34800.0,34809.8,True,fridge,0.5255304613275084
34805.0,34814.8,True,fridge,0.5255304346415056
34810.0,34819.8,True,fridge,0.5110901963423014
34815.0,34824.8,True,fridge,0.5110902374607885
34820.0,34829.8,True,fridge,0.5254324409714037
34825.0,34834.8,True,fridge,0.5255304349929176
34830.0,34839.8,True,fridge,0.5254324408320624
34835.0,34844.8,True,fridge,0.5216431140941193
34840.0,34849.8,True,fridge,0.5216351379845157
34845.0,34854.8,True,fridge,0.5255304627688
34850.0,34859.8,True,fridge,0.525530462517042
34855.0,34864.8,True,fridge,0.5255304481725978
34860.0,34869.8,True,fridge,0.5255304627688
34865.0,34874.8,True,fridge,0.5255314551062557
34870.0,34879.8,True,fridge,0.5255304639413384
34875.0,34884.8,True,fridge,0.5255304625365521
34880.0,34889.8,True,fridge,0.5255304243545875
34885.0,34894.8,True,fridge,0.5255304627688
34890.0,34899.8,True,fridge,0.5255304639218283
34895.0,34904.8,True,fridge,0.5254324866375519
34900.0,34909.8,True,fridge,0.521635187880342
34905.0,34914.8,True,fridge,0.5100711996833881
34910.0,34919.8,True,fridge,0.511090189524963
34915.0,34924.8,True,fridge,0.5255304242943406
34920.0,34929.8,True,fridge,0.5255304495943792
34925.0,34934.8,True,fridge,0.5254324580704925
34930.0,34939.8,True,fridge,0.5216348188651866
34935.0,34944.8,True,fridge,0.5254324422727046
34940.0,34949.8,True,fridge,0.5254324866375519
34945.0,34954.8,True,fridge,0.5216430900840033
34950.0,34959.8,True,fridge,0.5254328557553266
34955.0,34964.8,True,fridge,0.5255304228725592
34960.0,34969.8,True,fridge,0.5255314536844686
34965.0,34974.8,True,fridge,0.5255314536844686
34970.0,34979.8,True,fridge,0.5100711996833881
34975.0,34984.8,True,fridge,0.5586040038385878
34980.0,34989.8,True,fridge,0.5215922394204284
34985.0,34994.8,True,fridge,0.5254324436945147
34990.0,34999.8,True,fridge,0.5255397790216154
34995.0,35004.8,True,fridge,0.5255314642998711
35000.0,35009.8,True,fridge,0.5254328670072854
35005.0,35014.8,True,fridge,0.5255304481725978
35010.0,35019.8,True,fridge,0.5255314537000331
35015.0,35024.8,True,fridge,0.5100711690927234
35020.0,35029.8,True,fridge,0.5119775005555072
35025.0,35034.8,True,synchronous,0.9871710905996951
35030.0,35039.8,True,synchronous,0.987171091469275
35035.0,35044.8,True,synchronous,0.9871711290386139
35040.0,35049.8,True,synchronous,0.9871711290408771
35045.0,35054.8,True,synchronous,0.9871750247572577
35050.0,35059.8,True,synchronous,0.987087023506736
35055.0,35064.8,True,synchronous,0.987171090639059
35060.0,35069.8,True,synchronous,0.9871711290367824
35065.0,35074.8,True,synchronous,0.9870830515255794
35070.0,35079.8,True,synchronous,0.9864941071314239
35075.0,35084.8,True,synchronous,0.9864941071314239
35080.0,35089.8,True,synchronous,0.9871710914722753
35085.0,35094.8,True,synchronous,0.9871710905996951
35090.0,35099.8,True,synchronous,0.9870870235683564
35095.0,35104.8,True,synchronous,0.9870870122219868
35100.0,35109.8,True,synchronous,0.9870830514779304
35105.0,35114.8,True,synchronous,0.9871710906391109
35110.0,35119.8,True,synchronous,0.9871710914861137
35115.0,35124.8,True,synchronous,0.9869417240858274
35120.0,35129.8,True,synchronous,0.9870830515255794
35125.0,35134.8,True,synchronous,0.9870830514779304
35130.0,35139.8,True,synchronous,0.9869441337495647
35135.0,35144.8,True,synchronous,0.9870331137608893
35140.0,35149.8,True,synchronous,0.9870830522641225
35145.0,35154.8,True,synchronous,0.9865343743904414
35150.0,35159.8,True,synchronous,0.9864941071314239
35155.0,35164.8,True,synchronous,0.9870331137608893
35160.0,35169.8,True,synchronous,0.9869441977710501
35165.0,35174.8,True,synchronous,0.9865861062453624
35170.0,35179.8,True,synchronous,0.9864941071314239
35175.0,35184.8,True,synchronous,0.9869441977424823
35180.0,35189.8,True,synchronous,0.9870830522641225
35185.0,35194.8,True,synchronous,0.9871710907357
35190.0,35199.8,True,synchronous,0.9869441392167781
35195.0,35204.8,True,synchronous,0.987175024838961
35200.0,35209.8,True,synchronous,0.9870830900901882
35205.0,35214.8,True,synchronous,0.9870830522426443
35210.0,35219.8,True,synchronous,0.9871710906883714
35215.0,35224.8,True,synchronous,0.9870830513886533
35220.0,35229.8,True,synchronous,0.9869417243146468
35225.0,35234.8,True,synchronous,0.987030714124861
35230.0,35239.8,True,synchronous,0.9871711290391126
35235.0,35244.8,True,synchronous,0.9871711290386139
35240.0,35249.8,True,synchronous,0.987030714124861
35245.0,35254.8,True,synchronous,0.987030714124861
35250.0,35259.8,True,synchronous,0.9871711290367824
35255.0,35264.8,True,synchronous,0.986626102568133
35260.0,35269.8,True,synchronous,0.9865343730258481
35265.0,35274.8,True,synchronous,0.9871750247572577
35270.0,35279.8,True,synchronous,0.9871750250748104
35275.0,35284.8,True,synchronous,0.987087012336715
35280.0,35289.8,True,synchronous,0.9871750250211716
35285.0,35294.8,True,synchronous,0.9870830522671432
35290.0,35299.8,True,synchronous,0.9871710906883714
35295.0,35304.8,True,synchronous,0.9871711290408771
35300.0,35309.8,True,synchronous,0.9871750250826344
35305.0,35314.8,True,synchronous,0.9870331073250023
35310.0,35319.8,True,synchronous,0.9869441334122778
35315.0,35324.8,True,synchronous,0.987087023023068
35320.0,35329.8,True,synchronous,0.9871711290408771
35325.0,35334.8,True,synchronous,0.9869441337187129
35330.0,35339.8,True,synchronous,0.987087012457332
35335.0,35344.8,True,synchronous,0.987083051428336
35340.0,35349.8,True,synchronous,0.9870830514779304
35345.0,35354.8,True,synchronous,0.9871710914861137
35350.0,35359.8,True,synchronous,0.9870830900860661
35355.0,35364.8,True,synchronous,0.9870830513886533
35360.0,35369.8,True,synchronous,0.9865343735687774
35365.0,35374.8,True,synchronous,0.9869441333831952
35370.0,35379.8,True,synchronous,0.9870870226512439
35375.0,35384.8,True,synchronous,0.9869441337495647
35380.0,35389.8,True,synchronous,0.9871750250748104
35385.0,35394.8,True,synchronous,0.9869417240858274
35390.0,35399.8,True,synchronous,0.9866261017835831
35395.0,35404.8,True,synchronous,0.987175024838961
35400.0,35409.8,True,synchronous,0.9870870124623552
35405.0,35414.8,True,synchronous,0.987087012336715
35410.0,35419.8,True,synchronous,0.9871750250748104
35415.0,35424.8,True,synchronous,0.987171091469275
35420.0,35429.8,True,synchronous,0.9870830514286221
35425.0,35434.8,True,synchronous,0.9871710906886555
35430.0,35439.8,True,synchronous,0.987087012263198
35435.0,35444.8,True,synchronous,0.9871711290386139
35440.0,35449.8,True,synchronous,0.9871711290367824
35445.0,35454.8,True,synchronous,0.9871711290386139
35450.0,35459.8,True,synchronous,0.9869441337477957
35455.0,35464.8,True,synchronous,0.9870870122219868
35460.0,35469.8,True,synchronous,0.987087012336715
35465.0,35474.8,True,synchronous,0.9865343733601084
35470.0,35479.8,True,synchronous,0.9865343743904414
35475.0,35484.8,True,synchronous,0.9871750359962433
35480.0,35489.8,True,synchronous,0.987087023506736
35485.0,35494.8,True,synchronous,0.9870830513886533
35490.0,35499.8,True,synchronous,0.9870830900884119
35495.0,35504.8,True,synchronous,0.9871711290408771
35500.0,35509.8,True,synchronous,0.987175024901366
35505.0,35514.8,True,synchronous,0.9869441392167781
35510.0,35519.8,True,synchronous,0.9871750360268962
35515.0,35524.8,True,synchronous,0.9871711290367824
35520.0,35529.8,True,synchronous,0.9871710914861137
35525.0,35534.8,True,synchronous,0.9870830513886533
35530.0,35539.8,True,synchronous,0.9869441977710501
35535.0,35544.8,True,synchronous,0.9864621978271654
35540.0,35549.8,True,synchronous,0.9864941071314239
35545.0,35554.8,True,synchronous,0.9870830522975088
35550.0,35559.8,True,synchronous,0.9871750247572577
35555.0,35564.8,True,synchronous,0.987171091469275
35560.0,35569.8,True,synchronous,0.9870331073250023
35565.0,35574.8,True,synchronous,0.9869417240858274
35570.0,35579.8,True,synchronous,0.9870870229830293
35575.0,35584.8,True,synchronous,0.9871710905996951
35580.0,35589.8,True,synchronous,0.9871710906883714
35585.0,35594.8,True,synchronous,0.987171090639395
35590.0,35599.8,True,synchronous,0.9871750250748104
35595.0,35604.8,True,synchronous,0.9869417244221151
35600.0,35609.8,True,synchronous,0.9870830514627341
35605.0,35614.8,True,synchronous,0.987087012263198
35610.0,35619.8,True,synchronous,0.987087023023068
35615.0,35624.8,True,synchronous,0.9870830514729149
35620.0,35629.8,True,synchronous,0.9869441392167781
35625.0,35634.8,True,synchronous,0.9864941071314239
35630.0,35639.8,True,synchronous,0.9864941073271923
35635.0,35644.8,True,synchronous,0.9865861062453624
35640.0,35649.8,True,synchronous,0.9871710907357
35645.0,35654.8,True,synchronous,0.9869417243146468
35650.0,35659.8,True,synchronous,0.9865343743586349
35655.0,35664.8,True,synchronous,0.986626102568133
35660.0,35669.8,True,synchronous,0.9870830515559448
35665.0,35674.8,True,synchronous,0.9870830515255794
35670.0,35679.8,True,synchronous,0.9871750250826344
35675.0,35684.8,True,synchronous,0.9869441401981763
35680.0,35689.8,True,synchronous,0.9870870229879789
35685.0,35694.8,True,synchronous,0.987087012457332
35690.0,35699.8,True,synchronous,0.98708309008791
35695.0,35704.8,True,synchronous,0.9870830900884119
35700.0,35709.8,True,synchronous,0.987083051428336
35705.0,35714.8,True,synchronous,0.9865343733601084
35710.0,35719.8,True,synchronous,0.9869441333831952
35715.0,35724.8,True,synchronous,0.986626102568133
35720.0,35729.8,True,synchronous,0.9865343732348029
35725.0,35734.8,True,synchronous,0.9870870125113342
35730.0,35739.8,True,synchronous,0.987171090639059
35735.0,35744.8,True,synchronous,0.9871750250826344
35740.0,35749.8,True,synchronous,0.9866261015763161
35745.0,35754.8,True,synchronous,0.9865343740243748
35750.0,35759.8,True,synchronous,0.987087023506736
35755.0,35764.8,True,synchronous,0.9870870122219868
35760.0,35769.8,True,synchronous,0.987083051428336
35765.0,35774.8,True,synchronous,0.9871710914863976
35770.0,35779.8,True,synchronous,0.9865343732348029
35775.0,35784.8,True,synchronous,0.9870870123670712
35780.0,35789.8,True,synchronous,0.987087012336715
35785.0,35794.8,True,synchronous,0.9866261025684168
35790.0,35799.8,True,synchronous,0.9864941071314239
35795.0,35804.8,True,synchronous,0.9865861062453624
35800.0,35809.8,True,synchronous,0.9870830522671432
35805.0,35814.8,True,synchronous,0.9866261017835831
35810.0,35819.8,True,synchronous,0.9864941071317094
35815.0,35824.8,True,synchronous,0.9865343743586349
35820.0,35829.8,True,synchronous,0.987087012457332
35825.0,35834.8,True,synchronous,0.987087012336715
35830.0,35839.8,True,synchronous,0.9869441977710501
35835.0,35844.8,True,synchronous,0.9871750354760597
35840.0,35849.8,True,synchronous,0.9864941074663686
35845.0,35854.8,True,synchronous,0.9864941071314239
35850.0,35859.8,True,synchronous,0.9870830522671432
35855.0,35864.8,True,synchronous,0.9871710914479412
35860.0,35869.8,True,synchronous,0.9871750250211716
35865.0,35874.8,True,synchronous,0.9870830522666714
35870.0,35879.8,True,synchronous,0.9871707948616536
35875.0,35884.8,True,synchronous,0.9871711290408771
35880.0,35889.8,True,synchronous,0.9870870235346534
35885.0,35894.8,True,synchronous,0.9869441977710501
35890.0,35899.8,True,synchronous,0.9871750360268962
35895.0,35904.8,True,synchronous,0.9870830514729149
35900.0,35909.8,True,synchronous,0.9871750250748104
35905.0,35914.8,True,synchronous,0.9870830522663855
35910.0,35919.8,True,synchronous,0.9871710906833898
35915.0,35924.8,True,synchronous,0.987087012263198
35920.0,35929.8,True,synchronous,0.987033107325286
35925.0,35934.8,True,synchronous,0.9866261015763161
35930.0,35939.8,True,synchronous,0.9870331073250023
35935.0,35944.8,True,synchronous,0.9869417244224011
35940.0,35949.8,True,synchronous,0.9871711290393966
35945.0,35954.8,True,synchronous,0.9871750250261608
35950.0,35959.8,True,synchronous,0.9869441392167781
35955.0,35964.8,True,synchronous,0.9869441392167781
35960.0,35969.8,True,synchronous,0.9869417244224011
35965.0,35974.8,True,synchronous,0.9870870235346534
35970.0,35979.8,True,synchronous,0.9870830522663855
35975.0,35984.8,True,synchronous,0.987171090639395
35980.0,35989.8,True,synchronous,0.987171090599979
35985.0,35994.8,True,synchronous,0.9871750248286275
35990.0,35999.8,True,synchronous,0.9870870235375964
35995.0,36004.8,True,synchronous,0.9870830515255794
36000.0,36009.8,True,synchronous,0.9870830513886533
36005.0,36014.8,True,synchronous,0.987087012336715
36010.0,36019.8,True,synchronous,0.9870870226866191
36015.0,36024.8,True,synchronous,0.987087023507022
36020.0,36029.8,True,synchronous,0.9869441337187129
36025.0,36034.8,True,synchronous,0.9870870229830293
36030.0,36039.8,True,synchronous,0.9870870121916308
36035.0,36044.8,True,synchronous,0.9870331073250023
36040.0,36049.8,True,synchronous,0.9870331127860914
36045.0,36054.8,True,synchronous,0.987175024901366
36050.0,36059.8,True,synchronous,0.987171091469275
36055.0,36064.8,True,synchronous,0.987087012336715
36060.0,36069.8,True,synchronous,0.9870307142316064
36065.0,36074.8,True,synchronous,0.9870870121916308
36070.0,36079.8,True,synchronous,0.9870830900901882
36075.0,36084.8,True,synchronous,0.987083090088196
36080.0,36089.8,True,synchronous,0.9871750250748104
36085.0,36094.8,True,synchronous,0.9871710906883714
36090.0,36099.8,True,synchronous,0.98708309008791
36095.0,36104.8,True,synchronous,0.987171129041161
36100.0,36109.8,True,synchronous,0.9871710914715227
36105.0,36114.8,True,synchronous,0.9871710906391109
36110.0,36119.8,True,synchronous,0.9871710914715227
36115.0,36124.8,True,synchronous,0.9866261025684168
36120.0,36129.8,True,synchronous,0.9865861062456461
36125.0,36134.8,True,synchronous,0.9867717992787826
36130.0,36139.8,True,synchronous,0.9869441392167781
36135.0,36144.8,True,synchronous,0.9870830522669314
36140.0,36149.8,True,synchronous,0.9870830522666714
36145.0,36154.8,True,synchronous,0.9870830900886979
36150.0,36159.8,True,synchronous,0.987087012457332
36155.0,36164.8,True,synchronous,0.9869441392167781
36160.0,36169.8,True,synchronous,0.9869441333523435
36165.0,36174.8,True,synchronous,0.9869441392167781
36170.0,36179.8,True,synchronous,0.9871750359932414
36175.0,36184.8,True,synchronous,0.9871750355128273
36180.0,36189.8,True,synchronous,0.9869441974049652
36185.0,36194.8,True,synchronous,0.9866261017835831
36190.0,36199.8,True,synchronous,0.987030714124861
36195.0,36204.8,True,synchronous,0.9865343730258481
36200.0,36209.8,True,synchronous,0.986626102568133
36205.0,36214.8,True,synchronous,0.9871711290386139
36210.0,36219.8,True,synchronous,0.9870870229882649
36215.0,36224.8,True,synchronous,0.9870870229833151
36220.0,36229.8,True,synchronous,0.9869441337189989
36225.0,36234.8,True,synchronous,0.9870870231395272
36230.0,36239.8,True,synchronous,0.9870830513889391
36235.0,36244.8,True,synchronous,0.9870830514193044
36240.0,36249.8,True,synchronous,0.9870870125192109
36245.0,36254.8,True,synchronous,0.987087023506736
36250.0,36259.8,True,synchronous,0.9866255456043695
36255.0,36264.8,True,synchronous,0.9867674378960062
36260.0,36269.8,True,synchronous,0.9866254800391514
36265.0,36274.8,True,synchronous,0.9870331137608893
36270.0,36279.8,True,synchronous,0.9867677437083099
36275.0,36284.8,True,synchronous,0.9870331709149407
36280.0,36289.8,True,synchronous,0.9869441973763975
36285.0,36294.8,True,synchronous,0.9871750355158292
36290.0,36299.8,True,synchronous,0.9870830514779304
36295.0,36304.8,True,synchronous,0.9870830522666714
36300.0,36309.8,True,synchronous,0.9870331127863752
36305.0,36314.8,True,synchronous,0.9869441333831952
36310.0,36319.8,True,synchronous,0.987087012263198
36315.0,36324.8,True,synchronous,0.9870870121917047
36320.0,36329.8,True,synchronous,0.987087012457618
36325.0,36334.8,True,synchronous,0.9871750355158292
36330.0,36339.8,True,synchronous,0.9870331073250023
36335.0,36344.8,True,synchronous,0.9871750249016501
36340.0,36349.8,True,synchronous,0.9869417243149327
36345.0,36354.8,True,synchronous,0.9870830522664595
36350.0,36359.8,True,synchronous,0.9870830522661738
36355.0,36364.8,True,synchronous,0.9870870124571203
36360.0,36369.8,True,synchronous,0.9870331709465681
36365.0,36374.8,True,synchronous,0.9865343735687774
36370.0,36379.8,True,synchronous,0.9866261017835831
36375.0,36384.8,True,synchronous,0.9867677824430319
36380.0,36389.8,True,synchronous,0.9866255456336247
36385.0,36394.8,True,synchronous,0.987087023023354
36390.0,36399.8,True,synchronous,0.9870830522641225
36395.0,36404.8,True,synchronous,0.9870830900901882
36400.0,36409.8,True,synchronous,0.9871711290408771
36405.0,36414.8,True,synchronous,0.9871710905996951
36410.0,36419.8,True,synchronous,0.9871750248286275
36415.0,36424.8,True,synchronous,0.9867677436842897
36420.0,36429.8,True,synchronous,0.9871750360271803
36425.0,36434.8,True,synchronous,0.987083052267429
36430.0,36439.8,True,synchronous,0.9871750250264449
36435.0,36444.8,True,synchronous,0.9870830513886533
36440.0,36449.8,True,synchronous,0.9870870122741734
36445.0,36454.8,True,synchronous,0.9871750355161131
36450.0,36459.8,True,synchronous,0.9866261015765999
36455.0,36464.8,True,synchronous,0.9861646240023011
36460.0,36469.8,True,synchronous,0.9865343732348029
36465.0,36474.8,True,synchronous,0.9866261017838669
36470.0,36479.8,True,synchronous,0.9871750354763438
36475.0,36484.8,True,synchronous,0.987087012336715
36480.0,36489.8,True,synchronous,0.9867677437085012
36485.0,36494.8,True,synchronous,0.9866230126281
36490.0,36499.8,True,synchronous,0.9870870235346534
36495.0,36504.8,True,synchronous,0.9871711290388978
36500.0,36509.8,True,synchronous,0.9866230127378628
36505.0,36514.8,True,synchronous,0.9864941074666542
36510.0,36519.8,True,synchronous,0.9870870121919165
36515.0,36524.8,True,synchronous,0.9871710907359841
36520.0,36529.8,True,synchronous,0.9871711290370664
36525.0,36534.8,True,synchronous,0.987175036024257
36530.0,36539.8,True,synchronous,0.986944139217064
36535.0,36544.8,True,synchronous,0.9867717993373006
36540.0,36549.8,True,synchronous,0.9871750247572577
36545.0,36554.8,True,synchronous,0.9869417244221151
36550.0,36559.8,True,synchronous,0.987087012457618
36555.0,36564.8,True,synchronous,0.9871750354812601
36560.0,36569.8,True,synchronous,0.9862058586779947
36565.0,36574.8,True,synchronous,0.9865343743589206
36570.0,36579.8,True,synchronous,0.9866254800394443
36575.0,36584.8,True,synchronous,0.9870870122738874
36580.0,36589.8,True,synchronous,0.9870870122634839
36585.0,36594.8,True,synchronous,0.9870870122632721
36590.0,36599.8,True,synchronous,0.987087012457618
36595.0,36604.8,True,synchronous,0.9869417244224011
36600.0,36609.8,True,synchronous,0.9870331709184764
36605.0,36614.8,True,synchronous,0.9871710914718068
36610.0,36619.8,True,synchronous,0.9867677428544996
36615.0,36624.8,True,synchronous,0.9867677824388102
36620.0,36629.8,True,synchronous,0.9867718100550467
36625.0,36634.8,True,synchronous,0.9870830522644084
36630.0,36639.8,True,synchronous,0.9870830522666714
36635.0,36644.8,True,synchronous,0.9870830514729149
36640.0,36649.8,True,synchronous,0.9871710906391109
36645.0,36654.8,True,synchronous,0.9869417243146468
36650.0,36659.8,True,synchronous,0.9871750355161131
36655.0,36664.8,True,synchronous,0.9871711290388978
36660.0,36669.8,True,synchronous,0.9865861062456461
36665.0,36674.8,True,synchronous,0.9864941070998091
36670.0,36679.8,True,synchronous,0.987033107325286
36675.0,36684.8,True,synchronous,0.9867677428994396
36680.0,36689.8,True,synchronous,0.9867677437093786
36685.0,36694.8,True,synchronous,0.9867677436842897
36690.0,36699.8,True,synchronous,0.9867677428503702
36695.0,36704.8,True,synchronous,0.9871750250214555
36700.0,36709.8,True,synchronous,0.9870830522671432
36705.0,36714.8,True,synchronous,0.9871750250261608
36710.0,36719.8,True,synchronous,0.9869417244221151
36715.0,36724.8,True,synchronous,0.9870870125113342
36720.0,36729.8,True,synchronous,0.9870830514729149
36725.0,36734.8,True,synchronous,0.987171090639395
36730.0,36739.8,True,synchronous,0.9864941074666542
36735.0,36744.8,True,synchronous,0.9861646240020084
36740.0,36749.8,True,synchronous,0.9865343735687774
36745.0,36754.8,True,synchronous,0.9869417244224011
36750.0,36759.8,True,synchronous,0.9866254856717197
36755.0,36764.8,True,synchronous,0.9867677824409913
36760.0,36769.8,True,synchronous,0.9867677437233533
36765.0,36774.8,True,synchronous,0.987087023507022
36770.0,36779.8,True,synchronous,0.9871710914718068
36775.0,36784.8,True,synchronous,0.9871710914715227
36780.0,36789.8,True,synchronous,0.9862058594918555
36785.0,36794.8,True,synchronous,0.9865343733601084
36790.0,36799.8,True,synchronous,0.9869441977427683
36795.0,36804.8,True,synchronous,0.9869441333526294
36800.0,36809.8,True,synchronous,0.987087023023354
36805.0,36814.8,True,synchronous,0.9865861062456461
36810.0,36819.8,True,synchronous,0.9865861062453624
36815.0,36824.8,True,synchronous,0.9867718100926618
36820.0,36829.8,True,synchronous,0.9865343735687774
36825.0,36834.8,True,synchronous,0.9866254800391514
36830.0,36839.8,True,synchronous,0.9871750250750944
36835.0,36844.8,True,synchronous,0.987087012337001
36840.0,36849.8,True,synchronous,0.9869441401984623
36845.0,36854.8,True,synchronous,0.9866230127378628
36850.0,36859.8,True,synchronous,0.986767743710526
36855.0,36864.8,True,synchronous,0.987175036024257
36860.0,36869.8,True,synchronous,0.9871710907357
36865.0,36874.8,True,synchronous,0.9866254800427974
36870.0,36879.8,True,synchronous,0.987033107325286
36875.0,36884.8,True,synchronous,0.9871750250750944
36880.0,36889.8,True,synchronous,0.9867717993289411
36885.0,36894.8,True,synchronous,0.9867718106168607
36890.0,36899.8,True,synchronous,0.9871710906434
36895.0,36904.8,True,synchronous,0.9871711290393966
36900.0,36909.8,True,synchronous,0.986534373360394
36905.0,36914.8,True,synchronous,0.9865343739928539
36910.0,36919.8,True,synchronous,0.9870331709468518
36915.0,36924.8,True,synchronous,0.9867677437255694
36920.0,36929.8,True,synchronous,0.9871711290386139
36925.0,36934.8,True,synchronous,0.9871711290386139
36930.0,36939.8,True,synchronous,0.9867677437085012
36935.0,36944.8,True,synchronous,0.9867677437093786
36940.0,36949.8,True,synchronous,0.9867677428094387
36945.0,36954.8,True,synchronous,0.9867677428957298
36950.0,36959.8,True,synchronous,0.9870870235378822
36955.0,36964.8,True,synchronous,0.9866255456080151
36960.0,36969.8,True,synchronous,0.986944197771336
36965.0,36974.8,True,synchronous,0.986534373360394
36970.0,36979.8,True,synchronous,0.9862058584696014
36975.0,36984.8,True,synchronous,0.98708701251162
36980.0,36989.8,True,synchronous,0.9871710907359841
36985.0,36994.8,True,synchronous,0.9869441333814262
36990.0,36999.8,True,synchronous,0.9866254800394443
36995.0,37004.8,True,synchronous,0.9870830514285697
37000.0,37009.8,True,synchronous,0.9871750250748104
37005.0,37014.8,True,fridge,0.5127660474122724
37010.0,37019.8,True,fridge,0.5093861121314318
37015.0,37024.8,True,fridge,0.5255304627788618
37020.0,37029.8,True,fridge,0.5255304485889756
37025.0,37034.8,True,fridge,0.5255304639709103
37030.0,37039.8,True,fridge,0.5216348188259051
37035.0,37044.8,True,fridge,0.525432465101287
37040.0,37049.8,True,fridge,0.5216347689502067
37045.0,37054.8,True,fridge,0.5216347697135826
37050.0,37059.8,True,fridge,0.5216430900840033
37055.0,37064.8,True,fridge,0.5216348188651866
37060.0,37069.8,True,fridge,0.5254324687158658
37065.0,37074.8,True,fridge,0.5255304346710774
37070.0,37079.8,True,fridge,0.511090244278127
37075.0,37084.8,True,fridge,0.5100711996833881
37080.0,37089.8,True,fridge,0.5216348196093339
37085.0,37094.8,True,fridge,0.5255314550959739
37090.0,37099.8,True,fridge,0.525531453674187
37095.0,37104.8,True,fridge,0.525530422962378
37100.0,37109.8,True,fridge,0.5254324408616349
37105.0,37114.8,True,fridge,0.5216351878995709
37110.0,37119.8,True,fridge,0.5216348196285627
37115.0,37124.8,True,fridge,0.5216347689502067
37120.0,37129.8,True,fridge,0.524987799091452
37125.0,37134.8,True,fridge,0.5255304626024843
37130.0,37139.8,True,fridge,0.525530422962378
37135.0,37144.8,True,fridge,0.525530422962378
37140.0,37149.8,True,fridge,0.5255304350419996
37145.0,37154.8,True,fridge,0.525531453674187
37150.0,37159.8,True,fridge,0.5255314551163176
37155.0,37164.8,True,fridge,0.5110904888200059
37160.0,37169.8,True,fridge,0.5110905367188658
37165.0,37174.8,True,fridge,0.5254328541973219
37170.0,37179.8,True,fridge,0.5216430900447204
37175.0,37184.8,True,fridge,0.5288431136829608
37180.0,37189.8,True,fridge,0.5255304640242658
37185.0,37194.8,True,fridge,0.5255304482216796
37190.0,37199.8,True,fridge,0.5216348188651866
37195.0,37204.8,True,fridge,0.5254328543335396
37200.0,37209.8,True,fridge,0.5254324581195755
37205.0,37214.8,True,fridge,0.5216351878995709
37210.0,37219.8,True,fridge,0.5255304614888785
37215.0,37224.8,True,fridge,0.5255304360601988
37220.0,37229.8,True,fridge,0.5255314552104589
37225.0,37234.8,True,fridge,0.5255304614888785
37230.0,37239.8,True,fridge,0.5110902374607885
37235.0,37244.8,True,fridge,0.5110902374423293
37240.0,37249.8,True,fridge,0.5215922422523895
37245.0,37254.8,True,fridge,0.5254324595413857
37250.0,37259.8,True,fridge,0.5254324665230973
37255.0,37264.8,True,fridge,0.525432442302277
37260.0,37269.8,True,fridge,0.5255304346384172
37265.0,37274.8,True,fridge,0.5254328543335396
37270.0,37279.8,True,fridge,0.5216348188651866
37275.0,37284.8,True,fridge,0.5254328685957332
37280.0,37289.8,True,fridge,0.5254328542371783
37285.0,37294.8,True,fridge,0.5100711996833881
37290.0,37299.8,True,fridge,0.5091241564120648
37295.0,37304.8,True,fridge,0.52895039086965
37300.0,37309.8,True,fridge,0.5255304346312218
37305.0,37314.8,True,fridge,0.525530465392692
37310.0,37319.8,True,fridge,0.5289410622301158
37315.0,37324.8,True,fridge,0.5215922394204284
37320.0,37329.8,True,fridge,0.5255304613765903
37325.0,37334.8,True,fridge,0.5255304614888785
37330.0,37339.8,True,fridge,0.5254324408217783
37335.0,37344.8,True,fridge,0.5289420635676201
37340.0,37349.8,True,fridge,0.5254328671739462
37345.0,37354.8,True,fridge,0.5255304613765903
37350.0,37359.8,True,fridge,0.525530422902131
37355.0,37364.8,True,fridge,0.5255304641265711
37360.0,37369.8,True,fridge,0.5255304640242658
37365.0,37374.8,True,fridge,0.5254328542371783
37370.0,37379.8,True,fridge,0.5254324581195755
37375.0,37384.8,True,fridge,0.5254324424227864
37380.0,37389.8,True,fridge,0.528843550102553
37385.0,37394.8,True,fridge,0.5254328681250627
37390.0,37399.8,True,fridge,0.511090536737325
37395.0,37404.8,True,fridge,0.511090536737325
37400.0,37409.8,True,fridge,0.5254328755433447
37405.0,37414.8,True,fridge,0.5254328883533093
37410.0,37419.8,True,fridge,0.5254328671739462
37415.0,37424.8,True,fridge,0.5255304228622755
37420.0,37429.8,True,fridge,0.5254328556589652
37425.0,37434.8,True,fridge,0.525530462566124
37430.0,37439.8,True,fridge,0.5255304482216796
37435.0,37444.8,True,fridge,0.5255314657707402
37440.0,37449.8,True,fridge,0.525432868448583
37445.0,37454.8,True,fridge,0.5216347689502067
37450.0,37459.8,True,fridge,0.525530436092859
37455.0,37464.8,True,fridge,0.5255314551358277
37460.0,37469.8,True,fridge,0.5255304485889756
37465.0,37474.8,True,fridge,0.5132763292367216
37470.0,37479.8,True,fridge,0.5100711996833881
37475.0,37484.8,True,fridge,0.5216348188651866
37480.0,37489.8,True,fridge,0.5249877983182307
37485.0,37494.8,True,fridge,0.510071151957028
37490.0,37499.8,True,fridge,0.5100711996650024
37495.0,37504.8,True,fridge,0.525530422902131
37500.0,37509.8,True,fridge,0.5254324686955197
37505.0,37514.8,True,fridge,0.5254328670267958
37510.0,37519.8,True,fridge,0.5100711996833881
37515.0,37524.8,True,fridge,0.5100711996833881
37520.0,37529.8,True,fridge,0.5143085809270251
37525.0,37534.8,True,fridge,0.5215922394204284
37530.0,37539.8,True,fridge,0.5255304640242658
37535.0,37544.8,True,fridge,0.5254324866671244
37540.0,37549.8,True,fridge,0.5255304627780262
37545.0,37554.8,True,fridge,0.5255314551358277
37550.0,37559.8,True,fridge,0.5255314551901151
37555.0,37564.8,True,fridge,0.5254324437240873
37560.0,37569.8,True,fridge,0.5254328695468498
37565.0,37574.8,True,fridge,0.5215922408215065
37570.0,37579.8,True,fridge,0.5254328669869394
37575.0,37584.8,True,fridge,0.5254328543131936
37580.0,37589.8,True,fridge,0.525432442302277
37585.0,37594.8,True,fridge,0.5254324408412887
37590.0,37599.8,True,fridge,0.5110902374607885
37595.0,37604.8,True,fridge,0.5254328543335396
37600.0,37609.8,True,fridge,0.5215922394204284
37605.0,37614.8,True,fridge,0.5255304625821385
37610.0,37619.8,True,fridge,0.5255304485889756
37615.0,37624.8,True,fridge,0.5255304641265711
37620.0,37629.8,True,fridge,0.5255304639709103
37625.0,37634.8,True,fridge,0.5254324669893052
37630.0,37639.8,True,fridge,0.5255314551115382
37635.0,37644.8,True,fridge,0.5255314643286094
37640.0,37649.8,True,fridge,0.5100283696206148
37645.0,37654.8,True,fridge,0.9999986383872134
37650.0,37659.8,True,fridge,0.9999366145902397
37655.0,37664.8,True,synchronous,0.40357812438809615
37660.0,37669.8,True,synchronous,0.4028083721069607
37665.0,37674.8,True,synchronous,0.41196106481905054
37670.0,37679.8,True,synchronous,0.4119610634805687
37675.0,37684.8,True,synchronous,0.4119610606814511
37680.0,37689.8,True,synchronous,0.4119610641815635
37685.0,37694.8,True,synchronous,0.4028088683818183
37690.0,37699.8,True,synchronous,0.41196106351162387
37695.0,37704.8,True,synchronous,0.4128064910146518
37700.0,37709.8,True,synchronous,0.4128064889259519
37705.0,37714.8,True,synchronous,0.41280650113617884
37710.0,37719.8,True,synchronous,0.4095781234026263
37715.0,37724.8,True,synchronous,0.4095920314047777
37720.0,37729.8,True,synchronous,0.40959216905104157
37725.0,37734.8,True,synchronous,0.4019912183054891
37730.0,37739.8,True,synchronous,0.411961003312356
37735.0,37744.8,True,synchronous,0.4095921725727344
37740.0,37749.8,True,synchronous,0.4094464127904288
37745.0,37754.8,True,synchronous,0.4128064888565498
37750.0,37759.8,True,synchronous,0.4095921696022254
37755.0,37764.8,True,synchronous,0.402832282833769
37760.0,37769.8,True,synchronous,0.40959217360272826
37765.0,37774.8,True,synchronous,0.4095781062253955
37770.0,37779.8,True,synchronous,0.4119610439195654
37775.0,37784.8,True,synchronous,0.4119610596807117
37780.0,37789.8,True,synchronous,0.401534503347484
37785.0,37794.8,True,synchronous,0.4041769862437148
37790.0,37799.8,True,synchronous,0.9783432129510911
37795.0,37804.8,True,synchronous,0.9783433289711224
37800.0,37809.8,True,synchronous,0.9783433289711224
37805.0,37814.8,True,synchronous,0.9783432136949349
37810.0,37819.8,True,synchronous,0.9784179076115285
37815.0,37824.8,True,synchronous,0.9781193316820436
37820.0,37829.8,True,synchronous,0.9781410158188923
37825.0,37834.8,True,synchronous,0.9784179067047958
37830.0,37839.8,True,synchronous,0.9781193311160445
37835.0,37844.8,True,synchronous,0.9775248551832318
37840.0,37849.8,True,synchronous,0.9781410158188923
37845.0,37854.8,True,synchronous,0.9783433289711224
37850.0,37859.8,True,synchronous,0.97834321312059
37855.0,37864.8,True,synchronous,0.97752724213771
37860.0,37869.8,True,synchronous,0.9774493957274424
37865.0,37874.8,True,synchronous,0.97752724213771
37870.0,37879.8,True,synchronous,0.9781411534802888
37875.0,37884.8,True,synchronous,0.9783432136873087
37880.0,37889.8,True,synchronous,0.9783432144026054
37885.0,37894.8,True,synchronous,0.978417906735775
37890.0,37899.8,True,synchronous,0.9775248551832318
37895.0,37904.8,True,synchronous,0.9784179069062316
37900.0,37909.8,True,synchronous,0.9783433289711224
37905.0,37914.8,True,synchronous,0.9783432131084734
37910.0,37919.8,True,synchronous,0.9783432134324085
37915.0,37924.8,True,synchronous,0.9781411546069586
37920.0,37929.8,True,synchronous,0.9781410158188923
37925.0,37934.8,True,synchronous,0.9783432140818541
37930.0,37939.8,True,synchronous,0.9783433289790452
37935.0,37944.8,True,synchronous,0.9783432131158016
37940.0,37949.8,True,synchronous,0.9783432143782049
37945.0,37954.8,True,synchronous,0.9781193316820436
37950.0,37959.8,True,synchronous,0.9781416049571271
37955.0,37964.8,True,synchronous,0.9781410158188923
37960.0,37969.8,True,synchronous,0.9783433289790452
37965.0,37974.8,True,synchronous,0.9783432134473835
37970.0,37979.8,True,synchronous,0.9774493957274424
37975.0,37984.8,True,synchronous,0.9781416047008621
37980.0,37989.8,True,synchronous,0.9783432131885351
37985.0,37994.8,True,synchronous,0.9783432131158016
37990.0,37999.8,True,synchronous,0.9783432131158016
37995.0,38004.8,True,synchronous,0.97834321312059
38000.0,38009.8,True,synchronous,0.9783432132007768
38005.0,38014.8,True,synchronous,0.9783432134324085
38010.0,38019.8,True,synchronous,0.9781416049571271
38015.0,38024.8,True,synchronous,0.9781411546069586
38020.0,38029.8,True,synchronous,0.9775248551832318
38025.0,38034.8,True,synchronous,0.9774493957356412
38030.0,38039.8,True,synchronous,0.9774493957274424
38035.0,38044.8,True,synchronous,0.9781411546069586
38040.0,38049.8,True,synchronous,0.9783432139834988
38045.0,38054.8,True,synchronous,0.9783432134473835
38050.0,38059.8,True,synchronous,0.9783432139834988
38055.0,38064.8,True,synchronous,0.9783433289790452
38060.0,38069.8,True,synchronous,0.9784179074516809
38065.0,38074.8,True,synchronous,0.9783432139932775
38070.0,38079.8,True,synchronous,0.9784179069062316
38075.0,38084.8,True,synchronous,0.9781411534802888
38080.0,38089.8,True,synchronous,0.9784179076115285
38085.0,38094.8,True,synchronous,0.9774493957274424
38090.0,38099.8,True,synchronous,0.9774493957356412
38095.0,38104.8,True,synchronous,0.9774493957274424
38100.0,38109.8,True,synchronous,0.9784179074516809
38105.0,38114.8,True,synchronous,0.9783432144539104
38110.0,38119.8,True,synchronous,0.9781193316820436
38115.0,38124.8,True,synchronous,0.9783432131885351
38120.0,38129.8,True,synchronous,0.9783433289711224
38125.0,38134.8,True,synchronous,0.9783432134324085
38130.0,38139.8,True,synchronous,0.9783432144539104
38135.0,38144.8,True,synchronous,0.9783432143782049
38140.0,38149.8,True,synchronous,0.9784179075938118
38145.0,38154.8,True,synchronous,0.9783432136873087
38150.0,38159.8,True,synchronous,0.9781410158188923
38155.0,38164.8,True,synchronous,0.9775248551832318
38160.0,38169.8,True,synchronous,0.9781193311160445
38165.0,38174.8,True,synchronous,0.9783432137817571
38170.0,38179.8,True,synchronous,0.9784179076115285
38175.0,38184.8,True,synchronous,0.9781411546069586
38180.0,38189.8,True,synchronous,0.9784179075938118
38185.0,38194.8,True,synchronous,0.9781410158188923
38190.0,38199.8,True,synchronous,0.9781416047008621
38195.0,38204.8,True,synchronous,0.9784179075938118
38200.0,38209.8,True,synchronous,0.9774493957274424
38205.0,38214.8,True,synchronous,0.9774493957274424
38210.0,38219.8,True,synchronous,0.9781416047008621
38215.0,38224.8,True,synchronous,0.9781411546069586
38220.0,38229.8,True,synchronous,0.9781411546069586
38225.0,38234.8,True,synchronous,0.9783432131158016
38230.0,38239.8,True,synchronous,0.9783432132007768
38235.0,38244.8,True,synchronous,0.9781193316820436
38240.0,38249.8,True,synchronous,0.9781193311160445
38245.0,38254.8,True,synchronous,0.9783432131158016
38250.0,38259.8,True,synchronous,0.97834321312059
38255.0,38264.8,True,synchronous,0.9783432134324085
38260.0,38269.8,True,synchronous,0.9783432131158016
38265.0,38274.8,True,synchronous,0.9783432149697696
38270.0,38279.8,True,synchronous,0.9775248551832318
38275.0,38284.8,True,synchronous,0.9784179074516809
38280.0,38289.8,True,synchronous,0.9784179074516809
38285.0,38294.8,True,synchronous,0.9783432144539104
38290.0,38299.8,True,synchronous,0.9783432131885351
38295.0,38304.8,True,synchronous,0.9783432136873087
38300.0,38309.8,True,synchronous,0.9784179076115285
38305.0,38314.8,True,synchronous,0.9783432131885351
38310.0,38319.8,True,synchronous,0.9781410158188923
38315.0,38324.8,True,synchronous,0.9784179067047958
38320.0,38329.8,True,synchronous,0.9784179067047958
38325.0,38334.8,True,synchronous,0.9781411534802888
38330.0,38339.8,True,synchronous,0.9781411546069586
38335.0,38344.8,True,synchronous,0.9783432134473835
38340.0,38349.8,True,synchronous,0.9783432131158016
38345.0,38354.8,True,synchronous,0.9783432139932775
38350.0,38359.8,True,synchronous,0.9783432143782049
38355.0,38364.8,True,synchronous,0.9783432139834988
38360.0,38369.8,True,synchronous,0.9784179074516809
38365.0,38374.8,True,synchronous,0.9781193316820436
38370.0,38379.8,True,synchronous,0.9784179067047958
38375.0,38384.8,True,synchronous,0.9783432139932775
38380.0,38389.8,True,synchronous,0.9784179067047958
38385.0,38394.8,True,synchronous,0.9783432134324085
38390.0,38399.8,True,synchronous,0.9784179074516809
38395.0,38404.8,True,synchronous,0.9783432131158016
38400.0,38409.8,True,synchronous,0.9783432143782049
38405.0,38414.8,True,synchronous,0.97752724213771
38410.0,38419.8,True,synchronous,0.9781410158188923
38415.0,38424.8,True,synchronous,0.9781411546069586
38420.0,38429.8,True,synchronous,0.978417906735775
38425.0,38434.8,True,synchronous,0.9783432143782049
38430.0,38439.8,True,synchronous,0.9781193311160445
38435.0,38444.8,True,synchronous,0.9783432144539104
38440.0,38449.8,True,synchronous,0.9781410158188923
38445.0,38454.8,True,synchronous,0.9783432140713664
38450.0,38459.8,True,synchronous,0.9783432131158016
38455.0,38464.8,True,synchronous,0.9783432131084734
38460.0,38469.8,True,synchronous,0.9781416049571271
38465.0,38474.8,True,synchronous,0.9781416047008621
38470.0,38479.8,True,synchronous,0.9784179076115285
38475.0,38484.8,True,synchronous,0.978417906735775
38480.0,38489.8,True,synchronous,0.9784179076115285
38485.0,38494.8,True,synchronous,0.9783433289742951
38490.0,38499.8,True,synchronous,0.9783433289790452
38495.0,38504.8,True,synchronous,0.9783432134324085
38500.0,38509.8,True,synchronous,0.9781411546069586
38505.0,38514.8,True,synchronous,0.9783432139932775
38510.0,38519.8,True,synchronous,0.9781411534802888
38515.0,38524.8,True,synchronous,0.9781410158188923
38520.0,38529.8,True,synchronous,0.978141015992984
38525.0,38534.8,True,synchronous,0.9781410158188923
38530.0,38539.8,True,synchronous,0.9774493957274424
38535.0,38544.8,True,synchronous,0.9781411534802888
38540.0,38549.8,True,synchronous,0.9781193316820436
38545.0,38554.8,True,synchronous,0.9781411546069586
38550.0,38559.8,True,synchronous,0.9783433289790452
38555.0,38564.8,True,synchronous,0.9783432144026054
38560.0,38569.8,True,synchronous,0.9784179074516809
38565.0,38574.8,True,synchronous,0.9781193311160445
38570.0,38579.8,True,synchronous,0.9781193316820436
38575.0,38584.8,True,synchronous,0.9783432131885351
38580.0,38589.8,True,synchronous,0.9783432137817571
38585.0,38594.8,True,synchronous,0.9783432143782049
38590.0,38599.8,True,synchronous,0.9783432131158016
38595.0,38604.8,True,synchronous,0.9783432136873087
38600.0,38609.8,True,synchronous,0.9783432134324085
38605.0,38614.8,True,synchronous,0.9783432134324085
38610.0,38619.8,True,synchronous,0.9783432132007768
38615.0,38624.8,True,synchronous,0.9784179075938118
38620.0,38629.8,True,synchronous,0.9783432149697696
38625.0,38634.8,True,synchronous,0.9783432129510911
38630.0,38639.8,True,synchronous,0.9783432136873087
38635.0,38644.8,True,synchronous,0.9783432137817571
38640.0,38649.8,True,synchronous,0.9783432134324085
38645.0,38654.8,True,synchronous,0.9783432137817571
38650.0,38659.8,True,synchronous,0.9783432144026054
38655.0,38664.8,True,synchronous,0.9784179069062316
38660.0,38669.8,True,synchronous,0.9781416047008621
38665.0,38674.8,True,synchronous,0.9783432143782049
38670.0,38679.8,True,synchronous,0.9774493957274424
38675.0,38684.8,True,synchronous,0.97752724213771
38680.0,38689.8,True,synchronous,0.978417906735775
38685.0,38694.8,True,synchronous,0.9783432144539104
38690.0,38699.8,True,synchronous,0.97834321312059
38695.0,38704.8,True,synchronous,0.9783433289742951
38700.0,38709.8,True,synchronous,0.9781193311160445
38705.0,38714.8,True,synchronous,0.9781193316820436
38710.0,38719.8,True,synchronous,0.9783432149697696
38715.0,38724.8,True,synchronous,0.9784179074516809
38720.0,38729.8,True,synchronous,0.9783432143782049
38725.0,38734.8,True,synchronous,0.9783432131084734
38730.0,38739.8,True,synchronous,0.9783432132007768
38735.0,38744.8,True,synchronous,0.9783432139834988
38740.0,38749.8,True,synchronous,0.9781193316820436
38745.0,38754.8,True,synchronous,0.9775249003607815
38750.0,38759.8,True,synchronous,0.9781410158188923
38755.0,38764.8,True,synchronous,0.9783432144539104
38760.0,38769.8,True,synchronous,0.9774493957274424
38765.0,38774.8,True,synchronous,0.9774493957274424
38770.0,38779.8,True,synchronous,0.9783433289655941
38775.0,38784.8,True,synchronous,0.9783433289742951
38780.0,38789.8,True,synchronous,0.9783432140713664
38785.0,38794.8,True,synchronous,0.9783432132007768
38790.0,38799.8,True,synchronous,0.9783432134324085
38795.0,38804.8,True,synchronous,0.9783432134324085
38800.0,38809.8,True,synchronous,0.9783433289790452
38805.0,38814.8,True,synchronous,0.9781410158188923
38810.0,38819.8,True,synchronous,0.9781193316820436
38815.0,38824.8,True,synchronous,0.9784179069062316
38820.0,38829.8,True,synchronous,0.978417906735775
38825.0,38834.8,True,synchronous,0.9781411534802888
38830.0,38839.8,True,synchronous,0.9775249003607815
38835.0,38844.8,True,synchronous,0.9783432143782049
38840.0,38849.8,True,synchronous,0.9783433289790452
38845.0,38854.8,True,synchronous,0.9783432131158016
38850.0,38859.8,True,synchronous,0.9783432129510911
38855.0,38864.8,True,synchronous,0.9783432139932775
38860.0,38869.8,True,synchronous,0.9783432131885351
38865.0,38874.8,True,synchronous,0.9783432134324085
38870.0,38879.8,True,synchronous,0.9774493957274424
38875.0,38884.8,True,synchronous,0.9774493957274424
38880.0,38889.8,True,synchronous,0.9784179069062316
38885.0,38894.8,True,synchronous,0.9783432143782049
38890.0,38899.8,True,synchronous,0.9783432134324085
38895.0,38904.8,True,synchronous,0.9783432131158016
38900.0,38909.8,True,synchronous,0.9783432139932775
38905.0,38914.8,True,synchronous,0.9781411546069586
38910.0,38919.8,True,synchronous,0.9775249003607815
38915.0,38924.8,True,synchronous,0.9783432136949349
38920.0,38929.8,True,synchronous,0.9784179069062316
38925.0,38934.8,True,synchronous,0.9775248551832318
38930.0,38939.8,True,synchronous,0.9781416049571271
38935.0,38944.8,True,synchronous,0.9784179069062316
38940.0,38949.8,True,synchronous,0.97834321312059
38945.0,38954.8,True,synchronous,0.9783433289790452
38950.0,38959.8,True,synchronous,0.9783433289790452
38955.0,38964.8,True,synchronous,0.9783432131084734
38960.0,38969.8,True,synchronous,0.9783432134324085
38965.0,38974.8,True,synchronous,0.9783432131885351
38970.0,38979.8,True,synchronous,0.9783432131084734
38975.0,38984.8,True,synchronous,0.9783432137817571
38980.0,38989.8,True,synchronous,0.9783432143782049
38985.0,38994.8,True,synchronous,0.9783432132007768
38990.0,38999.8,True,synchronous,0.9783433289655941
38995.0,39004.8,True,synchronous,0.9783432139834988
39000.0,39009.8,True,synchronous,0.9783432134324085
39005.0,39014.8,True,synchronous,0.9783432132007768
39010.0,39019.8,True,synchronous,0.9774493957274424
39015.0,39024.8,True,synchronous,0.9774493957274424
39020.0,39029.8,True,synchronous,0.9784179076115285
39025.0,39034.8,True,synchronous,0.9783432136873087
39030.0,39039.8,True,synchronous,0.9783432144214189
39035.0,39044.8,True,synchronous,0.9783432139834988
39040.0,39049.8,True,synchronous,0.9783432140713664
39045.0,39054.8,True,synchronous,0.9781411546069586
39050.0,39059.8,True,synchronous,0.9781193316820436
39055.0,39064.8,True,synchronous,0.9781193311160445
39060.0,39069.8,True,synchronous,0.9784179075938118
39065.0,39074.8,True,synchronous,0.9783432131158016
39070.0,39079.8,True,synchronous,0.97834321312059
39075.0,39084.8,True,synchronous,0.9781193311160445
39080.0,39089.8,True,synchronous,0.9784179067047958
39085.0,39094.8,True,synchronous,0.9784179067047958
39090.0,39099.8,True,synchronous,0.9783433289790452
39095.0,39104.8,True,synchronous,0.9783432136873087
39100.0,39109.8,True,synchronous,0.9784179067047958
39105.0,39114.8,True,synchronous,0.9781411534802888
39110.0,39119.8,True,synchronous,0.9783432144026054
39115.0,39124.8,True,synchronous,0.9781416047008621
39120.0,39129.8,True,synchronous,0.9775249003607815
39125.0,39134.8,True,synchronous,0.9775248551832318
39130.0,39139.8,True,synchronous,0.9783432144539104
39135.0,39144.8,True,synchronous,0.9783432132007768
39140.0,39149.8,True,synchronous,0.9783432134324085
39145.0,39154.8,True,synchronous,0.9783432131084734
39150.0,39159.8,True,synchronous,0.9783433289711224
39155.0,39164.8,True,synchronous,0.9783432132007768
39160.0,39169.8,True,synchronous,0.9781411534802888
39165.0,39174.8,True,synchronous,0.9783432140818541
39170.0,39179.8,True,synchronous,0.9783432149697696
39175.0,39184.8,True,synchronous,0.9783432134473835
39180.0,39189.8,True,synchronous,0.9783433289790452
39185.0,39194.8,True,synchronous,0.9784179074516809
39190.0,39199.8,True,synchronous,0.9783432144214189
39195.0,39204.8,True,synchronous,0.9783432132007768
39200.0,39209.8,True,synchronous,0.978417906735775
39205.0,39214.8,True,synchronous,0.9784179067047958
39210.0,39219.8,True,synchronous,0.9775248551832318
39215.0,39224.8,True,synchronous,0.9783432134324085
39220.0,39229.8,True,synchronous,0.9783432140818541
39225.0,39234.8,True,synchronous,0.9781411534802888
39230.0,39239.8,True,synchronous,0.978141015992984
39235.0,39244.8,True,synchronous,0.978141015992984
39240.0,39249.8,True,synchronous,0.9783432149697696
39245.0,39254.8,True,synchronous,0.9783432144539104
39250.0,39259.8,True,synchronous,0.9784179069062316
39255.0,39264.8,True,synchronous,0.9783432134324085
39260.0,39269.8,True,synchronous,0.9783432134324085
39265.0,39274.8,True,synchronous,0.9775248551832318
39270.0,39279.8,True,synchronous,0.9784179067047958
39275.0,39284.8,True,synchronous,0.9781416047008621
39280.0,39289.8,True,synchronous,0.9774493957274424
39285.0,39294.8,True,synchronous,0.9783432143782049
39290.0,39299.8,True,synchronous,0.9784179075938118
39295.0,39304.8,True,synchronous,0.9783432144539104
39300.0,39309.8,True,synchronous,0.9784179075938118
39305.0,39314.8,True,synchronous,0.9781193311160445
39310.0,39319.8,True,synchronous,0.9781411546069586
39315.0,39324.8,True,synchronous,0.9783432139932775
39320.0,39329.8,True,synchronous,0.9781411534802888
39325.0,39334.8,True,synchronous,0.9781411546069586
39330.0,39339.8,True,synchronous,0.9783432143782049
39335.0,39344.8,True,synchronous,0.9783432134324085
39340.0,39349.8,True,synchronous,0.9783432131885351
39345.0,39354.8,True,synchronous,0.9783432134473835
39350.0,39359.8,True,synchronous,0.9783432140818541
39355.0,39364.8,True,synchronous,0.9783432137817571
39360.0,39369.8,True,synchronous,0.9783432131885351
39365.0,39374.8,True,synchronous,0.9783432134324085
39370.0,39379.8,True,synchronous,0.9783432131158016
39375.0,39384.8,True,synchronous,0.9783432143782049
39380.0,39389.8,True,synchronous,0.97834321312059
39385.0,39394.8,True,synchronous,0.9783433289790452
39390.0,39399.8,True,synchronous,0.9783432136949349
39395.0,39404.8,True,synchronous,0.97752724213771
39400.0,39409.8,True,synchronous,0.9774493957274424
39405.0,39414.8,True,synchronous,0.9775249003607815
39410.0,39419.8,True,synchronous,0.9775249003607815
39415.0,39424.8,True,synchronous,0.9775248551832318
39420.0,39429.8,True,synchronous,0.9784179075938118
39425.0,39434.8,True,synchronous,0.9783432144214189
39430.0,39439.8,True,synchronous,0.9784179076115285
39435.0,39444.8,True,synchronous,0.9781193316820436
39440.0,39449.8,True,synchronous,0.9781410158188923
39445.0,39454.8,True,synchronous,0.9784179067047958
39450.0,39459.8,True,synchronous,0.9783432139932775
39455.0,39464.8,True,synchronous,0.9774493957274424
39460.0,39469.8,True,synchronous,0.9775249003607815
39465.0,39474.8,True,synchronous,0.9783432139834988
39470.0,39479.8,True,synchronous,0.9783432136873087
39475.0,39484.8,True,synchronous,0.9783432144539104
39480.0,39489.8,True,synchronous,0.9783432139932775
39485.0,39494.8,True,synchronous,0.9784179076115285
39490.0,39499.8,True,synchronous,0.978417906735775
39495.0,39504.8,True,synchronous,0.9783432134324085
39500.0,39509.8,True,synchronous,0.9783432140713664
39505.0,39514.8,True,synchronous,0.9781410158188923
39510.0,39519.8,True,synchronous,0.9775248551832318
39515.0,39524.8,True,synchronous,0.97752724213771
39520.0,39529.8,True,synchronous,0.9774493957274424
39525.0,39534.8,True,synchronous,0.9774493957274424
39530.0,39539.8,True,synchronous,0.9775248551832318
39535.0,39544.8,True,synchronous,0.9781411546069586
39540.0,39549.8,True,synchronous,0.9781411546069586
39545.0,39554.8,True,synchronous,0.9775249003607815
39550.0,39559.8,True,synchronous,0.9783432143782049
39555.0,39564.8,True,synchronous,0.9783432134324085
39560.0,39569.8,True,synchronous,0.9781416047008621
39565.0,39574.8,True,synchronous,0.9781193311160445
39570.0,39579.8,True,synchronous,0.9783432143782049
39575.0,39584.8,True,synchronous,0.9775249003607815
39580.0,39589.8,True,synchronous,0.97752724213771
39585.0,39594.8,True,synchronous,0.978141015992984
39590.0,39599.8,True,synchronous,0.9781410158188923
39595.0,39604.8,True,synchronous,0.978417906735775
39600.0,39609.8,True,synchronous,0.9784179067047958
39605.0,39614.8,True,synchronous,0.9775249003607815
39610.0,39619.8,True,synchronous,0.97752724213771
39615.0,39624.8,True,synchronous,0.9775248551832318
39620.0,39629.8,True,synchronous,0.9774493957274424
39625.0,39634.8,True,synchronous,0.9774493957274424
39630.0,39639.8,True,synchronous,0.9784179076115285
39635.0,39644.8,True,synchronous,0.9783432131158016
39640.0,39649.8,True,synchronous,0.9775248551832318
39645.0,39654.8,True,synchronous,0.9775248551832318
39650.0,39659.8,True,synchronous,0.9783432129510911
39655.0,39664.8,True,synchronous,0.9783432131084734
39660.0,39669.8,True,synchronous,0.9783432144026054
39665.0,39674.8,True,synchronous,0.9775248551832318
39670.0,39679.8,True,synchronous,0.9783432134473835
39675.0,39684.8,True,synchronous,0.9781193311160445
39680.0,39689.8,True,synchronous,0.9783432140713664
39685.0,39694.8,True,synchronous,0.9783432131885351
39690.0,39699.8,True,synchronous,0.9781193311160445
39695.0,39704.8,True,synchronous,0.97752724213771
39700.0,39709.8,True,synchronous,0.9781411534802888
39705.0,39714.8,True,synchronous,0.9783432144214189
39710.0,39719.8,True,synchronous,0.9783432144026054
39715.0,39724.8,True,synchronous,0.9783432134473835
39720.0,39729.8,True,synchronous,0.9783432134473835
39725.0,39734.8,True,synchronous,0.9784179074516809
39730.0,39739.8,True,synchronous,0.9783432131158016
39735.0,39744.8,True,synchronous,0.9783433289655941
39740.0,39749.8,True,synchronous,0.9783432149697696
39745.0,39754.8,True,synchronous,0.9784179074516809
39750.0,39759.8,True,synchronous,0.9784179074516809
39755.0,39764.8,True,synchronous,0.9783432134324085
39760.0,39769.8,True,synchronous,0.9783433289711224
39765.0,39774.8,True,synchronous,0.9783432131885351
39770.0,39779.8,True,synchronous,0.9783432132007768
39775.0,39784.8,True,synchronous,0.9774493957274424
39780.0,39789.8,True,synchronous,0.97752724213771
39785.0,39794.8,True,synchronous,0.9774223430076653
39790.0,39799.8,True,synchronous,0.4022678221029135
39795.0,39804.8,True,synchronous,0.4119610725009241
39800.0,39809.8,True,synchronous,0.41196108763964434
39805.0,39814.8,True,synchronous,0.4119624565247504
39810.0,39819.8,True,synchronous,0.4119610252630916
39815.0,39824.8,True,synchronous,0.4095781234026263
39820.0,39829.8,True,synchronous,0.4095921720236484
39825.0,39834.8,True,synchronous,0.40959216905104157
39830.0,39839.8,True,synchronous,0.40199121765981
39835.0,39844.8,True,synchronous,0.4019912183054891
39840.0,39849.8,True,synchronous,0.4019912182192708
39845.0,39854.8,True,synchronous,0.4119610706970225
39850.0,39859.8,True,synchronous,0.4028088646285676
39855.0,39864.8,True,synchronous,0.4028088720248038
39860.0,39869.8,True,synchronous,0.40959202490796065
39865.0,39874.8,True,synchronous,0.411961056855642
39870.0,39879.8,True,synchronous,0.4119610877224383
39875.0,39884.8,True,synchronous,0.4119624610673742
39880.0,39889.8,True,synchronous,0.4119610725009241
39885.0,39894.8,True,synchronous,0.4119610726392343
39890.0,39899.8,True,synchronous,0.4119610485378457
39895.0,39904.8,True,synchronous,0.41196106424162493
39900.0,39909.8,True,synchronous,0.4119610307878434
39905.0,39914.8,True,synchronous,0.411961056855642
39910.0,39919.8,True,synchronous,0.4119610677503723
39915.0,39924.8,True,synchronous,0.41196107700177587
39920.0,39929.8,True,synchronous,0.41280650723192375
39925.0,39934.8,True,synchronous,0.40959202490796065
39930.0,39939.8,True,synchronous,0.4119610203003429
39935.0,39944.8,True,synchronous,0.41280649044706935
39940.0,39949.8,True,synchronous,0.4095781062253955
39945.0,39954.8,True,synchronous,0.41280650113617884
39950.0,39959.8,True,synchronous,0.4094463955950964
39955.0,39964.8,True,synchronous,0.40199121694001144
39960.0,39969.8,True,synchronous,0.4119624564103406
39965.0,39974.8,True,synchronous,0.4119610726392343
39970.0,39979.8,True,synchronous,0.41196245656649305
39975.0,39984.8,True,synchronous,0.41196102076223967
39980.0,39989.8,True,synchronous,0.4119610606814511
39985.0,39994.8,True,synchronous,0.4119610613564936
39990.0,39999.8,True,synchronous,0.41196106835892615
39995.0,40004.8,True,synchronous,0.41196106835892615
40000.0,40009.8,True,synchronous,0.4119624571738223
40005.0,40014.8,True,synchronous,0.4019912139227597
40010.0,40019.8,True,synchronous,0.40199122123652253
40015.0,40024.8,True,synchronous,0.41196106424162493
40020.0,40029.8,True,synchronous,0.41280649044706935
40025.0,40034.8,True,synchronous,0.4028088683818183
40030.0,40039.8,True,synchronous,0.4028088683808038
40035.0,40044.8,True,synchronous,0.41196107168473906
40040.0,40049.8,True,synchronous,0.4119610613564936
40045.0,40054.8,True,synchronous,0.4119610071274069
40050.0,40059.8,True,synchronous,0.4119610440380551
40055.0,40064.8,True,synchronous,0.4128064859854901
40060.0,40069.8,True,synchronous,0.4095921725727344
40065.0,40074.8,True,synchronous,0.40959202685315566
40070.0,40079.8,True,synchronous,0.41280650300330174
40075.0,40084.8,True,synchronous,0.4095921690520905
40080.0,40089.8,True,synchronous,0.40959202490796065
40085.0,40094.8,True,synchronous,0.4128064889259519
40090.0,40099.8,True,synchronous,0.4095920249090096
40095.0,40104.8,True,synchronous,0.40280836897960004
40100.0,40109.8,True,synchronous,0.41280650326745927
40105.0,40114.8,True,synchronous,0.4094464191293037
40110.0,40119.8,True,synchronous,0.41196107700177587
40115.0,40124.8,True,synchronous,0.4028088720248038
40120.0,40129.8,True,synchronous,0.40283228283478356
40125.0,40134.8,True,synchronous,0.41196102076330077
40130.0,40139.8,True,synchronous,0.4119624610256316
40135.0,40144.8,True,synchronous,0.41196107975333335
40140.0,40149.8,True,synchronous,0.4028083689785856
40145.0,40154.8,True,synchronous,0.4128064863747174
40150.0,40159.8,True,synchronous,0.41196107700177587
40155.0,40164.8,True,synchronous,0.4119624570912386
40160.0,40169.8,True,synchronous,0.41196105893764784
40165.0,40174.8,True,synchronous,0.4119610725009241
40170.0,40179.8,True,synchronous,0.41196104464554784
40175.0,40184.8,True,synchronous,0.41280650276927894
40180.0,40189.8,True,synchronous,0.411961056855642
40185.0,40194.8,True,synchronous,0.4119610026265549
40190.0,40199.8,True,synchronous,0.40199121765981
40195.0,40204.8,True,synchronous,0.40199121794498105
40200.0,40209.8,True,synchronous,0.4119610752514205
40205.0,40214.8,True,synchronous,0.4119624416916675
40210.0,40219.8,True,synchronous,0.4119624416916675
40215.0,40224.8,True,synchronous,0.40199121765981
40220.0,40229.8,True,synchronous,0.4019912213227409
40225.0,40234.8,True,synchronous,0.4028088720248038
40230.0,40239.8,True,synchronous,0.4095921730525933
40235.0,40244.8,True,synchronous,0.41196107231422524
40240.0,40249.8,True,synchronous,0.40199122067706167
40245.0,40254.8,True,synchronous,0.4028088720248038
40250.0,40259.8,True,synchronous,0.4119610315952227
40255.0,40264.8,True,synchronous,0.4128064758087659
40260.0,40269.8,True,synchronous,0.4019912139227597
40265.0,40274.8,True,synchronous,0.402832282833769
40270.0,40279.8,True,synchronous,0.41280648655307245
40275.0,40284.8,True,synchronous,0.41280648835943506
40280.0,40289.8,True,synchronous,0.4119610725009241
40285.0,40294.8,True,synchronous,0.40283228231860346
40290.0,40299.8,True,synchronous,0.40959216905104157
40295.0,40304.8,True,synchronous,0.4119610752514205
40300.0,40309.8,True,synchronous,0.41196105555830276
40305.0,40314.8,True,synchronous,0.4119610713170537
40310.0,40319.8,True,synchronous,0.41196244619254874
40315.0,40324.8,True,synchronous,0.4119610647890563
40320.0,40329.8,True,synchronous,0.4119610177602234
40325.0,40334.8,True,synchronous,0.4095921681429214
40330.0,40339.8,True,synchronous,0.41196102076223967
40335.0,40344.8,True,synchronous,0.4119610026265549
40340.0,40349.8,True,synchronous,0.41196107168473906
40345.0,40354.8,True,synchronous,0.40957812340157734
40350.0,40359.8,True,synchronous,0.4119610752514205
40355.0,40364.8,True,synchronous,0.4119610570352369
40360.0,40369.8,True,synchronous,0.4128064883583695
40365.0,40374.8,True,synchronous,0.4094464191303519
40370.0,40379.8,True,synchronous,0.40959217202259945
40375.0,40384.8,True,synchronous,0.40957810222325985
40380.0,40389.8,True,synchronous,0.4119610597407732
40385.0,40394.8,True,synchronous,0.4119610597407732
40390.0,40399.8,True,synchronous,0.4119610168278727
40395.0,40404.8,True,synchronous,0.4095781195221611
40400.0,40409.8,True,synchronous,0.4028083678391069
40405.0,40414.8,True,synchronous,0.40959217657428626
40410.0,40419.8,True,synchronous,0.4095920308556931
40415.0,40424.8,True,synchronous,0.4119610157994912
40420.0,40429.8,True,synchronous,0.409446408903943
40425.0,40434.8,True,synchronous,0.40957812352429646
40430.0,40439.8,True,synchronous,0.4028088677569504
40435.0,40444.8,True,synchronous,0.4095920255799067
40440.0,40449.8,True,synchronous,0.41196106424162493
40445.0,40454.8,True,synchronous,0.411961056855642
40450.0,40459.8,True,synchronous,0.411961040102627
40455.0,40464.8,True,synchronous,0.411961048419356
40460.0,40469.8,True,synchronous,0.411961056855642
40465.0,40474.8,True,synchronous,0.41196106870486754
40470.0,40479.8,True,synchronous,0.411961088288923
40475.0,40484.8,True,synchronous,0.41196243775727465
40480.0,40489.8,True,synchronous,0.4119610434444513
40485.0,40494.8,True,synchronous,0.4119610169745298
40490.0,40499.8,True,synchronous,0.41196101636597593
40495.0,40504.8,True,synchronous,0.4119610223515637
40500.0,40509.8,True,synchronous,0.4119610628720147
40505.0,40514.8,True,synchronous,0.4119610797522722
40510.0,40519.8,True,synchronous,0.4095781062253955
40515.0,40524.8,True,synchronous,0.4028083689785856
40520.0,40529.8,True,synchronous,0.40959216905104157
40525.0,40534.8,True,synchronous,0.40944642367832984
40530.0,40539.8,True,synchronous,0.4128065055988236
40535.0,40544.8,True,synchronous,0.4119610725009241
40540.0,40549.8,True,synchronous,0.4119610434444513
40545.0,40554.8,True,synchronous,0.41196106856655734
40550.0,40559.8,True,synchronous,0.40959216905104157
40555.0,40564.8,True,synchronous,0.41280650326745927
40560.0,40569.8,True,synchronous,0.4128064883583695
40565.0,40574.8,True,synchronous,0.4119610439185042
40570.0,40579.8,True,synchronous,0.4119610529212752
40575.0,40584.8,True,synchronous,0.4119610597407732
40580.0,40589.8,True,synchronous,0.4119610725009241
40585.0,40594.8,True,synchronous,0.4119610752514205
40590.0,40599.8,True,synchronous,0.41196107700177587
40595.0,40604.8,True,synchronous,0.4119610597407732
40600.0,40609.8,True,synchronous,0.4119610597407732
40605.0,40614.8,True,synchronous,0.41196100934330954
40610.0,40619.8,True,synchronous,0.40959202297347996
40615.0,40624.8,True,synchronous,0.4128064863747174
40620.0,40629.8,True,synchronous,0.41196104452705823
40625.0,40634.8,True,synchronous,0.41196102296011755
40630.0,40639.8,True,synchronous,0.4095920235236134
40635.0,40644.8,True,synchronous,0.40959216960117645
40640.0,40649.8,True,synchronous,0.4028083684629601
40645.0,40654.8,True,synchronous,0.41196245660839503
40650.0,40659.8,True,synchronous,0.4119624416916675
40655.0,40664.8,True,synchronous,0.4119610882061291
40660.0,40669.8,True,synchronous,0.4119610615360886
40665.0,40674.8,True,synchronous,0.4119610797522722
40670.0,40679.8,True,synchronous,0.40280837159133515
40675.0,40684.8,True,synchronous,0.4019912182192708
40680.0,40689.8,True,synchronous,0.4028088683808038
40685.0,40694.8,True,synchronous,0.4094464127904288
40690.0,40699.8,True,synchronous,0.4095920289094491
40695.0,40704.8,True,synchronous,0.40944642312861335
40700.0,40709.8,True,synchronous,0.41196103998413736
40705.0,40714.8,True,synchronous,0.40957809834384407
40710.0,40719.8,True,synchronous,0.40944640145253225
40715.0,40724.8,True,synchronous,0.41014730080493556
40720.0,40729.8,True,synchronous,0.41196103998413736
40725.0,40734.8,True,synchronous,0.40199122067706167
40730.0,40739.8,True,synchronous,0.40199122067706167
40735.0,40744.8,True,synchronous,0.4019912182192708
40740.0,40749.8,True,synchronous,0.4028322785658841
40745.0,40754.8,True,synchronous,0.4119610275844368
40750.0,40759.8,True,synchronous,0.41196101384415945
40755.0,40764.8,True,synchronous,0.4128064859844246
40760.0,40769.8,True,synchronous,0.41196106424162493
40765.0,40774.8,True,synchronous,0.4119610700479479
40770.0,40779.8,True,synchronous,0.41196105187967014
40775.0,40784.8,True,synchronous,0.4119610485378457
40780.0,40789.8,True,synchronous,0.412806482424182
40785.0,40794.8,True,synchronous,0.41280649718564344
40790.0,40799.8,True,synchronous,0.4119624610256316
40795.0,40804.8,True,synchronous,0.4119610613564936
40800.0,40809.8,True,synchronous,0.4095781062253955
40805.0,40814.8,True,synchronous,0.4095921725727344
40810.0,40819.8,True,synchronous,0.4119610157994912
40815.0,40824.8,True,synchronous,0.412806484407834
40820.0,40829.8,True,synchronous,0.4028083647107319
40825.0,40834.8,True,synchronous,0.41196099869218794
40830.0,40839.8,True,synchronous,0.41196108582958446
40835.0,40844.8,True,synchronous,0.4119624610256316
40840.0,40849.8,True,synchronous,0.4119610568567031
40845.0,40854.8,True,synchronous,0.4119610262859305
40850.0,40859.8,True,synchronous,0.40959202685315566
40855.0,40864.8,True,synchronous,0.40150998390961473
40860.0,40869.8,True,synchronous,0.40635435991326707
40865.0,40874.8,True,synchronous,0.9781410158188923
40870.0,40879.8,True,synchronous,0.9783432131084734
40875.0,40884.8,True,synchronous,0.9783432136873087
40880.0,40889.8,True,synchronous,0.9783432144539104
40885.0,40894.8,True,synchronous,0.9783432140713664
40890.0,40899.8,True,synchronous,0.9783432137817571
40895.0,40904.8,True,synchronous,0.9784179075938118
40900.0,40909.8,True,synchronous,0.9783432140713664
40905.0,40914.8,True,synchronous,0.9783432139932775
40910.0,40919.8,True,synchronous,0.9783432134324085
40915.0,40924.8,True,synchronous,0.9783432134324085
40920.0,40929.8,True,synchronous,0.9783432134324085
40925.0,40934.8,True,synchronous,0.9783432131158016
40930.0,40939.8,True,synchronous,0.9783432131158016
40935.0,40944.8,True,synchronous,0.9783432131885351
40940.0,40949.8,True,synchronous,0.9783433289711224
40945.0,40954.8,True,synchronous,0.9783432132007768
40950.0,40959.8,True,synchronous,0.9783432143782049
40955.0,40964.8,True,synchronous,0.9783432143782049
40960.0,40969.8,True,synchronous,0.9783432144026054
40965.0,40974.8,True,synchronous,0.9783432144214189
40970.0,40979.8,True,synchronous,0.9783433289711224
40975.0,40984.8,True,synchronous,0.97834321312059
40980.0,40989.8,True,synchronous,0.9784179076115285
40985.0,40994.8,True,synchronous,0.9783432143782049
40990.0,40999.8,True,synchronous,0.9784179075938118
40995.0,41004.8,True,synchronous,0.9781411546069586
41000.0,41009.8,True,synchronous,0.9783432139834988
41005.0,41014.8,True,synchronous,0.9783432131158016
41010.0,41019.8,True,synchronous,0.97834321312059
41015.0,41024.8,True,synchronous,0.9783432139932775
41020.0,41029.8,True,synchronous,0.9783432140713664
41025.0,41034.8,True,synchronous,0.9784179075938118
41030.0,41039.8,True,synchronous,0.9783432140818541
41035.0,41044.8,True,synchronous,0.9775248551832318
41040.0,41049.8,True,synchronous,0.9781416049571271
41045.0,41054.8,True,synchronous,0.9781193311160445
41050.0,41059.8,True,synchronous,0.9783432144539104
41055.0,41064.8,True,synchronous,0.9783432132007768
41060.0,41069.8,True,synchronous,0.9781416049571271
41065.0,41074.8,True,synchronous,0.9783432149697696
41070.0,41079.8,True,synchronous,0.9783433289655941
41075.0,41084.8,True,synchronous,0.9783432131158016
41080.0,41089.8,True,synchronous,0.9783432131885351
41085.0,41094.8,True,synchronous,0.9783432139834988
41090.0,41099.8,True,synchronous,0.97752724213771
41095.0,41104.8,True,synchronous,0.9781410158188923
41100.0,41109.8,True,synchronous,0.9781416047008621
41105.0,41114.8,True,synchronous,0.978141015992984
41110.0,41119.8,True,synchronous,0.9781411546069586
41115.0,41124.8,True,synchronous,0.9781411546069586
41120.0,41129.8,True,synchronous,0.9783432134324085
41125.0,41134.8,True,synchronous,0.97834321312059
41130.0,41139.8,True,synchronous,0.9783433289711224
41135.0,41144.8,True,synchronous,0.9783432134324085
41140.0,41149.8,True,synchronous,0.9783432140713664
41145.0,41154.8,True,synchronous,0.9783432144214189
41150.0,41159.8,True,synchronous,0.9781193311160445
41155.0,41164.8,True,synchronous,0.978417906735775
41160.0,41169.8,True,synchronous,0.9781411546069586
41165.0,41174.8,True,synchronous,0.9781416047008621
41170.0,41179.8,True,synchronous,0.978417906735775
41175.0,41184.8,True,synchronous,0.9783432131885351
41180.0,41189.8,True,synchronous,0.9781411546069586
41185.0,41194.8,True,synchronous,0.9774493957274424
41190.0,41199.8,True,synchronous,0.9783433289790452
41195.0,41204.8,True,synchronous,0.9774493957274424
41200.0,41209.8,True,synchronous,0.9781411534802888
41205.0,41214.8,True,synchronous,0.97752724213771
41210.0,41219.8,True,synchronous,0.9783432132007768
41215.0,41224.8,True,synchronous,0.9783432131158016
41220.0,41229.8,True,synchronous,0.97834321312059
41225.0,41234.8,True,synchronous,0.9783432131084734
41230.0,41239.8,True,synchronous,0.9783432140818541
41235.0,41244.8,True,synchronous,0.9784179074516809
41240.0,41249.8,True,synchronous,0.9783433289790452
41245.0,41254.8,True,synchronous,0.9774493957274424
41250.0,41259.8,True,synchronous,0.9781410158188923
41255.0,41264.8,True,synchronous,0.9784179069062316
41260.0,41269.8,True,synchronous,0.9783432131885351
41265.0,41274.8,True,synchronous,0.978417906735775
41270.0,41279.8,True,synchronous,0.9781416047008621
41275.0,41284.8,True,synchronous,0.9784179069062316
41280.0,41289.8,True,synchronous,0.9775248551832318
41285.0,41294.8,True,synchronous,0.9781410158188923
41290.0,41299.8,True,synchronous,0.9781416049571271
41295.0,41304.8,True,synchronous,0.9775248551832318
41300.0,41309.8,True,synchronous,0.9781410158188923
41305.0,41314.8,True,synchronous,0.9783432131885351
41310.0,41319.8,True,synchronous,0.9783432139834988
41315.0,41324.8,True,synchronous,0.9781416049571271
41320.0,41329.8,True,synchronous,0.9775249003607815
41325.0,41334.8,True,synchronous,0.9783433289790452
41330.0,41339.8,True,synchronous,0.97834321312059
41335.0,41344.8,True,synchronous,0.9784179074516809
41340.0,41349.8,True,synchronous,0.9783432139932775
41345.0,41354.8,True,synchronous,0.9783432134324085
41350.0,41359.8,True,synchronous,0.9781193311160445
41355.0,41364.8,True,synchronous,0.9783432131158016
41360.0,41369.8,True,synchronous,0.9783432140818541
41365.0,41374.8,True,synchronous,0.9783432140713664
41370.0,41379.8,True,synchronous,0.9783432131885351
41375.0,41384.8,True,synchronous,0.97752724213771
41380.0,41389.8,True,synchronous,0.9781411534802888
41385.0,41394.8,True,synchronous,0.9781416047008621
41390.0,41399.8,True,synchronous,0.97834321312059
41395.0,41404.8,True,synchronous,0.9781193311160445
41400.0,41409.8,True,synchronous,0.9783432144026054
41405.0,41414.8,True,synchronous,0.9783432144026054
41410.0,41419.8,True,synchronous,0.9781416047008621
41415.0,41424.8,True,synchronous,0.9783432140818541
41420.0,41429.8,True,synchronous,0.9781416047008621
41425.0,41434.8,True,synchronous,0.9781193311160445
41430.0,41439.8,True,synchronous,0.9783432140713664
41435.0,41444.8,True,synchronous,0.9774493957274424
41440.0,41449.8,True,synchronous,0.9774493957274424
41445.0,41454.8,True,synchronous,0.97834321312059
41450.0,41459.8,True,synchronous,0.9783433289790452
41455.0,41464.8,True,synchronous,0.9783432139834988
41460.0,41469.8,True,synchronous,0.978141015992984
41465.0,41474.8,True,synchronous,0.9784179075938118
41470.0,41479.8,True,synchronous,0.97834321312059
41475.0,41484.8,True,synchronous,0.9783432136873087
41480.0,41489.8,True,synchronous,0.9781410158188923
41485.0,41494.8,True,synchronous,0.9784179069062316
41490.0,41499.8,True,synchronous,0.9783432131084734
41495.0,41504.8,True,synchronous,0.9781410158188923
41500.0,41509.8,True,synchronous,0.9775249003607815
41505.0,41514.8,True,synchronous,0.9775249003607815
41510.0,41519.8,True,synchronous,0.9774493957274424
41515.0,41524.8,True,synchronous,0.9775249003607815
41520.0,41529.8,True,synchronous,0.9783432144214189
41525.0,41534.8,True,synchronous,0.9783432139834988
41530.0,41539.8,True,synchronous,0.9774493957274424
41535.0,41544.8,True,synchronous,0.9781193316820436
41540.0,41549.8,True,synchronous,0.9783432136873087
41545.0,41554.8,True,synchronous,0.9783432143782049
41550.0,41559.8,True,synchronous,0.9784179067047958
41555.0,41564.8,True,synchronous,0.9783432136873087
41560.0,41569.8,True,synchronous,0.9783432144026054
41565.0,41574.8,True,synchronous,0.9783432144539104
41570.0,41579.8,True,synchronous,0.9783433289711224
41575.0,41584.8,True,synchronous,0.9783433289790452
41580.0,41589.8,True,synchronous,0.9783433289790452
41585.0,41594.8,True,synchronous,0.9783432131084734
41590.0,41599.8,True,synchronous,0.9783432131158016
41595.0,41604.8,True,synchronous,0.9784179074516809
41600.0,41609.8,True,synchronous,0.9784179075938118
41605.0,41614.8,True,synchronous,0.9774493957274424
41610.0,41619.8,True,synchronous,0.97752724213771
41615.0,41624.8,True,synchronous,0.9781193311160445
41620.0,41629.8,True,synchronous,0.9783432132007768
41625.0,41634.8,True,synchronous,0.9781411534802888
41630.0,41639.8,True,synchronous,0.9781193311160445
41635.0,41644.8,True,synchronous,0.9784179067047958
41640.0,41649.8,True,synchronous,0.9775248551832318
41645.0,41654.8,True,synchronous,0.9781411534802888
41650.0,41659.8,True,synchronous,0.9781193311160445
41655.0,41664.8,True,synchronous,0.9783432131158016
41660.0,41669.8,True,synchronous,0.9783432129510911
41665.0,41674.8,True,synchronous,0.97752724213771
41670.0,41679.8,True,synchronous,0.9781193316820436
41675.0,41684.8,True,synchronous,0.9784179074516809
41680.0,41689.8,True,synchronous,0.9783432144539104
41685.0,41694.8,True,synchronous,0.9783432139834988
41690.0,41699.8,True,synchronous,0.9783432134324085
41695.0,41704.8,True,synchronous,0.9783432129510911
41700.0,41709.8,True,synchronous,0.9784179069062316
41705.0,41714.8,True,synchronous,0.9775248551832318
41710.0,41719.8,True,synchronous,0.9783432134324085
41715.0,41724.8,True,synchronous,0.9784179075938118
41720.0,41729.8,True,synchronous,0.9783432144539104
41725.0,41734.8,True,synchronous,0.9781411546069586
41730.0,41739.8,True,synchronous,0.9775248551832318
41735.0,41744.8,True,synchronous,0.9781416047008621
41740.0,41749.8,True,synchronous,0.9783432137817571
41745.0,41754.8,True,synchronous,0.9781193316820436
41750.0,41759.8,True,synchronous,0.9783432144539104
41755.0,41764.8,True,synchronous,0.9775249003607815
41760.0,41769.8,True,synchronous,0.9774493957274424
41765.0,41774.8,True,synchronous,0.9783432144026054
41770.0,41779.8,True,synchronous,0.9784179076115285
41775.0,41784.8,True,synchronous,0.9774493957274424
41780.0,41789.8,True,synchronous,0.9781410158188923
41785.0,41794.8,True,synchronous,0.9783432134473835
41790.0,41799.8,True,synchronous,0.9783432136873087
41795.0,41804.8,True,synchronous,0.9783432140818541
41800.0,41809.8,True,synchronous,0.9783432131885351
41805.0,41814.8,True,synchronous,0.9783432134473835
41810.0,41819.8,True,synchronous,0.9783432134473835
41815.0,41824.8,True,synchronous,0.9783432132007768
41820.0,41829.8,True,synchronous,0.9781411534802888
41825.0,41834.8,True,synchronous,0.9781410158188923
41830.0,41839.8,True,synchronous,0.9781193316820436
41835.0,41844.8,True,synchronous,0.9781193316820436
41840.0,41849.8,True,synchronous,0.9781410158188923
41845.0,41854.8,True,synchronous,0.9781410158188923
41850.0,41859.8,True,synchronous,0.9783432140713664
41855.0,41864.8,True,synchronous,0.9783432131885351
41860.0,41869.8,True,synchronous,0.9783433289790452
41865.0,41874.8,True,synchronous,0.9783432134324085
41870.0,41879.8,True,synchronous,0.9783432149697696
41875.0,41884.8,True,synchronous,0.9783432144026054
41880.0,41889.8,True,synchronous,0.9783432144214189
41885.0,41894.8,True,synchronous,0.9781193311160445
41890.0,41899.8,True,synchronous,0.9783432132007768
41895.0,41904.8,True,synchronous,0.9783432144214189
41900.0,41909.8,True,synchronous,0.978343328960996
41905.0,41914.8,True,synchronous,0.9783433289790452
41910.0,41919.8,True,synchronous,0.9783433289742951
41915.0,41924.8,True,synchronous,0.9781416049571271
41920.0,41929.8,True,synchronous,0.9774493957274424
41925.0,41934.8,True,synchronous,0.9775249003607815
41930.0,41939.8,True,synchronous,0.9781193316820436
41935.0,41944.8,True,synchronous,0.9784179074516809
41940.0,41949.8,True,synchronous,0.9784179069062316
41945.0,41954.8,True,synchronous,0.9783432131885351
41950.0,41959.8,True,synchronous,0.9783432134324085
41955.0,41964.8,True,synchronous,0.9783432129510911
41960.0,41969.8,True,synchronous,0.9781410158188923
41965.0,41974.8,True,synchronous,0.9775248551832318
41970.0,41979.8,True,synchronous,0.9783432131084734
41975.0,41984.8,True,synchronous,0.9781193316820436
41980.0,41989.8,True,synchronous,0.9783432134324085
41985.0,41994.8,True,synchronous,0.9783432131158016
41990.0,41999.8,True,synchronous,0.9783432143782049
41995.0,42004.8,True,synchronous,0.978141015992984
42000.0,42009.8,True,synchronous,0.9784179076115285
42005.0,42014.8,True,synchronous,0.9781410158188923
42010.0,42019.8,True,synchronous,0.9774493957274424
42015.0,42024.8,True,synchronous,0.978141015992984
42020.0,42029.8,True,synchronous,0.9775249003607815
42025.0,42034.8,True,synchronous,0.9783432144539104
42030.0,42039.8,True,synchronous,0.9784179067047958
42035.0,42044.8,True,synchronous,0.9783432134324085
42040.0,42049.8,True,synchronous,0.9783432129510911
42045.0,42054.8,True,synchronous,0.9783432144214189
42050.0,42059.8,True,synchronous,0.9783433289655941
42055.0,42064.8,True,synchronous,0.9784179074516809
42060.0,42069.8,True,synchronous,0.9781411546069586
42065.0,42074.8,True,synchronous,0.9784179067047958
42070.0,42079.8,True,synchronous,0.9775249003607815
42075.0,42084.8,True,synchronous,0.9784179074516809
42080.0,42089.8,True,synchronous,0.9783432139932775
42085.0,42094.8,True,synchronous,0.9783432144026054
42090.0,42099.8,True,synchronous,0.9784179074516809
42095.0,42104.8,True,synchronous,0.9781416049571271
42100.0,42109.8,True,synchronous,0.9781410158188923
42105.0,42114.8,True,synchronous,0.9781411534802888
42110.0,42119.8,True,synchronous,0.9781411534802888
42115.0,42124.8,True,synchronous,0.978417906735775
42120.0,42129.8,True,synchronous,0.9783432143782049
42125.0,42134.8,True,synchronous,0.9784179067047958
42130.0,42139.8,True,synchronous,0.9784179067047958
42135.0,42144.8,True,synchronous,0.9783432134324085
42140.0,42149.8,True,synchronous,0.9783432144214189
42145.0,42154.8,True,synchronous,0.9781193316820436
42150.0,42159.8,True,synchronous,0.9783432136873087
42155.0,42164.8,True,synchronous,0.9783432131084734
42160.0,42169.8,True,synchronous,0.97752724213771
42165.0,42174.8,True,synchronous,0.97752724213771
42170.0,42179.8,True,synchronous,0.9783432139932775
42175.0,42184.8,True,synchronous,0.9783432131885351
42180.0,42189.8,True,synchronous,0.9783433289790452
42185.0,42194.8,True,synchronous,0.9783432136873087
42190.0,42199.8,True,synchronous,0.978141015992984
42195.0,42204.8,True,synchronous,0.97752724213771
42200.0,42209.8,True,synchronous,0.9783432144214189
42205.0,42214.8,True,synchronous,0.9783432149697696
42210.0,42219.8,True,synchronous,0.9775248551832318
42215.0,42224.8,True,synchronous,0.9781193311160445
42220.0,42229.8,True,synchronous,0.9781193311160445
42225.0,42234.8,True,synchronous,0.978417906735775
42230.0,42239.8,True,synchronous,0.9783432131158016
42235.0,42244.8,True,synchronous,0.9783432131158016
42240.0,42249.8,True,synchronous,0.9783432132007768
42245.0,42254.8,True,synchronous,0.9783433289711224
42250.0,42259.8,True,synchronous,0.9783432144539104
42255.0,42264.8,True,synchronous,0.9781416047008621
42260.0,42269.8,True,synchronous,0.9775248551832318
42265.0,42274.8,True,synchronous,0.9784179069062316
42270.0,42279.8,True,synchronous,0.9783432139932775
42275.0,42284.8,True,synchronous,0.9783432144026054
42280.0,42289.8,True,synchronous,0.9783432134324085
42285.0,42294.8,True,synchronous,0.9781416049571271
42290.0,42299.8,True,synchronous,0.9783432137817571
42295.0,42304.8,True,synchronous,0.9783433289742951
42300.0,42309.8,True,synchronous,0.9783432134324085
42305.0,42314.8,True,synchronous,0.9781193311160445
42310.0,42319.8,True,synchronous,0.9781193316820436
42315.0,42324.8,True,synchronous,0.9783432139932775
42320.0,42329.8,True,synchronous,0.9784179069062316
42325.0,42334.8,True,synchronous,0.9781416049571271
42330.0,42339.8,True,synchronous,0.9775249003607815
42335.0,42344.8,True,synchronous,0.9775248551832318
42340.0,42349.8,True,synchronous,0.9781416047008621
42345.0,42354.8,True,synchronous,0.9784179069062316
42350.0,42359.8,True,synchronous,0.9784179067047958
42355.0,42364.8,True,synchronous,0.9783432140713664
42360.0,42369.8,True,synchronous,0.9783433289790452
42365.0,42374.8,True,synchronous,0.9783432137817571
42370.0,42379.8,True,synchronous,0.9781193316820436
42375.0,42384.8,True,synchronous,0.978417906735775
42380.0,42389.8,True,synchronous,0.9775249003607815
42385.0,42394.8,True,synchronous,0.9781410158188923
42390.0,42399.8,True,synchronous,0.9783432132007768
42395.0,42404.8,True,synchronous,0.9774493957274424
42400.0,42409.8,True,synchronous,0.9774493957274424
42405.0,42414.8,True,synchronous,0.9783432143782049
42410.0,42419.8,True,synchronous,0.9783432140713664
42415.0,42424.8,True,synchronous,0.9781193316820436
42420.0,42429.8,True,synchronous,0.9783432136873087
42425.0,42434.8,True,synchronous,0.9781411534802888
42430.0,42439.8,True,synchronous,0.9784179076115285
42435.0,42444.8,True,synchronous,0.9783432136873087
42440.0,42449.8,True,synchronous,0.9784179069062316
42445.0,42454.8,True,synchronous,0.9783432139834988
42450.0,42459.8,True,synchronous,0.9783432136873087
42455.0,42464.8,True,synchronous,0.9783432140713664
42460.0,42469.8,True,synchronous,0.9784179074516809
42465.0,42474.8,True,synchronous,0.9783432134473835
42470.0,42479.8,True,synchronous,0.9783432137817571
42475.0,42484.8,True,synchronous,0.9783432144214189
42480.0,42489.8,True,synchronous,0.9781416047008621
42485.0,42494.8,True,synchronous,0.9781410158188923
42490.0,42499.8,True,synchronous,0.9784179067047958
42495.0,42504.8,True,synchronous,0.9775249003607815
42500.0,42509.8,True,synchronous,0.978141015992984
42505.0,42514.8,True,synchronous,0.9783432144539104
42510.0,42519.8,True,synchronous,0.9781411534802888
42515.0,42524.8,True,synchronous,0.9783433289711224
42520.0,42529.8,True,synchronous,0.9783432134324085
42525.0,42534.8,True,synchronous,0.9783432134324085
42530.0,42539.8,True,synchronous,0.9783432134324085
42535.0,42544.8,True,synchronous,0.9783432139932775
42540.0,42549.8,True,synchronous,0.9783432144214189
42545.0,42554.8,True,synchronous,0.9775248551832318
42550.0,42559.8,True,synchronous,0.9783432134324085
42555.0,42564.8,True,synchronous,0.9783433289655941
42560.0,42569.8,True,synchronous,0.9781416049571271
42565.0,42574.8,True,synchronous,0.978141015992984
42570.0,42579.8,True,synchronous,0.9783432131084734
42575.0,42584.8,True,synchronous,0.9783432134324085
42580.0,42589.8,True,synchronous,0.97834321312059
42585.0,42594.8,True,synchronous,0.9774493957274424
42590.0,42599.8,True,synchronous,0.9774493957274424
42595.0,42604.8,True,synchronous,0.9781416047008621
42600.0,42609.8,True,synchronous,0.9783432140713664
42605.0,42614.8,True,synchronous,0.9783432136949349
42610.0,42619.8,True,synchronous,0.9783432134324085
42615.0,42624.8,True,synchronous,0.9783432140818541
42620.0,42629.8,True,synchronous,0.9784179076115285
42625.0,42634.8,True,synchronous,0.9784179076115285
42630.0,42639.8,True,synchronous,0.9784179069062316
42635.0,42644.8,True,synchronous,0.97752724213771
42640.0,42649.8,True,synchronous,0.9774493957274424
42645.0,42654.8,True,synchronous,0.9783432137817571
42650.0,42659.8,True,synchronous,0.9831950693247677
42655.0,42664.8,True,synchronous,0.9955386079895826
42660.0,42669.8,True,synchronous,0.9943678851843936
42665.0,42674.8,True,synchronous,0.9892870594404082
42670.0,42679.8,True,synchronous,0.9943780186259279
42675.0,42684.8,True,synchronous,0.9940109251690802
42680.0,42689.8,True,synchronous,0.9886108975778135
42685.0,42694.8,True,synchronous,0.9943678854797456
42690.0,42699.8,True,synchronous,0.9943780188558561
42695.0,42704.8,True,synchronous,0.9892870590995346
42700.0,42709.8,True,synchronous,0.9892870601173084
42705.0,42714.8,True,synchronous,0.989087725804986
42710.0,42719.8,True,synchronous,0.9890877262717535
42715.0,42724.8,True,synchronous,0.9942546912479996
42720.0,42729.8,True,synchronous,0.9943678854813639
42725.0,42734.8,True,synchronous,0.9892870593085563
42730.0,42739.8,True,synchronous,0.9942624754515865
42735.0,42744.8,True,synchronous,0.9943678856227639
42740.0,42749.8,True,synchronous,0.9942624837428642
42745.0,42754.8,True,synchronous,0.9892870589418394
42750.0,42759.8,True,synchronous,0.994262475507382
42755.0,42764.8,True,synchronous,0.9942624834968222
42760.0,42769.8,True,synchronous,0.9942624754515865
42765.0,42774.8,True,synchronous,0.9942624834956426
42770.0,42779.8,True,synchronous,0.9942624837444818
42775.0,42784.8,True,synchronous,0.9943678856246146
42780.0,42789.8,True,synchronous,0.9892870594984884
42785.0,42794.8,True,synchronous,0.9940103169192276
42790.0,42799.8,True,synchronous,0.9943678856227639
42795.0,42804.8,True,synchronous,0.9943678855774093
42800.0,42809.8,True,synchronous,0.9892870588894784
42805.0,42814.8,True,synchronous,0.989087725804986
42810.0,42819.8,True,synchronous,0.9940103169192276
42815.0,42824.8,True,synchronous,0.994262475507382
42820.0,42829.8,True,synchronous,0.9943678858085637
42825.0,42834.8,True,synchronous,0.9892870588837528
42830.0,42839.8,True,synchronous,0.9893062279766328
42835.0,42844.8,True,synchronous,0.9886108975808697
42840.0,42849.8,True,synchronous,0.9893062277614489
42845.0,42854.8,True,synchronous,0.9893062276319711
42850.0,42859.8,True,synchronous,0.994262483743302
42855.0,42864.8,True,synchronous,0.9942546910579064
42860.0,42869.8,True,synchronous,0.9892870589356749
42865.0,42874.8,True,synchronous,0.9943678851592682
42870.0,42879.8,True,synchronous,0.994367885585749
42875.0,42884.8,True,synchronous,0.994262483743302
42880.0,42889.8,True,synchronous,0.9939787286289999
42885.0,42894.8,True,synchronous,0.9886109250681929
42890.0,42899.8,True,synchronous,0.9939787286289999
42895.0,42904.8,True,synchronous,0.9942624754499688
42900.0,42909.8,True,synchronous,0.9942624837428642
42905.0,42914.8,True,synchronous,0.994367885261404
42910.0,42919.8,True,synchronous,0.9943678851529146
42915.0,42924.8,True,synchronous,0.9892871335160682
42920.0,42929.8,True,synchronous,0.9943678851822141
42925.0,42934.8,True,synchronous,0.9943678851803632
42930.0,42939.8,True,synchronous,0.9943678854840782
42935.0,42944.8,True,synchronous,0.9939787286289999
42940.0,42949.8,True,synchronous,0.9939787286289999
42945.0,42954.8,True,synchronous,0.9939787286273833
42950.0,42959.8,True,synchronous,0.9943678856351621
42955.0,42964.8,True,synchronous,0.9892870590889722
42960.0,42969.8,True,synchronous,0.9940103169192276
42965.0,42974.8,True,synchronous,0.9940103169176109
42970.0,42979.8,True,synchronous,0.9940103023794356
42975.0,42984.8,True,synchronous,0.9892870592491015
42980.0,42989.8,True,synchronous,0.9943780186259279
42985.0,42994.8,True,synchronous,0.9943679246070568
42990.0,42999.8,True,synchronous,0.9943678855755586
42995.0,43004.8,True,synchronous,0.9942624837444818
43000.0,43009.8,True,synchronous,0.9942546910595242
43005.0,43014.8,True,synchronous,0.9943780186935282
43010.0,43019.8,True,synchronous,0.9942625425634104
43015.0,43024.8,True,synchronous,0.9939787286289999
43020.0,43029.8,True,synchronous,0.9939787286289999
43025.0,43034.8,True,synchronous,0.9942625425231484
43030.0,43039.8,True,synchronous,0.9943678852632548
43035.0,43044.8,True,synchronous,0.989287058784735
43040.0,43049.8,True,synchronous,0.9892870593070974
43045.0,43054.8,True,synchronous,0.9890729621228046
43050.0,43059.8,True,synchronous,0.989287133519129
43055.0,43064.8,True,synchronous,0.9943780188067248
43060.0,43069.8,True,synchronous,0.9942624754499688
43065.0,43074.8,True,synchronous,0.994367885380956
43070.0,43079.8,True,synchronous,0.9892870590889722
43075.0,43084.8,True,synchronous,0.9893062276508519
43080.0,43089.8,True,synchronous,0.9943678856370132
43085.0,43094.8,True,synchronous,0.9943678851559413
43090.0,43099.8,True,synchronous,0.989287133507006
43095.0,43104.8,True,synchronous,0.9892870592460405
43100.0,43109.8,True,synchronous,0.9892870594404082
43105.0,43114.8,True,synchronous,0.9892870589342159
43110.0,43119.8,True,synchronous,0.9892870588894784
43115.0,43124.8,True,synchronous,0.9943678851577924
43120.0,43129.8,True,synchronous,0.9940109251706969
43125.0,43134.8,True,synchronous,0.9939787286273833
43130.0,43139.8,True,synchronous,0.9943679246060791
43135.0,43144.8,True,synchronous,0.9943678851577924
43140.0,43149.8,True,synchronous,0.9892870594984884
43145.0,43154.8,True,synchronous,0.9893062276508519
43150.0,43159.8,True,synchronous,0.9890877105926988
43155.0,43164.8,True,synchronous,0.9939787286289999
43160.0,43169.8,True,synchronous,0.9943780188607851
43165.0,43174.8,True,synchronous,0.9943780188620869
43170.0,43179.8,True,synchronous,0.9942624754508157
43175.0,43184.8,True,synchronous,0.994262475507382
43180.0,43189.8,True,synchronous,0.9943780188067248
43185.0,43194.8,True,synchronous,0.9943678855755586
43190.0,43199.8,True,synchronous,0.9942546912496173
43195.0,43204.8,True,synchronous,0.9943780186359092
43200.0,43209.8,True,synchronous,0.9943678851803632
43205.0,43214.8,True,synchronous,0.9886109250681929
43210.0,43219.8,True,synchronous,0.9940109251706969
43215.0,43224.8,True,synchronous,0.9942624837428642
43220.0,43229.8,True,synchronous,0.9943678858069457
43225.0,43234.8,True,synchronous,0.9886108975808697
43230.0,43239.8,True,synchronous,0.988612074901516
43235.0,43244.8,True,synchronous,0.9886109250651367
43240.0,43249.8,True,synchronous,0.9940103169192276
43245.0,43254.8,True,synchronous,0.9942624754515865
43250.0,43259.8,True,synchronous,0.9942625425231484
43255.0,43264.8,True,synchronous,0.9942625425231484
43260.0,43269.8,True,synchronous,0.9943780188607851
43265.0,43274.8,True,synchronous,0.9943678851529146
43270.0,43279.8,True,synchronous,0.9942625425617927
43275.0,43284.8,True,synchronous,0.9940103169192276
43280.0,43289.8,True,synchronous,0.9943780186246259
43285.0,43294.8,True,synchronous,0.9942625425617927
43290.0,43299.8,True,synchronous,0.9890877105926988
43295.0,43304.8,True,synchronous,0.9890877258035276
43300.0,43309.8,True,synchronous,0.9942624837428642
43305.0,43314.8,True,synchronous,0.9943678855892181
43310.0,43319.8,True,synchronous,0.989306228068568
43315.0,43324.8,True,synchronous,0.9890877105941572
43320.0,43329.8,True,synchronous,0.9943780188064084
43325.0,43334.8,True,synchronous,0.9940103023794356
43330.0,43339.8,True,synchronous,0.9890878374435896
43335.0,43344.8,True,synchronous,0.994367885261404
43340.0,43349.8,True,synchronous,0.9943780186246259
43345.0,43354.8,True,synchronous,0.9942624834968222
43350.0,43359.8,True,synchronous,0.98928705889227
43355.0,43364.8,True,synchronous,0.994367885379338
43360.0,43369.8,True,synchronous,0.9943678854745963
43365.0,43374.8,True,synchronous,0.9890729617602366
43370.0,43379.8,True,synchronous,0.9890878374451906
43375.0,43384.8,True,synchronous,0.9893062279766328
43380.0,43389.8,True,synchronous,0.9943780188553255
43385.0,43394.8,True,synchronous,0.994262483743302
43390.0,43399.8,True,synchronous,0.9892870592491015
43395.0,43404.8,True,synchronous,0.9892870592460405
43400.0,43409.8,True,synchronous,0.9892870590889722
43405.0,43414.8,True,synchronous,0.9892870594984884
43410.0,43419.8,True,synchronous,0.9890878374451906
43415.0,43424.8,True,synchronous,0.9890877107012813
43420.0,43429.8,True,synchronous,0.9940109251690802
43425.0,43434.8,True,synchronous,0.9943678854471907
43430.0,43439.8,True,synchronous,0.9943780186951463
43435.0,43444.8,True,synchronous,0.9942546912484376
43440.0,43449.8,True,synchronous,0.9943678854490414
43445.0,43454.8,True,synchronous,0.9943780186346071
43450.0,43459.8,True,synchronous,0.9943780188553255
43455.0,43464.8,True,synchronous,0.9943678854856963
43460.0,43469.8,True,synchronous,0.9943780186359092
43465.0,43474.8,True,synchronous,0.9892870595065688
43470.0,43479.8,True,synchronous,0.9943780188604687
43475.0,43484.8,True,synchronous,0.9943678854797456
43480.0,43489.8,True,synchronous,0.9943678855892181
43485.0,43494.8,True,synchronous,0.9943780186935282
43490.0,43499.8,True,synchronous,0.9943678854745963
43495.0,43504.8,True,synchronous,0.989287058880692
43500.0,43509.8,True,synchronous,0.9942546910579064
43505.0,43514.8,True,synchronous,0.9943780188067248
43510.0,43519.8,True,synchronous,0.9943780186938446
43515.0,43524.8,True,synchronous,0.9943678853479073
43520.0,43529.8,True,synchronous,0.8078743096967385
43525.0,43534.8,True,synchronous,0.6816744893925082
43530.0,43539.8,True,synchronous,0.6962901237631993
43535.0,43544.8,True,synchronous,0.6921595661173079
43540.0,43549.8,True,synchronous,0.6923112384047636
43545.0,43554.8,True,synchronous,0.6962900868762278
43550.0,43559.8,True,synchronous,0.6966615141368699
43555.0,43564.8,True,synchronous,0.692304576129307
43560.0,43569.8,True,synchronous,0.6921595661173079
43565.0,43574.8,True,synchronous,0.6962901019317845
43570.0,43579.8,True,synchronous,0.6962660563109896
43575.0,43584.8,True,synchronous,0.6832520980064158
43580.0,43589.8,True,synchronous,0.6832746506389181
43585.0,43594.8,True,synchronous,0.6821637155886142
43590.0,43599.8,True,synchronous,0.6833006869263427
43595.0,43604.8,True,synchronous,0.6923112384047636
43600.0,43609.8,True,synchronous,0.6962660462971142
43605.0,43614.8,True,synchronous,0.6962901362757506
43610.0,43619.8,True,synchronous,0.6962916161207167
43615.0,43624.8,True,synchronous,0.6962916031002088
43620.0,43629.8,True,synchronous,0.6962901554909049
43625.0,43634.8,True,synchronous,0.6962901324810413
43630.0,43639.8,True,synchronous,0.6921595661173079
43635.0,43644.8,True,synchronous,0.6962901362757506
43640.0,43649.8,True,synchronous,0.6962901425284281
43645.0,43654.8,True,synchronous,0.6962901415539478
43650.0,43659.8,True,synchronous,0.6962916159347271
43655.0,43664.8,True,synchronous,0.6832752376326534
43660.0,43669.8,True,synchronous,0.6821406511018313
43665.0,43674.8,True,synchronous,0.6962660188034365
43670.0,43679.8,True,synchronous,0.6966373870794529
43675.0,43684.8,True,synchronous,0.6962900868762278
43680.0,43689.8,True,synchronous,0.6962901198949232
43685.0,43694.8,True,synchronous,0.6962901324152379
43690.0,43699.8,True,synchronous,0.6962901553798257
43695.0,43704.8,True,synchronous,0.6923045761526403
43700.0,43709.8,True,synchronous,0.6833006869330793
43705.0,43714.8,True,synchronous,0.6821406512902041
43710.0,43719.8,True,synchronous,0.6962675296173917
43715.0,43724.8,True,synchronous,0.6962675296173917
43720.0,43729.8,True,synchronous,0.696637387904242
43725.0,43734.8,True,synchronous,0.6821637155705943
43730.0,43739.8,True,synchronous,0.6821406512902041
43735.0,43744.8,True,synchronous,0.683300686919558
43740.0,43749.8,True,synchronous,0.6962901199610597
43745.0,43754.8,True,synchronous,0.6962901415566796
43750.0,43759.8,True,synchronous,0.6962901453556154
43755.0,43764.8,True,synchronous,0.6962660462971142
43760.0,43769.8,True,synchronous,0.6832752376209495
43765.0,43774.8,True,synchronous,0.6833006869330793
43770.0,43779.8,True,synchronous,0.6923662887520692
43775.0,43784.8,True,synchronous,0.6923045929225569
43780.0,43789.8,True,synchronous,0.6962901292971124
43785.0,43794.8,True,synchronous,0.6962901362757506
43790.0,43799.8,True,synchronous,0.696637387904242
43795.0,43804.8,True,synchronous,0.683300686919558
43800.0,43809.8,True,synchronous,0.6821406512902041
43805.0,43814.8,True,synchronous,0.6821637155907303
43810.0,43819.8,True,synchronous,0.6921595592281922
43815.0,43824.8,True,synchronous,0.6923112384147877
43820.0,43829.8,True,synchronous,0.6923045928591454
43825.0,43834.8,True,synchronous,0.6922874847960991
43830.0,43839.8,True,synchronous,0.6832752376326534
43835.0,43844.8,True,synchronous,0.696290096385043
43840.0,43849.8,True,synchronous,0.6962901236772875
43845.0,43854.8,True,synchronous,0.6922874827127882
43850.0,43859.8,True,synchronous,0.6832746506389181
43855.0,43864.8,True,synchronous,0.6962660332609214
43860.0,43869.8,True,synchronous,0.6962660552735094
43865.0,43874.8,True,synchronous,0.6962901553798257
43870.0,43879.8,True,synchronous,0.6962901337168632
43875.0,43884.8,True,synchronous,0.6962901325156888
43880.0,43889.8,True,synchronous,0.6962901292971124
43885.0,43894.8,True,synchronous,0.6923045928591454
43890.0,43899.8,True,synchronous,0.6962900868762278
43895.0,43904.8,True,synchronous,0.6962901415986361
43900.0,43909.8,True,synchronous,0.6923112384047636
43905.0,43914.8,True,synchronous,0.6923116479117375
43910.0,43919.8,True,synchronous,0.6832515110443818
43915.0,43924.8,True,synchronous,0.6832746506524401
43920.0,43929.8,True,synchronous,0.6962660336752476
43925.0,43934.8,True,synchronous,0.692135757836095
43930.0,43939.8,True,synchronous,0.6962900962956362
43935.0,43944.8,True,synchronous,0.6962901019317845
43940.0,43949.8,True,synchronous,0.6821637155705943
43945.0,43954.8,True,synchronous,0.6821637156807706
43950.0,43959.8,True,synchronous,0.6962660470838793
43955.0,43964.8,True,synchronous,0.6962660430787603
43960.0,43969.8,True,synchronous,0.6962660500569158
43965.0,43974.8,True,synchronous,0.6923116493044111
43970.0,43979.8,True,synchronous,0.6832752376326534
43975.0,43984.8,True,synchronous,0.6962660552735094
43980.0,43989.8,True,synchronous,0.6962660672469272
43985.0,43994.8,True,synchronous,0.6962660563109896
43990.0,43999.8,True,synchronous,0.6962901236772875
43995.0,44004.8,True,synchronous,0.6962901019317845
44000.0,44009.8,True,synchronous,0.6832520980064158
44005.0,44014.8,True,synchronous,0.6923116492911012
44010.0,44019.8,True,synchronous,0.6963659234687337
44015.0,44024.8,True,synchronous,0.6921595591644065
44020.0,44029.8,True,synchronous,0.6962901363651575
44025.0,44034.8,True,synchronous,0.6966374021961009
44030.0,44039.8,True,synchronous,0.6821637155824745
44035.0,44044.8,True,synchronous,0.6962900963825607
44040.0,44049.8,True,synchronous,0.6962901051136592
44045.0,44054.8,True,synchronous,0.6921595591644065
44050.0,44059.8,True,synchronous,0.6832746506297115
44055.0,44064.8,True,synchronous,0.6833006869330793
44060.0,44069.8,True,synchronous,0.6966374001478572
44065.0,44074.8,True,synchronous,0.6962901425284281
44070.0,44079.8,True,synchronous,0.6962916159347271
44075.0,44084.8,True,synchronous,0.6962901050242525
44080.0,44089.8,True,synchronous,0.683275237620665
44085.0,44094.8,True,synchronous,0.6962901324813745
44090.0,44099.8,True,synchronous,0.6962900963614398
44095.0,44104.8,True,synchronous,0.6821406512902041
44100.0,44109.8,True,synchronous,0.6832775455881388
44105.0,44114.8,True,synchronous,0.696661512154335
44110.0,44119.8,True,synchronous,0.6962901293865191
44115.0,44124.8,True,synchronous,0.696661514226349
44120.0,44129.8,True,synchronous,0.6962660374573503
44125.0,44134.8,True,synchronous,0.696290120181228
44130.0,44139.8,True,synchronous,0.6962901292971124
44135.0,44144.8,True,synchronous,0.6962901453556154
44140.0,44149.8,True,synchronous,0.6962660500569158
44145.0,44154.8,True,synchronous,0.6962901414908761
44150.0,44159.8,True,synchronous,0.6921357647885182
44155.0,44164.8,True,synchronous,0.6832746506524401
44160.0,44169.8,True,synchronous,0.6966615121779635
44165.0,44174.8,True,synchronous,0.6832746507376117
44170.0,44179.8,True,synchronous,0.6832752376209495
44175.0,44184.8,True,synchronous,0.6923045761672151
44180.0,44189.8,True,synchronous,0.803294643491399
44185.0,44194.8,True,synchronous,0.8082552432489221
44190.0,44199.8,True,synchronous,0.9943780186938446
44195.0,44204.8,True,synchronous,0.9943678851878625
44200.0,44209.8,True,synchronous,0.994367885380956
44205.0,44214.8,True,synchronous,0.9943678856246146
44210.0,44219.8,True,synchronous,0.9892870588894784
44215.0,44224.8,True,synchronous,0.9886108975808697
44220.0,44229.8,True,synchronous,0.9890878374451906
44225.0,44234.8,True,synchronous,0.9893062276305119
44230.0,44239.8,True,synchronous,0.9892870595065688
44235.0,44244.8,True,synchronous,0.9942546912496173
44240.0,44249.8,True,synchronous,0.9942546912484376
44245.0,44254.8,True,synchronous,0.9942625425634104
44250.0,44259.8,True,synchronous,0.9939787286273833
44255.0,44264.8,True,synchronous,0.9940109251706969
44260.0,44269.8,True,synchronous,0.9942546912484376
44265.0,44274.8,True,synchronous,0.994367885261404
44270.0,44279.8,True,synchronous,0.9940103169192276
44275.0,44284.8,True,synchronous,0.9942624754515865
44280.0,44289.8,True,synchronous,0.9942624754515865
44285.0,44294.8,True,synchronous,0.9942546912484376
44290.0,44299.8,True,synchronous,0.9939787286289999
44295.0,44304.8,True,synchronous,0.9940109251706969
44300.0,44309.8,True,synchronous,0.9943780186259279
44305.0,44314.8,True,synchronous,0.9943678852648729
44310.0,44319.8,True,synchronous,0.9942625425231484
44315.0,44324.8,True,synchronous,0.9939787286289999
44320.0,44329.8,True,synchronous,0.9939787286289999
44325.0,44334.8,True,synchronous,0.9943780186359092
44330.0,44339.8,True,synchronous,0.9892870589356749
44335.0,44344.8,True,synchronous,0.9893062277629078
44340.0,44349.8,True,synchronous,0.9942624754515865
44345.0,44354.8,True,synchronous,0.9943678851592682
44350.0,44359.8,True,synchronous,0.9943678852632548
44355.0,44364.8,True,synchronous,0.9942625425634104
44360.0,44369.8,True,synchronous,0.9942625425231484
44365.0,44374.8,True,synchronous,0.9943780186246259
44370.0,44379.8,True,synchronous,0.9940103023794356
44375.0,44384.8,True,synchronous,0.9892870592491015
44380.0,44389.8,True,synchronous,0.9943678854506596
44385.0,44394.8,True,synchronous,0.9943780188550091
44390.0,44399.8,True,synchronous,0.9943780186346071
44395.0,44404.8,True,synchronous,0.9943780186938446
44400.0,44409.8,True,synchronous,0.9943780186246259
44405.0,44414.8,True,synchronous,0.9943678851843936
44410.0,44419.8,True,synchronous,0.9885512127833654
44415.0,44424.8,True,synchronous,0.9939787286289999
44420.0,44429.8,True,synchronous,0.9943678854471907
44425.0,44434.8,True,synchronous,0.9943678854727452
44430.0,44439.8,True,synchronous,0.9943678851592682
44435.0,44444.8,True,synchronous,0.9943678851006684
44440.0,44449.8,True,synchronous,0.9943678851878625
44445.0,44454.8,True,synchronous,0.9943780188620869
44450.0,44459.8,True,synchronous,0.9942625425617927
44455.0,44464.8,True,synchronous,0.9940103023778186
44460.0,44469.8,True,synchronous,0.9943780186935282
44465.0,44474.8,True,synchronous,0.9940103023778186
44470.0,44479.8,True,synchronous,0.9940109251706969
44475.0,44484.8,True,synchronous,0.9942625425247659
44480.0,44489.8,True,synchronous,0.9943678858050948
44485.0,44494.8,True,synchronous,0.9943780188064084
44490.0,44499.8,True,synchronous,0.994367885261404
44495.0,44504.8,True,synchronous,0.9943678851559413
44500.0,44509.8,True,synchronous,0.9943678853460562
44505.0,44514.8,True,synchronous,0.9943678851843936
44510.0,44519.8,True,synchronous,0.9943678851559413
44515.0,44524.8,True,synchronous,0.9943678851006684
44520.0,44529.8,True,synchronous,0.9942624834956426
44525.0,44534.8,True,synchronous,0.9940103023794356
44530.0,44539.8,True,synchronous,0.9942624837444818
44535.0,44544.8,True,synchronous,0.9942625425231484
44540.0,44549.8,True,synchronous,0.9943678853774871
44545.0,44554.8,True,synchronous,0.9943678851559413
44550.0,44559.8,True,synchronous,0.994262483743302
44555.0,44564.8,True,synchronous,0.9942625425247659
44560.0,44569.8,True,synchronous,0.9892870594404082
44565.0,44574.8,True,synchronous,0.9943678854813639
44570.0,44579.8,True,synchronous,0.9940103169192276
44575.0,44584.8,True,synchronous,0.9940103023794356
44580.0,44589.8,True,synchronous,0.9943780186359092
44585.0,44594.8,True,synchronous,0.9892870589418394
44590.0,44599.8,True,synchronous,0.9892870590995346
44595.0,44604.8,True,synchronous,0.988612074901516
44600.0,44609.8,True,synchronous,0.9939787286289999
44605.0,44614.8,True,synchronous,0.9939787286273833
44610.0,44619.8,True,synchronous,0.9943678851006684
44615.0,44624.8,True,synchronous,0.9943678854490414
44620.0,44629.8,True,synchronous,0.9943678854471907
44625.0,44634.8,True,synchronous,0.9943678852648729
44630.0,44639.8,True,synchronous,0.989306228068568
44635.0,44644.8,True,synchronous,0.9942624837437106
44640.0,44649.8,True,synchronous,0.994262475507382
44645.0,44654.8,True,synchronous,0.9943679246037959
44650.0,44659.8,True,synchronous,0.9942624754499688
44655.0,44664.8,True,synchronous,0.9943780186259279
44660.0,44669.8,True,synchronous,0.9942624754515865
44665.0,44674.8,True,synchronous,0.989287059487289
44670.0,44679.8,True,synchronous,0.9892870596817714
44675.0,44684.8,True,synchronous,0.994262475507382
44680.0,44689.8,True,synchronous,0.9943678856351621
44685.0,44694.8,True,synchronous,0.9943678855790277
44690.0,44699.8,True,synchronous,0.9942624754515865
44695.0,44704.8,True,synchronous,0.9942546910595242
44700.0,44709.8,True,synchronous,0.989287058784735
44705.0,44714.8,True,synchronous,0.9942624754499688
44710.0,44719.8,True,synchronous,0.9940109251706969
44715.0,44724.8,True,synchronous,0.9943780186259279
44720.0,44729.8,True,synchronous,0.9943678851803632
44725.0,44734.8,True,synchronous,0.9943678853479073
44730.0,44739.8,True,synchronous,0.9892870588894784
44735.0,44744.8,True,synchronous,0.9892870593085563
44740.0,44749.8,True,synchronous,0.9942624754515865
44745.0,44754.8,True,synchronous,0.9942624834952047
44750.0,44759.8,True,synchronous,0.9943780186259279
44755.0,44764.8,True,synchronous,0.9892870601158493
44760.0,44769.8,True,synchronous,0.994367885626233
44765.0,44774.8,True,synchronous,0.9942624754499688
44770.0,44779.8,True,synchronous,0.9942546912484376
44775.0,44784.8,True,synchronous,0.9940103169192276
44780.0,44789.8,True,synchronous,0.9939787286289999
44785.0,44794.8,True,synchronous,0.9939787286273833
44790.0,44799.8,True,synchronous,0.9940103169192276
44795.0,44804.8,True,synchronous,0.9943780188080266
44800.0,44809.8,True,synchronous,0.9943678855876
44805.0,44814.8,True,synchronous,0.9942624754515865
44810.0,44819.8,True,synchronous,0.994262475507382
44815.0,44824.8,True,synchronous,0.9943678854778946
44820.0,44829.8,True,synchronous,0.9943678856386314
44825.0,44834.8,True,synchronous,0.9943780186246259
44830.0,44839.8,True,synchronous,0.9892870597724094
44835.0,44844.8,True,synchronous,0.9892870590889722
44840.0,44849.8,True,synchronous,0.9943678852648729
44845.0,44854.8,True,synchronous,0.9942546912496173
44850.0,44859.8,True,synchronous,0.9942624837444818
44855.0,44864.8,True,synchronous,0.9942546910583444
44860.0,44869.8,True,synchronous,0.9940103169176109
44865.0,44874.8,True,synchronous,0.9940103169192276
44870.0,44879.8,True,synchronous,0.9943780186246259
44875.0,44884.8,True,synchronous,0.9943678851838321
44880.0,44889.8,True,synchronous,0.9892871335135682
44885.0,44894.8,True,synchronous,0.994367885626233
44890.0,44899.8,True,synchronous,0.9943678854813639
44895.0,44904.8,True,synchronous,0.994367885585749
44900.0,44909.8,True,synchronous,0.9943678851803632
44905.0,44914.8,True,synchronous,0.9943678851594107
44910.0,44919.8,True,synchronous,0.9943678851559413
44915.0,44924.8,True,synchronous,0.9943678851574171
44920.0,44929.8,True,synchronous,0.9943678851822141
44925.0,44934.8,True,synchronous,0.9943678852648729
44930.0,44939.8,True,synchronous,0.9943678851559413
44935.0,44944.8,True,synchronous,0.994367885261404
44940.0,44949.8,True,synchronous,0.9943678855892181
44945.0,44954.8,True,synchronous,0.9943678851559413
44950.0,44959.8,True,synchronous,0.9943678854822272
44955.0,44964.8,True,synchronous,0.9943678851878625
44960.0,44969.8,True,synchronous,0.9943679246090188
44965.0,44974.8,True,synchronous,0.9943679246090188
44970.0,44979.8,True,synchronous,0.9943678851574171
44975.0,44984.8,True,synchronous,0.9943678853460562
44980.0,44989.8,True,synchronous,0.9943678856351621
44985.0,44994.8,True,synchronous,0.9942624754499688
44990.0,44999.8,True,synchronous,0.9942624834968222
44995.0,45004.8,True,synchronous,0.9943780188080266
45000.0,45009.8,True,synchronous,0.9943678854840782
45005.0,45014.8,True,synchronous,0.9943678853460562
45010.0,45019.8,True,synchronous,0.9943678856351621
45015.0,45024.8,True,synchronous,0.9942625425247659
45020.0,45029.8,True,synchronous,0.9942546912484376
45025.0,45034.8,True,synchronous,0.9940109251690802
45030.0,45039.8,True,synchronous,0.9939787286289999
45035.0,45044.8,True,synchronous,0.9940109251690802
45040.0,45049.8,True,synchronous,0.9942546910595242
45045.0,45054.8,True,synchronous,0.9943678851594107
45050.0,45059.8,True,synchronous,0.9890877107027396
45055.0,45064.8,True,synchronous,0.9942624834960512
45060.0,45069.8,True,synchronous,0.9939787286273833
45065.0,45074.8,True,synchronous,0.9942624834956426
45070.0,45079.8,True,synchronous,0.9943679246060791
45075.0,45084.8,True,synchronous,0.9943679246037959
45080.0,45089.8,True,synchronous,0.9943678851577924
45085.0,45094.8,True,synchronous,0.994367885626233
45090.0,45099.8,True,synchronous,0.9943780186938446
45095.0,45104.8,True,synchronous,0.9943679246037959
45100.0,45109.8,True,synchronous,0.9943679246037959
45105.0,45114.8,True,synchronous,0.9939787286273833
45110.0,45119.8,True,synchronous,0.9942624754508157
45115.0,45124.8,True,synchronous,0.9943678853460562
45120.0,45129.8,True,synchronous,0.9943679246060791
45125.0,45134.8,True,synchronous,0.994367885261404
45130.0,45139.8,True,synchronous,0.9942546910583444
45135.0,45144.8,True,synchronous,0.9940103169192276
45140.0,45149.8,True,synchronous,0.9942546912496173
45145.0,45154.8,True,synchronous,0.9943678858085637
45150.0,45159.8,True,synchronous,0.9942625425617927
45155.0,45164.8,True,synchronous,0.9943678854822272
45160.0,45169.8,True,synchronous,0.9943679246124881
45165.0,45174.8,True,synchronous,0.9943678856386314
45170.0,45179.8,True,synchronous,0.9943780186259279
45175.0,45184.8,True,synchronous,0.9943678851559413
45180.0,45189.8,True,synchronous,0.9943780188080266
45185.0,45194.8,True,synchronous,0.989287058784735
45190.0,45199.8,True,synchronous,0.9940103169192276
45195.0,45204.8,True,synchronous,0.9940103169192276
45200.0,45209.8,True,synchronous,0.9943678858085637
45205.0,45214.8,True,synchronous,0.9943678852669878
45210.0,45219.8,True,synchronous,0.9943678853460562
45215.0,45224.8,True,synchronous,0.9943678853460562
45220.0,45229.8,True,synchronous,0.9942625425617927
45225.0,45234.8,True,synchronous,0.9943780186259279
45230.0,45239.8,True,synchronous,0.9943678852648729
45235.0,45244.8,True,synchronous,0.9943678852704569
45240.0,45249.8,True,synchronous,0.9943678851843936
45245.0,45254.8,True,synchronous,0.9943780188620869
45250.0,45259.8,True,synchronous,0.9942624834968222
45255.0,45264.8,True,synchronous,0.9943780188080266
45260.0,45269.8,True,synchronous,0.9943780186251565
45265.0,45274.8,True,synchronous,0.9942625425247659
45270.0,45279.8,True,synchronous,0.9942546912496173
45275.0,45284.8,True,synchronous,0.9943678855892181
45280.0,45289.8,True,synchronous,0.9943678854813639
45285.0,45294.8,True,synchronous,0.994367885380956
45290.0,45299.8,True,synchronous,0.9943678854471907
45295.0,45304.8,True,synchronous,0.994262475507382
45300.0,45309.8,True,synchronous,0.9943780186938446
45305.0,45314.8,True,synchronous,0.9940103169192276
45310.0,45319.8,True,synchronous,0.9942625425634104
45315.0,45324.8,True,synchronous,0.9940109251690802
45320.0,45329.8,True,synchronous,0.99395835635917
45325.0,45334.8,True,synchronous,0.988293307742955
45330.0,45339.8,True,fridge,0.9982822269762729
45335.0,45344.8,True,synchronous,0.8771076684122419
45340.0,45349.8,True,synchronous,0.860005448507178
45345.0,45354.8,True,synchronous,0.864867166730687
45350.0,45359.8,True,synchronous,0.8666098018808813
45355.0,45364.8,True,synchronous,0.8666098018808813
45360.0,45369.8,True,synchronous,0.864867166730687
45365.0,45374.8,True,synchronous,0.8652455361082243
45370.0,45379.8,True,synchronous,0.8655530222657944
45375.0,45384.8,True,synchronous,0.8636469558131967
45380.0,45389.8,True,synchronous,0.8636469558131967
45385.0,45394.8,True,synchronous,0.8661005146521047
45390.0,45399.8,True,synchronous,0.8599875318227066
45395.0,45404.8,True,synchronous,0.8600056958642995
45400.0,45409.8,True,synchronous,0.8594661757737634
45405.0,45414.8,True,synchronous,0.8594661758693545
45410.0,45419.8,True,synchronous,0.8605459536260989
45415.0,45424.8,True,synchronous,0.8605911625181377
45420.0,45429.8,True,synchronous,0.8605460062497773
45425.0,45434.8,True,synchronous,0.8666107674631119
45430.0,45439.8,True,synchronous,0.8648671600683586
45435.0,45444.8,True,synchronous,0.8665916078805994
45440.0,45449.8,True,synchronous,0.8595038937890827
45445.0,45454.8,True,synchronous,0.8605460067663814
45450.0,45459.8,True,synchronous,0.8600056411776837
45455.0,45464.8,True,synchronous,0.864867161681917
45460.0,45469.8,True,synchronous,0.865553022042911
45465.0,45474.8,True,synchronous,0.8605080819214336
45470.0,45479.8,True,synchronous,0.8605460083990071
45475.0,45484.8,True,synchronous,0.8605080892610342
45480.0,45489.8,True,synchronous,0.8605080809477741
45485.0,45494.8,True,synchronous,0.859466168029858
45490.0,45499.8,True,fridge,0.7443465002844062
45495.0,45504.8,True,fridge,0.7454065985771517
45500.0,45509.8,True,fridge,0.7468655664643622
45505.0,45514.8,True,fridge,0.7610235427828652
45510.0,45519.8,True,fridge,0.7610950228371485
45515.0,45524.8,True,fridge,0.7468664032195363
45520.0,45529.8,True,fridge,0.7468655664261326
45525.0,45534.8,True,fridge,0.7468664053965418
45530.0,45539.8,True,fridge,0.7610779545426954
45535.0,45544.8,True,fridge,0.7610779545911547
45540.0,45549.8,True,fridge,0.7610840228748668
45545.0,45554.8,True,fridge,0.761004597225262
45550.0,45559.8,True,fridge,0.757513094020391
45555.0,45564.8,True,fridge,0.7468655652270991
45560.0,45569.8,True,fridge,0.7575128757848437
45565.0,45574.8,True,fridge,0.746865574347553
45570.0,45579.8,True,fridge,0.7468664032195363
45575.0,45584.8,True,fridge,0.7468655664643622
45580.0,45589.8,True,fridge,0.7458412899091718
45585.0,45594.8,True,fridge,0.7458412899091718
45590.0,45599.8,True,fridge,0.7612635884728858
45595.0,45604.8,True,fridge,0.7610950228371485
45600.0,45609.8,True,fridge,0.7575128819141718
45605.0,45614.8,True,fridge,0.7574603189753012
45610.0,45619.8,True,fridge,0.7612635847272173
45615.0,45624.8,True,fridge,0.7458412899091718
45620.0,45629.8,True,fridge,0.7612918756250642
45625.0,45634.8,True,fridge,0.7610760904444778
45630.0,45639.8,True,fridge,0.7610760862311073
45635.0,45644.8,True,fridge,0.7458412887954097
45640.0,45649.8,True,fridge,0.7468664032195363
45645.0,45654.8,True,fridge,0.7610235231412013
45650.0,45659.8,True,fridge,0.7458412877381472
45655.0,45664.8,True,fridge,0.7458412899091718
45660.0,45669.8,True,fridge,0.7468664053965418
45665.0,45674.8,True,fridge,0.757513096497968
45670.0,45679.8,True,fridge,0.7610950151411756
45675.0,45684.8,True,fridge,0.7610760832345056
45680.0,45689.8,True,fridge,0.7612635832252586
45685.0,45694.8,True,fridge,0.7612635869948126
45690.0,45699.8,True,fridge,0.7612635884728858
45695.0,45704.8,True,fridge,0.7574603189753012
45700.0,45709.8,True,fridge,0.7612918742436843
45705.0,45714.8,True,fridge,0.7610235303076507
45710.0,45719.8,True,fridge,0.7574603214385851
45715.0,45724.8,True,fridge,0.7575503498010836
45720.0,45729.8,True,fridge,0.7610760827335923
45725.0,45734.8,True,fridge,0.7610950228371485
45730.0,45739.8,True,fridge,0.7468664053965418
45735.0,45744.8,True,fridge,0.7575130978377241
45740.0,45749.8,True,fridge,0.7468655642564952
45745.0,45754.8,True,fridge,0.7458412877381472
45750.0,45759.8,True,fridge,0.7468655764936915
45755.0,45764.8,True,fridge,0.7610950157813603
45760.0,45769.8,True,fridge,0.7610950105529368
45765.0,45774.8,True,fridge,0.7610968809213103
45770.0,45779.8,True,fridge,0.7610950208501813
45775.0,45784.8,True,fridge,0.7613108199914741
45780.0,45789.8,True,fridge,0.7574603236835792
45785.0,45794.8,True,fridge,0.7468655664643622
45790.0,45799.8,True,fridge,0.7468655765245553
45795.0,45804.8,True,fridge,0.7458412887954097
45800.0,45809.8,True,fridge,0.7458412887954097
45805.0,45814.8,True,fridge,0.7458412898783925
45810.0,45819.8,True,fridge,0.7468655765245553
45815.0,45824.8,True,fridge,0.7610046052509939
45820.0,45829.8,True,fridge,0.7612635884728858
45825.0,45834.8,True,fridge,0.7613108242500446
45830.0,45839.8,True,fridge,0.7610760880444785
45835.0,45844.8,True,fridge,0.7610046025978378
45840.0,45849.8,True,fridge,0.7610235277836037
45845.0,45854.8,True,fridge,0.7610950155066422
45850.0,45859.8,True,fridge,0.7468655642564952
45855.0,45864.8,True,fridge,0.7468664031886726
45860.0,45869.8,True,fridge,0.7610235302357763
45865.0,45874.8,True,fridge,0.7575128805336315
45870.0,45879.8,True,fridge,0.7468655664334982
45875.0,45884.8,True,fridge,0.7468664053965418
45880.0,45889.8,True,fridge,0.7575128819141718
45885.0,45894.8,True,fridge,0.7575130942902
45890.0,45899.8,True,fridge,0.7575503417491324
45895.0,45904.8,True,fridge,0.7468655765245553
45900.0,45909.8,True,fridge,0.7613108240819748
45905.0,45914.8,True,fridge,0.7458412877381472
45910.0,45919.8,True,fridge,0.7458412877381472
45915.0,45924.8,True,fridge,0.7458412899091718
45920.0,45929.8,True,fridge,0.7458412887954097
45925.0,45934.8,True,fridge,0.757513094020391
45930.0,45939.8,True,fridge,0.7610235349485421
45935.0,45944.8,True,fridge,0.7575503471503994
45940.0,45949.8,True,fridge,0.7458412887954097
45945.0,45954.8,True,fridge,0.7458412899091718
45950.0,45959.8,True,fridge,0.7458412899091718
45955.0,45964.8,True,fridge,0.7610235372147075
45960.0,45969.8,True,fridge,0.7610950134697235
45965.0,45974.8,True,fridge,0.7610950189125297
45970.0,45979.8,True,fridge,0.761076092382033
45975.0,45984.8,True,fridge,0.7610760923009487
45980.0,45989.8,True,fridge,0.7610046106297137
45985.0,45994.8,True,fridge,0.7458412877381472
45990.0,45999.8,True,fridge,0.7458412877381472
45995.0,46004.8,True,fridge,0.7610760866718735
46000.0,46009.8,True,fridge,0.7610760816356077
46005.0,46014.8,True,fridge,0.7574603236835792
46010.0,46019.8,True,fridge,0.7575131000772424
46015.0,46024.8,True,fridge,0.7610046025978378
46020.0,46029.8,True,fridge,0.7575128805336315
46025.0,46034.8,True,fridge,0.761023532573816
46030.0,46039.8,True,fridge,0.7610045956168316
46035.0,46044.8,True,fridge,0.7614841886090694
46040.0,46049.8,True,fridge,0.746865574347553
46045.0,46054.8,True,fridge,0.7575503520408254
46050.0,46059.8,True,fridge,0.761023539981545
46055.0,46064.8,True,fridge,0.7610760873134641
46060.0,46069.8,True,fridge,0.7610760904444778
46065.0,46074.8,True,fridge,0.7575004983457457
46070.0,46079.8,True,fridge,0.7575131000772424
46075.0,46084.8,True,fridge,0.7575128606025869
46080.0,46089.8,True,fridge,0.7610760652838512
46085.0,46094.8,True,fridge,0.761076080471806
46090.0,46099.8,True,fridge,0.7610760826779226
46095.0,46104.8,True,fridge,0.7610045954308335
46100.0,46109.8,True,fridge,0.7610046014030509
46105.0,46114.8,True,fridge,0.7610235376018303
46110.0,46119.8,True,fridge,0.7458412899091718
46115.0,46124.8,True,fridge,0.7458412899091718
46120.0,46129.8,True,fridge,0.7574603236835792
46125.0,46134.8,True,fridge,0.7575130978377241
46130.0,46139.8,True,fridge,0.7610760921033137
46135.0,46144.8,True,fridge,0.7610760790859363
46140.0,46149.8,True,fridge,0.7575503520408254
46145.0,46154.8,True,fridge,0.7462006345647597
46150.0,46159.8,True,fridge,0.7450623540807749
46155.0,46164.8,True,synchronous,0.864867166730687
46160.0,46169.8,True,synchronous,0.864867166730687
46165.0,46174.8,True,synchronous,0.8672045476039985
46170.0,46179.8,True,synchronous,0.8672045473383859
46175.0,46184.8,True,synchronous,0.8672045473772042
46180.0,46189.8,True,synchronous,0.8605081440128348
46185.0,46194.8,True,synchronous,0.8594661683424005
46190.0,46199.8,True,synchronous,0.859987587226396
46195.0,46204.8,True,synchronous,0.8605459540409247
46200.0,46209.8,True,synchronous,0.8600054487272134
46205.0,46214.8,True,synchronous,0.8600055031745298
46210.0,46219.8,True,synchronous,0.8660647655177464
46215.0,46224.8,True,synchronous,0.8672045473383859
46220.0,46229.8,True,synchronous,0.867204552392914
46225.0,46234.8,True,synchronous,0.8655530222657944
46230.0,46239.8,True,synchronous,0.864867166730687
46235.0,46244.8,True,synchronous,0.8605460067663814
46240.0,46249.8,True,synchronous,0.8605459536524839
46245.0,46254.8,True,synchronous,0.8660647652170705
46250.0,46259.8,True,synchronous,0.8660647658658512
46255.0,46264.8,True,synchronous,0.860005448507178
46260.0,46269.8,True,synchronous,0.8600057053343209
46265.0,46274.8,True,synchronous,0.8605080812832319
46270.0,46279.8,True,synchronous,0.8605082738175411
46275.0,46284.8,True,synchronous,0.8605080893562408
46280.0,46289.8,True,synchronous,0.8605081440392175
46285.0,46294.8,True,synchronous,0.8666097501548283
46290.0,46299.8,True,synchronous,0.8661005146521047
46295.0,46304.8,True,synchronous,0.8665916078805994
46300.0,46309.8,True,synchronous,0.8605912170295039
46305.0,46314.8,True,synchronous,0.860361737940307
46310.0,46319.8,True,synchronous,0.8666098018808813
46315.0,46324.8,True,synchronous,0.8666097501548283
46320.0,46329.8,True,synchronous,0.8608828922374431
46325.0,46334.8,True,synchronous,0.8605459540753387
46330.0,46339.8,True,synchronous,0.8648671600683586
46335.0,46344.8,True,synchronous,0.8648671152124451
46340.0,46349.8,True,synchronous,0.8605082738175411
46345.0,46354.8,True,synchronous,0.864867161681917
46350.0,46359.8,True,synchronous,0.8661463154723033
46355.0,46364.8,True,synchronous,0.8605081441019145
46360.0,46369.8,True,synchronous,0.8605081357198333
46365.0,46374.8,True,synchronous,0.860545951520816
46370.0,46379.8,True,synchronous,0.8605911675011125
46375.0,46384.8,True,synchronous,0.8665916071233706
46380.0,46389.8,True,synchronous,0.8665916071233706
46385.0,46394.8,True,synchronous,0.8672045476039985
46390.0,46399.8,True,synchronous,0.8584963948808704
46395.0,46404.8,True,synchronous,0.8603796670739191
46400.0,46409.8,True,synchronous,0.8609658931961469
46405.0,46414.8,True,synchronous,0.8605460067663814
46410.0,46419.8,True,synchronous,0.8605911622565608
46415.0,46424.8,True,synchronous,0.8603796670739191
46420.0,46429.8,True,synchronous,0.8605912169912756
46425.0,46434.8,True,synchronous,0.8595490541849564
46430.0,46439.8,True,synchronous,0.8638146304541173
46435.0,46444.8,True,synchronous,0.8638146304275276
46440.0,46449.8,True,synchronous,0.864699064967577
46445.0,46454.8,True,synchronous,0.8665916071233706
46450.0,46459.8,True,synchronous,0.8661005142586332
46455.0,46464.8,True,synchronous,0.8671586411797972
46460.0,46469.8,True,synchronous,0.8605081441019145
46465.0,46474.8,True,synchronous,0.860545950974605
46470.0,46479.8,True,synchronous,0.8600055031745298
46475.0,46484.8,True,synchronous,0.860379859681575
46480.0,46489.8,True,synchronous,0.8608828922374431
46485.0,46494.8,True,synchronous,0.8582892392005654
46490.0,46499.8,True,synchronous,0.8605912220746321
46495.0,46504.8,True,synchronous,0.8605911675249165
46500.0,46509.8,True,synchronous,0.8672045473772042
46505.0,46514.8,True,synchronous,0.865534864652046
46510.0,46519.8,True,synchronous,0.8655532160651804
46515.0,46524.8,True,synchronous,0.8661463154505847
46520.0,46529.8,True,synchronous,0.8661463104220225
46525.0,46534.8,True,synchronous,0.8594664068611432
46530.0,46539.8,True,synchronous,0.864699064967577
46535.0,46544.8,True,synchronous,0.864699064967577
46540.0,46549.8,True,synchronous,0.8646990134702462
46545.0,46554.8,True,synchronous,0.864699064967577
46550.0,46559.8,True,synchronous,0.866610005352007
46555.0,46564.8,True,synchronous,0.8666107670665935
46560.0,46569.8,True,synchronous,0.8660647729401514
46565.0,46574.8,True,synchronous,0.8660647730434221
46570.0,46579.8,True,synchronous,0.866146310383299
46575.0,46584.8,True,synchronous,0.859987587226396
46580.0,46589.8,True,synchronous,0.8646990134702462
46585.0,46594.8,True,synchronous,0.8638146252479597
46590.0,46599.8,True,synchronous,0.8605912169912756
46595.0,46604.8,True,synchronous,0.860005448507178
46600.0,46609.8,True,synchronous,0.85946616799958
46605.0,46614.8,True,synchronous,0.8605912220482443
46610.0,46619.8,True,synchronous,0.8605080815902318
46615.0,46624.8,True,synchronous,0.860508143997303
46620.0,46629.8,True,synchronous,0.8605080809741569
46625.0,46634.8,True,synchronous,0.8582893002113287
46630.0,46639.8,True,synchronous,0.8584963948808704
46635.0,46644.8,True,synchronous,0.8648671600683586
46640.0,46649.8,True,synchronous,0.866146315448191
46645.0,46654.8,True,synchronous,0.8666107670665935
46650.0,46659.8,True,synchronous,0.8605912222596293
46655.0,46664.8,True,synchronous,0.8605081366671102
46660.0,46669.8,True,synchronous,0.8605460083990071
46665.0,46674.8,True,synchronous,0.8605912220482443
46670.0,46679.8,True,synchronous,0.8582892392005654
46675.0,46684.8,True,synchronous,0.8603806171894868
46680.0,46689.8,True,synchronous,0.8605911622565608
46685.0,46694.8,True,synchronous,0.8646990134702462
46690.0,46699.8,True,synchronous,0.864867166730687
46695.0,46704.8,True,synchronous,0.8661005127971733
46700.0,46709.8,True,synchronous,0.864867166730687
46705.0,46714.8,True,synchronous,0.8608827440165917
46710.0,46719.8,True,synchronous,0.8605080815740374
46715.0,46724.8,True,synchronous,0.8648671667573415
46720.0,46729.8,True,synchronous,0.864867161681917
46725.0,46734.8,True,synchronous,0.8655530222657944
46730.0,46739.8,True,synchronous,0.864699064967577
46735.0,46744.8,True,synchronous,0.8605080812630505
46740.0,46749.8,True,synchronous,0.8648671600683586
46745.0,46754.8,True,synchronous,0.865553022042911
46750.0,46759.8,True,synchronous,0.8605911675249165
46755.0,46764.8,True,synchronous,0.8605080809741569
46760.0,46769.8,True,synchronous,0.8638146236383262
46765.0,46774.8,True,synchronous,0.8655539854353875
46770.0,46779.8,True,synchronous,0.8595039488162095
46775.0,46784.8,True,synchronous,0.8594661683424005
46780.0,46789.8,True,synchronous,0.859466168029858
46785.0,46794.8,True,synchronous,0.8594661757676514
46790.0,46799.8,True,synchronous,0.8594664614819978
46795.0,46804.8,True,synchronous,0.859466461492956
46800.0,46809.8,True,synchronous,0.8605912172528525
46805.0,46814.8,True,synchronous,0.8608827363639185
46810.0,46819.8,True,synchronous,0.8666107670665935
46815.0,46824.8,True,synchronous,0.8666097503782564
46820.0,46829.8,True,synchronous,0.8605460083814441
46825.0,46834.8,True,synchronous,0.8605080815740374
46830.0,46839.8,True,synchronous,0.8594661757582693
46835.0,46844.8,True,synchronous,0.8605460083814441
46840.0,46849.8,True,synchronous,0.8605081363356841
46845.0,46854.8,True,synchronous,0.8594661677236008
46850.0,46859.8,True,synchronous,0.8594661683424005
46855.0,46864.8,True,synchronous,0.8605460062977675
46860.0,46869.8,True,synchronous,0.8605080819214336
46865.0,46874.8,True,synchronous,0.8665916078805994
46870.0,46879.8,True,synchronous,0.8666107670665935
46875.0,46884.8,True,synchronous,0.8646990134702462
46880.0,46889.8,True,synchronous,0.864699064967577
46885.0,46894.8,True,synchronous,0.8605081360089444
46890.0,46899.8,True,synchronous,0.8605082738285259
46895.0,46904.8,True,synchronous,0.8605081440330906
46900.0,46909.8,True,synchronous,0.8605081360552911
46905.0,46914.8,True,synchronous,0.8609206384195002
46910.0,46919.8,True,synchronous,0.8666107670665935
46915.0,46924.8,True,synchronous,0.8672044958141578
46920.0,46929.8,True,synchronous,0.8594661128020976
46925.0,46934.8,True,synchronous,0.8605081360289083
46930.0,46939.8,True,synchronous,0.8608827360518057
46935.0,46944.8,True,synchronous,0.8605036979185183
46940.0,46949.8,True,synchronous,0.8605081440392175
46945.0,46954.8,True,synchronous,0.8609206384195002
46950.0,46959.8,True,synchronous,0.8605912220482443
46955.0,46964.8,True,synchronous,0.8609658934077141
46960.0,46969.8,True,synchronous,0.8671586393188666
46965.0,46974.8,True,synchronous,0.8665916078805994
46970.0,46979.8,True,synchronous,0.8605459536700468
46975.0,46984.8,True,synchronous,0.8605080815740374
46980.0,46989.8,True,synchronous,0.8605912169912756
46985.0,46994.8,True,synchronous,0.8595039467823056
46990.0,46999.8,True,synchronous,0.8600057053343209
46995.0,47004.8,True,synchronous,0.8666107670665935
47000.0,47009.8,True,synchronous,0.864699064967577
47005.0,47014.8,True,synchronous,0.8652455361082243
47010.0,47019.8,True,synchronous,0.8608827363590704
47015.0,47024.8,True,synchronous,0.8600056958642995
47020.0,47029.8,True,synchronous,0.8605911673135315
47025.0,47034.8,True,synchronous,0.8665915554067143
47030.0,47039.8,True,synchronous,0.8666107674631119
47035.0,47044.8,True,synchronous,0.8600056958642995
47040.0,47049.8,True,synchronous,0.8652455311064711
47045.0,47054.8,True,synchronous,0.864699064967577
47050.0,47059.8,True,synchronous,0.864699064967577
47055.0,47064.8,True,synchronous,0.8605912220482443
47060.0,47069.8,True,synchronous,0.8605912220482443
47065.0,47074.8,True,synchronous,0.8605460057035661
47070.0,47079.8,True,synchronous,0.8661005117048114
47075.0,47084.8,True,synchronous,0.8655348654074289
47080.0,47089.8,True,synchronous,0.865534864652046
47085.0,47094.8,True,synchronous,0.8605081440067079
47090.0,47099.8,True,synchronous,0.8665916078805994
47095.0,47104.8,True,synchronous,0.867204552392914
47100.0,47109.8,True,synchronous,0.8605460067663814
47105.0,47114.8,True,synchronous,0.8672045476039985
47110.0,47119.8,True,synchronous,0.8671586412147422
47115.0,47124.8,True,synchronous,0.8605460067663814
47120.0,47129.8,True,synchronous,0.8599875864806646
47125.0,47134.8,True,synchronous,0.8605912222358253
47130.0,47139.8,True,synchronous,0.8594661757676514
47135.0,47144.8,True,synchronous,0.8594661757582693
47140.0,47149.8,True,synchronous,0.8661463106482638
47145.0,47154.8,True,synchronous,0.864867166730687
47150.0,47159.8,True,synchronous,0.8671586408031976
47155.0,47164.8,True,synchronous,0.8594664614819978
47160.0,47169.8,True,synchronous,0.8638146252479597
47165.0,47174.8,True,synchronous,0.8646990134702462
47170.0,47179.8,True,synchronous,0.8646990134702462
47175.0,47184.8,True,synchronous,0.8636469558131967
47180.0,47189.8,True,synchronous,0.8655532160651804
47185.0,47194.8,True,synchronous,0.8661463106482638
47190.0,47199.8,True,synchronous,0.8661462587197779
47195.0,47204.8,True,synchronous,0.8666098021043095
47200.0,47209.8,True,synchronous,0.8605911675249165
47205.0,47214.8,True,synchronous,0.8648671101636756
47210.0,47219.8,True,synchronous,0.864699064967577
47215.0,47224.8,True,synchronous,0.864867161681917
47220.0,47229.8,True,synchronous,0.8671227531920067
47225.0,47234.8,True,synchronous,0.8672045521782676
47230.0,47239.8,True,synchronous,0.8672045476039985
47235.0,47244.8,True,synchronous,0.8605080812632678
47240.0,47249.8,True,synchronous,0.8605912222358253
47245.0,47254.8,True,synchronous,0.8605912222358253
47250.0,47259.8,True,synchronous,0.8666099962777706
47255.0,47264.8,True,synchronous,0.864867161681917
47260.0,47269.8,True,synchronous,0.864867166730687
47265.0,47274.8,True,synchronous,0.8605080815900076
47270.0,47279.8,True,synchronous,0.8594661680155116
47275.0,47284.8,True,synchronous,0.8594661757737634
47280.0,47289.8,True,synchronous,0.85946616799958
47285.0,47294.8,True,synchronous,0.860508089267161
47290.0,47299.8,True,synchronous,0.8605460062497773
47295.0,47304.8,True,synchronous,0.8605460087698851
47300.0,47309.8,True,synchronous,0.8666098018808813
47305.0,47314.8,True,synchronous,0.8666097503782564
47310.0,47319.8,True,synchronous,0.8605459540753387
47315.0,47324.8,True,synchronous,0.8605912220482443
47320.0,47329.8,True,synchronous,0.8646990134702462
47325.0,47334.8,True,synchronous,0.8636469558131967
47330.0,47339.8,True,synchronous,0.8638146252479597
47335.0,47344.8,True,synchronous,0.8594661674152739
47340.0,47349.8,True,synchronous,0.8595039484118985
47345.0,47354.8,True,synchronous,0.8638146304275276
47350.0,47359.8,True,synchronous,0.864699064967577
47355.0,47364.8,True,synchronous,0.8650772820928144
47360.0,47369.8,True,synchronous,0.8605080815740374
47365.0,47374.8,True,synchronous,0.8605459536524839
47370.0,47379.8,True,synchronous,0.8605912220482443
47375.0,47384.8,True,synchronous,0.867204552392914
47380.0,47389.8,True,synchronous,0.8665916078805994
47385.0,47394.8,True,synchronous,0.8608827360316068
47390.0,47399.8,True,synchronous,0.8605912172528525
47395.0,47404.8,True,synchronous,0.8595039484118985
47400.0,47409.8,True,synchronous,0.8603796670739191
47405.0,47414.8,True,synchronous,0.8600055031745298
47410.0,47419.8,True,synchronous,0.859987587226396
47415.0,47424.8,True,synchronous,0.860546008804299
47420.0,47429.8,True,synchronous,0.8600056958642995
47425.0,47434.8,True,synchronous,0.8605080819214336
47430.0,47439.8,True,synchronous,0.8666097501548283
47435.0,47444.8,True,synchronous,0.8666107674631119
47440.0,47449.8,True,synchronous,0.8660647652196839
47445.0,47454.8,True,synchronous,0.864867161681917
47450.0,47459.8,True,synchronous,0.8600057053343209
47455.0,47464.8,True,synchronous,0.8605080815900076
47460.0,47469.8,True,synchronous,0.860508089267161
47465.0,47474.8,True,synchronous,0.8605912222358253
47470.0,47479.8,True,synchronous,0.866146310383299
47475.0,47484.8,True,synchronous,0.8655348654074289
47480.0,47489.8,True,synchronous,0.86610051226049
47485.0,47494.8,True,synchronous,0.8660647652172906
47490.0,47499.8,True,synchronous,0.8605080892610342
47495.0,47504.8,True,synchronous,0.8605080809741569
47500.0,47509.8,True,synchronous,0.8605912169912756
47505.0,47514.8,True,synchronous,0.8648671600683586
47510.0,47519.8,True,synchronous,0.865553022042911
47515.0,47524.8,True,synchronous,0.8594661674152739
47520.0,47529.8,True,synchronous,0.865553022042911
47525.0,47534.8,True,synchronous,0.865553022042911
47530.0,47539.8,True,synchronous,0.8594661755969142
47535.0,47544.8,True,synchronous,0.859466461492956
47540.0,47549.8,True,synchronous,0.8605081440128348
47545.0,47554.8,True,synchronous,0.8608827363590704
47550.0,47559.8,True,synchronous,0.8605912169912756
47555.0,47564.8,True,synchronous,0.8666099962777706
47560.0,47569.8,True,synchronous,0.8652455311064711
47565.0,47574.8,True,synchronous,0.8600063984149521
47570.0,47579.8,True,synchronous,0.8586619860378351
47575.0,47584.8,True,synchronous,0.8582893002113287
47580.0,47589.8,True,synchronous,0.8605911673135315
47585.0,47594.8,True,synchronous,0.8666098018808813
47590.0,47599.8,True,synchronous,0.8661005127947797
47595.0,47604.8,True,synchronous,0.8594661757676514
47600.0,47609.8,True,synchronous,0.8605912222358253
47605.0,47614.8,True,synchronous,0.8605080893562408
47610.0,47619.8,True,synchronous,0.8603796668536939
47615.0,47624.8,True,synchronous,0.864699064967577
47620.0,47629.8,True,synchronous,0.8645903842012739
47625.0,47634.8,True,synchronous,0.8603796668536939
47630.0,47639.8,True,synchronous,0.8655539854353875
47635.0,47644.8,True,synchronous,0.8636469558131967
47640.0,47649.8,True,synchronous,0.8646990134702462
47645.0,47654.8,True,synchronous,0.864699064967577
47650.0,47659.8,True,synchronous,0.864867161681917
47655.0,47664.8,True,synchronous,0.8600057053343209
47660.0,47669.8,True,synchronous,0.8605460062977675
47665.0,47674.8,True,synchronous,0.8605081366671102
47670.0,47679.8,True,synchronous,0.8600056506740643
47675.0,47684.8,True,synchronous,0.8605460062977675
47680.0,47689.8,True,synchronous,0.8605459540409247
47685.0,47694.8,True,synchronous,0.8608827440165917
47690.0,47699.8,True,synchronous,0.8666099962777706
47695.0,47704.8,True,synchronous,0.8666098021043095
47700.0,47709.8,True,synchronous,0.8666107674631119
47705.0,47714.8,True,synchronous,0.8660647655339234
47710.0,47719.8,True,synchronous,0.8655532251807754
47715.0,47724.8,True,synchronous,0.864867161681917
47720.0,47729.8,True,synchronous,0.8666099962777706
47725.0,47734.8,True,synchronous,0.8666099962777706
47730.0,47739.8,True,synchronous,0.8666098018808813
47735.0,47744.8,True,synchronous,0.8666098021043095
47740.0,47749.8,True,synchronous,0.8603796670739191
47745.0,47754.8,True,synchronous,0.8600056412040397
47750.0,47759.8,True,synchronous,0.8600064526919352
47755.0,47764.8,True,synchronous,0.8595039467823056
47760.0,47769.8,True,synchronous,0.8595490543958298
47765.0,47774.8,True,synchronous,0.8595039467823056
47770.0,47779.8,True,synchronous,0.8595038937978834
47775.0,47784.8,True,synchronous,0.865534864652046
47780.0,47789.8,True,synchronous,0.8650772820928144
47785.0,47794.8,True,synchronous,0.8646990134702462
47790.0,47799.8,True,synchronous,0.864867166730687
47795.0,47804.8,True,synchronous,0.8599875864806646
47800.0,47809.8,True,synchronous,0.8605080815900076
47805.0,47814.8,True,synchronous,0.8638146252479597
47810.0,47819.8,True,synchronous,0.8655539854353875
47815.0,47824.8,True,synchronous,0.8666098021043095
47820.0,47829.8,True,synchronous,0.8600054487272134
47825.0,47834.8,True,synchronous,0.8605081366671102
47830.0,47839.8,True,synchronous,0.859466461474353
47835.0,47844.8,True,synchronous,0.8605081441019145
47840.0,47849.8,True,synchronous,0.8605911675249165
47845.0,47854.8,True,synchronous,0.864867166730687
47850.0,47859.8,True,synchronous,0.864699064967577
47855.0,47864.8,True,synchronous,0.8636469558131967
47860.0,47869.8,True,synchronous,0.864867166730687
47865.0,47874.8,True,synchronous,0.8666100053252448
47870.0,47879.8,True,synchronous,0.8666099445321577
47875.0,47884.8,True,synchronous,0.8666107670665935
47880.0,47889.8,True,synchronous,0.8605080809741569
47885.0,47894.8,True,synchronous,0.8605082738098777
47890.0,47899.8,True,synchronous,0.8605082738285259
47895.0,47904.8,True,synchronous,0.8605080892516292
47900.0,47909.8,True,synchronous,0.8605080890898827
47905.0,47914.8,True,synchronous,0.8608828922484373
47910.0,47919.8,True,synchronous,0.8605082738175411
47915.0,47924.8,True,synchronous,0.8594661677036852
47920.0,47929.8,True,synchronous,0.860508136008727
47925.0,47934.8,True,synchronous,0.8666097503782564
47930.0,47939.8,True,synchronous,0.8666098021043095
47935.0,47944.8,True,synchronous,0.8605082738216006
47940.0,47949.8,True,synchronous,0.8605050571509826
47945.0,47954.8,True,synchronous,0.8660647652375132
47950.0,47959.8,True,synchronous,0.8661005146869644
47955.0,47964.8,True,synchronous,0.8671586388210848
47960.0,47969.8,True,synchronous,0.860546008804299
47965.0,47974.8,True,synchronous,0.8605460067663814
47970.0,47979.8,True,synchronous,0.8605080819214336
47975.0,47984.8,True,synchronous,0.8605080892610342
47980.0,47989.8,True,synchronous,0.864867161681917
47985.0,47994.8,True,synchronous,0.865553022042911
47990.0,47999.8,True,synchronous,0.8638146236383262
47995.0,48004.8,True,synchronous,0.8608827360316068
48000.0,48009.8,True,synchronous,0.8652455361082243
48005.0,48014.8,True,synchronous,0.8666107674631119
48010.0,48019.8,True,synchronous,0.8600064526919352
48015.0,48024.8,True,synchronous,0.8603806175223957
48020.0,48029.8,True,synchronous,0.8605911673135315
48025.0,48034.8,True,synchronous,0.8661005123200969
48030.0,48039.8,True,synchronous,0.8661005146869644
48035.0,48044.8,True,synchronous,0.8605911622565608
48040.0,48049.8,True,synchronous,0.8605080812832319
48045.0,48054.8,True,synchronous,0.8605459540753387
48050.0,48059.8,True,synchronous,0.8605460062497773
48055.0,48064.8,True,synchronous,0.8594661757582693
48060.0,48069.8,True,synchronous,0.8608827363479347
48065.0,48074.8,True,synchronous,0.8608828922297732
48070.0,48079.8,True,synchronous,0.8608828922484373
48075.0,48084.8,True,synchronous,0.8605080892610342
48080.0,48089.8,True,synchronous,0.8605080812832319
48085.0,48094.8,True,synchronous,0.8605912172528525
48090.0,48099.8,True,synchronous,0.8594661758693545
48095.0,48104.8,True,synchronous,0.8605080812832319
48100.0,48109.8,True,synchronous,0.8605080890898827
48105.0,48114.8,True,synchronous,0.8608827366969721
48110.0,48119.8,True,synchronous,0.8605080812632678
48115.0,48124.8,True,synchronous,0.8605050571434097
48120.0,48129.8,True,synchronous,0.8605082738098777
48125.0,48134.8,True,synchronous,0.8605082738285259
48130.0,48139.8,True,synchronous,0.8609658884131729
48135.0,48144.8,True,synchronous,0.864867166730687
48140.0,48149.8,True,synchronous,0.8648671085501173
48145.0,48154.8,True,synchronous,0.860005448507178
48150.0,48159.8,True,synchronous,0.864867161681917
48155.0,48164.8,True,synchronous,0.8660647652172906
48160.0,48169.8,True,synchronous,0.865553022042911
48165.0,48174.8,True,synchronous,0.8661462637846715
48170.0,48179.8,True,synchronous,0.8661005142764235
48175.0,48184.8,True,synchronous,0.8666098021043095
48180.0,48189.8,True,synchronous,0.8605080809741569
48185.0,48194.8,True,synchronous,0.8638146236383262
48190.0,48199.8,True,synchronous,0.8638146304275276
48195.0,48204.8,True,synchronous,0.8608827440165917
48200.0,48209.8,True,synchronous,0.864699064967577
48205.0,48214.8,True,synchronous,0.864699064967577
48210.0,48219.8,True,synchronous,0.864867166730687
48215.0,48224.8,True,synchronous,0.8650772820928144
48220.0,48229.8,True,synchronous,0.8605911622947895
48225.0,48234.8,True,synchronous,0.8605459536524839
48230.0,48239.8,True,synchronous,0.8605912222596293
48235.0,48244.8,True,synchronous,0.8600057053343209
48240.0,48249.8,True,synchronous,0.8609658931961469
48245.0,48254.8,True,synchronous,0.8605083285742231
48250.0,48259.8,True,synchronous,0.8666107674631119
48255.0,48264.8,True,synchronous,0.864699064967577
48260.0,48269.8,True,synchronous,0.8646990134702462
48265.0,48274.8,True,synchronous,0.8648671600683586
48270.0,48279.8,True,synchronous,0.8655348654074289
48275.0,48284.8,True,synchronous,0.8605081440128348
48280.0,48289.8,True,synchronous,0.8672044957873627
48285.0,48294.8,True,synchronous,0.8665916071233706
48290.0,48299.8,True,synchronous,0.8669714760072021
48295.0,48304.8,True,synchronous,0.8605080812366678
48300.0,48309.8,True,synchronous,0.8661005122580965
48305.0,48314.8,True,synchronous,0.8666098018808813
48310.0,48319.8,True,synchronous,0.864867166730687
48315.0,48324.8,True,synchronous,0.8655532251807754
48320.0,48329.8,True,synchronous,0.8605460067663814
48325.0,48334.8,True,synchronous,0.860508089267161
48330.0,48339.8,True,synchronous,0.8608827363479347
48335.0,48344.8,True,synchronous,0.8603806171894868
48340.0,48349.8,True,synchronous,0.8605460057035661
48345.0,48354.8,True,synchronous,0.8636469558131967
48350.0,48359.8,True,synchronous,0.864699064967577
48355.0,48364.8,True,synchronous,0.8646990134702462
48360.0,48369.8,True,synchronous,0.8648671085501173
48365.0,48374.8,True,synchronous,0.8661463104220225
48370.0,48379.8,True,synchronous,0.865553984876082
48375.0,48384.8,True,synchronous,0.865553022042911
48380.0,48389.8,True,synchronous,0.8594661677034684
48385.0,48394.8,True,synchronous,0.8605081363356841
48390.0,48399.8,True,synchronous,0.8605459540753387
48395.0,48404.8,True,synchronous,0.8605460087698851
48400.0,48409.8,True,synchronous,0.8605081441019145
48405.0,48414.8,True,synchronous,0.8605081440067079
48410.0,48419.8,True,synchronous,0.8605080815740374
48415.0,48424.8,True,synchronous,0.864867166730687
48420.0,48429.8,True,synchronous,0.8665916071233706
48425.0,48434.8,True,synchronous,0.8665916078805994
48430.0,48439.8,True,synchronous,0.8599875864806646
48435.0,48444.8,True,synchronous,0.864867161681917
48440.0,48449.8,True,synchronous,0.864699064967577
48445.0,48454.8,True,synchronous,0.8648671600683586
48450.0,48459.8,True,synchronous,0.864867166730687
48455.0,48464.8,True,synchronous,0.8666097501548283
48460.0,48469.8,True,synchronous,0.8600057053343209
48465.0,48474.8,True,synchronous,0.860361737940307
48470.0,48479.8,True,synchronous,0.8638146252479597
48475.0,48484.8,True,synchronous,0.864699064967577
48480.0,48489.8,True,synchronous,0.8586619795214333
48485.0,48494.8,True,synchronous,0.8666107153136549
48490.0,48499.8,True,synchronous,0.8666098018808813
48495.0,48504.8,True,synchronous,0.8661005127947797
48500.0,48509.8,True,synchronous,0.8605460062497773
48505.0,48514.8,True,synchronous,0.8608827363590704
48510.0,48519.8,True,synchronous,0.8605080892407784
48515.0,48524.8,True,synchronous,0.8594661130641899
48520.0,48529.8,True,synchronous,0.8594661757737634
48525.0,48534.8,True,synchronous,0.8605081440067079
48530.0,48539.8,True,synchronous,0.8605081440128348
48535.0,48544.8,True,synchronous,0.8605080809741569
48540.0,48549.8,True,synchronous,0.8605080809477741
48545.0,48554.8,True,synchronous,0.8605459536524839
48550.0,48559.8,True,synchronous,0.8594664614819978
48555.0,48564.8,True,synchronous,0.8605911675249165
48560.0,48569.8,True,synchronous,0.864699064967577
48565.0,48574.8,True,fridge,0.7505586972884993
48570.0,48579.8,True,fridge,0.7515534553125688
48575.0,48584.8,True,fridge,0.7610779561096346
48580.0,48589.8,True,fridge,0.7610760813515237
48585.0,48594.8,True,fridge,0.7575503495338258
48590.0,48599.8,True,fridge,0.7458412877381472
48595.0,48604.8,True,fridge,0.7458412898783925
48600.0,48609.8,True,fridge,0.7468654038072203
48605.0,48614.8,True,fridge,0.7448614638589437
48610.0,48619.8,True,fridge,0.7574341216386902
48615.0,48624.8,True,fridge,0.7448614660213648
48620.0,48629.8,True,fridge,0.7457143349424534
48625.0,48634.8,True,fridge,0.7456218980539223
48630.0,48639.8,True,fridge,0.7463712258981953
48635.0,48644.8,True,fridge,0.7627058343386213
48640.0,48649.8,True,fridge,0.7473402953619808
48645.0,48654.8,True,fridge,0.7473402975299988
48650.0,48659.8,True,fridge,0.7473402975299988
48655.0,48664.8,True,fridge,0.7473402975299988
48660.0,48669.8,True,fridge,0.7473402964052018
48665.0,48674.8,True,fridge,0.7631406658211457
48670.0,48679.8,True,fridge,0.7631388088454889
48675.0,48684.8,True,fridge,0.7631406680804452
48680.0,48689.8,True,fridge,0.748358216828254
48685.0,48694.8,True,fridge,0.7473402953637042
48690.0,48699.8,True,fridge,0.7473402953637042
48695.0,48704.8,True,fridge,0.7473402953619808
48700.0,48709.8,True,fridge,0.7453474676174519
48705.0,48714.8,True,fridge,0.7463709962381083
48710.0,48719.8,True,fridge,0.7457143349424534
48715.0,48724.8,True,fridge,0.7610686209744693
48720.0,48729.8,True,fridge,0.7457143327627503
48725.0,48734.8,True,fridge,0.7456216699756497
48730.0,48739.8,True,fridge,0.7463706965475091
48735.0,48744.8,True,fridge,0.7589351275775743
48740.0,48749.8,True,fridge,0.74835822703095
48745.0,48754.8,True,fridge,0.746392100561419
48750.0,48759.8,True,fridge,0.746392100561419
48755.0,48764.8,True,fridge,0.7473402975299988
48760.0,48769.8,True,fridge,0.7473402316116006
48765.0,48774.8,True,fridge,0.7473402499917573
48770.0,48779.8,True,fridge,0.7473402701753673
48775.0,48784.8,True,fridge,0.7483457044026427
48780.0,48789.8,True,fridge,0.7626928819276729
48785.0,48794.8,True,fridge,0.7631258952522444
48790.0,48799.8,True,fridge,0.7589220454044743
48795.0,48804.8,True,fridge,0.7588697449137601
48800.0,48809.8,True,fridge,0.7588697179437003
48805.0,48814.8,True,fridge,0.747327814967671
48810.0,48819.8,True,fridge,0.7463920640388655
48815.0,48824.8,True,fridge,0.7463920475871444
48820.0,48829.8,True,fridge,0.7463920326695398
48825.0,48834.8,True,fridge,0.7463920984035145
48830.0,48839.8,True,fridge,0.746392100561419
48835.0,48844.8,True,fridge,0.75888262288909
48840.0,48849.8,True,fridge,0.7627058366007556
48845.0,48854.8,True,fridge,0.7463921005327249
48850.0,48859.8,True,fridge,0.7473402964052018
48855.0,48864.8,True,fridge,0.7463920995543656
48860.0,48869.8,True,fridge,0.7473402316289114
48865.0,48874.8,True,fridge,0.7631388187974092
48870.0,48879.8,True,fridge,0.7463920338031423
48875.0,48884.8,True,fridge,0.746392100561419
48880.0,48889.8,True,fridge,0.7473402953637042
48885.0,48894.8,True,fridge,0.7463920973964611
48890.0,48899.8,True,fridge,0.7453474697950108
48895.0,48904.8,True,fridge,0.7457143338290706
48900.0,48909.8,True,fridge,0.7466461790783544
48905.0,48914.8,True,fridge,0.7453472386601263
48910.0,48919.8,True,fridge,0.7463921005327249
48915.0,48924.8,True,fridge,0.7473402975299988
48920.0,48929.8,True,fridge,0.746392100561419
48925.0,48934.8,True,fridge,0.7463920348101999
48930.0,48939.8,True,fridge,0.7473402294453063
48935.0,48944.8,True,fridge,0.7473402975299988
48940.0,48949.8,True,fridge,0.7473402942389072
48945.0,48954.8,True,fridge,0.7463920984035145
48950.0,48959.8,True,fridge,0.7453474709256565
48955.0,48964.8,True,fridge,0.7453472408857277
48960.0,48969.8,True,fridge,0.7466461753011728
48965.0,48974.8,True,fridge,0.7453472408376839
48970.0,48979.8,True,fridge,0.7463921005327249
48975.0,48984.8,True,fridge,0.7463762477584854
48980.0,48989.8,True,fridge,0.7589351312891198
48985.0,48994.8,True,fridge,0.7589348435366372
48990.0,48999.8,True,fridge,0.7483586806119509
48995.0,49004.8,True,fridge,0.7463920995543656
49000.0,49009.8,True,fridge,0.7443943520180778
49005.0,49014.8,True,fridge,0.7443943508612657
49010.0,49019.8,True,fridge,0.7447603097542522
49015.0,49024.8,True,fridge,0.7447443582038901
49020.0,49029.8,True,fridge,0.746865393747031
49025.0,49034.8,True,fridge,0.7575127028566547
49030.0,49039.8,True,fridge,0.7468409244028279
49035.0,49044.8,True,fridge,0.7574866749155571
49040.0,49049.8,True,fridge,0.7575241105784258
49045.0,49054.8,True,fridge,0.7575241105784258
49050.0,49059.8,True,fridge,0.7458158867249972
49055.0,49064.8,True,fridge,0.7458158867039212
49060.0,49069.8,True,fridge,0.7457143338290706
49065.0,49074.8,True,fridge,0.7446678772977694
49070.0,49079.8,True,fridge,0.7453474709256565
49075.0,49084.8,True,fridge,0.7473402975299988
49080.0,49089.8,True,fridge,0.7589351300905682
49085.0,49094.8,True,fridge,0.746392100561419
49090.0,49099.8,True,fridge,0.7473402975282755
49095.0,49104.8,True,fridge,0.7453474676174519
49100.0,49109.8,True,fridge,0.7447603075830372
49105.0,49114.8,True,fridge,0.7457143349635237
49110.0,49119.8,True,fridge,0.7610686218503695
49115.0,49124.8,True,fridge,0.7612844073272637
49120.0,49129.8,True,fridge,0.7458158845541206
49125.0,49134.8,True,fridge,0.7574866558448092
49130.0,49139.8,True,fridge,0.7457143327627503
49135.0,49144.8,True,fridge,0.746739097497099
49140.0,49149.8,True,fridge,0.7612843986835917
49145.0,49154.8,True,fridge,0.7457143338290706
49150.0,49159.8,True,fridge,0.7463709880966056
49155.0,49164.8,True,fridge,0.7443943508612657
49160.0,49169.8,True,fridge,0.746392100561419
49165.0,49174.8,True,fridge,0.7589349163344113
49170.0,49179.8,True,fridge,0.7589351312891198
49175.0,49184.8,True,fridge,0.762660042041329
49180.0,49189.8,True,fridge,0.7473402975299988
49185.0,49194.8,True,fridge,0.7463921005327249
49190.0,49199.8,True,fridge,0.7453472386601263
49195.0,49204.8,True,fridge,0.7456218982050233
49200.0,49209.8,True,fridge,0.7457143327627503
49205.0,49214.8,True,fridge,0.744892710494679
49210.0,49219.8,True,fridge,0.7419168037155455
49215.0,49224.8,True,synchronous,0.8655420423197457
49220.0,49229.8,True,synchronous,0.8660538196417172
49225.0,49234.8,True,synchronous,0.8660538202323104
49230.0,49239.8,True,synchronous,0.8660538208564107
49235.0,49244.8,True,synchronous,0.8636358447162394
49240.0,49249.8,True,synchronous,0.8634657577020446
49245.0,49254.8,True,synchronous,0.8634657576829113
49250.0,49259.8,True,synchronous,0.863573843080575
49255.0,49264.8,True,synchronous,0.8626196746661206
49260.0,49269.8,True,synchronous,0.8625103859657555
49265.0,49274.8,True,synchronous,0.8625118432511836
49270.0,49279.8,True,synchronous,0.8625118542156841
49275.0,49284.8,True,synchronous,0.8634642975800078
49280.0,49289.8,True,synchronous,0.8634657577020446
49285.0,49294.8,True,synchronous,0.8635275190153042
49290.0,49299.8,True,synchronous,0.8635256501350967
49295.0,49304.8,True,synchronous,0.863635429483298
49300.0,49309.8,True,synchronous,0.8660891631965727
49305.0,49314.8,True,synchronous,0.863635429483298
49310.0,49319.8,True,synchronous,0.865553984876082
49315.0,49324.8,True,synchronous,0.8661463152581803
49320.0,49329.8,True,synchronous,0.865553022042911
49325.0,49334.8,True,synchronous,0.8635271034965225
49330.0,49339.8,True,synchronous,0.8635256501350967
49335.0,49344.8,True,synchronous,0.8635275190153042
49340.0,49349.8,True,synchronous,0.8634642971914024
49345.0,49354.8,True,synchronous,0.8634642971722692
49350.0,49359.8,True,synchronous,0.8634655783370312
49355.0,49364.8,True,synchronous,0.8626196984236691
49360.0,49369.8,True,synchronous,0.864521584859068
49365.0,49374.8,True,synchronous,0.8645213901219794
49370.0,49379.8,True,synchronous,0.86278697220588
49375.0,49384.8,True,synchronous,0.8626196984236691
49380.0,49389.8,True,synchronous,0.8645213903443528
49385.0,49394.8,True,synchronous,0.8645031937888991
49390.0,49399.8,True,synchronous,0.8626196984236691
49395.0,49404.8,True,synchronous,0.864521584859068
49400.0,49409.8,True,synchronous,0.8627869670161241
49405.0,49414.8,True,synchronous,0.8626196984393175
49410.0,49419.8,True,synchronous,0.8626196637016609
49415.0,49424.8,True,synchronous,0.8648935680838207
49420.0,49429.8,True,synchronous,0.8648935674713398
49425.0,49434.8,True,synchronous,0.8651132154796419
49430.0,49439.8,True,synchronous,0.8651132203137881
49435.0,49444.8,True,synchronous,0.8645031691782897
49440.0,49449.8,True,synchronous,0.862786943233293
49445.0,49454.8,True,synchronous,0.8626196736791684
49450.0,49459.8,True,synchronous,0.8625118542156841
49455.0,49464.8,True,synchronous,0.8627869779878488
49460.0,49469.8,True,synchronous,0.8626196984393175
49465.0,49474.8,True,synchronous,0.8651132391301032
49470.0,49479.8,True,synchronous,0.8626196984236691
49475.0,49484.8,True,synchronous,0.8626196984236691
49480.0,49489.8,True,synchronous,0.8625118432357525
49485.0,49494.8,True,synchronous,0.8626196984393175
49490.0,49499.8,True,synchronous,0.8626196984421391
49495.0,49504.8,True,synchronous,0.8626196746661206
49500.0,49509.8,True,synchronous,0.8637427514610011
49505.0,49514.8,True,synchronous,0.8635738430885731
49510.0,49519.8,True,synchronous,0.8660729085714206
49515.0,49524.8,True,synchronous,0.8634642971914024
49520.0,49529.8,True,synchronous,0.8635112610110052
49525.0,49534.8,True,synchronous,0.8636358447192396
49530.0,49539.8,True,synchronous,0.863527103770311
49535.0,49544.8,True,synchronous,0.8635271034965225
49540.0,49549.8,True,synchronous,0.8660647658682445
49545.0,49554.8,True,synchronous,0.8638031160364231
49550.0,49559.8,True,synchronous,0.8655234733056144
49555.0,49564.8,True,synchronous,0.8636358440704178
49560.0,49569.8,True,synchronous,0.8660538196417172
49565.0,49574.8,True,synchronous,0.8636358440674176
49570.0,49579.8,True,synchronous,0.8636358447162394
49575.0,49584.8,True,synchronous,0.8660895724296005
49580.0,49589.8,True,synchronous,0.8660538211737928
49585.0,49594.8,True,synchronous,0.8660538211737928
49590.0,49599.8,True,synchronous,0.8660538283266642
49595.0,49604.8,True,synchronous,0.8660538201937975
49600.0,49609.8,True,synchronous,0.8637415040386155
49605.0,49614.8,True,synchronous,0.8635738431122291
49610.0,49619.8,True,synchronous,0.8634657576749174
49615.0,49624.8,True,synchronous,0.8626196746661206
49620.0,49629.8,True,synchronous,0.8626196984421391
49625.0,49634.8,True,synchronous,0.8626196984393175
49630.0,49639.8,True,synchronous,0.8626196984236691
49635.0,49644.8,True,synchronous,0.8626196984236691
49640.0,49649.8,True,synchronous,0.8645223510222466
49645.0,49654.8,True,synchronous,0.8626196984421391
49650.0,49659.8,True,synchronous,0.8648935406327983
49655.0,49664.8,True,synchronous,0.8626196746661206
49660.0,49669.8,True,synchronous,0.8637414967896866
49665.0,49674.8,True,synchronous,0.8635738430930858
49670.0,49679.8,True,synchronous,0.8634657577020446
49675.0,49684.8,True,synchronous,0.8635275190153042
49680.0,49689.8,True,synchronous,0.863527103770311
49685.0,49694.8,True,synchronous,0.8635271034962885
49690.0,49699.8,True,synchronous,0.8636469558131967
49695.0,49704.8,True,synchronous,0.8635271034965225
49700.0,49709.8,True,synchronous,0.863527103770311
49705.0,49714.8,True,synchronous,0.863527519133575
49710.0,49719.8,True,synchronous,0.8637415040386155
49715.0,49724.8,True,synchronous,0.8634657577020446
49720.0,49729.8,True,synchronous,0.8634670115515597
49725.0,49734.8,True,synchronous,0.8651131942760724
49730.0,49739.8,True,synchronous,0.8651132152152838
49735.0,49744.8,True,synchronous,0.8626196984421391
49740.0,49749.8,True,synchronous,0.8627869722256825
49745.0,49754.8,True,synchronous,0.8627869722256825
49750.0,49759.8,True,synchronous,0.8648935680594909
49755.0,49764.8,True,synchronous,0.8625118432511836
49760.0,49769.8,True,synchronous,0.8634670115515597
49765.0,49774.8,True,synchronous,0.8634642971722692
49770.0,49779.8,True,synchronous,0.8635098003464243
49775.0,49784.8,True,synchronous,0.8635256501350967
49780.0,49789.8,True,synchronous,0.8635271034965225
49785.0,49794.8,True,synchronous,0.8635256498613059
49790.0,49799.8,True,synchronous,0.86352565078436
49795.0,49804.8,True,synchronous,0.8634657577020446
49800.0,49809.8,True,synchronous,0.8634642971722692
49805.0,49814.8,True,synchronous,0.8635377694188496
49810.0,49819.8,True,synchronous,0.8625118432357525
49815.0,49824.8,True,synchronous,0.8626196984236691
49820.0,49829.8,True,synchronous,0.8627359160199285
49825.0,49834.8,True,synchronous,0.8634642971642753
49830.0,49839.8,True,synchronous,0.8635364932475992
49835.0,49844.8,True,synchronous,0.86352565078436
49840.0,49849.8,True,synchronous,0.8635976476573921
49845.0,49854.8,True,synchronous,0.863635429483298
49850.0,49859.8,True,synchronous,0.8635256501350967
49855.0,49864.8,True,synchronous,0.863526065383814
49860.0,49869.8,True,synchronous,0.8634657577020446
49865.0,49874.8,True,synchronous,0.8634657576829113
49870.0,49879.8,True,synchronous,0.8634657576749174
49875.0,49884.8,True,synchronous,0.8645031691782897
49880.0,49889.8,True,synchronous,0.8654819879677407
49885.0,49894.8,True,synchronous,0.8635738430885731
49890.0,49899.8,True,synchronous,0.8635738430930858
49895.0,49904.8,True,synchronous,0.8637414988452379
49900.0,49909.8,True,synchronous,0.8637579890544116
49905.0,49914.8,True,synchronous,0.8655430055527623
49910.0,49919.8,True,synchronous,0.8638035240658498
49915.0,49924.8,True,synchronous,0.8660895700974317
49920.0,49929.8,True,synchronous,0.8637415040386155
49925.0,49934.8,True,synchronous,0.8660729086391988
49930.0,49939.8,True,synchronous,0.8634568100967606
49935.0,49944.8,True,synchronous,0.8679586098922136
49940.0,49949.8,True,synchronous,0.7950911862751542
49945.0,49954.8,True,synchronous,0.8223667529110518
49950.0,49959.8,True,synchronous,0.9790707132041635
49955.0,49964.8,True,synchronous,0.979109938878259
49960.0,49969.8,True,synchronous,0.9790707132014774
49965.0,49974.8,True,synchronous,0.9791099386218804
49970.0,49979.8,True,synchronous,0.9796303972641144
49975.0,49984.8,True,synchronous,0.9791099388756932
49980.0,49989.8,True,synchronous,0.9791099397761356
49985.0,49994.8,True,synchronous,0.9790707132014774
49990.0,49999.8,True,synchronous,0.9792116318159055
49995.0,50004.8,True,synchronous,0.9794827113351615
50000.0,50009.8,True,synchronous,0.9795886362558901
50005.0,50014.8,True,synchronous,0.979588637552611
50010.0,50019.8,True,synchronous,0.9795886362519025
50015.0,50024.8,True,synchronous,0.9796297966422866
50020.0,50029.8,True,synchronous,0.9794827056171413
50025.0,50034.8,True,synchronous,0.9796297970228013
50030.0,50039.8,True,synchronous,0.9790707132041635
50035.0,50044.8,True,synchronous,0.9790422132171168
50040.0,50049.8,True,synchronous,0.9791407318367387
50045.0,50054.8,True,synchronous,0.9791676386805139
50050.0,50059.8,True,synchronous,0.9791404716248678
50055.0,50064.8,True,synchronous,0.9791404716248678
50060.0,50069.8,True,synchronous,0.9792066780556319
50065.0,50074.8,True,synchronous,0.9792066780556319
50070.0,50079.8,True,synchronous,0.9791676386805139
50075.0,50084.8,True,synchronous,0.9795746393267623
50080.0,50089.8,True,synchronous,0.9797241349514485
50085.0,50094.8,True,synchronous,0.9797205624845299
50090.0,50099.8,True,synchronous,0.9797199637083853
50095.0,50104.8,True,synchronous,0.9795779423572496
50100.0,50109.8,True,synchronous,0.9796831642891647
50105.0,50114.8,True,synchronous,0.9796831642933432
50110.0,50119.8,True,synchronous,0.9797247337480591
50115.0,50124.8,True,synchronous,0.9795779423572496
50120.0,50129.8,True,synchronous,0.9791404716248678
50125.0,50134.8,True,synchronous,0.9791404716248678
50130.0,50139.8,True,synchronous,0.9791400352510085
50135.0,50144.8,True,synchronous,0.9790422132642781
50140.0,50149.8,True,synchronous,0.979209205594771
50145.0,50154.8,True,synchronous,0.9791701685280739
50150.0,50159.8,True,synchronous,0.9791134541621641
50155.0,50164.8,True,synchronous,0.9794864381801507
50160.0,50169.8,True,synchronous,0.979109938878259
50165.0,50174.8,True,synchronous,0.9795886745146298
50170.0,50179.8,True,synchronous,0.9795921716424664
50175.0,50184.8,True,synchronous,0.9796303981309435
50180.0,50189.8,True,synchronous,0.9790742257969953
50185.0,50194.8,True,synchronous,0.9790742257969953
50190.0,50199.8,True,synchronous,0.9791725945736938
50195.0,50204.8,True,synchronous,0.9795921716190922
50200.0,50209.8,True,synchronous,0.9794864382003152
50205.0,50214.8,True,synchronous,0.9797291168934039
50210.0,50219.8,True,synchronous,0.979633332351615
50215.0,50224.8,True,synchronous,0.9794862268476161
50220.0,50229.8,True,synchronous,0.9791134541621641
50225.0,50234.8,True,synchronous,0.9794862284077547
50230.0,50239.8,True,synchronous,0.9790707132041635
50235.0,50244.8,True,synchronous,0.9796297966433477
50240.0,50249.8,True,synchronous,0.9791272213763781
50245.0,50254.8,True,synchronous,0.9789655361668631
50250.0,50259.8,True,synchronous,0.9795506056802984
50255.0,50264.8,True,synchronous,0.9795506043777591
50260.0,50269.8,True,synchronous,0.9795579819399989
50265.0,50274.8,True,synchronous,0.9794094378774534
50270.0,50279.8,True,synchronous,0.9795579827433023
50275.0,50284.8,True,synchronous,0.9794094378774534
50280.0,50289.8,True,synchronous,0.9795579819417306
50285.0,50294.8,True,synchronous,0.9795506056830675
50290.0,50299.8,True,synchronous,0.9795506056802984
50295.0,50304.8,True,synchronous,0.9795506042931753
50300.0,50309.8,True,synchronous,0.9794094378774534
50305.0,50314.8,True,synchronous,0.9790337572608109
50310.0,50319.8,True,synchronous,0.9795579827433023
50315.0,50324.8,True,synchronous,0.9795506043366797
50320.0,50329.8,True,synchronous,0.9795506043324512
50325.0,50334.8,True,synchronous,0.9795506043324512
50330.0,50339.8,True,synchronous,0.9794094379053162
50335.0,50344.8,True,synchronous,0.9790337563538858
50340.0,50349.8,True,synchronous,0.979557377372451
50345.0,50354.8,True,synchronous,0.979406101590213
50350.0,50359.8,True,synchronous,0.9794092208391952
50355.0,50364.8,True,synchronous,0.979406101590213
50360.0,50369.8,True,synchronous,0.9795506042931753
50365.0,50374.8,True,synchronous,0.9794092208678356
50370.0,50379.8,True,synchronous,0.9794061014822772
50375.0,50384.8,True,synchronous,0.9795573773707192
50380.0,50389.8,True,synchronous,0.9794061014822772
50385.0,50394.8,True,synchronous,0.979557981902063
50390.0,50399.8,True,synchronous,0.9795506056796648
50395.0,50404.8,True,synchronous,0.9795506044286943
50400.0,50409.8,True,synchronous,0.9795573773707192
50405.0,50414.8,True,synchronous,0.9795573773782368
50410.0,50419.8,True,synchronous,0.9790337572583419
50415.0,50424.8,True,synchronous,0.9790337572583419
50420.0,50429.8,True,synchronous,0.9794094378774534
50425.0,50434.8,True,synchronous,0.9794094379053162
50430.0,50439.8,True,synchronous,0.9795506043817758
50435.0,50444.8,True,synchronous,0.9795573773707192
50440.0,50449.8,True,synchronous,0.9795573769315458
50445.0,50454.8,True,synchronous,0.979557377322491
50450.0,50459.8,True,synchronous,0.979557981900331
50455.0,50464.8,True,synchronous,0.9795573770042793
50460.0,50469.8,True,synchronous,0.9795506043366797
50465.0,50474.8,True,synchronous,0.9795573768610735
50470.0,50479.8,True,synchronous,0.9795506056820303
50475.0,50484.8,True,synchronous,0.9795579819054179
50480.0,50489.8,True,synchronous,0.979406101590213
50485.0,50494.8,True,synchronous,0.9795579827769331
50490.0,50499.8,True,synchronous,0.9795573770042793
50495.0,50504.8,True,synchronous,0.979557981900331
50500.0,50509.8,True,synchronous,0.979557981900331
50505.0,50514.8,True,synchronous,0.9795573773782368
50510.0,50519.8,True,synchronous,0.9795573769424143
50515.0,50524.8,True,synchronous,0.979557377322491
50520.0,50529.8,True,synchronous,0.9795573773172404
50525.0,50534.8,True,synchronous,0.9794061015914951
50530.0,50539.8,True,synchronous,0.9795573773707192
50535.0,50544.8,True,synchronous,0.9795506429145715
50540.0,50549.8,True,synchronous,0.9795506429145715
50545.0,50554.8,True,synchronous,0.9794092249936297
50550.0,50559.8,True,synchronous,0.9795579827721231
50555.0,50564.8,True,synchronous,0.9795579819054179
50560.0,50569.8,True,synchronous,0.9795573769315458
50565.0,50574.8,True,synchronous,0.9794092265794143
50570.0,50579.8,True,synchronous,0.979557981900331
50575.0,50584.8,True,synchronous,0.9795506043817758
50580.0,50589.8,True,synchronous,0.9795506429210524
50585.0,50594.8,True,synchronous,0.9795506429193205
50590.0,50599.8,True,synchronous,0.9795506043324512
50595.0,50604.8,True,synchronous,0.979557377322491
50600.0,50609.8,True,synchronous,0.979557377322491
50605.0,50614.8,True,synchronous,0.979550642916499
50610.0,50619.8,True,synchronous,0.9795506429182309
50615.0,50624.8,True,synchronous,0.9795506429163034
50620.0,50629.8,True,fridge,0.6442885398396629
50625.0,50634.8,True,fridge,0.8189255394600667
50630.0,50639.8,True,fridge,0.8430272335437883
50635.0,50644.8,True,fridge,0.84302722522004
50640.0,50649.8,True,fridge,0.8430273022207717
50645.0,50654.8,True,fridge,0.8367686340302143
50650.0,50659.8,True,fridge,0.8367686340302143
50655.0,50664.8,True,fridge,0.8430273099509448
50660.0,50669.8,True,fridge,0.8222393346431732
50665.0,50674.8,True,fridge,0.8207267486604554
50670.0,50679.8,True,fridge,0.8226538828826608
50675.0,50684.8,True,fridge,0.8427107098532188
50680.0,50689.8,True,fridge,0.8222393346431732
50685.0,50694.8,True,fridge,0.8222393346431732
50690.0,50699.8,True,fridge,0.8367809086824047
50695.0,50704.8,True,fridge,0.836696271206047
50700.0,50709.8,True,fridge,0.8427106336302798
50705.0,50714.8,True,fridge,0.8427102580591763
50710.0,50719.8,True,fridge,0.8430273047984126
50715.0,50724.8,True,fridge,0.8430273097773754
50720.0,50729.8,True,fridge,0.843028835721526
50725.0,50734.8,True,fridge,0.8427107050021012
50730.0,50739.8,True,fridge,0.8427107061768572
50735.0,50744.8,True,fridge,0.8430273067256286
50740.0,50749.8,True,fridge,0.8427102688198298
50745.0,50754.8,True,fridge,0.8430272335437883
50750.0,50759.8,True,fridge,0.836768635156626
50755.0,50764.8,True,fridge,0.8207266641882118
50760.0,50769.8,True,fridge,0.8226535349918472
50765.0,50774.8,True,fridge,0.8226539666536644
50770.0,50779.8,True,fridge,0.8222396822902905
50775.0,50784.8,True,fridge,0.8427102610861733
50780.0,50789.8,True,fridge,0.8367691781690598
50785.0,50794.8,True,fridge,0.8431467806281331
50790.0,50799.8,True,fridge,0.8427101818034771
50795.0,50804.8,True,fridge,0.8367809164651863
50800.0,50809.8,True,fridge,0.8427107084245011
50805.0,50814.8,True,fridge,0.8431463297637176
50810.0,50819.8,True,fridge,0.8431467820583308
50815.0,50824.8,True,fridge,0.8222393245737943
50820.0,50829.8,True,fridge,0.8226535250588397
50825.0,50834.8,True,fridge,0.8431463369323934
50830.0,50839.8,True,fridge,0.8430273022207717
50835.0,50844.8,True,fridge,0.836768635156626
50840.0,50849.8,True,fridge,0.8427107098532188
50845.0,50854.8,True,fridge,0.8427106319760373
50850.0,50859.8,True,fridge,0.8430272315703476
50855.0,50864.8,True,fridge,0.8427107061768572
50860.0,50869.8,True,fridge,0.8434642692132746
50865.0,50874.8,True,fridge,0.8434642692132746
50870.0,50879.8,True,fridge,0.8434627402043491
50875.0,50884.8,True,fridge,0.836769177009699
50880.0,50889.8,True,fridge,0.836769255516207
50885.0,50894.8,True,fridge,0.8430273047503181
50890.0,50899.8,True,fridge,0.8372099017973045
50895.0,50904.8,True,fridge,0.8226535349918472
50900.0,50909.8,True,fridge,0.8367809095237707
50905.0,50914.8,True,fridge,0.8430273067256286
50910.0,50919.8,True,fridge,0.8430272281809075
50915.0,50924.8,True,fridge,0.8430272271444484
50920.0,50929.8,True,fridge,0.8427102560495284
50925.0,50934.8,True,fridge,0.843027233330322
50930.0,50939.8,True,fridge,0.8430272240137409
50935.0,50944.8,True,fridge,0.8430272354083392
50940.0,50949.8,True,fridge,0.822239250720944
50945.0,50954.8,True,fridge,0.8222396822902905
50950.0,50959.8,True,fridge,0.8367687125369295
50955.0,50964.8,True,fridge,0.8207267486604554
50960.0,50969.8,True,fridge,0.822239250720944
50965.0,50974.8,True,fridge,0.8427107050021012
50970.0,50979.8,True,fridge,0.8427106287791606
50975.0,50984.8,True,fridge,0.843146333529701
50980.0,50989.8,True,fridge,0.836696271206047
50985.0,50994.8,True,fridge,0.8430273082865267
50990.0,50999.8,True,fridge,0.8430287604530411
50995.0,51004.8,True,fridge,0.8367809871844436
51000.0,51009.8,True,fridge,0.8207267486604554
51005.0,51014.8,True,fridge,0.8427102560495284
51010.0,51019.8,True,fridge,0.8434626704625056
51015.0,51024.8,True,fridge,0.84314685325592
51020.0,51029.8,True,fridge,0.8427107061768572
51025.0,51034.8,True,fridge,0.84271070631981
51030.0,51039.8,True,fridge,0.8431464166220362
51035.0,51044.8,True,fridge,0.8434627372662674
51040.0,51049.8,True,fridge,0.843028835721526
51045.0,51054.8,True,fridge,0.8430273033328924
51050.0,51059.8,True,fridge,0.8430273097773754
51055.0,51064.8,True,fridge,0.8431463276817458
51060.0,51069.8,True,fridge,0.8434626674985788
51065.0,51074.8,True,fridge,0.84271070631981
51070.0,51079.8,True,fridge,0.8427101859990056
51075.0,51084.8,True,fridge,0.8427107098532188
51080.0,51089.8,True,fridge,0.822239250720944
51085.0,51094.8,True,fridge,0.8427101859990056
51090.0,51099.8,True,fridge,0.836768635156626
51095.0,51104.8,True,fridge,0.84271070631981
51100.0,51109.8,True,fridge,0.843146854574993
51105.0,51114.8,True,fridge,0.8431467785212624
51110.0,51119.8,True,fridge,0.8434626704625056
51115.0,51124.8,True,fridge,0.8427106322015613
51120.0,51129.8,True,fridge,0.8222397662123613
51125.0,51134.8,True,fridge,0.8207267486604554
51130.0,51139.8,True,fridge,0.8367687136633407
51135.0,51144.8,True,fridge,0.8427106308072465
51140.0,51149.8,True,fridge,0.8427106336302798
51145.0,51154.8,True,fridge,0.8427107081989771
51150.0,51159.8,True,fridge,0.8427101797236586
51155.0,51164.8,True,fridge,0.8427101827506568
51160.0,51169.8,True,fridge,0.842710180461571
51165.0,51174.8,True,fridge,0.8430273136153655
51170.0,51179.8,True,fridge,0.8367809871844436
51175.0,51184.8,True,fridge,0.8222392406515613
51180.0,51189.8,True,fridge,0.8367809871844436
51185.0,51194.8,True,fridge,0.8430272285185998
51190.0,51199.8,True,fridge,0.8430272314794673
51195.0,51204.8,True,fridge,0.8427102580591763
51200.0,51209.8,True,fridge,0.8430273117508154
51205.0,51214.8,True,fridge,0.8427107050021012
51210.0,51219.8,True,fridge,0.8430273082865267
51215.0,51224.8,True,fridge,0.8430288364480764
51220.0,51229.8,True,fridge,0.8434627367126307
51225.0,51234.8,True,fridge,0.8427102558313572
51230.0,51239.8,True,fridge,0.8211393414947963
51235.0,51244.8,True,fridge,0.8222396822902905
51240.0,51249.8,True,fridge,0.8427106287791606
51245.0,51254.8,True,fridge,0.8367691778510417
51250.0,51259.8,True,fridge,0.836768635156626
51255.0,51264.8,True,fridge,0.8427101904843162
51260.0,51269.8,True,fridge,0.8434642693289688
51265.0,51274.8,True,fridge,0.8434627372662674
51270.0,51279.8,True,fridge,0.843027233330322
51275.0,51284.8,True,fridge,0.842710632829367
51280.0,51289.8,True,fridge,0.8371976062197739
51285.0,51294.8,True,fridge,0.8211394250070336
51290.0,51299.8,True,fridge,0.8207266643486856
51295.0,51304.8,True,fridge,0.8222392406515613
51300.0,51309.8,True,fridge,0.8431468564561058
51305.0,51314.8,True,fridge,0.8427101855655653
51310.0,51319.8,True,fridge,0.8427106322015613
51315.0,51324.8,True,fridge,0.8211394250070336
51320.0,51329.8,True,fridge,0.8430273053514779
51325.0,51334.8,True,fridge,0.8430272335437883
51330.0,51339.8,True,fridge,0.8367687136633407
51335.0,51344.8,True,fridge,0.8222396822902905
51340.0,51349.8,True,fridge,0.8366961969354779
51345.0,51354.8,True,fridge,0.8427106319760373
51350.0,51359.8,True,fridge,0.8367809095237707
51355.0,51364.8,True,fridge,0.8367686340302143
51360.0,51369.8,True,fridge,0.8222396822902905
51365.0,51374.8,True,fridge,0.8430272317439171
51370.0,51379.8,True,fridge,0.8427101774958387
51375.0,51384.8,True,fridge,0.8427101774958387
51380.0,51389.8,True,fridge,0.8434626656321011
51385.0,51394.8,True,fridge,0.8430272335437883
51390.0,51399.8,True,fridge,0.8427106344836094
51395.0,51404.8,True,fridge,0.8427106319760373
51400.0,51409.8,True,fridge,0.8430273099509448
51405.0,51414.8,True,fridge,0.8430273115373491
51410.0,51419.8,True,fridge,0.822239250720944
51415.0,51424.8,True,fridge,0.8434626606017203
51420.0,51429.8,True,fridge,0.8431463274854003
51425.0,51434.8,True,fridge,0.8427101797236586
51430.0,51439.8,True,fridge,0.8427106296324902
51435.0,51444.8,True,fridge,0.8430273032312494
51440.0,51449.8,True,fridge,0.8207266641882118
51445.0,51454.8,True,fridge,0.822239250720944
51450.0,51459.8,True,fridge,0.8427106336302798
51455.0,51464.8,True,fridge,0.8427106336302798
51460.0,51469.8,True,fridge,0.8187722115584712
51465.0,51474.8,True,fridge,0.643315021945739
51470.0,51479.8,True,synchronous,0.9795506056802984
51475.0,51484.8,True,synchronous,0.9795506043324512
51480.0,51489.8,True,synchronous,0.979557981900331
51485.0,51494.8,True,synchronous,0.979406101483559
51490.0,51499.8,True,synchronous,0.9795506056802984
51495.0,51504.8,True,synchronous,0.9795506042931753
51500.0,51509.8,True,synchronous,0.9795506043366797
51505.0,51514.8,True,synchronous,0.979550605695227
51510.0,51519.8,True,synchronous,0.9795573770042793
51515.0,51524.8,True,synchronous,0.9795579819054179
51520.0,51529.8,True,synchronous,0.9795573769315458
51525.0,51534.8,True,synchronous,0.9795579827433023
51530.0,51539.8,True,synchronous,0.9790337560956524
51535.0,51544.8,True,synchronous,0.9789942455618409
51540.0,51549.8,True,synchronous,0.9789942455593722
51545.0,51554.8,True,synchronous,0.9790337563538858
51550.0,51559.8,True,synchronous,0.9794092208391952
51555.0,51564.8,True,synchronous,0.979406101590213
51560.0,51569.8,True,synchronous,0.9790337560956524
51565.0,51574.8,True,synchronous,0.9795573770042793
51570.0,51579.8,True,synchronous,0.979557981900331
51575.0,51584.8,True,synchronous,0.9789942455593722
51580.0,51589.8,True,synchronous,0.9789942455601173
51585.0,51594.8,True,synchronous,0.9794061014822772
51590.0,51599.8,True,synchronous,0.9795506042931753
51595.0,51604.8,True,synchronous,0.9795506043324512
51600.0,51609.8,True,synchronous,0.9795506042931753
51605.0,51614.8,True,synchronous,0.9794092208391952
51610.0,51619.8,True,synchronous,0.9794094378774534
51615.0,51624.8,True,synchronous,0.9794092249936297
51620.0,51629.8,True,synchronous,0.9790337563538858
51625.0,51634.8,True,synchronous,0.9794092265794143
51630.0,51639.8,True,synchronous,0.9790337572583419
51635.0,51644.8,True,synchronous,0.9794061015914951
51640.0,51649.8,True,synchronous,0.9795506056802984
51645.0,51654.8,True,synchronous,0.9795506056779331
51650.0,51659.8,True,synchronous,0.9795579819399989
51655.0,51664.8,True,synchronous,0.9794092208678356
51660.0,51669.8,True,synchronous,0.9794094378774534
51665.0,51674.8,True,synchronous,0.9795506056802984
51670.0,51679.8,True,synchronous,0.9794092265794143
51675.0,51684.8,True,synchronous,0.9794092265794143
51680.0,51689.8,True,synchronous,0.9795506056820303
51685.0,51694.8,True,synchronous,0.9794092208678356
51690.0,51699.8,True,synchronous,0.979406101590213
51695.0,51704.8,True,synchronous,0.9795579827433023
51700.0,51709.8,True,synchronous,0.9795573773782368
51705.0,51714.8,True,synchronous,0.9795579819399989
51710.0,51719.8,True,synchronous,0.979557981900331
51715.0,51724.8,True,synchronous,0.979557981900331
51720.0,51729.8,True,synchronous,0.9795506043324512
51725.0,51734.8,True,synchronous,0.9795506042931753
51730.0,51739.8,True,synchronous,0.9795506429169932
51735.0,51744.8,True,synchronous,0.979550642916499
51740.0,51749.8,True,synchronous,0.9795506044286943
51745.0,51754.8,True,synchronous,0.9795506043817758
51750.0,51759.8,True,synchronous,0.9794092208391952
51755.0,51764.8,True,synchronous,0.9794092208678356
51760.0,51769.8,True,synchronous,0.9795506043817758
51765.0,51774.8,True,synchronous,0.9794092208391952
51770.0,51779.8,True,synchronous,0.9794092208678356
51775.0,51784.8,True,synchronous,0.9790337563538858
51780.0,51789.8,True,synchronous,0.9790337563538858
51785.0,51794.8,True,synchronous,0.9795506043777591
51790.0,51799.8,True,synchronous,0.9794094379053162
51795.0,51804.8,True,synchronous,0.9790337563538858
51800.0,51809.8,True,synchronous,0.979557981900331
51805.0,51814.8,True,synchronous,0.9795506043777591
51810.0,51819.8,True,synchronous,0.9794092265794143
51815.0,51824.8,True,synchronous,0.9795506043766042
51820.0,51829.8,True,synchronous,0.9795506429145715
51825.0,51834.8,True,synchronous,0.979550642916499
51830.0,51839.8,True,synchronous,0.9795506043324512
51835.0,51844.8,True,synchronous,0.9794092265806964
51840.0,51849.8,True,synchronous,0.9794092208391952
51845.0,51854.8,True,synchronous,0.9795506056813356
51850.0,51859.8,True,synchronous,0.979550642916499
51855.0,51864.8,True,synchronous,0.9795506056802984
51860.0,51869.8,True,synchronous,0.9790337560956524
51865.0,51874.8,True,synchronous,0.9790337560956524
51870.0,51879.8,True,synchronous,0.9795579827721231
51875.0,51884.8,True,synchronous,0.9795506043766042
51880.0,51889.8,True,synchronous,0.9795506043766042
51885.0,51894.8,True,synchronous,0.9794094379053162
51890.0,51899.8,True,synchronous,0.9795506044286943
51895.0,51904.8,True,synchronous,0.9795573773782368
51900.0,51909.8,True,synchronous,0.9794092249936297
51905.0,51914.8,True,synchronous,0.9794092249936297
51910.0,51919.8,True,synchronous,0.9795573768610735
51915.0,51924.8,True,synchronous,0.9790337571886661
51920.0,51929.8,True,synchronous,0.9789942455593722
51925.0,51934.8,True,synchronous,0.9795573773707192
51930.0,51939.8,True,synchronous,0.9795573773172404
51935.0,51944.8,True,synchronous,0.979550605696959
51940.0,51949.8,True,synchronous,0.9795506042931753
51945.0,51954.8,True,synchronous,0.979550642916499
51950.0,51959.8,True,synchronous,0.9795573773172404
51955.0,51964.8,True,synchronous,0.9790337560956524
51960.0,51969.8,True,synchronous,0.9794092208008166
51965.0,51974.8,True,synchronous,0.9795506042931753
51970.0,51979.8,True,synchronous,0.9795506056813356
51975.0,51984.8,True,synchronous,0.9795506043817758
51980.0,51989.8,True,synchronous,0.9795573768610735
51985.0,51994.8,True,synchronous,0.9794092208678356
51990.0,51999.8,True,synchronous,0.9795506043777591
51995.0,52004.8,True,synchronous,0.979550605695227
52000.0,52009.8,True,synchronous,0.9795506043324512
52005.0,52014.8,True,synchronous,0.9795573768610735
52010.0,52019.8,True,synchronous,0.9795506043324512
52015.0,52024.8,True,synchronous,0.9795506043777591
52020.0,52029.8,True,synchronous,0.9795573773782368
52025.0,52034.8,True,synchronous,0.9795579827752011
52030.0,52039.8,True,synchronous,0.9794092208391952
52035.0,52044.8,True,synchronous,0.9795573770042793
52040.0,52049.8,True,synchronous,0.9795573773782368
52045.0,52054.8,True,synchronous,0.9795579827752011
52050.0,52059.8,True,synchronous,0.9795506043324512
52055.0,52064.8,True,synchronous,0.9794092208391952
52060.0,52069.8,True,synchronous,0.9794092249936297
52065.0,52074.8,True,synchronous,0.9795573768610735
52070.0,52079.8,True,synchronous,0.9795506056779331
52075.0,52084.8,True,synchronous,0.9795506056503788
52080.0,52089.8,True,synchronous,0.9795506056802984
52085.0,52094.8,True,synchronous,0.979406101590213
52090.0,52099.8,True,synchronous,0.9794094378774534
52095.0,52104.8,True,synchronous,0.9795506043324512
52100.0,52109.8,True,synchronous,0.9790337572583419
52105.0,52114.8,True,synchronous,0.9794061014822772
52110.0,52119.8,True,synchronous,0.979406101590213
52115.0,52124.8,True,synchronous,0.9795506056802984
52120.0,52129.8,True,synchronous,0.9795506429193205
52125.0,52134.8,True,synchronous,0.9795506056802984
52130.0,52139.8,True,synchronous,0.9794092208391952
52135.0,52144.8,True,synchronous,0.9790337560956524
52140.0,52149.8,True,synchronous,0.979406101590213
52145.0,52154.8,True,synchronous,0.9795506429169932
52150.0,52159.8,True,synchronous,0.9795506043366797
52155.0,52164.8,True,synchronous,0.9794092208391952
52160.0,52169.8,True,synchronous,0.9795579819399989
52165.0,52174.8,True,synchronous,0.9794061014822772
52170.0,52179.8,True,synchronous,0.9795506043366797
52175.0,52184.8,True,synchronous,0.979550605695227
52180.0,52189.8,True,synchronous,0.9795573770042793
52185.0,52194.8,True,synchronous,0.979557981900331
52190.0,52199.8,True,synchronous,0.9795573773707192
52195.0,52204.8,True,synchronous,0.9795506043324512
52200.0,52209.8,True,synchronous,0.9795579827721231
52205.0,52214.8,True,synchronous,0.9795573773172404
52210.0,52219.8,True,synchronous,0.9790337563538858
52215.0,52224.8,True,synchronous,0.9790337571886661
52220.0,52229.8,True,synchronous,0.9789942455593722
52225.0,52234.8,True,synchronous,0.9795573773707192
52230.0,52239.8,True,synchronous,0.9795506043324512
52235.0,52244.8,True,synchronous,0.9795573773172404
52240.0,52249.8,True,synchronous,0.9795506043324512
52245.0,52254.8,True,synchronous,0.9795506043366797
52250.0,52259.8,True,synchronous,0.9790337560956524
52255.0,52264.8,True,synchronous,0.979557981900331
52260.0,52269.8,True,synchronous,0.9795579819399989
52265.0,52274.8,True,synchronous,0.979557377379969
52270.0,52279.8,True,synchronous,0.9795579827721231
52275.0,52284.8,True,synchronous,0.9795506043766042
52280.0,52289.8,True,synchronous,0.9795506043366797
52285.0,52294.8,True,synchronous,0.9795506044286943
52290.0,52299.8,True,synchronous,0.9794092208391952
52295.0,52304.8,True,synchronous,0.9794092208678356
52300.0,52309.8,True,synchronous,0.9794092249936297
52305.0,52314.8,True,synchronous,0.9795506044286943
52310.0,52319.8,True,synchronous,0.9795573769424143
52315.0,52324.8,True,synchronous,0.9794092208391952
52320.0,52329.8,True,synchronous,0.9790337563538858
52325.0,52334.8,True,synchronous,0.9789942455593722
52330.0,52339.8,True,synchronous,0.9794092265794143
52335.0,52344.8,True,synchronous,0.9795506043324512
52340.0,52349.8,True,synchronous,0.9790337560956524
52345.0,52354.8,True,synchronous,0.9789942455593722
52350.0,52359.8,True,synchronous,0.9790337563538858
52355.0,52364.8,True,synchronous,0.9795573773782368
52360.0,52369.8,True,synchronous,0.9794092208678356
52365.0,52374.8,True,synchronous,0.9790337563538858
52370.0,52379.8,True,synchronous,0.9795573773172404
52375.0,52384.8,True,synchronous,0.9794092208418953
52380.0,52389.8,True,synchronous,0.9790337563538858
52385.0,52394.8,True,synchronous,0.9794092249936297
52390.0,52399.8,True,synchronous,0.9795579819054179
52395.0,52404.8,True,synchronous,0.9794061014822772
52400.0,52409.8,True,synchronous,0.9795579819399989
52405.0,52414.8,True,synchronous,0.9790337563538858
52410.0,52419.8,True,synchronous,0.9790337560956524
52415.0,52424.8,True,synchronous,0.9795573770042793
52420.0,52429.8,True,synchronous,0.979550642916499
52425.0,52434.8,True,synchronous,0.9795506429193205
52430.0,52439.8,True,synchronous,0.9795579819399989
52435.0,52444.8,True,synchronous,0.9794094378774534
52440.0,52449.8,True,synchronous,0.979406101590213
52445.0,52454.8,True,synchronous,0.979557981900331
52450.0,52459.8,True,synchronous,0.9789942455593722
52455.0,52464.8,True,synchronous,0.9790337560956524
52460.0,52469.8,True,synchronous,0.9789942455601173
52465.0,52474.8,True,synchronous,0.9789942455593722
52470.0,52479.8,True,synchronous,0.9795506056813356
52475.0,52484.8,True,synchronous,0.9795506056503788
52480.0,52489.8,True,synchronous,0.9795573773707192
52485.0,52494.8,True,synchronous,0.9795506042931753
52490.0,52499.8,True,synchronous,0.9794092208391952
52495.0,52504.8,True,synchronous,0.9794094379053162
52500.0,52509.8,True,synchronous,0.979557377322491
52505.0,52514.8,True,synchronous,0.9795506056779331
52510.0,52519.8,True,synchronous,0.9795506056802984
52515.0,52524.8,True,synchronous,0.9795506056813356
52520.0,52529.8,True,synchronous,0.979550605695227
52525.0,52534.8,True,synchronous,0.9795506042931753
52530.0,52539.8,True,synchronous,0.979550605695227
52535.0,52544.8,True,synchronous,0.9795506042931753
52540.0,52549.8,True,synchronous,0.9794094378774534
52545.0,52554.8,True,synchronous,0.9790337560956524
52550.0,52559.8,True,synchronous,0.9795506043766042
52555.0,52564.8,True,synchronous,0.9795506043366797
52560.0,52569.8,True,synchronous,0.9795506043777591
52565.0,52574.8,True,synchronous,0.9795506044286943
52570.0,52579.8,True,synchronous,0.9795506044286943
52575.0,52584.8,True,synchronous,0.9795506043324512
52580.0,52589.8,True,synchronous,0.9795506056802984
52585.0,52594.8,True,synchronous,0.9795506429169932
52590.0,52599.8,True,synchronous,0.9794092208391952
52595.0,52604.8,True,synchronous,0.9790337572583419
52600.0,52609.8,True,synchronous,0.9795579827721231
52605.0,52614.8,True,synchronous,0.9789942455593722
52610.0,52619.8,True,synchronous,0.9789942455601173
52615.0,52624.8,True,synchronous,0.9795579827433023
52620.0,52629.8,True,synchronous,0.9794092208391952
52625.0,52634.8,True,synchronous,0.9795506044286943
52630.0,52639.8,True,synchronous,0.9795573768610735
52635.0,52644.8,True,synchronous,0.9795573768610735
52640.0,52649.8,True,synchronous,0.9795573769424143
52645.0,52654.8,True,synchronous,0.979406101590213
52650.0,52659.8,True,synchronous,0.9795506043366797
52655.0,52664.8,True,synchronous,0.9789942455593722
52660.0,52669.8,True,synchronous,0.9789942455593722
52665.0,52674.8,True,synchronous,0.9795579827433023
52670.0,52679.8,True,synchronous,0.9795573769424143
52675.0,52684.8,True,synchronous,0.9795579827721231
52680.0,52689.8,True,synchronous,0.9795579827433023
52685.0,52694.8,True,synchronous,0.9794092265794143
52690.0,52699.8,True,synchronous,0.9794094379053162
52695.0,52704.8,True,synchronous,0.979406101590213
52700.0,52709.8,True,synchronous,0.9790337560956524
52705.0,52714.8,True,synchronous,0.9789942455601173
52710.0,52719.8,True,synchronous,0.9795573773707192
52715.0,52724.8,True,synchronous,0.9789942455593722
52720.0,52729.8,True,synchronous,0.9789942455601173
52725.0,52734.8,True,synchronous,0.9794061014822772
52730.0,52739.8,True,synchronous,0.9795579819399989
52735.0,52744.8,True,synchronous,0.9790337571886661
52740.0,52749.8,True,synchronous,0.9790337560956524
52745.0,52754.8,True,synchronous,0.9794092208678356
52750.0,52759.8,True,synchronous,0.9790337563538858
52755.0,52764.8,True,synchronous,0.9789942455593722
52760.0,52769.8,True,synchronous,0.9790337563538858
52765.0,52774.8,True,synchronous,0.9795573770051433
52770.0,52779.8,True,synchronous,0.9795579819399989
52775.0,52784.8,True,synchronous,0.9795579827721231
52780.0,52789.8,True,synchronous,0.9795506042940395
52785.0,52794.8,True,synchronous,0.9795573770051433
52790.0,52799.8,True,synchronous,0.9795506043333153
52795.0,52804.8,True,synchronous,0.9795506042940395
52800.0,52809.8,True,synchronous,0.9795573773181045
52805.0,52814.8,True,synchronous,0.979557981900331
52810.0,52819.8,True,synchronous,0.9790337572583419
52815.0,52824.8,True,synchronous,0.9795573769341419
52820.0,52829.8,True,synchronous,0.9795506042957715
52825.0,52834.8,True,synchronous,0.9795506043333153
52830.0,52839.8,True,synchronous,0.979550067632611
52835.0,52844.8,True,synchronous,0.9794092208391952
52840.0,52849.8,True,synchronous,0.9790337571886661
52845.0,52854.8,True,synchronous,0.9790337572583419
52850.0,52859.8,True,synchronous,0.9790337560956524
52855.0,52864.8,True,synchronous,0.9789942455593722
52860.0,52869.8,True,synchronous,0.9790337560956524
52865.0,52874.8,True,synchronous,0.9795506042940395
52870.0,52879.8,True,synchronous,0.9794092208391952
52875.0,52884.8,True,synchronous,0.9790337562842939
52880.0,52889.8,True,synchronous,0.9790337560956524
52885.0,52894.8,True,synchronous,0.9795506044295585
52890.0,52899.8,True,synchronous,0.9794092208391952
52895.0,52904.8,True,synchronous,0.9794092208391952
52900.0,52909.8,True,synchronous,0.9790337572583419
52905.0,52914.8,True,synchronous,0.9795506044295585
52910.0,52919.8,True,synchronous,0.9795506056822
52915.0,52924.8,True,synchronous,0.9795573773715834
52920.0,52929.8,True,synchronous,0.9795573773715834
52925.0,52934.8,True,synchronous,0.9795573773715834
52930.0,52939.8,True,synchronous,0.9795573768619377
52935.0,52944.8,True,synchronous,0.9795506056822
52940.0,52949.8,True,synchronous,0.9794092265794143
52945.0,52954.8,True,synchronous,0.9794094379053162
52950.0,52959.8,True,synchronous,0.9795573769432785
52955.0,52964.8,True,synchronous,0.9795506043375438
52960.0,52969.8,True,synchronous,0.9795506043333153
52965.0,52974.8,True,synchronous,0.9795573773181045
52970.0,52979.8,True,synchronous,0.9795579818394412
52975.0,52984.8,True,synchronous,0.9789942455601173
52980.0,52989.8,True,synchronous,0.9790337563538858
52985.0,52994.8,True,synchronous,0.9794094378382986
52990.0,52999.8,True,synchronous,0.9795579819054179
52995.0,53004.8,True,synchronous,0.9795579827721231
53000.0,53009.8,True,synchronous,0.9794092249936297
53005.0,53014.8,True,synchronous,0.9794094379053162
53010.0,53019.8,True,synchronous,0.9795506056811628
53015.0,53024.8,True,synchronous,0.979557981900331
53020.0,53029.8,True,synchronous,0.9795573773715834
53025.0,53034.8,True,synchronous,0.9795506056960912
53030.0,53039.8,True,synchronous,0.9795506043786232
53035.0,53044.8,True,synchronous,0.9795506056960912
53040.0,53049.8,True,synchronous,0.979557981900331
53045.0,53054.8,True,synchronous,0.9795506056512429
53050.0,53059.8,True,synchronous,0.9795573768619377
53055.0,53064.8,True,synchronous,0.9794061014822772
53060.0,53069.8,True,synchronous,0.979557981900331
53065.0,53074.8,True,synchronous,0.97955737693241
53070.0,53079.8,True,synchronous,0.9795579819399989
53075.0,53084.8,True,synchronous,0.9794092249936297
53080.0,53089.8,True,synchronous,0.9794092249936297
53085.0,53094.8,True,synchronous,0.97955737693241
53090.0,53099.8,True,synchronous,0.9794092208391952
53095.0,53104.8,True,synchronous,0.9795579819399989
53100.0,53109.8,True,synchronous,0.9795573773181045
53105.0,53114.8,True,synchronous,0.9795573768619377
53110.0,53119.8,True,synchronous,0.9794061014822772
53115.0,53124.8,True,synchronous,0.979557377379101
53120.0,53129.8,True,synchronous,0.9789942455593722
53125.0,53134.8,True,synchronous,0.9789942455601173
53130.0,53139.8,True,synchronous,0.979557981900331
53135.0,53144.8,True,synchronous,0.979406101590213
53140.0,53149.8,True,synchronous,0.9795579819399989
53145.0,53154.8,True,synchronous,0.9794092208008166
53150.0,53159.8,True,synchronous,0.9790337560956524
53155.0,53164.8,True,synchronous,0.9795579827752011
53160.0,53169.8,True,synchronous,0.9795579827721231
53165.0,53174.8,True,synchronous,0.9795506043786232
53170.0,53179.8,True,synchronous,0.9794094378104357
53175.0,53184.8,True,synchronous,0.9790337560956524
53180.0,53189.8,True,synchronous,0.9795506044295585
53185.0,53194.8,True,synchronous,0.9795579827441665
53190.0,53199.8,True,synchronous,0.9790337563538858
53195.0,53204.8,True,synchronous,0.9790337560956524
53200.0,53209.8,True,synchronous,0.9794094379053162
53205.0,53214.8,True,synchronous,0.9795579819399989
53210.0,53219.8,True,synchronous,0.9795579827721231
53215.0,53224.8,True,synchronous,0.979557981900331
53220.0,53229.8,True,synchronous,0.9795506056811628
53225.0,53234.8,True,synchronous,0.9795506043333153
53230.0,53239.8,True,synchronous,0.9795506043333153
53235.0,53244.8,True,synchronous,0.9795506429154356
53240.0,53249.8,True,synchronous,0.9795579827721231
53245.0,53254.8,True,synchronous,0.9795579827752011
53250.0,53259.8,True,synchronous,0.9794094378774534
53255.0,53264.8,True,synchronous,0.9789942455593722
53260.0,53269.8,True,synchronous,0.9790337571886661
53265.0,53274.8,True,synchronous,0.9795506043333153
53270.0,53279.8,True,synchronous,0.9795506043786232
53275.0,53284.8,True,synchronous,0.9795573773131228
53280.0,53289.8,True,synchronous,0.9790337563538858
53285.0,53294.8,True,synchronous,0.9795506043786232
53290.0,53299.8,True,synchronous,0.9795506056822
53295.0,53304.8,True,synchronous,0.9795506043375438
53300.0,53309.8,True,synchronous,0.9795579819054179
53305.0,53314.8,True,synchronous,0.9795579827752011
53310.0,53319.8,True,synchronous,0.9795506056787973
53315.0,53324.8,True,synchronous,0.9795506429154356
53320.0,53329.8,True,synchronous,0.9795506429173632
53325.0,53334.8,True,synchronous,0.9795579827752011
53330.0,53339.8,True,synchronous,0.9795573767959592
53335.0,53344.8,True,synchronous,0.9795573773233553
53340.0,53349.8,True,synchronous,0.9790337560956524
53345.0,53354.8,True,synchronous,0.9795506044295585
53350.0,53359.8,True,synchronous,0.9790337560956524
53355.0,53364.8,True,synchronous,0.9794061014822772
53360.0,53369.8,True,synchronous,0.9790337571886661
53365.0,53374.8,True,synchronous,0.9789942455593722
53370.0,53379.8,True,synchronous,0.979406101590213
53375.0,53384.8,True,synchronous,0.9789942455601173
53380.0,53389.8,True,synchronous,0.9790337572583419
53385.0,53394.8,True,synchronous,0.97955060438264
53390.0,53399.8,True,synchronous,0.9790337563538858
53395.0,53404.8,True,synchronous,0.9794092208008166
53400.0,53409.8,True,synchronous,0.979406101590213
53405.0,53414.8,True,synchronous,0.97955737693241
53410.0,53419.8,True,synchronous,0.9794092208391952
53415.0,53424.8,True,synchronous,0.9795579827441665
53420.0,53429.8,True,synchronous,0.9790337560956524
53425.0,53434.8,True,synchronous,0.9794094378774534
53430.0,53439.8,True,synchronous,0.9795506043786232
53435.0,53444.8,True,synchronous,0.9795506043375438
53440.0,53449.8,True,synchronous,0.9795506043786232
53445.0,53454.8,True,synchronous,0.9795579827752011
53450.0,53459.8,True,synchronous,0.9794094379053162
53455.0,53464.8,True,synchronous,0.9795579827441665
53460.0,53469.8,True,synchronous,0.9795161368147788
53465.0,53474.8,True,synchronous,0.9794092249936297
53470.0,53479.8,True,synchronous,0.9794092208391952
53475.0,53484.8,True,synchronous,0.9795579819399989
53480.0,53489.8,True,synchronous,0.9795573773715834
53485.0,53494.8,True,synchronous,0.9790337572583419
53490.0,53499.8,True,synchronous,0.9794092208391952
53495.0,53504.8,True,synchronous,0.9795506056811628
53500.0,53509.8,True,synchronous,0.9795573770051433
53505.0,53514.8,True,synchronous,0.9794092208678356
53510.0,53519.8,True,synchronous,0.9795506043375438
53515.0,53524.8,True,synchronous,0.9795506056822
53520.0,53529.8,True,synchronous,0.9795506056811628
53525.0,53534.8,True,synchronous,0.9795506056811628
53530.0,53539.8,True,synchronous,0.9795506056960912
53535.0,53544.8,True,synchronous,0.9795506429173632
53540.0,53549.8,True,synchronous,0.9795506056822
53545.0,53554.8,True,synchronous,0.9795506043774684
53550.0,53559.8,True,synchronous,0.9795506043375438
53555.0,53564.8,True,synchronous,0.9795506056811628
53560.0,53569.8,True,synchronous,0.9795506043375438
53565.0,53574.8,True,synchronous,0.9794092249936297
53570.0,53579.8,True,synchronous,0.9794094378774534
53575.0,53584.8,True,synchronous,0.9795506429154356
53580.0,53589.8,True,synchronous,0.9795506056811628
53585.0,53594.8,True,synchronous,0.9795506043333153
53590.0,53599.8,True,synchronous,0.9795573770051433
53595.0,53604.8,True,synchronous,0.9790337563538858
53600.0,53609.8,True,synchronous,0.9790337562842939
53605.0,53614.8,True,synchronous,0.9791843805573605
53610.0,53619.8,True,synchronous,0.9789942455601173
53615.0,53624.8,True,synchronous,0.9790337572583419
53620.0,53629.8,True,synchronous,0.9790337563538858
53625.0,53634.8,True,synchronous,0.979557377379101
53630.0,53639.8,True,synchronous,0.9795506056822
53635.0,53644.8,True,synchronous,0.9795579819399989
53640.0,53649.8,True,synchronous,0.9789942455593722
53645.0,53654.8,True,synchronous,0.9795506043375438
53650.0,53659.8,True,synchronous,0.9794092265794143
53655.0,53664.8,True,synchronous,0.9795579819399989
53660.0,53669.8,True,synchronous,0.9795506043333153
53665.0,53674.8,True,synchronous,0.9795579827721231
53670.0,53679.8,True,synchronous,0.9789942455593722
53675.0,53684.8,True,synchronous,0.978994245562823
53680.0,53689.8,True,synchronous,0.9789942455593722
53685.0,53694.8,True,synchronous,0.9789942455601173
53690.0,53699.8,True,synchronous,0.9793310658107208
53695.0,53704.8,True,fridge,0.6389679062379715
53700.0,53709.8,True,fridge,0.8192510755673575
53705.0,53714.8,True,fridge,0.8222396822902905
53710.0,53719.8,True,fridge,0.8222392515333216
53715.0,53724.8,True,fridge,0.8427106336302798
53720.0,53729.8,True,fridge,0.8427101855655653
53725.0,53734.8,True,fridge,0.8427106319760373
53730.0,53739.8,True,fridge,0.8430272383692068
53735.0,53744.8,True,fridge,0.8427101847692094
53740.0,53749.8,True,fridge,0.842710633054891
53745.0,53754.8,True,fridge,0.8427101857163891
53750.0,53759.8,True,fridge,0.8430272301053159
53755.0,53764.8,True,fridge,0.8427101857163891
53760.0,53769.8,True,fridge,0.8427101934500487
53765.0,53774.8,True,fridge,0.8430272271444484
53770.0,53779.8,True,fridge,0.8367809095237707
53775.0,53784.8,True,fridge,0.8222392406515613
53780.0,53789.8,True,fridge,0.8427106296324902
53785.0,53794.8,True,fridge,0.8427101857163891
53790.0,53799.8,True,fridge,0.8222396822902905
53795.0,53804.8,True,fridge,0.8222396831026675
53800.0,53809.8,True,fridge,0.842710632829367
53805.0,53814.8,True,fridge,0.8427101806797423
53810.0,53819.8,True,fridge,0.8430272301053159
53815.0,53824.8,True,fridge,0.8430272281809075
53820.0,53829.8,True,fridge,0.843027225125862
53825.0,53834.8,True,fridge,0.8430287604530411
53830.0,53839.8,True,fridge,0.8367809173065525
53835.0,53844.8,True,fridge,0.8367686340302143
53840.0,53849.8,True,fridge,0.822239250720944
53845.0,53854.8,True,fridge,0.8427101855655653
53850.0,53859.8,True,fridge,0.8427101806797423
53855.0,53864.8,True,fridge,0.8430272383692068
53860.0,53869.8,True,fridge,0.8367809164124845
53865.0,53874.8,True,fridge,0.8431463276817458
53870.0,53879.8,True,fridge,0.8430272301053159
53875.0,53884.8,True,fridge,0.8427101904843162
53880.0,53889.8,True,fridge,0.8367809086824047
53885.0,53894.8,True,fridge,0.8430272365046558
53890.0,53899.8,True,fridge,0.8430287574922526
53895.0,53904.8,True,fridge,0.8430272317439171
53900.0,53909.8,True,fridge,0.8366961977766706
53905.0,53914.8,True,fridge,0.8430272343353943
53910.0,53919.8,True,fridge,0.8367691781690598
53915.0,53924.8,True,fridge,0.8367809086824047
53920.0,53929.8,True,fridge,0.8427106296324902
53925.0,53934.8,True,fridge,0.8427101857163891
53930.0,53939.8,True,fridge,0.8427101857163891
53935.0,53944.8,True,fridge,0.8207266643486856
53940.0,53949.8,True,fridge,0.8207266643486856
53945.0,53954.8,True,fridge,0.843027233040366
53950.0,53959.8,True,fridge,0.8434626651281586
53955.0,53964.8,True,fridge,0.8430272347047847
53960.0,53969.8,True,fridge,0.8427106296324902
53965.0,53974.8,True,fridge,0.8430272301053159
53970.0,53979.8,True,fridge,0.8430272345312151
53975.0,53984.8,True,fridge,0.8430272314794673
53980.0,53989.8,True,fridge,0.8427101818034771
53985.0,53994.8,True,fridge,0.843028761765415
53990.0,53999.8,True,fridge,0.8430272301053159
53995.0,54004.8,True,fridge,0.8430272301053159
54000.0,54009.8,True,fridge,0.8430272285185998
54005.0,54014.8,True,fridge,0.8430272345312151
54010.0,54019.8,True,fridge,0.8430287604530411
54015.0,54024.8,True,fridge,0.8430287603763015
54020.0,54029.8,True,fridge,0.8430287604759608
54025.0,54034.8,True,fridge,0.8427101857163891
54030.0,54039.8,True,fridge,0.8207266643486856
54035.0,54044.8,True,fridge,0.8207266649976016
54040.0,54049.8,True,fridge,0.8430272315703476
54045.0,54054.8,True,fridge,0.8427106319760373
54050.0,54059.8,True,fridge,0.8367691778510417
54055.0,54064.8,True,fridge,0.822239250720944
54060.0,54069.8,True,fridge,0.8207266641882118
54065.0,54074.8,True,fridge,0.8430272347047847
54070.0,54079.8,True,fridge,0.8430272362911896
54075.0,54084.8,True,fridge,0.8434641941606242
54080.0,54089.8,True,fridge,0.8367686351047777
54085.0,54094.8,True,fridge,0.822239250720944
54090.0,54099.8,True,fridge,0.8427101934500487
54095.0,54104.8,True,fridge,0.8434626586725121
54100.0,54109.8,True,fridge,0.843028760568616
54105.0,54114.8,True,fridge,0.8430272314794673
54110.0,54119.8,True,fridge,0.8430272271444484
54115.0,54124.8,True,fridge,0.8427106322015613
54120.0,54129.8,True,fridge,0.8427106296324902
54125.0,54134.8,True,fridge,0.8430272300794984
54130.0,54139.8,True,fridge,0.8430272295522505
54135.0,54144.8,True,fridge,0.8434641954514109
54140.0,54149.8,True,fridge,0.8222392406515613
54145.0,54154.8,True,fridge,0.8222392414639389
54150.0,54159.8,True,fridge,0.8366961935129323
54155.0,54164.8,True,fridge,0.836769177009699
54160.0,54169.8,True,fridge,0.8367809086824047
54165.0,54174.8,True,fridge,0.836768634871556
54170.0,54179.8,True,fridge,0.8367809173065525
54175.0,54184.8,True,fridge,0.8427101855655653
54180.0,54189.8,True,fridge,0.8427101806797423
54185.0,54194.8,True,fridge,0.8366961926717394
54190.0,54199.8,True,fridge,0.8367809095237707
54195.0,54204.8,True,fridge,0.836769177009699
54200.0,54209.8,True,fridge,0.8367686359979676
54205.0,54214.8,True,fridge,0.842710182689391
54210.0,54219.8,True,fridge,0.8367809095237707
54215.0,54224.8,True,fridge,0.8427101934500487
54220.0,54229.8,True,fridge,0.8366961977766706
54225.0,54234.8,True,fridge,0.836768634871556
54230.0,54239.8,True,fridge,0.8427106344836094
54235.0,54244.8,True,fridge,0.8430272365046558
54240.0,54249.8,True,fridge,0.8427101904843162
54245.0,54254.8,True,fridge,0.8427106309501995
54250.0,54259.8,True,fridge,0.8366961935129323
54255.0,54264.8,True,fridge,0.8367691781690598
54260.0,54269.8,True,fridge,0.8431467793754758
54265.0,54274.8,True,fridge,0.8434626635656471
54270.0,54279.8,True,fridge,0.8430272347047847
54275.0,54284.8,True,fridge,0.8430272301053159
54280.0,54289.8,True,fridge,0.8189167464280948
54285.0,54294.8,True,fridge,0.6432423384039352
54290.0,54299.8,True,synchronous,0.9795579819054179
54295.0,54304.8,True,synchronous,0.9795573770051433
54300.0,54309.8,True,synchronous,0.9795506043375438
54305.0,54314.8,True,synchronous,0.9795506043774684
54310.0,54319.8,True,synchronous,0.9795160982763391
54315.0,54324.8,True,synchronous,0.9794092265794143
54320.0,54329.8,True,synchronous,0.9795579818394412
54325.0,54334.8,True,synchronous,0.9794061014822772
54330.0,54339.8,True,synchronous,0.9795506044295585
54335.0,54344.8,True,synchronous,0.9795506429173632
54340.0,54349.8,True,synchronous,0.9795506429201847
54345.0,54354.8,True,synchronous,0.9795506429201847
54350.0,54359.8,True,synchronous,0.9795506056787973
54355.0,54364.8,True,synchronous,0.9795573773233553
54360.0,54369.8,True,synchronous,0.9794094379053162
54365.0,54374.8,True,synchronous,0.9790337560260608
54370.0,54379.8,True,synchronous,0.9794094378774534
54375.0,54384.8,True,synchronous,0.9795506043786232
54380.0,54389.8,True,synchronous,0.9795506429201847
54385.0,54394.8,True,synchronous,0.9795506056811628
54390.0,54399.8,True,synchronous,0.9795506056811628
54395.0,54404.8,True,synchronous,0.97955737693241
54400.0,54409.8,True,synchronous,0.9794092207721763
54405.0,54414.8,True,synchronous,0.9795573768619377
54410.0,54419.8,True,synchronous,0.9795506043333153
54415.0,54424.8,True,synchronous,0.9795160995961293
54420.0,54429.8,True,synchronous,0.9795506056512429
54425.0,54434.8,True,synchronous,0.979516098231034
54430.0,54439.8,True,synchronous,0.979406101590213
54435.0,54444.8,True,synchronous,0.9794092207721763
54440.0,54449.8,True,synchronous,0.9790337563538858
54445.0,54454.8,True,synchronous,0.979406101590213
54450.0,54459.8,True,synchronous,0.97955060438264
54455.0,54464.8,True,synchronous,0.979557981900331
54460.0,54469.8,True,synchronous,0.9795579827752011
54465.0,54474.8,True,synchronous,0.9795506429178574
54470.0,54479.8,True,synchronous,0.9795506044295585
54475.0,54484.8,True,synchronous,0.9795160995788363
54480.0,54489.8,True,synchronous,0.9794092207721763
54485.0,54494.8,True,synchronous,0.9795579819399989
54490.0,54499.8,True,synchronous,0.9795506043774684
54495.0,54504.8,True,synchronous,0.979516098231034
54500.0,54509.8,True,synchronous,0.9795573770051433
54505.0,54514.8,True,synchronous,0.9795573768619377
54510.0,54519.8,True,synchronous,0.9795573773715834
54515.0,54524.8,True,synchronous,0.9795506043774684
54520.0,54529.8,True,synchronous,0.9795579819054179
54525.0,54534.8,True,synchronous,0.9795579827721231
54530.0,54539.8,True,synchronous,0.9795579818740221
54535.0,54544.8,True,synchronous,0.9790337563538858
54540.0,54549.8,True,synchronous,0.9790337572583419
54545.0,54554.8,True,synchronous,0.9794092207721763
54550.0,54559.8,True,synchronous,0.9795506056960912
54555.0,54564.8,True,synchronous,0.9795506056960912
54560.0,54569.8,True,synchronous,0.97955060438264
54565.0,54574.8,True,synchronous,0.9795160983272708
54570.0,54579.8,True,synchronous,0.9794092265123951
54575.0,54584.8,True,synchronous,0.9794092207721763
54580.0,54589.8,True,synchronous,0.9795573772521261
54585.0,54594.8,True,synchronous,0.9795579819399989
54590.0,54599.8,True,synchronous,0.9795579819054179
54595.0,54604.8,True,synchronous,0.9795573769432785
54600.0,54609.8,True,synchronous,0.9795506042940395
54605.0,54614.8,True,synchronous,0.9795506056822
54610.0,54619.8,True,synchronous,0.97955060438264
54615.0,54624.8,True,synchronous,0.9794092249266106
54620.0,54629.8,True,synchronous,0.9794092208008166
54625.0,54634.8,True,synchronous,0.9795506043333153
54630.0,54639.8,True,synchronous,0.9795506056512429
54635.0,54644.8,True,synchronous,0.9795506429178574
54640.0,54649.8,True,synchronous,0.9795506429178574
54645.0,54654.8,True,synchronous,0.9795506044295585
54650.0,54659.8,True,synchronous,0.9795506429201847
54655.0,54664.8,True,synchronous,0.9795506042940395
54660.0,54669.8,True,synchronous,0.9795506043333153
54665.0,54674.8,True,synchronous,0.9795579827441665
54670.0,54679.8,True,synchronous,0.9795506042940395
54675.0,54684.8,True,synchronous,0.9795573770051433
54680.0,54689.8,True,synchronous,0.9794092249266106
54685.0,54694.8,True,synchronous,0.9794092208678356
54690.0,54699.8,True,synchronous,0.9795573769432785
54695.0,54704.8,True,synchronous,0.9795573773131228
54700.0,54709.8,True,synchronous,0.9795573773715834
54705.0,54714.8,True,synchronous,0.9795506429154356
54710.0,54719.8,True,synchronous,0.9795506429173632
54715.0,54724.8,True,synchronous,0.9795506043333153
54720.0,54729.8,True,synchronous,0.9795573768619377
54725.0,54734.8,True,synchronous,0.9795506043774684
54730.0,54739.8,True,synchronous,0.9794061014822772
54735.0,54744.8,True,synchronous,0.9795579818343545
54740.0,54749.8,True,synchronous,0.9789942455601173
54745.0,54754.8,True,synchronous,0.9790337560956524
54750.0,54759.8,True,synchronous,0.9794094378774534
54755.0,54764.8,True,synchronous,0.9795573770051433
54760.0,54769.8,True,synchronous,0.9795506044295585
54765.0,54774.8,True,synchronous,0.9795506056811628
54770.0,54779.8,True,synchronous,0.9795506043375438
54775.0,54784.8,True,synchronous,0.9795573768619377
54780.0,54789.8,True,synchronous,0.9795579819054179
54785.0,54794.8,True,synchronous,0.9795579819054179
54790.0,54799.8,True,synchronous,0.9795506044295585
54795.0,54804.8,True,synchronous,0.9795506043333153
54800.0,54809.8,True,synchronous,0.9795506043333153
54805.0,54814.8,True,synchronous,0.979516098231034
54810.0,54819.8,True,synchronous,0.9789942455601173
54815.0,54824.8,True,synchronous,0.9789655361668631
54820.0,54829.8,True,synchronous,0.9795506056811628
54825.0,54834.8,True,synchronous,0.97955737693241
54830.0,54839.8,True,synchronous,0.9794061015231843
54835.0,54844.8,True,synchronous,0.9794094379053162
54840.0,54849.8,True,synchronous,0.9794094378382986
54845.0,54854.8,True,synchronous,0.9794061014152483
54850.0,54859.8,True,synchronous,0.9795573770051433
54855.0,54864.8,True,synchronous,0.9795506429201847
54860.0,54869.8,True,synchronous,0.9795506056822
54865.0,54874.8,True,synchronous,0.9790337560956524
54870.0,54879.8,True,synchronous,0.9795579818394412
54875.0,54884.8,True,synchronous,0.9795506056811628
54880.0,54889.8,True,synchronous,0.9795573768664313
54885.0,54894.8,True,synchronous,0.9795573768619377
54890.0,54899.8,True,synchronous,0.9795506042940395
54895.0,54904.8,True,synchronous,0.979406101590213
54900.0,54909.8,True,synchronous,0.9789942455601173
54905.0,54914.8,True,synchronous,0.9790337572583419
54910.0,54919.8,True,synchronous,0.9790337560260608
54915.0,54924.8,True,synchronous,0.9795579827752011
54920.0,54929.8,True,synchronous,0.9794092207721763
54925.0,54934.8,True,synchronous,0.979557981900331
54930.0,54939.8,True,synchronous,0.9794094378104357
54935.0,54944.8,True,synchronous,0.979557981900331
54940.0,54949.8,True,synchronous,0.9795506056811628
54945.0,54954.8,True,synchronous,0.9795506043333153
54950.0,54959.8,True,synchronous,0.9794092207721763
54955.0,54964.8,True,synchronous,0.9794094379053162
54960.0,54969.8,True,synchronous,0.9795579827092243
54965.0,54974.8,True,synchronous,0.9795573773233553
54970.0,54979.8,True,synchronous,0.9795506043774684
54975.0,54984.8,True,synchronous,0.9795579827441665
54980.0,54989.8,True,synchronous,0.9795160982803556
54985.0,54994.8,True,synchronous,0.979516098231034
54990.0,54999.8,True,synchronous,0.9795506043375438
54995.0,55004.8,True,synchronous,0.9794094378774534
55000.0,55009.8,True,synchronous,0.9794094378104357
55005.0,55014.8,True,synchronous,0.9795573770051433
55010.0,55019.8,True,synchronous,0.9795573769432785
55015.0,55024.8,True,synchronous,0.9795506042940395
55020.0,55029.8,True,synchronous,0.9795579819399989
55025.0,55034.8,True,synchronous,0.9794092249936297
55030.0,55039.8,True,synchronous,0.9794092265794143
55035.0,55044.8,True,synchronous,0.9794092208391952
55040.0,55049.8,True,synchronous,0.9795579819399989
55045.0,55054.8,True,synchronous,0.9795160995961293
55050.0,55059.8,True,synchronous,0.9794092207721763
55055.0,55064.8,True,synchronous,0.9795579818343545
55060.0,55069.8,True,synchronous,0.9795579818343545
55065.0,55074.8,True,synchronous,0.979557376939165
55070.0,55079.8,True,synchronous,0.9794092265794143
55075.0,55084.8,True,synchronous,0.9795506043333153
55080.0,55089.8,True,synchronous,0.9795506056787973
55085.0,55094.8,True,synchronous,0.9789942455593722
55090.0,55099.8,True,synchronous,0.9790337560260608
55095.0,55104.8,True,synchronous,0.9795506043333153
55100.0,55109.8,True,synchronous,0.9795506056960912
55105.0,55114.8,True,synchronous,0.9795160981917609
55110.0,55119.8,True,synchronous,0.9795160995822388
55115.0,55124.8,True,synchronous,0.979516098231034
55120.0,55129.8,True,synchronous,0.9795160982763391
55125.0,55134.8,True,synchronous,0.9795506056822
55130.0,55139.8,True,synchronous,0.9790337563538858
55135.0,55144.8,True,synchronous,0.9795573772521261
55140.0,55149.8,True,synchronous,0.9790337562842939
55145.0,55154.8,True,synchronous,0.9790337572583419
55150.0,55159.8,True,synchronous,0.9794092207721763
55155.0,55164.8,True,synchronous,0.9795579827752011
55160.0,55169.8,True,synchronous,0.9795506429201847
55165.0,55174.8,True,synchronous,0.9795506056811628
55170.0,55179.8,True,synchronous,0.9795506429178574
55175.0,55184.8,True,synchronous,0.9794092249936297
55180.0,55189.8,True,synchronous,0.9794094378382986
55185.0,55194.8,True,synchronous,0.9794061014152483
55190.0,55199.8,True,synchronous,0.9794061014822772
55195.0,55204.8,True,synchronous,0.9795506043333153
55200.0,55209.8,True,synchronous,0.9795506043333153
55205.0,55214.8,True,synchronous,0.9795506056787973
55210.0,55219.8,True,synchronous,0.9795160995812016
55215.0,55224.8,True,synchronous,0.9794092249266106
55220.0,55229.8,True,synchronous,0.9795573768619377
55225.0,55234.8,True,synchronous,0.9795573769432785
55230.0,55239.8,True,synchronous,0.9795160982352626
55235.0,55244.8,True,synchronous,0.9795506043774684
55240.0,55249.8,True,synchronous,0.979516098231034
55245.0,55254.8,True,synchronous,0.9795579819054179
55250.0,55259.8,True,synchronous,0.9794094378104357
55255.0,55264.8,True,synchronous,0.9795573769432785
55260.0,55269.8,True,synchronous,0.9795573769432785
55265.0,55274.8,True,synchronous,0.9795506043333153
55270.0,55279.8,True,synchronous,0.9795573768619377
55275.0,55284.8,True,synchronous,0.9795506042940395
55280.0,55289.8,True,synchronous,0.9795506042940395
55285.0,55294.8,True,synchronous,0.9795506042940395
55290.0,55299.8,True,synchronous,0.9795506056512429
55295.0,55304.8,True,synchronous,0.9795506056512429
55300.0,55309.8,True,synchronous,0.9795160983272708
55305.0,55314.8,True,synchronous,0.9789753784099776
55310.0,55319.8,True,synchronous,0.8414988868461487
55315.0,55324.8,True,fridge,0.9918340092949399
55320.0,55329.8,True,synchronous,0.9831787569746523
55325.0,55334.8,True,synchronous,0.9775730912585362
55330.0,55339.8,True,synchronous,0.9711305291981326
55335.0,55344.8,True,synchronous,0.9711303770639622
55340.0,55349.8,True,synchronous,0.9711303776734829
55345.0,55354.8,True,synchronous,0.9711303775733074
55350.0,55359.8,True,synchronous,0.9712292159289679
55355.0,55364.8,True,synchronous,0.9712292159289679
55360.0,55369.8,True,synchronous,0.9712292157174427
55365.0,55374.8,True,synchronous,0.9711303759028646
55370.0,55379.8,True,synchronous,0.9711305292054478
55375.0,55384.8,True,synchronous,0.9711303759028646
55380.0,55389.8,True,synchronous,0.9711303759028646
55385.0,55394.8,True,synchronous,0.9711303783560801
55390.0,55399.8,True,synchronous,0.9711303756680677
55395.0,55404.8,True,synchronous,0.9711303763218067
55400.0,55409.8,True,synchronous,0.9711303763218067
55405.0,55414.8,True,synchronous,0.9712292149956546
55410.0,55419.8,True,synchronous,0.9711303759822597
55415.0,55424.8,True,synchronous,0.971130377034175
55420.0,55429.8,True,synchronous,0.9711303763416218
55425.0,55434.8,True,synchronous,0.9711303763416218
55430.0,55439.8,True,synchronous,0.9711303771672911
55435.0,55444.8,True,synchronous,0.9708341530635594
55440.0,55449.8,True,synchronous,0.9712292159289679
55445.0,55454.8,True,synchronous,0.9700478688773654
55450.0,55459.8,True,synchronous,0.9711303759092008
55455.0,55464.8,True,synchronous,0.9711303763218067
55460.0,55469.8,True,synchronous,0.9712292159055236
55465.0,55474.8,True,synchronous,0.9712292147290963
55470.0,55479.8,True,synchronous,0.9711303771672911
55475.0,55484.8,True,synchronous,0.971130377588747
55480.0,55489.8,True,synchronous,0.9711303770510226
55485.0,55494.8,True,synchronous,0.9711305292054478
55490.0,55499.8,True,synchronous,0.9712292157174427
55495.0,55504.8,True,synchronous,0.9700509658503302
55500.0,55509.8,True,synchronous,0.9700478688773654
55505.0,55514.8,True,synchronous,0.9711303760153058
55510.0,55519.8,True,synchronous,0.9711303766590967
55515.0,55524.8,True,synchronous,0.9700509658503302
55520.0,55529.8,True,synchronous,0.9700509658503302
55525.0,55534.8,True,synchronous,0.9699480176484239
55530.0,55539.8,True,synchronous,0.9700509658503302
55535.0,55544.8,True,synchronous,0.9711303763416218
55540.0,55549.8,True,synchronous,0.9711303763218067
55545.0,55554.8,True,synchronous,0.9708628437062077
55550.0,55559.8,True,synchronous,0.9708628437062077
55555.0,55564.8,True,synchronous,0.9711305292054478
55560.0,55569.8,True,synchronous,0.971130376784073
55565.0,55574.8,True,synchronous,0.9711303760153058
55570.0,55579.8,True,synchronous,0.40246351198143687
55575.0,55584.8,True,synchronous,0.4019369090554208
55580.0,55589.8,True,synchronous,0.4095920228003547
55585.0,55594.8,True,synchronous,0.41196104963178887
55590.0,55599.8,True,synchronous,0.4119624585009955
55595.0,55604.8,True,synchronous,0.4119624585009955
55600.0,55609.8,True,synchronous,0.41280646876576427
55605.0,55614.8,True,synchronous,0.41196104582361914
55610.0,55619.8,True,synchronous,0.4128064881712596
55615.0,55624.8,True,synchronous,0.41196102664969625
55620.0,55629.8,True,synchronous,0.4119610747975611
55625.0,55634.8,True,synchronous,0.4119610737239726
55630.0,55639.8,True,synchronous,0.40280886446112923
55635.0,55644.8,True,synchronous,0.40199121349967726
55640.0,55649.8,True,synchronous,0.4119609915713897
55645.0,55654.8,True,synchronous,0.4128064839175178
55650.0,55659.8,True,synchronous,0.4119610047443261
55655.0,55664.8,True,synchronous,0.4095920030530594
55660.0,55669.8,True,synchronous,0.4094463909302736
55665.0,55674.8,True,synchronous,0.41196106483060735
55670.0,55679.8,True,synchronous,0.4095921688779164
55675.0,55684.8,True,synchronous,0.4095780803162383
55680.0,55689.8,True,synchronous,0.41267062713497643
55685.0,55694.8,True,synchronous,0.4126720023972836
55690.0,55699.8,True,synchronous,0.4126720025949563
55695.0,55704.8,True,synchronous,0.41196244549265437
55700.0,55709.8,True,synchronous,0.41196103632365283
55705.0,55714.8,True,synchronous,0.41267059831205527
55710.0,55719.8,True,synchronous,0.41027773366413006
55715.0,55724.8,True,synchronous,0.409446397295486
55720.0,55729.8,True,synchronous,0.4019912201461604
55725.0,55734.8,True,synchronous,0.4019912201461604
55730.0,55739.8,True,synchronous,0.4094464150850788
55735.0,55744.8,True,synchronous,0.40280836733342557
55740.0,55749.8,True,synchronous,0.40283227839842445
55745.0,55754.8,True,synchronous,0.4019912164091102
55750.0,55759.8,True,synchronous,0.4028322811889237
55755.0,55764.8,True,synchronous,0.41267062900402696
55760.0,55769.8,True,synchronous,0.41196244543019506
55765.0,55774.8,True,synchronous,0.4119610736609711
55770.0,55779.8,True,synchronous,0.4128064822177684
55775.0,55784.8,True,synchronous,0.4119610230824204
55780.0,55789.8,True,synchronous,0.4095780981171216
55785.0,55794.8,True,synchronous,0.4128064818274756
55790.0,55799.8,True,synchronous,0.4095920208551597
55795.0,55804.8,True,synchronous,0.4119610766904152
55800.0,55809.8,True,synchronous,0.40280886446112923
55805.0,55814.8,True,synchronous,0.40959214719668413
55810.0,55819.8,True,synchronous,0.41196101523076545
55815.0,55824.8,True,synchronous,0.4094464150850788
55820.0,55829.8,True,synchronous,0.40944640871986665
55825.0,55834.8,True,synchronous,0.41280649861233004
55830.0,55839.8,True,synchronous,0.4095920228003547
55835.0,55844.8,True,synchronous,0.41280649861233004
55840.0,55849.8,True,synchronous,0.41280649884635284
55845.0,55854.8,True,synchronous,0.41196103286333885
55850.0,55859.8,True,synchronous,0.4095920030530594
55855.0,55864.8,True,synchronous,0.40199121349967726
55860.0,55869.8,True,synchronous,0.40192962175826186
55865.0,55874.8,True,synchronous,0.40959215016824174
55870.0,55879.8,True,synchronous,0.41280650279688835
55875.0,55884.8,True,synchronous,0.41196102664969625
55880.0,55889.8,True,synchronous,0.40959216499823825
55885.0,55894.8,True,synchronous,0.4028083645432939
55890.0,55899.8,True,synchronous,0.4119610230824204
55895.0,55904.8,True,synchronous,0.4119610616072115
55900.0,55909.8,True,synchronous,0.409446397295486
55905.0,55914.8,True,synchronous,0.4028083645432939
55910.0,55919.8,True,synchronous,0.4119610270167875
55915.0,55924.8,True,synchronous,0.4119610665744106
55920.0,55929.8,True,synchronous,0.4119610270167875
55925.0,55934.8,True,synchronous,0.41196244366791257
55930.0,55939.8,True,synchronous,0.41280648422072397
55935.0,55944.8,True,synchronous,0.4095920208551597
55940.0,55949.8,True,synchronous,0.4095921679697961
55945.0,55954.8,True,synchronous,0.40199121349967726
55950.0,55959.8,True,synchronous,0.4095781192954387
55955.0,55964.8,True,synchronous,0.4095780981171216
55960.0,55969.8,True,synchronous,0.4119610047443261
55965.0,55974.8,True,synchronous,0.4126705886573746
55970.0,55979.8,True,synchronous,0.4095780981171216
55975.0,55984.8,True,synchronous,0.41280648616830384
55980.0,55989.8,True,synchronous,0.41280648578464096
55985.0,55994.8,True,synchronous,0.4126705439203791
55990.0,55999.8,True,synchronous,0.4128064839175178
55995.0,56004.8,True,synchronous,0.41196101523076545
56000.0,56009.8,True,synchronous,0.4119610493319077
56005.0,56014.8,True,synchronous,0.4119610896158766
56010.0,56019.8,True,synchronous,0.4095781019965374
56015.0,56024.8,True,synchronous,0.40283227839842445
56020.0,56029.8,True,synchronous,0.40350904248994884
56025.0,56034.8,True,synchronous,0.4119610737239726
56030.0,56039.8,True,synchronous,0.4028088682133654
56035.0,56044.8,True,synchronous,0.40280886446112923
56040.0,56049.8,True,synchronous,0.4119610896158766
56045.0,56054.8,True,synchronous,0.4095920049982542
56050.0,56059.8,True,synchronous,0.4028083682955221
56055.0,56064.8,True,synchronous,0.4128064839175178
56060.0,56069.8,True,synchronous,0.4126719876716285
56065.0,56074.8,True,synchronous,0.4119610607157175
56070.0,56079.8,True,synchronous,0.41196103298182873
56075.0,56084.8,True,synchronous,0.41351895470515454
56080.0,56089.8,True,synchronous,0.4095920049982542
56085.0,56094.8,True,synchronous,0.4094464150850788
56090.0,56099.8,True,synchronous,0.4095781192954387
56095.0,56104.8,True,synchronous,0.4119610590114691
56100.0,56109.8,True,synchronous,0.41196106171700553
56105.0,56114.8,True,synchronous,0.41280649861233004
56110.0,56119.8,True,synchronous,0.41280648422072397
56115.0,56124.8,True,synchronous,0.4095780803162383
56120.0,56129.8,True,synchronous,0.40959215016824174
56125.0,56134.8,True,synchronous,0.40283227839842445
56130.0,56139.8,True,synchronous,0.40199121349967726
56135.0,56144.8,True,synchronous,0.4095780981171216
56140.0,56149.8,True,synchronous,0.40199121349967726
56145.0,56154.8,True,synchronous,0.40191529264829584
56150.0,56159.8,True,synchronous,0.40171305521122713
56155.0,56164.8,True,synchronous,0.9712292159055236
56160.0,56169.8,True,synchronous,0.9708630240273013
56165.0,56174.8,True,synchronous,0.9712292149956546
56170.0,56179.8,True,synchronous,0.9711305292054478
56175.0,56184.8,True,synchronous,0.9711305291981326
56180.0,56189.8,True,synchronous,0.9711303758931676
56185.0,56194.8,True,synchronous,0.9711303760153058
56190.0,56199.8,True,synchronous,0.9711303766590967
56195.0,56204.8,True,synchronous,0.9712292147290963
56200.0,56209.8,True,synchronous,0.9711303770471146
56205.0,56214.8,True,synchronous,0.9712292157174427
56210.0,56219.8,True,synchronous,0.9711303758931676
56215.0,56224.8,True,synchronous,0.9711303770510226
56220.0,56229.8,True,synchronous,0.9711303783560801
56225.0,56234.8,True,synchronous,0.9712292147290963
56230.0,56239.8,True,synchronous,0.9712292147290963
56235.0,56244.8,True,synchronous,0.9700478091306256
56240.0,56249.8,True,synchronous,0.9712292147290963
56245.0,56254.8,True,synchronous,0.9712292157174427
56250.0,56259.8,True,synchronous,0.9711303759984583
56255.0,56264.8,True,synchronous,0.9700478688773654
56260.0,56269.8,True,synchronous,0.9711303776304895
56265.0,56274.8,True,synchronous,0.9711303759092008
56270.0,56279.8,True,synchronous,0.9711303756849154
56275.0,56284.8,True,synchronous,0.971130376784073
56280.0,56289.8,True,synchronous,0.9708628437062077
56285.0,56294.8,True,synchronous,0.9708628437062077
56290.0,56299.8,True,synchronous,0.9712292159289679
56295.0,56304.8,True,synchronous,0.9711303759092008
56300.0,56309.8,True,synchronous,0.9711305292159312
56305.0,56314.8,True,synchronous,0.9711305291981326
56310.0,56319.8,True,synchronous,0.9711303759028646
56315.0,56324.8,True,synchronous,0.9700509658503302
56320.0,56329.8,True,synchronous,0.9700509658503302
56325.0,56334.8,True,synchronous,0.9711305292054478
56330.0,56339.8,True,synchronous,0.9711303763218067
56335.0,56344.8,True,synchronous,0.971130377613642
56340.0,56349.8,True,synchronous,0.9711303763049589
56345.0,56354.8,True,synchronous,0.9711303763049589
56350.0,56359.8,True,synchronous,0.9711305292054478
56355.0,56364.8,True,synchronous,0.9712292159055236
56360.0,56369.8,True,synchronous,0.9700478091306256
56365.0,56374.8,True,synchronous,0.9708630240273013
56370.0,56379.8,True,synchronous,0.971130377588747
56375.0,56384.8,True,synchronous,0.9712292157174427
56380.0,56389.8,True,synchronous,0.9708628437062077
56385.0,56394.8,True,synchronous,0.9712292149956546
56390.0,56399.8,True,synchronous,0.9711303783392325
56395.0,56404.8,True,synchronous,0.9711303763218067
56400.0,56409.8,True,synchronous,0.9708636231603784
56405.0,56414.8,True,synchronous,0.970862843936538
56410.0,56419.8,True,synchronous,0.9700478688773654
56415.0,56424.8,True,synchronous,0.9711303776734829
56420.0,56429.8,True,synchronous,0.9712292159289679
56425.0,56434.8,True,synchronous,0.9700478091306256
56430.0,56439.8,True,synchronous,0.9711303775733074
56435.0,56444.8,True,synchronous,0.9711303766590967
56440.0,56449.8,True,synchronous,0.9711303759991075
56445.0,56454.8,True,synchronous,0.9711303758931676
56450.0,56459.8,True,synchronous,0.9711303759028646
56455.0,56464.8,True,synchronous,0.9711303759028646
56460.0,56469.8,True,synchronous,0.9711303776734829
56465.0,56474.8,True,synchronous,0.9712292157174427
56470.0,56479.8,True,synchronous,0.9700509658503302
56475.0,56484.8,True,synchronous,0.9699480176484239
56480.0,56489.8,True,synchronous,0.9708636228213289
56485.0,56494.8,True,synchronous,0.9711303776566352
56490.0,56499.8,True,synchronous,0.9711303756849154
56495.0,56504.8,True,synchronous,0.9711305292054478
56500.0,56509.8,True,synchronous,0.9711303759028646
56505.0,56514.8,True,synchronous,0.9711305292159312
56510.0,56519.8,True,synchronous,0.9711303759028646
56515.0,56524.8,True,synchronous,0.9711303759092008
56520.0,56529.8,True,synchronous,0.9711305292054478
56525.0,56534.8,True,synchronous,0.9711303776304895
56530.0,56539.8,True,synchronous,0.9711303771811688
56535.0,56544.8,True,synchronous,0.9711303776055945
56540.0,56549.8,True,synchronous,0.9708341523147297
56545.0,56554.8,True,synchronous,0.9711303783560801
56550.0,56559.8,True,synchronous,0.9708636231603784
56555.0,56564.8,True,synchronous,0.9708636231603784
56560.0,56569.8,True,synchronous,0.970862843936538
56565.0,56574.8,True,synchronous,0.9711303758931676
56570.0,56579.8,True,synchronous,0.9711303760153058
56575.0,56584.8,True,synchronous,0.9708628437062077
56580.0,56589.8,True,synchronous,0.9711303783392325
56585.0,56594.8,True,synchronous,0.9700478091306256
56590.0,56599.8,True,synchronous,0.9708628437062077
56595.0,56604.8,True,synchronous,0.9711303783560801
56600.0,56609.8,True,synchronous,0.9700509658503302
56605.0,56614.8,True,synchronous,0.9700478091306256
56610.0,56619.8,True,synchronous,0.9712292147290963
56615.0,56624.8,True,synchronous,0.9711303783560801
56620.0,56629.8,True,synchronous,0.9711305291981326
56625.0,56634.8,True,synchronous,0.9711305292054478
56630.0,56639.8,True,synchronous,0.9708636228213289
56635.0,56644.8,True,synchronous,0.9700478091306256
56640.0,56649.8,True,synchronous,0.9708628437062077
56645.0,56654.8,True,synchronous,0.9711303766523401
56650.0,56659.8,True,synchronous,0.9708630255020201
56655.0,56664.8,True,synchronous,0.9711303771811688
56660.0,56669.8,True,synchronous,0.9711303771811688
56665.0,56674.8,True,synchronous,0.970862843936538
56670.0,56679.8,True,synchronous,0.9711303783560801
56675.0,56684.8,True,synchronous,0.9708628437062077
56680.0,56689.8,True,synchronous,0.9711303776734829
56685.0,56694.8,True,synchronous,0.9711303776304895
56690.0,56699.8,True,synchronous,0.9708636228213289
56695.0,56704.8,True,synchronous,0.9711303771504435
56700.0,56709.8,True,synchronous,0.9711303766691879
56705.0,56714.8,True,synchronous,0.9700478688773654
56710.0,56719.8,True,synchronous,0.9700509658503302
56715.0,56724.8,True,synchronous,0.971130377613642
56720.0,56729.8,True,synchronous,0.9712292157174427
56725.0,56734.8,True,synchronous,0.9708636228213289
56730.0,56739.8,True,synchronous,0.9700478091306256
56735.0,56744.8,True,synchronous,0.9699480176484239
56740.0,56749.8,True,synchronous,0.9700478688773654
56745.0,56754.8,True,synchronous,0.9708628437062077
56750.0,56759.8,True,synchronous,0.971130377588747
56755.0,56764.8,True,synchronous,0.9708630255020201
56760.0,56769.8,True,synchronous,0.9708628437062077
56765.0,56774.8,True,synchronous,0.9708630240273013
56770.0,56779.8,True,synchronous,0.9712292157174427
56775.0,56784.8,True,synchronous,0.9711303763218067
56780.0,56789.8,True,synchronous,0.9711303763218067
56785.0,56794.8,True,synchronous,0.9711303771672911
56790.0,56799.8,True,synchronous,0.9712292147290963
56795.0,56804.8,True,synchronous,0.9700478688773654
56800.0,56809.8,True,synchronous,0.9708628437062077
56805.0,56814.8,True,synchronous,0.9712292159289679
56810.0,56819.8,True,synchronous,0.9712292157174427
56815.0,56824.8,True,synchronous,0.971130377164321
56820.0,56829.8,True,synchronous,0.9708636228213289
56825.0,56834.8,True,synchronous,0.971130377613642
56830.0,56839.8,True,synchronous,0.9708341523147297
56835.0,56844.8,True,synchronous,0.9711303760153058
56840.0,56849.8,True,synchronous,0.970862843936538
56845.0,56854.8,True,synchronous,0.9708628437062077
56850.0,56859.8,True,synchronous,0.9712292157174427
56855.0,56864.8,True,synchronous,0.9711303776566352
56860.0,56869.8,True,synchronous,0.9712292147290963
56865.0,56874.8,True,synchronous,0.9699480176484239
56870.0,56879.8,True,synchronous,0.970862843936538
56875.0,56884.8,True,synchronous,0.9711303770639622
56880.0,56889.8,True,synchronous,0.9708630240273013
56885.0,56894.8,True,synchronous,0.9712292149956546
56890.0,56899.8,True,synchronous,0.9712292159055236
56895.0,56904.8,True,synchronous,0.9708630255020201
56900.0,56909.8,True,synchronous,0.9712292159289679
56905.0,56914.8,True,synchronous,0.9708630255020201
56910.0,56919.8,True,synchronous,0.9711303775733074
56915.0,56924.8,True,synchronous,0.9712292157174427
56920.0,56929.8,True,synchronous,0.970862843936538
56925.0,56934.8,True,synchronous,0.9711303771811688
56930.0,56939.8,True,synchronous,0.9711303759991075
56935.0,56944.8,True,synchronous,0.9711303759028646
56940.0,56949.8,True,synchronous,0.9711303759092008
56945.0,56954.8,True,synchronous,0.9711303763416218
56950.0,56959.8,True,synchronous,0.9708636228213289
56955.0,56964.8,True,synchronous,0.9711303776734829
56960.0,56969.8,True,synchronous,0.971130376784073
56965.0,56974.8,True,synchronous,0.9708341530635594
56970.0,56979.8,True,synchronous,0.9712292149956546
56975.0,56984.8,True,synchronous,0.9712292159289679
56980.0,56989.8,True,synchronous,0.9711303776055945
56985.0,56994.8,True,synchronous,0.9711303766590967
56990.0,56999.8,True,synchronous,0.970862843936538
56995.0,57004.8,True,synchronous,0.9699175319860345
57000.0,57009.8,True,synchronous,0.9699480176484239
57005.0,57014.8,True,synchronous,0.9700509658503302
57010.0,57019.8,True,synchronous,0.9711303760153058
57015.0,57024.8,True,synchronous,0.9711303763218067
57020.0,57029.8,True,synchronous,0.9711303763218067
57025.0,57034.8,True,synchronous,0.9712292147700909
57030.0,57039.8,True,synchronous,0.9712292157174427
57035.0,57044.8,True,synchronous,0.9712292149956546
57040.0,57049.8,True,synchronous,0.9699480176484239
57045.0,57054.8,True,synchronous,0.9699480176484239
57050.0,57059.8,True,synchronous,0.9699480176484239
57055.0,57064.8,True,synchronous,0.9700509658503302
57060.0,57069.8,True,synchronous,0.9708341530635594
57065.0,57074.8,True,synchronous,0.971130377164321
57070.0,57079.8,True,synchronous,0.9711303771504435
57075.0,57084.8,True,synchronous,0.9708636228213289
57080.0,57089.8,True,synchronous,0.9708628437062077
57085.0,57094.8,True,synchronous,0.9711303766691879
57090.0,57099.8,True,synchronous,0.9711303758931676
57095.0,57104.8,True,synchronous,0.9712292147290963
57100.0,57109.8,True,synchronous,0.9711303766523401
57105.0,57114.8,True,synchronous,0.9711303771504435
57110.0,57119.8,True,synchronous,0.9711303770510226
57115.0,57124.8,True,synchronous,0.9708628437062077
57120.0,57129.8,True,synchronous,0.9708630240273013
57125.0,57134.8,True,synchronous,0.9699480176484239
57130.0,57139.8,True,synchronous,0.9700478688773654
57135.0,57144.8,True,synchronous,0.9711303763416218
57140.0,57149.8,True,synchronous,0.9711303771672911
57145.0,57154.8,True,synchronous,0.9711303763218067
57150.0,57159.8,True,synchronous,0.9711303783560801
57155.0,57164.8,True,synchronous,0.9711303776566352
57160.0,57169.8,True,synchronous,0.9711303766590967
57165.0,57174.8,True,synchronous,0.9711305292159312
57170.0,57179.8,True,synchronous,0.9711305292159312
57175.0,57184.8,True,synchronous,0.9711303776734829
57180.0,57189.8,True,synchronous,0.9711303783392325
57185.0,57194.8,True,synchronous,0.971130377034175
57190.0,57199.8,True,synchronous,0.971130375886017
57195.0,57204.8,True,synchronous,0.9711303776055945
57200.0,57209.8,True,synchronous,0.9700478091306256
57205.0,57214.8,True,synchronous,0.9699480176484239
57210.0,57219.8,True,synchronous,0.9699480176484239
57215.0,57224.8,True,synchronous,0.9699480176484239
57220.0,57229.8,True,synchronous,0.9700478091306256
57225.0,57234.8,True,synchronous,0.9711303760153058
57230.0,57239.8,True,synchronous,0.9708630240273013
57235.0,57244.8,True,synchronous,0.9708628437062077
57240.0,57249.8,True,synchronous,0.9711303771811688
57245.0,57254.8,True,synchronous,0.971130377588747
57250.0,57259.8,True,synchronous,0.9711303783560801
57255.0,57264.8,True,synchronous,0.9711303759028646
57260.0,57269.8,True,synchronous,0.9711303776734829
57265.0,57274.8,True,synchronous,0.9711303775733074
57270.0,57279.8,True,synchronous,0.9711303760153058
57275.0,57284.8,True,synchronous,0.9708630240273013
57280.0,57289.8,True,synchronous,0.9708630255020201
57285.0,57294.8,True,synchronous,0.9711303758931676
57290.0,57299.8,True,synchronous,0.9711305291920482
57295.0,57304.8,True,synchronous,0.9711303759028646
57300.0,57309.8,True,synchronous,0.9711303763218067
57305.0,57314.8,True,synchronous,0.9711303759984583
57310.0,57319.8,True,synchronous,0.9712292159055236
57315.0,57324.8,True,synchronous,0.9712292147290963
57320.0,57329.8,True,synchronous,0.9711303759028646
57325.0,57334.8,True,synchronous,0.9711303776055945
57330.0,57339.8,True,synchronous,0.9708636228213289
57335.0,57344.8,True,synchronous,0.9712292149956546
57340.0,57349.8,True,synchronous,0.9711303758931676
57345.0,57354.8,True,synchronous,0.9711303758931676
57350.0,57359.8,True,synchronous,0.9711303756849154
57355.0,57364.8,True,synchronous,0.9711305292159312
57360.0,57369.8,True,synchronous,0.9700478091306256
57365.0,57374.8,True,synchronous,0.9711303775564596
57370.0,57379.8,True,synchronous,0.9711303776566352
57375.0,57384.8,True,synchronous,0.9712292147290963
57380.0,57389.8,True,synchronous,0.9712292159289679
57385.0,57394.8,True,synchronous,0.9711303775733074
57390.0,57399.8,True,synchronous,0.9711303766691879
57395.0,57404.8,True,synchronous,0.9711303760153058
57400.0,57409.8,True,synchronous,0.9708636228213289
57405.0,57414.8,True,synchronous,0.9699480176484239
57410.0,57419.8,True,synchronous,0.9711303763218067
57415.0,57424.8,True,synchronous,0.9711303766590967
57420.0,57429.8,True,synchronous,0.9708636228213289
57425.0,57434.8,True,synchronous,0.9711303759991075
57430.0,57439.8,True,synchronous,0.9711303759092008
57435.0,57444.8,True,synchronous,0.9711303759028646
57440.0,57449.8,True,synchronous,0.9711305291981326
57445.0,57454.8,True,synchronous,0.9700478688773654
57450.0,57459.8,True,synchronous,0.9700478091306256
57455.0,57464.8,True,synchronous,0.9711303770510226
57460.0,57469.8,True,synchronous,0.9711303783392325
57465.0,57474.8,True,synchronous,0.9712292147290963
57470.0,57479.8,True,synchronous,0.9711303759092008
57475.0,57484.8,True,synchronous,0.9711303758931676
57480.0,57489.8,True,synchronous,0.9711303783560801
57485.0,57494.8,True,synchronous,0.9708628437062077
57490.0,57499.8,True,synchronous,0.9711303776734829
57495.0,57504.8,True,synchronous,0.9711303759092008
57500.0,57509.8,True,synchronous,0.9712292157174427
57505.0,57514.8,True,synchronous,0.9711303775733074
57510.0,57519.8,True,synchronous,0.9711303760153058
57515.0,57524.8,True,synchronous,0.9711303770639622
57520.0,57529.8,True,synchronous,0.9711303770471146
57525.0,57534.8,True,synchronous,0.9708341488124844
57530.0,57539.8,True,synchronous,0.971130376784073
57535.0,57544.8,True,synchronous,0.9711303759028646
57540.0,57549.8,True,synchronous,0.9711305292159312
57545.0,57554.8,True,synchronous,0.9711303763218067
57550.0,57559.8,True,synchronous,0.9711303770510226
57555.0,57564.8,True,synchronous,0.9711303759092008
57560.0,57569.8,True,synchronous,0.9700478688773654
57565.0,57574.8,True,synchronous,0.9708341523147297
57570.0,57579.8,True,synchronous,0.9708341523147297
57575.0,57584.8,True,synchronous,0.9711303763218067
57580.0,57589.8,True,synchronous,0.9711303728697579
57585.0,57594.8,True,synchronous,0.9711303717015742
57590.0,57599.8,True,synchronous,0.9711303727366418
57595.0,57604.8,True,synchronous,0.9708630197759731
57600.0,57609.8,True,synchronous,0.9712292105155556
57605.0,57614.8,True,synchronous,0.9708636189089357
57610.0,57619.8,True,synchronous,0.9711303732757742
57615.0,57624.8,True,synchronous,0.971130372766429
57620.0,57629.8,True,synchronous,0.9711305249079133
57625.0,57634.8,True,synchronous,0.9711303720242735
57630.0,57639.8,True,synchronous,0.9711305249079133
57635.0,57644.8,True,synchronous,0.9711305249005983
57640.0,57649.8,True,synchronous,0.9711303716053313
57645.0,57654.8,True,synchronous,0.9712292107411192
57650.0,57659.8,True,synchronous,0.9708341488124844
57655.0,57664.8,True,synchronous,0.9700478646330641
57660.0,57669.8,True,synchronous,0.9708628396851176
57665.0,57674.8,True,synchronous,0.9711303728697579
57670.0,57679.8,True,synchronous,0.9711303720242735
57675.0,57684.8,True,synchronous,0.9711303716116677
57680.0,57689.8,True,synchronous,0.9711303740416991
57685.0,57694.8,True,synchronous,0.9700509616060018
57690.0,57699.8,True,synchronous,0.9700478646330641
57695.0,57704.8,True,synchronous,0.9708341480636545
57700.0,57709.8,True,synchronous,0.4048531413119768
57705.0,57714.8,True,synchronous,0.40220592175879044
57710.0,57719.8,True,synchronous,0.4119624584385363
57715.0,57724.8,True,synchronous,0.41196107461546655
57720.0,57729.8,True,synchronous,0.4119610460032143
57725.0,57734.8,True,synchronous,0.4119610642193976
57730.0,57739.8,True,synchronous,0.41196104963178887
57735.0,57744.8,True,synchronous,0.41196107461546655
57740.0,57749.8,True,synchronous,0.41196107841152324
57745.0,57754.8,True,synchronous,0.4128064881712596
57750.0,57759.8,True,synchronous,0.4095781019965374
57755.0,57764.8,True,synchronous,0.4095920208551597
57760.0,57769.8,True,synchronous,0.41196106565137247
57765.0,57774.8,True,synchronous,0.41196246243538853
57770.0,57779.8,True,synchronous,0.41196105883187417
57775.0,57784.8,True,synchronous,0.40944641897156464
57780.0,57789.8,True,synchronous,0.4028083645432939
57785.0,57794.8,True,synchronous,0.4095920228003547
57790.0,57799.8,True,synchronous,0.41196244366791257
57795.0,57804.8,True,synchronous,0.4119610766904152
57800.0,57809.8,True,synchronous,0.41196106483060735
57805.0,57814.8,True,synchronous,0.41280648577801116
57810.0,57819.8,True,synchronous,0.4128064881712596
57815.0,57824.8,True,synchronous,0.41196106483060735
57820.0,57829.8,True,synchronous,0.41196245854273816
57825.0,57834.8,True,synchronous,0.40199121349967726
57830.0,57839.8,True,synchronous,0.4094464126063524
57835.0,57844.8,True,synchronous,0.4119610498059607
57840.0,57849.8,True,synchronous,0.4119610045796444
57845.0,57854.8,True,synchronous,0.41196104992445043
57850.0,57859.8,True,synchronous,0.4119624625179721
57855.0,57864.8,True,synchronous,0.4119610321733869
57860.0,57869.8,True,synchronous,0.41280650279688835
57865.0,57874.8,True,synchronous,0.41196106565137247
57870.0,57879.8,True,synchronous,0.41196244366791257
57875.0,57884.8,True,synchronous,0.40280886446112923
57880.0,57889.8,True,synchronous,0.40944640871986665
57885.0,57894.8,True,synchronous,0.4095920208551597
57890.0,57899.8,True,synchronous,0.4095920247348355
57895.0,57904.8,True,synchronous,0.4119610785498335
57900.0,57909.8,True,synchronous,0.41196106276624106
57905.0,57914.8,True,synchronous,0.4119610936330374
57910.0,57919.8,True,synchronous,0.41196107759533807
57915.0,57924.8,True,synchronous,0.4119610878058165
57920.0,57929.8,True,synchronous,0.412806469156057
57925.0,57934.8,True,synchronous,0.4028083645432939
57930.0,57939.8,True,synchronous,0.40199121349967726
57935.0,57944.8,True,synchronous,0.4095920266800306
57940.0,57949.8,True,synchronous,0.4028322821511438
57945.0,57954.8,True,synchronous,0.40959216812000016
57950.0,57959.8,True,synchronous,0.4119610230824204
57955.0,57964.8,True,synchronous,0.41196104870875044
57960.0,57969.8,True,synchronous,0.4119610614689013
57965.0,57974.8,True,synchronous,0.4128064818274756
57970.0,57979.8,True,synchronous,0.4095921718494743
57975.0,57984.8,True,synchronous,0.4095920228003547
57980.0,57989.8,True,synchronous,0.4128064818274756
57985.0,57994.8,True,synchronous,0.4095920228003547
57990.0,57999.8,True,synchronous,0.4028083645432939
57995.0,58004.8,True,synchronous,0.4095921679697961
58000.0,58009.8,True,synchronous,0.4119610665744106
58005.0,58014.8,True,synchronous,0.41280648616830384
58010.0,58019.8,True,synchronous,0.402832284941643
58015.0,58024.8,True,synchronous,0.4028322821511438
58020.0,58029.8,True,synchronous,0.4119610532662748
58025.0,58034.8,True,synchronous,0.41196106565137247
58030.0,58039.8,True,synchronous,0.41196102664969625
58035.0,58044.8,True,synchronous,0.4119610498059607
58040.0,58049.8,True,synchronous,0.4095920208551597
58045.0,58054.8,True,synchronous,0.4095781231748549
58050.0,58059.8,True,synchronous,0.4028088710035042
58055.0,58064.8,True,synchronous,0.40199121349967726
58060.0,58069.8,True,synchronous,0.4095781192954387
58065.0,58074.8,True,synchronous,0.4119610493319077
58070.0,58079.8,True,synchronous,0.41196106557261014
58075.0,58084.8,True,synchronous,0.41196246243538853
58080.0,58089.8,True,synchronous,0.41196106876497435
58085.0,58094.8,True,synchronous,0.4028088682133654
58090.0,58099.8,True,synchronous,0.40280886446112923
58095.0,58104.8,True,synchronous,0.41196103298182873
58100.0,58109.8,True,synchronous,0.41196107841152324
58105.0,58114.8,True,synchronous,0.4028083682955221
58110.0,58119.8,True,synchronous,0.4095921698379062
58115.0,58124.8,True,synchronous,0.4119610936330374
58120.0,58129.8,True,synchronous,0.4119610532662748
58125.0,58134.8,True,synchronous,0.40199121349967726
58130.0,58139.8,True,synchronous,0.40199121723672737
58135.0,58144.8,True,synchronous,0.4028088682133654
58140.0,58149.8,True,synchronous,0.4028322821511438
58145.0,58154.8,True,synchronous,0.41196106276624106
58150.0,58159.8,True,synchronous,0.4094464126063524
58155.0,58164.8,True,synchronous,0.41196102168694754
58160.0,58169.8,True,synchronous,0.41196104992445043
58165.0,58174.8,True,synchronous,0.4119610321733869
58170.0,58179.8,True,synchronous,0.41280650279688835
58175.0,58184.8,True,synchronous,0.4119610737239726
58180.0,58189.8,True,synchronous,0.4119624625179721
58185.0,58194.8,True,synchronous,0.41196107759533807
58190.0,58199.8,True,synchronous,0.4095920266800306
58195.0,58204.8,True,synchronous,0.4095921688779164
58200.0,58209.8,True,synchronous,0.41196244760230555
58205.0,58214.8,True,synchronous,0.41196244760230555
58210.0,58219.8,True,synchronous,0.41196106276624106
58215.0,58224.8,True,synchronous,0.41280648577801116
58220.0,58229.8,True,synchronous,0.40957810199758626
58225.0,58234.8,True,synchronous,0.4028083682955221
58230.0,58239.8,True,synchronous,0.41280648578464096
58235.0,58244.8,True,synchronous,0.41280648555061816
58240.0,58249.8,True,synchronous,0.4095920208551597
58245.0,58254.8,True,synchronous,0.4095921679697961
58250.0,58259.8,True,synchronous,0.4095920208551597
58255.0,58264.8,True,synchronous,0.41196106483060735
58260.0,58269.8,True,synchronous,0.41196106163824314
58265.0,58274.8,True,synchronous,0.41280649884635284
58270.0,58279.8,True,synchronous,0.4094464150850788
58275.0,58284.8,True,synchronous,0.4119610736609711
58280.0,58289.8,True,synchronous,0.41196107841152324
58285.0,58294.8,True,synchronous,0.41196106557261014
58290.0,58299.8,True,synchronous,0.4119610321733869
58295.0,58304.8,True,synchronous,0.41196107447715635
58300.0,58309.8,True,synchronous,0.41196102823902
58305.0,58314.8,True,synchronous,0.41196106483060735
58310.0,58319.8,True,synchronous,0.4095921679697961
58315.0,58324.8,True,synchronous,0.40199121723672737
58320.0,58329.8,True,synchronous,0.4095920208551597
58325.0,58334.8,True,synchronous,0.41196102271532914
58330.0,58339.8,True,synchronous,0.4128064969792299
58335.0,58344.8,True,synchronous,0.41196246237292933
58340.0,58349.8,True,synchronous,0.40944641897156464
58345.0,58354.8,True,synchronous,0.4028322822964326
58350.0,58359.8,True,synchronous,0.40199121723672737
58355.0,58364.8,True,synchronous,0.4028083682955221
58360.0,58369.8,True,synchronous,0.4028083682955221
58365.0,58374.8,True,synchronous,0.4095781005165096
58370.0,58379.8,True,synchronous,0.40162827877634505
58375.0,58384.8,True,synchronous,0.9913285807678693
58380.0,58389.8,True,synchronous,0.9913285810015728
58385.0,58394.8,True,synchronous,0.9913285808075107
58390.0,58399.8,True,synchronous,0.9912467885254952
58395.0,58404.8,True,synchronous,0.991246788421499
58400.0,58409.8,True,synchronous,0.9913285810015728
58405.0,58414.8,True,synchronous,0.9913285808075107
58410.0,58419.8,True,synchronous,0.991237689595836
58415.0,58424.8,True,synchronous,0.990965914440072
58420.0,58429.8,True,synchronous,0.9909964257432533
58425.0,58434.8,True,synchronous,0.991328627777356
58430.0,58439.8,True,synchronous,0.991246788421499
58435.0,58444.8,True,synchronous,0.9909964073951985
58440.0,58449.8,True,synchronous,0.9909973768043254
58445.0,58454.8,True,synchronous,0.9909964073951985
58450.0,58459.8,True,synchronous,0.9913588373263668
58455.0,58464.8,True,synchronous,0.9913285815066438
58460.0,58469.8,True,synchronous,0.9913285815118095
58465.0,58474.8,True,synchronous,0.9913285812841643
58470.0,58479.8,True,synchronous,0.9913285811104524
58475.0,58484.8,True,synchronous,0.9909964073951985
58480.0,58489.8,True,synchronous,0.9913588370229973
58485.0,58494.8,True,synchronous,0.991328580773035
58490.0,58499.8,True,synchronous,0.991328627775113
58495.0,58504.8,True,synchronous,0.991328627778643
58500.0,58509.8,True,synchronous,0.9913285808075107
58505.0,58514.8,True,synchronous,0.9913285811156182
58510.0,58519.8,True,synchronous,0.9912465494441156
58515.0,58524.8,True,synchronous,0.990965914440072
58520.0,58529.8,True,synchronous,0.990965914440072
58525.0,58534.8,True,synchronous,0.9909964073951985
58530.0,58539.8,True,synchronous,0.991237689595836
58535.0,58544.8,True,synchronous,0.991328580773035
58540.0,58549.8,True,synchronous,0.9913285810015728
58545.0,58554.8,True,synchronous,0.9913285813025121
58550.0,58559.8,True,synchronous,0.9913285811463893
58555.0,58564.8,True,synchronous,0.9913285809075658
58560.0,58569.8,True,synchronous,0.991328580773035
58565.0,58574.8,True,synchronous,0.991328580802544
58570.0,58579.8,True,synchronous,0.9912466048227994
58575.0,58584.8,True,synchronous,0.9913285811463893
58580.0,58589.8,True,synchronous,0.991358837035565
58585.0,58594.8,True,synchronous,0.9913285811064891
58590.0,58599.8,True,synchronous,0.990965914440072
58595.0,58604.8,True,synchronous,0.990965914440072
58600.0,58609.8,True,synchronous,0.9912466048227994
58605.0,58614.8,True,synchronous,0.9912466043655778
58610.0,58619.8,True,synchronous,0.9913285812973466
58615.0,58624.8,True,synchronous,0.99132858128933
58620.0,58629.8,True,synchronous,0.9913285811116546
58625.0,58634.8,True,synchronous,0.9913285809075658
58630.0,58639.8,True,synchronous,0.99132858090149
58635.0,58644.8,True,synchronous,0.990965914440072
58640.0,58649.8,True,synchronous,0.990965914440072
58645.0,58654.8,True,synchronous,0.9909659144434019
58650.0,58659.8,True,synchronous,0.990965914440072
58655.0,58664.8,True,synchronous,0.991246788421499
58660.0,58669.8,True,synchronous,0.9909964257432533
58665.0,58674.8,True,synchronous,0.9913588373910177
58670.0,58679.8,True,synchronous,0.9913285812717929
58675.0,58684.8,True,synchronous,0.99132862778057
58680.0,58689.8,True,synchronous,0.9913285807749778
58685.0,58694.8,True,synchronous,0.9913285807700619
58690.0,58699.8,True,synchronous,0.9909973768043254
58695.0,58704.8,True,synchronous,0.990965914440072
58700.0,58709.8,True,synchronous,0.9909964073951985
58705.0,58714.8,True,synchronous,0.9913285812841643
58710.0,58719.8,True,synchronous,0.9909964257432533
58715.0,58724.8,True,synchronous,0.991246788421499
58720.0,58729.8,True,synchronous,0.9913588373838305
58725.0,58734.8,True,synchronous,0.9913285812816924
58730.0,58739.8,True,synchronous,0.9913285809075658
58735.0,58744.8,True,synchronous,0.991328580773035
58740.0,58749.8,True,synchronous,0.9912466043655778
58745.0,58754.8,True,synchronous,0.9909964257432533
58750.0,58759.8,True,synchronous,0.9913285807973785
58755.0,58764.8,True,synchronous,0.9913588373263668
58760.0,58769.8,True,synchronous,0.9913285810015728
58765.0,58774.8,True,synchronous,0.9913285815118095
58770.0,58779.8,True,synchronous,0.9913588373263668
58775.0,58784.8,True,synchronous,0.990965914440072
58780.0,58789.8,True,synchronous,0.9909659144434019
58785.0,58794.8,True,synchronous,0.9909964073951985
58790.0,58799.8,True,synchronous,0.9913285808075107
58795.0,58804.8,True,synchronous,0.991358837035565
58800.0,58809.8,True,synchronous,0.991237689595836
58805.0,58814.8,True,synchronous,0.9909973768043254
58810.0,58819.8,True,synchronous,0.9913588373263668
58815.0,58824.8,True,synchronous,0.9913285812973466
58820.0,58829.8,True,synchronous,0.9913285812717929
58825.0,58834.8,True,synchronous,0.9913285812841643
58830.0,58839.8,True,synchronous,0.9913285812717929
58835.0,58844.8,True,synchronous,0.991328580802544
58840.0,58849.8,True,synchronous,0.990965914440072
58845.0,58854.8,True,synchronous,0.990965914440072
58850.0,58859.8,True,synchronous,0.9912467885254952
58855.0,58864.8,True,synchronous,0.9912376893661324
58860.0,58869.8,True,synchronous,0.991328627778643
58865.0,58874.8,True,synchronous,0.991328627775113
58870.0,58879.8,True,synchronous,0.9909964257432533
58875.0,58884.8,True,synchronous,0.9912465494481252
58880.0,58889.8,True,synchronous,0.991237689595836
58885.0,58894.8,True,synchronous,0.9913285807010439
58890.0,58899.8,True,synchronous,0.9913285808963246
58895.0,58904.8,True,synchronous,0.9913285811104524
58900.0,58909.8,True,synchronous,0.9912465495147648
58905.0,58914.8,True,synchronous,0.9913285807062093
58910.0,58919.8,True,synchronous,0.9913285807700619
58915.0,58924.8,True,synchronous,0.9912465494441156
58920.0,58929.8,True,synchronous,0.9912465494441156
58925.0,58934.8,True,synchronous,0.9913285809997445
58930.0,58939.8,True,synchronous,0.9913588373263668
58935.0,58944.8,True,synchronous,0.9909973768043254
58940.0,58949.8,True,synchronous,0.9909964073951985
58945.0,58954.8,True,synchronous,0.9913285815066438
58950.0,58959.8,True,synchronous,0.9913285808075107
58955.0,58964.8,True,synchronous,0.991328627775113
58960.0,58969.8,True,synchronous,0.991237689595836
58965.0,58974.8,True,synchronous,0.9913285811421342
58970.0,58979.8,True,synchronous,0.9913285807648962
58975.0,58984.8,True,synchronous,0.9912465494441156
58980.0,58989.8,True,synchronous,0.9913285811472999
58985.0,58994.8,True,synchronous,0.9912465494441156
58990.0,58999.8,True,synchronous,0.9913285810316327
58995.0,59004.8,True,synchronous,0.991328580769812
59000.0,59009.8,True,synchronous,0.9913588370229973
59005.0,59014.8,True,synchronous,0.9913285813025121
59010.0,59019.8,True,synchronous,0.99132858090149
59015.0,59024.8,True,synchronous,0.9913588373910177
59020.0,59029.8,True,synchronous,0.9913285807010439
59025.0,59034.8,True,synchronous,0.99132858090149
59030.0,59039.8,True,synchronous,0.991358837035565
59035.0,59044.8,True,synchronous,0.9912466048227994
59040.0,59049.8,True,synchronous,0.9912466048227994
59045.0,59054.8,True,synchronous,0.991237689595836
59050.0,59059.8,True,synchronous,0.9913285813025121
59055.0,59064.8,True,synchronous,0.9913285811472999
59060.0,59069.8,True,synchronous,0.99132858090149
59065.0,59074.8,True,synchronous,0.990965914440072
59070.0,59079.8,True,synchronous,0.9909973768043254
59075.0,59084.8,True,synchronous,0.9912466048227994
59080.0,59089.8,True,synchronous,0.9912466043655778
59085.0,59094.8,True,synchronous,0.9913588373838305
59090.0,59099.8,True,synchronous,0.9913588371039579
59095.0,59104.8,True,synchronous,0.99132858090149
59100.0,59109.8,True,synchronous,0.9913285808075107
59105.0,59114.8,True,synchronous,0.9913285807062093
59110.0,59119.8,True,synchronous,0.9913285811116546
59115.0,59124.8,True,synchronous,0.9913285812717929
59120.0,59129.8,True,synchronous,0.991328627775113
59125.0,59134.8,True,synchronous,0.9913285810049102
59130.0,59139.8,True,synchronous,0.9913285807749778
59135.0,59144.8,True,synchronous,0.991328627777356
59140.0,59149.8,True,synchronous,0.99132862778057
59145.0,59154.8,True,synchronous,0.99132858128933
59150.0,59159.8,True,synchronous,0.9913285815118095
59155.0,59164.8,True,synchronous,0.991328627775113
59160.0,59169.8,True,synchronous,0.9910325823572881
59165.0,59174.8,True,synchronous,0.9699189366046741
59170.0,59179.8,True,synchronous,0.9712292116744327
59175.0,59184.8,True,synchronous,0.9712292116744327
59180.0,59189.8,True,synchronous,0.9711305249183968
59185.0,59194.8,True,synchronous,0.9711303713873823
59190.0,59199.8,True,synchronous,0.9711303720440886
59195.0,59204.8,True,synchronous,0.971130372766429
59200.0,59209.8,True,synchronous,0.9711303740585469
59205.0,59214.8,True,synchronous,0.9711303727534895
59210.0,59219.8,True,synchronous,0.9711303727534895
59215.0,59224.8,True,synchronous,0.9711303732757742
59220.0,59229.8,True,synchronous,0.9711303717015742
59225.0,59234.8,True,synchronous,0.9711303716053313
59230.0,59239.8,True,synchronous,0.9711303717177727
59235.0,59244.8,True,synchronous,0.975734461569244
59240.0,59249.8,True,synchronous,0.975123001927366
59245.0,59254.8,True,pv,0.9999934215054532
59250.0,59259.8,True,pv,0.99997244049917
59255.0,59264.8,True,pv,0.99997244049917
59260.0,59269.8,True,pv,0.9999724404980641
59265.0,59274.8,True,pv,0.9999724373269758
59270.0,59279.8,True,pv,0.9999934114492459
59275.0,59284.8,True,pv,0.9999934185298673
59280.0,59289.8,True,pv,0.9999934114492459
59285.0,59294.8,True,pv,0.9999934218013264
59290.0,59299.8,True,pv,0.999993421505626
59295.0,59304.8,True,pv,0.9999934183327617
59300.0,59309.8,True,pv,0.9999724375220749
59305.0,59314.8,True,pv,0.999993421505453
59310.0,59319.8,True,pv,0.99997244049917
59315.0,59324.8,True,pv,0.9999724295432058
59320.0,59329.8,True,pv,0.9999934105429416
59325.0,59334.8,True,pv,0.9999724295432058
59330.0,59339.8,True,pv,0.999972440498061
59335.0,59344.8,True,pv,0.999972440498061
59340.0,59349.8,True,pv,0.9999724404980617
59345.0,59354.8,True,pv,0.9999934185278683
59350.0,59359.8,True,pv,0.9999934218016164
59355.0,59364.8,True,pv,0.9999934215054554
59360.0,59369.8,True,pv,0.999972440498061
59365.0,59374.8,True,pv,0.9999934215054543
59370.0,59379.8,True,pv,0.9999934215054521
59375.0,59384.8,True,pv,0.9999724304494721
59380.0,59389.8,True,pv,0.9999934185298673
59385.0,59394.8,True,pv,0.9999724375298951
59390.0,59399.8,True,pv,0.9999724404980619
59395.0,59404.8,True,pv,0.9999724404980619
59400.0,59409.8,True,pv,0.99997244049917
59405.0,59414.8,True,pv,0.999972440498061
59410.0,59419.8,True,pv,0.9999934114492459
59415.0,59424.8,True,pv,0.9999724295432058
59420.0,59429.8,True,pv,0.9999934114492459
59425.0,59434.8,True,pv,0.9999934215056262
59430.0,59439.8,True,pv,0.9999934215054554
59435.0,59444.8,True,pv,0.9999934215054523
59440.0,59449.8,True,pv,0.9999724404980619
59445.0,59454.8,True,pv,0.99997244049917
59450.0,59459.8,True,pv,0.9999724404980619
59455.0,59464.8,True,pv,0.9999724404980617
59460.0,59469.8,True,pv,0.999972440499168
59465.0,59474.8,True,pv,0.999972440499168
59470.0,59479.8,True,pv,0.9999724404980597
59475.0,59484.8,True,pv,0.9999724404987789
59480.0,59489.8,True,pv,0.999993421505453
59485.0,59494.8,True,pv,0.9999934114321312
59490.0,59499.8,True,pv,0.9999934114492459
59495.0,59504.8,True,pv,0.999993421505453
59500.0,59509.8,True,pv,0.999993421505451
59505.0,59514.8,True,pv,0.999972440498059
59510.0,59519.8,True,pv,0.9999934185284272
59515.0,59524.8,True,pv,0.9999724375298951
59520.0,59529.8,True,pv,0.999972440499168
59525.0,59534.8,True,pv,0.9999724404980599
59530.0,59539.8,True,pv,0.9999934215056258
59535.0,59544.8,True,pv,0.9999934218016147
59540.0,59549.8,True,pv,0.9999724373269752
59545.0,59554.8,True,pv,0.9999934215054521
59550.0,59559.8,True,pv,0.9999724404980599
59555.0,59564.8,True,pv,0.9999724304319481
59560.0,59569.8,True,pv,0.9999724304494721
59565.0,59574.8,True,pv,0.9999724404980599
59570.0,59579.8,True,pv,0.9999934185298687
59575.0,59584.8,True,pv,0.9999934114317213
59580.0,59589.8,True,pv,0.9999724373269758
59585.0,59594.8,True,pv,0.9999724404991682
59590.0,59599.8,True,pv,0.999972440498059
59595.0,59604.8,True,pv,0.9999724404980599
59600.0,59609.8,True,pv,0.9999724404980599
59605.0,59614.8,True,pv,0.9999724404980617
59610.0,59619.8,True,pv,0.9999724373269758
59615.0,59624.8,True,pv,0.9999724407944687
59620.0,59629.8,True,pv,0.999972440795684
59625.0,59634.8,True,pv,0.9999724304323574
59630.0,59639.8,True,pv,0.9999724404980599
59635.0,59644.8,True,pv,0.999972440498059
59640.0,59649.8,True,pv,0.9999724404980619
59645.0,59654.8,True,pv,0.9999934185298673
59650.0,59659.8,True,pv,0.9999934185298693
59655.0,59664.8,True,pv,0.9999724404987791
59660.0,59669.8,True,pv,0.999993421505453
59665.0,59674.8,True,pv,0.9999724404980597
59670.0,59679.8,True,pv,0.9999934105429422
59675.0,59684.8,True,pv,0.9999724295432058
59680.0,59689.8,True,pv,0.9999934218016151
59685.0,59694.8,True,pv,0.9999724407944687
59690.0,59699.8,True,pv,0.999993421505453
59695.0,59704.8,True,pv,0.999993421505451
59700.0,59709.8,True,pv,0.9999934215056258
59705.0,59714.8,True,pv,0.9999724404987786
59710.0,59719.8,True,pv,0.9999724404980599
59715.0,59724.8,True,pv,0.999972440499168
59720.0,59729.8,True,pv,0.999972440499168
59725.0,59734.8,True,pv,0.9999724375298966
59730.0,59739.8,True,pv,0.9999934218016155
59735.0,59744.8,True,pv,0.9999724407956858
59740.0,59749.8,True,pv,0.9999724404991682
59745.0,59754.8,True,pv,0.9999724404980599
59750.0,59759.8,True,pv,0.9999934215054512
59755.0,59764.8,True,pv,0.9999724407944671
59760.0,59769.8,True,pv,0.9999934183327608
59765.0,59774.8,True,pv,0.9999934114317219
59770.0,59779.8,True,pv,0.9999934105429416
59775.0,59784.8,True,pv,0.9999724375220749
59780.0,59789.8,True,pv,0.9999934114317213
59785.0,59794.8,True,pv,0.9999934185299666
59790.0,59799.8,True,pv,0.9999934218013287
59795.0,59804.8,True,pv,0.9999934185299666
59800.0,59809.8,True,pv,0.9999724404980594
59805.0,59814.8,True,pv,0.999972440795684
59810.0,59819.8,True,pv,0.9999934218013271
59815.0,59824.8,True,pv,0.9999724407956843
59820.0,59829.8,True,pv,0.9999724404980619
59825.0,59834.8,True,pv,0.9999724404980599
59830.0,59839.8,True,pv,0.999993421505449
59835.0,59844.8,True,pv,0.9999934215054508
59840.0,59849.8,True,pv,0.9999934218013284
59845.0,59854.8,True,pv,0.9999934183327617
59850.0,59859.8,True,pv,0.999972440498059
59855.0,59864.8,True,pv,0.9999724404991682
59860.0,59869.8,True,pv,0.9999934215054512
59865.0,59874.8,True,pv,0.999993418529868
59870.0,59879.8,True,pv,0.9999724375297978
59875.0,59884.8,True,pv,0.9999934215054521
59880.0,59889.8,True,pv,0.9999934215054535
59885.0,59894.8,True,pv,0.9999724404980599
59890.0,59899.8,True,pv,0.9999934215054512
59895.0,59904.8,True,pv,0.9999724404987778
59900.0,59909.8,True,pv,0.9999934218013278
59905.0,59914.8,True,pv,0.9999934218016162
59910.0,59919.8,True,pv,0.9999934185278683
59915.0,59924.8,True,pv,0.9999724407944687
59920.0,59929.8,True,pv,0.9999724295432058
59925.0,59934.8,True,pv,0.9999934114317213
59930.0,59939.8,True,pv,0.9999934185299675
59935.0,59944.8,True,pv,0.9999934183327608
59940.0,59949.8,True,pv,0.9999724404987806
59945.0,59954.8,True,pv,0.9999724407944687
59950.0,59959.8,True,pv,0.9999934215065595
59955.0,59964.8,True,pv,0.9999724404987789
59960.0,59969.8,True,pv,0.9999724404980599
59965.0,59974.8,True,pv,0.999993421505453
59970.0,59979.8,True,pv,0.9999934215054508
59975.0,59984.8,True,pv,0.9999934215065595
59980.0,59989.8,True,pv,0.9999934215065595
59985.0,59994.8,True,pv,0.9999724404991682
59990.0,59999.8,True,pv,0.999972440498059
59995.0,60004.8,True,pv,0.9999934218016151
60000.0,60009.8,True,pv,0.9999724407944687
60005.0,60014.8,True,pv,0.9999934215054508
60010.0,60019.8,True,pv,0.9999934215054535
60015.0,60024.8,True,pv,0.9999724404987786
60020.0,60029.8,True,pv,0.999993421505453
60025.0,60034.8,True,pv,0.9999724373269758
60030.0,60039.8,True,pv,0.9999934185278676
60035.0,60044.8,True,pv,0.9999934114317213
60040.0,60049.8,True,pv,0.9999934114492466
60045.0,60054.8,True,pv,0.999993421801328
60050.0,60059.8,True,pv,0.9999934218016162
60055.0,60064.8,True,pv,0.9999724404980617
60060.0,60069.8,True,pv,0.9999724404987786
60065.0,60074.8,True,pv,0.9999724404980599
60070.0,60079.8,True,pv,0.9999724404980597
60075.0,60084.8,True,pv,0.999972440499168
60080.0,60089.8,True,pv,0.9999724404991682
60085.0,60094.8,True,pv,0.9999724404991682
60090.0,60099.8,True,pv,0.9999724404980594
60095.0,60104.8,True,pv,0.9999934218013278
60100.0,60109.8,True,pv,0.9999934183327608
60105.0,60114.8,True,pv,0.9999724404987778
60110.0,60119.8,True,pv,0.999993421505453
60115.0,60124.8,True,pv,0.9999934215054517
60120.0,60129.8,True,pv,0.999972440795684
60125.0,60134.8,True,pv,0.9999724404980572
60130.0,60139.8,True,pv,0.999972440498059
60135.0,60144.8,True,pv,0.9999724404980599
60140.0,60149.8,True,pv,0.999972440498059
60145.0,60154.8,True,pv,0.999972440499168
60150.0,60159.8,True,pv,0.999972440499168
60155.0,60164.8,True,pv,0.9999934215054501
60160.0,60169.8,True,pv,0.9999724404980599
60165.0,60174.8,True,pv,0.9999724404980617
60170.0,60179.8,True,pv,0.9999934185299666
60175.0,60184.8,True,pv,0.9999724375298951
60180.0,60189.8,True,pv,0.9999724404980597
60185.0,60194.8,True,pv,0.9999934215054521
60190.0,60199.8,True,pv,0.9999724407956858
60195.0,60204.8,True,pv,0.9999934215056229
60200.0,60209.8,True,pv,0.9999934218016151
60205.0,60214.8,True,pv,0.9999724304323574
60210.0,60219.8,True,pv,0.999972440499168
60215.0,60224.8,True,pv,0.9999724404991682
60220.0,60229.8,True,pv,0.999972440498059
60225.0,60234.8,True,pv,0.9999724375298951
60230.0,60239.8,True,pv,0.9999934218016144
60235.0,60244.8,True,pv,0.9999724375298951
60240.0,60249.8,True,pv,0.999972440499168
60245.0,60254.8,True,pv,0.999972440498061
60250.0,60259.8,True,pv,0.9999934215054523
60255.0,60264.8,True,pv,0.9999934215054499
60260.0,60269.8,True,pv,0.9999934215054523
60265.0,60274.8,True,pv,0.9999724375298951
60270.0,60279.8,True,pv,0.9999724404987806
60275.0,60284.8,True,pv,0.9999934215056258
60280.0,60289.8,True,pv,0.9999724404987778
60285.0,60294.8,True,pv,0.9999724404991682
60290.0,60299.8,True,pv,0.999972440499168
60295.0,60304.8,True,pv,0.999972440499168
60300.0,60309.8,True,pv,0.9999934215054508
60305.0,60314.8,True,pv,0.9999724404980617
60310.0,60319.8,True,pv,0.9999724375297965
60315.0,60324.8,True,pv,0.9999934218016151
60320.0,60329.8,True,pv,0.9999934218013271
60325.0,60334.8,True,pv,0.9999724404980599
60330.0,60339.8,True,pv,0.9999724304323574
60335.0,60344.8,True,pv,0.9999934218016147
60340.0,60349.8,True,pv,0.9999934183327608
60345.0,60354.8,True,pv,0.9999724404980572
60350.0,60359.8,True,pv,0.9999724404980572
60355.0,60364.8,True,pv,0.999972440499168
60360.0,60369.8,True,pv,0.999972440499168
60365.0,60374.8,True,pv,0.999972440498061
60370.0,60379.8,True,pv,0.9999724404987786
60375.0,60384.8,True,pv,0.9999934215054512
60380.0,60389.8,True,pv,0.9999934215056238
60385.0,60394.8,True,pv,0.9999724404987806
60390.0,60399.8,True,pv,0.999972440498059
60395.0,60404.8,True,pv,0.9999724404980617
60400.0,60409.8,True,pv,0.9999934218016151
60405.0,60414.8,True,pv,0.9999934215054523
60410.0,60419.8,True,pv,0.9999934185284272
60415.0,60424.8,True,pv,0.9999724375298951
60420.0,60429.8,True,pv,0.9999724407944687
60425.0,60434.8,True,pv,0.9999724404987778
60430.0,60439.8,True,pv,0.9999724304323574
60435.0,60444.8,True,pv,0.9999934114317219
60440.0,60449.8,True,pv,0.9999991348336223
60445.0,60454.8,True,pv,0.9999997234863721
60450.0,60459.8,True,pv,0.9999997347800165
60455.0,60464.8,True,pv,0.999999734785185
60460.0,60469.8,True,pv,0.9999997316012624
60465.0,60474.8,True,pv,0.9999997347800653
60470.0,60479.8,True,pv,0.9999997347800649
60475.0,60484.8,True,pv,0.9999997347811536
60480.0,60489.8,True,pv,0.9999997347800056
60485.0,60494.8,True,pv,0.9999997347811447
60490.0,60499.8,True,pv,0.9999997347800069
60495.0,60504.8,True,pv,0.9999997347800298
60500.0,60509.8,True,pv,0.9999997347800285
60505.0,60514.8,True,pv,0.9999997350843992
60510.0,60519.8,True,pv,0.9999997347800069
60515.0,60524.8,True,pv,0.9999997347800289
60520.0,60529.8,True,pv,0.9999997347800285
60525.0,60534.8,True,pv,0.9999997242826842
60530.0,60539.8,True,pv,0.9999997233458396
60535.0,60544.8,True,pv,0.9999997347811536
60540.0,60549.8,True,pv,0.9999997347800174
60545.0,60554.8,True,pv,0.9999997347800422
60550.0,60559.8,True,pv,0.9999997347811447
60555.0,60564.8,True,pv,0.9999997347800285
60560.0,60569.8,True,pv,0.9999997347800071
60565.0,60574.8,True,pv,0.9999997347800171
60570.0,60579.8,True,pv,0.9999997347800171
60575.0,60584.8,True,pv,0.9999997347800174
60580.0,60589.8,True,pv,0.9999997347811447
60585.0,60594.8,True,pv,0.9999997347811447
60590.0,60599.8,True,pv,0.9999997347811536
60595.0,60604.8,True,pv,0.9999997347800165
60600.0,60609.8,True,pv,0.9999997347800071
60605.0,60614.8,True,pv,0.9999997347800069
60610.0,60619.8,True,pv,0.9999997242641251
60615.0,60624.8,True,pv,0.999999735084399
60620.0,60629.8,True,pv,0.9999997350844099
60625.0,60634.8,True,pv,0.9999997350844119
60630.0,60639.8,True,pv,0.9999997347800174
60635.0,60644.8,True,pv,0.9999997347811447
60640.0,60649.8,True,pv,0.9999997347851621
60645.0,60654.8,True,pv,0.9999997314986738
60650.0,60659.8,True,pv,0.9999997347800422
60655.0,60664.8,True,pv,0.9999997350843974
60660.0,60669.8,True,pv,0.9999997315854124
60665.0,60674.8,True,pv,0.9999997347800289
60670.0,60679.8,True,pv,0.9999997347800649
60675.0,60684.8,True,pv,0.9999997347800298
60680.0,60689.8,True,pv,0.9999997347800298
60685.0,60694.8,True,pv,0.9999997242664919
60690.0,60699.8,True,pv,0.9999997233296473
60695.0,60704.8,True,pv,0.9999997242826842
60700.0,60709.8,True,pv,0.9999997350844099
60705.0,60714.8,True,pv,0.9999997314986738
60710.0,60719.8,True,pv,0.9999997347800818
60715.0,60724.8,True,pv,0.9999997350895653
60720.0,60729.8,True,pv,0.9999997316067467
60725.0,60734.8,True,pv,0.9999997347863001
60730.0,60739.8,True,pv,0.9999997347851719
60735.0,60744.8,True,pv,0.9999997347811447
60740.0,60749.8,True,pv,0.9999997350844099
60745.0,60754.8,True,pv,0.9999997350844099
60750.0,60759.8,True,pv,0.9999997347800289
60755.0,60764.8,True,pv,0.9999997347800165
60760.0,60769.8,True,pv,0.9999997347800071
60765.0,60774.8,True,pv,0.9999997347800056
60770.0,60779.8,True,pv,0.9999997350844099
60775.0,60784.8,True,pv,0.9999997347800174
60780.0,60789.8,True,pv,0.9999997350844119
60785.0,60794.8,True,pv,0.9999997315853321
60790.0,60799.8,True,pv,0.9999997315854124
60795.0,60804.8,True,pv,0.9999997347800165
60800.0,60809.8,True,pv,0.999999734780064
60805.0,60814.8,True,pv,0.9999997316016048
60810.0,60819.8,True,pv,0.9999997347800422
60815.0,60824.8,True,pv,0.999999735084399
60820.0,60829.8,True,pv,0.9999997347800653
60825.0,60834.8,True,pv,0.9999997347800298
60830.0,60839.8,True,pv,0.9999997242645567
60835.0,60844.8,True,pv,0.9999997350843992
60840.0,60849.8,True,pv,0.9999997347800422
60845.0,60854.8,True,pv,0.9999997347800422
60850.0,60859.8,True,pv,0.9999997347800422
60855.0,60864.8,True,pv,0.9999997347800558
60860.0,60869.8,True,pv,0.9999997347800818
60865.0,60874.8,True,pv,0.9999997350844119
60870.0,60879.8,True,pv,0.9999997347800289
60875.0,60884.8,True,pv,0.9999997347800165
60880.0,60889.8,True,pv,0.9999997347811447
60885.0,60894.8,True,pv,0.9999997347800069
60890.0,60899.8,True,pv,0.9999997347800289
60895.0,60904.8,True,pv,0.9999997347800289
60900.0,60909.8,True,pv,0.9999997347811536
60905.0,60914.8,True,pv,0.9999997347811447
60910.0,60919.8,True,pv,0.9999997233458396
60915.0,60924.8,True,pv,0.9999997233296473
60920.0,60929.8,True,pv,0.9999997315902142
60925.0,60934.8,True,pv,0.9999997347863001
60930.0,60939.8,True,pv,0.9999997347862997
60935.0,60944.8,True,pv,0.9999997347800165
60940.0,60949.8,True,pv,0.9999997347800649
60945.0,60954.8,True,pv,0.9999997347811447
60950.0,60959.8,True,pv,0.9999997315853321
60955.0,60964.8,True,pv,0.9999997315854124
60960.0,60969.8,True,pv,0.9999997347800422
60965.0,60974.8,True,pv,0.9999997347800649
60970.0,60979.8,True,pv,0.9999997347800165
60975.0,60984.8,True,pv,0.9999997347811447
60980.0,60989.8,True,pv,0.9999997347811447
60985.0,60994.8,True,pv,0.9999997347811447
60990.0,60999.8,True,pv,0.9999997350843974
60995.0,61004.8,True,pv,0.9999997347800649
61000.0,61009.8,True,pv,0.9999997347800422
61005.0,61014.8,True,pv,0.9999997347800174
61010.0,61019.8,True,pv,0.9999997347800174
61015.0,61024.8,True,pv,0.9999997347800298
61020.0,61029.8,True,pv,0.9999997347800298
61025.0,61034.8,True,pv,0.9999997350843974
61030.0,61039.8,True,pv,0.9999997314986738
61035.0,61044.8,True,pv,0.9999997347800071
61040.0,61049.8,True,pv,0.9999997347800289
61045.0,61054.8,True,pv,0.9999997316015236
61050.0,61059.8,True,pv,0.9999997242664919
61055.0,61064.8,True,pv,0.9999997316016048
61060.0,61069.8,True,pv,0.9999997347800165
61065.0,61074.8,True,pv,0.9999997347851728
61070.0,61079.8,True,pv,0.9999997347800165
61075.0,61084.8,True,pv,0.9999997347800818
61080.0,61089.8,True,pv,0.9999997315850698
61085.0,61094.8,True,pv,0.9999997347800298
61090.0,61099.8,True,pv,0.9999997350844099
61095.0,61104.8,True,pv,0.9999997347811442
61100.0,61109.8,True,pv,0.9999997347811442
61105.0,61114.8,True,pv,0.9999997347811536
61110.0,61119.8,True,pv,0.9999997347800171
61115.0,61124.8,True,pv,0.9999997347811447
61120.0,61129.8,True,pv,0.9999997347800165
61125.0,61134.8,True,pv,0.9999997347800174
61130.0,61139.8,True,pv,0.9999997347811447
61135.0,61144.8,True,pv,0.9999997347800289
61140.0,61149.8,True,pv,0.999999735084399
61145.0,61154.8,True,pv,0.9999997347800298
61150.0,61159.8,True,pv,0.9999997347800298
61155.0,61164.8,True,pv,0.9999997350844099
61160.0,61169.8,True,pv,0.9999997347800649
61165.0,61174.8,True,pv,0.999999734780064
61170.0,61179.8,True,pv,0.9999997347800558
61175.0,61184.8,True,pv,0.9999997347800298
61180.0,61189.8,True,pv,0.9999997347811447
61185.0,61194.8,True,pv,0.9999997347811447
61190.0,61199.8,True,pv,0.9999997347800071
61195.0,61204.8,True,pv,0.9999997259885907
61200.0,61209.8,True,pc,0.9999997520330963
61205.0,61214.8,True,pc,0.999999756030034
61210.0,61219.8,True,pc,0.9999997520345341
61215.0,61224.8,True,pc,0.9999997560300329
61220.0,61229.8,True,pc,0.9999997560299183
61225.0,61234.8,True,pc,0.9999997560299183
61230.0,61239.8,True,pc,0.9999997560299494
61235.0,61244.8,True,pc,0.9999997560651379
61240.0,61249.8,True,pc,0.9999997518217282
61245.0,61254.8,True,pc,0.9999997560299454
61250.0,61259.8,True,pc,0.9999997560299447
61255.0,61264.8,True,pc,0.9999997560299414
61260.0,61269.8,True,pc,0.9999997560300264
61265.0,61274.8,True,pc,0.9999997560627889
61270.0,61279.8,True,pc,0.9999997560299505
61275.0,61284.8,True,pc,0.9999997560299403
61280.0,61289.8,True,pc,0.999999756029937
61285.0,61294.8,True,pc,0.99999975606281
61290.0,61299.8,True,pc,0.9999997560299381
61295.0,61304.8,True,pc,0.999999756029927
61300.0,61309.8,True,pc,0.9999997560299445
61305.0,61314.8,True,pc,0.9999997560627973
61310.0,61319.8,True,pc,0.9999997560299301
61315.0,61324.8,True,pc,0.9999997560299447
61320.0,61329.8,True,pc,0.9999997560418157
61325.0,61334.8,True,pc,0.9999997560300304
61330.0,61339.8,True,pc,0.9999997560299183
61335.0,61344.8,True,pc,0.9999997560299181
61340.0,61349.8,True,pc,0.9999997560627574
61345.0,61354.8,True,pc,0.9999997560300242
61350.0,61359.8,True,pc,0.9999997520362081
61355.0,61364.8,True,pc,0.9999997520345292
61360.0,61369.8,True,pc,0.9999997518335689
61365.0,61374.8,True,pc,0.9999997433637272
61370.0,61379.8,True,pc,0.999999756029937
61375.0,61384.8,True,pc,0.9999997560299834
61380.0,61389.8,True,pc,0.999999756029927
61385.0,61394.8,True,pc,0.999999756029937
61390.0,61399.8,True,pc,0.9999997560299496
61395.0,61404.8,True,pc,0.9999997560299243
61400.0,61409.8,True,pc,0.9999997560299183
61405.0,61414.8,True,pc,0.9999997560299183
61410.0,61419.8,True,pc,0.9999997560299367
61415.0,61424.8,True,pc,0.9999997433434574
61420.0,61429.8,True,pc,0.9999996377432605
61425.0,61434.8,True,pc,0.9999997520683044
61430.0,61439.8,True,pc,0.9999997560299592
61435.0,61444.8,True,pc,0.9999997560627654
61440.0,61449.8,True,pc,0.9999997518217282
61445.0,61454.8,True,pc,0.9999997518569298
61450.0,61459.8,True,pc,0.9999997560651193
61455.0,61464.8,True,pc,0.999999743404996
61460.0,61469.8,True,pc,0.9999996377598455
61465.0,61474.8,True,pc,0.9999997520330963
61470.0,61479.8,True,pc,0.9999996353936956
61475.0,61484.8,True,pv,0.9999998425940017
61480.0,61489.8,True,pv,0.9999998492956962
61485.0,61494.8,True,pv,0.9999998493023153
61490.0,61499.8,True,pv,0.9999998493023151
61495.0,61504.8,True,pv,0.9999998492956949
61500.0,61509.8,True,pv,0.9999998492968348
61505.0,61514.8,True,pv,0.9999998492968348
61510.0,61519.8,True,pv,0.9999998493023202
61515.0,61524.8,True,pv,0.9999998493023151
61520.0,61529.8,True,pv,0.99999984929569
61525.0,61534.8,True,pv,0.9999998493023213
61530.0,61539.8,True,pv,0.9999998493023227
61535.0,61544.8,True,pv,0.9999998493023129
61540.0,61549.8,True,pv,0.9999998493023122
61545.0,61554.8,True,pv,0.9999998492956902
61550.0,61559.8,True,pv,0.9999998471112544
61555.0,61564.8,True,pv,0.9999998467311826
61560.0,61569.8,True,pv,0.9999998493023255
61565.0,61574.8,True,pv,0.9999998501096794
61570.0,61579.8,True,pv,0.9999998411649166
61575.0,61584.8,True,pv,0.999999841164917
61580.0,61589.8,True,pv,0.9999998496071272
61585.0,61594.8,True,pv,0.9999998493023167
61590.0,61599.8,True,pv,0.22189756185945309
61595.0,61604.8,True,pv,0.22189759711489213
61600.0,61609.8,True,pv,0.9999998493023169
61605.0,61614.8,True,pv,0.9999998492956997
61610.0,61619.8,True,pv,0.9999998492957113
61615.0,61624.8,True,pv,0.9999998493023129
61620.0,61629.8,True,pv,0.9999998493023164
61625.0,61634.8,True,pv,0.99999984930232
61630.0,61639.8,True,pv,0.9999998492956964
61635.0,61644.8,True,pv,0.9999998493034551
61640.0,61649.8,True,pv,0.9999998493034551
61645.0,61654.8,True,pv,0.9999998483020266
61650.0,61659.8,True,pv,0.999999848302029
61655.0,61664.8,True,pv,0.9999998483020384
61660.0,61669.8,True,pv,0.9999998457241022
61665.0,61674.8,True,pv,0.21188383492380164
61670.0,61679.8,True,pv,0.22226620416149365
61675.0,61684.8,True,pv,0.9999998401747647
61680.0,61689.8,True,pv,0.999999846113942
61685.0,61694.8,True,pv,0.9999998461205678
61690.0,61699.8,True,pv,0.9999998482952367
61695.0,61704.8,True,pv,0.9999998482952362
61700.0,61709.8,True,pv,0.9999998461206766
61705.0,61714.8,True,pv,0.999999848600051
61710.0,61719.8,True,pv,0.9999998482963822
61715.0,61724.8,True,pv,0.9999998483020259
61720.0,61729.8,True,pv,0.9999998483020341
61725.0,61734.8,True,pv,0.9999998483020266
61730.0,61739.8,True,pv,0.9999998482952362
61735.0,61744.8,True,pv,0.9999998488055486
61740.0,61749.8,True,pv,0.9999998483031663
61745.0,61754.8,True,pv,0.9999998483031659
61750.0,61759.8,True,pv,0.9999998483031663
61755.0,61764.8,True,pv,0.9999998483031659
61760.0,61769.8,True,pv,0.9999998483020264
61765.0,61774.8,True,pv,0.9999998462332759
61770.0,61779.8,True,pv,0.9999998461205682
61775.0,61784.8,True,pv,0.21786459213150988
61780.0,61789.8,True,pv,0.9999998482952465
61785.0,61794.8,True,pv,0.9999998483020335
61790.0,61799.8,True,pv,0.9999998483020268
61795.0,61804.8,True,pv,0.9999998457308932
61800.0,61809.8,True,pv,0.9999998482952334
61805.0,61814.8,True,pv,0.9999998482963758
61810.0,61819.8,True,pv,0.9999998482963758
61815.0,61824.8,True,pv,0.9999998482952336
61820.0,61829.8,True,pv,0.9999998483031683
61825.0,61834.8,True,pv,0.9999998483020266
61830.0,61839.8,True,pv,0.9999998482952522
61835.0,61844.8,True,pv,0.9999998482963758
61840.0,61849.8,True,pv,0.9999998482952331
61845.0,61854.8,True,pv,0.9999998483031663
61850.0,61859.8,True,pv,0.9999998483020313
61855.0,61864.8,True,pv,0.9999998483020266
61860.0,61869.8,True,pv,0.999999848295236
61865.0,61874.8,True,pv,0.22108640136860624
61870.0,61879.8,True,pv,0.9999998461204408
61875.0,61884.8,True,pv,0.9999998461204392
61880.0,61889.8,True,pv,0.9999998483031663
61885.0,61894.8,True,pv,0.9999998483031659
61890.0,61899.8,True,pv,0.9999998483031663
61895.0,61904.8,True,pv,0.9999998483020266
61900.0,61909.8,True,pv,0.22075168898107378
61905.0,61914.8,True,pv,0.21785717503256286
61910.0,61919.8,True,pv,0.9999998483020248
61915.0,61924.8,True,pv,0.9999998483020379
61920.0,61929.8,True,pv,0.999999848302031
61925.0,61934.8,True,pv,0.9999998483020266
61930.0,61939.8,True,pv,0.9999998483020315
61935.0,61944.8,True,pv,0.21828549922643312
61940.0,61949.8,True,pv,0.9999998401743422
61945.0,61954.8,True,pv,0.9999998457308934
61950.0,61959.8,True,pv,0.9999998482963756
61955.0,61964.8,True,pv,0.9999998482963758
61960.0,61969.8,True,pv,0.9999998482963778
61965.0,61974.8,True,pv,0.9999998483020266
61970.0,61979.8,True,pv,0.9999998486068367
61975.0,61984.8,True,pv,0.9999998483020275
61980.0,61989.8,True,pv,0.9999998488044062
61985.0,61994.8,True,pv,0.9999998483020268
61990.0,61999.8,True,pv,0.9999998483020266
61995.0,62004.8,True,pv,0.9999998482952525
62000.0,62009.8,True,pv,0.9999998483020242
62005.0,62014.8,True,pv,0.9999998483020215
62010.0,62019.8,True,pv,0.9999998483020275
62015.0,62024.8,True,pv,0.9999998482952338
62020.0,62029.8,True,pv,0.9999998482952291
62025.0,62034.8,True,pv,0.999999840192457
62030.0,62039.8,True,pv,0.999999840185797
62035.0,62044.8,True,pv,0.9999998483020242
62040.0,62049.8,True,pv,0.9999998482952358
62045.0,62054.8,True,pv,0.9999998483020235
62050.0,62059.8,True,pv,0.9999998482963758
62055.0,62064.8,True,pv,0.9999998482963753
62060.0,62069.8,True,pv,0.9999998482963758
62065.0,62074.8,True,pv,0.9999998483020213
62070.0,62079.8,True,pv,0.9999998488044068
62075.0,62084.8,True,pv,0.9999998482963756
62080.0,62089.8,True,pv,0.9999998482963889
62085.0,62094.8,True,pv,0.9999998488055484
62090.0,62099.8,True,pv,0.9999998482963758
62095.0,62104.8,True,pv,0.9999998483020273
62100.0,62109.8,True,pv,0.9999998461140179
62105.0,62114.8,True,pv,0.2197657726423357
62110.0,62119.8,True,pv,0.9999998461205389
62115.0,62124.8,True,pv,0.9999998482963758
62120.0,62129.8,True,pv,0.9999998482963758
62125.0,62134.8,True,pv,0.9999998488055484
62130.0,62139.8,True,pv,0.9999998483020266
62135.0,62144.8,True,pv,0.9999998482952338
62140.0,62149.8,True,pv,0.9999998482963756
62145.0,62154.8,True,pv,0.9999998482963758
62150.0,62159.8,True,pv,0.9999998483031666
62155.0,62164.8,True,pv,0.999999848302037
62160.0,62169.8,True,pv,0.21828783423955034
62165.0,62174.8,True,pv,0.21187733102056153
62170.0,62179.8,True,pv,0.999999848600053
62175.0,62184.8,True,pv,0.9999998482963813
62180.0,62189.8,True,pv,0.9999998482963753
62185.0,62194.8,True,pv,0.9999998482963758
62190.0,62199.8,True,pv,0.9999998483020213
62195.0,62204.8,True,pv,0.9999998483020264
62200.0,62209.8,True,pv,0.9999998482952971
62205.0,62214.8,True,pv,0.9999998482953126
62210.0,62219.8,True,pv,0.9999998401857324
62215.0,62224.8,True,pv,0.999999848600051
62220.0,62229.8,True,pv,0.22256009964481557
62225.0,62234.8,True,pv,0.9999998482952525
62230.0,62239.8,True,pv,0.9999998482953024
62235.0,62244.8,True,pv,0.9999998486068391
62240.0,62249.8,True,pv,0.9999998482952476
62245.0,62254.8,True,pv,0.9999998483020235
62250.0,62259.8,True,pv,0.9999998483020264
62255.0,62264.8,True,pv,0.9999998488055506
62260.0,62269.8,True,pv,0.9999998482963756
62265.0,62274.8,True,pv,0.9999998482963778
62270.0,62279.8,True,pv,0.9999998482952336
62275.0,62284.8,True,pv,0.9999998483020428
62280.0,62289.8,True,pv,0.9999998401676795
62285.0,62294.8,True,pv,0.2197678290128301
62290.0,62299.8,True,pv,0.9999998461204379
62295.0,62304.8,True,pv,0.9999998483031661
62300.0,62309.8,True,pv,0.9999998461139522
62305.0,62314.8,True,pv,0.21828752765791817
62310.0,62319.8,True,pv,0.9999998457308936
62315.0,62324.8,True,pv,0.9999998482952458
62320.0,62329.8,True,pv,0.9999998483020275
62325.0,62334.8,True,pv,0.9999998483020235
62330.0,62339.8,True,pv,0.9999998482952971
62335.0,62344.8,True,pv,0.22075238325077676
62340.0,62349.8,True,pv,0.9999998486000481
62345.0,62354.8,True,pv,0.9999998482952522
62350.0,62359.8,True,pv,0.9999998483020266
62355.0,62364.8,True,pv,0.21976851552404864
62360.0,62369.8,True,pv,0.9999998401680399
62365.0,62374.8,True,pv,0.9999998482963773
62370.0,62379.8,True,pv,0.9999998488055484
62375.0,62384.8,True,pv,0.9999998482952336
62380.0,62389.8,True,pv,0.99999984829531
62385.0,62394.8,True,pv,0.9999998486000476
62390.0,62399.8,True,pv,0.9999998482952405
62395.0,62404.8,True,pv,0.999999848303171
62400.0,62409.8,True,pv,0.9999998482963756
62405.0,62414.8,True,pv,0.9999998483031679
62410.0,62419.8,True,pv,0.9999998483020237
62415.0,62424.8,True,pv,0.9999998461138792
62420.0,62429.8,True,pv,0.21324178939379007
62425.0,62434.8,True,pv,0.9999998461137777
62430.0,62439.8,True,pv,0.9999998482963762
62435.0,62444.8,True,pv,0.9999998482963762
62440.0,62449.8,True,pv,0.9999998482963762
62445.0,62454.8,True,pv,0.9999998482963767
62450.0,62459.8,True,pv,0.9999998483020228
62455.0,62464.8,True,pv,0.9999998482963784
62460.0,62469.8,True,pv,0.999999848295302
62465.0,62474.8,True,pv,0.2207523827847194
62470.0,62479.8,True,pv,0.9999998461140164
62475.0,62484.8,True,pv,0.9999998483020288
62480.0,62489.8,True,pv,0.9999998482953135
62485.0,62494.8,True,pv,0.9999998486068444
62490.0,62499.8,True,pv,0.9999998486068398
62495.0,62504.8,True,pv,0.9999998482953055
62500.0,62509.8,True,pv,0.9999998488044077
62505.0,62514.8,True,pv,0.9999998457308936
62510.0,62519.8,True,pv,0.2207523795728037
62515.0,62524.8,True,pv,0.9999998482953084
62520.0,62529.8,True,pv,0.21933278423618627
62525.0,62534.8,True,pv,0.9999998401857983
62530.0,62539.8,True,pv,0.9999998488044175
62535.0,62544.8,True,pv,0.9999998482963764
62540.0,62549.8,True,pv,0.999999840168041
62545.0,62554.8,True,pv,0.22260623764742357
62550.0,62559.8,True,pv,0.9999998486001176
62555.0,62564.8,True,pv,0.9999998483020324
62560.0,62569.8,True,pv,0.22075236026997822
62565.0,62574.8,True,pv,0.9999998486001136
62570.0,62579.8,True,pv,0.9999998482952447
62575.0,62584.8,True,pv,0.9999998461138787
62580.0,62589.8,True,pv,0.999999839434452
62585.0,62594.8,True,pv,0.9999998401857966
62590.0,62599.8,True,pv,0.9999998482952303
62595.0,62604.8,True,pv,0.9999998482963764
62600.0,62609.8,True,pv,0.9999998482952476
62605.0,62614.8,True,pv,0.9999998482952998
62610.0,62619.8,True,pv,0.9999998401676826
62615.0,62624.8,True,pv,0.21327231160930024
62620.0,62629.8,True,pv,0.9999998457241042
62625.0,62634.8,True,pv,0.9999998482953055
62630.0,62639.8,True,pv,0.9999998482952343
62635.0,62644.8,True,pv,0.9999998482963762
62640.0,62649.8,True,pv,0.9999998482963764
62645.0,62654.8,True,pv,0.9999998482963764
62650.0,62659.8,True,pv,0.999999848302023
62655.0,62664.8,True,pv,0.9999998482964404
62660.0,62669.8,True,pv,0.9999998482964404
62665.0,62674.8,True,pv,0.9999998482964404
62670.0,62679.8,True,pv,0.9999998461140164
62675.0,62684.8,True,pv,0.9999998401676808
62680.0,62689.8,True,pv,0.9999998482953009
62685.0,62694.8,True,pv,0.9999998482952371
62690.0,62699.8,True,pv,0.9999998482952984
62695.0,62704.8,True,pv,0.9999998483031675
62700.0,62709.8,True,pv,0.9999998483031675
62705.0,62714.8,True,pv,0.9999998482964422
62710.0,62719.8,True,pv,0.9999998482952958
62715.0,62724.8,True,pv,0.999999848295232
62720.0,62729.8,True,pv,0.9999998482963762
62725.0,62734.8,True,pv,0.9999998394411118
62730.0,62739.8,True,pv,0.21327231112691028
62735.0,62744.8,True,pv,0.9999998482952982
62740.0,62749.8,True,pv,0.9999998482953
62745.0,62754.8,True,pv,0.9999998482953026
62750.0,62759.8,True,pv,0.9999998483031675
62755.0,62764.8,True,pv,0.9999998482963764
62760.0,62769.8,True,pv,0.9999998488055493
62765.0,62774.8,True,pv,0.9999998483031675
62770.0,62779.8,True,pv,0.9999998483031675
62775.0,62784.8,True,pv,0.9999998482953009
62780.0,62789.8,True,pv,0.9999998482952349
62785.0,62794.8,True,pv,0.9999998482963762
62790.0,62799.8,True,pv,0.9999998483020326
62795.0,62804.8,True,pv,0.9999998482953069
62800.0,62809.8,True,pv,0.9999998457308941
62805.0,62814.8,True,pv,0.9999998482953066
62810.0,62819.8,True,pv,0.9999998482953111
62815.0,62824.8,True,pv,0.9999998466228308
62820.0,62829.8,True,pv,0.21972500661755381
62825.0,62834.8,True,pv,0.9999998457241033
62830.0,62839.8,True,pv,0.9999998461140177
62835.0,62844.8,True,pv,0.9999998486000519
62840.0,62849.8,True,pv,0.9999998482963784
62845.0,62854.8,True,pv,0.9999998482963764
62850.0,62859.8,True,pv,0.9999998482963764
62855.0,62864.8,True,pv,0.9999998482952316
62860.0,62869.8,True,pv,0.9999998482952958
62865.0,62874.8,True,pv,0.9999998482964404
62870.0,62879.8,True,pv,0.9999998482963764
62875.0,62884.8,True,pv,0.9999998394343872
62880.0,62889.8,True,pv,0.2124963138806788
62885.0,62894.8,True,pv,0.9999998457241042
62890.0,62899.8,True,pv,0.999999848302023
62895.0,62904.8,True,pv,0.999999848295296
62900.0,62909.8,True,pv,0.9999998482952343
62905.0,62914.8,True,pv,0.9999998488055495
62910.0,62919.8,True,pv,0.9999998482953057
62915.0,62924.8,True,pv,0.9999998486001125
62920.0,62929.8,True,pv,0.9999998482953024
62925.0,62934.8,True,pv,0.9999998486001132
62930.0,62939.8,True,pv,0.9999998461139422
62935.0,62944.8,True,pv,0.9999998466230666
62940.0,62949.8,True,pv,0.999999839434387
62945.0,62954.8,True,pv,0.21111304323215666
62950.0,62959.8,True,pv,0.9999998482952984
62955.0,62964.8,True,pv,0.9999998482952305
62960.0,62969.8,True,pv,0.9999998482952958
62965.0,62974.8,True,pv,0.9999998482952986
62970.0,62979.8,True,pv,0.9999998482952371
62975.0,62984.8,True,pv,0.9999998482952382
62980.0,62989.8,True,pv,0.9999998491092265
62985.0,62994.8,True,pv,0.9999998486001118
62990.0,62999.8,True,pv,0.9999998482963764
62995.0,63004.8,True,pv,0.9999998482963762
63000.0,63009.8,True,pv,0.9999998482963764
63005.0,63014.8,True,pv,0.9999998482952989
63010.0,63019.8,True,pv,0.22075235683506797
63015.0,63024.8,True,pv,0.22075236806496262
63020.0,63029.8,True,pv,0.999999848295298
63025.0,63034.8,True,pv,0.9999998482953173
63030.0,63039.8,True,pv,0.22226689365743058
63035.0,63044.8,True,pv,0.9999998486000519
63040.0,63049.8,True,pv,0.9999998491092205
63045.0,63054.8,True,pv,0.9999998482953115
63050.0,63059.8,True,pv,0.9999998482953124
63055.0,63064.8,True,pv,0.22227452756313315
63060.0,63069.8,True,pv,0.9999998482953026
63065.0,63074.8,True,pv,0.9999998482964417
63070.0,63079.8,True,pv,0.9999998482953084
63075.0,63084.8,True,pv,0.9999998486219102
63080.0,63089.8,True,pv,0.999999848112813
63085.0,63094.8,True,pv,0.9999998481060142
63090.0,63099.8,True,pv,0.9999998486219217
63095.0,63104.8,True,pv,0.9999998481128021
63100.0,63109.8,True,pv,0.9999998481139407
63105.0,63114.8,True,pv,0.9999998481127994
63110.0,63119.8,True,pv,0.9999998481060173
63115.0,63124.8,True,pv,0.9999998481128032
63120.0,63129.8,True,pv,0.9999998481127326
63125.0,63134.8,True,pv,0.9999998486230492
63130.0,63139.8,True,pv,0.9999998454714488
63135.0,63144.8,True,pv,0.22054524478284715
63140.0,63149.8,True,pv,0.9999998481128134
63145.0,63154.8,True,pv,0.9999998481128061
63150.0,63159.8,True,pv,0.22087932569968521
63155.0,63164.8,True,pv,0.9999998458545176
63160.0,63169.8,True,pv,0.2180082198822011
63165.0,63174.8,True,pv,0.9999998481128034
63170.0,63179.8,True,pv,0.9999998481127987
63175.0,63184.8,True,pv,0.9999998481128065
63180.0,63189.8,True,pv,0.9999998481128032
63185.0,63194.8,True,pv,0.9999998481127987
63190.0,63199.8,True,pv,0.9999998481127996
63195.0,63204.8,True,fridge,0.9999922958321229
63200.0,63209.8,True,pc,0.9420692129335159
63205.0,63214.8,True,pc,0.999999756062766
63210.0,63219.8,True,pc,0.9999997560645648
63215.0,63224.8,True,pc,0.9999997560645653
63220.0,63229.8,True,pc,0.9999997560645657
63225.0,63234.8,True,pc,0.9999997560645655
63230.0,63239.8,True,pc,0.9999997560435812
63235.0,63244.8,True,pc,0.9999997560646015
63240.0,63249.8,True,pc,0.9999997560317353
63245.0,63254.8,True,pc,0.99999975603173
63250.0,63259.8,True,pc,0.9999997560317353
63255.0,63264.8,True,pc,0.9999997560645963
63260.0,63269.8,True,pc,0.9999997560436116
63265.0,63274.8,True,pc,0.9999997560435814
63270.0,63279.8,True,pc,0.9999997560435641
63275.0,63284.8,True,pc,0.9999997560317275
63280.0,63289.8,True,pc,0.9999997560435678
63285.0,63294.8,True,pc,0.999999756064587
63290.0,63299.8,True,pc,0.9999997560435712
63295.0,63304.8,True,pc,0.9999997560645697
63300.0,63309.8,True,pc,0.9999997560645639
63305.0,63314.8,True,pc,0.9999997560645653
63310.0,63319.8,True,pc,0.9999997518396945
63315.0,63324.8,True,pc,0.9999997560434208
63320.0,63329.8,True,pc,0.9999997560434131
63325.0,63334.8,True,pc,0.9999997520380002
63330.0,63339.8,True,pc,0.9999997560436116
63335.0,63344.8,True,pc,0.9999997560433971
63340.0,63349.8,True,pc,0.9999997560434022
63345.0,63354.8,True,pc,0.9999997560645879
63350.0,63359.8,True,pc,0.9999997560645655
63355.0,63364.8,True,pc,0.9999997560645655
63360.0,63369.8,True,pc,0.9999997560317353
63365.0,63374.8,True,pc,0.9999997560595479
63370.0,63379.8,True,pc,0.9999997560317322
63375.0,63384.8,True,pc,0.999999756043559
63380.0,63389.8,True,pc,0.9999997560645708
63385.0,63394.8,True,pc,0.9999997560645959
63390.0,63399.8,True,pc,0.99999975605976
63395.0,63404.8,True,pc,0.9999997560435068
63400.0,63409.8,True,pc,0.9999997560646794
63405.0,63414.8,True,pc,0.9999997518352045
63410.0,63419.8,True,pc,0.9999997560435028
63415.0,63424.8,True,pc,0.9999997560434473
63420.0,63429.8,True,pc,0.999999756064673
63425.0,63434.8,True,pc,0.9999997560595615
63430.0,63439.8,True,pc,0.9999997560807223
63435.0,63444.8,True,pc,0.999999756043418
63440.0,63449.8,True,pc,0.9999997560646727
63445.0,63454.8,True,pc,0.999999756059651
63450.0,63459.8,True,pc,0.9999997560596079
63455.0,63464.8,True,pc,0.9999997560595617
63460.0,63469.8,True,pc,0.9999997560645157
63465.0,63474.8,True,pc,0.9999997560807141
63470.0,63479.8,True,pc,0.9999997560807135
63475.0,63484.8,True,pc,0.9999997560645879
63480.0,63489.8,True,pc,0.9999997560435094
63485.0,63494.8,True,pc,0.9999997560435068
63490.0,63499.8,True,pc,0.9999997560434024
63495.0,63504.8,True,pc,0.9999997560807139
63500.0,63509.8,True,pc,0.9999997560595517
63505.0,63514.8,True,pc,0.9999997560434208
63510.0,63519.8,True,pc,0.9999997560807492
63515.0,63524.8,True,pc,0.9999997560595615
63520.0,63529.8,True,pc,0.9999997560805522
63525.0,63534.8,True,pc,0.9999997560923859
63530.0,63539.8,True,pc,0.9999997520541526
63535.0,63544.8,True,pc,0.9999997518513614
63540.0,63549.8,True,pc,0.9999997560806619
63545.0,63554.8,True,pc,0.9999997560923808
63550.0,63559.8,True,pc,0.999999756064401
63555.0,63564.8,True,pc,0.999999752067362
63560.0,63569.8,True,pc,0.9999997518352045
63565.0,63574.8,True,pc,0.9999997560595455
63570.0,63579.8,True,pc,0.999999756059551
63575.0,63584.8,True,pc,0.9999997560434166
63580.0,63589.8,True,pc,0.9999997560595517
63585.0,63594.8,True,pc,0.9999997560805545
63590.0,63599.8,True,pc,0.9999997560805496
63595.0,63604.8,True,pc,0.9999997518723679
63600.0,63609.8,True,pc,0.9999997433588342
63605.0,63614.8,True,pc,0.999999752082062
63610.0,63619.8,True,pc,0.9999997560595517
63615.0,63624.8,True,pc,0.9999997560805489
63620.0,63629.8,True,pc,0.9999997560805485
63625.0,63634.8,True,pc,0.9999997560595828
63630.0,63639.8,True,pc,0.9999997560595586
63635.0,63644.8,True,pc,0.9999997560595477
63640.0,63649.8,True,pc,0.9999996378120866
63645.0,63654.8,True,pc,0.9999996377825267
63650.0,63659.8,True,pc,0.9999997518725233
63655.0,63664.8,True,pc,0.9999997560805574
63660.0,63669.8,True,pc,0.9999997560805585
63665.0,63674.8,True,pc,0.9999997560805682
63670.0,63679.8,True,pc,0.9999997560805574
63675.0,63684.8,True,pc,0.9999997560924336
63680.0,63689.8,True,pc,0.999999756059651
63685.0,63694.8,True,pc,0.9999997560806555
63690.0,63699.8,True,pc,0.9999997560806557
63695.0,63704.8,True,pc,0.9999997560805718
63700.0,63709.8,True,pc,0.9999997560595693
63705.0,63714.8,True,pc,0.9999997560595695
63710.0,63719.8,True,pc,0.9999997560595617
63715.0,63724.8,True,pc,0.9999997560595586
63720.0,63729.8,True,pc,0.9999997560595957
63725.0,63734.8,True,pc,0.9999997560595586
63730.0,63739.8,True,pc,0.9999997560805574
63735.0,63744.8,True,pc,0.9999997560595455
63740.0,63749.8,True,pc,0.9999997560806144
63745.0,63754.8,True,pc,0.9999997560806617
63750.0,63759.8,True,pc,0.9999997518513614
63755.0,63764.8,True,pc,0.9999997560595615
63760.0,63769.8,True,pc,0.9999997560596079
63765.0,63774.8,True,pc,0.9999997560805853
63770.0,63779.8,True,pc,0.9999997560805585
63775.0,63784.8,True,pc,0.9999997560805574
63780.0,63789.8,True,pc,0.9999997560805616
63785.0,63794.8,True,pc,0.9999997560595477
63790.0,63799.8,True,pc,0.9999997560805487
63795.0,63804.8,True,pc,0.9999997560805718
63800.0,63809.8,True,pc,0.9999996377825267
63805.0,63814.8,True,pc,0.9999997520624682
63810.0,63819.8,True,pc,0.9999997560595517
63815.0,63824.8,True,pc,0.9999997560805494
63820.0,63829.8,True,pc,0.9999997560595828
63825.0,63834.8,True,pc,0.9999997518723588
63830.0,63839.8,True,pc,0.9999997560805673
63835.0,63844.8,True,pc,0.9999997560595666
63840.0,63849.8,True,pc,0.9999997560923899
63845.0,63854.8,True,pc,0.9999997560923859
63850.0,63859.8,True,pc,0.9999997560805731
63855.0,63864.8,True,pc,0.9999997560595617
63860.0,63869.8,True,pc,0.9999997560805496
63865.0,63874.8,True,pc,0.9999997560595508
63870.0,63879.8,True,pc,0.9999997560595666
63875.0,63884.8,True,pc,0.9999997560805494
63880.0,63889.8,True,pc,0.9999997560805496
63885.0,63894.8,True,pc,0.9999997560805545
63890.0,63899.8,True,pc,0.9999997560595617
63895.0,63904.8,True,pc,0.9999997560805682
63900.0,63909.8,True,pc,0.9999997560595617
63905.0,63914.8,True,pc,0.9999997560595693
63910.0,63919.8,True,pc,0.9999997518513614
63915.0,63924.8,True,pc,0.9999997560806013
63920.0,63929.8,True,pc,0.9999997560923837
63925.0,63934.8,True,pc,0.9999996378120866
63930.0,63939.8,True,pc,0.9999996377825267
63935.0,63944.8,True,pc,0.9999997433595939
63940.0,63949.8,True,pc,0.999999756092381
63945.0,63954.8,True,pc,0.9999997560595586
63950.0,63959.8,True,pc,0.9999997560595433
63955.0,63964.8,True,pc,0.9999997560595479
63960.0,63969.8,True,pc,0.9999997560923839
63965.0,63974.8,True,pc,0.9999997560595433
63970.0,63979.8,True,pc,0.999999756059543
63975.0,63984.8,True,pc,0.9999997560923892
63980.0,63989.8,True,pc,0.9999997520869695
63985.0,63994.8,True,pc,0.9999997560595517
63990.0,63999.8,True,pc,0.9999997560805616
63995.0,64004.8,True,pc,0.9999997560805522
64000.0,64009.8,True,pc,0.9999997560595508
64005.0,64014.8,True,pc,0.999999756092381
64010.0,64019.8,True,pc,0.9999997560923803
64015.0,64024.8,True,pc,0.999999756092381
64020.0,64029.8,True,pc,0.9999997560924121
64025.0,64034.8,True,pc,0.9999997560595955
64030.0,64039.8,True,pc,0.9999997560805487
64035.0,64044.8,True,pc,0.9999997560805496
64040.0,64049.8,True,pc,0.9999997560923857
64045.0,64054.8,True,pc,0.9999997560595744
64050.0,64059.8,True,pc,0.9999997560596556
64055.0,64064.8,True,pc,0.9999996353936825
64060.0,64069.8,True,pv,0.9999998419924684
64065.0,64074.8,True,pv,0.9999998481071524
64070.0,64079.8,True,pv,0.9999998481060131
64075.0,64084.8,True,pv,0.9999998481128047
64080.0,64089.8,True,pv,0.9999998486151858
64085.0,64094.8,True,pv,0.9999998481128047
64090.0,64099.8,True,pv,0.9999998486151833
64095.0,64104.8,True,pv,0.9999998481128047
64100.0,64109.8,True,pv,0.9999998481139443
64105.0,64114.8,True,pv,0.9999998481071524
64110.0,64119.8,True,pv,0.9999998454647249
64115.0,64124.8,True,pv,0.999999845854419
64120.0,64129.8,True,pv,0.9999998481060177
64125.0,64134.8,True,pv,0.2205452354770302
64130.0,64139.8,True,pv,0.9999998489200002
64135.0,64144.8,True,pv,0.9999998459738968
64140.0,64149.8,True,pv,0.9999998454715272
64145.0,64154.8,True,pv,0.9999998489199977
64150.0,64159.8,True,pv,0.999999848417631
64155.0,64164.8,True,pv,0.9999998481128027
64160.0,64169.8,True,pv,0.9999998481128023
64165.0,64174.8,True,pv,0.9999998481127996
64170.0,64179.8,True,pv,0.9999998481071526
64175.0,64184.8,True,pv,0.9999998481139443
64180.0,64189.8,True,pv,0.9999998486151789
64185.0,64194.8,True,pv,0.9999998486151831
64190.0,64199.8,True,pv,0.9999998484071363
64195.0,64204.8,True,pv,0.9999998484060068
64200.0,64209.8,True,pv,0.9999998481060293
64205.0,64214.8,True,pv,0.999999848107153
64210.0,64219.8,True,pv,0.9999998481128018
64215.0,64224.8,True,pv,0.9999998481071526
64220.0,64229.8,True,pv,0.9999998481071526
64225.0,64234.8,True,pv,0.9999998481060082
64230.0,64239.8,True,pv,0.2223502235979902
64235.0,64244.8,True,pv,0.22240246645049896
64240.0,64249.8,True,pv,0.219049803731602
64245.0,64254.8,True,pv,0.9999998484108296
64250.0,64259.8,True,pv,0.999999848405997
64255.0,64264.8,True,pv,0.999999848112805
64260.0,64269.8,True,pv,0.22054522104014937
64265.0,64274.8,True,pv,0.9999998483992062
64270.0,64279.8,True,pv,0.22087985904223262
64275.0,64284.8,True,pv,0.9999998481128021
64280.0,64289.8,True,pv,0.9999998481139445
64285.0,64294.8,True,pv,0.999999848112805
64290.0,64299.8,True,pv,0.22087856078289306
64295.0,64304.8,True,pv,0.9999998484003446
64300.0,64309.8,True,pv,0.9999998486163253
64305.0,64314.8,True,pv,0.9999998481060144
64310.0,64319.8,True,pv,0.9999998484059899
64315.0,64324.8,True,pv,0.9999998481071526
64320.0,64329.8,True,pv,0.9999998481139443
64325.0,64334.8,True,pv,0.9999998484071345
64330.0,64339.8,True,pv,0.9999998481128052
64335.0,64344.8,True,pv,0.9999998481128212
64340.0,64349.8,True,pv,0.21800588618112535
64345.0,64354.8,True,pv,0.9999998394344651
64350.0,64359.8,True,pv,0.999999848615202
64355.0,64364.8,True,pv,0.2223502489453565
64360.0,64369.8,True,pv,0.9999998483992122
64365.0,64374.8,True,pv,0.21360884787313186
64370.0,64379.8,True,pv,0.9999998399368418
64375.0,64384.8,True,pv,0.9999998486151827
64380.0,64389.8,True,pv,0.999999848112805
64385.0,64394.8,True,pv,0.9999998481127998
64390.0,64399.8,True,pv,0.9999998486151833
64395.0,64404.8,True,pv,0.9999998481060082
64400.0,64409.8,True,pv,0.9999998481071526
64405.0,64414.8,True,pv,0.9999998454715276
64410.0,64419.8,True,pv,0.9999998484176306
64415.0,64424.8,True,pv,0.22054522280465144
64420.0,64429.8,True,pv,0.9999998481060144
64425.0,64434.8,True,pv,0.9999998484060014
64430.0,64439.8,True,pv,0.999999848405997
64435.0,64444.8,True,pv,0.9999998484059921
64440.0,64449.8,True,pv,0.9999998481060106
64445.0,64454.8,True,pv,0.9999998481128018
64450.0,64459.8,True,pv,0.9999998481128023
64455.0,64464.8,True,pv,0.9999998401790737
64460.0,64469.8,True,pv,0.21249631673719688
64465.0,64474.8,True,pv,0.9999998404790033
64470.0,64479.8,True,pv,0.9999998484059883
64475.0,64484.8,True,pv,0.9999998484003428
64480.0,64489.8,True,pv,0.9999998486151958
64485.0,64494.8,True,pv,0.9999998401858117
64490.0,64499.8,True,pv,0.21356041112779087
64495.0,64504.8,True,pv,0.9999998461476219
64500.0,64509.8,True,pv,0.9999998486163255
64505.0,64514.8,True,pv,0.9999998486163251
64510.0,64519.8,True,pv,0.9999998481128018
64515.0,64524.8,True,pv,0.9999998486151833
64520.0,64529.8,True,pv,0.9999998481060177
64525.0,64534.8,True,pv,0.9999998481128025
64530.0,64539.8,True,pv,0.9999998481139465
64535.0,64544.8,True,pv,0.9999998484071343
64540.0,64549.8,True,pv,0.9999998484071343
64545.0,64554.8,True,pv,0.9999998484003426
64550.0,64559.8,True,pv,0.9999998486163255
64555.0,64564.8,True,pv,0.9999998458611554
64560.0,64569.8,True,pv,0.21833157528576586
64565.0,64574.8,True,pv,0.9999998483991964
64570.0,64579.8,True,pv,0.9999998484003446
64575.0,64584.8,True,pv,0.9999998483992004
64580.0,64589.8,True,pv,0.9999998486151833
64585.0,64594.8,True,pv,0.9999998481128052
64590.0,64599.8,True,pv,0.9999998484059921
64595.0,64604.8,True,pv,0.9999998484071347
64600.0,64609.8,True,pv,0.9999998486151971
64605.0,64614.8,True,pv,0.2175786042112896
64610.0,64619.8,True,pv,0.999999848406007
64615.0,64624.8,True,pv,0.9999998484059919
64620.0,64629.8,True,pv,0.9999998483992093
64625.0,64634.8,True,pv,0.22087854523116796
64630.0,64639.8,True,pv,0.9999998484060043
64635.0,64644.8,True,pv,0.9999998486163255
64640.0,64649.8,True,pv,0.9999998399368418
64645.0,64654.8,True,pv,0.2227346355169081
64650.0,64659.8,True,pv,0.2208785375096432
64655.0,64664.8,True,pv,0.21790302545787232
64660.0,64669.8,True,pv,0.999999845764719
64665.0,64674.8,True,pv,0.9999998483992064
64670.0,64679.8,True,pv,0.9999998484003426
64675.0,64684.8,True,pv,0.9999998483992064
64680.0,64689.8,True,pv,0.21833388380131538
64685.0,64694.8,True,pv,0.9999998492131917
64690.0,64699.8,True,pv,0.999999848909515
64695.0,64704.8,True,pv,0.9999998489095154
64700.0,64709.8,True,pv,0.21790301553400426
64705.0,64714.8,True,pv,0.999999848405997
64710.0,64719.8,True,pv,0.21833388283777624
64715.0,64724.8,True,pv,0.9999998409813802
64720.0,64729.8,True,pv,0.21281269624022806
64725.0,64734.8,True,pv,0.9999998409636881
64730.0,64739.8,True,pv,0.999999848399212
64735.0,64744.8,True,pv,0.999999848406007
64740.0,64749.8,True,pv,0.9999998484003424
64745.0,64754.8,True,pv,0.22121362549209622
64750.0,64759.8,True,pv,0.9999998461478682
64755.0,64764.8,True,pv,0.999999846154347
64760.0,64769.8,True,pv,0.22087853280626238
64765.0,64774.8,True,pv,0.9999998483992022
64770.0,64779.8,True,pv,0.999999848909515
64775.0,64784.8,True,pv,0.99999984098138
64780.0,64789.8,True,pv,0.21141846259393454
64785.0,64794.8,True,pv,0.9999998489083755
64790.0,64799.8,True,pv,0.9999998484003448
64795.0,64804.8,True,pv,0.9999998489083777
64800.0,64809.8,True,pv,0.9999998484059901
64805.0,64814.8,True,pv,0.9999998483991966
64810.0,64819.8,True,pv,0.9999998489095172
64815.0,64824.8,True,pv,0.9999998489083752
64820.0,64829.8,True,pv,0.9999998483992053
64825.0,64834.8,True,pv,0.9999998489095172
64830.0,64839.8,True,pv,0.21790302545787232
64835.0,64844.8,True,pv,0.9999998466568256
64840.0,64849.8,True,pv,0.9999998484003426
64845.0,64854.8,True,pv,0.9999998484003431
64850.0,64859.8,True,pv,0.9999998484060016
64855.0,64864.8,True,pv,0.2224024634399633
64860.0,64869.8,True,pv,0.22240246333822616
64865.0,64874.8,True,pv,0.9999998484059948
64870.0,64879.8,True,pv,0.9999998483991995
64875.0,64884.8,True,pv,0.9999998489095152
64880.0,64889.8,True,pv,0.9999998484059948
64885.0,64894.8,True,pv,0.9999998484060043
64890.0,64899.8,True,pv,0.9999998489083752
64895.0,64904.8,True,pv,0.9999998461545837
64900.0,64909.8,True,pv,0.22121362708335593
64905.0,64914.8,True,pv,0.22268902675483346
64910.0,64919.8,True,pv,0.9999998483992002
64915.0,64924.8,True,pv,0.9999998484071365
64920.0,64929.8,True,pv,0.9999998484059921
64925.0,64934.8,True,pv,0.999999848908375
64930.0,64939.8,True,pv,0.9999998483992009
64935.0,64944.8,True,pv,0.9999998484059968
64940.0,64949.8,True,pv,0.9999998483991966
64945.0,64954.8,True,pv,0.9999998484059925
64950.0,64959.8,True,pv,0.22240246074750877
64955.0,64964.8,True,pv,0.999999848407135
64960.0,64969.8,True,pv,0.999999848407135
64965.0,64974.8,True,pv,0.9999998484060014
64970.0,64979.8,True,pv,0.22234946320220347
64975.0,64984.8,True,pv,0.9999998484003448
64980.0,64989.8,True,pv,0.9999998484003422
64985.0,64994.8,True,pv,0.9999998484003424
64990.0,64999.8,True,pv,0.9999998484003428
64995.0,65004.8,True,pv,0.9999998489095152
65000.0,65009.8,True,pv,0.9999998461477236
65005.0,65014.8,True,pv,0.22268902380511488
65010.0,65019.8,True,pv,0.9999998483991982
65015.0,65024.8,True,pv,0.9999998484003428
65020.0,65029.8,True,pv,0.9999998484003428
65025.0,65034.8,True,pv,0.9999998484003424
65030.0,65039.8,True,pv,0.9999998484003424
65035.0,65044.8,True,pv,0.9999998483992053
65040.0,65049.8,True,pv,0.9999998483992213
65045.0,65054.8,True,pv,0.9999998483992095
65050.0,65059.8,True,pv,0.9999998483992009
65055.0,65064.8,True,pv,0.9999998484003428
65060.0,65069.8,True,pv,0.9999998484003428
65065.0,65074.8,True,pv,0.9999998489095154
65070.0,65079.8,True,pv,0.9999998484003428
65075.0,65084.8,True,pv,0.9999998484071347
65080.0,65089.8,True,pv,0.9999998484059983
65085.0,65094.8,True,pv,0.21360884787585935
65090.0,65099.8,True,pv,0.9999998409636994
65095.0,65104.8,True,pv,0.9999998484059885
65100.0,65109.8,True,pv,0.9999998484003431
65105.0,65114.8,True,pv,0.9999998489095159
65110.0,65119.8,True,pv,0.9999998489083695
65115.0,65124.8,True,pv,0.9999998484059903
65120.0,65129.8,True,pv,0.9999998484003433
65125.0,65134.8,True,pv,0.9999998457647192
65130.0,65139.8,True,pv,0.9999998466568374
65135.0,65144.8,True,pv,0.21360188491174897
65140.0,65149.8,True,pv,0.9999998397209303
65145.0,65154.8,True,pv,0.9999998489095157
65150.0,65159.8,True,pv,0.9999998484071352
65155.0,65164.8,True,pv,0.22087855749955587
65160.0,65169.8,True,pv,0.9999998483992055
65165.0,65174.8,True,pv,0.9999998483991984
65170.0,65179.8,True,pv,0.22234944728581355
65175.0,65184.8,True,pv,0.9999998484060019
65180.0,65189.8,True,pv,0.9999998484003431
65185.0,65194.8,True,pv,0.9999998484071352
65190.0,65199.8,True,pv,0.9999998483992011
65195.0,65204.8,True,pv,0.9999998484003431
65200.0,65209.8,True,pv,0.9999998489083755
65205.0,65214.8,True,pv,0.9999998484059925
65210.0,65219.8,True,pv,0.9999998489095161
65215.0,65224.8,True,pv,0.9999998489095159
65220.0,65229.8,True,pv,0.9999998484003433
65225.0,65234.8,True,pv,0.9999998484059941
65230.0,65239.8,True,pv,0.9999998484059961
65235.0,65244.8,True,pv,0.2208785498287886
65240.0,65249.8,True,pv,0.9999998466568405
65245.0,65254.8,True,pv,0.9999998489095192
65250.0,65259.8,True,pv,0.9999998489095197
65255.0,65264.8,True,pv,0.9999998484003466
65260.0,65269.8,True,pv,0.9999998483992024
65265.0,65274.8,True,pv,0.9999998484059941
65270.0,65279.8,True,pv,0.9999998483992091
65275.0,65284.8,True,pv,0.9999998489095192
65280.0,65289.8,True,pv,0.9999998483992042
65285.0,65294.8,True,pv,0.9999998484003468
65290.0,65299.8,True,pv,0.9999998483992046
65295.0,65304.8,True,pv,0.9999998484059961
65300.0,65309.8,True,pv,0.2223494597640507
65305.0,65314.8,True,pv,0.9999998487108235
65310.0,65319.8,True,pv,0.9999998484003468
65315.0,65324.8,True,pv,0.9999998484003464
65320.0,65329.8,True,pv,0.9999998484003471
65325.0,65334.8,True,pv,0.9999998484060023
65330.0,65339.8,True,pv,0.9999998484060021
65335.0,65344.8,True,pv,0.2208785447029818
65340.0,65349.8,True,pv,0.9999998489083832
65345.0,65354.8,True,pv,0.9999998484003468
65350.0,65359.8,True,pv,0.9999998484059985
65355.0,65364.8,True,pv,0.9999998484060054
65360.0,65369.8,True,pv,0.999999848406001
65365.0,65374.8,True,pv,0.9999998483992044
65370.0,65379.8,True,pv,0.9999998483992006
65375.0,65384.8,True,pv,0.9999998484059941
65380.0,65389.8,True,pv,0.9999998484059941
65385.0,65394.8,True,pv,0.9999998484003471
65390.0,65399.8,True,pv,0.9999998483992044
65395.0,65404.8,True,pv,0.9999998483992091
65400.0,65409.8,True,pv,0.22235079594008325
65405.0,65414.8,True,pv,0.9999998484060054
65410.0,65419.8,True,pv,0.9999998489083817
65415.0,65424.8,True,pv,0.2208785447029818
65420.0,65429.8,True,pv,0.9999998484059985
65425.0,65434.8,True,pv,0.9999998484003464
65430.0,65439.8,True,pv,0.9999998489095192
65435.0,65444.8,True,pv,0.9999998484003462
65440.0,65449.8,True,pv,0.999999848908383
65445.0,65454.8,True,pv,0.21976866893465152
65450.0,65459.8,True,pv,0.9999998487040367
65455.0,65464.8,True,pv,0.9999998484071407
65460.0,65469.8,True,pv,0.9999998489083748
65465.0,65474.8,True,pv,0.999999848407139
65470.0,65479.8,True,pv,0.999999848908373
65475.0,65484.8,True,pv,0.9999998489095192
65480.0,65489.8,True,pv,0.9999998489095212
65485.0,65494.8,True,pv,0.9999998484059961
65490.0,65499.8,True,pv,0.9999998484059941
65495.0,65504.8,True,pv,0.9999998484060023
65500.0,65509.8,True,pv,0.9999998489083817
65505.0,65514.8,True,pv,0.9999998484060012
65510.0,65519.8,True,pv,0.9999998492132028
65515.0,65524.8,True,pv,0.9999998483992049
65520.0,65529.8,True,pv,0.9999998489095192
65525.0,65534.8,True,pv,0.9999998489083817
65530.0,65539.8,True,pv,0.22234945627069272
65535.0,65544.8,True,pv,0.9999998484060054
65540.0,65549.8,True,pv,0.9999998489083768
65545.0,65554.8,True,pv,0.9999998489083926
65550.0,65559.8,True,pv,0.9999998484059965
65555.0,65564.8,True,pv,0.9999998483992044
65560.0,65569.8,True,pv,0.9999998489095194
65565.0,65574.8,True,pv,0.9999998484003471
65570.0,65579.8,True,pv,0.9999998484003468
65575.0,65584.8,True,pv,0.9999998484003468
65580.0,65589.8,True,pv,0.9999998489095194
65585.0,65594.8,True,pv,0.9999998484059988
65590.0,65599.8,True,pv,0.999999848406001
65595.0,65604.8,True,pv,0.22087855228454933
65600.0,65609.8,True,pv,0.999999848406001
65605.0,65614.8,True,pv,0.9999998483992046
65610.0,65619.8,True,pv,0.9999998483992044
65615.0,65624.8,True,pv,0.9999998484059985
65620.0,65629.8,True,pv,0.9999998489095197
65625.0,65634.8,True,pv,0.9999998489095194
65630.0,65639.8,True,pv,0.9999998484003471
65635.0,65644.8,True,pv,0.9999998484003468
65640.0,65649.8,True,pv,0.9999998489083768
65645.0,65654.8,True,pv,0.999999848406017
65650.0,65659.8,True,pv,0.9999998484059985
65655.0,65664.8,True,pv,0.22274218514597888
65660.0,65669.8,True,pv,0.22274218514597888
65665.0,65674.8,True,pv,0.9999998489083892
65670.0,65679.8,True,pv,0.22087856453544114
65675.0,65684.8,True,pv,0.9999998483992042
65680.0,65689.8,True,pv,0.9999998489095197
65685.0,65694.8,True,pv,0.9999998483992104
65690.0,65699.8,True,pv,0.9999998489083792
65695.0,65704.8,True,pv,0.9999998484003471
65700.0,65709.8,True,pv,0.9999998489095197
65705.0,65714.8,True,pv,0.9999998483992044
65710.0,65719.8,True,pv,0.9999998483992044
65715.0,65724.8,True,pv,0.9999998484003468
65720.0,65729.8,True,pv,0.9999998484059965
65725.0,65734.8,True,pv,0.22087853862757986
65730.0,65739.8,True,pv,0.22113281408955326
65735.0,65744.8,True,pv,0.9999998472934015
65740.0,65749.8,True,pv,0.9999998472933882
65745.0,65754.8,True,pv,0.9999998477955824
65750.0,65759.8,True,pv,0.21145771889648066
65755.0,65764.8,True,pv,0.9999998386258563
65760.0,65769.8,True,pv,0.9999998472864009
65765.0,65774.8,True,pv,0.9999998450458734
65770.0,65779.8,True,pv,0.21995603590781987
65775.0,65784.8,True,pv,0.9999998472864138
65780.0,65789.8,True,pv,0.999999847286414
65785.0,65794.8,True,pv,0.9999998477955819
65790.0,65799.8,True,pv,0.9999998472875469
65795.0,65804.8,True,pv,0.9999998472864053
65800.0,65809.8,True,pv,0.999999847286414
65805.0,65814.8,True,pv,0.9999998477955733
65810.0,65819.8,True,pv,0.9999998472864009
65815.0,65824.8,True,pv,0.21962473959860934
65820.0,65829.8,True,pv,0.21995602898403402
65825.0,65834.8,True,pv,0.22113281836727183
65830.0,65839.8,True,pv,0.2209180449537711
65835.0,65844.8,True,pv,0.9999998393590812
65840.0,65849.8,True,pv,0.9999998472933906
65845.0,65854.8,True,pv,0.22146866218815622
65850.0,65859.8,True,pv,0.9999998451543028
65855.0,65864.8,True,pv,0.9999998477955824
65860.0,65869.8,True,pv,0.21995603827959007
65865.0,65874.8,True,pv,0.22091059553086467
65870.0,65879.8,True,pv,0.21859148255290903
65875.0,65884.8,True,pv,0.999999847286414
65880.0,65889.8,True,pv,0.9999998475982138
65885.0,65894.8,True,pv,0.9999998477955822
65890.0,65899.8,True,pv,0.9999998446521104
65895.0,65904.8,True,pv,0.218541446765359
65900.0,65909.8,True,pv,0.9999998481004053
65905.0,65914.8,True,pv,0.9999998477967204
65910.0,65919.8,True,pv,0.9999998477967195
65915.0,65924.8,True,pv,0.9999998481004055
65920.0,65929.8,True,pv,0.22141465132507576
65925.0,65934.8,True,pv,0.2171205553092315
65930.0,65939.8,True,pv,0.22124581679253952
65935.0,65944.8,True,pv,0.2210789665853993
65940.0,65949.8,True,pv,0.9999998477955984
65945.0,65954.8,True,pv,0.9999998477955737
65950.0,65959.8,True,pv,0.999999847293382
65955.0,65964.8,True,pv,0.9999998477967201
65960.0,65969.8,True,pv,0.9999998398794
65965.0,65974.8,True,pv,0.21275908479909447
65970.0,65979.8,True,pv,0.2100999175566724
65975.0,65984.8,True,pv,0.21009995166245862
65980.0,65989.8,True,pv,0.21244984079398285
65985.0,65994.8,True,pv,0.21244983997728464
65990.0,65999.8,True,pv,0.212449841784508
65995.0,66004.8,True,pv,0.21244984565697134
66000.0,66009.8,True,pv,0.21245104705862664
66005.0,66014.8,True,pv,0.2124510444816128
66010.0,66019.8,True,pv,0.21244984537899583
66015.0,66024.8,True,pv,0.2124498428290032
66020.0,66029.8,True,pv,0.21245104514341587
66025.0,66034.8,True,pv,0.21244983607774207
66030.0,66039.8,True,pv,0.212752199216184
66035.0,66044.8,True,pv,0.21244984560100422
66040.0,66049.8,True,pv,0.21244984354481147
66045.0,66054.8,True,pv,0.21244984566678432
66050.0,66059.8,True,washing_machine,0.9999914958863725
66055.0,66064.8,True,hair_dryer,0.9999999236675161
66060.0,66069.8,True,hair_dryer,0.9968502606983326
66065.0,66074.8,True,hair_dryer,0.9967330741324559
66070.0,66079.8,True,hair_dryer,0.9967330741400078
66075.0,66084.8,True,hair_dryer,0.9968502603918193
66080.0,66089.8,True,hair_dryer,0.9967330741400078
66085.0,66094.8,True,hair_dryer,0.9967330736560527
66090.0,66099.8,True,hair_dryer,0.9967330741410524
66095.0,66104.8,True,hair_dryer,0.9967330736560527
66100.0,66109.8,True,hair_dryer,0.9967330729704518
66105.0,66114.8,True,hair_dryer,0.9967330736560527
66110.0,66119.8,True,hair_dryer,0.9967330736560527
66115.0,66124.8,True,hair_dryer,0.9967330741400078
66120.0,66129.8,True,hair_dryer,0.9967330741410524
66125.0,66134.8,True,hair_dryer,0.9967330741400078
66130.0,66139.8,True,hair_dryer,0.9967330741102565
66135.0,66144.8,True,hair_dryer,0.9968502606983326
66140.0,66149.8,True,hair_dryer,0.996733074141284
66145.0,66154.8,True,hair_dryer,0.9974496669592465
66150.0,66159.8,True,hair_dryer,0.9967330741400078
66155.0,66164.8,True,hair_dryer,0.9967330741400078
66160.0,66169.8,True,hair_dryer,0.9968502603918193
66165.0,66174.8,True,hair_dryer,0.9967330741400078
66170.0,66179.8,True,hair_dryer,0.9967330741410524
66175.0,66184.8,True,hair_dryer,0.9967330741400078
66180.0,66189.8,True,hair_dryer,0.9967330741324559
66185.0,66194.8,True,hair_dryer,0.9968502603918193
66190.0,66199.8,True,hair_dryer,0.9967330736560527
66195.0,66204.8,True,hair_dryer,0.9974496660593546
66200.0,66209.8,True,hair_dryer,0.9967330721589618
66205.0,66214.8,True,hair_dryer,0.9968502606983326
66210.0,66219.8,True,hair_dryer,0.9968502604074234
66215.0,66224.8,True,hair_dryer,0.9967330729704518
66220.0,66229.8,True,hair_dryer,0.9967330729704518
66225.0,66234.8,True,hair_dryer,0.9968502603920508
66230.0,66239.8,True,hair_dryer,0.9967330741324559
66235.0,66244.8,True,hair_dryer,0.9967330741324559
66240.0,66249.8,True,hair_dryer,0.9968502603918193
66245.0,66254.8,True,hair_dryer,0.9967330741324559
66250.0,66259.8,True,hair_dryer,0.9928645699514002
66255.0,66264.8,True,ev,0.9879507392944549
66260.0,66269.8,True,ev,0.9879520626017237
66265.0,66274.8,True,ev,0.9879520735951779
66270.0,66279.8,True,ev,0.9879520735955188
66275.0,66284.8,True,ev,0.9879520735961772
66280.0,66289.8,True,ev,0.9879520735951779
66285.0,66294.8,True,ev,0.9879520932625293
66290.0,66299.8,True,ev,0.9879520971345488
66295.0,66304.8,True,ev,0.987952066626318
66300.0,66309.8,True,ev,0.9879520202589602
66305.0,66314.8,True,ev,0.9879520202577864
66310.0,66319.8,True,ev,0.9879520735957602
66315.0,66324.8,True,ev,0.9879520735951779
66320.0,66329.8,True,ev,0.9879520202589946
66325.0,66334.8,True,ev,0.9879520202589602
66330.0,66339.8,True,ev,0.9879520202589892
66335.0,66344.8,True,ev,0.9879520735953365
66340.0,66349.8,True,ev,0.987952073595651
66345.0,66354.8,True,ev,0.987952073595462
66350.0,66359.8,True,ev,0.9879520932617822
66355.0,66364.8,True,ev,0.9879520735967688
66360.0,66369.8,True,ev,0.9879520735960866
66365.0,66374.8,True,ev,0.9879520092543981
66370.0,66379.8,True,ev,0.9879520626020712
66375.0,66384.8,True,ev,0.9879520735955255
66380.0,66389.8,True,ev,0.9879520735951716
66385.0,66394.8,True,ev,0.9879520735951779
66390.0,66399.8,True,ev,0.9879519719906318
66395.0,66404.8,True,ev,0.9879520735953434
66400.0,66409.8,True,ev,0.987952073595469
66405.0,66414.8,True,ev,0.987952073595462
66410.0,66419.8,True,ev,0.9879520735952865
66415.0,66424.8,True,ev,0.9879520735952865
66420.0,66429.8,True,ev,0.9879520735963027
66425.0,66434.8,True,ev,0.9879520971342809
66430.0,66439.8,True,ev,0.9879520861696366
66435.0,66444.8,True,ev,0.9879520092543691
66440.0,66449.8,True,ev,0.9879516672619901
66445.0,66454.8,True,ev,0.9879520971225484
66450.0,66459.8,True,ev,0.9879520735951666
66455.0,66464.8,True,ev,0.9879519646565884
66460.0,66469.8,True,ev,0.987952020257792
66465.0,66474.8,True,ev,0.9879520735953365
66470.0,66479.8,True,ev,0.9879520202589892
66475.0,66484.8,True,ev,0.9879520735964089
66480.0,66489.8,True,ev,0.9879520971342809
66485.0,66494.8,True,ev,0.987952062601889
66490.0,66499.8,True,ev,0.9879520735951666
66495.0,66504.8,True,ev,0.9879519830498635
66500.0,66509.8,True,ev,0.9879491035591716
66505.0,66514.8,True,ev,0.9879520092543981
66510.0,66519.8,True,ev,0.9879520932614972
66515.0,66524.8,True,ev,0.9879520735964089
66520.0,66529.8,True,ev,0.9879516616460378
66525.0,66534.8,True,ev,0.9879520932617822
66530.0,66539.8,True,ev,0.987952093263145
66535.0,66544.8,True,ev,0.9879520735965155
66540.0,66549.8,True,ev,0.9879520735952865
66545.0,66554.8,True,ev,0.9879520202577864
66550.0,66559.8,True,ev,0.9879520735951666
66555.0,66564.8,True,ev,0.9879520735953365
66560.0,66569.8,True,ev,0.9879520735953365
66565.0,66574.8,True,ev,0.987952066626318
66570.0,66579.8,True,ev,0.9879520735951716
66575.0,66584.8,True,ev,0.9879520735955781
66580.0,66589.8,True,ev,0.9879520735957602
66585.0,66594.8,True,ev,0.9879520202579195
66590.0,66599.8,True,ev,0.9879520092543981
66595.0,66604.8,True,ev,0.9879520092543981
66600.0,66609.8,True,ev,0.9879520735952971
66605.0,66614.8,True,ev,0.987952073595462
66610.0,66619.8,True,ev,0.987952073595462
66615.0,66624.8,True,ev,0.9879520735959612
66620.0,66629.8,True,ev,0.987952073595161
66625.0,66634.8,True,ev,0.9879520735966434
66630.0,66639.8,True,ev,0.9879509759341134
66635.0,66644.8,True,ev,0.9879509637905884
66640.0,66649.8,True,ev,0.9879520735953365
66645.0,66654.8,True,ev,0.9879520735951779
66650.0,66659.8,True,ev,0.98795207359639
66655.0,66664.8,True,ev,0.9879520092542416
66660.0,66669.8,True,ev,0.98794908828312
66665.0,66674.8,True,ev,0.9879520626020712
66670.0,66679.8,True,ev,0.9879520735952921
66675.0,66684.8,True,ev,0.9879516616460378
66680.0,66689.8,True,ev,0.9879520971225484
66685.0,66694.8,True,ev,0.9879520932621481
66690.0,66699.8,True,ev,0.9879520735951779
66695.0,66704.8,True,ev,0.9879520735961586
66700.0,66709.8,True,ev,0.9879520735951666
66705.0,66714.8,True,ev,0.987952066626318
66710.0,66719.8,True,ev,0.9879520092542706
66715.0,66724.8,True,ev,0.9879520735951666
66720.0,66729.8,True,ev,0.9879520735951716
66725.0,66734.8,True,ev,0.987952062601889
66730.0,66739.8,True,ev,0.9879520092542416
66735.0,66744.8,True,ev,0.9879520735953434
66740.0,66749.8,True,ev,0.9879520735951779
66745.0,66754.8,True,ev,0.9879520735951666
66750.0,66759.8,True,ev,0.9879520735951779
66755.0,66764.8,True,ev,0.9879520735951666
66760.0,66769.8,True,ev,0.9879520735951716
66765.0,66774.8,True,ev,0.9879520735951666
66770.0,66779.8,True,ev,0.9879520822974078
66775.0,66784.8,True,ev,0.9879516616465749
66780.0,66789.8,True,ev,0.9879520932620449
66785.0,66794.8,True,ev,0.9879520735951779
66790.0,66799.8,True,ev,0.9879520735951666
66795.0,66804.8,True,ev,0.987952073596284
66800.0,66809.8,True,ev,0.9879520932621481
66805.0,66814.8,True,ev,0.98795207359639
66810.0,66819.8,True,ev,0.9879520971225484
66815.0,66824.8,True,ev,0.987951650854929
66820.0,66829.8,True,ev,0.9879520932626548
66825.0,66834.8,True,ev,0.9879520735953365
66830.0,66839.8,True,ev,0.987952073595161
66835.0,66844.8,True,ev,0.9879520202590877
66840.0,66849.8,True,ev,0.9879520735952865
66845.0,66854.8,True,ev,0.9879520202591221
66850.0,66859.8,True,ev,0.9879520626017134
66855.0,66864.8,True,ev,0.9879520202589892
66860.0,66869.8,True,ev,0.9879520735958857
66865.0,66874.8,True,ev,0.9879520932621704
66870.0,66879.8,True,ev,0.9879520626018443
66875.0,66884.8,True,ev,0.987951983049991
66880.0,66889.8,True,ev,0.9879520092532009
66885.0,66894.8,True,ev,0.9879520202591167
66890.0,66899.8,True,ev,0.9879520202590877
66895.0,66904.8,True,ev,0.9879520626018389
66900.0,66909.8,True,hair_dryer,0.9928645698264618
66905.0,66914.8,True,hair_dryer,0.9959609567886186
66910.0,66919.8,True,hair_dryer,0.996733072158962
66915.0,66924.8,True,hair_dryer,0.9974496649624686
66920.0,66929.8,True,hair_dryer,0.9967330721397245
66925.0,66934.8,True,hair_dryer,0.9968502606985643
66930.0,66939.8,True,hair_dryer,0.9968502603918196
66935.0,66944.8,True,hair_dryer,0.9967330741324559
66940.0,66949.8,True,hair_dryer,0.9967330741402395
66945.0,66954.8,True,hair_dryer,0.9967330729670965
66950.0,66959.8,True,hair_dryer,0.999999668219718
66955.0,66964.8,True,hair_dryer,0.9913032412422325
66960.0,66969.8,True,washing_machine,0.984764457813818
66965.0,66974.8,True,pv,0.21001466702606456
66970.0,66979.8,True,pv,0.9980089432414605
66975.0,66984.8,True,washing_machine,0.9999992452999855
66980.0,66989.8,True,washing_machine,0.9999992152515357
66985.0,66994.8,True,pv,0.999999846776953
66990.0,66999.8,True,baseload,0.9999588052115818
66995.0,67004.8,True,baseload,0.5848476722255261
67000.0,67009.8,True,washing_machine,0.9847644578138188
67005.0,67014.8,True,pv,0.21253804047499128
67010.0,67019.8,True,baseload,0.9999402120028139
67015.0,67024.8,True,baseload,0.5848476721819906
67020.0,67029.8,True,baseload,0.5849998920864576
67025.0,67034.8,True,pv,0.9999998399994444
67030.0,67039.8,True,pv,0.9980089432414603
67035.0,67044.8,True,washing_machine,0.984888083675435
67040.0,67049.8,True,baseload,0.5850080470584047
67045.0,67054.8,True,pv,0.9999998472860638
67050.0,67059.8,True,pv,0.9980089432414603
67055.0,67064.8,True,washing_machine,0.999999234265679
67060.0,67069.8,True,washing_machine,0.9999992455439694
67065.0,67074.8,True,pv,0.9999998472860638
67070.0,67079.8,True,pv,0.9980089439365339
67075.0,67084.8,True,baseload,0.5848476721819906
67080.0,67089.8,True,baseload,0.5849998920429248
67085.0,67094.8,True,pv,0.9999998546762328
67090.0,67099.8,True,baseload,0.9999203457219865
67095.0,67104.8,True,washing_machine,0.9999992344174663
67100.0,67109.8,True,washing_machine,0.9999992152515348
67105.0,67114.8,True,pv,0.9999998412921028
67110.0,67119.8,True,baseload,0.9999198468175057
67115.0,67124.8,True,washing_machine,0.9999992452999855
67120.0,67129.8,True,washing_machine,0.999999244448009
67125.0,67134.8,True,pv,0.9999998546762328
67130.0,67139.8,True,baseload,0.9999203457219865
67135.0,67144.8,True,washing_machine,0.98477436702997
67140.0,67149.8,True,baseload,0.5849998920864578
67145.0,67154.8,True,pv,0.9999998461550382
67150.0,67159.8,True,baseload,0.9999402120028139
67155.0,67164.8,True,washing_machine,0.984888083675435
67160.0,67169.8,True,washing_machine,0.9847644578138153
67165.0,67174.8,True,pv,0.9999998498200396
67170.0,67179.8,True,baseload,0.9999202802171031
67175.0,67184.8,True,baseload,0.5848476722255292
67180.0,67189.8,True,baseload,0.8163049489106807
67185.0,67194.8,True,pv,0.99999984554416
67190.0,67199.8,True,baseload,0.9999203069360012
67195.0,67204.8,True,baseload,0.584847672225529
67200.0,67209.8,True,baseload,0.8163049489106814
67205.0,67214.8,True,baseload,0.22200849511683157
67210.0,67219.8,True,baseload,0.9999203190030922
67215.0,67224.8,True,washing_machine,0.9999992455894402
67220.0,67229.8,True,washing_machine,0.9999992152515361
67225.0,67234.8,True,pv,0.99999984554416
67230.0,67239.8,True,pv,0.9973469169915627
67235.0,67244.8,True,washing_machine,0.9999992161416353
67240.0,67249.8,True,washing_machine,0.9999992335676803
67245.0,67254.8,True,pv,0.9999998545743152
67250.0,67259.8,True,pv,0.9980089432414738
67255.0,67264.8,True,baseload,0.5848476721819906
67260.0,67269.8,True,baseload,0.5850080470584034
67265.0,67274.8,True,pv,0.99999984554416
67270.0,67279.8,True,baseload,0.9999198597231737
67275.0,67284.8,True,baseload,0.5848476722255261
67280.0,67289.8,True,baseload,0.5850080470584034
67285.0,67294.8,True,pv,0.22507765420734577
67290.0,67299.8,True,baseload,0.9999198552845194
67295.0,67304.8,True,washing_machine,0.9999993585577678
67300.0,67309.8,True,washing_machine,0.9999992149984422
67305.0,67314.8,True,baseload,0.22102206116082038
67310.0,67319.8,True,baseload,0.9999198597231743
67315.0,67324.8,True,baseload,0.584847672225529
67320.0,67329.8,True,baseload,0.8163049489106807
67325.0,67334.8,True,pv,0.9999998460531206
67330.0,67339.8,True,pv,0.9973469169915625
67335.0,67344.8,True,baseload,0.8162058769028178
67340.0,67349.8,True,baseload,0.8163049489106804
67345.0,67354.8,True,pv,0.9999998460531204
67350.0,67359.8,True,baseload,0.9999202802313076
67355.0,67364.8,True,baseload,0.5848476721819906
67360.0,67369.8,True,baseload,0.5850080470584034
67365.0,67374.8,True,pv,0.9999998460531204
67370.0,67379.8,True,pv,0.9973469219117644
67375.0,67384.8,True,baseload,0.5848476722255261
67380.0,67389.8,True,baseload,0.5850080470584047
67385.0,67394.8,True,pv,0.9999998412927066
67390.0,67399.8,True,baseload,0.9999260957060429
67395.0,67404.8,True,washing_machine,0.9999992344174663
67400.0,67409.8,True,washing_machine,0.9999992444480088
67405.0,67414.8,True,pv,0.9999998460531204
67410.0,67419.8,True,baseload,0.9999202764542615
67415.0,67424.8,True,washing_machine,0.9999992452999855
67420.0,67429.8,True,washing_machine,0.9999992334448783
67425.0,67434.8,True,pv,0.999999849813901
67430.0,67439.8,True,pv,0.9978525964276667
67435.0,67444.8,True,baseload,0.7828960144207466
67440.0,67449.8,True,baseload,0.8163049489106804
67445.0,67454.8,True,pv,0.9999998412927066
67450.0,67459.8,True,baseload,0.9999202764548983
67455.0,67464.8,True,washing_machine,0.9999993585570464
67460.0,67469.8,True,washing_machine,0.999999233653307
67465.0,67474.8,True,pv,0.999999849813901
67470.0,67479.8,True,baseload,0.9999402120027882
67475.0,67484.8,True,baseload,0.8162058769028152
67480.0,67489.8,True,baseload,0.7990806651957284
67485.0,67494.8,True,pv,0.22084600724016126
67490.0,67499.8,True,baseload,0.999920237661324
67495.0,67504.8,True,washing_machine,0.9999992452999855
67500.0,67509.8,True,washing_machine,0.9999992151524644
67505.0,67514.8,True,pv,0.224023597343076
67510.0,67519.8,True,baseload,0.9999202802101846
67515.0,67524.8,True,washing_machine,0.9999992332225318
67520.0,67529.8,True,washing_machine,0.9999992336168215
67525.0,67534.8,True,pv,0.9999998545720352
67530.0,67539.8,True,pv,0.9980089388990854
67535.0,67544.8,True,washing_machine,0.9999992344853939
67540.0,67549.8,True,washing_machine,0.9999993570366579
67545.0,67554.8,True,pv,0.9999998498139023
67550.0,67559.8,True,baseload,0.999920319003088
67555.0,67564.8,True,washing_machine,0.999999272544083
67560.0,67569.8,True,washing_machine,0.9999992612930536
67565.0,67574.8,True,pv,0.9999998498139008
67570.0,67579.8,True,baseload,0.9999399068580666
67575.0,67584.8,True,washing_machine,0.9999992161416333
67580.0,67589.8,True,washing_machine,0.9999992151524644
67585.0,67594.8,True,pv,0.9999998503222594
67590.0,67599.8,True,pv,0.9980089394890711
67595.0,67604.8,True,washing_machine,0.9999992344864141
67600.0,67609.8,True,washing_machine,0.9999992434872388
67605.0,67614.8,True,pv,0.22403071269911323
67610.0,67619.8,True,pv,0.9980089388234603
67615.0,67624.8,True,washing_machine,0.999999234486411
67620.0,67629.8,True,washing_machine,0.9999992152515319
67625.0,67634.8,True,pv,0.9999998418016681
67630.0,67639.8,True,baseload,0.9999588027869555
67635.0,67644.8,True,washing_machine,0.999999357761488
67640.0,67649.8,True,washing_machine,0.9999992333005786
67645.0,67654.8,True,pv,0.22403071411707984
67650.0,67659.8,True,pv,0.9980089394137008
67655.0,67664.8,True,washing_machine,0.999999234486411
67660.0,67669.8,True,washing_machine,0.9999992444480059
67665.0,67674.8,True,pv,0.9999998503228629
67670.0,67679.8,True,baseload,0.9999202895729764
67675.0,67684.8,True,washing_machine,0.9999992344854243
67680.0,67689.8,True,baseload,0.5849998920864558
67685.0,67694.8,True,pv,0.9999998418010635
67690.0,67699.8,True,baseload,0.9999202802170711
67695.0,67704.8,True,baseload,0.5848476721819894
67700.0,67709.8,True,washing_machine,0.9999992434872388
67705.0,67714.8,True,pv,0.9999998498139014
67710.0,67719.8,True,pv,0.9980089394885528
67715.0,67724.8,True,washing_machine,0.9999992333941593
67720.0,67729.8,True,washing_machine,0.9999992325208583
67725.0,67734.8,True,pv,0.9999998503228629
67730.0,67739.8,True,pv,0.9980089389005198
67735.0,67744.8,True,washing_machine,0.9999992344864141
67740.0,67749.8,True,washing_machine,0.9999992335477478
67745.0,67754.8,True,pv,0.9999998545743163
67750.0,67759.8,True,baseload,0.9999202802170847
67755.0,67764.8,True,washing_machine,0.9852232485345352
67760.0,67769.8,True,washing_machine,0.9999992324239685
67765.0,67774.8,True,pv,0.9999998503228629
67770.0,67779.8,True,pv,0.99800893948907
67775.0,67784.8,True,washing_machine,0.9999992452999826
67780.0,67789.8,True,washing_machine,0.9999992611996442
67785.0,67794.8,True,pv,0.22403071265943225
67790.0,67799.8,True,pv,0.9980089388482408
67795.0,67804.8,True,washing_machine,0.9999992452999551
67800.0,67809.8,True,washing_machine,0.999999356695138
67805.0,67814.8,True,pv,0.22507765591048198
67810.0,67819.8,True,baseload,0.9999202376619349
67815.0,67824.8,True,washing_machine,0.9999992452999855
67820.0,67829.8,True,washing_machine,0.9999992335477447
67825.0,67834.8,True,pv,0.9999998503228629
67830.0,67839.8,True,baseload,0.9999202764548479
67835.0,67844.8,True,washing_machine,0.9999993575157933
67840.0,67849.8,True,washing_machine,0.9999992602363829
67845.0,67854.8,True,pv,0.9999998503228631
67850.0,67859.8,True,pv,0.9980089388240482
67855.0,67864.8,True,washing_machine,0.9852232091365942
67860.0,67869.8,True,washing_machine,0.9852136270373839
67865.0,67874.8,True,pv,0.9999998498139017
67870.0,67879.8,True,baseload,0.9999198466327529
67875.0,67884.8,True,washing_machine,0.999999261078212
67880.0,67889.8,True,washing_machine,0.9999992611996442
67885.0,67894.8,True,pv,0.22507765441356803
67890.0,67899.8,True,pv,0.9980089387726021
67895.0,67904.8,True,washing_machine,0.9852232485345352
67900.0,67909.8,True,baseload,0.5850080470148435
67905.0,67914.8,True,pv,0.9999998498139017
67910.0,67919.8,True,baseload,0.9999202844665331
67915.0,67924.8,True,washing_machine,0.9999992345228803
67920.0,67929.8,True,washing_machine,0.9999992324239714
67925.0,67934.8,True,pv,0.22507765444577452
67930.0,67939.8,True,pv,0.99800893948907
67935.0,67944.8,True,washing_machine,0.9999992333941562
67940.0,67949.8,True,washing_machine,0.9999992334509723
67945.0,67954.8,True,pv,0.999999849813901
67950.0,67959.8,True,baseload,0.99992027645482
67955.0,67964.8,True,washing_machine,0.9999992344864141
67960.0,67969.8,True,washing_machine,0.9848782473324095
67965.0,67974.8,True,baseload,0.22105135163200887
67970.0,67979.8,True,baseload,0.9999588068328901
67975.0,67984.8,True,washing_machine,0.9999992333931392
67980.0,67989.8,True,washing_machine,0.999999356790499
67985.0,67994.8,True,pv,0.9999998498116244
67990.0,67999.8,True,baseload,0.9999202802170682
67995.0,68004.8,True,washing_machine,0.9852232485345352
68000.0,68009.8,True,washing_machine,0.9999992334708283
68005.0,68014.8,True,pv,0.9999998503228644
68010.0,68019.8,True,pv,0.9980089394890698
68015.0,68024.8,True,washing_machine,0.9999992621313101
68020.0,68029.8,True,washing_machine,0.9999992334509723
68025.0,68034.8,True,pv,0.9999998498139014
68030.0,68039.8,True,pv,0.9980089388473964
68035.0,68044.8,True,washing_machine,0.9999993575150488
68040.0,68049.8,True,washing_machine,0.9999992336168215
68045.0,68054.8,True,pv,0.9999998503228633
68050.0,68059.8,True,pv,0.9980089394896587
68055.0,68064.8,True,washing_machine,0.9999992344854243
68060.0,68069.8,True,washing_machine,0.9999992335189507
68065.0,68074.8,True,pv,0.9999998498139039
68070.0,68079.8,True,baseload,0.9999588032723402
68075.0,68084.8,True,washing_machine,0.999999233393139
68080.0,68089.8,True,washing_machine,0.9999992335199686
68085.0,68094.8,True,baseload,0.22200849521448238
68090.0,68099.8,True,baseload,0.9999198466327698
68095.0,68104.8,True,washing_machine,0.9999992333941562
68100.0,68109.8,True,washing_machine,0.9999992324239714
68105.0,68114.8,True,pv,0.22402359903024843
68110.0,68119.8,True,pv,0.9980089394905055
68115.0,68124.8,True,washing_machine,0.9999993575157933
68120.0,68129.8,True,washing_machine,0.9999992325208612
68125.0,68134.8,True,pv,0.9999998503228629
68130.0,68139.8,True,baseload,0.9999202802101846
68135.0,68144.8,True,washing_machine,0.9999992333931694
68140.0,68149.8,True,washing_machine,0.9999992324229808
68145.0,68154.8,True,pv,0.999999849813903
68150.0,68159.8,True,pv,0.9980089393625142
68155.0,68164.8,True,washing_machine,0.9999992344864135
68160.0,68169.8,True,washing_machine,0.9999992335199686
68165.0,68174.8,True,pv,0.22402359895057636
68170.0,68179.8,True,baseload,0.9999202764548275
68175.0,68184.8,True,washing_machine,0.9999993575150463
68180.0,68189.8,True,washing_machine,0.9999992601429379
68185.0,68194.8,True,pv,0.9999998498139014
68190.0,68199.8,True,baseload,0.9999202376619165
68195.0,68204.8,True,washing_machine,0.9999993575150488
68200.0,68209.8,True,washing_machine,0.9999993570366605
68205.0,68214.8,True,pv,0.2250776558314919
68210.0,68219.8,True,pv,0.998008938847395
68215.0,68224.8,True,washing_machine,0.999999357761488
68220.0,68229.8,True,washing_machine,0.9999992324229506
68225.0,68234.8,True,pv,0.22507762733482337
68230.0,68239.8,True,baseload,0.9999202376619165
68235.0,68244.8,True,washing_machine,0.9999993472341275
68240.0,68249.8,True,washing_machine,0.9999992324229808
68245.0,68254.8,True,pv,0.22507765583005934
68250.0,68259.8,True,baseload,0.9999202801968268
68255.0,68264.8,True,washing_machine,0.999999261078212
68260.0,68269.8,True,washing_machine,0.9999992324239714
68265.0,68274.8,True,pv,0.2250704741791527
68270.0,68279.8,True,pv,0.998008938747374
68275.0,68284.8,True,washing_machine,0.9999992333941593
68280.0,68289.8,True,washing_machine,0.9999992335189478
68285.0,68294.8,True,pv,0.999999849813903
68290.0,68299.8,True,pv,0.99800893877303
68295.0,68304.8,True,washing_machine,0.9999992344864135
68300.0,68309.8,True,washing_machine,0.9999992325208612
68305.0,68314.8,True,pv,0.9999998503228646
68310.0,68319.8,True,pv,0.998008938847395
68315.0,68324.8,True,washing_machine,0.9999993575150461
68320.0,68329.8,True,washing_machine,0.9999993567897747
68325.0,68334.8,True,pv,0.9999998503228646
68330.0,68339.8,True,pv,0.9980089394373799
68335.0,68344.8,True,washing_machine,0.9999993575150463
68340.0,68349.8,True,washing_machine,0.9999993466367879
68345.0,68354.8,True,pv,0.9999998503228646
68350.0,68359.8,True,pv,0.9980089394373786
68355.0,68364.8,True,washing_machine,0.999999261078212
68360.0,68369.8,True,washing_machine,0.9999992601429379
68365.0,68374.8,True,pv,0.9999998503228633
68370.0,68379.8,True,pv,0.9980089387730163
68375.0,68384.8,True,washing_machine,0.9999992333931421
68380.0,68389.8,True,washing_machine,0.9999992324229535
68385.0,68394.8,True,pv,0.2250749639737714
68390.0,68399.8,True,pv,0.9980089388486575
68395.0,68404.8,True,washing_machine,0.9999993577614904
68400.0,68409.8,True,washing_machine,0.9999992325208614
68405.0,68414.8,True,pv,0.9999998503228633
68410.0,68419.8,True,pv,0.9980089393625142
68415.0,68424.8,True,washing_machine,0.9852232091365944
68420.0,68429.8,True,washing_machine,0.9852135700650527
68425.0,68434.8,True,pv,0.22402359749302123
68430.0,68439.8,True,pv,0.9980089393625156
68435.0,68444.8,True,washing_machine,0.9999992333931392
68440.0,68449.8,True,washing_machine,0.9999993567897747
68445.0,68454.8,True,pv,0.2250776558314919
68450.0,68459.8,True,baseload,0.9999587848872664
68455.0,68464.8,True,washing_machine,0.9999993575150488
68460.0,68469.8,True,washing_machine,0.9999992324239714
68465.0,68474.8,True,pv,0.9999998498139017
68470.0,68479.8,True,baseload,0.999920225447466
68475.0,68484.8,True,washing_machine,0.9999993473793698
68480.0,68489.8,True,washing_machine,0.9999993466367879
68485.0,68494.8,True,pv,0.22402359895057636
68490.0,68499.8,True,baseload,0.9999198422017088
68495.0,68504.8,True,washing_machine,0.9999993575150461
68500.0,68509.8,True,washing_machine,0.9999992324239714
68505.0,68514.8,True,pv,0.9999998503228633
68510.0,68519.8,True,baseload,0.9999202900152081
68515.0,68524.8,True,washing_machine,0.9999993577614904
68520.0,68529.8,True,washing_machine,0.9999993567897771
68525.0,68534.8,True,pv,0.22507762875668982
68530.0,68539.8,True,baseload,0.9999588068011983
68535.0,68544.8,True,washing_machine,0.9999992333931392
68540.0,68549.8,True,washing_machine,0.9999993464896891
68545.0,68554.8,True,pv,0.9999998503228633
68550.0,68559.8,True,pv,0.9980089394386408
68555.0,68564.8,True,washing_machine,0.9999993472333806
68560.0,68569.8,True,washing_machine,0.9999993466367879
68565.0,68574.8,True,pv,0.9999998503228646
68570.0,68579.8,True,baseload,0.9999198041125255
68575.0,68584.8,True,washing_machine,0.9999993575150488
68580.0,68589.8,True,washing_machine,0.9999993466360685
68585.0,68594.8,True,pv,0.9999998503228646
68590.0,68599.8,True,pv,0.9980089393625142
68595.0,68604.8,True,washing_machine,0.9999992333941593
68600.0,68609.8,True,washing_machine,0.9999993465535826
68605.0,68614.8,True,pv,0.22402359895057636
68610.0,68619.8,True,pv,0.9980089393632582
68615.0,68624.8,True,washing_machine,0.9999993473802358
68620.0,68629.8,True,washing_machine,0.9999992324239714
68625.0,68634.8,True,pv,0.9999998498139017
68630.0,68639.8,True,baseload,0.9999202376485209
68635.0,68644.8,True,washing_machine,0.9999993473793674
68640.0,68649.8,True,washing_machine,0.9999993465543044
68645.0,68654.8,True,pv,0.9999998503228646
68650.0,68659.8,True,pv,0.9980089394429519
68655.0,68664.8,True,washing_machine,0.9999993473786486
68660.0,68669.8,True,washing_machine,0.9999992324229504
68665.0,68674.8,True,pv,0.9999998503228646
68670.0,68679.8,True,pv,0.9980089394373797
68675.0,68684.8,True,washing_machine,0.9999993575150461
68680.0,68689.8,True,washing_machine,0.9999993464059553
68685.0,68694.8,True,pv,0.2250704471072803
68690.0,68699.8,True,baseload,0.9999202900146886
68695.0,68704.8,True,washing_machine,0.9999993575150463
68700.0,68709.8,True,washing_machine,0.9999993465534354
68705.0,68714.8,True,pv,0.9999998503228646
68710.0,68719.8,True,pv,0.9980089394386408
68715.0,68724.8,True,washing_machine,0.9999993473802358
68720.0,68729.8,True,washing_machine,0.9999992324239714
68725.0,68734.8,True,pv,0.22507762875668982
68730.0,68739.8,True,pv,0.9980089387730177
68735.0,68744.8,True,washing_machine,0.9999993575150488
68740.0,68749.8,True,washing_machine,0.9999993466367904
68745.0,68754.8,True,pv,0.9999998503228633
68750.0,68759.8,True,pv,0.9963534044131978
68755.0,68764.8,True,washing_machine,0.9999993247224822
68760.0,68769.8,True,washing_machine,0.9999970954158968
68765.0,68774.8,True,washing_machine,0.9999992903178994
68770.0,68779.8,True,washing_machine,0.9999992903638628
68775.0,68784.8,True,washing_machine,0.9999971423505416
68780.0,68789.8,True,washing_machine,0.9999992813582124
68785.0,68794.8,True,washing_machine,0.9999970956932525
68790.0,68799.8,True,washing_machine,0.9999992813582113
68795.0,68804.8,True,washing_machine,0.9999992618500635
68800.0,68809.8,True,washing_machine,0.9999992903178994
68805.0,68814.8,True,washing_machine,0.999999258561495
68810.0,68819.8,True,washing_machine,0.9999993461757499
68815.0,68824.8,True,baseload,0.9998734401094886
68820.0,68829.8,True,pv,0.21102821838998653
68825.0,68834.8,True,pv,0.21102794161355773
68830.0,68839.8,True,pv,0.21102821847920253
68835.0,68844.8,True,pc,0.2838697492596522
68840.0,68849.8,True,pc,0.28596554030158966
68845.0,68854.8,True,pv,0.21102682413115145
68850.0,68859.8,True,pv,0.21102684085444467
68855.0,68864.8,True,pc,0.2859606781570903
68860.0,68869.8,True,pc,0.2257598704363185
68865.0,68874.8,True,pc,0.2859606760481048
68870.0,68879.8,True,pv,0.21102703248637544
68875.0,68884.8,True,pv,0.21102820481122014
68880.0,68889.8,True,pv,0.21102820474749587
68885.0,68894.8,True,pv,0.2110282185873223
68890.0,68899.8,True,pv,0.21102803446610222
68895.0,68904.8,True,pv,0.2110280353172185
68900.0,68909.8,True,pv,0.2110280347797068
68905.0,68914.8,True,pv,0.21102803515488566
68910.0,68919.8,True,pv,0.21102803513287172
68915.0,68924.8,True,pc,0.28596068124961105
68920.0,68929.8,True,pc,0.2859606779877468
68925.0,68934.8,True,pc,0.28596067615133897
68930.0,68939.8,True,fridge,0.9999893873886377
68935.0,68944.8,True,fridge,0.9999364447216347
68940.0,68949.8,True,fridge,0.9999590585043949
68945.0,68954.8,True,pc,0.926428939650905
68950.0,68959.8,True,pc,0.9263697645485619
68955.0,68964.8,True,fridge,0.9999589936868618
68960.0,68969.8,True,fridge,0.999959284399089
68965.0,68974.8,True,pc,0.9264289409482765
68970.0,68979.8,True,pc,0.926369764548558
68975.0,68984.8,True,fridge,0.9999589702147517
68980.0,68989.8,True,fridge,0.9999590501858131
68985.0,68994.8,True,pc,0.9264267663280633
68990.0,68999.8,True,pc,0.9264385416266505
68995.0,69004.8,True,fridge,0.9999589962208693
69000.0,69009.8,True,fridge,0.9999589891911431
69005.0,69014.8,True,pc,0.9264289396508616
69010.0,69019.8,True,pc,0.9264407133660754
69015.0,69024.8,True,fridge,0.9999589296293572
69020.0,69029.8,True,fridge,0.9999590585048057
69025.0,69034.8,True,pc,0.9264289409481435
69030.0,69039.8,True,pc,0.926440713366036
69035.0,69044.8,True,fridge,0.9999589296293572
69040.0,69049.8,True,fridge,0.9999589883099885
69045.0,69054.8,True,pc,0.9264289396508616
69050.0,69059.8,True,pc,0.926369764548691
69055.0,69064.8,True,fridge,0.9999589936868618
69060.0,69069.8,True,fridge,0.9999590493046584
69065.0,69074.8,True,pc,0.9264289409481867
69070.0,69079.8,True,pc,0.9264385416266467
69075.0,69084.8,True,fridge,0.9999589936868618
69080.0,69089.8,True,fridge,0.9999592936040512
69085.0,69094.8,True,pc,0.9264289409482765
69090.0,69099.8,True,pc,0.9264407133660321
69095.0,69104.8,True,fridge,0.9999527603813961
69100.0,69109.8,True,fridge,0.999953023974387
69105.0,69114.8,True,pc,0.9264289409221403
69110.0,69119.8,True,pc,0.9263697645486949
69115.0,69124.8,True,fridge,0.9999589936868618
69120.0,69129.8,True,fridge,0.9999589791098425
69125.0,69134.8,True,pc,0.9264267663280632
69130.0,69139.8,True,pc,0.926440713366036
69135.0,69144.8,True,fridge,0.9999589936873825
69140.0,69149.8,True,fridge,0.9999590593869491
69145.0,69154.8,True,pc,0.9264289409481867
69150.0,69159.8,True,fridge,0.9999944856517519
69155.0,69164.8,True,fridge,0.9999589920769096
69160.0,69169.8,True,fridge,0.9999592936024186
69165.0,69174.8,True,pc,0.9264289396508616
69170.0,69179.8,True,fridge,0.999994536815533
69175.0,69184.8,True,fridge,0.9999589936868618
69180.0,69189.8,True,fridge,0.9999592936040512
69185.0,69194.8,True,pc,0.9264267676253508
69190.0,69199.8,True,pc,0.9264385416356927
69195.0,69204.8,True,fridge,0.9999589920769096
69200.0,69209.8,True,fridge,0.9999592936040512
69205.0,69214.8,True,fridge,0.9999944758054062
69210.0,69219.8,True,fridge,0.9999944854758986
69215.0,69224.8,True,fridge,0.9999589296293587
69220.0,69229.8,True,fridge,0.9999592242800343
69225.0,69234.8,True,fridge,0.9999944758073593
69230.0,69239.8,True,fridge,0.9999945368135825
69235.0,69244.8,True,fridge,0.9999589936868618
69240.0,69249.8,True,fridge,0.999959284399089
69245.0,69254.8,True,fridge,0.9999944758054065
69250.0,69259.8,True,fridge,0.9999944991849561
69255.0,69264.8,True,fridge,0.9999589962208273
69260.0,69269.8,True,fridge,0.9999589791098425
69265.0,69274.8,True,fridge,0.9999944758054065
69270.0,69279.8,True,fridge,0.9999945013958328
69275.0,69284.8,True,fridge,0.9999589936868618
69280.0,69289.8,True,fridge,0.9999590585048057
69285.0,69294.8,True,fridge,0.9999944897039843
69290.0,69299.8,True,fridge,0.9999945362361559
69295.0,69304.8,True,fridge,0.999958968604399
69300.0,69309.8,True,fridge,0.9999592936040512
69305.0,69314.8,True,fridge,0.9999944897007343
69310.0,69319.8,True,fridge,0.9999944856517516
69315.0,69324.8,True,fridge,0.999958994917986
69320.0,69329.8,True,fridge,0.9999590593869491
69325.0,69334.8,True,fridge,0.9999944887343711
69330.0,69339.8,True,fridge,0.9999932198999051
69335.0,69344.8,True,fridge,0.9999589936873825
69340.0,69349.8,True,fridge,0.999959294485951
69345.0,69354.8,True,fridge,0.9999944911897337
69350.0,69359.8,True,fridge,0.999994515549763
69355.0,69364.8,True,fridge,0.9999589962208273
69360.0,69369.8,True,fridge,0.9999592843974562
69365.0,69374.8,True,fridge,0.9999945058557625
69370.0,69379.8,True,fridge,0.999994515104439
69375.0,69384.8,True,fridge,0.9999589962208273
69380.0,69389.8,True,fridge,0.9999590585043949
69385.0,69394.8,True,fridge,0.9999945056805472
69390.0,69399.8,True,fridge,0.9999945527170148
69395.0,69404.8,True,fridge,0.9999589936873825
69400.0,69409.8,True,fridge,0.9999590610390338
69405.0,69414.8,True,fridge,0.9999945056767799
69410.0,69419.8,True,fridge,0.9999945015712408
69415.0,69424.8,True,fridge,0.9999589946108762
69420.0,69429.8,True,fridge,0.9999590585048057
69425.0,69434.8,True,fridge,0.9999944919567835
69430.0,69439.8,True,fridge,0.9999945527170148
69435.0,69444.8,True,fridge,0.9999589936873825
69440.0,69449.8,True,fridge,0.9999592703036074
69445.0,69454.8,True,fridge,0.9999945056767799
69450.0,69459.8,True,fridge,0.999994515312508
69455.0,69464.8,True,fridge,0.9999589946179681
69460.0,69469.8,True,fridge,0.9999589883099885
69465.0,69474.8,True,fridge,0.9999944919567835
69470.0,69479.8,True,fridge,0.9999945149722507
69475.0,69484.8,True,fridge,0.9999589920774302
69480.0,69489.8,True,fridge,0.9999592936024186
69485.0,69494.8,True,fridge,0.999994491955969
69490.0,69499.8,True,fridge,0.9999945155493667
69495.0,69504.8,True,fridge,0.9999589936873825
69500.0,69509.8,True,fridge,0.9999590593859604
69505.0,69514.8,True,fridge,0.9999944917786463
69510.0,69519.8,True,fridge,0.9999945155489275
69515.0,69524.8,True,fridge,0.9999589962284411
69520.0,69529.8,True,fridge,0.9999592936040512
69525.0,69534.8,True,fridge,0.9999945047138405
69530.0,69539.8,True,fridge,0.9999945149728069
69535.0,69544.8,True,fridge,0.9999589946109197
69540.0,69549.8,True,fridge,0.9999592936040512
69545.0,69554.8,True,fridge,0.9999945056792386
69550.0,69559.8,True,fridge,0.999994515549763
69555.0,69564.8,True,fridge,0.9999589936873825
69560.0,69569.8,True,fridge,0.9999590585048057
69565.0,69574.8,True,fridge,0.9999945047143339
69570.0,69579.8,True,fridge,0.9999945013963828
69575.0,69584.8,True,fridge,0.9999589936873825
69580.0,69589.8,True,fridge,0.9999590585048057
69585.0,69594.8,True,fridge,0.9999944919572764
69590.0,69599.8,True,fridge,0.999994553059567
69595.0,69604.8,True,fridge,0.999958996221348
69600.0,69609.8,True,fridge,0.9999592961398794
69605.0,69614.8,True,fridge,0.9999945050567474
69610.0,69619.8,True,fridge,0.9999945158926632
69615.0,69624.8,True,fridge,0.999958996221348
69620.0,69629.8,True,fridge,0.9999592944852064
69625.0,69634.8,True,fridge,0.9999944919572775
69630.0,69639.8,True,fridge,0.9999945527175088
69635.0,69644.8,True,fridge,0.9999589936868618
69640.0,69649.8,True,fridge,0.9999590518476005
69645.0,69654.8,True,fridge,0.9999944921225064
69650.0,69659.8,True,fridge,0.9999932603691885
69655.0,69664.8,True,fridge,0.9999589946108762
69660.0,69669.8,True,fridge,0.9999592936024186
69665.0,69674.8,True,fridge,0.9999945058554215
69670.0,69679.8,True,fridge,0.9999945155502578
69675.0,69684.8,True,fridge,0.9999589962213495
69680.0,69689.8,True,fridge,0.9999590610406747
69685.0,69694.8,True,fridge,0.9999945058554215
69690.0,69699.8,True,fridge,0.9999945155513007
69695.0,69704.8,True,fridge,0.999958996221348
69700.0,69709.8,True,fridge,0.9999590610476987
69705.0,69714.8,True,fridge,0.9999945058554215
69710.0,69719.8,True,fridge,0.9999945205091577
69715.0,69724.8,True,fridge,0.9999589962208273
69720.0,69729.8,True,fridge,0.9999590585043949
69725.0,69734.8,True,fridge,0.9999944919572764
69730.0,69739.8,True,fridge,0.9999945530615021
69735.0,69744.8,True,fridge,0.9999589962279204
69740.0,69749.8,True,fridge,0.9999590610406747
69745.0,69754.8,True,fridge,0.9999945060188588
69750.0,69759.8,True,fridge,0.9999945530595115
69755.0,69764.8,True,fridge,0.9999589727501678
69760.0,69769.8,True,fridge,0.9999592961399214
69765.0,69774.8,True,fridge,0.9999945060196945
69770.0,69779.8,True,fridge,0.999994515447347
69775.0,69784.8,True,fridge,0.999958996221348
69780.0,69789.8,True,fridge,0.9999592961399214
69785.0,69794.8,True,fridge,0.9999945061978319
69790.0,69799.8,True,fridge,0.999994515892671
69795.0,69804.8,True,fridge,0.9999589974520132
69800.0,69809.8,True,fridge,0.9999592970281006
69805.0,69814.8,True,fridge,0.9999945060206413
69810.0,69819.8,True,fridge,0.9999937249493074
69815.0,69824.8,True,fridge,0.9999527664867294
69820.0,69829.8,True,fridge,0.9999592970281006
69825.0,69834.8,True,fridge,0.9999945060198056
69830.0,69839.8,True,fridge,0.999992102037514
69835.0,69844.8,True,fridge,0.9999403268437805
69840.0,69849.8,True,fridge,0.9999529396973887
69845.0,69854.8,True,fridge,0.9999529381262311
69850.0,69859.8,True,fridge,0.9999529396973776
69855.0,69864.8,True,fridge,0.9999529429795718
69860.0,69869.8,True,fridge,0.9999529396973776
69865.0,69874.8,True,fridge,0.9999529378727349
69870.0,69879.8,True,fridge,0.9999529411546002
69875.0,69884.8,True,fridge,0.9999529378731482
69880.0,69889.8,True,fridge,0.9999529378727349
69885.0,69894.8,True,fridge,0.9999529381265789
69890.0,69899.8,True,fridge,0.9999480630606635
69895.0,69904.8,True,fridge,0.9999982874523815
69900.0,69909.8,True,fridge,0.9999669008111706
69905.0,69914.8,True,fridge,0.9999699769031305
69910.0,69919.8,True,fridge,0.9999668990977519
69915.0,69924.8,True,fridge,0.9999716341315862
69920.0,69929.8,True,fridge,0.9999682977530088
69925.0,69934.8,True,fridge,0.999968789416005
69930.0,69939.8,True,fridge,0.9999687704013525
69935.0,69944.8,True,fridge,0.9999716603258743
69940.0,69949.8,True,fridge,0.9999619843035576
69945.0,69954.8,True,fridge,0.9999619840991234
69950.0,69959.8,True,fridge,0.999962114579087
69955.0,69964.8,True,fridge,0.9999529247852483
69960.0,69969.8,True,fridge,0.9999529247552359
69965.0,69974.8,True,fridge,0.9999532566491527
69970.0,69979.8,True,fridge,0.9999529839717904
69975.0,69984.8,True,fridge,0.9999537990739217
69980.0,69989.8,True,fridge,0.7808775840816345
69985.0,69994.8,True,fridge,0.2684196368486855
69990.0,69999.8,True,fridge,0.27072133465448306
69995.0,70004.8,True,fridge,0.26917658127502436
70000.0,70009.8,True,baseload,0.9987245497195365
70005.0,70014.8,True,washing_machine,0.999999582956021
70010.0,70019.8,True,washing_machine,0.9999984626414928
70015.0,70024.8,True,washing_machine,0.9999984625769571
70020.0,70029.8,True,washing_machine,0.9999985678514698
70025.0,70034.8,True,washing_machine,0.9999985678514698
70030.0,70039.8,True,washing_machine,0.9999985304445991
70035.0,70044.8,True,washing_machine,0.9999985789316942
70040.0,70049.8,True,washing_machine,0.9999985789311715
70045.0,70054.8,True,washing_machine,0.9999985786572408
70050.0,70059.8,True,washing_machine,0.9999944701842473
70055.0,70064.8,True,washing_machine,0.9999945214552117
70060.0,70069.8,True,washing_machine,0.9999945214552115
70065.0,70074.8,True,washing_machine,0.9999985786572453
70070.0,70079.8,True,washing_machine,0.9999985786572453
70075.0,70084.8,True,washing_machine,0.9999945214552117
70080.0,70089.8,True,washing_machine,0.999994470184247
70085.0,70094.8,True,washing_machine,0.9999985786572453
70090.0,70099.8,True,washing_machine,0.9999985789311691
70095.0,70104.8,True,washing_machine,0.9999985786572408
70100.0,70109.8,True,washing_machine,0.999994470184247
70105.0,70114.8,True,washing_machine,0.999994470184247
70110.0,70119.8,True,washing_machine,0.9999985786572408
70115.0,70124.8,True,washing_machine,0.9999985786572408
70120.0,70129.8,True,washing_machine,0.9999944701842475
70125.0,70134.8,True,washing_machine,0.999994470184247
70130.0,70139.8,True,washing_machine,0.9999944701842475
70135.0,70144.8,True,washing_machine,0.9999944701842473
70140.0,70149.8,True,washing_machine,0.999994470184247
70145.0,70154.8,True,washing_machine,0.99999857865725
70150.0,70159.8,True,washing_machine,0.9999985281695227
70155.0,70164.8,True,washing_machine,0.9999985278855061
70160.0,70169.8,True,washing_machine,0.9999944701842473
70165.0,70174.8,True,washing_machine,0.999994470184247
70170.0,70179.8,True,washing_machine,0.999994470184247
70175.0,70184.8,True,washing_machine,0.999994470184247
70180.0,70189.8,True,washing_machine,0.999994470184247
70185.0,70194.8,True,washing_machine,0.9999985786572408
70190.0,70199.8,True,washing_machine,0.9999985789311691
70195.0,70204.8,True,washing_machine,0.9999985786572408
70200.0,70209.8,True,washing_machine,0.9999945214552113
70205.0,70214.8,True,washing_machine,0.9999945214552115
70210.0,70219.8,True,washing_machine,0.9999945214552117
70215.0,70224.8,True,washing_machine,0.9999985786572453
70220.0,70229.8,True,washing_machine,0.9999985786572453
70225.0,70234.8,True,washing_machine,0.9999944701842473
70230.0,70239.8,True,washing_machine,0.9999944701842473
70235.0,70244.8,True,washing_machine,0.9999945214552115
70240.0,70249.8,True,washing_machine,0.9999945214552117
70245.0,70254.8,True,washing_machine,0.9999985786572408
70250.0,70259.8,True,washing_machine,0.9999985789311691
70255.0,70264.8,True,washing_machine,0.9999985786572408
70260.0,70269.8,True,washing_machine,0.9999985786572453
70265.0,70274.8,True,washing_machine,0.9999985789311715
70270.0,70279.8,True,washing_machine,0.9999985786572406
70275.0,70284.8,True,washing_machine,0.9999985653555493
70280.0,70289.8,True,washing_machine,0.9999985678514698
70285.0,70294.8,True,washing_machine,0.9999985166916912
70290.0,70299.8,True,washing_machine,0.9999985156264501
70295.0,70304.8,True,washing_machine,0.999994234201084
70300.0,70309.8,True,washing_machine,0.9999984608414156
70305.0,70314.8,True,washing_machine,0.9999996054259903
70310.0,70319.8,True,washing_machine,0.9999996054259892
70315.0,70324.8,True,washing_machine,0.9999995892262536
70320.0,70329.8,True,washing_machine,0.999999572052024
70325.0,70334.8,True,washing_machine,0.9999995569494302
70330.0,70339.8,True,washing_machine,0.9999993053405509
70335.0,70344.8,True,washing_machine,0.9999973346755652
70340.0,70349.8,True,washing_machine,0.9999993357353067
70345.0,70354.8,True,washing_machine,0.9999993002732572
70350.0,70359.8,True,washing_machine,0.9999988370380535
70355.0,70364.8,True,washing_machine,0.9999976419190321
70360.0,70369.8,True,washing_machine,0.9999993884617858
70365.0,70374.8,True,washing_machine,0.9999994077303942
70370.0,70379.8,True,washing_machine,0.9999990040644875
70375.0,70384.8,True,washing_machine,0.999999301159766
70380.0,70389.8,True,washing_machine,0.9999969566596532
70385.0,70394.8,True,washing_machine,0.9999993035088074
70390.0,70399.8,True,washing_machine,0.9999993306454587
70395.0,70404.8,True,washing_machine,0.9999993306454587
70400.0,70409.8,True,washing_machine,0.9999992873243656
70405.0,70414.8,True,washing_machine,0.9999993035087985
70410.0,70419.8,True,washing_machine,0.9999992964184713
70415.0,70424.8,True,washing_machine,0.9999993306454489
70420.0,70429.8,True,washing_machine,0.9999993306454449
70425.0,70434.8,True,washing_machine,0.999997315382034
70430.0,70439.8,True,washing_machine,0.999999345526918
70435.0,70444.8,True,pv,0.997807746110794
70440.0,70449.8,True,pv,0.9999998379092087
70445.0,70454.8,True,pv,0.2114996031255397
70450.0,70459.8,True,pv,0.9999998379103529
70455.0,70464.8,True,pv,0.9999998379103535
70460.0,70469.8,True,pv,0.21101946997223994
70465.0,70474.8,True,pv,0.21102688756483926
70470.0,70479.8,True,pv,0.9999998379092151
70475.0,70484.8,True,pv,0.9999998379103529
70480.0,70489.8,True,pv,0.9999998379103529
70485.0,70494.8,True,pv,0.20968483226674706
70490.0,70499.8,True,pv,0.20968483271416077
70495.0,70504.8,True,pv,0.20968483278730804
70500.0,70509.8,True,pv,0.20968483262322415
70505.0,70514.8,True,pv,0.9999998379103531
70510.0,70519.8,True,pv,0.20968483265655027
70515.0,70524.8,True,pv,0.9999998379103533
70520.0,70529.8,True,pv,0.9999998379103529
70525.0,70534.8,True,pv,0.9999998379103529
70530.0,70539.8,True,pv,0.9999998379103537
70535.0,70544.8,True,pv,0.20968483265655027
70540.0,70549.8,True,pv,0.20968365995025384
70545.0,70554.8,True,pv,0.21101947468869986
70550.0,70559.8,True,pv,0.21101947604026847
70555.0,70564.8,True,pv,0.2110194668949984
70560.0,70569.8,True,pv,0.9999998379103595
70565.0,70574.8,True,pv,0.9999998379103591
70570.0,70579.8,True,pv,0.20968483862675388
70575.0,70584.8,True,pv,0.20968483901391274
70580.0,70589.8,True,pv,0.21102066237896777
70585.0,70594.8,True,pv,0.21149841832198588
70590.0,70599.8,True,pv,0.9999998379103591
70595.0,70604.8,True,pv,0.99999983791036
70600.0,70609.8,True,pv,0.21102066245304998
70605.0,70614.8,True,pv,0.9999998379103597
70610.0,70619.8,True,pv,0.9999998379103593
70615.0,70624.8,True,pv,0.9999998379103588
70620.0,70629.8,True,pv,0.9999998379103593
70625.0,70634.8,True,pv,0.21149960959696307
70630.0,70639.8,True,pv,0.99999983791036
70635.0,70644.8,True,pv,0.21101947713910643
70640.0,70649.8,True,pv,0.9999998379092229
70645.0,70654.8,True,pv,0.21101945028957092
70650.0,70659.8,True,pv,0.9999998379092253
70655.0,70664.8,True,pv,0.9999998379103597
70660.0,70669.8,True,pv,0.20968483901472673
70665.0,70674.8,True,pv,0.21101947469906965
70670.0,70679.8,True,pv,0.9999998379092169
70675.0,70684.8,True,pv,0.21102689386374265
70680.0,70689.8,True,pv,0.9999998379092131
70685.0,70694.8,True,pv,0.9999998379103593
70690.0,70699.8,True,pv,0.2110194746100004
70695.0,70704.8,True,pv,0.9999998379092149
70700.0,70709.8,True,pv,0.209684839039872
70705.0,70714.8,True,pv,0.9999998379103597
70710.0,70719.8,True,pv,0.9999998379103591
70715.0,70724.8,True,pv,0.2114996095070985
70720.0,70729.8,True,pv,0.99999983791036
70725.0,70734.8,True,pv,0.20968483901472673
70730.0,70739.8,True,pv,0.21149960959961536
70735.0,70744.8,True,pv,0.21154910331533847
70740.0,70749.8,True,pv,0.21101947056914158
70745.0,70754.8,True,pv,0.21102661746703086
70750.0,70759.8,True,pv,0.2114983914376895
70755.0,70764.8,True,pv,0.2082446237300484
70760.0,70769.8,True,pv,0.2110194547571337
70765.0,70774.8,True,pv,0.9999998379092131
70770.0,70779.8,True,pv,0.9999998379103597
70775.0,70784.8,True,pv,0.9999998379103593
70780.0,70789.8,True,pv,0.21149960964012868
70785.0,70794.8,True,pv,0.9999998379103597
70790.0,70799.8,True,pv,0.2110194743522943
70795.0,70804.8,True,pv,0.21149960860321612
70800.0,70809.8,True,pv,0.21102066412917403
70805.0,70814.8,True,pv,0.2096848391526288
70810.0,70819.8,True,pv,0.9999998379103597
70815.0,70824.8,True,pv,0.9999998379103597
70820.0,70829.8,True,pv,0.21155029441495588
70825.0,70834.8,True,pv,0.2110206613883931
70830.0,70839.8,True,pv,0.21149960959961536
70835.0,70844.8,True,pv,0.9999998379092169
70840.0,70849.8,True,pv,0.2110194743522943
70845.0,70854.8,True,pv,0.20968483872100355
70850.0,70859.8,True,pv,0.9999998379103597
70855.0,70864.8,True,pv,0.9999998379103597
70860.0,70869.8,True,pv,0.9999998379103597
70865.0,70874.8,True,pv,0.9999998379103597
70870.0,70879.8,True,pv,0.2096836646188315
70875.0,70884.8,True,pv,0.9999998379092178
70880.0,70889.8,True,pv,0.20968483862702858
70885.0,70894.8,True,pv,0.99999983791036
70890.0,70899.8,True,pv,0.99999983791036
70895.0,70904.8,True,pv,0.9999998379103606
70900.0,70909.8,True,pv,0.2110206622641289
70905.0,70914.8,True,pv,0.21149960909426543
70910.0,70919.8,True,pv,0.2096848390173337
70915.0,70924.8,True,pv,0.2110206615880644
70920.0,70929.8,True,pv,0.21149960902035717
70925.0,70934.8,True,pv,0.20968483870067772
70930.0,70939.8,True,pv,0.9999998379103604
70935.0,70944.8,True,pv,0.2096848399171204
70940.0,70949.8,True,pv,0.211020663027792
70945.0,70954.8,True,pv,0.21155029494642488
70950.0,70959.8,True,pv,0.21155029513855914
70955.0,70964.8,True,pv,0.9999998379103608
70960.0,70969.8,True,pv,0.2114996102309299
70965.0,70974.8,True,pv,0.999999837909216
70970.0,70979.8,True,pv,0.21101947474508634
70975.0,70984.8,True,pv,0.21154910597453971
70980.0,70989.8,True,pc,0.2936964590266194
70985.0,70994.8,True,pv,0.21102671023803693
70990.0,70999.8,True,pv,0.9999998379092149
70995.0,71004.8,True,pv,0.20968483964024245
71000.0,71009.8,True,pv,0.20968483962606854
71005.0,71014.8,True,pv,0.9999998379103606
71010.0,71019.8,True,pv,0.9999998379103608
71015.0,71024.8,True,pv,0.9999998379103608
71020.0,71029.8,True,pv,0.21149960975993123
71025.0,71034.8,True,pv,0.21149960989004998
71030.0,71039.8,True,pv,0.21155029489105656
71035.0,71044.8,True,pv,0.9999998379092164
71040.0,71049.8,True,pv,0.21101919464652288
71045.0,71054.8,True,pv,0.2115491023237409
71050.0,71059.8,True,pv,0.21155029476825304
71055.0,71064.8,True,pv,0.21155029444317489
71060.0,71069.8,True,pv,0.2096848428935133
71065.0,71074.8,True,pv,0.9999998379103644
71070.0,71079.8,True,pv,0.9999998379103644
71075.0,71084.8,True,pv,0.9999998379103644
71080.0,71089.8,True,pv,0.20968484334042523
71085.0,71094.8,True,pv,0.21102066659763616
71090.0,71099.8,True,pv,0.9999998379103648
71095.0,71104.8,True,pv,0.9999998379103646
71100.0,71109.8,True,pv,0.9999998379103651
71105.0,71114.8,True,pv,0.2096848434186117
71110.0,71119.8,True,pv,0.21101948227876902
71115.0,71124.8,True,pv,0.21154910459055715
71120.0,71129.8,True,pv,0.21155029890636168
71125.0,71134.8,True,pv,0.21101948097245135
71130.0,71139.8,True,pv,0.20968484349175895
71135.0,71144.8,True,pv,0.2115502988580127
71140.0,71149.8,True,pv,0.2110206668099075
71145.0,71154.8,True,pv,0.21155029883190712
71150.0,71159.8,True,pv,0.20968484291644615
71155.0,71164.8,True,pv,0.9999998379103651
71160.0,71169.8,True,pv,0.9999998379103646
71165.0,71174.8,True,pv,0.9999998379103651
71170.0,71179.8,True,pv,0.2114996156432617
71175.0,71184.8,True,pv,0.21149842262918747
71180.0,71189.8,True,pv,0.9999998379103646
71185.0,71194.8,True,pv,0.9999998379103651
71190.0,71199.8,True,pv,0.21149961392952438
71195.0,71204.8,True,pv,0.21155029893006833
71200.0,71209.8,True,pv,0.9999998379103646
71205.0,71214.8,True,pv,0.999999837909228
71210.0,71219.8,True,pv,0.9999998379092269
71215.0,71224.8,True,pv,0.21155029893006833
71220.0,71229.8,True,pv,0.9999998379103646
71225.0,71234.8,True,pv,0.9999998379103646
71230.0,71239.8,True,pv,0.9999998379103651
71235.0,71244.8,True,pv,0.9999998379103651
71240.0,71249.8,True,pv,0.9999998379103648
71245.0,71254.8,True,pv,0.2099853782648595
71250.0,71259.8,True,pv,0.9999998356144991
71255.0,71264.8,True,pc,0.2887463797273566
71260.0,71269.8,True,pv,0.21132476588305804
71265.0,71274.8,True,pv,0.9999998379103655
71270.0,71279.8,True,pv,0.9999998379103651
71275.0,71284.8,True,pv,0.21149961362829714
71280.0,71289.8,True,pv,0.2115490969649735
71285.0,71294.8,True,pv,0.21102669573904168
71290.0,71299.8,True,pv,0.21101948058096645
71295.0,71304.8,True,pv,0.21149961405964685
71300.0,71309.8,True,pv,0.21155029898543667
71305.0,71314.8,True,pv,0.21102039295670258
71310.0,71319.8,True,pv,0.21149961400154546
71315.0,71324.8,True,pv,0.20968484298995096
71320.0,71329.8,True,pv,0.9999998379103655
71325.0,71334.8,True,pv,0.21149961353054675
71330.0,71339.8,True,pv,0.9999998379103651
71335.0,71344.8,True,pv,0.9999998379103651
71340.0,71349.8,True,pv,0.9999998379103651
71345.0,71354.8,True,pv,0.9999998379103653
71350.0,71359.8,True,pv,0.9999998379103648
71355.0,71364.8,True,pv,0.9999998379092218
71360.0,71369.8,True,pv,0.21101948277009758
71365.0,71374.8,True,pv,0.9999998379103655
71370.0,71379.8,True,pv,0.9999998379103655
71375.0,71384.8,True,pv,0.21155030135786781
71380.0,71389.8,True,pv,0.2115502985327019
71385.0,71394.8,True,pv,0.21155029891819327
71390.0,71399.8,True,pv,0.9999998379103651
71395.0,71404.8,True,pv,0.9999998379103651
71400.0,71409.8,True,pv,0.9999998379103655
71405.0,71414.8,True,pv,0.21102066902069347
71410.0,71419.8,True,pv,0.20968484337975427
71415.0,71424.8,True,pv,0.9999998379092218
71420.0,71429.8,True,pv,0.2082446286545298
71425.0,71434.8,True,pc,0.29960655565503114
71430.0,71439.8,True,pv,0.2115503009146088
71435.0,71444.8,True,pv,0.20968484298912418
71440.0,71449.8,True,pv,0.20968482948657874
71445.0,71454.8,True,pv,0.20968484293912448
71450.0,71459.8,True,pv,0.999999837910364
71455.0,71464.8,True,pv,0.9999998379103651
71460.0,71469.8,True,pv,0.9999998379103646
71465.0,71474.8,True,pv,0.20968366140254635
71470.0,71479.8,True,pv,0.21102670643529448
71475.0,71484.8,True,pv,0.9999998379092264
71480.0,71489.8,True,pv,0.21102067628509877
71485.0,71494.8,True,pv,0.20968485054578823
71490.0,71499.8,True,pv,0.9999998379103708
71495.0,71504.8,True,pv,0.21155030819371698
71500.0,71509.8,True,pv,0.21185621180612954
71505.0,71514.8,True,pv,0.21154909566015523
71510.0,71519.8,True,pv,0.21155030820457899
71515.0,71524.8,True,pv,0.2096848501618488
71520.0,71529.8,True,pv,0.9999998379103713
71525.0,71534.8,True,pv,0.9999998379092373
71530.0,71539.8,True,pv,0.21154910943007352
71535.0,71544.8,True,pv,0.9999998379092329
71540.0,71549.8,True,pv,0.21101949031561515
71545.0,71554.8,True,pv,0.999999837910372
71550.0,71559.8,True,pv,0.21155030854213797
71555.0,71564.8,True,pv,0.2096848501618488
71560.0,71569.8,True,pv,0.2115503081969195
71565.0,71574.8,True,pv,0.9999998379103713
71570.0,71579.8,True,pv,0.18865379963504758
71575.0,71584.8,True,pv,0.9999998133573131
71580.0,71589.8,True,pv,0.9999998136613896
71585.0,71594.8,True,pc,0.26235018460647436
71590.0,71599.8,True,pv,0.18869349277821007
71595.0,71604.8,True,pv,0.18720889460271514
71600.0,71609.8,True,pv,0.1882716586106333
71605.0,71614.8,True,pv,0.18869445523793177
71610.0,71619.8,True,pv,0.9999998133573131
71615.0,71624.8,True,pv,0.18869412696328478
71620.0,71629.8,True,pv,0.9999998133577075
71625.0,71634.8,True,pv,0.1886944543773325
71630.0,71639.8,True,pv,0.9999998133573131
71635.0,71644.8,True,pv,0.9999998133574979
71640.0,71649.8,True,pv,0.18827165860646444
71645.0,71654.8,True,pv,0.18869350411755964
71650.0,71659.8,True,pv,0.9999998133569421
71655.0,71664.8,True,pv,0.999999813357707
71660.0,71669.8,True,pv,0.18818187392833552
71665.0,71674.8,True,pv,0.9999998133565677
71670.0,71679.8,True,pv,0.9999998133574974
71675.0,71684.8,True,pv,0.18869412696328478
71680.0,71689.8,True,pv,0.9999998133573131
71685.0,71694.8,True,pv,0.18720857330923604
71690.0,71699.8,True,pv,0.9999998133573131
71695.0,71704.8,True,pv,0.18869412694471355
71700.0,71709.8,True,pv,0.18869412696328478
71705.0,71714.8,True,pv,0.9999998133573131
71710.0,71719.8,True,pv,0.18865380146332122
71715.0,71724.8,True,pv,0.18865380146332122
71720.0,71729.8,True,pv,0.9999998133571604
71725.0,71734.8,True,pv,0.9999998133573131
71730.0,71739.8,True,pv,0.18827165714217603
71735.0,71744.8,True,pc,0.27468838166522763
71740.0,71749.8,True,pv,0.18869348912713294
71745.0,71754.8,True,pv,0.9999998133573131
71750.0,71759.8,True,pv,0.18869412694471355
71755.0,71764.8,True,pv,0.9999998133573154
71760.0,71769.8,True,pv,0.18720872372437306
71765.0,71774.8,True,pv,0.1886942797443697
71770.0,71779.8,True,pv,0.1886944538522351
71775.0,71784.8,True,pv,0.18818169904983467
71780.0,71789.8,True,pv,0.18818169904983467
71785.0,71794.8,True,pv,0.18720796167086431
71790.0,71799.8,True,pv,0.1886935057316645
71795.0,71804.8,True,pv,0.1952829383911804
71800.0,71809.8,True,pv,0.19523949438046098
71805.0,71814.8,True,pv,0.9999998210250184
71810.0,71819.8,True,pv,0.19483018206777278
71815.0,71824.8,True,pv,0.9999998210238724
71820.0,71829.8,True,pv,0.19528190379680732
71825.0,71834.8,True,pv,0.19483052977881576
71830.0,71839.8,True,pv,0.19473292794738112
71835.0,71844.8,True,pv,0.19473301547864938
71840.0,71849.8,True,pv,0.9999998210238722
71845.0,71854.8,True,pv,0.9999998210244637
71850.0,71859.8,True,pv,0.9999998210247324
71855.0,71864.8,True,pv,0.19528268477974975
71860.0,71869.8,True,pv,0.9999998210247324
71865.0,71874.8,True,pv,0.9999998210244637
71870.0,71879.8,True,pv,0.9999998210245294
71875.0,71884.8,True,pv,0.19369201626548457
71880.0,71889.8,True,pv,0.9999998210247324
71885.0,71894.8,True,pc,0.28256387780871667
71890.0,71899.8,True,pc,0.27435047137955176
71895.0,71904.8,True,pv,0.9999998210238786
71900.0,71909.8,True,pv,0.9999998210244637
71905.0,71914.8,True,pv,0.9999998210247324
71910.0,71919.8,True,pv,0.19528280288308578
71915.0,71924.8,True,pv,0.19528268429302983
71920.0,71929.8,True,pv,0.9999998210248661
71925.0,71934.8,True,pv,0.9999998210244637
71930.0,71939.8,True,pv,0.9999998210244637
71935.0,71944.8,True,pv,0.9999998210244637
71940.0,71949.8,True,pv,0.9999998210248654
71945.0,71954.8,True,pv,0.19528293831224386
71950.0,71959.8,True,pv,0.19528280288308578
71955.0,71964.8,True,pv,0.9999998210238766
71960.0,71969.8,True,pv,0.19473293098816435
71965.0,71974.8,True,pv,0.19528280290853295
71970.0,71979.8,True,pv,0.9999998210248658
71975.0,71984.8,True,pv,0.9999998210244644
71980.0,71989.8,True,pv,0.19369201628505262
71985.0,71994.8,True,pv,0.9999998210250182
71990.0,71999.8,True,pv,0.1947339410232632
71995.0,72004.8,True,pv,0.19369201626548457
72000.0,72009.8,True,pv,0.9999998210248654
72005.0,72014.8,True,pv,0.1952819251036886
72010.0,72019.8,True,pv,0.19528293834772464
72015.0,72024.8,True,pv,0.19369213247221068
72020.0,72029.8,True,pc,0.2825650722010646
72025.0,72034.8,True,pv,0.19473402864194628
72030.0,72039.8,True,pv,0.19519144666566496
72035.0,72044.8,True,pv,0.19528280533473547
72040.0,72049.8,True,pv,0.19528192208701572
72045.0,72054.8,True,pc,0.2825638645007615
72050.0,72059.8,True,pv,0.19519043208262538
72055.0,72064.8,True,pv,0.19519144670152216
72060.0,72069.8,True,pv,0.1951911928419586
72065.0,72074.8,True,pv,0.19528268475985897
72070.0,72079.8,True,pv,0.19369184314691754
72075.0,72084.8,True,pv,0.1936917730242644
72080.0,72089.8,True,pv,0.9999998210247368
72085.0,72094.8,True,pv,0.19519119797839998
72090.0,72099.8,True,pv,0.19528268941439678
72095.0,72104.8,True,pv,0.19528269142052274
72100.0,72109.8,True,pv,0.19519145128361337
72105.0,72114.8,True,pv,0.19473403315164328
72110.0,72119.8,True,pv,0.9999998210248696
72115.0,72124.8,True,pv,0.9999998210247368
72120.0,72129.8,True,pv,0.1952827055066319
72125.0,72134.8,True,pv,0.19369193989662603
72130.0,72139.8,True,pv,0.19528270801409245
72135.0,72144.8,True,pv,0.999999821024755
72140.0,72149.8,True,pv,0.9999998210244861
72145.0,72154.8,True,pv,0.19528270801409245
72150.0,72159.8,True,pv,0.999999821024755
72155.0,72164.8,True,pv,0.19528296166906392
72160.0,72169.8,True,pv,0.19473396163851195
72165.0,72174.8,True,pv,0.19519146737541573
72170.0,72179.8,True,pv,0.19523976856767802
72175.0,72184.8,True,pv,0.1952395146505392
72180.0,72189.8,True,pv,0.9999998210248878
72185.0,72194.8,True,pv,0.1951913320217224
72190.0,72199.8,True,pv,0.19519121356375135
72195.0,72204.8,True,pv,0.9999998210239011
72200.0,72209.8,True,pv,0.19519044167518632
72205.0,72214.8,True,pv,0.9999998210245519
72210.0,72219.8,True,pv,0.1952397709742604
72215.0,72224.8,True,pv,0.1951913321216216
72220.0,72229.8,True,pv,0.19528270755185834
72225.0,72234.8,True,pv,0.19519121358821426
72230.0,72239.8,True,pv,0.19519121358821426
72235.0,72244.8,True,pv,0.19528270755185834
72240.0,72249.8,True,pv,0.9999998210238935
72245.0,72254.8,True,pv,0.19416556768621546
72250.0,72259.8,True,pv,0.1951913320796876
72255.0,72264.8,True,pv,0.19528270757174906
72260.0,72269.8,True,pv,0.19519098234529264
72265.0,72274.8,True,pv,0.19369215531520242
72270.0,72279.8,True,pv,0.19369178887086208
72275.0,72284.8,True,pv,0.19523926597861008
72280.0,72289.8,True,pv,0.1936920386296257
72285.0,72294.8,True,pv,0.19519121358821426
72290.0,72299.8,True,pv,0.9999998210247544
72295.0,72304.8,True,pv,0.1951904510880415
72300.0,72309.8,True,pv,0.19416556297091456
72305.0,72314.8,True,pv,0.19369128936397106
72310.0,72319.8,True,pv,0.19465700208543416
72315.0,72324.8,True,pv,0.19519121359024888
72320.0,72329.8,True,pv,0.1941665733485296
72325.0,72334.8,True,pv,0.19519045112231684
72330.0,72339.8,True,pv,0.19519043112239937
72335.0,72344.8,True,pc,0.28189236592879013
72340.0,72349.8,True,pc,0.2818848080977817
72345.0,72354.8,True,pv,0.19519045109007604
72350.0,72359.8,True,pv,0.19360202882349278
72355.0,72364.8,True,pv,0.1936921553241005
72360.0,72369.8,True,pv,0.19519146738466767
72365.0,72374.8,True,pv,0.19514818204857431
72370.0,72379.8,True,pv,0.19519111530632546
72375.0,72384.8,True,pv,0.195191213580556
72380.0,72389.8,True,pv,0.1936919418591969
72385.0,72394.8,True,pv,0.19360128025517923
72390.0,72399.8,True,pc,0.2818848138623461
72395.0,72404.8,True,pv,0.1946564755105674
72400.0,72409.8,True,pv,0.19519045274320587
72405.0,72414.8,True,pc,0.28874351499642553
72410.0,72419.8,True,pv,0.999999821024757
72415.0,72424.8,True,pv,0.19465723207805977
72420.0,72429.8,True,pv,0.19519121359024888
72425.0,72434.8,True,pv,0.19519146735242657
72430.0,72439.8,True,pv,0.19416556859958617
72435.0,72444.8,True,pv,0.19465748444828085
72440.0,72449.8,True,pv,0.19519133208938055
72445.0,72454.8,True,pv,0.19360214540091436
72450.0,72459.8,True,pc,0.28874470838943533
72455.0,72464.8,True,pv,0.19465713870757023
72460.0,72469.8,True,pv,0.195191213580556
72465.0,72474.8,True,pv,0.19360202882349278
72470.0,72479.8,True,pv,0.19465688639676515
72475.0,72484.8,True,pv,0.19360227854423526
72480.0,72489.8,True,pv,0.19465612961411657
72485.0,72494.8,True,pv,0.9999998209217434
72490.0,72499.8,True,pv,0.9999998209220292
72495.0,72504.8,True,pv,0.19360227846285302
72500.0,72509.8,True,pv,0.9999998209217434
72505.0,72514.8,True,pv,0.19360202881595873
72510.0,72519.8,True,pv,0.19360127874748684
72515.0,72524.8,True,pv,0.9999998209208866
72520.0,72529.8,True,hair_dryer,0.7662142493406598
72525.0,72534.8,True,hair_dryer,0.8012686863342557
72530.0,72539.8,True,pv,0.19360202881595873
72535.0,72544.8,True,pv,0.19465647767546948
72540.0,72549.8,True,pc,0.28188478950261314
72545.0,72554.8,True,pv,0.9999998209220294
72550.0,72559.8,True,pv,0.19360214539338028
72555.0,72564.8,True,pv,0.1946571387408057
72560.0,72569.8,True,pv,0.1941655701411275
72565.0,72574.8,True,pv,0.19542222010038685
72570.0,72579.8,True,pv,0.1954219657378664
72575.0,72584.8,True,pv,0.1954219657378664
72580.0,72589.8,True,pv,0.19465748671011168
72585.0,72594.8,True,pv,0.19416557020311595
72590.0,72599.8,True,pv,0.19465621975118172
72595.0,72604.8,True,pv,0.19465646668940703
72600.0,72609.8,True,pv,0.1948859608084794
72605.0,72614.8,True,pv,0.19488663365884398
72610.0,72619.8,True,pv,0.1953785329195159
72615.0,72624.8,True,pv,0.1953787137253993
72620.0,72629.8,True,pv,0.1948867226240668
72625.0,72634.8,True,pv,0.9999998211808894
72630.0,72639.8,True,pv,0.19537795129080013
72635.0,72644.8,True,pv,0.19537794974916473
72640.0,72649.8,True,pv,0.1954217136127739
72645.0,72654.8,True,pv,0.19488672479409336
72650.0,72659.8,True,pv,0.19488672482740726
72655.0,72664.8,True,pv,0.19488672481576952
72660.0,72669.8,True,pv,0.19488672261625622
72665.0,72674.8,True,pv,0.19488672658524828
72670.0,72679.8,True,pv,0.19488697712671182
72675.0,72684.8,True,pc,0.28215819463668546
72680.0,72689.8,True,pv,0.194886979296744
72685.0,72694.8,True,pv,0.19484396016797387
72690.0,72699.8,True,pc,0.2890220721861103
72695.0,72704.8,True,fridge,0.999990083179472
72700.0,72709.8,True,fridge,0.9999921491142358
72705.0,72714.8,True,fridge,0.9999992353501082
72710.0,72719.8,True,pc,0.28471913252930636
72715.0,72724.8,True,pc,0.28471913266328575
72720.0,72729.8,True,pc,0.28471913255907416
72725.0,72734.8,True,pc,0.2847191374496794
72730.0,72739.8,True,pc,0.28471913739406035
72735.0,72744.8,True,pc,0.28471913624549217
72740.0,72749.8,True,pc,0.2847178540193995
72745.0,72754.8,True,pc,0.28471913649302794
72750.0,72759.8,True,pc,0.28471913237891744
72755.0,72764.8,True,pc,0.2847191374496794
72760.0,72769.8,True,pc,0.28471913750771516
72765.0,72774.8,True,pc,0.28471913266328575
72770.0,72779.8,True,pc,0.28471913614330546
72775.0,72784.8,True,pc,0.28471913579419944
72780.0,72789.8,True,pc,0.28471913565399076
72785.0,72794.8,True,pc,0.28471913266604976
72790.0,72799.8,True,pc,0.28471913275261074
72795.0,72804.8,True,pc,0.284719132636282
72800.0,72809.8,True,pc,0.2847191326729045
72805.0,72814.8,True,pc,0.28471786153745215
72810.0,72819.8,True,pc,0.28471786746728955
72815.0,72824.8,True,pc,0.2847191364020735
72820.0,72829.8,True,pc,0.2847191368403409
72825.0,72834.8,True,pc,0.28471785343596223
72830.0,72839.8,True,pc,0.2847178540193995
72835.0,72844.8,True,pc,0.28471913644153
72840.0,72849.8,True,pc,0.2847191362438786
72845.0,72854.8,True,pc,0.28471913481624855
72850.0,72859.8,True,pc,0.2847191342143825
72855.0,72864.8,True,pc,0.2847191343997353
72860.0,72869.8,True,pc,0.2847191366935796
72865.0,72874.8,True,pc,0.28471913619301026
72870.0,72879.8,True,pc,0.2847191363668235
72875.0,72884.8,True,pc,0.28471913634095686
72880.0,72889.8,True,pc,0.2847191375337264
72885.0,72894.8,True,pc,0.2847191374496794
72890.0,72899.8,True,pc,0.284719133472435
72895.0,72904.8,True,pc,0.28471913262365023
72900.0,72909.8,True,pc,0.28471913635057566
72905.0,72914.8,True,pc,0.28471913644153
72910.0,72919.8,True,pc,0.284717855973358
72915.0,72924.8,True,fridge,0.5310073640406062
72920.0,72929.8,True,pc,0.28471786206889305
72925.0,72934.8,True,pc,0.28471913643855634
72930.0,72939.8,True,pc,0.2847178558727858
72935.0,72944.8,True,pc,0.28471785271771277
72940.0,72949.8,True,pc,0.28471913634095686
72945.0,72954.8,True,fridge,0.6054837174411933
72950.0,72959.8,True,pc,0.28471785637217933
72955.0,72964.8,True,pc,0.28471913634477114
72960.0,72969.8,True,pc,0.28471913644153
72965.0,72974.8,True,pc,0.28471913692832157
72970.0,72979.8,True,pc,0.28471913635057566
72975.0,72984.8,True,pc,0.2847191360487312
72980.0,72989.8,True,pc,0.2847191362758691
72985.0,72994.8,True,pc,0.28471786455292347
72990.0,72999.8,True,fridge,0.5309982108098377
72995.0,73004.8,True,pc,0.28471913635057566
73000.0,73009.8,True,pc,0.28471913556303635
73005.0,73014.8,True,pc,0.28471913579419944
73010.0,73019.8,True,pc,0.2847191356936262
73015.0,73024.8,True,pc,0.2847191368403409
73020.0,73029.8,True,pc,0.28471913644153
73025.0,73034.8,True,pc,0.28471913651239433
73030.0,73039.8,True,pc,0.2847191364984104
73035.0,73044.8,True,pc,0.2847191358739057
73040.0,73049.8,True,pc,0.2847191360487312
73045.0,73054.8,True,pc,0.2847178536205782
73050.0,73059.8,True,fridge,0.6055236860618823
73055.0,73064.8,True,pc,0.2847191389811046
73060.0,73069.8,True,pc,0.28471786657015735
73065.0,73074.8,True,fridge,0.5310073604808747
73070.0,73079.8,True,pc,0.28471785483558065
73075.0,73084.8,True,pc,0.2847191360487312
73080.0,73089.8,True,pc,0.28471913578295127
73085.0,73094.8,True,pc,0.28471913689183875
73090.0,73099.8,True,pc,0.284719136561296
73095.0,73104.8,True,pc,0.28471913582396724
73100.0,73109.8,True,pc,0.28471913578295127
73105.0,73114.8,True,pc,0.2847191360487312
73110.0,73119.8,True,pc,0.28471913660334874
73115.0,73124.8,True,pc,0.28471913660334874
73120.0,73129.8,True,pc,0.28471913634477114
73125.0,73134.8,True,pc,0.2847191362948327
73130.0,73139.8,True,pc,0.28471913634477114
73135.0,73144.8,True,pc,0.28471913626506495
73140.0,73149.8,True,pc,0.2847191360487312
73145.0,73154.8,True,pc,0.28471914097720774
73150.0,73159.8,True,pc,0.28471913676563426
73155.0,73164.8,True,fridge,0.6054850156781533
73160.0,73169.8,True,pc,0.28471913652951075
73165.0,73174.8,True,fridge,0.6054837060480331
73170.0,73179.8,True,pc,0.28471913649302794
73175.0,73184.8,True,pc,0.28471913634477114
73180.0,73189.8,True,pc,0.2847191362948327
73185.0,73194.8,True,pc,0.2847191361248562
73190.0,73199.8,True,fridge,0.9999958165423634
73195.0,73204.8,True,fridge,0.9999992278067745
73200.0,73209.8,True,fridge,0.999995853665285
73205.0,73214.8,True,fridge,0.6054850183507537
73210.0,73219.8,True,fridge,0.60552368497639
73215.0,73224.8,True,pc,0.28471785511167774
73220.0,73229.8,True,pc,0.28471913915954705
73225.0,73234.8,True,fridge,0.6054850183507537
73230.0,73239.8,True,pc,0.2847191392857515
73235.0,73244.8,True,pc,0.2847191392857515
73240.0,73249.8,True,fridge,0.6054850183507537
73245.0,73254.8,True,pc,0.2847178564765642
73250.0,73259.8,True,fridge,0.60552368497639
73255.0,73264.8,True,pc,0.2847191388032568
73260.0,73269.8,True,pc,0.2847191386630481
73265.0,73274.8,True,pc,0.2847191394681271
73270.0,73279.8,True,pc,0.2847178669474998
73275.0,73284.8,True,fridge,0.6054837112183526
73280.0,73289.8,True,pc,0.28471785899325336
73285.0,73294.8,True,fridge,0.531007364289352
73290.0,73299.8,True,pc,0.28471786175214514
73295.0,73304.8,True,pc,0.28471786436076324
73300.0,73309.8,True,fridge,0.6054837111702522
73305.0,73314.8,True,fridge,0.6054837074398778
73310.0,73319.8,True,fridge,0.6054850207513024
73315.0,73324.8,True,fridge,0.6054850184034296
73320.0,73329.8,True,pc,0.28471914358745437
73325.0,73334.8,True,pc,0.28471913868874554
73330.0,73339.8,True,fridge,0.9999992716330219
73335.0,73344.8,True,fridge,0.9999992716330297
73340.0,73349.8,True,pc,0.2847191415813219
73345.0,73354.8,True,pc,0.28471914351539973
73350.0,73359.8,True,pc,0.2847191394681271
73355.0,73364.8,True,fridge,0.6054850209245837
73360.0,73369.8,True,fridge,0.999999271633045
73365.0,73374.8,True,fridge,0.9999958536656376
73370.0,73379.8,True,pc,0.28471914358745437
73375.0,73384.8,True,fridge,0.605485017762315
73380.0,73389.8,True,pc,0.28471913873868404
73385.0,73394.8,True,fridge,0.6054837062941629
73390.0,73399.8,True,fridge,0.9999958536656376
73395.0,73404.8,True,fridge,0.9999992653421418
73400.0,73409.8,True,fridge,0.9999958536653825
73405.0,73414.8,True,fridge,0.6054837063588085
73410.0,73419.8,True,pc,0.28471913935401955
73415.0,73424.8,True,fridge,0.6054850182743379
73420.0,73429.8,True,pc,0.28471913915954705
73425.0,73434.8,True,pc,0.28471914351539973
73430.0,73439.8,True,pc,0.28071036875645317
73435.0,73444.8,True,pc,0.30804226824250985
73440.0,73449.8,True,pv,0.19488567249239838
73445.0,73454.8,True,pv,0.19488677253193218
73450.0,73459.8,True,pc,0.2896185676334529
73455.0,73464.8,True,pc,0.2896185869068592
73460.0,73469.8,True,pv,0.19488677184509087
73465.0,73474.8,True,pv,0.19488652105574872
73470.0,73479.8,True,pv,0.19488677233418322
73475.0,73484.8,True,baseload,0.255749509814338
73480.0,73489.8,True,pv,0.19488602022266097
73485.0,73494.8,True,pv,0.19488677184509087
73490.0,73499.8,True,pv,0.194886511948608
73495.0,73504.8,True,pv,0.19488659194855876
73500.0,73509.8,True,pv,0.1948867719075344
73505.0,73514.8,True,pv,0.1948865120110513
73510.0,73519.8,True,pv,0.19488703252386738
73515.0,73524.8,True,baseload,0.2552415686556271
73520.0,73529.8,True,baseload,0.25524157043303897
73525.0,73534.8,True,pv,0.19488689072574172
73530.0,73539.8,True,pv,0.19488652148239646
73535.0,73544.8,True,pv,0.1946479998804291
73540.0,73549.8,True,pv,0.19488652170789716
73545.0,73554.8,True,pv,0.1948865439143415
73550.0,73559.8,True,pv,0.1948870255671753
73555.0,73564.8,True,pv,0.19488652174258833
73560.0,73569.8,True,pv,0.19488689072574172
73565.0,73574.8,True,pv,0.19488663380594612
73570.0,73579.8,True,pv,0.19488652170789716
73575.0,73584.8,True,pv,0.19488677261605186
73580.0,73589.8,True,pv,0.19488651571524337
73585.0,73594.8,True,baseload,0.25575035092270326
73590.0,73599.8,True,pv,0.19488602079900322
73595.0,73604.8,True,baseload,0.2552408875482478
73600.0,73609.8,True,pv,0.1948857963381672
73605.0,73614.8,True,pv,0.1948855033257546
73610.0,73619.8,True,pv,0.19488579263400246
73615.0,73624.8,True,pc,0.28961770018553623
73620.0,73629.8,True,pv,0.19488605320186997
73625.0,73634.8,True,pv,0.19487635239715984
73630.0,73639.8,True,pv,0.19488617126965588
73635.0,73644.8,True,baseload,0.25574955778011454
73640.0,73649.8,True,baseload,0.25574955286138534
73645.0,73654.8,True,pv,0.1948857963598431
73650.0,73659.8,True,pv,0.19488580233020023
73655.0,73664.8,True,pv,0.19488554548744258
73660.0,73669.8,True,pv,0.19488580236489117
73665.0,73674.8,True,pv,0.19488580233020023
73670.0,73679.8,True,pv,0.19488580236489117
73675.0,73684.8,True,pv,0.1928640064561494
73680.0,73689.8,True,pv,0.1928640064561494
73685.0,73694.8,True,baseload,0.2557495561575894
73690.0,73699.8,True,baseload,0.25574955716930914
73695.0,73704.8,True,pv,0.1948857963381672
73700.0,73709.8,True,pv,0.1948857101021832
73705.0,73714.8,True,pv,0.19488580233020023
73710.0,73719.8,True,pv,0.19488580233020023
73715.0,73724.8,True,pv,0.1948854592515394
73720.0,73729.8,True,pv,0.1948854592515394
73725.0,73734.8,True,baseload,0.30488307868840253
73730.0,73739.8,True,pv,0.1948854592515394
73735.0,73744.8,True,pv,0.19488546131090406
73740.0,73749.8,True,baseload,0.30488342613371316
73745.0,73754.8,True,baseload,0.30488339473804926
73750.0,73759.8,True,baseload,0.255749558790577
73755.0,73764.8,True,pv,0.19488580823086135
73760.0,73769.8,True,baseload,0.30488311026829407
73765.0,73774.8,True,baseload,0.3048833947275525
73770.0,73779.8,True,baseload,0.2557495593044395
73775.0,73784.8,True,baseload,0.2557495593591208
73780.0,73789.8,True,baseload,0.25574979918476154
73785.0,73794.8,True,baseload,0.25524089389845045
73790.0,73799.8,True,baseload,0.3048823794722109
73795.0,73804.8,True,baseload,0.2552408953840188
73800.0,73809.8,True,baseload,0.2557488400287924
73805.0,73814.8,True,baseload,0.2574510588589566
73810.0,73819.8,True,baseload,0.30488289209738234
73815.0,73824.8,True,baseload,0.30488357645242464
73820.0,73829.8,True,baseload,0.2557495650351394
73825.0,73834.8,True,baseload,0.25574956017737116
73830.0,73839.8,True,baseload,0.30488342933265317
73835.0,73844.8,True,baseload,0.3048838926641497
73840.0,73849.8,True,baseload,0.2557496718856324
73845.0,73854.8,True,baseload,0.2557065025535462
73850.0,73859.8,True,baseload,0.30488339749521076
73855.0,73864.8,True,baseload,0.30488315573761837
73860.0,73869.8,True,baseload,0.25574956019784345
73865.0,73874.8,True,baseload,0.2557495646126222
73870.0,73879.8,True,baseload,0.3048834019040303
73875.0,73884.8,True,baseload,0.25574955787318837
73880.0,73889.8,True,baseload,0.2557056635500238
73885.0,73894.8,True,baseload,0.25574884286332983
73890.0,73899.8,True,baseload,0.2557488444903112
73895.0,73904.8,True,baseload,0.2552408986846112
73900.0,73909.8,True,baseload,0.3048834110931869
73905.0,73914.8,True,baseload,0.304883579651354
73910.0,73919.8,True,baseload,0.3048830861225826
73915.0,73924.8,True,baseload,0.30488311355114633
73920.0,73929.8,True,baseload,0.304883579651354
73925.0,73934.8,True,baseload,0.304883579651354
73930.0,73939.8,True,baseload,0.30488308335493003
73935.0,73944.8,True,baseload,0.3048834019040303
73940.0,73949.8,True,baseload,0.3048834019040303
73945.0,73954.8,True,baseload,0.2557495652029553
73950.0,73959.8,True,baseload,0.3048834019040303
73955.0,73964.8,True,baseload,0.30488343097381476
73960.0,73969.8,True,baseload,0.3048834019040303
73965.0,73974.8,True,baseload,0.3048830861225826
73970.0,73979.8,True,baseload,0.3048830861225826
73975.0,73984.8,True,baseload,0.30488241322957027
73980.0,73989.8,True,baseload,0.2557056652920122
73985.0,73994.8,True,baseload,0.3048836016907614
73990.0,73999.8,True,baseload,0.2557493409784523
73995.0,74004.8,True,baseload,0.3048830861225826
74000.0,74009.8,True,baseload,0.3048830861225826
74005.0,74014.8,True,baseload,0.3048823813364918
74010.0,74019.8,True,pc,0.26598580660162385
74015.0,74024.8,True,pc,0.28578846301709193
74020.0,74029.8,True,baseload,0.26221579731146827
74025.0,74034.8,True,baseload,0.30488341181950696
74030.0,74039.8,True,baseload,0.30488241111231035
74035.0,74044.8,True,baseload,0.2552801172948314
74040.0,74049.8,True,baseload,0.30488375113678
74045.0,74054.8,True,baseload,0.2557056621234593
74050.0,74059.8,True,baseload,0.3048837518709588
74055.0,74064.8,True,baseload,0.3048830861225826
74060.0,74069.8,True,baseload,0.3048830868197702
74065.0,74074.8,True,baseload,0.3048834019040303
74070.0,74079.8,True,baseload,0.2557063861738914
74075.0,74084.8,True,baseload,0.25574956302242896
74080.0,74089.8,True,baseload,0.25574934097107554
74085.0,74094.8,True,baseload,0.3048830842553009
74090.0,74099.8,True,baseload,0.25574934097107554
74095.0,74104.8,True,baseload,0.2557056746853447
74100.0,74109.8,True,baseload,0.2557056705906857
74105.0,74114.8,True,baseload,0.2557459230987692
74110.0,74119.8,True,baseload,0.25574956303552443
74115.0,74124.8,True,baseload,0.25574980198587444
74120.0,74129.8,True,baseload,0.3048837492694982
74125.0,74134.8,True,baseload,0.25574956301505214
74130.0,74139.8,True,baseload,0.2557495554203377
74135.0,74144.8,True,baseload,0.3048834092259051
74140.0,74149.8,True,baseload,0.3048830842553009
74145.0,74154.8,True,baseload,0.25574934097107554
74150.0,74159.8,True,baseload,0.25574933851822623
74155.0,74164.8,True,baseload,0.25570638672648843
74160.0,74169.8,True,baseload,0.25570638672648843
74165.0,74174.8,True,baseload,0.25574956301505214
74170.0,74179.8,True,baseload,0.25574967200963455
74175.0,74184.8,True,baseload,0.25574495737955605
74180.0,74189.8,True,baseload,0.25574884056573916
74185.0,74194.8,True,baseload,0.2557459230987692
74190.0,74199.8,True,baseload,0.255749559876061
74195.0,74204.8,True,baseload,0.25574955602195487
74200.0,74209.8,True,baseload,0.2557495604590173
74205.0,74214.8,True,baseload,0.25574956044919156
74210.0,74219.8,True,baseload,0.3048823858646011
74215.0,74224.8,True,baseload,0.25574883528616044
74220.0,74229.8,True,baseload,0.2557459237183656
74225.0,74234.8,True,pc,0.2567412021333416
74230.0,74239.8,True,baseload,0.25574579573948064
74235.0,74244.8,True,baseload,0.30488356559049024
74240.0,74249.8,True,pc,0.25675595508329796
74245.0,74254.8,True,baseload,0.25574956042134245
74250.0,74259.8,True,pc,0.25674109038717147
74255.0,74264.8,True,baseload,0.2557493390913558
74260.0,74269.8,True,pc,0.25674086796204876
74265.0,74274.8,True,pc,0.2567410771072491
74270.0,74279.8,True,pc,0.2567559550627816
74275.0,74284.8,True,baseload,0.2557493390913558
74280.0,74289.8,True,baseload,0.2557493389676995
74285.0,74294.8,True,pc,0.2567411889228264
74290.0,74299.8,True,pc,0.25675746634474494
74295.0,74304.8,True,pc,0.2567413298451783
74300.0,74309.8,True,baseload,0.2552801159623975
74305.0,74314.8,True,baseload,0.2575715247424655
74310.0,74319.8,True,baseload,0.25757153426866053
74315.0,74324.8,True,baseload,0.2557498000469109
74320.0,74329.8,True,baseload,0.25574979998088404
74325.0,74334.8,True,pc,0.2567575939736849
74330.0,74339.8,True,pc,0.25674092011067334
74335.0,74344.8,True,pc,0.25674037220128254
74340.0,74349.8,True,pc,0.2567403589192667
74345.0,74354.8,True,pc,0.2567413165185601
74350.0,74359.8,True,baseload,0.25528011733657824
74355.0,74364.8,True,pc,0.25675759408654836
74360.0,74369.8,True,pc,0.256757354532032
74365.0,74374.8,True,pc,0.2567403562228048
74370.0,74379.8,True,pc,0.2567566363144204
74375.0,74384.8,True,pc,0.25675746634474494
74380.0,74389.8,True,pc,0.25674109032740194
74385.0,74394.8,True,pc,0.25674085448239453
74390.0,74399.8,True,pc,0.256741076999554
74395.0,74404.8,True,pc,0.2567575940203784
74400.0,74409.8,True,pc,0.2567403721393951
74405.0,74414.8,True,pc,0.25674107697904003
74410.0,74419.8,True,pc,0.25675735455254867
74415.0,74424.8,True,pc,0.25674109032740194
74420.0,74429.8,True,pc,0.25674086800703466
74425.0,74434.8,True,pc,0.25674109032740194
74430.0,74439.8,True,pc,0.2567603330721158
74435.0,74444.8,True,pc,0.2567412020871175
74440.0,74449.8,True,pc,0.2567574663059077
74445.0,74454.8,True,pc,0.256757354532032
74450.0,74459.8,True,pc,0.25674085460630286
74455.0,74464.8,True,pc,0.25674085473451175
74460.0,74469.8,True,pc,0.2567601106637456
74465.0,74474.8,True,pc,0.2567409067263809
74470.0,74479.8,True,pc,0.2567574663059077
74475.0,74484.8,True,pc,0.25675735455254867
74480.0,74489.8,True,pc,0.2567454681993821
74485.0,74494.8,True,pc,0.2567408546106034
74490.0,74499.8,True,pc,0.256763452080046
74495.0,74504.8,True,pc,0.25674474809804826
74500.0,74509.8,True,pc,0.28204636985968956
74505.0,74514.8,True,pc,0.25675642290810147
74510.0,74519.8,True,pc,0.2567447382067516
74515.0,74524.8,True,pc,0.2821232255748683
74520.0,74529.8,True,baseload,0.2557449653425851
74525.0,74534.8,True,pc,0.25674545480247446
74530.0,74539.8,True,pc,0.25676011049515557
74535.0,74544.8,True,pc,0.26990619821215084
74540.0,74549.8,True,pc,0.26044529406359707
74545.0,74554.8,True,pc,0.25674545480247446
74550.0,74559.8,True,pc,0.25674524562703405
74555.0,74564.8,True,pc,0.25674570741625147
74560.0,74569.8,False,off,
74565.0,74574.8,False,off,
74570.0,74579.8,True,pc,0.25672388665754187
74575.0,74584.8,True,baseload,0.25756164252219865
74580.0,74589.8,True,pc,0.25675642112386404
74585.0,74594.8,True,pc,0.2565886486165065
74590.0,74599.8,True,pc,0.2567237134717053
74595.0,74604.8,True,pc,0.25651172622012236
74600.0,74609.8,True,pc,0.2565117262275105
74605.0,74614.8,True,pc,0.2565117262275105
74610.0,74619.8,True,pc,0.2560868894435677
74615.0,74624.8,True,pc,0.25608722304659864
74620.0,74629.8,True,baseload,0.25539997045548585
74625.0,74634.8,True,pc,0.2560861844186003
74630.0,74639.8,True,baseload,0.2575614883553205
74635.0,74644.8,False,off,
74640.0,74649.8,True,pc,0.25608722304659864
74645.0,74654.8,False,off,
74650.0,74659.8,True,pc,0.25608722304659864
74655.0,74664.8,True,pc,0.2560863944751976
74660.0,74669.8,True,pc,0.2567239542822432
74665.0,74674.8,True,pc,0.2560868894435677
74670.0,74679.8,True,pc,0.2560871114639652
74675.0,74684.8,False,off,
74680.0,74689.8,True,pc,0.25651194848922576
74685.0,74694.8,True,pc,0.2560871114639652
74690.0,74699.8,True,pc,0.2560872217700757
74695.0,74704.8,True,baseload,0.2558651107737899
74700.0,74709.8,True,pc,0.25608639315991233
74705.0,74714.8,True,pc,0.2560871114639652
74710.0,74719.8,True,pc,0.2567574661761507
74715.0,74724.8,True,pc,0.25608722304659864
74720.0,74729.8,True,pc,0.2560871114713453
74725.0,74734.8,True,pc,0.25675735438395464
74730.0,74739.8,False,off,
74735.0,74744.8,False,off,
74740.0,74749.8,False,off,
74745.0,74754.8,True,pc,0.2560868894435677
74750.0,74759.8,True,pc,0.2560868894435677
74755.0,74764.8,False,off,
74760.0,74769.8,False,off,
74765.0,74774.8,True,pc,0.25608711148444674
74770.0,74779.8,True,pc,0.2566859815318764
74775.0,74784.8,True,pc,0.2560873505425534
74780.0,74789.8,True,pc,0.26793207509787126
74785.0,74794.8,True,pc,0.2698837944359363
74790.0,74799.8,True,pc,0.2567237134922202
74795.0,74804.8,True,pc,0.2560868894435677
74800.0,74809.8,False,off,
74805.0,74814.8,True,baseload,0.25539041477769553
74810.0,74819.8,True,pc,0.2560863945872784
74815.0,74824.8,True,pc,0.2560871114713453
74820.0,74829.8,False,off,
74825.0,74834.8,False,off,
74830.0,74839.8,True,pc,0.2566858697804656
74835.0,74844.8,False,off,
74840.0,74849.8,True,pc,0.2566859815318764
74845.0,74854.8,True,pc,0.2560872230853695
74850.0,74859.8,False,off,
74855.0,74864.8,False,off,
74860.0,74869.8,False,off,
74865.0,74874.8,True,pc,0.2566861086075566
74870.0,74879.8,True,pc,0.25608735060861004
74875.0,74884.8,False,off,
74880.0,74889.8,False,off,
74885.0,74894.8,False,off,
74890.0,74899.8,False,off,
74895.0,74904.8,False,off,
74900.0,74909.8,False,off,
74905.0,74914.8,True,pc,0.25643961580561203
74910.0,74919.8,True,pc,0.2560861796910482
74915.0,74924.8,False,off,
74920.0,74929.8,False,off,
74925.0,74934.8,True,pc,0.2560873504959398
74930.0,74939.8,True,pc,0.2560873505425534
74935.0,74944.8,False,off,
74940.0,74949.8,False,off,
74945.0,74954.8,False,off,
74950.0,74959.8,False,off,
74955.0,74964.8,False,off,
74960.0,74969.8,False,off,
74965.0,74974.8,False,off,
74970.0,74979.8,True,pc,0.2566892346644237
74975.0,74984.8,False,off,
74980.0,74989.8,False,off,
74985.0,74994.8,True,pc,0.2692291455099262
74990.0,74999.8,True,pc,0.2684476407613556
74995.0,75004.8,False,off,
75000.0,75009.8,False,off,
75005.0,75014.8,False,off,
75010.0,75019.8,False,off,
75015.0,75024.8,False,off,
75020.0,75029.8,False,off,
75025.0,75034.8,False,off,
75030.0,75039.8,True,pc,0.2560158594229087
75035.0,75044.8,True,pc,0.25665247242473405
75040.0,75049.8,False,off,
75045.0,75054.8,False,off,
75050.0,75059.8,False,off,
75055.0,75064.8,False,off,
75060.0,75069.8,False,off,
75065.0,75074.8,False,off,
75070.0,75079.8,False,off,
75075.0,75084.8,False,off,
75080.0,75089.8,True,pc,0.269226388349315
75085.0,75094.8,True,pc,0.2977609332749816
75090.0,75099.8,True,pc,0.269229116514995
75095.0,75104.8,False,off,
75100.0,75109.8,True,pc,0.25665571112788327
75105.0,75114.8,True,pc,0.2560158594155326
75110.0,75119.8,False,off,
75115.0,75124.8,False,off,
75120.0,75129.8,True,pc,0.2560157486716713
75125.0,75134.8,True,pc,0.2560157492050821
75130.0,75139.8,True,pc,0.25601563407454936
75135.0,75144.8,True,baseload,0.25585594861428507
75140.0,75149.8,True,pc,0.25601916627301025
75145.0,75154.8,True,baseload,0.25585515943645964
75150.0,75159.8,True,pc,0.2978055260639999
75155.0,75164.8,True,pc,0.2684376765806448
75160.0,75169.8,False,off,
75165.0,75174.8,True,baseload,0.25585605765196784
75170.0,75179.8,True,pc,0.25601910474552053
75175.0,75184.8,False,off,
75180.0,75189.8,False,off,
75185.0,75194.8,True,pc,0.2566891193295861
75190.0,75199.8,True,pc,0.25601899506567943
75195.0,75204.8,True,pc,0.25601821073670145
75200.0,75209.8,True,pc,0.29780214955821116
75205.0,75214.8,True,pc,0.26843599017414993
75210.0,75219.8,True,pc,0.2564302473805819
75215.0,75224.8,False,off,
75220.0,75229.8,True,pc,0.2560052783440679
75225.0,75234.8,True,baseload,0.25593646424115707
75230.0,75239.8,True,pc,0.25600561001402966
75235.0,75244.8,True,pc,0.2560053952111661
75240.0,75249.8,True,baseload,0.25593625156509864
75245.0,75254.8,True,pc,0.269153621313812
75250.0,75259.8,True,pc,0.29773305125208727
75255.0,75264.8,True,pc,0.2691545344345657
75260.0,75269.8,True,pc,0.2560047187292708
75265.0,75274.8,True,baseload,0.2559355703309831
75270.0,75279.8,True,baseload,0.25593635398918607
75275.0,75284.8,True,pc,0.25600549906429537
75280.0,75289.8,True,pc,0.25664174523034744
75285.0,75294.8,True,pc,0.25600527781056764
75290.0,75299.8,True,pc,0.2560278090727777
75295.0,75304.8,True,pc,0.25602756030484625
75300.0,75309.8,True,pc,0.2560052829698232
75305.0,75314.8,True,baseload,0.25593637687112186
75310.0,75319.8,True,pc,0.25667549614048357
75315.0,75324.8,True,pc,0.25600527759597463
75320.0,75329.8,True,pc,0.2566756007749996
75325.0,75334.8,True,pc,0.25643024623731436
75330.0,75339.8,True,pc,0.25600549906429537
75335.0,75344.8,True,pc,0.2566756007749996
75340.0,75349.8,True,pc,0.2560052764553454
75345.0,75354.8,True,pc,0.2560277340643619
75350.0,75359.8,True,pc,0.2560054977307641
75355.0,75364.8,True,pc,0.25667559944359813
75360.0,75369.8,True,pc,0.268337289972721
75365.0,75374.8,True,pc,0.2907975645647633
75370.0,75379.8,True,pc,0.2907910766341912
75375.0,75384.8,True,pc,0.25600540401157285
75380.0,75389.8,True,pc,0.2560052775769006
75385.0,75394.8,True,pc,0.2560052764553454
75390.0,75399.8,True,pc,0.2560054053611633
75395.0,75404.8,True,baseload,0.2559363505994176
75400.0,75409.8,True,pc,0.2564302448671608
75405.0,75414.8,True,baseload,0.25597077712538874
75410.0,75419.8,True,pc,0.256002496834239
75415.0,75424.8,True,pc,0.25667237279373123
75420.0,75429.8,True,pc,0.25600227536763825
75425.0,75434.8,True,pc,0.26980311528013357
75430.0,75439.8,True,pc,0.29079584327256214
75435.0,75444.8,True,pc,0.25664721494189113
75440.0,75449.8,True,pc,0.2691488354833998
75445.0,75454.8,True,pc,0.2683314610482996
75450.0,75459.8,True,pc,0.26915052738036427
75455.0,75464.8,True,pc,0.2908023565953868
75460.0,75469.8,True,pc,0.268334149071344
75465.0,75474.8,True,baseload,0.24297563754366808
75470.0,75479.8,True,pc,0.25509625674652886
75475.0,75484.8,True,pc,0.2539103666699892
75480.0,75489.8,True,pc,0.25391047678637185
75485.0,75494.8,True,pc,0.25509638321213535
75490.0,75499.8,True,pc,0.24347858884236342
75495.0,75504.8,True,pc,0.24327417341323213
75500.0,75509.8,True,pc,0.24347858884236342
75505.0,75514.8,True,baseload,0.24295317716053175
75510.0,75519.8,True,pc,0.24347857612172913
75515.0,75524.8,True,pc,0.24327417341323213
75520.0,75529.8,True,pc,0.24327417341323213
75525.0,75534.8,True,pc,0.24351104984635083
75530.0,75539.8,True,pc,0.2435110625681357
75535.0,75544.8,True,pc,0.2435110625681357
75540.0,75549.8,True,pc,0.25534242018642966
75545.0,75554.8,True,pc,0.2539121008044292
75550.0,75559.8,True,pc,0.24347857488104485
75555.0,75564.8,True,pc,0.25530888308967153
75560.0,75569.8,True,pc,0.2539121113632246
75565.0,75574.8,True,pc,0.2806954409760276
75570.0,75579.8,True,pc,0.2553408859057855
75575.0,75584.8,True,pc,0.24351105351732671
75580.0,75589.8,True,pc,0.2435110477302865
75585.0,75594.8,True,baseload,0.24297544483251018
75590.0,75599.8,True,pc,0.24351105351732671
75595.0,75604.8,True,pc,0.2434785750447208
75600.0,75609.8,True,pc,0.25534239504342815
75605.0,75614.8,True,pc,0.28013763053542645
75610.0,75619.8,True,pc,0.25398470511441434
75615.0,75624.8,True,pc,0.2806954581547587
75620.0,75629.8,True,pc,0.2555057021733878
75625.0,75634.8,True,pc,0.2539103490168133
75630.0,75639.8,True,pc,0.2808961069329913
75635.0,75644.8,True,pc,0.2541455493185843
75640.0,75649.8,True,pc,0.25398470451491584
75645.0,75654.8,True,pc,0.28089910246079275
75650.0,75659.8,True,pc,0.25550557411235125
75655.0,75664.8,True,pc,0.25550815969953655
75660.0,75669.8,True,pc,0.28034477323127976
75665.0,75674.8,True,pc,0.254077258439157
75670.0,75679.8,True,pc,0.24366094027692906
75675.0,75684.8,True,pc,0.25414649595750494
75680.0,75689.8,True,pc,0.2541464951738419
75685.0,75694.8,True,pc,0.24366094151925363
75690.0,75699.8,True,pc,0.24366094148710546
75695.0,75704.8,True,resistive,0.32183183225111966
75700.0,75709.8,True,resistive,0.38444817496905814
75705.0,75714.8,True,resistive,0.3848154799632102
75710.0,75719.8,True,resistive,0.3757802562637177
75715.0,75724.8,True,resistive,0.38481742045103007
75720.0,75729.8,True,resistive,0.4114782176861778
75725.0,75734.8,True,resistive,0.4132638928259133
75730.0,75739.8,True,resistive,0.41185793300873064
75735.0,75744.8,True,resistive,0.375780362538292
75740.0,75749.8,True,resistive,0.32207060227838147
75745.0,75754.8,True,resistive,0.39303641397099615
75750.0,75759.8,True,resistive,0.39303641287051366
75755.0,75764.8,True,resistive,0.38481547949049655
75760.0,75769.8,True,resistive,0.4118557886538706
75765.0,75774.8,True,resistive,0.38481539162444756
75770.0,75779.8,True,resistive,0.35921234899491244
75775.0,75784.8,True,resistive,0.3223968669928796
75780.0,75789.8,True,resistive,0.3223805307346952
75785.0,75794.8,True,resistive,0.38220366296199854
75790.0,75799.8,True,resistive,0.4202640417739534
75795.0,75804.8,True,resistive,0.37188380854199093
75800.0,75809.8,True,resistive,0.4118556915841233
75805.0,75814.8,True,resistive,0.3070249001887667
75810.0,75819.8,True,resistive,0.2948586693023837
75815.0,75824.8,True,resistive,0.34601073525207
75820.0,75829.8,True,baseload,0.9247629389038735
75825.0,75834.8,True,washing_machine,0.9096304856932567
75830.0,75839.8,True,washing_machine,0.9999995517121156
75835.0,75844.8,True,washing_machine,0.9999993211451902
75840.0,75849.8,True,baseload,0.9247628895485485
75845.0,75854.8,True,baseload,0.9247629389038737
75850.0,75859.8,True,baseload,0.9748405735455555
75855.0,75864.8,True,baseload,0.982970147830058
75860.0,75869.8,True,baseload,0.9677964051237452
75865.0,75874.8,True,fridge,0.9999910415003047
75870.0,75879.8,True,fridge,0.9999984906849521
75875.0,75884.8,True,fridge,0.9999993459316351
75880.0,75889.8,True,fridge,0.9999993505819661
75885.0,75894.8,True,fridge,0.9999993505819661
75890.0,75899.8,True,fridge,0.9999993459316351
75895.0,75904.8,True,fridge,0.9999992647575929
75900.0,75909.8,True,fridge,0.9999992647459869
75905.0,75914.8,True,fridge,0.9999991803565657
75910.0,75919.8,True,fridge,0.9999991803565574
75915.0,75924.8,True,fridge,0.9999991803700786
75920.0,75929.8,True,fridge,0.9999993420527892
75925.0,75934.8,True,fridge,0.9999993420527892
75930.0,75939.8,True,fridge,0.9999993420527892
75935.0,75944.8,True,fridge,0.9999993420527892
75940.0,75949.8,True,fridge,0.9999993420527914
75945.0,75954.8,True,fridge,0.9999993420527914
75950.0,75959.8,True,fridge,0.9999993420531529
75955.0,75964.8,True,fridge,0.9999993420460244
75960.0,75969.8,True,fridge,0.9999992647500308
75965.0,75974.8,True,fridge,0.9999991803610487
75970.0,75979.8,True,fridge,0.9999991803693374
75975.0,75984.8,True,fridge,0.9999992648699962
75980.0,75989.8,True,fridge,0.9999992648579861
75985.0,75994.8,True,fridge,0.999999264757735
75990.0,75999.8,True,fridge,0.9999993420525569
75995.0,76004.8,True,fridge,0.9999991409897027
76000.0,76009.8,True,fridge,0.9999991473753109
76005.0,76014.8,True,fridge,0.9999991266051987
76010.0,76019.8,True,fridge,0.9999993420529182
76015.0,76024.8,True,fridge,0.9999993420525569
76020.0,76029.8,True,fridge,0.9999993420525582
76025.0,76034.8,True,fridge,0.9999993420457899
76030.0,76039.8,True,fridge,0.9999992647497687
76035.0,76044.8,True,fridge,0.9999991803562734
76040.0,76049.8,True,fridge,0.9999991803562737
76045.0,76054.8,True,fridge,0.9999991803562734
76050.0,76059.8,True,fridge,0.999999180364883
76055.0,76064.8,True,fridge,0.9999991803653036
76060.0,76069.8,True,fridge,0.9999993420529195
76065.0,76074.8,True,fridge,0.9999992648620304
76070.0,76079.8,True,fridge,0.9999992648695921
76075.0,76084.8,True,fridge,0.9999993420525549
76080.0,76089.8,True,fridge,0.9999993420525549
76085.0,76094.8,True,fridge,0.9999993420529195
76090.0,76099.8,True,fridge,0.9999992647497687
76095.0,76104.8,True,fridge,0.9999993420525549
76100.0,76109.8,True,fridge,0.9999993420525549
76105.0,76114.8,True,fridge,0.9999993420525549
76110.0,76119.8,True,fridge,0.9999993420525549
76115.0,76124.8,True,fridge,0.9999993420525569
76120.0,76129.8,True,fridge,0.9999993420529184
76125.0,76134.8,True,fridge,0.9999993420525569
76130.0,76139.8,True,fridge,0.9999993459318927
76135.0,76144.8,True,fridge,0.9999993459315403
76140.0,76149.8,True,fridge,0.9999993420525567
76145.0,76154.8,True,fridge,0.9999993420529182
76150.0,76159.8,True,fridge,0.9999993420525569
76155.0,76164.8,True,fridge,0.999999264865562
76160.0,76169.8,True,fridge,0.999999264865562
76165.0,76174.8,True,fridge,0.9999993420525549
76170.0,76179.8,True,fridge,0.9999993420525569
76175.0,76184.8,True,fridge,0.9999993420525569
76180.0,76189.8,True,fridge,0.9999993459314019
76185.0,76194.8,True,fridge,0.9999993420525549
76190.0,76199.8,True,fridge,0.9999993420525585
76195.0,76204.8,True,fridge,0.9999992647497687
76200.0,76209.8,True,fridge,0.9999993420525569
76205.0,76214.8,True,fridge,0.9999992648695921
76210.0,76219.8,True,fridge,0.9999992648579976
76215.0,76224.8,True,fridge,0.9999991803563025
76220.0,76229.8,True,fridge,0.999999180364883
76225.0,76234.8,True,fridge,0.9999993420525549
76230.0,76239.8,True,fridge,0.9999993420525549
76235.0,76244.8,True,fridge,0.9999993420525549
76240.0,76249.8,True,fridge,0.9999993420525567
76245.0,76254.8,True,fridge,0.9999993420529182
76250.0,76259.8,True,fridge,0.9999993420525569
76255.0,76264.8,True,fridge,0.9999993420525549
76260.0,76269.8,True,fridge,0.9999993420525549
76265.0,76274.8,True,fridge,0.9999993420525549
76270.0,76279.8,True,fridge,0.9999993459313824
76275.0,76284.8,True,fridge,0.9999993420525569
76280.0,76289.8,True,fridge,0.9999993420529182
76285.0,76294.8,True,fridge,0.9999993420525569
76290.0,76299.8,True,fridge,0.9999993420457897
76295.0,76304.8,True,fridge,0.9999993420525569
76300.0,76309.8,True,fridge,0.9999993420529182
76305.0,76314.8,True,fridge,0.9999993420525569
76310.0,76319.8,True,fridge,0.9999993420529182
76315.0,76324.8,True,fridge,0.9999993420529182
76320.0,76329.8,True,fridge,0.9999993420525567
76325.0,76334.8,True,fridge,0.9999992648655591
76330.0,76339.8,True,fridge,0.9999992648579978
76335.0,76344.8,True,fridge,0.999999264757735
76340.0,76349.8,True,fridge,0.9999991803607632
76345.0,76354.8,True,fridge,0.9999991803563354
76350.0,76359.8,True,fridge,0.9999993420525549
76355.0,76364.8,True,fridge,0.9999993420525567
76360.0,76369.8,True,fridge,0.9999993420529182
76365.0,76374.8,True,fridge,0.9999993420525567
76370.0,76379.8,True,fridge,0.999999342052916
76375.0,76384.8,True,fridge,0.9999993420525549
76380.0,76389.8,True,fridge,0.9999993420525567
76385.0,76394.8,True,fridge,0.9999993420529182
76390.0,76399.8,True,fridge,0.9999993420525518
76395.0,76404.8,True,fridge,0.9999993420525496
76400.0,76409.8,True,fridge,0.9999993420525531
76405.0,76414.8,True,fridge,0.9999993420529146
76410.0,76419.8,True,fridge,0.9999993420525496
76415.0,76424.8,True,fridge,0.9999993420525496
76420.0,76429.8,True,fridge,0.9999992648695868
76425.0,76434.8,True,fridge,0.9999992648579852
76430.0,76439.8,True,fridge,0.9999992648695863
76435.0,76444.8,True,fridge,0.9999993420529135
76440.0,76449.8,True,fridge,0.9999993420525516
76445.0,76454.8,True,fridge,0.999999342052552
76450.0,76459.8,True,fridge,0.999999342052552
76455.0,76464.8,True,fridge,0.999999342052552
76460.0,76469.8,True,fridge,0.9999993420529133
76465.0,76474.8,True,fridge,0.9999993420525569
76470.0,76479.8,True,fridge,0.9999993420529182
76475.0,76484.8,True,fridge,0.9999991803648655
76480.0,76489.8,True,fridge,0.9999991803563025
76485.0,76494.8,True,fridge,0.9999992648620304
76490.0,76499.8,True,fridge,0.9999993420529182
76495.0,76504.8,True,fridge,0.9999993420525549
76500.0,76509.8,True,fridge,0.9999993420525549
76505.0,76514.8,True,fridge,0.9999993420525569
76510.0,76519.8,True,fridge,0.9999992647497687
76515.0,76524.8,True,fridge,0.9999992647573307
76520.0,76529.8,True,fridge,0.9999993420525549
76525.0,76534.8,True,fridge,0.9999993420525569
76530.0,76539.8,True,fridge,0.9999993420529182
76535.0,76544.8,True,fridge,0.9999993420525569
76540.0,76549.8,True,fridge,0.9999993420529182
76545.0,76554.8,True,fridge,0.99999908103555
76550.0,76559.8,True,fridge,0.9999957375714208
76555.0,76564.8,True,washing_machine,0.8907270022546517
76560.0,76569.8,True,baseload,0.9381888808552032
76565.0,76574.8,True,baseload,0.9381888889743765
76570.0,76579.8,True,baseload,0.8263589426146242
76575.0,76584.8,True,baseload,0.9829701384822283
76580.0,76589.8,True,baseload,0.9829701478296572
76585.0,76594.8,True,baseload,0.9829701161185185
76590.0,76599.8,True,baseload,0.938189031968288
76595.0,76604.8,True,baseload,0.8263589426146242
76600.0,76609.8,True,baseload,0.9381888962595805
76605.0,76614.8,True,baseload,0.982970147830058
76610.0,76619.8,True,baseload,0.9381888310457661
76615.0,76624.8,True,washing_machine,0.89072700400065
76620.0,76629.8,True,washing_machine,0.9906023945640275
76625.0,76634.8,True,washing_machine,0.969981057666351
76630.0,76639.8,True,washing_machine,0.9637573472660024
76635.0,76644.8,True,washing_machine,0.8907269236604274
76640.0,76649.8,True,baseload,0.9381888889743765
76645.0,76654.8,True,baseload,0.9829701478296572
76650.0,76659.8,True,baseload,0.9831885842308139
76655.0,76664.8,True,baseload,0.9381888310457661
76660.0,76669.8,True,baseload,0.9381888889743757
76665.0,76674.8,True,baseload,0.9829701384822285
76670.0,76679.8,True,baseload,0.9829701384822285
76675.0,76684.8,True,baseload,0.9829701478296572
76680.0,76689.8,True,baseload,0.9829701161185185
76685.0,76694.8,True,baseload,0.9829701478296572
76690.0,76699.8,True,baseload,0.982970147830058
76695.0,76704.8,True,baseload,0.9829701384822285
76700.0,76709.8,True,baseload,0.9829701384822285
76705.0,76714.8,True,baseload,0.9829701226959113
76710.0,76719.8,True,baseload,0.9829701478296572
76715.0,76724.8,True,washing_machine,0.9999992871688287
76720.0,76729.8,True,washing_machine,0.9999992871688287
76725.0,76734.8,True,washing_machine,0.9923683519554883
76730.0,76739.8,True,washing_machine,0.9629537212896458
76735.0,76744.8,True,washing_machine,0.8907268008966907
76740.0,76749.8,True,washing_machine,0.9906023945640275
76745.0,76754.8,True,washing_machine,0.9999994507109389
76750.0,76759.8,True,washing_machine,0.999999508989643
76755.0,76764.8,True,washing_machine,0.8907270040006543
76760.0,76769.8,True,baseload,0.9829701478296572
76765.0,76774.8,True,baseload,0.9829701226959113
76770.0,76779.8,True,baseload,0.9829701384822285
76775.0,76784.8,True,washing_machine,0.9699534842019661
76780.0,76789.8,True,washing_machine,0.9923684493549513
76785.0,76794.8,True,washing_machine,0.8907269219144153
76790.0,76799.8,True,baseload,0.9829701477499989
76795.0,76804.8,True,baseload,0.9829701161185185
76800.0,76809.8,True,baseload,0.9829701384822285
76805.0,76814.8,True,baseload,0.9829701384822283
76810.0,76819.8,True,baseload,0.9829701384822285
76815.0,76824.8,True,baseload,0.982970147830058
76820.0,76829.8,True,baseload,0.982970147830058
76825.0,76834.8,True,baseload,0.9381888046245545
76830.0,76839.8,True,washing_machine,0.9704452714185832
76835.0,76844.8,True,washing_machine,0.9704447839470395
76840.0,76849.8,True,baseload,0.8263589426146242
76845.0,76854.8,True,baseload,0.8230671438505597
76850.0,76859.8,True,baseload,0.9381889300994919
76855.0,76864.8,True,washing_machine,0.8907273839046966
76860.0,76869.8,True,washing_machine,0.9923685783324669
76865.0,76874.8,True,washing_machine,0.9923685787616441
76870.0,76879.8,True,baseload,0.9381889300994883
76875.0,76884.8,True,baseload,0.9381890946798043
76880.0,76889.8,True,baseload,0.8263589426146242
76885.0,76894.8,True,baseload,0.938188880855202
76890.0,76899.8,True,baseload,0.9381889300994883
76895.0,76904.8,True,baseload,0.8263589426146242
76900.0,76909.8,True,baseload,0.93818900909715
76905.0,76914.8,True,baseload,0.9829701232918663
76910.0,76919.8,True,baseload,0.9829701384822285
76915.0,76924.8,True,baseload,0.9829701161185185
76920.0,76929.8,True,baseload,0.9829701478296572
76925.0,76934.8,True,baseload,0.9381888889743757
76930.0,76939.8,True,baseload,0.9381889300994883
76935.0,76944.8,True,baseload,0.9829701478296572
76940.0,76949.8,True,baseload,0.9829701161185185
76945.0,76954.8,True,baseload,0.9381888889743757
76950.0,76959.8,True,baseload,0.9381889043413755
76955.0,76964.8,True,baseload,0.9831885840828958
76960.0,76969.8,True,washing_machine,0.9699534842019661
76965.0,76974.8,True,washing_machine,0.990593580074487
76970.0,76979.8,True,baseload,0.9381890868610201
76975.0,76984.8,True,washing_machine,0.9699534842019661
76980.0,76989.8,True,washing_machine,0.9999995071991353
76985.0,76994.8,True,washing_machine,0.9999995071991304
76990.0,76999.8,True,washing_machine,0.9999992252239761
76995.0,77004.8,True,baseload,0.9829701161185185
77000.0,77009.8,True,baseload,0.9381888046245545
77005.0,77014.8,True,baseload,0.8230671438505597
77010.0,77019.8,True,baseload,0.9381888889743765
77015.0,77024.8,True,baseload,0.9829701384822283
77020.0,77029.8,True,washing_machine,0.8907269662756546
77025.0,77034.8,True,washing_machine,0.9999994912580702
77030.0,77039.8,True,washing_machine,0.9999992947464547
77035.0,77044.8,True,baseload,0.9829701478296572
77040.0,77049.8,True,baseload,0.9829701478296572
77045.0,77054.8,True,washing_machine,0.9999994327803441
77050.0,77059.8,True,washing_machine,0.999999507199124
77055.0,77064.8,True,washing_machine,0.9699809441984805
77060.0,77069.8,True,washing_machine,0.9704444135081592
77065.0,77074.8,True,baseload,0.93818900909715
77070.0,77079.8,True,baseload,0.9381888889743757
77075.0,77084.8,True,baseload,0.938188880855202
77080.0,77089.8,True,baseload,0.9381890868610212
77085.0,77094.8,True,baseload,0.8263589426146242
77090.0,77099.8,True,baseload,0.8263589426146242
77095.0,77104.8,True,baseload,0.9381891193642289
77100.0,77109.8,True,washing_machine,0.8907273839046964
77105.0,77114.8,True,washing_machine,0.990593580505204
77110.0,77119.8,True,washing_machine,0.8907272351345593
77115.0,77124.8,True,baseload,0.8263589426146242
77120.0,77129.8,True,washing_machine,0.8907273478230484
77125.0,77134.8,True,washing_machine,0.9923684010415922
77130.0,77139.8,True,washing_machine,0.9999992743202438
77135.0,77144.8,True,washing_machine,0.9999995527530814
77140.0,77149.8,True,washing_machine,0.9933703584491733
77145.0,77154.8,True,baseload,0.9381888331180402
77150.0,77159.8,True,baseload,0.9381891193642289
77155.0,77164.8,True,baseload,0.8263589426146242
77160.0,77169.8,True,washing_machine,0.9637573452212995
77165.0,77174.8,True,washing_machine,0.9637573452212995
77170.0,77179.8,True,baseload,0.9376658443154651
77175.0,77184.8,True,baseload,0.9381891193642289
77180.0,77189.8,True,baseload,0.982970147830058
77185.0,77194.8,True,baseload,0.9829701478296572
77190.0,77199.8,True,baseload,0.9381888889743765
77195.0,77204.8,True,baseload,0.9381888889743765
77200.0,77209.8,True,baseload,0.9829701161185185
77205.0,77214.8,True,baseload,0.9829701161185185
77210.0,77219.8,True,baseload,0.9829701384822285
77215.0,77224.8,True,washing_machine,0.9699533705466203
77220.0,77229.8,True,washing_machine,0.9923684010415922
77225.0,77234.8,True,washing_machine,0.8907270124689006
77230.0,77239.8,True,baseload,0.9829701384822285
77235.0,77244.8,True,washing_machine,0.9999991954952827
77240.0,77249.8,True,washing_machine,0.9999992168993761
77245.0,77254.8,True,baseload,0.9829701478296572
77250.0,77259.8,True,baseload,0.9829701478296572
77255.0,77264.8,True,baseload,0.9829701478296572
77260.0,77269.8,True,baseload,0.9829701161185185
77265.0,77274.8,True,baseload,0.9829701232918663
77270.0,77279.8,True,washing_machine,0.8907268008966907
77275.0,77284.8,True,washing_machine,0.9637573472660025
77280.0,77289.8,True,baseload,0.9381891193642289
77285.0,77294.8,True,baseload,0.9829701384822285
77290.0,77299.8,True,baseload,0.9381889223340026
77295.0,77304.8,True,baseload,0.8263589426146242
77300.0,77309.8,True,baseload,0.8263589426146242
77305.0,77314.8,True,baseload,0.9381889300994883
77310.0,77319.8,True,washing_machine,0.8907273839046964
77315.0,77324.8,True,washing_machine,0.9637573436041262
77320.0,77329.8,True,washing_machine,0.9637573472660024
77325.0,77334.8,True,baseload,0.8230671438505597
77330.0,77339.8,True,washing_machine,0.9999995579972218
77335.0,77344.8,True,washing_machine,0.9999992947464544
77340.0,77349.8,True,baseload,0.9829701384822285
77345.0,77354.8,True,baseload,0.9829701384822285
77350.0,77359.8,True,baseload,0.9381888889743757
77355.0,77364.8,True,baseload,0.9381888889743765
77360.0,77369.8,True,baseload,0.9381888808552032
77365.0,77374.8,True,washing_machine,0.990591917169202
77370.0,77379.8,True,washing_machine,0.9923683519554881
77375.0,77384.8,True,washing_machine,0.9699533099323235
77380.0,77389.8,True,baseload,0.9381888268228721
77385.0,77394.8,True,baseload,0.8263589426146242
77390.0,77399.8,True,washing_machine,0.9999992947464547
77395.0,77404.8,True,washing_machine,0.9999995075775736
77400.0,77409.8,True,washing_machine,0.9933703584491735
77405.0,77414.8,True,washing_machine,0.9699534400695716
77410.0,77419.8,True,baseload,0.9829701478296572
77415.0,77424.8,True,baseload,0.9829701478296572
77420.0,77429.8,True,baseload,0.9829701478296572
77425.0,77434.8,True,baseload,0.9829701478296572
77430.0,77439.8,True,washing_machine,0.9999979165090915
77435.0,77444.8,True,washing_machine,0.9999976423686956
77440.0,77449.8,True,washing_machine,0.9999984275308926
77445.0,77454.8,True,baseload,0.8263589426146242
77450.0,77459.8,True,baseload,0.9381891193642324
77455.0,77464.8,True,baseload,0.9381888310457661
77460.0,77469.8,True,baseload,0.9376658443154651
77465.0,77474.8,True,baseload,0.9829701226959113
77470.0,77479.8,True,baseload,0.9381888046245545
77475.0,77484.8,True,baseload,0.8230671438505597
77480.0,77489.8,True,baseload,0.9381888889743765
77485.0,77494.8,True,baseload,0.9381888889743757
77490.0,77499.8,True,baseload,0.9829701226959113
77495.0,77504.8,True,washing_machine,0.9699533099323235
77500.0,77509.8,True,washing_machine,0.9699809440580155
77505.0,77514.8,True,baseload,0.9829701384822285
77510.0,77519.8,True,baseload,0.9829701161185185
77515.0,77524.8,True,baseload,0.9829701161185185
77520.0,77529.8,True,baseload,0.9829701384822283
77525.0,77534.8,True,washing_machine,0.9999984275220122
77530.0,77539.8,True,washing_machine,0.9999983329343238
77535.0,77544.8,True,baseload,0.9829701289259867
77540.0,77549.8,True,baseload,0.9829701424239536
77545.0,77554.8,True,baseload,0.9829701384822283
77550.0,77559.8,True,baseload,0.9829701232918663
77555.0,77564.8,True,baseload,0.9829701478296572
77560.0,77569.8,True,baseload,0.9829701478296572
77565.0,77574.8,True,baseload,0.9381888889743765
77570.0,77579.8,True,washing_machine,0.9637573452212995
77575.0,77584.8,True,washing_machine,0.9923756128361805
77580.0,77589.8,True,baseload,0.8263589426146242
77585.0,77594.8,True,baseload,0.9381888248743292
77590.0,77599.8,True,baseload,0.9829701226959113
77595.0,77604.8,True,baseload,0.9381888889743757
77600.0,77609.8,True,baseload,0.9381888046245545
77605.0,77614.8,True,baseload,0.9829701384822285
77610.0,77619.8,True,baseload,0.9829701384822285
77615.0,77624.8,True,washing_machine,0.8907278572293688
77620.0,77629.8,True,washing_machine,0.9923684493549773
77625.0,77634.8,True,washing_machine,0.9699534059811723
77630.0,77639.8,True,baseload,0.8263589426146242
77635.0,77644.8,True,washing_machine,0.9999992947464502
77640.0,77649.8,True,washing_machine,0.9999995075775736
77645.0,77654.8,True,baseload,0.8263589426146242
77650.0,77659.8,True,baseload,0.9381888046245545
77655.0,77664.8,True,baseload,0.9829701424239536
77660.0,77669.8,True,baseload,0.9829701478296572
77665.0,77674.8,True,baseload,0.9829701477499989
77670.0,77679.8,True,baseload,0.9829701341709511
77675.0,77684.8,True,baseload,0.93818900909715
77680.0,77689.8,True,baseload,0.9376658443154651
77685.0,77694.8,True,baseload,0.9381888889743765
77690.0,77699.8,True,baseload,0.9829701478296572
77695.0,77704.8,True,baseload,0.9831885788227057
77700.0,77709.8,True,washing_machine,0.8907269332890604
77705.0,77714.8,True,washing_machine,0.9637573472660025
77710.0,77719.8,True,baseload,0.9381888310457661
77715.0,77724.8,True,baseload,0.8230931479113665
77720.0,77729.8,True,baseload,0.938189090290772
77725.0,77734.8,True,baseload,0.9381889300994883
77730.0,77739.8,True,baseload,0.8230931484674866
77735.0,77744.8,True,ev,0.9999883216809042
77740.0,77749.8,True,ev,0.9999986724648635
77745.0,77754.8,True,ev,0.999999309040847
77750.0,77759.8,True,ev,0.999999309040847
77755.0,77764.8,True,ev,0.999999309040847
77760.0,77769.8,True,ev,0.9999993090408472
77765.0,77774.8,True,ev,0.9999993090408472
77770.0,77779.8,True,ev,0.9999993090408472
77775.0,77784.8,True,ev,0.9999993090408472
77780.0,77789.8,True,ev,0.9999993090616712
77785.0,77794.8,True,ev,0.9999993090617112
77790.0,77799.8,True,ev,0.9999993090616512
77795.0,77804.8,True,ev,0.9999993090408472
77800.0,77809.8,True,ev,0.999999309040847
77805.0,77814.8,True,ev,0.999999309040847
77810.0,77819.8,True,ev,0.999999309040847
77815.0,77824.8,True,ev,0.999999309040847
77820.0,77829.8,True,ev,0.9999993090408472
77825.0,77834.8,True,ev,0.9999993090408832
77830.0,77839.8,True,ev,0.999999309040847
77835.0,77844.8,True,ev,0.9999993090408472
77840.0,77849.8,True,ev,0.9999993027613682
77845.0,77854.8,True,ev,0.999999302761368
77850.0,77859.8,True,ev,0.999999302761368
77855.0,77864.8,True,ev,0.9999993027613682
77860.0,77869.8,True,ev,0.9999993027613682
77865.0,77874.8,True,ev,0.9999993027613682
77870.0,77879.8,True,ev,0.9999993027613682
77875.0,77884.8,True,ev,0.9999993027613682
77880.0,77889.8,True,ev,0.9999993027613682
77885.0,77894.8,True,ev,0.9999993027602548
77890.0,77899.8,True,ev,0.999999302761368
77895.0,77904.8,True,ev,0.999999309040847
77900.0,77909.8,True,ev,0.999999309040847
77905.0,77914.8,True,ev,0.9999993090408472
77910.0,77919.8,True,ev,0.9999993090408832
77915.0,77924.8,True,ev,0.9999993090408472
77920.0,77929.8,True,ev,0.999999309040847
77925.0,77934.8,True,ev,0.9999993090398618
77930.0,77939.8,True,ev,0.999999309039806
77935.0,77944.8,True,ev,0.9999993090408472
77940.0,77949.8,True,ev,0.9999993090408472
77945.0,77954.8,True,ev,0.9999993076485061
77950.0,77959.8,True,ev,0.999999309040847
77955.0,77964.8,True,ev,0.999999309040847
77960.0,77969.8,True,ev,0.9999993090616397
77965.0,77974.8,True,ev,0.9999993090616399
77970.0,77979.8,True,ev,0.999999309040847
77975.0,77984.8,True,ev,0.999999309040847
77980.0,77989.8,True,ev,0.9999993090408472
77985.0,77994.8,True,ev,0.9999993090408843
77990.0,77999.8,True,ev,0.9999993090408843
77995.0,78004.8,True,ev,0.9999993090408472
78000.0,78009.8,True,ev,0.9999993090408472
78005.0,78014.8,True,ev,0.9999993090408472
78010.0,78019.8,True,ev,0.9999993090408841
78015.0,78024.8,True,ev,0.9999993090408843
78020.0,78029.8,True,ev,0.9999993090408472
78025.0,78034.8,True,ev,0.999999309040847
78030.0,78039.8,True,ev,0.9999993090408472
78035.0,78044.8,True,ev,0.9999993090408472
78040.0,78049.8,True,ev,0.9999993090408832
78045.0,78054.8,True,ev,0.9999993090408832
78050.0,78059.8,True,ev,0.9999993090408472
78055.0,78064.8,True,ev,0.999999309040847
78060.0,78069.8,True,ev,0.999999309040847
78065.0,78074.8,True,ev,0.999999309040847
78070.0,78079.8,True,ev,0.999999309040847
78075.0,78084.8,True,ev,0.999999309040847
78080.0,78089.8,True,ev,0.999999302761368
78085.0,78094.8,True,ev,0.999999302761368
78090.0,78099.8,True,ev,0.999999302761368
78095.0,78104.8,True,ev,0.999999302761368
78100.0,78109.8,True,ev,0.9999993027613682
78105.0,78114.8,True,ev,0.9999993090408472
78110.0,78119.8,True,ev,0.9999993090408472
78115.0,78124.8,True,ev,0.9999993090408472
78120.0,78129.8,True,ev,0.9999993090408472
78125.0,78134.8,True,ev,0.9999993090408472
78130.0,78139.8,True,ev,0.9999993090408472
78135.0,78144.8,True,ev,0.9999993090397024
78140.0,78149.8,True,ev,0.9999993090398207
78145.0,78154.8,True,ev,0.999999309040847
78150.0,78159.8,True,ev,0.999999309040847
78155.0,78164.8,True,ev,0.999999309040847
78160.0,78169.8,True,ev,0.999999309040847
78165.0,78174.8,True,ev,0.999999309040847
78170.0,78179.8,True,ev,0.999999309040847
78175.0,78184.8,True,ev,0.9999993090399388
78180.0,78189.8,True,ev,0.999999309039743
78185.0,78194.8,True,ev,0.9999993090397024
78190.0,78199.8,True,ev,0.9999993090408472
78195.0,78204.8,True,ev,0.9999993090408472
78200.0,78209.8,True,ev,0.9999993090616455
78205.0,78214.8,True,ev,0.9999993090616512
78210.0,78219.8,True,ev,0.9999993090408472
78215.0,78224.8,True,ev,0.999999309040847
78220.0,78229.8,True,ev,0.999999309040847
78225.0,78234.8,True,ev,0.999999309040847
78230.0,78239.8,True,ev,0.9999993090397024
78235.0,78244.8,True,ev,0.999999309040847
78240.0,78249.8,True,ev,0.999999309040847
78245.0,78254.8,True,ev,0.9999993090408472
78250.0,78259.8,True,ev,0.9999993090408472
78255.0,78264.8,True,ev,0.9999993090408472
78260.0,78269.8,True,ev,0.9999993090408472
78265.0,78274.8,True,ev,0.9999993090408472
78270.0,78279.8,True,ev,0.9999993090408472
78275.0,78284.8,True,ev,0.9999993090408472
78280.0,78289.8,True,ev,0.999999302761368
78285.0,78294.8,True,ev,0.999999302761368
78290.0,78299.8,True,ev,0.999999302761368
78295.0,78304.8,True,ev,0.999999302761368
78300.0,78309.8,True,ev,0.999999302761368
78305.0,78314.8,True,ev,0.999999302761368
78310.0,78319.8,True,ev,0.999999302761368
78315.0,78324.8,True,ev,0.999999302761368
78320.0,78329.8,True,ev,0.999999302761368
78325.0,78334.8,True,ev,0.9999993027613682
78330.0,78339.8,True,ev,0.9999993027613684
78335.0,78344.8,True,ev,0.9999993027613682
78340.0,78349.8,True,ev,0.999999302761368
78345.0,78354.8,True,ev,0.9999993027613682
78350.0,78359.8,True,ev,0.9999993027613682
78355.0,78364.8,True,ev,0.999999302761405
78360.0,78369.8,True,ev,0.9999993027614059
78365.0,78374.8,True,ev,0.9999993027613682
78370.0,78379.8,True,ev,0.999999302761368
78375.0,78384.8,True,ev,0.999999302761368
78380.0,78389.8,True,ev,0.9999993027822714
78385.0,78394.8,True,ev,0.9999993027822774
78390.0,78399.8,True,ev,0.9999993027822597
78395.0,78404.8,True,ev,0.9999993027613682
78400.0,78409.8,True,ev,0.9999993027614059
78405.0,78414.8,True,ev,0.9999993027822794
78410.0,78419.8,True,ev,0.9999993027822601
78415.0,78424.8,True,ev,0.9999993027613684
78420.0,78429.8,True,ev,0.999999302761368
78425.0,78434.8,True,ev,0.9999993027613682
78430.0,78439.8,True,ev,0.9999993027613682
78435.0,78444.8,True,ev,0.999999302761368
78440.0,78449.8,True,ev,0.999999302761368
78445.0,78454.8,True,ev,0.999999302761368
78450.0,78459.8,True,ev,0.999999302761368
78455.0,78464.8,True,ev,0.999999302761368
78460.0,78469.8,True,ev,0.999999302761368
78465.0,78474.8,True,ev,0.9999993027823059
78470.0,78479.8,True,ev,0.9999993027822985
78475.0,78484.8,True,ev,0.999999302761368
78480.0,78489.8,True,ev,0.999999302761368
78485.0,78494.8,True,ev,0.999999302761368
78490.0,78499.8,True,ev,0.9999993027819788
78495.0,78504.8,True,ev,0.9999993027819788
78500.0,78509.8,True,ev,0.9999993027822597
78505.0,78514.8,True,ev,0.999999302761368
78510.0,78519.8,True,ev,0.999999302761368
78515.0,78524.8,True,ev,0.999999302761368
78520.0,78529.8,True,ev,0.9999993027613682
78525.0,78534.8,True,ev,0.999999302761368
78530.0,78539.8,True,ev,0.999999302761368
78535.0,78544.8,True,ev,0.999999302761368
78540.0,78549.8,True,ev,0.999999302761368
78545.0,78554.8,True,ev,0.999999302761368
78550.0,78559.8,True,ev,0.9999993027613682
78555.0,78564.8,True,ev,0.9999993027613682
78560.0,78569.8,True,ev,0.999999302761368
78565.0,78574.8,True,ev,0.999999302761368
78570.0,78579.8,True,ev,0.999999302761368
78575.0,78584.8,True,ev,0.9999993027613682
78580.0,78589.8,True,ev,0.999999302761368
78585.0,78594.8,True,ev,0.9999993027604966
78590.0,78599.8,True,ev,0.9999993027602107
78595.0,78604.8,True,ev,0.9999993027602107
78600.0,78609.8,True,ev,0.9999993027613682
78605.0,78614.8,True,ev,0.9999993027613682
78610.0,78619.8,True,ev,0.999999302761368
78615.0,78624.8,True,ev,0.999999302761368
78620.0,78629.8,True,ev,0.999999302761368
78625.0,78634.8,True,ev,0.999999302761368
78630.0,78639.8,True,ev,0.999999302760218
78635.0,78644.8,True,ev,0.9999993027602107
78640.0,78649.8,True,ev,0.999999302761368
78645.0,78654.8,True,ev,0.999999302761368
78650.0,78659.8,True,ev,0.999999302761368
78655.0,78664.8,True,ev,0.999999302761368
78660.0,78669.8,True,ev,0.999999302761368
78665.0,78674.8,True,ev,0.999999302761368
78670.0,78679.8,True,ev,0.9999993027613682
78675.0,78684.8,True,ev,0.9999993027613682
78680.0,78689.8,True,ev,0.999999302761368
78685.0,78694.8,True,ev,0.9999993027613682
78690.0,78699.8,True,ev,0.9999993027613682
78695.0,78704.8,True,ev,0.9999993027613682
78700.0,78709.8,True,ev,0.9999993027613682
78705.0,78714.8,True,ev,0.999999302760252
78710.0,78719.8,True,ev,0.999999302761368
78715.0,78724.8,True,ev,0.9999993027613682
78720.0,78729.8,True,ev,0.999999302761368
78725.0,78734.8,True,ev,0.999999302761368
78730.0,78739.8,True,ev,0.999999302761368
78735.0,78744.8,True,ev,0.9999993027613682
78740.0,78749.8,True,ev,0.9999993027613682
78745.0,78754.8,True,ev,0.9999993027613684
78750.0,78759.8,True,ev,0.999999302761405
78755.0,78764.8,True,ev,0.9999993027822985
78760.0,78769.8,True,ev,0.9999993027822992
78765.0,78774.8,True,ev,0.9999993027822599
78770.0,78779.8,True,ev,0.9999993027602033
78775.0,78784.8,True,ev,0.999999302761368
78780.0,78789.8,True,ev,0.9999993027822657
78785.0,78794.8,True,ev,0.9999993027822774
78790.0,78799.8,True,ev,0.9999993027614059
78795.0,78804.8,True,ev,0.999999302761368
78800.0,78809.8,True,ev,0.999999302761368
78805.0,78814.8,True,ev,0.999999302761368
78810.0,78819.8,True,ev,0.999999302761368
78815.0,78824.8,True,ev,0.999999302761368
78820.0,78829.8,True,ev,0.999999302761368
78825.0,78834.8,True,ev,0.999999302761368
78830.0,78839.8,True,ev,0.999999302761405
78835.0,78844.8,True,ev,0.9999993027822777
78840.0,78849.8,True,ev,0.9999993090616572
78845.0,78854.8,True,ev,0.9999993076485061
78850.0,78859.8,True,ev,0.9999993090397024
78855.0,78864.8,True,ev,0.999999309040847
78860.0,78869.8,True,ev,0.999999309040847
78865.0,78874.8,True,ev,0.999999309040847
78870.0,78879.8,True,ev,0.9999993090408472
78875.0,78884.8,True,ev,0.9999993090408472
78880.0,78889.8,True,ev,0.9999993090397024
78885.0,78894.8,True,ev,0.999999309040847
78890.0,78899.8,True,ev,0.999999302761368
78895.0,78904.8,True,ev,0.9999993027602107
78900.0,78909.8,True,ev,0.999999302761368
78905.0,78914.8,True,ev,0.999999302761368
78910.0,78919.8,True,ev,0.999999302761368
78915.0,78924.8,True,ev,0.999999309040847
78920.0,78929.8,True,ev,0.9999993090408472
78925.0,78934.8,True,ev,0.9999993090408472
78930.0,78939.8,True,ev,0.9999993090408472
78935.0,78944.8,True,ev,0.9999993090408472
78940.0,78949.8,True,ev,0.999999309040847
78945.0,78954.8,True,ev,0.999999309040847
78950.0,78959.8,True,ev,0.9999991711317475
78955.0,78964.8,True,ev,0.9999991620851609
78960.0,78969.8,True,ev,0.9999993024810006
78965.0,78974.8,True,ev,0.9999993024810181
78970.0,78979.8,True,ev,0.9999993024810006
78975.0,78984.8,True,ev,0.9999993024600918
78980.0,78989.8,True,ev,0.9999993024600918
78985.0,78994.8,True,ev,0.9999993024600918
78990.0,78999.8,True,ev,0.9999993024600918
78995.0,79004.8,True,ev,0.9999993024600918
79000.0,79009.8,True,ev,0.9999993024600918
79005.0,79014.8,True,ev,0.9999993024600918
79010.0,79019.8,True,ev,0.999999301065414
79015.0,79024.8,True,ev,0.999999302460092
79020.0,79029.8,True,ev,0.999999302460092
79025.0,79034.8,True,ev,0.9999993024600918
79030.0,79039.8,True,ev,0.9999993024600918
79035.0,79044.8,True,ev,0.9999993024601289
79040.0,79049.8,True,ev,0.9999993024601289
79045.0,79054.8,True,ev,0.999999302460092
79050.0,79059.8,True,ev,0.9999993024600918
79055.0,79064.8,True,ev,0.9999993024600918
79060.0,79069.8,True,ev,0.9999993024600918
79065.0,79074.8,True,ev,0.9999993024600918
79070.0,79079.8,True,ev,0.9999993024600918
79075.0,79084.8,True,ev,0.9999993024600918
79080.0,79089.8,True,ev,0.9999993024600918
79085.0,79094.8,True,ev,0.9999993024600918
79090.0,79099.8,True,ev,0.9999993024600918
79095.0,79104.8,True,ev,0.9999993024600918
79100.0,79109.8,True,ev,0.9999993024810006
79105.0,79114.8,True,ev,0.9999993024810121
79110.0,79119.8,True,ev,0.9999993024810006
79115.0,79124.8,True,ev,0.9999993024600923
79120.0,79129.8,True,ev,0.9999993024600923
79125.0,79134.8,True,ev,0.9999993024810181
79130.0,79139.8,True,ev,0.9999993024810121
79135.0,79144.8,True,ev,0.9999993024600918
79140.0,79149.8,True,ev,0.999999301065414
79145.0,79154.8,True,ev,0.9999993024589319
79150.0,79159.8,True,ev,0.9999993024600918
79155.0,79164.8,True,ev,0.9999993024810261
79160.0,79169.8,True,ev,0.9999993024810063
79165.0,79174.8,True,ev,0.9999993024810121
79170.0,79179.8,True,ev,0.999999302481001
79175.0,79184.8,True,ev,0.999999302460092
79180.0,79189.8,True,ev,0.9999993024600918
79185.0,79194.8,True,ev,0.9999993024600918
79190.0,79199.8,True,ev,0.9999993024600918
79195.0,79204.8,True,ev,0.9999993024600918
79200.0,79209.8,True,ev,0.9999993024600918
79205.0,79214.8,True,ev,0.9999993024600918
79210.0,79219.8,True,ev,0.999999302460092
79215.0,79224.8,True,ev,0.999999302460092
79220.0,79229.8,True,ev,0.99999930246013
79225.0,79234.8,True,ev,0.9999993024601298
79230.0,79239.8,True,ev,0.9999993024600918
79235.0,79244.8,True,ev,0.999999302460092
79240.0,79249.8,True,ev,0.999999302460092
79245.0,79254.8,True,ev,0.9999993024600918
79250.0,79259.8,True,ev,0.999999301065414
79255.0,79264.8,True,ev,0.9999993024600918
79260.0,79269.8,True,ev,0.9999993024600918
79265.0,79274.8,True,ev,0.9999993024810121
79270.0,79279.8,True,ev,0.9999993024810181
79275.0,79284.8,True,ev,0.999999301065414
79280.0,79289.8,True,ev,0.9999993087427641
79285.0,79294.8,True,ev,0.9999993024600918
79290.0,79299.8,True,ev,0.9999993024590196
79295.0,79304.8,True,ev,0.9999993073504224
79300.0,79309.8,True,ev,0.9999993024589319
79305.0,79314.8,True,ev,0.9999993087416166
79310.0,79319.8,True,ev,0.9999993087416166
79315.0,79324.8,True,ev,0.9999993087416574
79320.0,79329.8,True,ev,0.9999993087427641
79325.0,79334.8,True,ev,0.9999993087427641
79330.0,79339.8,True,ev,0.9999993087427643
79335.0,79344.8,True,ev,0.9999993087427641
79340.0,79349.8,True,ev,0.9999993087636123
79345.0,79354.8,True,ev,0.999999308763605
79350.0,79359.8,True,ev,0.9999993087635737
79355.0,79364.8,True,ev,0.999999308763573
79360.0,79369.8,True,ev,0.9999993073504202
79365.0,79374.8,True,ev,0.9999993087427641
79370.0,79379.8,True,ev,0.9999993087427641
79375.0,79384.8,True,ev,0.999999308763591
79380.0,79389.8,True,ev,0.9999993087636114
79385.0,79394.8,True,ev,0.9999993087428012
79390.0,79399.8,True,ev,0.9999993087427641
79395.0,79404.8,True,ev,0.9999993073504202
79400.0,79409.8,True,ev,0.9999993087427641
79405.0,79414.8,True,ev,0.9999993087427641
79410.0,79419.8,True,ev,0.9999993087427641
79415.0,79424.8,True,ev,0.9999993087427641
79420.0,79429.8,True,ev,0.9999993087427641
79425.0,79434.8,True,ev,0.9999993087427641
79430.0,79439.8,True,ev,0.9999993087427641
79435.0,79444.8,True,ev,0.9999993087427641
79440.0,79449.8,True,ev,0.9999993087427641
79445.0,79454.8,True,ev,0.9999993087427641
79450.0,79459.8,True,ev,0.9999993087427641
79455.0,79464.8,True,ev,0.9999993087427641
79460.0,79469.8,True,ev,0.9999993087427641
79465.0,79474.8,True,ev,0.9999993087427641
79470.0,79479.8,True,ev,0.9999993087427641
79475.0,79484.8,True,ev,0.9999993087427641
79480.0,79489.8,True,ev,0.9999993087427641
79485.0,79494.8,True,ev,0.999999308763579
79490.0,79499.8,True,ev,0.9999993087635848
79495.0,79504.8,True,ev,0.9999993087428014
79500.0,79509.8,True,ev,0.9999993087427641
79505.0,79514.8,True,ev,0.9999993073504224
79510.0,79519.8,True,ev,0.9999993087427641
79515.0,79524.8,True,ev,0.9999993087427643
79520.0,79529.8,True,ev,0.9999993087427643
79525.0,79534.8,True,ev,0.9999993087427641
79530.0,79539.8,True,ev,0.999999308763591
79535.0,79544.8,True,ev,0.999999308763591
79540.0,79549.8,True,ev,0.9999993087427641
79545.0,79554.8,True,ev,0.9999993087427641
79550.0,79559.8,True,ev,0.9999993087416166
79555.0,79564.8,True,ev,0.9999993087416166
79560.0,79569.8,True,ev,0.9999993087427641
79565.0,79574.8,True,ev,0.9999993087427641
79570.0,79579.8,True,ev,0.9999993087427641
79575.0,79584.8,True,ev,0.9999993087427641
79580.0,79589.8,True,ev,0.9999993087427641
79585.0,79594.8,True,ev,0.9999993087427641
79590.0,79599.8,True,ev,0.9999993087427641
79595.0,79604.8,True,ev,0.999999308763591
79600.0,79609.8,True,ev,0.999999308763591
79605.0,79614.8,True,ev,0.9999993087416577
79610.0,79619.8,True,ev,0.9999993087416239
79615.0,79624.8,True,ev,0.9999993087427641
79620.0,79629.8,True,ev,0.9999993087427641
79625.0,79634.8,True,ev,0.9999993087427641
79630.0,79639.8,True,ev,0.9999993087427641
79635.0,79644.8,True,ev,0.9999993087427641
79640.0,79649.8,True,ev,0.9999993087427641
79645.0,79654.8,True,ev,0.9999993087427641
79650.0,79659.8,True,ev,0.9999993087427641
79655.0,79664.8,True,ev,0.999999261024609
79660.0,79669.8,True,ev,0.9999991711680958
79665.0,79674.8,True,ev,0.999999309040847
79670.0,79679.8,True,ev,0.9999993090397095
79675.0,79684.8,True,ev,0.9999993090397095
79680.0,79689.8,True,ev,0.9999993090398207
79685.0,79694.8,True,ev,0.9999993090397024
79690.0,79699.8,True,ev,0.999999309040847
79695.0,79704.8,True,ev,0.9999993090408472
79700.0,79709.8,True,ev,0.9999993090408472
79705.0,79714.8,True,ev,0.999999309040847
79710.0,79719.8,True,ev,0.9999993090398516
79715.0,79724.8,True,ev,0.999999309040847
79720.0,79729.8,True,ev,0.9999993090408472
79725.0,79734.8,True,ev,0.9999993090408472
79730.0,79739.8,True,ev,0.999999309040847
79735.0,79744.8,True,ev,0.9999993090397923
79740.0,79749.8,True,ev,0.999999309040847
79745.0,79754.8,True,ev,0.9999993090408472
79750.0,79759.8,True,ev,0.9999993090616397
79755.0,79764.8,True,ev,0.9999993090616572
79760.0,79769.8,True,ev,0.9999993090616455
79765.0,79774.8,True,ev,0.9999993090616455
79770.0,79779.8,True,ev,0.9999993090616515
79775.0,79784.8,True,ev,0.999999309040847
79780.0,79789.8,True,ev,0.999999309040847
79785.0,79794.8,True,ev,0.999999309040847
79790.0,79799.8,True,ev,0.999999309040847
79795.0,79804.8,True,ev,0.9999993090408472
79800.0,79809.8,True,ev,0.999999309040847
79805.0,79814.8,True,ev,0.999999309040847
79810.0,79819.8,True,ev,0.999999309040847
79815.0,79824.8,True,ev,0.9999993090616572
79820.0,79829.8,True,ev,0.9999993090616572
79825.0,79834.8,True,ev,0.999999309040847
79830.0,79839.8,True,ev,0.999999309040847
79835.0,79844.8,True,ev,0.999999309040847
79840.0,79849.8,True,ev,0.999999309040847
79845.0,79854.8,True,ev,0.999999309039806
79850.0,79859.8,True,ev,0.9999993090397024
79855.0,79864.8,True,ev,0.9999993090616572
79860.0,79869.8,True,ev,0.9999993090616515
79865.0,79874.8,True,ev,0.999999309040847
79870.0,79879.8,True,ev,0.9999993076485061
79875.0,79884.8,True,ev,0.999999309040847
79880.0,79889.8,True,ev,0.999999309040847
79885.0,79894.8,True,ev,0.999999309040847
79890.0,79899.8,True,ev,0.9999993090408472
79895.0,79904.8,True,ev,0.9999993090408472
79900.0,79909.8,True,ev,0.999999309040847
79905.0,79914.8,True,ev,0.9999993090408832
79910.0,79919.8,True,ev,0.9999993090408832
79915.0,79924.8,True,ev,0.999999309040847
79920.0,79929.8,True,ev,0.999999309040847
79925.0,79934.8,True,ev,0.999999309040847
79930.0,79939.8,True,ev,0.999999309040847
79935.0,79944.8,True,ev,0.999999309040847
79940.0,79949.8,True,ev,0.9999993090397048
79945.0,79954.8,True,ev,0.999999309040847
79950.0,79959.8,True,ev,0.999999309040847
79955.0,79964.8,True,ev,0.9999993090616572
79960.0,79969.8,True,ev,0.9999993090616572
79965.0,79974.8,True,ev,0.999999309040847
79970.0,79979.8,True,ev,0.999999309040847
79975.0,79984.8,True,ev,0.999999309040847
79980.0,79989.8,True,ev,0.9999993076485061
79985.0,79994.8,True,ev,0.9999993076485061
79990.0,79999.8,True,ev,0.9999993090397048
79995.0,80004.8,True,ev,0.999999309040847
80000.0,80009.8,True,ev,0.999999309040847
80005.0,80014.8,True,ev,0.9999993090408472
80010.0,80019.8,True,ev,0.999999309040847
80015.0,80024.8,True,ev,0.9999993076485061
80020.0,80029.8,True,ev,0.9999993090397024
80025.0,80034.8,True,ev,0.9999993076485061
80030.0,80039.8,True,ev,0.999999309040847
80035.0,80044.8,True,ev,0.999999309040847
80040.0,80049.8,True,ev,0.9999993090408472
80045.0,80054.8,True,ev,0.999999309040847
80050.0,80059.8,True,ev,0.999999309040847
80055.0,80064.8,True,ev,0.9999993090397454
80060.0,80069.8,True,ev,0.9999993090399188
80065.0,80074.8,True,ev,0.9999993090397024
80070.0,80079.8,True,ev,0.99999930903981
80075.0,80084.8,True,ev,0.999999309040847
80080.0,80089.8,True,ev,0.999999309040847
80085.0,80094.8,True,ev,0.999999309040847
80090.0,80099.8,True,ev,0.999999309040847
80095.0,80104.8,True,ev,0.999999309040847
80100.0,80109.8,True,ev,0.999999309040847
80105.0,80114.8,True,ev,0.999999309040847
80110.0,80119.8,True,ev,0.9999993090408472
80115.0,80124.8,True,ev,0.999999309040847
80120.0,80129.8,True,ev,0.999999302761368
80125.0,80134.8,True,ev,0.999999302761368
80130.0,80139.8,True,ev,0.9999993027604134
80135.0,80144.8,True,ev,0.9999993027602939
80140.0,80149.8,True,ev,0.9999993013666928
80145.0,80154.8,True,ev,0.9999993027822985
80150.0,80159.8,True,ev,0.9999993027822857
80155.0,80164.8,True,ev,0.9999993027822597
80160.0,80169.8,True,ev,0.9999993027604516
80165.0,80174.8,True,ev,0.999999302761368
80170.0,80179.8,True,ev,0.999999302761368
80175.0,80184.8,True,ev,0.9999993027822777
80180.0,80189.8,True,ev,0.9999993027822777
80185.0,80194.8,True,ev,0.9999993027613682
80190.0,80199.8,True,ev,0.999999302761368
80195.0,80204.8,True,ev,0.999999302761368
80200.0,80209.8,True,ev,0.999999302761368
80205.0,80214.8,True,ev,0.999999302761368
80210.0,80219.8,True,ev,0.999999302761368
80215.0,80224.8,True,ev,0.999999302761368
80220.0,80229.8,True,ev,0.999999302761368
80225.0,80234.8,True,ev,0.999999302761368
80230.0,80239.8,True,ev,0.9999993027602107
80235.0,80244.8,True,ev,0.9999993013666928
80240.0,80249.8,True,ev,0.9999993013666928
80245.0,80254.8,True,ev,0.9999993013666928
80250.0,80259.8,True,ev,0.9999993027602033
80255.0,80264.8,True,ev,0.999999302761368
80260.0,80269.8,True,ev,0.999999302761368
80265.0,80274.8,True,ev,0.999999302761368
80270.0,80279.8,True,ev,0.9999993027602107
80275.0,80284.8,True,ev,0.999999302760363
80280.0,80289.8,True,ev,0.9999993027604966
80285.0,80294.8,True,ev,0.9999993027603066
80290.0,80299.8,True,ev,0.9999993027613684
80295.0,80304.8,True,ev,0.999999302761405
80300.0,80309.8,True,ev,0.999999302761368
80305.0,80314.8,True,ev,0.999999302761368
80310.0,80319.8,True,ev,0.9999993027613682
80315.0,80324.8,True,ev,0.999999302761405
80320.0,80329.8,True,ev,0.9999993027822599
80325.0,80334.8,True,ev,0.9999993027822794
80330.0,80339.8,True,ev,0.9999993027822657
80335.0,80344.8,True,ev,0.999999302761368
80340.0,80349.8,True,ev,0.9999993027613682
80345.0,80354.8,True,ev,0.999999302761368
80350.0,80359.8,True,ev,0.999999302761368
80355.0,80364.8,True,ev,0.999999302761368
80360.0,80369.8,True,ev,0.999999302761368
80365.0,80374.8,True,ev,0.999999302761368
80370.0,80379.8,True,ev,0.999999302761368
80375.0,80384.8,True,ev,0.999999302761368
80380.0,80389.8,True,ev,0.9999993027822714
80385.0,80394.8,True,ev,0.9999993027822714
80390.0,80399.8,True,ev,0.999999302761368
80395.0,80404.8,True,ev,0.9999993027603203
80400.0,80409.8,True,ev,0.9999993027613682
80405.0,80414.8,True,ev,0.9999993027613682
80410.0,80419.8,True,ev,0.999999302761368
80415.0,80424.8,True,ev,0.999999302761368
80420.0,80429.8,True,ev,0.999999302761368
80425.0,80434.8,True,ev,0.999999302760363
80430.0,80439.8,True,ev,0.9999993027602033
80435.0,80444.8,True,ev,0.9999993027602107
80440.0,80449.8,True,ev,0.9999993027602981
80445.0,80454.8,True,ev,0.9999993027604134
80450.0,80459.8,True,ev,0.9999993027603732
80455.0,80464.8,True,ev,0.9999993027602981
80460.0,80469.8,True,ev,0.999999302761368
80465.0,80474.8,True,ev,0.999999302761368
80470.0,80479.8,True,ev,0.999999302761368
80475.0,80484.8,True,ev,0.9999993013666928
80480.0,80489.8,True,ev,0.9999993013666928
80485.0,80494.8,True,ev,0.999999302761368
80490.0,80499.8,True,ev,0.999999302761368
80495.0,80504.8,True,ev,0.999999302761368
80500.0,80509.8,True,ev,0.9999993027613682
80505.0,80514.8,True,ev,0.9999993027613682
80510.0,80519.8,True,ev,0.9999993027603203
80515.0,80524.8,True,ev,0.9999993027604753
80520.0,80529.8,True,ev,0.999999302761368
80525.0,80534.8,True,ev,0.999999302761368
80530.0,80539.8,True,ev,0.9999993027603732
80535.0,80544.8,True,ev,0.999999302761368
80540.0,80549.8,True,ev,0.999999302761368
80545.0,80554.8,True,ev,0.999999302761368
80550.0,80559.8,True,ev,0.999999302761368
80555.0,80564.8,True,ev,0.999999302761368
80560.0,80569.8,True,ev,0.999999309039743
80565.0,80574.8,True,ev,0.999999309040847
80570.0,80579.8,True,ev,0.9999993090408843
80575.0,80584.8,True,ev,0.9999993090408843
80580.0,80589.8,True,ev,0.9999993090408472
80585.0,80594.8,True,ev,0.999999309040847
80590.0,80599.8,True,ev,0.999999309040847
80595.0,80604.8,True,ev,0.999999309040847
80600.0,80609.8,True,ev,0.999999309040847
80605.0,80614.8,True,ev,0.999999309040847
80610.0,80619.8,True,ev,0.999999302761368
80615.0,80624.8,True,ev,0.999999302761368
80620.0,80629.8,True,ev,0.999999302761368
80625.0,80634.8,True,ev,0.999999302761368
80630.0,80639.8,True,ev,0.999999302761368
80635.0,80644.8,True,ev,0.999999302761368
80640.0,80649.8,True,ev,0.999999302761368
80645.0,80654.8,True,ev,0.999999302761368
80650.0,80659.8,True,ev,0.999999302761368
80655.0,80664.8,True,ev,0.999999302761368
80660.0,80669.8,True,ev,0.999999302761368
80665.0,80674.8,True,ev,0.999999302761368
80670.0,80679.8,True,ev,0.9999993027602107
80675.0,80684.8,True,ev,0.9999993027613682
80680.0,80689.8,True,ev,0.999999302761368
80685.0,80694.8,True,ev,0.999999302761368
80690.0,80699.8,True,ev,0.9999993027602107
80695.0,80704.8,True,ev,0.999999302760218
80700.0,80709.8,True,ev,0.999999302761368
80705.0,80714.8,True,ev,0.9999993027613682
80710.0,80719.8,True,ev,0.9999993027613682
80715.0,80724.8,True,ev,0.9999993027613684
80720.0,80729.8,True,ev,0.999999302761405
80725.0,80734.8,True,ev,0.999999302761368
80730.0,80739.8,True,ev,0.9999993027604966
80735.0,80744.8,True,ev,0.9999993027604966
80740.0,80749.8,True,ev,0.999999302760363
80745.0,80754.8,True,ev,0.999999302760218
80750.0,80759.8,True,ev,0.999999302761368
80755.0,80764.8,True,ev,0.9999993027613682
80760.0,80769.8,True,ev,0.9999993027613682
80765.0,80774.8,True,ev,0.999999302761368
80770.0,80779.8,True,ev,0.9999993027604753
80775.0,80784.8,True,ev,0.9999993027603066
80780.0,80789.8,True,ev,0.9999993027603379
80785.0,80794.8,True,ev,0.999999302761405
80790.0,80799.8,True,ev,0.9999993027822597
80795.0,80804.8,True,ev,0.9999993027614059
80800.0,80809.8,True,ev,0.999999302761368
80805.0,80814.8,True,ev,0.999999302761368
80810.0,80819.8,True,ev,0.9999993027614061
80815.0,80824.8,True,ev,0.9999993027614059
80820.0,80829.8,True,ev,0.9999993027613682
80825.0,80834.8,True,ev,0.9999993090408472
80830.0,80839.8,True,ev,0.999999309039695
80835.0,80844.8,True,ev,0.9999993090397024
80840.0,80849.8,True,ev,0.999999309040847
80845.0,80854.8,True,ev,0.9999993090616395
80850.0,80859.8,True,ev,0.9999993090408843
80855.0,80864.8,True,ev,0.999999309040847
80860.0,80869.8,True,ev,0.999999309040847
80865.0,80874.8,True,ev,0.999999309040847
80870.0,80879.8,True,ev,0.999999309040847
80875.0,80884.8,True,ev,0.9999993090408472
80880.0,80889.8,True,ev,0.9999993090408472
80885.0,80894.8,True,ev,0.9999993090408843
80890.0,80899.8,True,ev,0.9999993090408843
80895.0,80904.8,True,ev,0.999999309040847
80900.0,80909.8,True,ev,0.999999309040847
80905.0,80914.8,True,ev,0.999999309040847
80910.0,80919.8,True,ev,0.999999309040847
80915.0,80924.8,True,ev,0.9999993090408472
80920.0,80929.8,True,ev,0.9999993090408472
80925.0,80934.8,True,ev,0.999999309040847
80930.0,80939.8,True,ev,0.9999993090408843
80935.0,80944.8,True,ev,0.9999993027822992
80940.0,80949.8,True,ev,0.9999993027822985
80945.0,80954.8,True,ev,0.999999302761368
80950.0,80959.8,True,ev,0.999999302761368
80955.0,80964.8,True,ev,0.999999302761368
80960.0,80969.8,True,ev,0.9999993027602107
80965.0,80974.8,True,ev,0.9999993027602107
80970.0,80979.8,True,ev,0.9999993027613682
80975.0,80984.8,True,ev,0.9999993027613682
80980.0,80989.8,True,ev,0.9999993013666928
80985.0,80994.8,True,ev,0.9999993027603021
80990.0,80999.8,True,ev,0.999999302760363
80995.0,81004.8,True,ev,0.9999993027613682
81000.0,81009.8,True,ev,0.9999993027613682
81005.0,81014.8,True,ev,0.9999993027613682
81010.0,81019.8,True,ev,0.9999993027613682
81015.0,81024.8,True,ev,0.999999302761368
81020.0,81029.8,True,ev,0.999999302760331
81025.0,81034.8,True,ev,0.999999302761368
81030.0,81039.8,True,ev,0.999999302761368
81035.0,81044.8,True,ev,0.9999993027602107
81040.0,81049.8,True,ev,0.9999993027603066
81045.0,81054.8,True,ev,0.999999302761368
81050.0,81059.8,True,ev,0.9999993027613682
81055.0,81064.8,True,ev,0.9999993027822714
81060.0,81069.8,True,ev,0.9999993027822774
81065.0,81074.8,True,ev,0.9999993027603203
81070.0,81079.8,True,ev,0.9999993027604753
81075.0,81084.8,True,ev,0.999999302760363
81080.0,81089.8,True,ev,0.9999993027603978
81085.0,81094.8,True,ev,0.9999993027822774
81090.0,81099.8,True,ev,0.9999993027822774
81095.0,81104.8,True,ev,0.9999993027613682
81100.0,81109.8,True,ev,0.9999993027613682
81105.0,81114.8,True,ev,0.999999302761368
81110.0,81119.8,True,ev,0.999999302761368
81115.0,81124.8,True,ev,0.999999302761368
81120.0,81129.8,True,ev,0.999999302761368
81125.0,81134.8,True,ev,0.999999302761368
81130.0,81139.8,True,ev,0.999999302761368
81135.0,81144.8,True,ev,0.999999302761405
81140.0,81149.8,True,ev,0.9999993027613682
81145.0,81154.8,True,ev,0.999999302761368
81150.0,81159.8,True,ev,0.9999993027613682
81155.0,81164.8,True,ev,0.9999993027822599
81160.0,81169.8,True,ev,0.9999993027822774
81165.0,81174.8,True,ev,0.9999993027822599
81170.0,81179.8,True,ev,0.999999302761368
81175.0,81184.8,True,ev,0.999999302761368
81180.0,81189.8,True,ev,0.999999302761368
81185.0,81194.8,True,ev,0.999999302761368
81190.0,81199.8,True,ev,0.999999302761368
81195.0,81204.8,True,ev,0.999999302761368
81200.0,81209.8,True,ev,0.999999302761368
81205.0,81214.8,True,ev,0.9999993027613682
81210.0,81219.8,True,ev,0.9999993027613682
81215.0,81224.8,True,ev,0.999999302761368
81220.0,81229.8,True,ev,0.999999302761368
81225.0,81234.8,True,ev,0.999999302761368
81230.0,81239.8,True,ev,0.9999993013666928
81235.0,81244.8,True,ev,0.999999302761368
81240.0,81249.8,True,ev,0.999999302761368
81245.0,81254.8,True,ev,0.999999302761368
81250.0,81259.8,True,ev,0.999999302761368
81255.0,81264.8,True,ev,0.999999302761368
81260.0,81269.8,True,ev,0.999999302761368
81265.0,81274.8,True,ev,0.9999993027613682
81270.0,81279.8,True,ev,0.999999302761368
81275.0,81284.8,True,ev,0.999999302761368
81280.0,81289.8,True,ev,0.999999302761368
81285.0,81294.8,True,ev,0.999999302761368
81290.0,81299.8,True,ev,0.999999302761368
81295.0,81304.8,True,ev,0.999999302761368
81300.0,81309.8,True,ev,0.999999302761368
81305.0,81314.8,True,ev,0.9999993027613682
81310.0,81319.8,True,ev,0.999999302761368
81315.0,81324.8,True,ev,0.999999302761368
81320.0,81329.8,True,ev,0.999999302761368
81325.0,81334.8,True,ev,0.999999302761368
81330.0,81339.8,True,ev,0.999999302761368
81335.0,81344.8,True,ev,0.999999302760363
81340.0,81349.8,True,ev,0.999999301366695
81345.0,81354.8,True,ev,0.999999302760218
81350.0,81359.8,True,ev,0.999999302761368
81355.0,81364.8,True,ev,0.999999302761368
81360.0,81369.8,True,ev,0.999999302761368
81365.0,81374.8,True,ev,0.999999302761368
81370.0,81379.8,True,ev,0.9999993027604753
81375.0,81384.8,True,ev,0.9999993027602107
81380.0,81389.8,True,ev,0.999999302761405
81385.0,81394.8,True,ev,0.999999302761405
81390.0,81399.8,True,ev,0.9999993013666928
81395.0,81404.8,True,ev,0.9999993027602033
81400.0,81409.8,True,ev,0.9999993027604966
81405.0,81414.8,True,ev,0.999999302761368
81410.0,81419.8,True,ev,0.999999302760363
81415.0,81424.8,True,ev,0.999999302761368
81420.0,81429.8,True,ev,0.999999302761368
81425.0,81434.8,True,ev,0.9999993027822774
81430.0,81439.8,True,ev,0.9999993027823063
81435.0,81444.8,True,ev,0.9999993027822919
81440.0,81449.8,True,ev,0.999999302761405
81445.0,81454.8,True,ev,0.9999993027613682
81450.0,81459.8,True,ev,0.999999302761368
81455.0,81464.8,True,ev,0.999999302761368
81460.0,81469.8,True,ev,0.999999302761368
81465.0,81474.8,True,ev,0.999999302761368
81470.0,81479.8,True,ev,0.999999302761368
81475.0,81484.8,True,ev,0.9999993027604966
81480.0,81489.8,True,ev,0.999999302760218
81485.0,81494.8,True,ev,0.999999301366695
81490.0,81499.8,True,ev,0.9999993027602033
81495.0,81504.8,True,ev,0.999999301366695
81500.0,81509.8,True,ev,0.999999302761368
81505.0,81514.8,True,ev,0.999999302761368
81510.0,81519.8,True,ev,0.999999302761368
81515.0,81524.8,True,ev,0.999999302761368
81520.0,81529.8,True,ev,0.999999302761368
81525.0,81534.8,True,ev,0.999999302761368
81530.0,81539.8,True,ev,0.999999302761368
81535.0,81544.8,True,ev,0.999999302761368
81540.0,81549.8,True,ev,0.9999993027613682
81545.0,81554.8,True,ev,0.9999993027613682
81550.0,81559.8,True,ev,0.9999993027602107
81555.0,81564.8,True,ev,0.9999993027604753
81560.0,81569.8,True,ev,0.999999302761368
81565.0,81574.8,True,ev,0.999999302761368
81570.0,81579.8,True,ev,0.999999302760385
81575.0,81584.8,True,ev,0.999999302761368
81580.0,81589.8,True,ev,0.9999993027822599
81585.0,81594.8,True,ev,0.9999993027822714
81590.0,81599.8,True,ev,0.9999993027822599
81595.0,81604.8,True,ev,0.999999301366695
81600.0,81609.8,True,ev,0.9999993027603066
81605.0,81614.8,True,ev,0.999999302761368
81610.0,81619.8,True,ev,0.999999302761368
81615.0,81624.8,True,ev,0.999999302761368
81620.0,81629.8,True,ev,0.999999302761368
81625.0,81634.8,True,ev,0.999999302761368
81630.0,81639.8,True,ev,0.999999302761368
81635.0,81644.8,True,ev,0.999999302761368
81640.0,81649.8,True,ev,0.999999302760345
81645.0,81654.8,True,ev,0.9999993027602548
81650.0,81659.8,True,ev,0.9999993027602033
81655.0,81664.8,True,ev,0.9999993027822794
81660.0,81669.8,True,ev,0.9999993027822777
81665.0,81674.8,True,ev,0.999999302761368
81670.0,81679.8,True,ev,0.9999993027822777
81675.0,81684.8,True,ev,0.9999993027822774
81680.0,81689.8,True,ev,0.999999302761368
81685.0,81694.8,True,ev,0.9999993027602981
81690.0,81699.8,True,ev,0.9999993027602107
81695.0,81704.8,True,ev,0.999999302760218
81700.0,81709.8,True,ev,0.999999302760385
81705.0,81714.8,True,ev,0.9999993027603254
81710.0,81719.8,True,ev,0.9999993027613682
81715.0,81724.8,True,ev,0.9999993027613682
81720.0,81729.8,True,ev,0.9999993027604753
81725.0,81734.8,True,ev,0.999999302760331
81730.0,81739.8,True,ev,0.9999993027602548
81735.0,81744.8,True,ev,0.9999993027604753
81740.0,81749.8,True,ev,0.999999302760363
81745.0,81754.8,True,ev,0.9999993027603379
81750.0,81759.8,True,ev,0.999999302760218
81755.0,81764.8,True,ev,0.9999993027602107
81760.0,81769.8,True,ev,0.9999993027604966
81765.0,81774.8,True,ev,0.999999074387237
81770.0,81779.8,True,ev,0.9999993027613682
81775.0,81784.8,True,ev,0.9999993027613682
81780.0,81789.8,True,ev,0.999999302761368
81785.0,81794.8,True,ev,0.999999302761368
81790.0,81799.8,True,ev,0.9999993027604753
81795.0,81804.8,True,ev,0.999999302761368
81800.0,81809.8,True,ev,0.999999302761368
81805.0,81814.8,True,ev,0.999999302761368
81810.0,81819.8,True,ev,0.999999302761368
81815.0,81824.8,True,ev,0.999999302761368
81820.0,81829.8,True,ev,0.999999302761368
81825.0,81834.8,True,ev,0.999999302761368
81830.0,81839.8,True,ev,0.9999993027613682
81835.0,81844.8,True,ev,0.9999993027613682
81840.0,81849.8,True,ev,0.9999993027822603
81845.0,81854.8,True,ev,0.9999993027822774
81850.0,81859.8,True,ev,0.9999993027614061
81855.0,81864.8,True,ev,0.999999302760363
81860.0,81869.8,True,ev,0.9999993027602522
81865.0,81874.8,True,ev,0.999999301366695
81870.0,81879.8,True,ev,0.9999993013666928
81875.0,81884.8,True,ev,0.9999993027602939
81880.0,81889.8,True,ev,0.9999993027604966
81885.0,81894.8,True,ev,0.999999302760363
81890.0,81899.8,True,ev,0.999999302761368
81895.0,81904.8,True,ev,0.999999302761368
81900.0,81909.8,True,ev,0.999999302761368
81905.0,81914.8,True,ev,0.999999302761368
81910.0,81919.8,True,ev,0.9999993027603115
81915.0,81924.8,True,ev,0.999999302761368
81920.0,81929.8,True,ev,0.999999302761368
81925.0,81934.8,True,ev,0.999999302761368
81930.0,81939.8,True,ev,0.999999302761368
81935.0,81944.8,True,ev,0.999999302761368
81940.0,81949.8,True,ev,0.999999302761368
81945.0,81954.8,True,ev,0.999999302761368
81950.0,81959.8,True,ev,0.9999993027613682
81955.0,81964.8,True,ev,0.9999993027613682
81960.0,81969.8,True,ev,0.999999302761368
81965.0,81974.8,True,ev,0.999999302761368
81970.0,81979.8,True,ev,0.999999302761368
81975.0,81984.8,True,ev,0.999999302761368
81980.0,81989.8,True,ev,0.999999302761368
81985.0,81994.8,True,ev,0.999999302761368
81990.0,81999.8,True,ev,0.999999302761368
81995.0,82004.8,True,ev,0.9999993027603066
82000.0,82009.8,True,ev,0.9999993027603732
82005.0,82014.8,True,ev,0.9999993027613682
82010.0,82019.8,True,ev,0.9999993027613682
82015.0,82024.8,True,ev,0.999999302761368
82020.0,82029.8,True,ev,0.999999302761368
82025.0,82034.8,True,ev,0.9999991632646472
82030.0,82039.8,True,ev,0.9999991620851609
82035.0,82044.8,True,ev,0.999999302460092
82040.0,82049.8,True,ev,0.999999302460092
82045.0,82054.8,True,ev,0.999999302460092
82050.0,82059.8,True,ev,0.9999993024589319
82055.0,82064.8,True,ev,0.9999993024600918
82060.0,82069.8,True,ev,0.9999993024600918
82065.0,82074.8,True,ev,0.999999302460092
82070.0,82079.8,True,ev,0.999999302460092
82075.0,82084.8,True,ev,0.9999993024590469
82080.0,82089.8,True,ev,0.9999993024589761
82085.0,82094.8,True,ev,0.9999993024591972
82090.0,82099.8,True,ev,0.9999993024592185
82095.0,82104.8,True,ev,0.9999993024600918
82100.0,82109.8,True,ev,0.9999993024600918
82105.0,82114.8,True,ev,0.9999993024592185
82110.0,82119.8,True,ev,0.9999993024600918
82115.0,82124.8,True,ev,0.9999993024592185
82120.0,82129.8,True,ev,0.9999993024810181
82125.0,82134.8,True,ev,0.9999993024810181
82130.0,82139.8,True,ev,0.9999993024601298
82135.0,82144.8,True,ev,0.9999993024600918
82140.0,82149.8,True,ev,0.9999993024600918
82145.0,82154.8,True,ev,0.9999993024600918
82150.0,82159.8,True,ev,0.9999993024600918
82155.0,82164.8,True,ev,0.9999993024600918
82160.0,82169.8,True,ev,0.9999993024600918
82165.0,82174.8,True,ev,0.9999993010654162
82170.0,82179.8,True,ev,0.9999993024589319
82175.0,82184.8,True,ev,0.9999993024589245
82180.0,82189.8,True,ev,0.9999993024589392
82185.0,82194.8,True,ev,0.9999993024600918
82190.0,82199.8,True,ev,0.999999302460092
82195.0,82204.8,True,ev,0.999999302460092
82200.0,82209.8,True,ev,0.9999993024600923
82205.0,82214.8,True,ev,0.999999302460092
82210.0,82219.8,True,ev,0.999999302460092
82215.0,82224.8,True,ev,0.999999302460092
82220.0,82229.8,True,ev,0.9999993024600923
82225.0,82234.8,True,ev,0.99999930246013
82230.0,82239.8,True,ev,0.9999993024810006
82235.0,82244.8,True,ev,0.9999993024601298
82240.0,82249.8,True,ev,0.9999993024591735
82245.0,82254.8,True,ev,0.9999993024590154
82250.0,82259.8,True,ev,0.9999993024600918
82255.0,82264.8,True,ev,0.9999993024600918
82260.0,82269.8,True,ev,0.999999301065414
82265.0,82274.8,True,ev,0.9999993024600918
82270.0,82279.8,True,ev,0.9999993024600918
82275.0,82284.8,True,ev,0.9999993024810183
82280.0,82289.8,True,ev,0.9999993024810392
82285.0,82294.8,True,ev,0.999999301065414
82290.0,82299.8,True,ev,0.999999301065414
82295.0,82304.8,True,ev,0.9999993024600918
82300.0,82309.8,True,ev,0.999999302460092
82305.0,82314.8,True,ev,0.999999302460092
82310.0,82319.8,True,ev,0.9999993024600918
82315.0,82324.8,True,ev,0.9999993024600918
82320.0,82329.8,True,ev,0.9999993024589319
82325.0,82334.8,True,ev,0.9999993024590949
82330.0,82339.8,True,ev,0.9999993024590329
82335.0,82344.8,True,ev,0.9999993024589245
82340.0,82349.8,True,ev,0.9999993024589245
82345.0,82354.8,True,ev,0.9999993024589343
82350.0,82359.8,True,ev,0.9999993024589761
82355.0,82364.8,True,ev,0.9999993024600918
82360.0,82369.8,True,ev,0.9999993024600918
82365.0,82374.8,True,ev,0.9999993024600918
82370.0,82379.8,True,ev,0.9999993024589245
82375.0,82384.8,True,ev,0.9999993024589392
82380.0,82389.8,True,ev,0.9999993024600918
82385.0,82394.8,True,ev,0.999999302460092
82390.0,82399.8,True,ev,0.999999302460092
82395.0,82404.8,True,ev,0.9999993024600918
82400.0,82409.8,True,ev,0.9999993024600918
82405.0,82414.8,True,ev,0.9999993024589319
82410.0,82419.8,True,ev,0.9999993024589734
82415.0,82424.8,True,ev,0.9999993024591972
82420.0,82429.8,True,ev,0.9999993024590846
82425.0,82434.8,True,ev,0.999999302459028
82430.0,82439.8,True,ev,0.9999993024592185
82435.0,82444.8,True,ev,0.9999993024590846
82440.0,82449.8,True,ev,0.9999993010654162
82445.0,82454.8,True,ev,0.9999993024590236
82450.0,82459.8,True,ev,0.9999993024600918
82455.0,82464.8,True,ev,0.999999302460092
82460.0,82469.8,True,ev,0.9999993024600918
82465.0,82474.8,True,ev,0.9999993024600918
82470.0,82479.8,True,ev,0.999999302460092
82475.0,82484.8,True,ev,0.9999993024600918
82480.0,82489.8,True,ev,0.9999993024589319
82485.0,82494.8,True,ev,0.9999993024589319
82490.0,82499.8,True,ev,0.9999993024589245
82495.0,82504.8,True,ev,0.9999993024589319
82500.0,82509.8,True,ev,0.9999993024589785
82505.0,82514.8,True,ev,0.9999993024600918
82510.0,82519.8,True,ev,0.9999993024600918
82515.0,82524.8,True,ev,0.999999302460092
82520.0,82529.8,True,ev,0.999999302460092
82525.0,82534.8,True,ev,0.9999993024600918
82530.0,82539.8,True,ev,0.9999993024600918
82535.0,82544.8,True,ev,0.9999993024600918
82540.0,82549.8,True,ev,0.9999993024600918
82545.0,82554.8,True,ev,0.9999993024600918
82550.0,82559.8,True,ev,0.9999993024807099
82555.0,82564.8,True,ev,0.9999991633397086
82560.0,82569.8,True,ev,0.999999302761368
82565.0,82574.8,True,ev,0.9999993027613682
82570.0,82579.8,True,ev,0.9999993027613682
82575.0,82584.8,True,ev,0.999999302761405
82580.0,82589.8,True,ev,0.999999302761368
82585.0,82594.8,True,ev,0.999999302761368
82590.0,82599.8,True,ev,0.9999993027822774
82595.0,82604.8,True,ev,0.9999993027822774
82600.0,82609.8,True,ev,0.9999993027602033
82605.0,82614.8,True,ev,0.9999993027602107
82610.0,82619.8,True,ev,0.999999302761368
82615.0,82624.8,True,ev,0.999999302761368
82620.0,82629.8,True,ev,0.999999302761368
82625.0,82634.8,True,ev,0.999999302761368
82630.0,82639.8,True,ev,0.9999993027614061
82635.0,82644.8,True,ev,0.9999993027822597
82640.0,82649.8,True,ev,0.9999993027614061
82645.0,82654.8,True,ev,0.999999302761368
82650.0,82659.8,True,ev,0.999999302761368
82655.0,82664.8,True,ev,0.999999302761368
82660.0,82669.8,True,ev,0.999999302760345
82665.0,82674.8,True,ev,0.9999993027603379
82670.0,82679.8,True,ev,0.999999302761368
82675.0,82684.8,True,ev,0.999999302761368
82680.0,82689.8,True,ev,0.999999302761368
82685.0,82694.8,True,ev,0.999999302761368
82690.0,82699.8,True,ev,0.9999993013666928
82695.0,82704.8,True,ev,0.9999993027602107
82700.0,82709.8,True,ev,0.9999993027602107
82705.0,82714.8,True,ev,0.9999993013666928
82710.0,82719.8,True,ev,0.9999993013666928
82715.0,82724.8,True,ev,0.999999301366695
82720.0,82729.8,True,ev,0.9999993027604314
82725.0,82734.8,True,ev,0.999999302761368
82730.0,82739.8,True,ev,0.999999302761368
82735.0,82744.8,True,ev,0.999999302761368
82740.0,82749.8,True,ev,0.999999302761368
82745.0,82754.8,True,ev,0.9999993027613682
82750.0,82759.8,True,ev,0.9999993027613682
82755.0,82764.8,True,ev,0.999999302761368
82760.0,82769.8,True,ev,0.999999302761368
82765.0,82774.8,True,ev,0.999999302761368
82770.0,82779.8,True,ev,0.999999302761368
82775.0,82784.8,True,ev,0.999999302761368
82780.0,82789.8,True,ev,0.9999993013666928
82785.0,82794.8,True,ev,0.9999993013666928
82790.0,82799.8,True,ev,0.9999993013666928
82795.0,82804.8,True,ev,0.9999993013666928
82800.0,82809.8,True,ev,0.9999993013666928
82805.0,82814.8,True,ev,0.9999993027602107
82810.0,82819.8,True,ev,0.9999993027602033
82815.0,82824.8,True,ev,0.9999993013666928
82820.0,82829.8,True,ev,0.9999993027602033
82825.0,82834.8,True,ev,0.9999993027602033
82830.0,82839.8,True,ev,0.999999301366695
82835.0,82844.8,True,ev,0.9999993027613682
82840.0,82849.8,True,ev,0.9999993027822992
82845.0,82854.8,True,ev,0.9999993027822992
82850.0,82859.8,True,ev,0.9999993027604516
82855.0,82864.8,True,ev,0.9999993027604966
82860.0,82869.8,True,ev,0.9999993027602522
82865.0,82874.8,True,ev,0.9999993027613682
82870.0,82879.8,True,ev,0.9999993027613682
82875.0,82884.8,True,ev,0.999999309040847
82880.0,82889.8,True,ev,0.999999309040847
82885.0,82894.8,True,ev,0.9999993090397967
82890.0,82899.8,True,ev,0.999999309040847
82895.0,82904.8,True,ev,0.999999309040847
82900.0,82909.8,True,ev,0.999999309040847
82905.0,82914.8,True,ev,0.999999309040847
82910.0,82919.8,True,ev,0.999999309040847
82915.0,82924.8,True,ev,0.999999309040847
82920.0,82929.8,True,ev,0.999999309039983
82925.0,82934.8,True,ev,0.9999993027604753
82930.0,82939.8,True,ev,0.999999302761368
82935.0,82944.8,True,ev,0.9999993027613682
82940.0,82949.8,True,ev,0.9999993027613682
82945.0,82954.8,True,ev,0.999999302761368
82950.0,82959.8,True,ev,0.999999302761368
82955.0,82964.8,True,ev,0.999999302760218
82960.0,82969.8,True,ev,0.999999302761368
82965.0,82974.8,True,ev,0.999999302761368
82970.0,82979.8,True,ev,0.9999993027602107
82975.0,82984.8,True,ev,0.9999993027602939
82980.0,82989.8,True,ev,0.999999302760363
82985.0,82994.8,True,ev,0.999999302761368
82990.0,82999.8,True,ev,0.999999302761368
82995.0,83004.8,True,ev,0.999999302761368
83000.0,83009.8,True,ev,0.9999993027604966
83005.0,83014.8,True,ev,0.9999993013666928
83010.0,83019.8,True,ev,0.9999993027602107
83015.0,83024.8,True,ev,0.999999302760252
83020.0,83029.8,True,ev,0.999999302761368
83025.0,83034.8,True,ev,0.999999302761368
83030.0,83039.8,True,ev,0.999999302761368
83035.0,83044.8,True,ev,0.9999993027603978
83040.0,83049.8,True,ev,0.9999993027602107
83045.0,83054.8,True,ev,0.999999302761368
83050.0,83059.8,True,ev,0.999999302761368
83055.0,83064.8,True,ev,0.999999302761368
83060.0,83069.8,True,ev,0.9999993027602107
83065.0,83074.8,True,ev,0.9999993013666928
83070.0,83079.8,True,ev,0.999999301366695
83075.0,83084.8,True,ev,0.9999993027603066
83080.0,83089.8,True,ev,0.999999302761368
83085.0,83094.8,True,ev,0.999999302761368
83090.0,83099.8,True,ev,0.999999302761368
83095.0,83104.8,True,ev,0.999999302761368
83100.0,83109.8,True,ev,0.999999302761368
83105.0,83114.8,True,ev,0.9999993027613682
83110.0,83119.8,True,ev,0.9999993027613682
83115.0,83124.8,True,ev,0.999999302761368
83120.0,83129.8,True,ev,0.999999302761368
83125.0,83134.8,True,ev,0.999999302761368
83130.0,83139.8,True,ev,0.999999302761368
83135.0,83144.8,True,ev,0.9999993027602107
83140.0,83149.8,True,ev,0.999999302761368
83145.0,83154.8,True,ev,0.9999990743872372
83150.0,83159.8,True,ev,0.999999302761368
83155.0,83164.8,True,ev,0.9999993027613682
83160.0,83169.8,True,ev,0.9999993027613682
83165.0,83174.8,True,ev,0.9999993027602033
83170.0,83179.8,True,ev,0.9999993027602033
83175.0,83184.8,True,ev,0.999999302761368
83180.0,83189.8,True,ev,0.999999302761368
83185.0,83194.8,True,ev,0.9999993027604966
83190.0,83199.8,True,ev,0.9999993027603066
83195.0,83204.8,True,ev,0.9999993013666928
83200.0,83209.8,True,ev,0.999999302761368
83205.0,83214.8,True,ev,0.999999302761368
83210.0,83219.8,True,ev,0.999999302761368
83215.0,83224.8,True,ev,0.9999993027602107
83220.0,83229.8,True,ev,0.9999993027602107
83225.0,83234.8,True,ev,0.9999993027822657
83230.0,83239.8,True,ev,0.9999993027822774
83235.0,83244.8,True,ev,0.9999993027614061
83240.0,83249.8,True,ev,0.9999993027602033
83245.0,83254.8,True,ev,0.999999302761368
83250.0,83259.8,True,ev,0.999999302761368
83255.0,83264.8,True,ev,0.999999302761368
83260.0,83269.8,True,ev,0.9999993027604753
83265.0,83274.8,True,ev,0.9999993027822657
83270.0,83279.8,True,ev,0.9999993027822774
83275.0,83284.8,True,ev,0.9999993027614061
83280.0,83289.8,True,ev,0.999999302761368
83285.0,83294.8,True,ev,0.999999302760252
83290.0,83299.8,True,ev,0.9999993027602033
83295.0,83304.8,True,ev,0.9999993027602107
83300.0,83309.8,True,ev,0.9999993027604516
83305.0,83314.8,True,ev,0.9999993027602107
83310.0,83319.8,True,ev,0.9999993027603161
83315.0,83324.8,True,ev,0.9999993027602981
83320.0,83329.8,True,ev,0.9999993013666928
83325.0,83334.8,True,ev,0.999999302761368
83330.0,83339.8,True,ev,0.999999302761368
83335.0,83344.8,True,ev,0.9999993013666928
83340.0,83349.8,True,ev,0.9999993013666928
83345.0,83354.8,True,ev,0.999999302761368
83350.0,83359.8,True,ev,0.999999302761368
83355.0,83364.8,True,ev,0.999999302761368
83360.0,83369.8,True,ev,0.999999302761368
83365.0,83374.8,True,ev,0.9999993027613682
83370.0,83379.8,True,ev,0.999999302761368
83375.0,83384.8,True,ev,0.999999302761368
83380.0,83389.8,True,ev,0.9999993027603115
83385.0,83394.8,True,ev,0.999999302761368
83390.0,83399.8,True,ev,0.999999302761368
83395.0,83404.8,True,ev,0.999999302761368
83400.0,83409.8,True,ev,0.9999993027602939
83405.0,83414.8,True,ev,0.999999302760218
83410.0,83419.8,True,ev,0.999999302761368
83415.0,83424.8,True,ev,0.9999993027613682
83420.0,83429.8,True,ev,0.9999993027613682
83425.0,83434.8,True,ev,0.9999993027602548
83430.0,83439.8,True,ev,0.9999993027604314
83435.0,83444.8,True,ev,0.9999993027602107
83440.0,83449.8,True,ev,0.999999301366695
83445.0,83454.8,True,ev,0.9999993027602107
83450.0,83459.8,True,ev,0.999999302761368
83455.0,83464.8,True,ev,0.9999993027613682
83460.0,83469.8,True,ev,0.9999993027613682
83465.0,83474.8,True,ev,0.999999302760218
83470.0,83479.8,True,ev,0.999999302761368
83475.0,83484.8,True,ev,0.999999302761368
83480.0,83489.8,True,ev,0.9999993027602107
83485.0,83494.8,True,ev,0.999999302761368
83490.0,83499.8,True,ev,0.999999302761368
83495.0,83504.8,True,ev,0.999999302761368
83500.0,83509.8,True,ev,0.999999302761368
83505.0,83514.8,True,ev,0.9999993027822599
83510.0,83519.8,True,ev,0.9999993027822774
83515.0,83524.8,True,ev,0.9999993027822599
83520.0,83529.8,True,ev,0.9999993027602107
83525.0,83534.8,True,ev,0.9999993027602033
83530.0,83539.8,True,ev,0.9999993027603254
83535.0,83544.8,True,ev,0.999999302761368
83540.0,83549.8,True,ev,0.9999993027604134
83545.0,83554.8,True,ev,0.9999993027602107
83550.0,83559.8,True,ev,0.9999993013666928
83555.0,83564.8,True,ev,0.999999301366695
83560.0,83569.8,True,ev,0.9999993027603115
83565.0,83574.8,True,ev,0.999999302760218
83570.0,83579.8,True,ev,0.9999993013666928
83575.0,83584.8,True,ev,0.999999302761368
83580.0,83589.8,True,ev,0.999999302761368
83585.0,83594.8,True,ev,0.999999302761368
83590.0,83599.8,True,ev,0.9999993027604134
83595.0,83604.8,True,ev,0.999999302761405
83600.0,83609.8,True,ev,0.9999993027613684
83605.0,83614.8,True,ev,0.999999302761368
83610.0,83619.8,True,ev,0.999999302761368
83615.0,83624.8,True,ev,0.9999993027603021
83620.0,83629.8,True,ev,0.999999302760218
83625.0,83634.8,True,ev,0.9999993027603066
83630.0,83639.8,True,ev,0.999999302760218
83635.0,83644.8,True,ev,0.999999302761368
83640.0,83649.8,True,ev,0.999999302761368
83645.0,83654.8,True,ev,0.999999301366695
83650.0,83659.8,True,ev,0.999999301366695
83655.0,83664.8,True,ev,0.999999301366695
83660.0,83669.8,True,ev,0.9999993013666928
83665.0,83674.8,True,ev,0.999999302761368
83670.0,83679.8,True,ev,0.999999302761368
83675.0,83684.8,True,ev,0.9999993027604314
83680.0,83689.8,True,ev,0.999999302761368
83685.0,83694.8,True,ev,0.999999302761368
83690.0,83699.8,True,ev,0.9999993027602033
83695.0,83704.8,True,ev,0.9999993027603379
83700.0,83709.8,True,ev,0.9999993027604314
83705.0,83714.8,True,ev,0.999999302760252
83710.0,83719.8,True,ev,0.9999993027602107
83715.0,83724.8,True,ev,0.999999302760385
83720.0,83729.8,True,ev,0.9999990743860857
83725.0,83734.8,True,ev,0.9999993027602107
83730.0,83739.8,True,ev,0.999999302761368
83735.0,83744.8,True,ev,0.999999302761368
83740.0,83749.8,True,ev,0.999999302761368
83745.0,83754.8,True,ev,0.999999302761368
83750.0,83759.8,True,ev,0.9999993027613684
83755.0,83764.8,True,ev,0.9999993027613682
83760.0,83769.8,True,ev,0.9999993027602981
83765.0,83774.8,True,ev,0.999999302760252
83770.0,83779.8,True,ev,0.9999993027602107
83775.0,83784.8,True,ev,0.999999301366695
83780.0,83789.8,True,ev,0.9999993027602548
83785.0,83794.8,True,ev,0.9999993027603978
83790.0,83799.8,True,ev,0.9999993027603312
83795.0,83804.8,True,ev,0.9999993027604134
83800.0,83809.8,True,ev,0.9999993027604966
83805.0,83814.8,True,ev,0.9999993027822774
83810.0,83819.8,True,ev,0.9999993027822714
83815.0,83824.8,True,ev,0.999999302761368
83820.0,83829.8,True,ev,0.999999302761368
83825.0,83834.8,True,ev,0.999999302760345
83830.0,83839.8,True,ev,0.999999302761368
83835.0,83844.8,True,ev,0.9999993027822774
83840.0,83849.8,True,ev,0.9999993027822774
83845.0,83854.8,True,ev,0.9999993027602107
83850.0,83859.8,True,ev,0.9999993027602107
83855.0,83864.8,True,ev,0.9999993013666928
83860.0,83869.8,True,ev,0.9999993027602107
83865.0,83874.8,True,ev,0.999999302761368
83870.0,83879.8,True,ev,0.999999302761368
83875.0,83884.8,True,ev,0.999999302761368
83880.0,83889.8,True,ev,0.999999302761368
83885.0,83894.8,True,ev,0.999999302761368
83890.0,83899.8,True,ev,0.999999302761368
83895.0,83904.8,True,ev,0.999999302761368
83900.0,83909.8,True,ev,0.9999993027602981
83905.0,83914.8,True,ev,0.9999993027602107
83910.0,83919.8,True,ev,0.999999302761368
83915.0,83924.8,True,ev,0.999999302761368
83920.0,83929.8,True,ev,0.9999993027602573
83925.0,83934.8,True,ev,0.999999302761368
83930.0,83939.8,True,ev,0.999999302761368
83935.0,83944.8,True,ev,0.9999993027602107
83940.0,83949.8,True,ev,0.999999301366695
83945.0,83954.8,True,ev,0.9999993027602107
83950.0,83959.8,True,ev,0.999999302761368
83955.0,83964.8,True,ev,0.999999302761368
83960.0,83969.8,True,ev,0.9999993027603066
83965.0,83974.8,True,ev,0.9999993027604314
83970.0,83979.8,True,ev,0.9999993027603732
83975.0,83984.8,True,ev,0.9999993027602107
83980.0,83989.8,True,ev,0.9999993027602107
83985.0,83994.8,True,ev,0.9999993027602107
83990.0,83999.8,True,ev,0.999999302760218
83995.0,84004.8,True,ev,0.9999993027603066
84000.0,84009.8,True,ev,0.999999302761368
84005.0,84014.8,True,ev,0.999999302761368
84010.0,84019.8,True,ev,0.9999993027604516
84015.0,84024.8,True,ev,0.9999993027602107
84020.0,84029.8,True,ev,0.999999302761368
84025.0,84034.8,True,ev,0.9999993027613682
84030.0,84039.8,True,ev,0.9999993027613682
84035.0,84044.8,True,ev,0.999999302760331
84040.0,84049.8,True,ev,0.999999302760363
84045.0,84054.8,True,ev,0.9999993027603978
84050.0,84059.8,True,ev,0.9999993027604966
84055.0,84064.8,True,ev,0.9999991632646472
84060.0,84069.8,True,ev,0.9999991621602228
84065.0,84074.8,True,ev,0.9999993024600918
84070.0,84079.8,True,ev,0.9999993024600918
84075.0,84084.8,True,ev,0.9999993024600918
84080.0,84089.8,True,ev,0.9999993024600918
84085.0,84094.8,True,ev,0.9999993024600918
84090.0,84099.8,True,ev,0.999999301065414
84095.0,84104.8,True,ev,0.9999993024589761
84100.0,84109.8,True,ev,0.9999993024600918
84105.0,84114.8,True,ev,0.9999993024600918
84110.0,84119.8,True,ev,0.9999993024600918
84115.0,84124.8,True,ev,0.999999302460092
84120.0,84129.8,True,ev,0.999999302460092
84125.0,84134.8,True,ev,0.9999993024591735
84130.0,84139.8,True,ev,0.9999993024589319
84135.0,84144.8,True,ev,0.9999993024600918
84140.0,84149.8,True,ev,0.999999302460092
84145.0,84154.8,True,ev,0.9999993024600918
84150.0,84159.8,True,ev,0.9999993024589319
84155.0,84164.8,True,ev,0.9999993024590329
84160.0,84169.8,True,ev,0.9999993024600918
84165.0,84174.8,True,ev,0.9999993024600918
84170.0,84179.8,True,ev,0.9999993024600918
84175.0,84184.8,True,ev,0.9999993024600918
84180.0,84189.8,True,ev,0.9999993024600918
84185.0,84194.8,True,ev,0.9999993024589245
84190.0,84199.8,True,ev,0.9999993024589319
84195.0,84204.8,True,ev,0.9999993024590846
84200.0,84209.8,True,ev,0.9999993024600918
84205.0,84214.8,True,ev,0.9999993024600918
84210.0,84219.8,True,ev,0.9999993024600918
84215.0,84224.8,True,ev,0.9999993024600918
84220.0,84229.8,True,ev,0.9999993024600918
84225.0,84234.8,True,ev,0.9999993024590418
84230.0,84239.8,True,ev,0.9999993024589761
84235.0,84244.8,True,ev,0.999999301065414
84240.0,84249.8,True,ev,0.999999301065414
84245.0,84254.8,True,ev,0.999999301065414
84250.0,84259.8,True,ev,0.999999301065414
84255.0,84264.8,True,ev,0.9999993024589392
84260.0,84269.8,True,ev,0.9999993024591532
84265.0,84274.8,True,ev,0.9999993024600918
84270.0,84279.8,True,ev,0.9999993024592185
84275.0,84284.8,True,ev,0.999999302460092
84280.0,84289.8,True,ev,0.999999302481001
84285.0,84294.8,True,ev,0.9999993024810121
84290.0,84299.8,True,ev,0.99999930246013
84295.0,84304.8,True,ev,0.9999993024589245
84300.0,84309.8,True,ev,0.9999993010654162
84305.0,84314.8,True,ev,0.999999301065414
84310.0,84319.8,True,ev,0.999999301065414
84315.0,84324.8,True,ev,0.9999993024590469
84320.0,84329.8,True,ev,0.9999993024592185
84325.0,84334.8,True,ev,0.9999993024589245
84330.0,84339.8,True,ev,0.999999301065414
84335.0,84344.8,True,ev,0.9999993024600918
84340.0,84349.8,True,ev,0.9999993024600918
84345.0,84354.8,True,ev,0.9999993024589319
84350.0,84359.8,True,ev,0.999999301065414
84355.0,84364.8,True,ev,0.999999302460092
84360.0,84369.8,True,ev,0.999999302460092
84365.0,84374.8,True,ev,0.9999993024600918
84370.0,84379.8,True,ev,0.9999993024591735
84375.0,84384.8,True,ev,0.9999993024600918
84380.0,84389.8,True,ev,0.9999993024600918
84385.0,84394.8,True,ev,0.9999993024600918
84390.0,84399.8,True,ev,0.9999993024589736
84395.0,84404.8,True,ev,0.9999993010654162
84400.0,84409.8,True,ev,0.9999993024589245
84405.0,84414.8,True,ev,0.9999993024590846
84410.0,84419.8,True,ev,0.9999993024590236
84415.0,84424.8,True,ev,0.9999993024589319
84420.0,84429.8,True,ev,0.9999993024589319
84425.0,84434.8,True,ev,0.9999993024590418
84430.0,84439.8,True,ev,0.999999302459028
84435.0,84444.8,True,ev,0.9999993024590949
84440.0,84449.8,True,ev,0.9999993024590196
84445.0,84454.8,True,ev,0.999999301065414
84450.0,84459.8,True,ev,0.9999993024589319
84455.0,84464.8,True,ev,0.9999993024591735
84460.0,84469.8,True,ev,0.9999993024591532
84465.0,84474.8,True,ev,0.9999993024589761
84470.0,84479.8,True,ev,0.9999993024589761
84475.0,84484.8,True,ev,0.9999993024589392
84480.0,84489.8,True,ev,0.9999993024591195
84485.0,84494.8,True,ev,0.9999993024600918
84490.0,84499.8,True,ev,0.9999993024590527
84495.0,84504.8,True,ev,0.9999993010654162
84500.0,84509.8,True,ev,0.9999993024589319
84505.0,84514.8,True,ev,0.999999302459028
84510.0,84519.8,True,ev,0.9999993010654162
84515.0,84524.8,True,ev,0.9999993010654162
84520.0,84529.8,True,ev,0.9999993024591195
84525.0,84534.8,True,ev,0.9999993024590527
84530.0,84539.8,True,ev,0.9999993024589245
84535.0,84544.8,True,ev,0.9999993024589392
84540.0,84549.8,True,ev,0.9999993024600918
84545.0,84554.8,True,ev,0.9999993024600918
84550.0,84559.8,True,ev,0.9999993024591532
84555.0,84564.8,True,ev,0.999999302459028
84560.0,84569.8,True,ev,0.9999993024590524
84565.0,84574.8,True,ev,0.9999993024590949
84570.0,84579.8,True,ev,0.9999993024589319
84575.0,84584.8,True,ev,0.9999993024589319
84580.0,84589.8,True,ev,0.9999993024589761
84585.0,84594.8,True,ev,0.9999993024589761
84590.0,84599.8,True,ev,0.9999993024600918
84595.0,84604.8,True,ev,0.9999993024600918
84600.0,84609.8,True,ev,0.99999930246013
84605.0,84614.8,True,ev,0.9999993024810181
84610.0,84619.8,True,ev,0.9999993024810063
84615.0,84624.8,True,ev,0.9999993024600918
84620.0,84629.8,True,ev,0.9999993024600918
84625.0,84634.8,True,ev,0.9999993024589392
84630.0,84639.8,True,ev,0.999999302459028
84635.0,84644.8,True,ev,0.9999993024592185
84640.0,84649.8,True,ev,0.9999993024592185
84645.0,84654.8,True,ev,0.9999993024590667
84650.0,84659.8,True,ev,0.999999302460092
84655.0,84664.8,True,ev,0.9999993024600923
84660.0,84669.8,True,ev,0.9999993024600918
84665.0,84674.8,True,ev,0.9999993024589319
84670.0,84679.8,True,ev,0.999999302460092
84675.0,84684.8,True,ev,0.999999302460092
84680.0,84689.8,True,ev,0.9999993024600918
84685.0,84694.8,True,ev,0.9999993024600918
84690.0,84699.8,True,ev,0.999999302460092
84695.0,84704.8,True,ev,0.9999993024600923
84700.0,84709.8,True,ev,0.999999302460092
84705.0,84714.8,True,ev,0.9999993024600918
84710.0,84719.8,True,ev,0.9999993024589319
84715.0,84724.8,True,ev,0.9999993024589319
84720.0,84729.8,True,ev,0.9999993024589319
84725.0,84734.8,True,ev,0.9999993024590329
84730.0,84739.8,True,ev,0.9999993024589319
84735.0,84744.8,True,ev,0.9999993024589319
84740.0,84749.8,True,ev,0.9999993024590524
84745.0,84754.8,True,ev,0.9999993024600923
84750.0,84759.8,True,ev,0.9999993024600923
84755.0,84764.8,True,ev,0.9999993024589392
84760.0,84769.8,True,ev,0.9999993024590196
84765.0,84774.8,True,ev,0.9999993024589392
84770.0,84779.8,True,ev,0.9999993024589319
84775.0,84784.8,True,ev,0.9999993024600918
84780.0,84789.8,True,ev,0.9999993024600918
84785.0,84794.8,True,ev,0.9999993024600918
84790.0,84799.8,True,ev,0.9999993024589319
84795.0,84804.8,True,ev,0.9999993024589319
84800.0,84809.8,True,ev,0.9999993024589319
84805.0,84814.8,True,ev,0.9999993010654162
84810.0,84819.8,True,ev,0.9999993024589245
84815.0,84824.8,True,ev,0.9999993024591195
84820.0,84829.8,True,ev,0.9999993024600918
84825.0,84834.8,True,ev,0.9999993024600918
84830.0,84839.8,True,ev,0.999999302459135
84835.0,84844.8,True,ev,0.9999993024589734
84840.0,84849.8,True,ev,0.9999993010654162
84845.0,84854.8,True,ev,0.9999993024600918
84850.0,84859.8,True,ev,0.999999302460092
84855.0,84864.8,True,ev,0.999999302460092
84860.0,84869.8,True,ev,0.9999993024600918
84865.0,84874.8,True,ev,0.9999993024600918
84870.0,84879.8,True,ev,0.9999993024600918
84875.0,84884.8,True,ev,0.9999993024589245
84880.0,84889.8,True,ev,0.9999993024589245
84885.0,84894.8,True,ev,0.9999993024589245
84890.0,84899.8,True,ev,0.9999993010654162
84895.0,84904.8,True,ev,0.9999993010654162
84900.0,84909.8,True,ev,0.9999993024589319
84905.0,84914.8,True,ev,0.9999993024589319
84910.0,84919.8,True,ev,0.9999991621602228
84915.0,84924.8,True,ev,0.9999991633397086
84920.0,84929.8,True,ev,0.999999302760331
84925.0,84934.8,True,ev,0.999999302761368
84930.0,84939.8,True,ev,0.999999302761368
84935.0,84944.8,True,ev,0.999999302761368
84940.0,84949.8,True,ev,0.9999993027604753
84945.0,84954.8,True,ev,0.9999993027604966
84950.0,84959.8,True,ev,0.9999993027613682
84955.0,84964.8,True,ev,0.9999993027613682
84960.0,84969.8,True,ev,0.999999302761368
84965.0,84974.8,True,ev,0.999999302761368
84970.0,84979.8,True,ev,0.999999302761368
84975.0,84984.8,True,ev,0.9999993027613682
84980.0,84989.8,True,ev,0.9999993027613682
84985.0,84994.8,True,ev,0.9999993027603115
84990.0,84999.8,True,ev,0.9999993027602033
84995.0,85004.8,True,ev,0.999999302761368
85000.0,85009.8,True,ev,0.999999302761368
85005.0,85014.8,True,ev,0.999999309040847
85010.0,85019.8,True,ev,0.9999993090399188
85015.0,85024.8,True,ev,0.9999993090408472
85020.0,85029.8,True,ev,0.9999993090408472
85025.0,85034.8,True,ev,0.9999993013666928
85030.0,85039.8,True,ev,0.9999993027602107
85035.0,85044.8,True,ev,0.999999302761368
85040.0,85049.8,True,ev,0.999999302761368
85045.0,85054.8,True,ev,0.9999993027822774
85050.0,85059.8,True,ev,0.9999993027822777
85055.0,85064.8,True,ev,0.999999302761368
85060.0,85069.8,True,ev,0.9999993027602548
85065.0,85074.8,True,ev,0.999999302761368
85070.0,85079.8,True,ev,0.9999993027613682
85075.0,85084.8,True,ev,0.999999302761368
85080.0,85089.8,True,ev,0.999999302760218
85085.0,85094.8,True,ev,0.9999993027603732
85090.0,85099.8,True,ev,0.999999302761368
85095.0,85104.8,True,ev,0.999999302761368
85100.0,85109.8,True,ev,0.9999993027614061
85105.0,85114.8,True,ev,0.9999993090408843
85110.0,85119.8,True,ev,0.9999993089465306
85115.0,85124.8,True,ev,0.9999993026654364
85120.0,85129.8,True,ev,0.9999993026708576
85125.0,85134.8,True,ev,0.9999993026708576
85130.0,85139.8,True,ev,0.9999993026708576
85135.0,85144.8,True,ev,0.9999993026708576
85140.0,85149.8,True,ev,0.9999993026917111
85145.0,85154.8,True,ev,0.9999993026708576
85150.0,85159.8,True,ev,0.9999993089531584
85155.0,85164.8,True,ev,0.9999993089531584
85160.0,85169.8,True,ev,0.9999993089531581
85165.0,85174.8,True,ev,0.9999993089531581
85170.0,85179.8,True,ev,0.9999993089739249
85175.0,85184.8,True,ev,0.9999993089739135
85180.0,85189.8,True,ev,0.9999993026708576
85185.0,85194.8,True,ev,0.9999993026707683
85190.0,85199.8,True,ev,0.9999993026707683
85195.0,85204.8,True,ev,0.9999993026707683
85200.0,85209.8,True,ev,0.9999993026707683
85205.0,85214.8,True,ev,0.9999993026916218
85210.0,85219.8,True,ev,0.9999993026707683
85215.0,85224.8,True,ev,0.9999993026707683
85220.0,85229.8,True,ev,0.9999993026707683
85225.0,85234.8,True,ev,0.9999993089530702
85230.0,85239.8,True,ev,0.9999993089530702
85235.0,85244.8,True,ev,0.9999993089530702
85240.0,85249.8,True,ev,0.9999993089530329
85245.0,85254.8,True,ev,0.9999993089738312
85250.0,85259.8,True,ev,0.9999993089530702
85255.0,85264.8,True,ev,0.9999993089530702
85260.0,85269.8,True,ev,0.99999930895307
85265.0,85274.8,True,ev,0.9999993089738252
85270.0,85279.8,True,ev,0.9999993089530702
85275.0,85284.8,True,ev,0.9999993089530702
85280.0,85289.8,True,ev,0.9999993089530702
85285.0,85294.8,True,ev,0.9999993089530327
85290.0,85299.8,True,ev,0.9999993089738256
85295.0,85304.8,True,ev,0.99999930895307
85300.0,85309.8,True,ev,0.9999993089738258
85305.0,85314.8,True,ev,0.9999993089530702
85310.0,85319.8,True,ev,0.9999993089782911
85315.0,85324.8,True,ev,0.9999993089575253
85320.0,85329.8,True,ev,0.9999993089782798
85325.0,85334.8,True,ev,0.9999993089575253
85330.0,85339.8,True,ev,0.9999993089574878
85335.0,85344.8,True,ev,0.9999993089782803
85340.0,85349.8,True,ev,0.9999993089575253
85345.0,85354.8,True,ev,0.9999993089575253
85350.0,85359.8,True,ev,0.9999993089575253
85355.0,85364.8,True,ev,0.9999993089575253
85360.0,85369.8,True,ev,0.9999993089575253
85365.0,85374.8,True,ev,0.9999993089782976
85370.0,85379.8,True,ev,0.9999993089782823
85375.0,85384.8,True,ev,0.9999993089574123
85380.0,85389.8,True,ev,0.9999993089574123
85385.0,85394.8,True,ev,0.9999993089574123
85390.0,85399.8,True,ev,0.9999993089574123
85395.0,85404.8,True,ev,0.9999993089574123
85400.0,85409.8,True,ev,0.9999993089574123
85405.0,85414.8,True,ev,0.9999993089574123
85410.0,85419.8,True,ev,0.9999993089573959
85415.0,85424.8,True,ev,0.9999993089256771
85420.0,85429.8,True,ev,0.9999993089049208
85425.0,85434.8,True,ev,0.9999993089049208
85430.0,85439.8,True,ev,0.9999993089049208
85435.0,85444.8,True,ev,0.9999992925508276
85440.0,85449.8,True,ev,0.9999992925508276
85445.0,85454.8,True,ev,0.9999992925508276
85450.0,85459.8,True,ev,0.9999992925508276
85455.0,85464.8,True,ev,0.9999992925508276
85460.0,85469.8,True,ev,0.9999992925508276
85465.0,85474.8,True,ev,0.9999992925508276
85470.0,85479.8,True,ev,0.9999992925508276
85475.0,85484.8,True,ev,0.9999992925508276
85480.0,85489.8,True,ev,0.9999992925508276
85485.0,85494.8,True,ev,0.9999992925508276
85490.0,85499.8,True,ev,0.999999292574574
85495.0,85504.8,True,ev,0.9999992925533265
85500.0,85509.8,True,ev,0.9999992925533265
85505.0,85514.8,True,ev,0.9999992925533265
85510.0,85519.8,True,ev,0.9999992925533265
85515.0,85524.8,True,ev,0.999999292574574
85520.0,85529.8,True,ev,0.9999992925533265
85525.0,85534.8,True,ev,0.9999992925533265
85530.0,85539.8,True,ev,0.9999992925533265
85535.0,85544.8,True,ev,0.9999992925533265
85540.0,85549.8,True,ev,0.9999992925533265
85545.0,85554.8,True,ev,0.9999992924780413
85550.0,85559.8,True,ev,0.9999992924780413
85555.0,85564.8,True,ev,0.9999992924780413
85560.0,85569.8,True,ev,0.9999992924780413
85565.0,85574.8,True,ev,0.9999992924780413
85570.0,85579.8,True,ev,0.9999992924780413
85575.0,85584.8,True,ev,0.999999292499291
85580.0,85589.8,True,ev,0.9999992923645691
85585.0,85594.8,True,ev,0.9999992923645691
85590.0,85599.8,True,ev,0.9999992923645691
85595.0,85604.8,True,ev,0.9999992923858227
85600.0,85609.8,True,ev,0.9999992923645691
85605.0,85614.8,True,ev,0.9999992920608829
85610.0,85619.8,True,ev,0.9999992920608829
85615.0,85624.8,True,ev,0.9999992920608827
85620.0,85629.8,True,ev,0.9999992920608829
85625.0,85634.8,True,ev,0.9999992920608829
85630.0,85639.8,True,ev,0.9999992920821446
85635.0,85644.8,True,ev,0.9999992920821446
85640.0,85649.8,True,ev,0.9999992920608827
85645.0,85654.8,True,ev,0.9999992920821446
85650.0,85659.8,True,ev,0.9999992920567804
85655.0,85664.8,True,ev,0.9999992920567804
85660.0,85669.8,True,ev,0.999999292078054
85665.0,85674.8,True,ev,0.9999992920567804
85670.0,85679.8,True,ev,0.9999992920567804
85675.0,85684.8,True,ev,0.9999992920567804
85680.0,85689.8,True,ev,0.9999992920567804
85685.0,85694.8,True,ev,0.9999992920567804
85690.0,85699.8,True,ev,0.9999992921425246
85695.0,85704.8,True,ev,0.9999992921220507
85700.0,85709.8,True,ev,0.9999992921433124
85705.0,85714.8,True,ev,0.9999992921220507
85710.0,85719.8,True,ev,0.9999992913178524
85715.0,85724.8,True,ev,0.9999992913178524
85720.0,85729.8,True,ev,0.9999992913391381
85725.0,85734.8,True,ev,0.999999273007314
85730.0,85739.8,True,ev,0.9999992729854782
85735.0,85744.8,True,ev,0.9999992729854782
85740.0,85749.8,True,ev,0.9999992731073236
85745.0,85754.8,True,ev,0.9999992731073236
85750.0,85759.8,True,ev,0.9999992731073236
85755.0,85764.8,True,ev,0.9999992731073236
85760.0,85769.8,True,ev,0.9999992731073236
85765.0,85774.8,True,ev,0.9999992731073236
85770.0,85779.8,True,ev,0.9999992731073236
85775.0,85784.8,True,ev,0.9999992731073236
85780.0,85789.8,True,ev,0.9999992731292807
85785.0,85794.8,True,ev,0.9999992730802161
85790.0,85799.8,True,ev,0.9999992731021751
85795.0,85804.8,True,ev,0.9999992730802163
85800.0,85809.8,True,ev,0.9999992730802152
85805.0,85814.8,True,ev,0.9999992731021815
85810.0,85819.8,True,ev,0.9999992730802163
85815.0,85824.8,True,ev,0.9999992545433979
85820.0,85829.8,True,ev,0.9999992545433979
85825.0,85834.8,True,ev,0.9999992545433979
85830.0,85839.8,True,ev,0.9999992561665287
85835.0,85844.8,True,ev,0.9999992502478762
85840.0,85849.8,True,ev,0.9999992502478762
85845.0,85854.8,True,ev,0.9999992502247839
85850.0,85859.8,True,ev,0.9999992502247839
85855.0,85864.8,True,ev,0.9999992502247839
85860.0,85869.8,True,ev,0.9999992502247839
85865.0,85874.8,True,ev,0.9999992502247828
85870.0,85879.8,True,ev,0.9999992502328158
85875.0,85884.8,True,ev,0.999999250232816
85880.0,85889.8,True,ev,0.9999992512866628
85885.0,85894.8,True,ev,0.9999992512866628
85890.0,85899.8,True,ev,0.9999992512866628
85895.0,85904.8,True,ev,0.9999992512866219
85900.0,85909.8,True,ev,0.9999992512946364
85905.0,85914.8,True,ev,0.9999992510126466
85910.0,85919.8,True,ev,0.999999251004673
85915.0,85924.8,True,ev,0.999999251004673
85920.0,85929.8,True,ev,0.999999251004673
85925.0,85934.8,True,ev,0.999999251004673
85930.0,85939.8,True,ev,0.9999992608363998
85935.0,85944.8,True,ev,0.9999992608363998
85940.0,85949.8,True,ev,0.9999992608363998
85945.0,85954.8,True,ev,0.9999992608443194
85950.0,85959.8,True,ev,0.9999992608442686
85955.0,85964.8,True,ev,0.9999992608363998
85960.0,85969.8,True,ev,0.9999992608363998
85965.0,85974.8,True,ev,0.9999992608347491
85970.0,85979.8,True,ev,0.9999992608347491
85975.0,85984.8,True,ev,0.9999992608347491
85980.0,85989.8,True,ev,0.9999992608347491
85985.0,85994.8,True,ev,0.9999992608347491
85990.0,85999.8,True,ev,0.9999992608347491
85995.0,86004.8,True,ev,0.9999992608347491
86000.0,86009.8,True,ev,0.9999992608347491
86005.0,86014.8,True,ev,0.9999992608347491
86010.0,86019.8,True,ev,0.9999992608347491
86015.0,86024.8,True,ev,0.9999992608347491
86020.0,86029.8,True,ev,0.9999992620747961
86025.0,86034.8,True,ev,0.9999992620747961
86030.0,86039.8,True,ev,0.9999992630798326
86035.0,86044.8,True,ev,0.9999992630794415
86040.0,86049.8,True,ev,0.9999992635915002
86045.0,86054.8,True,ev,0.9999992640025775
86050.0,86059.8,True,ev,0.9999992863349199
86055.0,86064.8,True,ev,0.9999992864290785
86060.0,86069.8,True,ev,0.9999992869603128
86065.0,86074.8,True,ev,0.9999992869603128
86070.0,86079.8,True,ev,0.9999992869171712
86075.0,86084.8,True,ev,0.9999992869171712
86080.0,86089.8,True,ev,0.9999992869171712
86085.0,86094.8,True,ev,0.9999992869171712
86090.0,86099.8,True,ev,0.9999992869171712
86095.0,86104.8,True,ev,0.9999992868662037
86100.0,86109.8,True,ev,0.9999992868665845
86105.0,86114.8,True,ev,0.9999992868662039
86110.0,86119.8,True,ev,0.9999992868662039
86115.0,86124.8,True,ev,0.9999992868665845
86120.0,86129.8,True,ev,0.9999992868662092
86125.0,86134.8,True,ev,0.9999992868806157
86130.0,86139.8,True,ev,0.9999992868806157
86135.0,86144.8,True,ev,0.9999992868806157
86140.0,86149.8,True,ev,0.9999992868806157
86145.0,86154.8,True,ev,0.9999992868806148
86150.0,86159.8,True,ev,0.9999992868809965
86155.0,86164.8,True,ev,0.9999992868809965
86160.0,86169.8,True,ev,0.9999992868805759
86165.0,86174.8,True,ev,0.9999992965008295
86170.0,86179.8,True,ev,0.9999992854636929
86175.0,86184.8,True,ev,0.9999992860598178
86180.0,86189.8,True,ev,0.9999992860598178
86185.0,86194.8,True,ev,0.9999992860598178
86190.0,86199.8,True,ev,0.9999992860600314
86195.0,86204.8,True,ev,0.9999992860600314
86200.0,86209.8,True,ev,0.9999992860600314
86205.0,86214.8,True,ev,0.9999992860600314
86210.0,86219.8,True,ev,0.9999992860600314
86215.0,86224.8,True,ev,0.9999992866111063
86220.0,86229.8,True,ev,0.9999993114392658
86225.0,86234.8,True,ev,0.9999993114392658
86230.0,86239.8,True,ev,0.9999993114400461
86235.0,86244.8,True,ev,0.9999993114400461
86240.0,86249.8,True,ev,0.9999993114400461
86245.0,86254.8,True,ev,0.9999993213297677
86250.0,86259.8,True,ev,0.999999321330013
86255.0,86264.8,True,ev,0.9999993216612618
86260.0,86269.8,True,ev,0.9999993222445468
86265.0,86274.8,True,ev,0.9999993247399338
86270.0,86279.8,True,ev,0.9999993247399338
86275.0,86284.8,True,ev,0.9999993247399338
86280.0,86289.8,True,ev,0.999999325834237
86285.0,86294.8,True,ev,0.999999325834237
86290.0,86299.8,True,ev,0.999999325834237
86295.0,86304.8,True,ev,0.999999325834237
86300.0,86309.8,True,ev,0.999999325834237
86305.0,86314.8,True,ev,0.9999993258341946
86310.0,86319.8,True,ev,0.9999993258341946
86315.0,86324.8,True,ev,0.9999993119191454
86320.0,86329.8,True,ev,0.9999993119191065
86325.0,86334.8,True,ev,0.9999992921451387
86330.0,86339.8,True,ev,0.9999992921448807
86335.0,86344.8,True,ev,0.9999858400929822
86340.0,86349.8,True,ev,0.9999848735691582
86345.0,86354.8,True,ev,0.9999848735704753
86350.0,86359.8,True,ev,0.9999832120591516
86355.0,86364.8,True,ev,0.9999798292527342
86360.0,86369.8,True,ev,0.9999798292745679
86365.0,86374.8,True,ev,0.9999471726821195
86370.0,86379.8,True,ev,0.9999471727760813
86375.0,86384.8,True,ev,0.9999471727760813
86380.0,86389.8,True,ev,0.9999471727760813
86385.0,86394.8,True,ev,0.9999162367398218
86390.0,86399.8,True,ev,0.9999162367398218
