baseload,ev,fridge,hair_dryer,pc,pv,resistive,synchronous,washing_machine,laptop,stand_cooler,table_fan,table_pv,hour
0.07321401,0.15185854,0.13467413,0.06247501,-0.04154039,0.17286482,0.049815834,-0.098442234,-0.047925733,3.1172054,12.0728655,0.5937021,-2.1217966,0.0
0.046119533,-0.009762153,-0.06646801,0.04653257,0.09910566,0.07681801,-0.014196277,-0.0065067187,0.060428,27.315178,27.75585,7.8988442,-3.3797846,0.001388888888888889
-0.011048511,0.0345714,-0.01804968,-0.02399607,-0.060641788,0.040982977,0.008880258,-0.06898179,0.04156208,31.658531,26.696095,15.049032,-3.204848,0.002777777777777778
-0.026470661,0.081140265,0.11809045,-0.081094936,-0.051663645,0.11605167,0.0029916316,0.036957473,-0.029780038,33.876034,30.835194,9.876293,2.0307984,0.004166666666666667
0.006272331,0.031137966,-0.09774431,-0.12744403,-0.08836236,0.016500767,-0.048899896,0.02871865,0.19246897,36.998985,30.058142,17.879776,2.5837073,0.005555555555555556
0.012911543,-0.003428638,-0.061262198,-0.1588922,-0.09741671,0.011416353,-0.066055685,0.0021291077,0.20707162,40.769295,30.332617,17.059212,2.8699255,0.006944444444444444
-0.018460423,0.12159474,-0.04703722,-0.10527243,0.013866752,0.047532782,-0.0004079491,-0.04607907,0.118877605,50.639694,30.731524,17.6084,2.6006498,0.008333333333333333
-0.0519391,0.11262959,0.04107147,-0.17324622,-0.09223627,0.10831255,-0.07320777,0.01058054,0.14760469,45.9336,30.670242,17.922014,2.7945793,0.009722222222222222
-0.07761221,0.13307245,-0.025367148,-0.052654654,-0.03847251,0.01838132,-0.0018768907,-0.11630807,-0.03255479,56.96019,30.01065,17.093021,2.5631683,0.011111111111111112
0.020187803,0.028965555,-0.030483238,-0.17413343,-0.072161265,0.035048924,-0.05831399,-0.024849817,0.17545143,42.145813,30.459625,17.068838,2.7451525,0.0125
0.037730224,0.07239868,-0.0031674951,-0.14698859,-0.06447602,0.07542669,-0.074465215,0.043835305,0.104445726,53.072285,10.751612,17.709265,3.3856854,0.013888888888888888
-0.20055914,0.052038394,0.016869217,0.10355584,-0.24986625,-0.063885584,-0.07729306,-0.20360255,-0.066729456,60.00467,30.20734,16.361477,2.597902,0.015277777777777777
0.036847174,-0.004569344,0.021065585,0.011772402,-0.06315475,0.034875117,-0.110081255,-0.1733186,-0.016039427,53.17234,28.309786,13.1580715,-0.8941319,0.016666666666666666
-0.038364097,0.06167175,-0.015853278,-0.043566987,-0.038700067,0.010506492,-0.024603844,-0.08168679,-0.060423538,55.31123,26.507338,15.065438,-3.6106548,0.018055555555555554
0.019125946,0.011683337,0.07619505,0.052617133,-0.07276458,0.00045724586,-0.04687898,-0.12030188,-0.042289943,50.78103,26.678364,14.4484005,-3.6714985,0.019444444444444445
-0.015197068,0.010566287,0.022267811,-0.014840201,-0.053566463,0.06252402,0.008306846,-0.027367502,-0.025102567,55.01825,25.94313,14.510549,-4.0364823,0.020833333333333332
0.012262054,0.057001602,-0.02389153,0.032500155,0.018449001,0.021503191,-0.017405331,-0.03648044,0.023760997,57.98991,26.872913,14.549734,-3.0523982,0.022222222222222223
-0.124987274,0.08329208,0.017228216,0.056675784,-0.049566932,-0.018093865,-0.051803455,-0.068802215,0.017481435,59.551037,30.932367,16.03812,1.7715886,0.02361111111111111
-0.09542425,-0.095823675,0.0036124513,0.006915964,-0.04984594,0.010736126,-0.10015757,-0.113173924,0.007646255,65.27806,32.24791,16.597816,2.6350365,0.025
-0.12005556,-0.11728564,0.003190644,-0.01835844,-0.052477054,-0.014179643,-0.105473824,-0.088356756,0.0067279786,65.96596,32.55617,16.623287,2.7090766,0.02638888888888889
-0.23770908,-0.18280992,-0.05714471,-0.16398697,0.1435955,0.07876328,-0.062854275,-0.101703055,-0.005337389,61.04027,27.779455,16.10643,2.7266154,0.027777777777777776
0.087215096,0.038643762,0.19420743,0.27765405,-0.14890009,-0.024698492,0.103952095,-0.1312646,-0.035708994,59.567036,13.079986,17.092838,1.8698956,0.029166666666666667
-0.07323904,-0.048067987,0.0495106,0.023888037,-0.06353957,0.03869164,-0.12955126,-0.07815548,0.015305676,62.959312,31.232403,15.1888485,2.1155703,0.030555555555555555
-0.060977668,-0.05723551,0.06302681,0.020784989,-0.060925566,0.026492778,-0.13977209,-0.08463428,0.0011615828,63.363033,30.783302,15.759791,0.9877243,0.03194444444444444
-0.09243423,0.035396375,0.053035785,0.039627478,-0.01918853,0.032758623,-0.05251821,-0.0630165,-0.0064622276,61.51985,31.093431,16.753273,2.0262334,0.03333333333333333
0.01936984,-0.086567774,0.0048914775,-0.039630905,0.021271378,0.043970603,0.042220145,-0.13869235,0.02081225,51.26742,29.726427,15.937631,1.4315892,0.034722222222222224
-0.020373747,-0.101203725,-0.057726316,0.012996733,-0.12524837,-0.07103203,0.050269634,-0.00579232,0.005678449,-4.4841666,24.930508,15.906976,-4.3583465,0.03611111111111111
-0.014334857,-0.06744528,-0.0639428,0.012805164,-0.15791988,0.036425613,0.09619437,-0.079060845,0.12854098,3.4628952,25.707985,15.911403,-3.22856,0.0375
0.07114847,0.06530157,0.04060934,-0.005917065,-0.06077791,-0.02142791,-0.018221065,-0.081479006,0.04451415,23.082973,26.644674,14.859327,-3.32968,0.03888888888888889
-0.02845949,0.038760565,-0.001455076,0.017691761,-0.05655601,0.04377137,-0.02121678,-0.07707632,0.037873477,30.066538,26.70415,15.031099,-3.688755,0.04027777777777778
-0.035000503,0.124516614,0.100423664,-0.05244182,-0.082707666,0.08914091,-0.04271479,0.03214511,-0.016542986,34.424274,30.643898,9.137083,2.201563,0.041666666666666664
-0.0063920915,-0.031635627,-0.10198776,-0.04327956,0.045833293,-0.01193149,-0.08147787,-0.09488963,0.052603252,34.426346,9.88711,18.935623,1.0305344,0.043055555555555555
0.050410517,0.06568064,-0.026897483,-0.23397751,0.038219318,-0.016656514,0.03604977,0.09402892,0.19061463,43.2459,31.046097,16.172514,2.77112,0.044444444444444446
-0.05339019,0.08925012,0.078480504,-0.17641996,-0.026815772,0.058027253,0.03159423,0.04890948,0.0742482,50.089603,31.104828,17.048306,2.7941432,0.04583333333333333
-0.010213226,0.084828876,0.011065066,-0.13167523,-0.10324972,0.099216,-0.054343715,0.04384683,0.11871509,47.018284,30.935852,17.23309,3.3415382,0.04722222222222222
-0.083494246,0.091805525,-0.0077668726,-0.08991696,0.02136714,0.09695102,0.09948619,0.0012533367,0.07545472,52.587685,30.818268,17.661247,3.0880082,0.04861111111111111
0.039863512,0.08592178,-0.015992455,-0.13267694,-0.10830214,0.07644078,-0.026913092,0.009043559,0.15136604,41.278408,30.683004,17.248936,2.7010489,0.05
-0.115165696,-0.021757394,-0.0074955598,-0.012530804,0.011090137,-0.00247306,-0.008797854,-0.04614182,0.0338275,61.204937,31.386646,17.0807,2.5201426,0.05138888888888889
-0.09520763,0.030770376,0.0044173375,0.03905587,-0.006410122,0.0575138,-0.022101372,-0.12798461,0.021806002,59.806324,31.004698,17.101572,2.3445299,0.05277777777777778
0.09426759,-0.021606356,0.022661254,-0.021123484,-0.11264063,-0.007823702,-0.053089775,-0.1131705,0.024860162,54.41792,28.78456,12.166831,-0.35917532,0.05416666666666667
-0.028566107,0.07950916,0.016963698,0.010260351,-0.063080855,0.027012069,-0.013164163,-0.13430482,-0.04770015,54.73912,26.183893,14.461751,-3.6550956,0.05555555555555555
0.05660271,0.0070187226,0.0071439594,0.16893162,-0.0826375,-0.029553253,0.018872768,-0.15118667,-0.05462391,52.02285,22.7601,15.024385,-3.8550982,0.05694444444444444
-0.010017216,0.026403531,0.052639022,-0.13431445,-0.07850807,0.04550893,-0.11807568,0.13462439,-0.09292115,54.587555,11.616486,6.7738304,-1.3112279,0.058333333333333334
-0.024665952,0.07200191,-0.013747342,-0.005647458,-0.021139704,0.01758384,0.029592216,-0.07584601,-0.017202456,56.801632,26.636396,15.774873,-3.6372414,0.059722222222222225
-0.13210574,0.028526857,-0.012467533,-0.029272094,-0.05726508,-0.016878653,-0.11489772,-0.07099383,0.056301348,61.299553,31.366861,15.844816,1.94581,0.06111111111111111
-0.07329807,-0.16632688,0.101663545,0.08776076,-0.11449125,0.021108769,-0.11155644,-0.18068519,-0.015971346,66.092,31.709614,16.171785,1.5771146,0.0625
-0.18456322,-0.1550619,0.08187423,0.02703388,-0.18272701,-0.050889153,-0.13710569,-0.11893759,0.016983721,65.57925,32.14129,16.302145,1.9543313,0.06388888888888888
-0.0898962,0.0051460788,-0.0072349086,-0.0022384524,-0.048208915,0.019369088,-0.025836632,-0.11615998,0.0111033805,60.5542,31.019285,16.641256,2.4554167,0.06527777777777778
-0.09106046,-0.003883481,0.00945282,0.0013429523,-0.014491558,0.074901015,-0.011724606,-0.07414881,0.005787842,60.79884,31.144152,17.134535,2.403652,0.06666666666666667
-0.05719623,-0.012014419,0.022079706,0.0036966428,-0.0455553,0.056286156,-0.05755175,-0.12021143,0.016156718,60.72053,30.907652,16.841814,2.1387749,0.06805555555555555
-0.0845819,0.011434637,0.009226114,0.025755316,-0.08277059,0.050982103,-0.03779886,-0.13070396,0.004177343,61.0362,30.554121,17.102701,2.4069238,0.06944444444444445
-0.04598351,-0.016895011,0.018134326,-0.00538484,-0.050133027,0.025620505,-0.0432787,-0.15553212,-0.0051656645,61.0749,31.067532,17.117226,2.1553178,0.07083333333333333
-0.24143809,0.008795902,-0.36523736,0.19609576,-0.08057623,0.044186085,0.014644772,0.03249391,-0.16822694,36.685505,6.9609942,22.294846,-2.1943326,0.07222222222222222
-0.13013738,-0.05074027,-0.049174644,-0.024011433,-0.13378313,-0.061397184,0.028868228,0.08483052,0.09118273,-5.5599275,24.84799,16.77887,-3.6446388,0.07361111111111111
-0.0038461536,0.073100135,0.116444945,-0.009506099,-0.14059344,-0.06805454,0.081445664,-0.08914588,-0.013263866,8.989401,26.209734,14.170833,-2.6523964,0.075
-0.06192389,0.020786278,0.081912294,-0.093636975,-0.05804532,0.01747584,-0.036601663,-0.04184545,-0.015294619,24.383394,26.647137,14.557381,-2.963693,0.0763888888888889
-0.046172753,0.029593334,-0.0049016476,-0.009286247,-0.07645541,0.04172308,-0.022587389,-0.08663591,0.038113087,30.740786,26.65176,15.239801,-3.3609688,0.07777777777777778
-0.055554196,0.15519409,0.15593989,-0.017365783,-0.1151206,0.07119464,-0.033703454,0.01807201,-0.05711899,33.619343,30.516327,8.831513,1.8209318,0.07916666666666666
0.00791844,0.014407821,-0.07723073,-0.116174236,-0.08494764,0.017264556,-0.015850097,0.039167754,0.20089576,36.820503,30.082989,17.543346,2.7799315,0.08055555555555556
0.03165222,0.07791084,-0.0078057945,-0.17373197,-0.05210159,0.00053564087,-0.045868732,-0.041924372,0.1203616,47.542595,30.3888,17.214426,2.9019084,0.08194444444444444
-0.022886649,0.09637714,0.007970557,-0.13459186,-0.0071991757,0.029148798,-0.045630604,-0.06229181,0.06366813,50.272793,30.561487,17.256912,2.283499,0.08333333333333333
0.06307341,0.097833775,-0.034563653,-0.1686445,-0.044902273,0.012656175,0.021055207,0.06863975,0.1484912,49.214066,30.847672,17.077122,3.580115,0.08472222222222223
-0.050023183,0.11131262,-0.0874568,-0.10245615,-0.0027129427,0.16941805,-0.16169025,-0.03351921,0.10564156,48.759995,24.489151,16.462942,2.915296,0.08611111111111111
0.03910891,0.06896534,0.10706529,0.17993751,-0.12930271,-0.12764089,0.07885747,-0.22468713,-0.09175287,42.983315,13.674334,14.284565,3.5075486,0.0875
-0.13623074,-0.06539568,0.016497307,0.02672635,-0.03068038,0.069876924,-0.028133288,-0.047426462,0.03534619,63.428295,31.994856,17.09066,2.6508348,0.08888888888888889
-0.09189388,0.051130556,-0.015219852,-0.0028059483,-0.0731665,0.05882157,-0.041167796,-0.15235037,0.010756634,57.940334,30.800764,17.013496,2.42329,0.09027777777777778
0.036623433,-0.06616482,0.029090643,-0.011918351,-0.14250004,0.05685289,-0.08426986,-0.05934789,0.06341404,55.593796,28.749094,12.1914835,0.4780266,0.09166666666666666
-0.04875359,0.0065959245,0.04034099,-0.082436904,-0.050795086,0.04539428,0.066107616,-0.014873654,0.007985748,55.20102,26.204266,12.663475,-3.457616,0.09305555555555556
0.0080133155,0.013648361,0.11617647,-0.0380134,-0.05533562,-0.003253203,-0.036812805,0.018019833,0.0074187964,60.08227,30.61928,-2.8517048,0.39594296,0.09444444444444444
0.016253673,0.09770039,0.043675818,0.0015838593,-0.06399075,0.08954602,-0.02748996,-0.02762337,0.014673788,58.411705,27.145292,11.575303,-2.198438,0.09583333333333334
-0.020293802,0.052346013,-0.003883034,-0.011206172,-0.031681128,0.015498422,0.011654183,-0.054266028,-0.030290112,55.834274,26.349777,14.8821,-3.4070473,0.09722222222222222
-0.17350876,0.051228628,-0.04751631,-0.0681715,-0.055791296,0.008023586,-0.1265539,-0.05730311,0.009543929,62.12584,31.178368,15.234648,1.8854553,0.09861111111111111
-0.11413981,-0.10721509,-0.0013422891,-0.022971764,-0.03623361,-0.018165868,-0.08928859,-0.08820584,0.00932933,65.47631,32.449905,16.61229,2.7226348,0.1
0.021710627,-0.19524172,0.003957212,-0.15645458,-0.027612545,0.22134317,0.014962599,0.029398184,0.03950295,60.841637,10.476061,21.582949,0.31959817,0.10138888888888889
-0.051270977,0.015262626,-0.037528314,0.050248895,0.01312457,-0.011622306,-0.0051922053,-0.2039403,-0.0114479065,61.19047,31.511486,16.900051,2.7245317,0.10277777777777777
-0.08920847,0.007971756,-0.014748022,0.028565474,-0.031920217,0.032436058,-0.049746737,-0.1302622,0.006713718,60.835136,31.046215,16.806005,2.5091205,0.10416666666666667
-0.08743085,-0.0067646354,0.021572433,0.022330895,-0.059764676,0.055635102,-0.06480641,-0.13433254,0.0115817785,61.19934,31.266075,16.982166,2.3752632,0.10555555555555556
-0.05760491,-0.057907164,-0.037759013,0.009400889,-0.060681723,0.0016148128,-0.083455935,-0.20006981,0.029144093,61.323456,31.30097,16.723839,2.3882704,0.10694444444444444
-0.08901122,0.02816315,0.0035836846,0.030118532,-0.083675675,0.017498795,-0.07622648,-0.15722114,0.009890206,60.843193,30.991089,16.991343,2.4329152,0.10833333333333334
-0.004650414,0.0034825876,0.11823739,-0.3661759,-0.1976307,0.17457747,0.01730302,-0.07324841,0.17332676,22.933647,29.27348,17.96593,1.3693261,0.10972222222222222
-0.11898683,-0.10859531,-0.012834735,-0.072145835,-0.077028506,-0.023880254,-0.00426957,0.053238522,0.08243086,-4.0215516,25.686703,16.206772,-4.253977,0.1111111111111111
-0.16447186,-0.072945595,0.06698006,0.03608533,-0.15049708,-0.054713126,-0.027817637,-0.14119628,0.060352482,15.867785,26.701029,14.420614,-3.4361746,0.1125
-0.021368623,0.030292965,0.044759523,0.0291185,-0.03278882,0.040755108,-0.036026493,-0.049363688,-0.0074390024,28.432137,26.787476,15.022763,-3.4496477,0.11388888888888889
-0.19384041,-0.012330994,0.043126125,-0.04490374,-0.007174365,-0.031907152,0.006576553,0.0005459264,0.12075777,31.13875,16.45972,14.795493,-2.1344256,0.11527777777777778
-0.06464422,0.30064914,-0.17219666,0.12813486,-0.1933417,0.0077460296,-0.06978707,-0.2049785,0.023485918,33.80038,13.261689,11.204592,0.70029414,0.11666666666666667
0.0147820115,0.019886702,-0.11024467,-0.1604055,-0.06250093,0.053952504,-0.04493539,0.03484007,0.191396,37.66793,30.323944,17.704937,3.3326874,0.11805555555555555
0.008332193,0.026596755,0.027474687,-0.16610919,0.013835572,0.03329711,0.07884927,0.04995521,0.110124916,49.99313,31.125626,17.203224,2.786023,0.11944444444444445
-0.012013972,0.038945884,-0.02316501,-0.19109069,0.04653921,0.078366324,0.02577795,0.026379846,0.14689058,46.4824,30.652096,17.956793,3.020551,0.12083333333333333
-0.058708176,0.100129314,-0.040579595,-0.107334256,0.010903776,0.034388438,0.037662208,0.031030044,0.045597933,54.599625,30.017206,18.07115,2.934228,0.12222222222222222
-0.075800285,0.06300351,-0.0003906712,-0.13877611,-0.035181962,0.060695104,-0.010982081,-0.0149097,0.107639134,44.7382,30.700882,17.47305,2.787674,0.12361111111111112
0.16525199,0.0060819313,0.08482196,-0.15977474,-0.091758735,0.016245812,-0.043504022,0.10076021,0.06255132,52.201797,30.302677,16.162018,1.7176294,0.125
-0.102044284,-0.060885087,0.047034685,0.07493511,-0.11085411,-0.033117484,-0.12608081,-0.12793106,0.017439239,64.26291,31.430946,16.078348,1.295757,0.12638888888888888
-0.062911764,0.08386396,0.0017455816,-0.02471818,-0.048559614,0.0668162,-0.0073823184,-0.08735714,0.031191096,56.776134,30.442347,17.041857,2.2245204,0.12777777777777777
-0.0023467839,-0.03270021,-0.052617542,-0.07570705,-0.13123578,0.00047128275,-0.087023534,-0.07886685,0.08497979,56.572796,28.892874,11.647796,0.5015732,0.12916666666666668
0.14869638,-0.013828173,0.1215485,-0.013483569,-0.18392587,0.052454244,-0.076789275,-0.12999836,-0.11560235,51.819595,4.5794263,8.639733,-1.5668752,0.13055555555555556
-0.0050977618,0.014364928,0.027307786,-0.011774741,-0.028835215,0.018990636,-0.08303898,-0.12155468,-0.061617468,54.26156,26.70131,14.958221,-3.7843966,0.13194444444444445
-0.03623888,0.05226233,-0.006779507,-0.021558404,-0.021087177,0.03576132,0.006068364,-0.03173042,0.042550817,57.50223,26.394966,15.360309,-3.1799564,0.13333333333333333
-0.035939038,0.066149175,0.02465938,-0.00068740547,-0.08886924,0.02898629,0.0001231879,-0.06983564,-0.010965334,54.76232,26.294224,14.234432,-3.3806243,0.13472222222222222
-0.11318153,-0.0053372756,-0.014363743,-0.059919596,0.042321153,0.06424342,-0.10163252,-0.07927028,-0.002152698,63.78528,31.817265,14.824421,1.8429719,0.1361111111111111
-0.11917633,-0.12300974,0.005863771,-0.016999006,-0.0490193,-0.009951178,-0.10138954,-0.0911654,0.003942063,65.83442,32.480663,16.579304,2.6244905,0.1375
-0.098840386,-0.042201757,0.039445486,0.043692276,-0.051734023,0.05640149,-0.065873355,-0.13068435,0.009915952,62.655052,31.666878,17.151243,2.5171382,0.1388888888888889
-0.08152299,-0.0042863265,-0.0035424605,-0.0040454045,-0.034865476,0.04288384,-0.051536836,-0.13290903,-0.013707775,61.00635,30.907995,16.939417,2.4448462,0.14027777777777778
-0.0771755,-0.026724637,-0.00853581,-0.0062813014,-0.043930672,0.02934182,-0.028868973,-0.12043054,0.015612457,60.96663,31.013245,16.77019,2.192265,0.14166666666666666
-0.09241974,-0.03309919,0.0020957068,0.025198445,-0.022895746,0.051185515,-0.005672604,-0.10189135,0.005060345,61.17245,31.215614,16.955593,2.2066033,0.14305555555555555
-0.04318799,0.015942834,-0.07438306,0.088425346,0.06890869,0.15584867,-0.03936728,-0.05704669,-0.040637657,61.04968,23.532711,15.264979,3.0861428,0.14444444444444443
0.06609458,0.016673379,0.09046783,-0.07974458,0.06888734,-0.17514299,-0.030665621,-0.09232663,-0.0033247136,56.5682,16.534767,16.570583,2.690231,0.14583333333333334
0.19509691,0.0936705,-0.120471306,-0.13747941,0.031554185,0.064508386,-0.07559893,-0.07027728,-0.02803653,9.045866,30.408264,16.479912,0.62596285,0.14722222222222223
-0.06187801,-0.12514317,-0.02139812,0.050387666,-0.023123525,0.0038792044,0.022431612,0.056443695,0.094250284,-3.2905986,26.349976,14.886738,-3.3866801,0.1486111111111111
0.030085675,0.013887621,-0.0037501827,-0.11998938,-0.021132007,-0.029456485,-0.010361701,-0.11848702,0.025060482,22.853018,27.152899,14.60254,-3.3638906,0.15
-0.024826482,0.0020088553,-0.010822825,0.006094046,-0.06324633,0.054376077,0.032121688,-0.05426337,0.07383627,30.923668,26.395445,14.782332,-3.2048872,0.15138888888888888
-0.04301931,0.047013924,0.015360512,-0.012352765,-0.059120007,0.070751466,-0.027502358,-0.06930853,0.024195142,30.948725,26.674568,14.944718,-3.6369631,0.1527777777777778
0.012620635,0.16368783,0.22621822,0.041460164,-0.086555235,0.022860877,0.05833009,-0.0009909794,-0.113609515,33.516937,29.609594,10.207128,0.6582624,0.15416666666666667
0.036099315,-0.05703315,-0.030120365,-0.20758222,-0.06131906,0.06913574,-0.12590598,0.016555421,0.2059727,40.86338,29.437994,16.35505,3.1501937,0.15555555555555556
0.033894897,0.09168868,0.030755356,-0.029610842,0.039496116,-0.011578504,-0.08681591,-0.11796943,-0.004226504,54.668907,28.305927,15.873762,0.027565002,0.15694444444444444
-0.0015818998,0.15742421,0.10523981,-0.13836022,-0.03636656,-0.009427343,-0.036052763,0.09762647,0.09863934,45.458443,30.487267,17.463509,2.0053995,0.15833333333333333
0.17941894,0.01002714,-0.15900663,0.03656376,-0.065579645,0.219359,0.007540956,-0.005455032,0.04597705,57.309322,9.050539,20.86603,0.9982436,0.1597222222222222
-0.04913257,0.0028024167,-0.10783974,-0.13739602,-0.021652803,0.0793704,-0.062169857,-0.048708573,0.1853895,42.422283,30.771421,17.734015,3.2782898,0.16111111111111112
0.0030114427,0.0062282234,-0.019790947,-0.12533167,0.002701588,-0.003931891,0.0075164884,-0.017388865,0.114349395,55.57303,31.715979,17.25383,3.0616674,0.1625
-0.112149715,-0.050232083,0.012634598,0.010597505,-0.018529393,0.063308015,0.002511248,-0.06383409,0.013124641,61.84079,31.44851,17.356218,2.4433172,0.1638888888888889
-0.05398424,0.07540931,-0.026169501,-0.015459865,0.015418038,0.037961327,0.015403315,-0.082420774,0.026360944,56.3817,30.56425,17.00382,2.35912,0.16527777777777777
0.03110326,-0.019384354,-0.03538794,-0.04210089,-0.099745266,0.10297066,-0.05995377,-0.05948498,0.020425849,57.927715,30.22387,10.769078,0.97154355,0.16666666666666666
-0.0042971075,-0.0034547374,0.057420492,0.025225222,-0.07507037,0.007447485,0.016861618,-0.017890088,-0.0056743044,50.479435,26.577002,15.085558,-4.0560555,0.16805555555555557
-0.024611533,0.06661342,0.010605894,0.01775726,-0.07818655,0.043289848,0.023220584,-0.05231516,0.018395789,55.20382,26.251747,14.674362,-3.7298832,0.16944444444444445
0.025047794,0.0938198,-0.02889026,-0.001801841,-0.002573505,-0.0047219433,-0.04608567,-0.04741647,0.01819383,57.765945,26.867527,14.438719,-3.1208177,0.17083333333333334
-0.031705618,0.043764204,-0.009146072,-0.0746288,-0.043078534,0.02768156,0.0127174705,-0.07306596,-0.04489466,54.93349,26.17458,14.562776,-3.7953157,0.17222222222222222
-0.07643883,0.027824245,0.2015698,-0.037520066,-0.011248402,0.19364768,-0.052879803,-0.076070435,-0.004923286,61.810196,22.435478,15.478413,1.8472737,0.1736111111111111
-0.009859964,0.020888478,-0.018376015,-0.19028251,0.0062814504,-0.13838127,-0.16662134,-0.12026163,0.077623464,62.278065,19.558588,16.538458,3.302696,0.175
-0.08766036,-0.044041112,0.011215679,0.034762584,-0.07453842,0.070375554,-0.06798536,-0.13682035,0.027051196,61.518143,31.371634,17.280537,2.5561583,0.1763888888888889
-0.0884708,-0.004851818,-0.013269596,0.009989709,-0.048008032,0.025763001,-0.029080227,-0.15207916,0.012276523,60.697613,31.047344,17.06127,2.5657904,0.17777777777777778
-0.0891418,0.017421871,0.0012512878,0.029677905,-0.027109452,0.012844432,-0.018706352,-0.13558295,0.018416207,60.701138,31.092083,16.94378,2.4919386,0.17916666666666667
-0.062064648,0.008840784,0.009966329,0.029446542,-0.005709529,0.05205001,-0.023560777,-0.10236245,0.03488625,60.795647,31.474907,17.077581,2.2588964,0.18055555555555555
-0.061901346,-0.02501908,0.033161707,0.0018489659,-0.0732769,0.025617242,-0.02735892,-0.15182644,0.012806114,60.354233,30.67681,16.763279,2.313765,0.18194444444444444
-0.10833989,-0.0149217695,-0.06246338,-0.08569093,0.06521678,0.01979341,0.170009,-0.12531996,0.0026167277,54.333763,31.188738,16.231384,2.871914,0.18333333333333332
0.039612874,-0.07640234,-0.05846087,-0.13648187,-0.10716464,0.031296056,0.09116584,0.07123085,0.059068747,2.1602817,30.42901,17.362753,0.56536555,0.18472222222222223
0.034381963,-0.102489516,0.009512253,-0.08271366,-0.11017265,-0.034130637,0.098191276,-0.060895972,0.12954798,3.8428342,25.99038,14.646662,-3.1397367,0.18611111111111112
0.040676966,0.11655697,0.08027748,-0.015057877,-0.048105143,-0.048575725,-0.01765287,0.029982142,0.008259892,29.710705,29.001963,1.6600727,0.39075986,0.1875
0.013942845,0.27694368,-0.1962575,0.18663734,-0.29890102,-0.06597978,0.08806074,0.0023379177,0.04479947,37.893845,5.472008,0.69216096,-0.33423072,0.18888888888888888
-0.01704599,0.024308518,0.0064697117,-0.0331486,-0.07339228,0.05910264,0.0076180547,-0.057334222,0.042284578,31.03472,26.700596,15.127049,-2.9486227,0.19027777777777777
0.05624745,0.20346633,0.17758846,0.11555759,-0.12540087,0.027722057,0.06548357,-0.03400962,-0.12877755,32.80638,29.322426,11.267395,0.12650391,0.19166666666666668
-0.003278628,0.004856333,-0.08466955,-0.23740827,-0.0041899756,0.07590653,-0.010548413,0.029314786,0.19320522,43.005146,30.736639,17.232248,3.4502668,0.19305555555555556
0.015890919,0.062222905,0.027830549,-0.15000232,-0.082234256,0.036289923,0.04206343,-0.020419538,0.123739645,50.098534,30.66631,17.119568,2.9989886,0.19444444444444445
0.049285688,0.09004983,0.1068335,-0.18363743,-0.15874535,0.09297833,-0.084240876,0.006143786,0.09177399,47.161636,30.482224,17.610092,2.8132143,0.19583333333333333
-0.04036063,0.0836658,-0.015302047,-0.058480144,0.026749648,0.10171537,0.09830047,-0.027235515,0.13182192,52.758324,30.784464,17.44781,2.537839,0.19722222222222222
-0.0105757415,0.05938602,-0.089395545,-0.1449864,-0.055826597,0.05739883,-0.072968476,-0.0020724386,0.19029829,41.341995,30.63789,16.840687,2.6773314,0.1986111111111111
-0.08981098,0.018870384,-0.027385466,-0.013553008,0.010697618,0.004577223,-0.010435075,-0.046840817,0.056970194,60.79584,31.44121,16.95659,2.4465613,0.2
-0.07136752,0.039675124,0.017184407,0.026605852,0.011043824,0.031579234,-0.0039020628,-0.12508002,0.031096824,59.57752,30.80904,17.260033,2.350544,0.2013888888888889
-0.13603327,0.0139271915,-0.005620323,-0.15645151,0.0013708398,0.17040798,0.050930128,-0.09298348,-0.16554539,57.6761,20.564333,15.846847,3.2515848,0.20277777777777778
-0.047664046,-0.006803304,0.04275958,-0.046490654,0.05615286,0.098907664,-0.14734791,-0.049136028,-0.08408727,55.56006,22.614347,13.199147,-1.550779,0.20416666666666666
-0.025539353,0.03700076,0.034480363,0.022899613,-0.08980199,0.03276965,-0.0685161,-0.09846514,-0.0077988654,51.010983,26.524717,14.838451,-3.761029,0.20555555555555555
-0.006216109,0.07622274,-0.028730236,-0.05820331,-0.047179066,0.06911611,0.058687538,-0.066883065,-0.01609904,54.800552,26.557783,14.792187,-3.436523,0.20694444444444443
-0.032213733,0.058497302,-0.0061333477,-0.019732326,-0.029424317,0.03674996,0.029245526,-0.019805744,0.026450582,56.79682,26.713707,15.3455715,-3.5197873,0.20833333333333334
-0.0150287,0.07322332,0.009170003,-0.060750946,-0.045785807,0.039653715,-0.022463202,-0.0036465004,-0.019997377,55.46075,26.399137,14.781436,-3.4607859,0.20972222222222223
-0.07942735,0.047135584,-0.021803178,-0.043019414,-0.01969175,0.097923756,-0.11750159,-0.06891338,-0.044950083,63.79207,31.564774,12.344495,1.9654292,0.2111111111111111
-0.118935004,-0.12530744,-0.005241044,-0.01333496,-0.052352317,-0.016036678,-0.0959611,-0.093743764,0.007528048,66.04116,32.687954,16.616537,2.8087418,0.2125
-0.104788214,0.017288283,-0.016975395,0.009856679,-0.035282724,0.05540292,-0.038068794,-0.10308584,0.025883347,60.20987,30.719767,17.008186,2.3360672,0.21388888888888888
-0.06693466,0.0048969463,0.012808576,0.033761464,-0.050528415,0.05762472,-0.03665986,-0.13416165,0.022490412,60.504585,31.119959,16.93372,2.2634964,0.2152777777777778
-0.08227894,-0.019517034,0.017820708,0.0038077682,-0.048743077,0.047963027,-0.047063135,-0.12651023,0.0014753714,60.785267,31.225023,16.867157,2.284976,0.21666666666666667
0.4514283,-0.17362788,-0.16662407,0.21926501,-0.16762269,0.09000406,0.20682444,0.12166366,0.12136079,58.363262,14.726661,17.369722,-0.4170083,0.21805555555555556
-0.12073745,-0.11285181,0.045651596,0.030339591,-0.118442185,0.037702836,-0.119630426,-0.061705835,0.014912587,63.4405,30.704723,15.490398,0.71360767,0.21944444444444444
0.06779962,0.049628012,0.26335794,-0.04461631,0.09110025,0.10899051,0.15635745,0.06983139,-0.0014368854,38.49027,31.033335,19.092293,1.3974833,0.22083333333333333
0.03955646,-0.045942366,-0.094039924,-0.1500261,-0.09204101,0.057338778,0.08252908,0.07823205,0.083777405,1.6114856,30.914618,18.214941,1.0226383,0.2222222222222222
-0.0359309,0.012252279,0.07994667,-0.008412957,-0.06604547,-0.031811666,0.01006639,-0.08655577,0.013340153,9.117997,25.97834,14.629348,-2.5424109,0.22361111111111112
-0.038328186,0.033981092,0.045069233,-0.104653165,-0.045139365,0.0009147972,-0.027962357,-0.116360985,-0.024850648,24.867174,26.592638,14.700046,-3.48523,0.225
-0.035403714,0.023842834,-0.005605936,-0.0031369254,-0.05674859,0.046894804,-0.01898919,-0.07734122,0.033740938,30.471401,26.535639,15.327577,-3.3509219,0.2263888888888889
-0.029700384,0.037249632,-0.0019389093,-0.029628322,-0.04189653,0.07405178,-0.033350453,-0.05684167,0.015379041,31.695692,26.661102,15.1059,-3.466432,0.22777777777777777
0.081905544,0.14390315,0.19884783,0.11481635,-0.1192468,0.05231094,0.024937898,-0.1007935,-0.048948683,32.532692,29.022018,11.551409,-0.5948876,0.22916666666666666
0.0023903772,0.064222485,-0.011192352,-0.17545693,-0.066616856,-0.0012591667,-0.041212127,0.0038806126,0.13305664,46.992912,30.71607,17.249905,3.0411172,0.23055555555555557
-0.2069534,0.045767605,-0.12667611,0.05763647,0.02467341,-0.05970135,-0.23146859,-0.013820671,-0.050785966,49.398705,20.422,14.65424,2.1652746,0.23194444444444445
-0.033499703,0.006970875,-0.076092415,-0.07992265,-0.1283128,0.07546302,0.035543725,0.0035783052,0.109069824,48.35594,22.949556,15.674779,2.9276044,0.23333333333333334
-0.07035734,0.12737907,-0.022256851,-0.14224179,-0.018639125,0.10728616,-0.031287134,-0.011039607,0.16595994,48.798145,31.292969,17.713772,3.0223103,0.23472222222222222
0.0027634352,0.10983214,-0.020395316,-0.26148778,-0.06856733,0.11158255,-0.07461532,0.08690626,0.13996185,43.462894,31.220043,17.283611,3.1268463,0.2361111111111111
-0.06256983,-0.056019634,0.05567225,0.0063802525,0.016331904,0.067912795,-0.06722493,-0.074199386,0.026042134,63.081604,31.935093,16.964445,2.4654508,0.2375
-0.07173745,0.019764744,0.004874088,0.0031994358,-0.09389094,0.0599277,-0.035816,-0.1594663,0.015532009,58.392982,30.565207,17.031912,2.1915095,0.2388888888888889
-0.030994877,0.04325659,0.018637598,-0.031214222,-0.063857146,0.046218954,-0.07936848,-0.117517434,0.03983029,58.591694,30.862005,16.727665,2.42631,0.24027777777777778
-0.0042040497,-0.066894084,-0.020702638,-0.0514711,-0.1291661,0.052621413,-0.0396692,-0.06329123,-0.015398676,57.349373,29.895742,11.408213,1.2952877,0.24166666666666667
-0.0033894032,-0.004741341,0.0045851544,-0.016366705,-0.018498994,0.029685069,0.06964956,-0.0885965,-0.019485857,51.239277,26.107908,14.890729,-4.4698043,0.24305555555555555
-0.037774995,0.034014672,-0.030305035,-8.7186694e-05,-0.03627906,0.06382637,0.015265986,-0.057791628,0.033248346,56.800755,26.110357,14.957713,-3.522429,0.24444444444444444
-0.024310052,0.056660622,0.013932578,-0.043543503,-0.038467564,0.033279467,0.017075792,-0.048228897,-0.014446368,56.195545,26.253529,15.290528,-3.4146502,0.24583333333333332
-0.028190538,0.069741264,0.04253404,-0.086471245,-0.2663949,-0.20398183,-0.082336,0.024000399,0.1915287,56.569656,6.2023787,7.400296,-0.43856573,0.24722222222222223
-0.08707498,0.09042299,-0.020847678,-0.038454562,0.022541776,0.051977772,-0.06336563,-0.019703925,-0.048746094,63.439484,31.860458,12.322779,1.9891926,0.24861111111111112
-0.08069043,-0.14449885,0.05991657,0.048968427,-0.13113791,0.032013092,-0.11496435,-0.1347116,0.023846935,65.58954,32.117123,15.177447,2.1916819,0.25
-0.08952391,-0.05418457,0.043133955,0.030089363,-0.085420154,0.022907525,-0.121263795,-0.12058652,0.018229678,63.528114,30.49879,15.589932,0.89493966,0.2513888888888889
-0.08845633,0.0044491664,-0.0049745888,0.028468765,-0.08463869,0.034607895,-0.05053045,-0.17980847,0.0014749169,60.916832,30.907375,16.80474,2.2858706,0.25277777777777777
-0.090431646,-0.010742322,-0.0020981133,0.0233709,-0.034863867,0.049478196,-0.05532083,-0.12818578,0.011890274,61.181805,31.154661,16.739485,2.2231767,0.25416666666666665
-0.12211551,0.0083170235,0.00672096,6.303936e-05,-0.047419287,0.04362151,-0.03488449,-0.07685851,0.02591125,60.921104,31.172003,17.093502,2.171963,0.25555555555555554
-0.11584255,0.012795337,-0.023861408,0.040334344,-0.034799464,0.07891536,-0.07503794,-0.13950795,0.03392085,60.92605,31.46357,16.876884,2.1702094,0.2569444444444444
0.09167918,-0.047104493,0.01045201,-0.11292964,-0.02190157,0.102236114,0.18133305,0.06488223,0.26242107,22.493202,30.200926,19.60041,2.9365244,0.25833333333333336
0.091846414,-0.06782217,-0.052685134,-0.15892933,-0.13400438,0.06461179,0.08729236,0.10009007,0.1247929,3.1320357,31.499535,17.90209,1.0392344,0.25972222222222224
0.0063806176,-0.08687234,-0.09387811,0.015232563,0.18031599,0.011122584,0.07096405,-0.12119535,-0.15840036,17.077887,11.415432,14.840116,-2.004296,0.2611111111111111
0.026506007,-0.09719096,-0.10867923,0.002485074,-0.012125179,0.0014622249,0.02588953,-0.09028592,0.035081275,27.408068,17.83832,13.7901745,-2.4778702,0.2625
-0.014833942,0.017742045,-0.0030414164,-0.044258952,-0.04870502,0.050452545,-0.021292225,-0.066364445,0.022311177,31.408579,26.850754,15.291153,-3.3656085,0.2638888888888889
-0.027461171,0.01951591,0.0055223703,0.0062441006,-0.033308648,0.061734095,-0.029368252,-0.059518315,0.023188122,31.325298,26.687344,15.280895,-3.3116856,0.2652777777777778
0.021120906,0.18363112,0.18069082,0.103429615,-0.0702359,0.05776143,-0.0435213,-0.060715504,-0.081363246,33.2217,28.563986,12.892896,-1.0471442,0.26666666666666666
0.021012492,0.052223995,0.021845028,-0.15793486,0.008336112,0.04427574,0.07005793,0.021733053,0.13802104,48.787483,30.724947,17.158493,2.7720118,0.26805555555555555
-0.066066206,0.01915466,-0.016839057,-0.13043211,0.06261715,0.08507498,0.054987445,0.008461814,0.1212222,47.461716,30.953474,17.355764,2.4529338,0.26944444444444443
-0.0092393905,0.07379113,-0.0539392,-0.091798946,-0.028488897,8.79243e-05,0.05735983,-0.049667656,0.1239503,54.067898,30.914892,17.444588,2.583383,0.2708333333333333
-0.04555577,0.12854345,-0.036989786,-0.11977136,-0.0708121,0.08019298,-0.04276608,-0.028972678,0.1751968,45.369984,30.67529,17.329489,2.712724,0.2722222222222222
0.057926856,0.05048774,0.102894194,-0.17442717,-0.072290264,0.041496124,-0.018888295,0.10567674,0.127218,48.27454,31.036816,16.912374,2.968883,0.27361111111111114
-0.08685906,-0.050234944,0.047733,-0.004924603,-0.09350916,0.03334475,-0.10243987,-0.10995332,-0.0043201037,63.47816,31.680708,16.834085,2.4947495,0.275
-0.007829025,-0.04415995,0.23080257,0.17754355,-0.11674855,0.0064933673,0.14080612,0.07936392,0.13762346,53.413223,11.1401615,17.992626,-0.1424856,0.2763888888888889
-0.10740116,-0.016040504,-0.024994947,-0.021745652,-0.021484345,0.053538002,1.50203705e-05,-0.059750564,-0.003232723,59.572365,31.250528,16.99688,2.6822863,0.2777777777777778
0.078513235,0.09018169,-0.052113004,-0.05215171,-0.0019019619,0.08649764,-0.031057552,-0.016368456,0.049561277,54.3108,29.821068,11.62135,2.054704,0.2791666666666667
-0.045470327,0.04626213,0.006868683,-0.018556431,-0.044105746,0.01343742,0.02424787,-0.058347933,-0.04281211,53.96021,26.379225,15.180831,-3.9602659,0.28055555555555556
0.00032597035,0.117959194,0.11686981,-0.020595595,-0.028708123,0.0011485666,-0.028998986,0.056608617,-0.035864964,63.85216,31.097893,-2.1965811,1.4687974,0.28194444444444444
0.03437382,0.0030648634,0.07710684,0.016172133,-0.09131905,0.0023954697,-0.011391163,-0.044599995,-0.0068495627,59.370445,28.689308,2.3198752,0.48732063,0.2833333333333333
-0.0051626414,0.056464683,-0.003132075,-0.02335526,-0.01748737,0.015606541,0.03947206,-0.017495662,0.027057502,57.91931,26.994764,14.92384,-3.0918415,0.2847222222222222
-0.08193518,0.099120826,-0.0008842647,-0.075111,-0.023059472,0.051655587,-0.08657241,-0.0051498935,-0.08087695,63.77741,31.46611,11.694156,1.747206,0.2861111111111111
-0.09413883,-0.0637826,0.04804076,0.027909763,-0.055086784,0.06861963,-0.04190381,-0.09750209,0.025448147,62.818855,31.53733,17.04845,2.3488028,0.2875
-0.09688233,-0.002640061,0.0049014613,0.034123436,-0.049608253,0.037611328,-0.026919246,-0.10371459,0.038321353,60.869312,31.179605,17.127108,2.3117936,0.28888888888888886
-0.2264499,-0.07346201,-0.05412533,-0.10409436,-0.3548109,-0.17070225,-0.22321507,-0.12293885,0.15756214,59.54046,15.842853,18.685255,1.8748225,0.2902777777777778
-0.03971614,0.1106219,0.20992906,0.08028437,0.11776155,0.21413493,0.047803238,0.042005077,-0.03492153,60.565945,27.73796,14.489735,2.1431577,0.2916666666666667
-0.04650277,0.0029402897,-0.04681667,0.05106994,0.071106985,0.03121767,-0.041902915,-0.1446532,0.029774662,60.681133,31.846916,17.032366,2.2131138,0.29305555555555557
-0.117218375,0.0042217225,-0.036150374,0.047015324,-6.1668456e-05,0.056521732,-0.017015904,-0.10022461,0.027692098,61.101234,31.557232,16.92529,2.440075,0.29444444444444445
0.11996378,0.11213171,0.031001687,-0.027023017,-0.0698046,0.13431938,0.07932834,0.024134617,-0.015310979,12.11942,31.40424,18.337751,1.684772,0.29583333333333334
0.0052230284,-0.0059733167,-0.008235708,-0.15055712,-0.111581124,0.068690255,0.09781177,0.12470638,0.056518123,2.5079808,31.407227,17.225132,1.4687563,0.2972222222222222
0.030012399,-0.009632245,-0.02836246,0.06726838,-3.1515956e-06,0.007855661,0.07860695,-0.06238272,0.13979745,23.090294,27.312471,15.060728,-2.6764724,0.2986111111111111
0.0019269288,0.0006248802,0.0017690659,-0.007513821,-0.081081964,0.046183743,0.0057115257,-0.12273084,0.08231017,30.39485,26.140213,15.555332,-3.4977143,0.3
-0.02656138,0.008083239,-0.02993112,0.015138745,-0.04995375,0.05984725,-0.012731224,-0.07550324,0.03646931,30.910587,26.461525,15.095732,-3.581189,0.3013888888888889
-0.02826725,0.0056648254,-0.038412638,0.016202204,-0.07409493,0.0871862,0.033001542,-0.076359354,0.045318425,32.105316,26.595404,15.124419,-3.5637186,0.30277777777777776
0.07840128,0.065053865,0.11630331,0.014649719,-0.07482513,0.01718045,-0.006195411,0.0043859333,-0.0038117077,34.377567,27.617699,14.36722,-2.2786024,0.30416666666666664
0.24236338,-0.0023597255,0.3358306,0.14613608,-0.04304888,0.08665943,0.18495782,-0.07518517,-0.029732287,48.26398,10.360359,19.464056,-0.9191662,0.3055555555555556
-0.030412883,0.1298257,-0.029458709,-0.17958318,0.016772918,0.099081196,-0.06390491,0.063148,0.14404128,45.63171,31.465128,17.718487,2.982323,0.30694444444444446
-0.10662018,0.11515445,-0.050157197,0.0495527,-0.03238339,0.022733498,-0.0076783,-0.076422445,0.0943478,56.723686,31.17496,17.081848,2.3720021,0.30833333333333335
-0.031601176,0.07330343,-0.08660569,-0.12828761,-0.07042045,0.06953472,-0.042759784,-0.008568898,0.201725,42.02115,30.713413,17.371431,3.2232895,0.30972222222222223
0.013557546,0.0016316473,0.021141753,-0.13699953,0.016544633,0.03732208,0.05635193,0.08776027,0.10851829,54.48336,31.924463,17.23142,2.6294608,0.3111111111111111
-0.052370742,-0.11834213,0.03739243,0.052023865,3.3676624e-06,0.089869715,-0.0919428,-0.08931454,-0.02884762,64.053535,31.53043,15.256106,1.5695406,0.3125
-0.032305866,0.023774356,0.0012186021,-0.0058147907,-0.029798843,0.016909573,-0.049159147,-0.073989905,0.020040307,60.121876,29.2248,15.482382,0.37396178,0.3138888888888889
-0.07407284,-0.013415694,0.025921434,0.0043434873,-0.006836273,0.08272505,-0.027807474,-0.07989634,0.0010337476,60.69422,31.226553,16.79796,2.0509353,0.31527777777777777
0.071660146,0.07370476,-0.029859595,-0.04769379,0.037138723,0.14882563,-0.032949522,-0.0089484975,0.027278043,54.121605,29.72041,12.027778,1.4861256,0.31666666666666665
-0.03573832,0.11911014,0.038584508,-0.00997711,-0.08061033,0.034487642,-0.006363198,-0.046882518,-0.034417916,55.759514,26.51573,14.359759,-3.5439315,0.31805555555555554
-0.17086309,0.0679949,-0.11305743,0.015421681,-0.21095699,0.03439146,0.03051591,-0.063456886,-0.065897025,58.554066,10.471507,11.588172,-2.0154557,0.3194444444444444
0.104112305,0.034988485,-0.118958674,-0.026508674,0.0049787015,0.055761397,-0.050059125,-0.06363808,0.026284922,52.308693,20.982843,12.114587,-2.0146384,0.32083333333333336
0.010790154,0.07310472,-0.02914802,-0.017159954,-0.019467615,0.01948724,0.009138465,-0.04960233,0.026493173,58.33658,27.231627,14.945995,-2.8503444,0.32222222222222224
-0.07671821,0.10968577,-0.009866491,-0.07531546,0.0008720532,0.052513078,-0.093408175,0.0007672906,-0.08435804,63.749523,31.542742,11.521821,1.8407713,0.3236111111111111
-0.07855961,-0.004813157,0.043563314,0.053691223,-0.06046594,0.08309882,-0.087904476,-0.13506442,0.029064342,61.792507,31.675575,17.038187,2.3037236,0.325
-0.11304398,0.008562662,-0.012785897,0.03095153,-0.02852451,0.044638615,-0.020884052,-0.0991612,0.026862416,60.478874,31.003674,16.92998,2.2740328,0.3263888888888889
-0.09412368,0.018103845,-0.017139055,0.02510938,-0.017496318,0.030478496,-0.062001653,-0.14367372,0.0206809,60.56139,31.124907,16.769894,2.3799748,0.3277777777777778
-0.09304646,-0.03613256,-0.03886985,0.021120764,0.017509416,0.04495594,0.0019304305,-0.09731463,0.017895646,60.895874,31.283314,16.843657,2.4032311,0.32916666666666666
-0.103045225,0.022839196,-0.010657549,0.016883425,-0.05987557,0.038539685,-0.046196952,-0.098194756,0.038470954,60.225204,31.000486,16.650537,2.4622667,0.33055555555555555
-0.032088727,0.12960199,0.00029419363,-0.07577798,-0.00033840537,0.03740007,0.11359729,-0.06381459,-0.042589027,56.48622,30.709791,17.611412,2.4367857,0.33194444444444443
0.13850942,-0.061964586,-0.092492364,-0.0394475,-0.071925096,0.071737476,0.10549538,0.050626837,0.076246165,3.7283206,30.371962,18.34366,0.44513366,0.3333333333333333
-0.095395654,0.11983175,0.0069494396,-0.09515068,-0.14687744,0.09331465,-0.07340123,0.1452098,0.1848382,8.397695,7.9127245,21.881847,0.28147656,0.3347222222222222
0.027092181,0.015539855,0.013472378,0.059582897,0.0072740167,-0.013258506,0.048308596,-0.07252098,0.029531695,21.541922,27.22634,14.050011,-1.4823881,0.33611111111111114
-0.037285835,0.04950787,-0.0075643584,0.03700468,-0.062075563,0.073035024,-0.035481244,-0.0774991,0.017479178,30.935896,26.51224,15.661706,-3.4292672,0.3375
-0.018862337,0.026369356,0.0097042695,-0.017408744,-0.073496126,0.04981147,0.00746195,-0.0930363,0.039365634,31.024446,26.581688,15.46264,-3.2289805,0.3388888888888889
-0.062558115,0.033812724,-0.033582754,0.06803052,-0.057649456,0.04575377,0.016474783,-0.07848016,0.047887497,31.28647,26.649464,15.353697,-3.48046,0.3402777777777778
0.0104999915,0.0956758,0.0843986,0.023022167,-0.07228289,0.05993928,-0.014634952,-0.05793225,-0.037688322,35.930893,27.392511,13.398605,-2.0508614,0.3416666666666667
-0.06369114,0.07965349,0.005845785,-0.095063195,0.027394973,0.052087173,0.038904876,0.010987513,0.1066926,50.813545,31.076717,17.42887,2.5252957,0.34305555555555556
0.13072132,0.078650355,0.1349488,-0.08014102,-0.101095386,0.09403398,-0.12872222,-0.020756148,0.06601676,49.23614,29.307758,16.63676,0.5233698,0.34444444444444444
0.0035077184,0.10321704,0.13474321,-0.031872645,-0.03041061,0.06405876,0.08026768,0.018547695,0.0020721387,55.629524,30.148508,16.183958,0.98471177,0.3458333333333333
-0.0037270337,0.058368307,-0.048306398,-0.18002339,-0.050657816,0.0525055,-0.03712423,-0.0008802712,0.1639511,41.756306,30.319715,17.693245,3.1809108,0.3472222222222222
0.012390479,0.13825294,-0.18283537,-0.02769962,-0.18925235,-0.015399259,-0.16543132,0.06630296,0.09228052,57.917526,13.429984,18.976738,1.3324652,0.3486111111111111
-0.19605395,0.21539077,0.053434353,0.07143104,-0.12415942,-0.043586645,-0.14636889,-0.081215,0.016354248,59.013668,30.079159,16.686659,2.0507243,0.35
-0.049201936,0.03457471,-0.016278617,-0.013560429,-0.020531818,0.023726322,0.006430909,-0.11986644,0.04050859,56.99172,30.663227,16.897816,2.2541907,0.35138888888888886
-0.10656558,0.023950182,-0.002175264,0.07009891,-0.10874794,0.0648648,-0.07996057,-0.18020126,0.005412206,60.61503,30.880888,17.177303,2.6829152,0.3527777777777778
0.07172465,0.033723086,-0.0072851926,-0.014282078,-0.047993146,0.15684739,-0.02814804,-0.027092062,-0.028909592,55.3929,29.754454,12.852106,1.5995377,0.3541666666666667
-0.017585173,0.04072299,-0.0056483746,-0.09778139,-0.06318497,0.063736394,0.02246496,-0.04937645,0.012649097,54.944992,26.130459,14.323808,-3.5039816,0.35555555555555557
-0.014980748,0.030112527,0.009097338,-0.028143242,0.0050903037,0.03890367,-0.0035027117,0.012952652,0.0019659363,57.26162,26.82923,14.49538,-3.2396543,0.35694444444444445
0.017763183,0.071528636,-0.0018030182,-0.05985762,-0.06426076,0.035600945,0.007220164,-0.11215272,-0.013424914,55.172733,26.089329,14.890222,-3.2769444,0.35833333333333334
0.005905919,0.0795615,-0.0020191148,-0.0009942278,-0.028015606,0.026061967,0.0054732114,-0.04164344,0.012338698,58.650784,27.22483,13.862788,-2.7283726,0.3597222222222222
-0.06694564,0.09525089,-0.010415383,-0.08202128,-0.01320342,0.077616,-0.07259433,-0.028083086,-0.0937416,63.70888,31.46,10.862433,1.7972494,0.3611111111111111
-0.15794128,-0.10123597,-0.062262155,-0.01879023,0.19851081,0.1651967,-0.04974959,-0.13200215,-0.06103642,59.931698,28.34928,16.807552,2.3107178,0.3625
0.26362693,-0.012561172,0.3039389,0.28559405,-0.18744946,-0.043843474,0.119156584,-0.097609244,0.024316352,58.107426,11.733285,18.314262,1.1259223,0.3638888888888889
-0.11383571,-0.034301803,-0.014061011,0.011067174,-0.051040374,0.050352465,-0.021429181,-0.13223344,0.02656459,60.995953,31.451511,16.814972,2.6072369,0.36527777777777776
-0.06557286,-0.010716468,0.01801207,0.031019226,-0.037906744,0.059057284,-0.09133491,-0.12919131,0.035146054,61.005077,31.659925,16.741997,2.4602065,0.36666666666666664
-0.08947545,-0.007028848,0.013183109,-0.006597623,-0.0050083175,0.035815287,-0.02889131,-0.08574561,0.03424133,60.512276,31.124018,16.614523,2.38877,0.3680555555555556
-0.013839126,0.1411626,0.09661292,-0.0058600754,0.1928387,0.21615796,0.25563675,0.17557964,0.007114306,41.002666,29.115984,19.910099,2.6224637,0.36944444444444446
0.007022679,-0.008343071,-0.015581347,-0.14120387,-0.137184,0.04385643,0.06091942,0.08330395,0.06389704,1.7168525,31.041471,18.081394,1.1874675,0.37083333333333335
0.114901595,0.09319802,0.23317659,-0.21702729,-0.13047764,0.017183878,-0.020124733,0.18931459,-0.028420607,14.600435,30.170588,18.242231,2.7058966,0.37222222222222223
-0.02783513,0.024702407,0.041189138,-0.0028875917,0.0061334,0.044083253,0.05204639,-0.009763584,-0.029371839,25.867367,28.171408,13.713421,-2.1568468,0.3736111111111111
-0.015651748,0.03744313,0.028294913,-0.023082897,-0.07906652,0.002356127,0.015284702,-0.06105905,0.04006029,33.074455,26.890081,12.081032,-3.4061618,0.375
-0.011939019,-0.020229205,0.055196665,-0.012406394,-0.005197741,0.031943806,-0.049773462,-0.0022876784,0.04651192,40.52213,30.058306,-2.962614,0.69563675,0.3763888888888889
-0.2716992,0.2930463,-0.2090067,-0.11879906,-0.20559037,0.07117806,-0.222397,-0.21425202,0.12748066,37.193897,13.951771,1.1946929,-2.4021728,0.37777777777777777
0.06824182,-0.15459168,-0.16088092,-0.0074174553,0.030313231,-0.033582624,-0.036160447,-0.03767112,0.11435746,40.5129,24.261751,14.128623,-2.541483,0.37916666666666665
-0.05037029,0.15639499,-0.02137696,-0.12585185,0.0047946125,0.040587947,-0.068267025,-0.052420907,0.08553791,50.122704,31.00177,17.002607,2.8958485,0.38055555555555554
0.044379197,0.013737433,0.05526653,-0.19977735,-0.07114907,0.0051853918,0.007173583,0.07751056,0.13507593,47.6304,31.080069,17.168154,2.9822254,0.3819444444444444
-0.032236412,0.107059196,0.069313765,-0.20587821,0.014980279,0.08722083,-0.045644023,0.029963948,0.084319144,49.535606,30.972792,17.234026,2.6084397,0.38333333333333336
-0.0029711872,0.05558156,-0.034264483,-0.2629909,-0.043859087,0.026804015,-0.09542219,0.02263062,0.14929904,42.930546,30.715277,16.940649,3.248526,0.38472222222222224
-0.041746274,-0.06941329,0.035296187,0.01082281,0.03930016,0.04195241,-0.044711262,-0.08329863,0.023024116,62.667377,31.894108,16.978773,2.3320515,0.3861111111111111
-0.08255912,0.027640097,0.014923334,0.007096216,-0.08439427,0.06770331,-0.041338943,-0.1541976,0.028803121,58.627857,30.7776,16.91203,2.269597,0.3875
-0.06485015,0.039321303,0.01877965,-0.00754077,-0.06868621,0.07880082,-0.055261604,-0.07377418,0.017535683,58.6117,31.075766,16.896572,2.2671852,0.3888888888888889
-0.09778905,-0.042610332,-0.036979087,-0.020867556,-0.09248302,0.024753146,0.0041516125,-0.1425462,0.03899561,59.829952,30.935425,17.297688,2.1656113,0.3902777777777778
-0.3524426,-0.15563211,-0.1089089,0.11055996,0.06708685,0.14421906,-0.0027282238,-0.01995191,-0.061031904,55.124435,21.390694,17.152563,3.9217596,0.39166666666666666
-0.001689747,0.078982964,0.0033433512,-0.027902156,-0.089825995,0.19920938,-0.09193551,0.07401184,-0.14119539,56.97767,8.976157,8.6882,-1.5048139,0.39305555555555555
-0.008648202,0.0261802,0.006791167,-0.055863276,-0.03596119,0.043644063,0.010177448,0.007824153,0.02521078,55.93706,26.515131,15.526994,-3.4537416,0.39444444444444443
-0.0041772127,0.10053834,-0.019362822,-0.022256866,-0.032503642,0.048472017,0.02331227,-0.064458705,0.0015421938,56.560455,26.7639,15.150247,-3.033621,0.3958333333333333
0.02338273,0.08400594,-0.014401928,-0.019367605,-0.012032308,0.024112858,-0.002127573,-0.04555115,0.017478544,58.28777,27.262392,14.787113,-2.8438265,0.3972222222222222
-0.010379329,0.089533016,-0.028427653,-0.12152499,-0.009711765,0.056914903,-0.057285316,-0.0032209828,-0.04615035,62.375427,31.053598,10.691372,1.3917681,0.39861111111111114
-0.09129858,0.019024573,0.007895991,0.02070766,-0.029713593,0.0345685,-0.0497763,-0.08669291,0.011373408,60.62049,31.056492,16.805538,2.2116768,0.4
-0.09170915,0.020008907,0.0097119585,0.03587883,-0.048847698,0.066671506,-0.07003377,-0.105576895,0.028518632,60.606236,31.14877,16.839249,2.4216485,0.4013888888888889
-0.10342266,0.003078334,0.00561741,0.02631922,-0.024436317,0.052739453,-0.040875323,-0.10411876,0.00039535202,61.06375,31.176596,16.651182,2.2919338,0.4027777777777778
-0.12783188,-0.023366064,0.02414804,-0.0028637722,-0.03984516,0.102693275,-0.014553487,-0.07846888,-0.007873934,60.878624,31.050991,16.688223,2.213626,0.4041666666666667
-0.08455363,0.01286009,0.023324415,0.010125212,0.0075349957,0.078589246,-0.048704818,-0.06835062,-0.019614516,61.05176,31.41778,16.767408,2.1888716,0.40555555555555556
-0.30264205,-0.09765127,-0.30075532,0.06418842,0.016226068,0.077787876,-0.0684355,0.05520521,-0.24852903,29.213411,0.122435704,26.48014,0.3860992,0.40694444444444444
0.007974103,-0.00517267,0.07542351,-0.17835788,-0.18290246,-0.067918375,0.088536456,0.081288286,0.009670507,4.6789107,29.022488,16.027172,0.0067994,0.4083333333333333
0.21103606,0.14946298,0.11267355,-0.054585278,-0.014348373,0.021594625,-0.023363814,0.19717252,-0.022633124,21.333706,31.541222,17.913855,2.234647,0.4097222222222222
0.0047697276,0.054201882,0.06443798,0.028748423,0.008194938,0.07769178,0.034199297,-0.047865443,-0.05612345,27.909853,27.739672,13.527817,-1.3468828,0.4111111111111111
-0.01102151,0.02726888,-0.009211846,-0.001982376,-0.06502784,0.06855249,-0.008854955,-0.07437428,0.035461523,31.313828,26.689972,15.404735,-3.4499896,0.4125
-0.046053186,0.05053533,-0.010635287,0.03131765,-0.0608143,0.06895959,-0.030188724,-0.06980728,0.020688094,31.485521,26.63912,15.323045,-3.847728,0.41388888888888886
-0.021530703,0.040545687,-0.0019345582,0.017102234,-0.057392456,0.059572246,-0.04756432,-0.042301677,0.033697475,31.214306,26.578989,14.897661,-3.3652802,0.4152777777777778
-0.022235677,-0.04427153,-0.021488898,-0.013920441,-0.020788535,-0.0020884313,0.025609776,-0.0033561513,0.009821031,42.56312,26.792025,14.410864,-3.5438173,0.4166666666666667
0.003734231,0.060414925,-0.01880996,-0.19668703,0.060913235,0.009929437,0.027126178,0.011863485,0.1523578,47.856434,30.568993,16.859745,2.414537,0.41805555555555557
-0.016193375,0.023241103,-0.05432915,-0.07336497,0.03138049,0.016654715,0.06499627,0.042420194,0.11626388,53.616394,31.601177,17.019478,2.1756055,0.41944444444444445
-0.032704905,0.026041813,-0.08457164,-0.12804207,0.033101127,0.04004553,-0.12304531,-0.021285959,0.06378819,45.551765,25.56557,16.581352,2.0324714,0.42083333333333334
0.1585283,-0.005474247,0.084641166,0.27636835,-0.26185992,-0.07447812,0.07344484,-0.17253497,0.10686636,45.317005,14.77606,13.109247,3.965129,0.4222222222222222
-0.08966608,-0.09876178,0.02969417,0.02525004,-0.043166257,0.038042005,-0.05477316,-0.096332006,0.0066248477,63.504723,32.02129,16.66859,2.7147317,0.4236111111111111
-0.056540996,0.08402779,-0.011298731,0.0037620217,-0.015553951,0.042490218,-0.007955924,-0.124876894,0.031990867,57.10389,30.806007,17.168966,2.2046437,0.425
-0.060478702,-0.026058361,-0.012288451,-0.0129069835,0.0049445108,0.061588738,-0.003752485,-0.10525333,0.013009466,59.55173,31.114923,17.027233,2.4677012,0.4263888888888889
-0.08592421,0.12368615,-0.04691287,0.030714028,0.0497446,0.05278065,0.0329414,-0.09410132,0.036266,56.70831,30.545464,17.394829,2.320171,0.42777777777777776
0.04636427,-0.046620533,-0.08403059,-0.05759105,0.16363722,0.20160946,0.017517716,0.0011110976,-0.027028563,57.395485,29.728395,13.993217,1.8975626,0.42916666666666664
-0.014186144,0.10749328,-0.01475475,-0.008655414,-0.07865415,0.029887855,-0.04289864,-0.05997225,-0.0017794035,56.68874,26.7705,15.446533,-3.5871606,0.4305555555555556
-0.021186426,0.06959453,0.03334774,-0.0005444214,-0.07590637,0.03700056,-0.021066949,-0.05311615,-0.0042090453,55.2199,26.188702,14.8609705,-3.877503,0.43194444444444446
-0.0065898597,0.060471017,-0.0074001104,-0.014708996,-0.026331566,0.006533634,0.029227033,-0.07800875,0.020562816,57.764416,26.771278,14.399283,-2.8512306,0.43333333333333335
0.010572605,0.0703145,-0.019832432,-0.01585251,-0.013714589,0.022020414,0.0076865554,-0.04993753,0.026149262,58.897427,27.443565,14.105117,-2.4613867,0.43472222222222223
0.08238314,-0.06840034,0.13560225,-0.10851677,-0.1908268,-0.06944068,-0.006483972,-0.064396806,0.17247272,57.632244,10.054685,14.2832155,-1.5140018,0.4361111111111111
-0.061593324,-0.04727377,-0.062485673,0.07734844,0.015338503,0.014662869,-0.035018407,-0.14883178,-0.04228776,61.361843,31.36023,16.052025,2.4076073,0.4375
-0.10977623,-0.05901201,0.05327504,0.009862721,-0.085266896,0.0065553,-0.100923695,-0.1112195,-0.0028403495,63.478947,30.464909,15.432315,0.7698189,0.4388888888888889
-0.024858773,-0.0059852675,0.028823197,-0.024138749,0.076121464,0.013326053,-0.03064429,-0.05196107,-0.0036552027,62.088814,31.21519,16.41565,1.7517478,0.44027777777777777
-0.09245497,-0.006011665,-0.036101945,0.023203447,0.041050207,0.022913806,0.023826659,-0.095396005,-0.0178471,60.77931,31.499744,16.801321,2.1896718,0.44166666666666665
-0.06995742,-0.030142173,-0.01586648,0.0067055,-0.03117416,0.037318602,-0.06454099,-0.15215045,-0.01798976,61.363644,31.092798,16.831774,2.255568,0.44305555555555554
0.11724203,0.06885463,0.014839172,-0.010999933,-0.043495424,0.061046652,0.04620242,0.064666815,0.06599405,13.339935,30.698763,18.916212,2.1155765,0.4444444444444444
0.10380811,0.00016784668,0.040163316,-0.2727906,-0.13947067,0.053923205,0.054680303,0.14262822,0.06509084,2.0608764,31.493956,17.082262,1.8311132,0.44583333333333336
0.1499822,0.01701507,-0.048126422,-0.010063238,0.019320242,-0.0776031,0.030235723,0.18484989,0.16929872,25.928417,30.067587,18.422327,2.9054036,0.44722222222222224
0.022516616,0.047996312,0.07351409,-0.014895335,-0.020177215,0.10097169,0.063062444,-0.09500668,-0.020448284,32.05751,27.999615,13.398125,-1.3788648,0.4486111111111111
-0.115902826,0.009429932,-0.03661514,0.04329768,0.103677295,-0.026556116,-0.030344993,0.029466566,0.16990982,31.71604,17.65468,15.763523,-2.7765598,0.45
0.25481045,0.034959793,0.021350883,0.00892327,-0.02183088,0.06052371,-0.07284507,0.008533459,0.055412494,31.473166,11.507445,10.675573,-2.5375452,0.4513888888888889
0.027353935,0.02124045,0.028389543,0.002905488,-0.088160984,0.037784107,0.018143818,-0.021667965,0.050985366,33.28047,26.86219,14.88512,-2.7586846,0.4527777777777778
-0.034956604,0.015332788,-0.0029586852,-0.02141723,-0.01860971,-0.0072468407,-0.02255553,-0.019620895,-0.003886059,43.578934,27.158285,14.297238,-3.3264,0.45416666666666666
-0.04168208,0.11581918,0.0074468926,-0.16255765,0.011010274,0.011237584,0.014152795,0.07807789,0.14203238,44.7969,30.917892,17.004463,2.7087386,0.45555555555555555
-0.020205945,0.06434859,-0.045361243,-0.05722265,0.07516478,0.06423649,-0.04753065,-0.12273564,0.048317038,57.153534,31.242956,17.148472,2.1454906,0.45694444444444443
0.02439987,0.08705909,-0.037569292,-0.13370313,-0.06756524,0.10671406,-0.07565393,-0.019905917,0.16003242,42.0137,30.516342,17.445158,2.8000698,0.4583333333333333
0.04399684,-0.022312671,-0.00161805,-0.12989417,-0.003257759,0.009693261,0.047891557,-0.007395841,0.10619883,53.097534,31.785427,16.800463,3.0762963,0.4597222222222222
-0.084347576,-0.08740786,0.009199254,0.028452463,-0.01517947,0.043710172,-0.030039832,-0.11158622,0.027890898,62.569366,31.527822,16.669191,2.021354,0.46111111111111114
-0.055716574,0.09254773,-0.025719352,-0.022797689,-0.01427377,0.013616174,-0.036119916,-0.10907752,0.017870408,56.24256,30.467602,16.853188,2.1466467,0.4625
-0.042067215,-0.0060528517,0.0128477365,0.023760192,0.08230719,0.068783194,0.095345065,-0.0016848445,0.01852167,59.907356,31.253687,17.414097,2.1168187,0.4638888888888889
0.16328532,-0.28411716,0.14064404,-0.0067255273,-0.14630371,0.12535152,-0.0030609816,-0.013368323,-0.006198816,54.327175,9.193465,20.810246,0.16810152,0.4652777777777778
0.11607205,-0.03694527,-0.079311855,0.004709147,0.1842767,0.09048616,-0.021982804,-0.111663125,0.012577936,59.794205,30.16763,14.729988,2.4210088,0.4666666666666667
0.047720842,0.10395397,-0.0071824566,-0.0036499798,-0.038387977,0.04943659,0.033272758,-0.097588785,0.004792072,57.23447,26.99457,15.206375,-3.1246073,0.46805555555555556
-0.03704354,-0.025212035,-0.091045044,-0.007418737,-0.07693442,0.03600449,-0.026678562,-0.0847685,-0.07178418,58.460606,27.749275,4.755064,-0.05473362,0.46944444444444444
-0.017456487,0.034666166,0.07441741,-0.08081406,-0.053802438,0.019308127,-0.09903775,-0.047535397,-0.04725255,64.740036,32.011356,-2.9470086,2.1496022,0.4708333333333333
0.016712472,0.063025415,-0.021533005,-0.014385819,-0.005753875,0.0190304,0.0071561933,-0.051253624,0.019406736,59.061394,27.472462,13.567597,-2.3540287,0.4722222222222222
-0.0025366396,0.024012864,-0.03645455,-0.03572625,-0.122362606,0.10035311,-0.06747002,-0.100242116,0.023681335,59.932846,30.893705,9.550256,0.8651397,0.4736111111111111
-0.0772554,0.0034768134,0.0013543069,0.0017604455,-0.020405665,0.055339947,-0.054506697,-0.12345848,0.013865687,60.532356,31.162687,16.792343,2.3154888,0.475
-0.09577492,0.0049543604,-0.003867112,0.012378201,-0.0136074945,0.03037583,-0.044457503,-0.10359468,-0.0061365385,60.70641,31.138021,16.735388,2.2344434,0.47638888888888886
-0.07200985,-0.01923266,0.006826557,0.008937374,0.015092596,-0.004512798,0.0141438395,-0.12498597,0.002264548,60.74442,30.906706,16.8874,2.3399203,0.4777777777777778
-0.14309174,-0.2091884,-0.1859282,-0.06184885,0.21500851,0.20884994,-0.1383691,0.071578614,0.063276924,61.10792,24.62403,15.951593,3.0860093,0.4791666666666667
-0.03925982,0.17248636,0.20414788,-0.041869864,0.0011243299,-0.16857393,0.07415995,-0.076929115,-0.031518627,57.191334,17.571568,12.591456,3.572714,0.48055555555555557
0.028142728,-0.0035035536,0.010968588,-0.16429393,-0.12300319,0.049972072,0.057500273,0.10395211,0.05132837,2.366572,31.211452,17.549583,1.3246753,0.48194444444444445
0.02187027,0.08499049,0.10202131,-0.17388447,-0.23612705,0.0031558163,0.12159486,0.14500211,0.010007765,6.3056345,30.886452,18.840204,2.784382,0.48333333333333334
0.089858636,0.022090092,-0.028911434,-0.0752061,-0.061988942,0.020674571,0.04551585,0.12156795,0.078612074,26.468641,30.55267,18.276913,2.9978359,0.4847222222222222
-0.0014613643,0.099738434,0.057356812,-0.055575684,-0.016562782,0.09959325,-0.0053452253,-0.067200206,-0.05234906,34.17479,28.643301,11.832621,0.061392784,0.4861111111111111
-0.043900326,0.02708,-0.017172538,-0.0012447461,-0.054892384,0.038991693,-0.033849075,-0.08423289,0.056445725,31.506054,26.62304,15.167382,-3.6116896,0.4875
-0.0113989115,0.058620404,0.015104115,-0.027219936,-0.08890613,0.037471406,-0.037498713,-0.092406936,0.03630016,31.08426,26.651651,15.149509,-3.2954144,0.4888888888888889
-0.053130627,0.050793864,0.0546915,-0.0010736138,-0.08031409,0.07560374,-0.007973865,-0.036098383,0.0050650947,34.91712,26.684862,14.192577,-2.762771,0.49027777777777776
0.040764287,0.0070506036,0.06564707,-0.014007196,-0.055960722,-0.027460288,0.0016735345,-0.038002647,-0.01633985,44.52671,26.816452,13.600418,-3.5364,0.49166666666666664
-0.053860486,0.1179733,-0.007092513,-0.112382635,-0.13842282,-0.05400462,-0.108738765,-0.00038091093,0.1286382,45.520245,30.390364,16.484066,2.307525,0.4930555555555556
0.2599765,-0.19883832,0.26597568,0.14012209,-0.113637604,0.1658111,0.11827843,0.04360076,-0.039054155,53.731,12.341876,18.51114,0.057124346,0.49444444444444446
-0.010428727,0.00027510524,-0.09651329,-0.106644854,-0.026689865,0.10298543,-0.033583805,-0.027077056,0.19646712,41.198334,30.5794,17.683996,3.6772563,0.49583333333333335
-0.053720906,-0.030162692,-0.011844076,-0.057592854,0.037456352,0.02336916,0.041646853,-0.05594147,-0.006782891,59.541534,31.826185,16.646168,2.683656,0.49722222222222223
-0.080876976,-0.012461767,-0.011087447,0.03662336,0.024547309,0.048877038,-0.011201024,-0.114751615,0.016894244,59.975353,31.468792,16.892002,2.435664,0.4986111111111111
-0.037901193,0.052026995,-0.036135294,-0.005989857,0.008089416,0.025534105,0.011624098,-0.12309293,0.03796033,56.859367,30.45051,16.96158,2.3556178,0.5
-0.054379955,-0.056260243,0.06598904,0.054109685,-0.10645916,0.0024383739,-0.16194302,-0.08484831,0.05214724,63.4208,30.302082,15.770161,0.702482,0.5013888888888889
0.011658587,0.07217221,0.082569025,0.026049085,-0.0532332,0.06855853,-0.0437532,-0.071417816,0.027677171,58.200565,30.095499,16.487709,0.9915327,0.5027777777777778
0.007613614,-0.112154335,-0.04819586,-0.08023369,0.062322956,0.06873149,-0.047015265,-0.045564197,0.04685659,59.593178,29.811697,14.791849,1.5766374,0.5041666666666667
-0.029078886,0.0202071,-0.022386901,-0.017213315,-0.03102269,0.019266654,0.04124485,-0.04249741,0.024713587,57.66603,26.832394,14.37983,-3.0074213,0.5055555555555555
-0.049492255,0.10863489,-0.002749063,-0.040462554,-0.0764607,0.051720396,-0.030944705,-0.04869003,0.014805354,55.20623,26.536137,14.709979,-3.5521169,0.5069444444444444
-0.09325297,0.040285185,0.074033,0.058790173,-0.11093924,0.08984535,0.05990368,-0.06598023,0.07176396,59.633236,17.87301,12.491647,-2.3455756,0.5083333333333333
0.04294706,0.059508797,-0.020721756,-0.12341866,-0.0648985,-0.041684214,-0.069215715,0.017875206,0.091828205,57.60937,15.060774,10.841484,-2.4227426,0.5097222222222222
-0.07374869,0.0073220655,-0.013378255,-0.017643183,-0.15787324,0.014138635,-0.0840852,-0.09223511,0.021694105,58.146034,31.068317,9.584968,0.62559915,0.5111111111111111
-0.09219381,0.012326859,0.0012735277,0.013338722,-0.0051206946,0.051123943,0.00082986057,-0.1038887,-0.003263427,60.337463,31.204845,17.063486,2.3735747,0.5125
-0.09750277,-0.0127583295,-0.012568712,0.01607807,-0.035637043,0.0597895,-0.045429565,-0.1386545,0.0053112693,61.22416,31.2047,17.03304,2.5191944,0.5138888888888888
-0.095063224,-0.036120087,-0.010754615,0.009193659,-0.050872557,0.030241262,-0.08310459,-0.17186171,0.0044501126,61.486755,31.397259,16.70224,2.4535992,0.5152777777777777
-0.094203904,-0.0074853897,0.00612545,-0.019464463,-0.033207126,0.052552786,-0.02113995,-0.110590376,0.001336161,60.6956,30.806795,17.162718,2.4170804,0.5166666666666667
0.004884757,0.030501597,0.08104381,0.0406885,0.1706087,0.23708783,0.32508397,0.23003057,0.08425522,42.623585,29.489115,19.412445,2.5417755,0.5180555555555556
-0.020355418,-0.016617998,-0.021597907,-0.13308513,-0.12799895,0.03753172,0.040794507,0.10002272,0.063948005,1.9353797,31.029125,17.979902,1.1654073,0.5194444444444445
0.10774236,0.045824915,0.16151352,-0.2565288,-0.1823583,-0.034152012,0.090842426,0.2241571,-0.058021925,13.229157,31.106998,17.532991,2.689699,0.5208333333333334
0.07486881,-0.06212862,-0.05995872,-0.1348704,-0.06226153,0.018201195,-0.07294599,0.037965707,0.15792818,29.549288,30.632187,16.837332,3.033747,0.5222222222222223
-0.23937455,0.26660538,-0.2885411,0.21035841,-0.21559617,0.093330994,0.011305347,-0.18217412,-0.18663123,33.16164,-1.9865966,18.93873,0.35452327,0.5236111111111111
-0.023106962,-0.004773602,-0.009708144,-0.02574557,-0.05789817,0.05390422,-0.0020053685,-0.030179702,0.032003075,30.727222,27.11762,14.636325,-2.704673,0.525
-0.06457128,0.0046530664,0.0038729385,-0.027021825,-0.07394528,0.03594771,-0.020069778,-0.05828599,0.019956522,31.360426,26.79135,14.778065,-3.1956537,0.5263888888888889
0.011827581,-0.003001079,0.03540694,-0.05857566,-0.068568744,0.039656505,-0.053556494,-0.009041674,-0.023615753,39.2125,27.025757,14.452307,-2.660441,0.5277777777777778
-0.032601193,-0.05044332,0.042747464,-0.019604832,-0.030731596,-0.006111894,-0.002646178,0.011446029,-0.044550225,43.782055,26.887262,14.547325,-3.2386546,0.5291666666666667
-0.045042485,0.08084883,0.03184153,-0.14491822,-0.13495421,-0.0363628,-0.024194852,0.10316354,0.12278788,46.96436,30.052465,16.22195,1.9225456,0.5305555555555556
0.03091602,0.012546122,0.023756206,-0.07634066,-0.07536853,0.08293736,0.021120861,-0.08274489,0.07888847,52.516636,29.786882,15.173726,1.5508275,0.5319444444444444
-0.015409797,0.022948854,0.009665661,-0.14003293,-0.07108181,-0.0077727325,-0.028864816,-0.022899002,0.100496605,45.65678,28.791431,15.756988,0.74756205,0.5333333333333333
-0.10529195,-0.0807136,0.0023529455,0.059143055,-0.029568784,0.0054574907,-0.025138527,-0.1435976,-0.026119886,63.110558,31.755049,16.32694,2.3834698,0.5347222222222222
-0.10086426,0.019434333,0.017749064,0.009780124,-0.06469596,0.09411007,-0.041911617,-0.13600075,0.025764912,59.222355,30.886536,17.163517,2.2304406,0.5361111111111111
-0.08666538,0.047086768,-0.058033027,-0.0054631457,0.03297624,0.20224662,-0.04190419,-0.1512956,-0.15484224,58.725666,21.540892,15.162582,4.2052135,0.5375
0.03367716,0.018937841,-0.033771627,-0.04598625,-0.053925626,-0.1549536,0.05737923,-0.1745553,0.1098402,57.228214,18.57764,16.325537,2.8905013,0.5388888888888889
-0.047189564,0.021239199,-0.03288702,-0.05333808,-0.024168871,0.061665922,0.013864294,-0.06940321,0.046578154,56.536484,30.900673,17.06535,2.6001446,0.5402777777777777
0.036883794,-0.11966844,-0.054761045,-0.085358754,0.17318547,0.05687609,-0.06475469,0.019708745,0.058077276,60.56342,30.663246,15.106239,2.0320675,0.5416666666666666
-0.0065436065,0.02431672,-0.020306066,-0.019801483,-0.015363559,0.019103244,0.040657982,0.022726174,0.024194047,56.295734,26.817678,15.230788,-3.6067333,0.5430555555555555
0.0068144277,0.1309007,-0.017249629,-0.032754913,-0.04169316,0.023962896,-0.040612347,-0.07110409,0.010249797,56.45371,26.681871,14.696641,-3.305826,0.5444444444444444
0.006385401,0.05304841,-0.015837885,-0.017021582,-0.015569799,0.03578186,0.019048274,-0.04658685,0.018317092,58.43061,27.205976,13.9745455,-2.5960875,0.5458333333333333
-0.0041493177,0.074147284,-0.022042781,0.0025051609,-0.01659131,6.247312e-06,0.018930912,-0.072146125,0.017945357,58.348904,27.205013,14.887647,-3.117178,0.5472222222222223
-0.13417938,0.047634497,-0.067207895,-0.0067843273,-0.14305806,0.018459689,-0.075240254,-0.09445738,-0.015426312,58.100002,30.615437,8.80505,0.42124316,0.5486111111111112
-0.07165447,-0.007264942,0.011475593,0.011691682,-0.039515667,0.055330276,-0.09225117,-0.1371612,-0.00533136,60.980206,31.240232,16.667686,2.2294056,0.55
-0.074325785,0.0076493844,0.0062783286,0.009012155,-0.0476683,0.042430602,-0.06753081,-0.14631706,0.0072132945,60.905582,31.10222,16.93619,2.5081432,0.5513888888888889
0.28534895,-0.16460681,-0.18978688,0.21052545,-0.31551883,0.027559042,0.15259491,-0.063620485,0.22544311,58.715805,14.6548,17.20754,0.50075376,0.5527777777777778
-0.055323347,-0.04857254,0.009601615,-0.004278943,0.02804964,0.04248095,0.01259692,-0.09418111,0.0011064745,60.47296,31.423786,16.901922,2.7860289,0.5541666666666667
0.012474239,0.14285772,-0.032482512,-0.1114766,0.060442008,0.19390933,0.108845934,0.16741996,0.17822061,28.921188,31.883951,18.554604,2.3083208,0.5555555555555556
0.109248206,-0.06494206,-0.0075762793,-0.18788923,-0.12622046,0.014052056,0.05661036,0.094878,0.101655394,2.1209393,31.051287,18.348722,1.2918601,0.5569444444444445
0.086960465,0.15614489,0.12683578,-0.09397183,-0.0406288,0.057731908,0.027981624,0.27516,-0.09067029,19.961367,31.428537,17.237549,2.0892122,0.5583333333333333
0.044600956,-0.05342105,-0.11440682,-0.10980071,-0.027427979,0.0776996,0.015186369,0.038849063,0.112967476,32.25558,29.841738,17.58989,2.8825085,0.5597222222222222
-0.047042027,0.10016189,0.024604969,-0.10508068,-0.09416551,0.09376243,-0.036642827,-0.09901538,0.015763972,34.032013,28.68571,11.36629,1.1532083,0.5611111111111111
-0.03837359,0.04641802,0.018843666,0.00020699948,-0.05919058,0.06828602,-0.021719456,-0.060243107,0.025894344,30.849018,26.800257,14.629624,-3.5142748,0.5625
0.03961964,0.026511721,0.059380077,-0.03635378,-0.004960917,0.0035381988,-0.058621377,0.0039588064,0.01997019,40.075428,30.405304,-2.7397728,0.67540145,0.5638888888888889
-0.013620466,0.016670346,0.111129254,0.018756934,0.031461507,0.050475262,0.018455178,-0.07873876,0.03364846,48.687843,28.280853,2.5839539,-0.64442897,0.5652777777777778
0.13442835,0.06508596,0.026132822,0.04866139,-0.115860336,0.05314868,0.090118185,-0.25928208,-0.17496204,46.027657,16.25853,11.4669895,-2.2799416,0.5666666666666667
0.16878626,-0.008852519,0.09079574,-0.13079625,-0.05683241,-0.07849492,-0.06382365,-0.23698509,0.16532837,48.006844,20.258434,13.279026,3.2212338,0.5680555555555555
-0.027596533,0.09003236,0.038327653,-0.13014327,-0.029919691,0.10155712,-0.013017505,-0.04965394,0.14593667,46.859283,31.06021,17.369635,2.5341737,0.5694444444444444
-0.0024242848,0.035501853,0.013430767,-0.166678,-0.049676098,0.035076667,-0.03741724,0.052445877,0.1732911,46.61254,31.342846,17.21892,3.3488622,0.5708333333333333
-0.08363788,-0.07982822,0.013974398,0.0030568764,-0.058899917,0.011571076,-0.08618745,-0.12125131,0.0002934914,63.718945,32.226265,16.566078,2.8439338,0.5722222222222222
-0.06583138,0.07493718,-0.023729399,-0.0032303184,-0.023745075,0.059936024,-0.00365901,-0.13052633,0.016212959,56.911198,30.453833,16.893368,2.147562,0.5736111111111111
-0.06743668,0.022332646,-0.017652757,0.0019804835,-0.021777384,0.069343425,-0.020718426,-0.07555737,0.00037013367,59.915726,31.113174,16.945309,2.3059704,0.575
-0.018320635,0.11410441,-0.039211534,-0.00017504394,0.015224092,0.0040532537,-0.023613602,-0.17999989,0.014431279,56.891113,30.896742,17.205183,2.2438715,0.5763888888888888
-0.02076687,0.019395247,0.009031825,-0.045652494,0.094807185,0.07199879,0.075297296,0.028633405,0.013096273,58.52668,30.851562,17.485342,2.0431542,0.5777777777777777
-0.07848871,-0.14891344,0.040960602,-0.056801096,0.10634999,0.090041205,-0.086361244,-0.07408384,0.025482599,63.02683,30.87928,15.466452,1.5196494,0.5791666666666667
-0.013733134,0.048393957,0.008108608,-0.03273271,-0.060030855,0.052742764,-0.032066517,-0.0006112382,0.0322824,55.033737,26.162292,15.510082,-4.131747,0.5805555555555556
0.07096392,-0.077141106,-0.09639949,-0.0023295283,-0.23493427,-0.10594252,-0.018514067,0.058415357,0.24454553,59.12732,4.723985,10.440371,0.48681632,0.5819444444444445
0.008780986,0.08296224,-0.034006424,-0.009489782,-0.011603266,0.02487985,0.013313547,-0.06472393,0.025172986,58.616966,27.37139,15.337873,-2.668458,0.5833333333333334
0.0152557045,0.0445543,-0.01210279,-0.052354857,-0.021971613,0.0027205646,0.0076708347,-0.02759844,-0.0014788955,56.820797,27.034359,15.051971,-3.2256765,0.5847222222222223
-0.08628881,-0.0016508028,-0.053190432,0.0161345,-0.12298509,0.035460994,0.020249173,-0.03805113,-0.020607917,57.763523,30.746498,9.300302,0.44412175,0.5861111111111111
-0.0831652,-0.020124555,-0.011406586,0.0042928755,-0.036284216,0.056297768,-0.032918453,-0.11429537,0.009421632,60.63857,31.066324,16.861156,2.4302523,0.5875
-0.09886031,-0.024860471,-0.010821357,0.02986563,-0.055076294,0.025280602,-0.006762609,-0.13345724,-0.0026760008,61.42309,30.980328,16.89677,2.3206003,0.5888888888888889
-0.09286362,-0.012288019,-0.003521867,0.017108455,-0.03594788,0.017004702,0.01350297,-0.13948783,-0.0063602086,60.24299,30.649435,16.703451,2.5164907,0.5902777777777778
-0.07303327,-0.03362347,0.020232588,0.04270088,-0.057957105,0.050292656,-0.020246,-0.1259718,0.010612287,61.52128,31.04516,16.939735,2.2018669,0.5916666666666667
0.050071,0.1638421,0.11757591,-0.034569234,-0.19205528,0.13003005,0.11608343,0.15750891,0.036429316,15.036304,30.211264,19.160503,1.9343029,0.5930555555555556
0.16162014,-0.035928786,0.033854783,-0.22553052,-0.07374277,0.087699816,0.12524785,0.08311596,0.027383849,3.8301852,30.559452,16.125122,1.2245276,0.5944444444444444
-0.25858787,-0.024867162,-0.18657619,-0.049877524,-0.12753981,-0.08992235,0.101652905,-0.1070965,0.06622414,29.101978,12.480887,20.971272,-1.2514998,0.5958333333333333
0.041609056,-0.21292531,-0.14385322,-0.06473969,-0.15624794,-0.2684794,-0.17671743,-0.34870365,0.34662366,35.52138,21.476883,14.944998,3.1202102,0.5972222222222222
-0.06307103,0.13679248,-0.0178326,-0.14647569,-0.07615831,0.07708993,-0.026270762,-0.06652976,0.049456343,34.27891,29.069424,11.239145,1.5047551,0.5986111111111111
-0.0075334758,0.030382976,0.023425125,-0.05813709,-0.08747757,0.08160302,-0.012991965,-0.07137648,0.039788313,31.513622,26.460846,15.252579,-3.5024326,0.6
0.0176723,0.04577846,0.0290384,-0.033245355,-0.08056048,0.060798146,-0.02147445,-0.07308183,0.035420172,33.01286,26.32707,15.373923,-2.964432,0.6013888888888889
-0.011532977,-0.10608074,0.07438281,-0.09820889,0.011570141,0.007718377,-0.006118864,0.031414807,-0.005670106,43.794174,26.347973,14.869508,-3.3552325,0.6027777777777777
0.0024462864,-0.015169457,-0.0124356225,0.0006772876,-0.025583096,0.06584614,0.01023899,-0.05882787,0.058787487,38.837975,26.610668,14.540475,-3.5099308,0.6041666666666666
-0.043333888,0.13670585,0.09499166,-0.020976827,0.061886,0.050714575,0.07005431,0.0032167584,-0.040315,57.06772,30.66539,15.087723,1.2395493,0.6055555555555555
-0.018510908,0.1390548,0.01647862,-0.09958188,-0.08104331,0.08585173,-0.040358245,0.037372645,0.092146456,43.180218,30.847153,17.381985,2.2512484,0.6069444444444444
0.06297675,0.028898448,-0.018396325,-0.17638393,0.027005069,0.0149726495,0.0578292,0.065968335,0.09907059,51.954605,31.309952,16.887884,3.222452,0.6083333333333333
-0.10183811,-0.06487714,0.016899727,0.012410484,-0.01440604,0.027967468,-0.027859911,-0.10774637,-0.016965602,62.678375,31.393604,16.71067,2.5179164,0.6097222222222223
0.19061828,0.06433797,0.08888772,0.13387808,-0.24028835,-0.038889404,0.096430495,0.077753164,0.08809692,52.883156,11.671899,17.336342,-0.38485467,0.6111111111111112
-0.032940537,-0.02943398,-0.035145886,-0.018759489,0.09430669,-0.0041875653,0.064108446,-0.06700488,0.0329567,59.340614,31.307747,17.035769,2.541244,0.6125
-0.10933758,0.06328996,0.012576312,-0.0040315837,-0.051093124,0.05409074,0.051356807,-0.0918056,0.032920647,55.679142,30.75938,17.296879,2.6032887,0.6138888888888889
-0.06493251,0.054500412,-0.019105487,0.070707545,-0.028750397,0.024378244,-0.04350856,-0.13191572,0.047091834,60.15282,30.866299,17.129744,2.4775755,0.6152777777777778
-0.047575593,-0.111011535,-0.046735324,0.031067625,0.11968579,0.03489356,-0.057933107,-0.07308487,-0.049918346,64.35699,31.600788,15.688889,2.0640771,0.6166666666666667
-0.021511346,0.028224796,-0.0053394213,-0.0068835467,-0.0915663,0.05101924,-0.014380798,-0.028076328,0.012276635,55.101284,26.126272,15.054087,-4.5270104,0.6180555555555556
0.024042211,0.08560249,-0.01474417,-0.028462395,0.0019167885,-0.0038246624,-0.008805558,-0.046460308,0.017484117,58.149372,27.05076,14.689326,-2.8659472,0.6194444444444445
0.014232233,0.067219466,-0.02602581,-0.0165845,-0.0104820505,0.01781993,0.012926713,-0.05194632,0.021905374,58.996655,27.461649,13.715991,-2.3875895,0.6208333333333333
-0.009570569,0.07711659,0.024306647,-0.026934415,-0.045546718,0.037173484,0.009259462,-0.051758103,-0.010057339,56.105366,26.35859,14.890068,-3.6519313,0.6222222222222222
-0.08167,0.06479752,-0.057502516,0.023531176,-0.13764834,0.05822447,-0.00437063,-0.08223698,-0.047617394,57.409035,30.23163,9.692774,0.09901622,0.6236111111111111
-0.1823048,-0.09883015,0.00808122,-0.1293046,-0.1501261,-0.16850582,-0.3602116,-0.052783474,0.08916455,59.37462,17.893278,16.670227,2.2573795,0.625
-0.03529997,-0.05325547,-0.09614002,-0.06581867,0.06785968,0.16386403,-0.21592307,-0.19578052,-0.064066395,62.541046,24.425247,14.266969,1.2152019,0.6263888888888889
-0.11777082,-0.03996341,0.028232194,-0.018566564,-0.20647722,-0.027301755,-0.123166524,-0.14103782,-0.0080087,62.98567,30.947634,15.842346,1.315739,0.6277777777777778
-0.09807029,-0.03714232,-0.04634782,0.03400161,-0.03240987,0.013929311,-0.023703635,-0.14932209,0.034277808,60.800278,31.381453,16.958319,2.388147,0.6291666666666667
0.022713028,-0.009671554,0.017779514,-0.16333552,-0.14065534,0.052550256,0.055203974,0.09727528,0.046270937,2.5856729,31.099161,17.53706,1.1909119,0.6305555555555555
0.05669097,0.09322591,-0.00043794513,-0.15801655,-0.13365453,-0.013444964,0.13457842,0.13967519,0.0580094,5.0503755,31.000154,17.975708,2.6744297,0.6319444444444444
0.065988764,0.056843117,0.022233777,-0.07780546,-0.08385465,0.06856546,0.048990726,0.12619759,0.053761147,26.951298,30.614933,17.594149,2.3603215,0.6333333333333333
0.016272284,0.009442762,-0.09480802,-0.11389783,-0.08566446,0.025952224,-0.0017327517,-0.004978612,0.14512464,37.49406,30.013527,17.765156,2.562315,0.6347222222222222
-0.068293646,0.14803058,-0.030019738,-0.10407752,-0.08976286,0.07869378,-0.03849887,-0.10964819,0.016781017,35.742504,28.975048,10.9422035,1.4766167,0.6361111111111111
-0.037752494,0.03265386,-0.005995229,-0.008645996,-0.054857485,0.07584547,-0.026642263,-0.07751808,0.004495032,31.572008,26.544632,15.048612,-3.4299,0.6375
0.020172864,0.0021498874,0.028180353,-0.048000142,-0.06427271,0.069389395,0.008597881,-0.011760972,0.015317451,35.01253,26.774948,14.914267,-2.815819,0.6388888888888888
-0.065007105,-0.040460214,-0.10957611,0.032150075,-0.066902734,-0.0881339,0.10113685,0.1093822,0.011835925,44.31561,5.8177366,8.113676,-1.4673982,0.6402777777777777
-0.015757754,0.019155808,-0.045700468,0.047671564,-0.122677095,-0.03066184,0.013436228,-0.11238315,0.070470594,39.574707,27.325184,14.950291,-2.8746998,0.6416666666666667
0.053913996,0.11498155,0.118600994,-0.06396918,0.118335955,0.026972484,0.03129974,-0.03071639,0.09652589,53.97301,30.998325,12.984246,2.3129854,0.6430555555555556
0.013491243,0.07491957,-0.041009255,-0.10074054,-0.084893905,0.029039469,-0.073831335,-0.021018326,0.17370114,41.54003,30.828133,17.22548,2.7050579,0.6444444444444445
-0.056145936,-0.031163082,-0.06134195,-0.066252306,0.08614174,-3.3985823e-05,0.03343691,-0.020489722,0.038570486,58.27023,31.542854,16.261724,2.9533768,0.6458333333333334
-0.04876469,-0.050339624,0.013345093,-0.015143707,0.026651971,0.01213247,-0.017433986,-0.13247326,-0.024222735,60.698578,31.26094,16.664747,2.2591195,0.6472222222222223
-0.10511947,0.06837492,-0.048848204,-0.004906878,-0.002957657,0.04315877,0.003842488,-0.10408182,0.025948279,56.686226,30.677368,16.887392,2.3430026,0.6486111111111111
-0.07654831,0.01856383,0.06745051,0.013239101,-0.08493435,0.062309854,-0.11883858,-0.104101546,0.03688655,60.391182,31.2308,16.66571,2.1987495,0.65
-0.011877373,0.09381643,0.054326806,-0.056210592,-0.067958064,0.04802419,-0.11014995,-0.09325645,0.026572462,55.805416,30.975382,16.781382,2.4634705,0.6513888888888889
-0.058128625,-0.04700303,-0.0426256,-0.0005093217,-0.08013905,-0.01252776,-0.034726463,-0.17232081,0.055744827,60.53581,30.951872,16.791895,2.185437,0.6527777777777778
-0.27351823,-0.25262302,-0.089748584,-0.2161674,-0.29855248,-0.21453469,-0.2174663,0.021429189,0.2904907,63.0486,15.3531275,18.907705,1.8305482,0.6541666666666667
0.0563877,0.043901943,0.05875065,-0.03452021,0.025904126,-0.00032311678,-0.035111584,0.19543359,-0.007527899,53.761,21.036665,12.222996,-2.5985754,0.6555555555555556
0.04263261,0.036927223,-0.014018491,-0.04239747,0.018962458,0.031666704,-0.037031375,-0.075694166,0.033581976,60.31009,28.15766,11.883488,-2.0940876,0.6569444444444444
-0.044758633,0.023168005,0.09060021,-0.08840798,-0.048526384,0.0039933994,-0.14105748,-0.06412942,-0.04339149,65.67042,32.01253,-2.8069282,2.1816385,0.6583333333333333
0.02627869,0.04726173,0.122557364,-0.00594566,-0.048749186,0.114785105,-0.006679997,0.01477088,-0.028825322,57.64824,27.374334,10.330413,-2.5847695,0.6597222222222222
-0.024286553,0.0704671,-0.07499776,0.0746064,-0.116285525,0.023714785,0.07216628,-0.13196328,-0.035113454,56.316444,29.423853,10.568555,-0.6058731,0.6611111111111111
-0.07970473,-0.02180712,0.029904664,0.024402887,-0.047838427,0.06411767,-0.035491854,-0.12423373,0.009028401,61.25305,31.190184,17.157413,2.2146866,0.6625
-0.14693269,-0.008660212,0.0025385767,0.012057945,-0.07448343,0.04380899,-0.020320341,-0.1337685,0.0043011047,61.39736,31.42163,16.783468,2.6821597,0.6638888888888889
-0.08479276,0.024978906,-0.0148119405,0.071661666,-0.05337908,0.044721723,-0.026629075,-0.16759664,0.0088286325,60.69718,31.143824,16.973763,2.334646,0.6652777777777777
0.0410169,-0.029335558,0.009874187,-0.033145726,0.27847087,0.1970706,0.20150833,0.16421185,0.057267077,46.033604,30.350641,19.079334,2.1668508,0.6666666666666666
0.032360576,-0.051558062,-0.028657742,-0.107785225,-0.13034767,0.065774776,0.07175365,0.101003364,0.073995106,2.6461816,31.177858,18.103731,1.025487,0.6680555555555555
-0.12597553,-0.07796048,0.012671985,0.19576167,0.001921162,0.17320983,0.15895347,0.025591344,0.12080343,11.305254,7.8110456,20.860458,0.070497155,0.6694444444444444
0.09615035,-0.047922,-0.029331587,-0.1591217,-0.100211896,0.056989543,-0.046390153,0.035677794,0.13090941,29.171099,30.483976,17.401651,3.2075832,0.6708333333333333
-0.003967747,0.003984645,-0.104363166,-0.13354401,-0.07743222,0.037823655,-0.026817799,0.019840032,0.18004927,35.86924,29.965958,17.805853,2.8218634,0.6722222222222223
-0.065767646,0.086694896,-0.08465598,-0.1522636,-0.04897899,0.06928934,-0.07029575,-0.080300935,0.0946571,36.01358,29.422533,10.679969,2.0136251,0.6736111111111112
-0.015780598,0.029810987,-0.017892502,-0.0034576654,-0.0557015,0.048265755,-0.009349674,-0.08412007,0.03093275,31.50253,26.874401,14.955776,-3.2699242,0.675
-0.014964253,-0.023080304,0.043874152,-0.022461995,-0.025626734,0.07472971,0.005125791,0.05821631,-0.010762364,38.87508,26.703154,14.568963,-2.7738523,0.6763888888888889
0.015708596,-0.017246142,0.05249436,0.015034668,-0.043350346,0.01903586,0.01752472,-0.0422019,0.0204604,43.087162,26.984238,14.413855,-3.1466284,0.6777777777777778
0.010322712,-0.06206523,0.033071436,0.015094049,-0.065134056,0.0011875182,-0.012389153,-0.039776035,-0.029650807,41.33038,27.178234,14.10954,-3.17733,0.6791666666666667
-0.0046144426,0.10911475,0.17007717,-0.0637358,0.070181645,0.046926826,0.06326173,0.13718054,0.06766895,49.62181,31.370441,12.006549,2.2384267,0.6805555555555556
-0.02686511,0.09333412,-0.092856355,-0.14185609,-0.10591457,0.06923302,-0.0904897,-0.00325758,0.19085379,41.337563,30.898525,17.014914,3.0583827,0.6819444444444445
0.038733505,-0.043176234,-0.18242389,-0.08987054,-0.14735076,-0.12216018,-0.06765804,0.04233379,0.28057033,59.58665,13.559503,18.589314,2.1058235,0.6833333333333333
-0.11851892,0.107612014,0.17550133,0.04518666,-0.01200334,0.2015493,-0.15235776,-0.13384458,0.049105182,59.211273,28.475569,15.849303,2.0316954,0.6847222222222222
-0.06447278,0.040270805,-0.0066757128,-0.050006494,-0.03244414,0.07670935,-0.02552417,-0.062272124,0.02923185,58.095585,31.27995,16.886536,2.797038,0.6861111111111111
-0.070883915,-0.023483366,0.023126833,0.0070741847,-0.007114686,0.08888476,-0.035516262,-0.116469346,0.010983959,59.749516,30.986391,17.339132,1.8526138,0.6875
0.029755473,-0.05132395,0.040707774,-0.094720766,-0.12226007,0.05013683,-0.10307941,-0.025795847,0.035038035,58.88871,29.951279,16.135405,1.5709313,0.6888888888888889
-0.105564564,-0.017173275,0.05826988,-0.01216954,-0.12533537,-0.026975218,-0.16295227,-0.08625064,-0.023615241,62.536324,30.970339,15.479333,1.2956331,0.6902777777777778
-0.055632398,-0.08052082,0.010618687,0.039479993,0.10016291,0.042886395,-0.013866201,-0.12015978,0.008842122,62.494926,31.26184,16.711521,2.0572968,0.6916666666666667
0.0008803755,0.08948906,-0.011303879,-0.090439424,-0.054164268,0.062042255,-0.019560859,-0.056033917,0.0069622323,56.0517,26.560324,15.066766,-3.313508,0.6930555555555555
-7.9244375e-05,0.05471895,-0.013527311,-0.01877053,-0.022411652,0.038353257,0.023170054,-0.052800044,0.03146272,58.53431,27.14881,13.836212,-2.620114,0.6944444444444444
-0.0020504072,0.05151263,-0.011202209,-0.004988484,-0.0035374612,0.012996055,-0.0039732605,-0.053136438,0.018003043,58.24068,27.031395,14.413537,-2.8018184,0.6958333333333333
1.5743077e-05,0.07902156,-0.047253184,-0.01469928,-0.053113915,0.0122605935,-0.09064437,-0.119888015,0.008969504,55.467636,24.843367,15.425734,-4.2682867,0.6972222222222222
-0.23894975,0.22577319,-0.020107985,-0.021023378,-0.39307788,-0.11667487,-0.17312716,-0.009095892,-0.102882676,54.690918,6.213633,11.818185,-0.055384234,0.6986111111111111
-0.10567498,0.00011023134,-0.006399736,0.02018997,-0.048329078,0.053761072,-0.031203665,-0.107085265,0.014412813,60.96969,31.46208,17.237017,2.6438293,0.7
-0.07558985,0.012912124,-0.013937183,0.057314847,0.021978095,0.030644424,-0.042354226,-0.13517576,-0.004056234,61.263905,31.790146,16.920626,2.4530675,0.7013888888888888
-0.0972988,0.012204483,-0.012869492,-0.012176678,-0.04661163,0.009526815,0.005347654,-0.11089947,0.016792178,60.345467,31.244244,16.862967,2.7400668,0.7027777777777777
-0.043440178,0.14238498,0.011287235,-0.20398588,0.033270977,0.25231946,0.038142905,0.034009833,0.06785311,32.972664,30.388243,18.842875,2.5373015,0.7041666666666667
0.07660332,0.005845025,0.021000035,-0.15546198,-0.11917246,0.018994544,0.066714704,0.108934134,0.06968133,2.1031625,31.07337,18.780535,1.2627231,0.7055555555555556
0.17223434,0.053024486,0.088534616,-0.12229332,-0.072741084,-0.015708853,0.04884918,0.13823563,-0.078838736,19.211472,30.799206,18.211344,2.295232,0.7069444444444445
0.040427923,-0.06367616,-0.11084794,-0.053670198,0.0065051913,0.065353915,-0.0037430823,0.006228421,0.12141022,31.712532,29.77284,17.551008,2.9051678,0.7083333333333334
0.033076644,-0.005471632,-0.06774824,-0.13758658,-0.08882991,0.0066677257,-0.025999814,0.024895314,0.18422987,36.396305,29.99864,17.60641,2.5275986,0.7097222222222223
-0.033370182,0.055660672,-0.10166576,-0.154085,-0.032569073,0.09549512,-0.09579733,-0.05591926,0.03783089,35.6019,28.597559,11.778785,1.8182205,0.7111111111111111
-0.20031023,0.2955441,-0.38059792,-0.09174384,-0.19473895,0.06919167,0.0056174695,-0.15555412,0.05190704,32.887066,9.995041,8.071012,-1.210023,0.7125
0.04912419,-0.011813566,-0.20321816,0.05328657,0.036134623,-0.056760307,0.021495208,-0.04848744,0.16865915,41.678223,21.816538,14.257083,-2.6837828,0.7138888888888889
-0.047521546,-0.008589976,-0.015097231,0.028581806,-0.037600033,0.0056954734,0.028873429,-0.114767425,0.029902887,42.536003,26.654171,15.121754,-3.5599232,0.7152777777777778
-0.006582141,-0.06345032,-0.008849576,-0.02638419,0.023977473,0.024401207,0.044973165,-0.071381815,-0.064803004,45.62807,26.775513,14.960318,-3.461801,0.7166666666666667
0.005540028,0.15550284,0.14740953,-0.049644604,-0.014472641,-0.050297443,0.029773057,0.13166098,0.07029493,45.792034,31.31747,11.8216305,2.046188,0.7180555555555556
0.04937964,0.05097609,-0.006337017,-0.20990102,-0.075134106,0.07440956,-0.032048397,0.016876224,0.13372183,46.370823,30.732702,16.779661,3.3154802,0.7194444444444444
-0.10539095,-0.10752864,0.08228415,0.058869697,-0.10917746,0.0010113902,-0.1680922,-0.14988127,0.0029861834,65.036896,31.247883,16.083641,1.4913365,0.7208333333333333
-0.01974313,0.08601205,0.09139335,0.0022369325,-0.0032599866,0.014725391,-0.007764384,-0.09180651,-0.002135843,58.03084,30.112656,16.805075,1.5595849,0.7222222222222222
-0.05480039,-0.0065789,-0.028063022,0.027389996,0.00948105,0.03726969,-0.02085656,-0.106704764,0.0054626614,59.99584,30.858297,16.567389,2.2960887,0.7236111111111111
-0.08970077,0.061156724,-0.058164097,0.009339243,0.052400593,0.035957254,0.03208743,-0.09762793,-0.005013641,57.293938,30.971561,16.932678,2.0107644,0.725
-0.08278979,-0.13737941,-0.16622499,-0.025180876,0.2970859,0.15503603,0.088645,-0.07203094,0.016469337,57.220215,28.212038,16.880964,2.5046675,0.7263888888888889
0.2539782,-0.014730722,0.32972863,0.19716075,-0.19605985,-0.051565517,0.13664024,-0.025115877,0.013748735,60.736885,12.400769,17.7314,1.3641431,0.7277777777777777
-0.056875408,-0.04205124,0.041811373,0.035540745,-0.0060730726,0.065720536,-0.052643433,-0.14176941,0.0052073933,60.871437,31.006588,17.045853,2.4031234,0.7291666666666666
-0.019474372,0.030174583,-0.013122253,0.02626998,0.0036164448,0.06934906,-0.016452536,-0.028035074,0.023083366,57.64967,27.215689,14.839518,-3.0159605,0.7305555555555555
0.010638379,0.07749912,-0.028481461,-0.011306226,-0.013720445,0.018297203,0.0007273555,-0.05642715,0.033176832,58.68825,27.36767,14.535607,-2.5871348,0.7319444444444444
-0.017459527,0.058162514,-0.015395112,-0.019495144,-0.047577165,0.003859397,0.031710997,-0.06474013,0.00077517144,57.18358,26.88809,15.059397,-3.2325819,0.7333333333333333
-0.0023205727,0.05974765,0.020437881,-0.03740953,-0.050319307,0.025301445,-0.0046690553,-0.072018586,-0.028007519,55.455166,26.159626,14.740413,-3.8328886,0.7347222222222223
0.016611516,0.06853318,-0.027819552,-0.01910463,-0.1292468,0.061758723,-0.009221524,-0.084144436,-0.016397864,55.470375,28.554958,11.776907,-1.5249957,0.7361111111111112
-0.094966486,-0.02186799,-0.01948423,0.03394974,-0.04716877,0.027650319,-0.06081397,-0.14114723,0.030196391,61.15492,31.06359,16.696766,2.3926632,0.7375
-0.082044214,0.0019973218,0.009314112,-0.045528412,-0.034111448,0.015423551,-0.022259846,-0.082651936,0.0090801045,60.0338,30.746408,17.004911,2.4911406,0.7388888888888889
-0.09089562,-0.012652814,0.020954162,0.022704296,-0.035490535,0.0148985945,-0.06274703,-0.09052438,0.022472482,60.867184,31.1607,16.622469,2.4758384,0.7402777777777778
-0.1787808,0.019595772,-0.06100502,-0.15775238,-0.044484355,-0.0023290627,-0.05898492,0.13325557,0.055384442,15.141148,12.168818,21.245113,-0.24646631,0.7416666666666667
-0.049839437,0.0087997615,0.01750534,-0.27632618,-0.37610182,0.022402335,0.03225608,0.059283398,0.062316954,1.9571956,28.494596,19.37718,0.9290379,0.7430555555555556
0.14613622,-0.018700987,-0.008392252,-0.16423295,-0.031397797,-0.027817916,0.037623063,0.06182865,0.115715966,25.09846,30.624521,17.564823,2.2480721,0.7444444444444445
0.012068391,-0.041635305,-0.08403868,-0.13689433,-0.0073287264,0.060822774,-0.029575929,0.022056662,0.18968096,35.448437,29.980055,18.112556,2.806034,0.7458333333333333
0.002734445,-0.0077610016,-0.09632925,-0.11368525,-0.058266632,0.05657321,-0.015487626,0.014745928,0.16637592,36.440994,29.811586,17.998505,2.784886,0.7472222222222222
-0.011384726,0.12789765,-0.093589686,-0.09048265,-0.018319972,0.11267139,-0.091263324,-0.061036833,0.043803908,35.785484,28.741932,11.561692,2.1834545,0.7486111111111111
-0.018653244,0.0063512623,0.010255277,0.012378819,-0.08189551,0.058701918,0.0124432,-0.067724355,0.043758266,32.629196,26.204838,15.458749,-3.3069534,0.75
-0.0044781864,-0.10393512,0.06385154,0.02504278,-0.15477657,0.017593551,0.012238413,-0.097426124,-0.045463562,48.83921,27.87214,5.6492467,-0.7184403,0.7513888888888889
0.000465177,-0.056192398,-0.012211569,-0.03223224,0.035173647,-0.04932237,-0.044613585,-0.07286956,0.08425553,47.843437,31.041042,-3.1322572,0.62113166,0.7527777777777778
-0.012511164,0.0040666163,0.00084801763,-0.010253757,0.035990946,0.0024834312,0.07064268,-0.08977223,-0.0226002,51.491978,26.4827,14.484388,-4.081851,0.7541666666666667
0.0020040572,-0.10106391,0.2329117,-0.0134079605,-0.03490103,-0.07033776,-0.11580882,0.0876614,0.04563134,38.767742,24.916782,16.379395,-2.188002,0.7555555555555555
0.011792518,0.024737082,0.10924837,0.16771498,-0.24399963,0.05421703,0.04754077,-0.10212424,0.069245294,49.214806,14.998022,13.343361,3.3906338,0.7569444444444444
-0.085308045,-0.07488343,-0.001762107,0.020969175,-0.03358025,0.016873948,-0.010864228,-0.14838949,0.0063269585,63.070934,31.528725,17.076803,2.8143072,0.7583333333333333
-0.08136387,0.04986599,-0.037702285,-0.016379058,-0.052346893,0.02925571,-0.005292833,-0.12191195,0.02900929,56.618534,30.68598,16.885921,2.5614767,0.7597222222222222
-0.059608504,-0.023937687,-0.043977447,-0.023531437,0.05483,-0.02249254,0.08214137,-0.09730629,0.011409197,59.46168,30.98717,17.013832,2.3599129,0.7611111111111111
-0.063678086,0.039940923,-0.035166956,-0.024844572,-0.011897109,0.09097792,0.008547932,-0.14537442,0.06498959,55.895668,30.902271,16.847172,2.4332366,0.7625
-0.08102216,0.054983184,0.003510818,0.018307619,-0.052913897,0.028812476,-0.06685743,-0.13840991,0.034768365,59.505356,30.721546,16.877047,2.164697,0.7638888888888888
-0.09858544,-0.106752306,-0.012115091,-0.004615955,-0.012546003,-0.00974879,-0.061642893,-0.09658825,-0.015869692,64.33439,32.26438,16.330183,2.632107,0.7652777777777777
-0.03501977,-0.04087919,0.03830657,0.010034241,-0.046308495,0.09063277,-0.05329331,-0.12278169,0.0041856878,60.35282,30.86376,16.850903,1.8705004,0.7666666666666667
0.035614587,0.099834144,-0.044828035,0.0011121482,0.043431677,0.013631035,0.044487506,-0.069699846,0.01068012,58.646465,27.613716,14.099974,-2.5971446,0.7680555555555556
0.014604442,0.070604414,-0.022408538,-0.008871451,-0.01588925,0.024653565,0.01040417,-0.05121813,0.02472993,58.908737,27.470842,14.091751,-2.4707355,0.7694444444444445
-0.0557774,0.08208126,-0.11897003,0.05070958,-0.09890329,0.13341029,0.061270177,-0.118872546,-0.0025224164,57.411312,8.501238,6.401132,-0.935218,0.7708333333333334
0.10542352,0.14649586,-0.038821094,-0.04443434,0.010774024,0.01573589,-0.026256457,-0.084296666,-0.08972084,55.317986,25.184338,14.824241,-3.6439276,0.7722222222222223
0.030732416,0.050006904,-0.028181694,-0.08134499,-0.09295862,0.012474243,0.0012661666,-0.035951324,0.016865857,55.166794,27.770988,13.33547,-2.2897146,0.7736111111111111
-0.13587686,-0.013087168,-0.03184443,0.013266921,-0.028420381,0.042066365,-0.049473897,-0.11616946,0.016313203,60.914135,31.47395,16.972519,2.6649005,0.775
-0.14058453,-0.016952738,0.0060916618,0.026875876,-0.022558957,0.04194876,-0.038690053,-0.064818464,0.03258023,61.09365,31.351908,16.641075,2.5006168,0.7763888888888889
-0.11622885,7.582456e-05,-0.017120935,0.008038573,-0.030399017,0.041157387,-0.04502736,-0.12341557,0.00087890774,60.89628,31.182003,16.685436,2.1906023,0.7777777777777778
0.0024377927,0.03375174,0.020647474,-0.046671927,-0.17853475,0.10340114,0.031669885,0.033778824,0.003332626,4.902267,30.654713,18.78976,0.8849342,0.7791666666666667
0.078654505,0.076431304,0.04091364,-0.2051111,-0.14255396,0.03744323,0.06451559,0.1473697,0.045675322,3.7862775,31.276903,17.686872,2.1176682,0.7805555555555556
0.08248237,0.008175112,-0.0077007934,-0.07196437,-0.13523483,0.103263944,0.031199023,-0.0050540566,0.024613943,27.815868,30.281136,17.632444,2.2094288,0.7819444444444444
0.0026554316,0.020854495,-0.022421569,-0.067266956,-0.06503316,-0.04822463,-0.024712965,-0.037060514,0.10186143,41.306946,28.625443,16.108372,0.528038,0.7833333333333333
-0.010354921,0.029237546,-0.1396088,-0.056363523,0.083002016,0.049468875,-0.003977239,0.08505979,0.03705264,38.123707,25.249624,15.982476,-0.04133214,0.7847222222222222
0.08620988,0.037521817,0.10268822,0.032831147,-0.044980593,0.03681615,-0.120565146,-0.026186995,0.07676147,31.362936,14.69922,14.276096,-1.4253695,0.7861111111111111
0.01508867,0.038890198,0.037022114,-0.02183418,-0.044885837,0.0709289,-0.0010757148,-0.045206025,0.0044847056,34.80974,26.880548,15.18269,-2.8500955,0.7875
-0.045220137,0.050406158,0.0011484548,0.049737483,-0.012240142,-0.034799997,0.004409194,-0.07915775,0.014983654,45.242226,26.594452,15.585277,-4.057433,0.7888888888888889
0.035786293,0.03601382,-0.013327107,-0.038694113,-0.06668574,-0.0046664067,-0.06714872,-0.13318136,0.066849194,38.893795,26.801579,14.724383,-2.717468,0.7902777777777777
-0.047580466,0.047141477,0.021411978,-0.0131124705,-0.023187585,0.027432732,0.019906014,-0.020771943,0.0024573784,49.84693,26.555199,14.525729,-3.476684,0.7916666666666666
-0.0019082576,0.12643947,0.14268193,-0.05588831,-0.013808258,-0.023396913,0.08289087,0.20114395,-0.04490242,40.102833,30.969582,10.890116,1.7084965,0.7930555555555555
-0.04739347,-0.017721966,-0.04134839,-0.15951894,0.07455067,-0.008156139,0.06403592,0.019215625,0.020256612,57.507477,31.283772,16.649736,3.2934175,0.7944444444444444
-0.1179712,-0.051446185,0.00037443638,0.011435084,-0.025907695,-0.0039989613,0.029818863,-0.0981042,0.0062486827,60.968876,31.139671,16.649696,2.409332,0.7958333333333333
-0.051430345,0.075195,-0.02676513,-0.013938099,-0.03111402,0.03820872,-0.018909737,-0.15060964,0.028228212,56.627167,30.529823,16.873371,2.3463216,0.7972222222222223
-0.10965778,0.0017450154,0.020329244,0.009963483,-0.04943008,0.034536652,-0.07666275,-0.143004,0.0389757,60.794586,31.292414,16.559645,2.4710639,0.7986111111111112
0.0581382,0.0017950907,0.086629815,0.033260256,-0.17542902,-0.0036066882,0.028738663,0.09724519,0.057897158,54.70155,13.215192,17.530941,0.46640906,0.8
-0.09301503,0.0055252686,-0.041211702,0.08110508,-0.090943925,0.013784189,-0.025344878,-0.182551,-0.032621574,59.568592,30.711355,17.10501,2.3869512,0.8013888888888889
-0.12757531,-0.115449235,-0.0013705343,-0.014873907,-0.059716202,-0.0039630346,-0.06373302,-0.10784369,-0.0002893731,64.85132,31.981146,16.871216,2.7052171,0.8027777777777778
0.010546848,-0.008725807,0.026959963,-0.00024975836,-0.0150066465,0.07303617,-0.057774276,-0.13666478,0.02125841,60.197586,31.41287,17.245533,2.1298995,0.8041666666666667
0.09034197,0.009943813,-0.02398774,0.02005566,0.01399371,0.102405496,0.07882038,-0.08664853,-0.033232674,59.50118,28.31169,13.77783,-1.8920883,0.8055555555555556
0.016718686,0.06422296,-0.022798106,-0.010043599,-0.008206427,0.02417522,0.010367379,-0.051094756,0.019249208,59.075504,27.498976,13.636915,-2.3780506,0.8069444444444445
-0.045538083,0.041821815,0.016881697,-0.056627616,-0.08245396,0.04486227,0.015234813,-0.04057817,-0.007128248,55.295837,26.103733,14.902773,-3.710736,0.8083333333333333
-0.049358264,0.06905779,0.013062768,-0.033409894,-0.06621454,0.018496852,-0.01769562,-0.03423053,-0.015114498,55.210907,26.124722,15.388577,-4.1409626,0.8097222222222222
0.025361441,0.060873155,0.004146181,-0.015476331,-0.101936646,0.02577918,0.006941691,-0.0705109,0.022469115,55.418873,26.931906,13.354121,-2.9736075,0.8111111111111111
-0.12136719,-0.0017845854,0.0006067753,0.04981365,-0.006357178,0.08215606,-0.024585634,-0.1093745,0.0009810906,61.676476,31.395891,16.914772,2.488867,0.8125
-0.27350447,-0.14201796,-0.088494726,-0.10514088,-0.02037076,0.107197255,-0.22098535,-0.043495588,0.07626323,63.543713,23.524723,17.055782,2.9350684,0.8138888888888889
0.11615838,0.097326435,0.3451246,-0.06943126,0.006395839,-0.059728194,0.17925613,-0.025287144,-0.067579746,53.33649,17.901236,16.218937,-0.20758215,0.8152777777777778
-0.021916106,-0.019520745,0.0050839707,-0.17672645,-0.15057546,0.04028531,0.04027617,0.12855823,0.060226798,2.9375622,31.122353,17.788284,1.0873802,0.8166666666666667
0.15275991,0.018086031,0.053362846,-0.19215478,-0.1529027,-0.0004474111,0.10419612,0.045594648,0.028197773,12.944338,31.525244,17.943604,2.2017794,0.8180555555555555
0.075968325,0.0048758015,-0.048546143,-0.073896155,-0.08679416,0.06496887,0.01626964,0.06727437,0.11170915,28.380135,30.543644,17.482727,3.0776508,0.8194444444444444
-0.0043483675,-0.0027713925,-0.10707117,-0.10058926,-0.07387864,0.035730492,-0.012317687,0.006866947,0.16719887,35.812843,29.91385,17.775425,2.5780196,0.8208333333333333
0.005509734,0.008315675,-0.08703446,-0.10605711,-0.11791266,0.025579125,-0.022850215,-0.016236909,0.19508116,36.957424,30.097923,17.737873,2.5173507,0.8222222222222222
0.020293385,0.10025884,-0.10160344,-0.054146692,0.018567689,0.136058,-0.036000714,0.0327396,0.03896173,35.463303,28.769516,12.909786,2.1881225,0.8236111111111111
0.0066780597,0.0057391226,-0.0049134716,-0.016329065,-0.04510639,0.055466093,-0.007981151,0.04434607,0.02644116,38.394806,26.960238,14.620125,-3.1580377,0.825
-0.0052513927,-0.011264935,0.0091675,-0.02590181,-0.041656576,-0.0056894906,-0.072323844,0.0047402084,-0.0025865901,43.672745,26.783205,14.796028,-3.903282,0.8263888888888888
0.043759286,0.005149752,0.0077560544,0.030255064,-0.13317457,0.04675795,-0.0070933253,-0.09398473,-0.063954346,40.96587,27.350258,13.825201,-2.7613103,0.8277777777777777
0.013340488,0.00050634146,0.15651114,-0.020900339,-0.19505489,0.087299034,0.024427667,0.054295287,-0.07530041,48.941414,4.2149386,10.274872,-1.412004,0.8291666666666667
0.097489774,0.04783816,0.07402226,-0.13239412,0.0028418824,-0.049966637,0.1503631,0.10833217,-0.02552193,39.155983,30.743729,12.21665,1.7414254,0.8305555555555556
-0.10786669,-0.0032474846,0.023609757,0.0056993216,0.020052172,-0.0074487887,-0.012755051,-0.07273484,0.0033565927,62.254833,31.422415,16.93561,2.7860577,0.8319444444444445
-0.09705727,0.01883652,0.0065049455,0.04047799,-0.03359311,0.06537314,-0.024249852,-0.15461946,0.033874024,59.76138,31.31569,17.26613,2.453276,0.8333333333333334
-0.067169815,0.051598974,0.019115724,-0.013971895,-0.023829043,0.07334656,0.00508824,-0.041927762,0.008603752,57.938984,31.130383,17.103867,2.674001,0.8347222222222223
-0.028259203,0.017996907,0.027453296,0.052173406,-0.02363386,0.07041118,-0.0038095862,-0.13573837,0.01425837,59.82494,31.029337,17.035078,1.9931453,0.8361111111111111
-0.020352647,0.016093515,-0.00028388947,0.004551187,0.020603627,0.059794135,0.016809732,-0.016314045,0.039703824,56.617947,30.86031,16.841139,2.4501343,0.8375
-0.06757671,-0.028638601,-0.0132414475,-0.004696429,0.027627915,0.053670533,-0.028829902,-0.11454279,-0.0013107304,61.404327,31.721548,16.754665,2.4994998,0.8388888888888889
-0.0881104,-0.07170139,-0.0013130829,0.032815255,0.027262643,-0.010586973,-0.00585638,-0.12662032,0.017146774,62.390987,31.517578,16.822195,2.3274217,0.8402777777777778
-0.10304318,-0.057730064,0.008398622,0.0040957406,-0.06875976,0.048501343,-0.030824259,-0.080686755,-0.0025221407,62.169903,31.327204,16.753174,2.3353338,0.8416666666666667
-0.150496,-0.07806547,0.006601192,0.08964479,-0.0070806816,0.18296869,-0.1119804,-0.11452045,0.121941,59.21746,17.23731,17.110395,-1.187539,0.8430555555555556
-0.029359564,0.05415398,0.030197024,-0.07865237,-0.07030111,-0.06082454,-0.080203705,-0.059096895,0.122737974,57.770657,14.765894,8.590274,-1.7312326,0.8444444444444444
0.04915767,0.10735116,0.03958084,-0.018343806,0.0131550655,0.07421883,0.029127061,-0.0052674636,-0.0344556,62.239105,30.254652,-0.6103169,0.6785364,0.8458333333333333
0.050155334,0.014897279,0.07883039,-0.019798666,-0.08371859,0.020622548,0.018929064,0.002870135,-0.0034635346,60.183548,28.908972,1.1558375,0.7184199,0.8472222222222222
-0.0061413646,0.054923557,-0.0074159727,-0.02177447,-0.05913111,0.047529142,0.014134333,-0.06776538,-0.014239688,55.505074,26.619953,15.05884,-3.7547553,0.8486111111111111
-0.10596129,-0.018097624,-0.04375177,0.059002306,-0.05187919,0.015695587,-0.029204443,-0.17761004,0.0030419435,61.518284,31.175201,16.741072,2.466261,0.85
-0.11654812,-0.01215823,-0.048388846,0.014414102,-0.021759354,0.056057625,-0.011472806,-0.08985936,0.019574389,60.33022,31.050983,16.953758,2.453452,0.8513888888888889
-0.18611026,0.11365456,0.04044561,0.0010802448,0.09528161,0.1572864,0.20542635,0.14180417,0.048208103,35.475098,31.29871,18.82403,1.5981721,0.8527777777777777
0.0152655095,-0.028130874,-0.006860815,-0.1419111,-0.13297248,-0.003819514,0.059492663,0.14796263,0.081279926,2.0731363,31.071049,18.48623,1.3051493,0.8541666666666666
0.15504067,0.031466678,0.04988172,-0.0060746744,-0.075429775,0.012423892,0.12847091,0.039459504,-0.07950452,17.363934,30.98726,18.465311,1.8448857,0.8555555555555555
0.06042273,-0.040011257,-0.06163589,-0.08210078,-0.024835415,0.07147164,-0.029243633,0.020420317,0.12492049,31.142998,29.843603,17.702456,3.0593617,0.8569444444444444
0.029025145,-0.12505308,0.045271736,0.1702695,-0.057125993,0.19040479,-0.12598668,-0.05230116,-0.05574649,36.316116,7.428385,19.749205,0.9075713,0.8583333333333333
-0.007175982,-0.037991196,-0.14874476,-0.08321263,-0.026417777,0.05521119,0.0046616644,0.005744949,0.19445127,36.695965,30.208788,18.193037,3.207946,0.8597222222222223
0.03201876,0.10349445,-0.15668294,-0.037457332,0.070747584,0.0790339,-0.12576857,0.026609506,0.06671732,35.54447,28.226063,14.012331,2.6864293,0.8611111111111112
-0.054747075,0.05395175,-0.046150155,0.045131005,-0.019849218,0.01677465,-0.037333734,-0.045245267,-0.0046374835,41.235306,26.9862,15.233078,-3.5543175,0.8625
-0.011288285,0.015961677,-0.06351725,0.03707613,-0.03751432,-0.012653228,-0.0461936,-0.080194555,0.05753334,42.582714,27.00914,14.837669,-3.5804973,0.8638888888888889
-0.10446036,-0.024080172,-0.0046818703,0.065681994,0.023030259,-0.004436303,0.09011333,0.010338783,-0.06757775,45.589058,27.434732,13.426922,-2.8400743,0.8652777777777778
-0.024836123,-0.023328751,0.022912465,-0.015534267,-0.026451908,-0.0114538185,0.0031842142,-0.056440987,0.06739378,41.350502,26.746532,14.565951,-3.2779129,0.8666666666666667
0.047355592,0.06638631,0.13963252,0.013114944,-0.08555708,0.03831296,0.10621913,0.097829424,-0.13762544,43.661892,30.918922,10.174019,1.9535161,0.8680555555555556
-0.11760259,-0.060485393,0.019536458,-0.0028816313,-0.07179151,0.0241323,-0.08703826,-0.11175088,0.009255443,63.793423,31.745932,16.800276,2.636563,0.8694444444444445
-0.091646016,0.06974289,-0.016057856,-0.00086449087,-0.06195865,0.045627166,-0.013822272,-0.13897958,0.020760167,57.270763,30.593784,17.120848,2.315641,0.8708333333333333
-0.00807485,-0.025746346,-0.041308172,0.019877695,0.0474214,0.13511127,-0.05574046,-0.10259003,-0.05058506,60.240852,23.133732,15.346862,3.4153948,0.8722222222222222
0.13747585,-0.01312089,0.1693525,-0.079444066,0.021980755,-0.1974545,0.02338016,-0.12835568,0.0020324495,53.508484,17.955576,14.846062,2.194568,0.8736111111111111
-0.029001445,0.0018724352,-0.0792583,-0.045218587,0.08825548,0.012990553,0.07528296,-0.044839986,0.06092883,57.243732,30.94357,16.9799,2.372748,0.875
-0.025010303,-0.072864294,-0.038093098,-0.00689777,0.035211183,0.031066824,-0.06596178,-0.06212444,-0.015850926,63.77188,31.771444,15.328615,2.6575456,0.8763888888888889
-0.082744405,-0.06655492,0.05548098,0.023253411,-0.08313083,0.0046328865,-0.118631154,-0.114561535,0.018218715,63.31032,30.77683,15.494759,1.1331801,0.8777777777777778
-0.12822524,-0.07270576,-0.018637508,0.017421566,-0.019630112,0.044070616,-0.13707556,-0.13422775,0.05081889,64.99403,31.870695,16.133297,1.8249694,0.8791666666666667
0.10819771,-0.031274468,-0.010137141,-0.008345,0.036828466,0.06945138,0.055630863,-0.14212483,-0.046012454,60.88477,28.804464,12.895642,-1.1731436,0.8805555555555555
-0.01726751,0.067740574,0.005314052,-0.011455715,-0.022183001,0.009725299,0.021954253,-0.06089247,0.0023061652,57.60824,26.793026,15.2025175,-3.1939511,0.8819444444444444
-0.060538158,0.070538625,-0.0065283626,-0.02336955,-0.05732847,0.029734414,0.010773957,-0.049831934,0.0010451674,55.58885,25.941195,15.035357,-3.9227264,0.8833333333333333
-0.021690816,0.08388079,-0.0016035661,-0.014027432,-0.07494312,0.02611674,-0.0030086488,-0.082307406,-0.011560296,55.57199,26.05983,14.795782,-3.9368527,0.8847222222222222
-0.0474464,0.0681875,0.0064765364,-0.036033377,-0.052403815,0.04122148,-0.051868342,-0.022587754,-0.016978614,55.467804,26.222498,15.062971,-3.8722289,0.8861111111111111
0.1925437,-0.07668315,-0.040206395,0.0787252,-0.13558677,0.15561552,0.08880691,-0.07523773,0.06788793,60.776245,14.980721,16.917082,-0.117326416,0.8875
-0.0944041,-0.016639128,-0.0065825954,-0.008107364,-0.0012747049,0.05152703,-0.02622214,-0.08827024,0.03987574,60.95074,31.555912,16.998417,3.0503194,0.8888888888888888
0.14596415,0.16719654,0.018883087,-0.22457479,-0.17431799,0.03399647,0.08639823,-0.08314306,0.20573542,19.742682,30.884632,18.750063,1.9342629,0.8902777777777777
0.073293746,0.005539827,-0.010380194,-0.22124763,-0.15433735,0.038889483,0.070943326,0.15203224,0.09998214,1.7228541,31.476353,17.539747,1.7807269,0.8916666666666667
0.14813188,-0.0109228045,0.007239178,-0.18437545,0.027168654,0.0042989813,0.009042636,0.030917305,0.11836164,25.39367,31.069996,17.68615,1.6438327,0.8930555555555556
-0.026830658,-0.013072282,-0.07195351,-0.14907764,-0.03232398,0.06511881,-0.07119641,0.055419385,0.15836143,34.698044,29.955818,17.896597,2.6387708,0.8944444444444445
0.012763925,0.0064463317,-0.081421725,-0.09319301,-0.07152078,0.012374122,-0.01357317,0.015135087,0.1754451,36.599182,30.030003,17.831438,2.401967,0.8958333333333334
-0.018696561,0.02225586,-0.120004706,-0.08910768,-0.040968396,0.040331505,-0.037930742,0.018156182,0.18232398,37.348427,30.062881,17.722136,2.3967974,0.8972222222222223
0.07401414,0.06996392,-0.07487825,-0.063547924,0.043630496,0.12511122,-0.021767646,0.04368584,0.06874946,36.40801,28.449862,13.985361,2.5275722,0.8986111111111111
0.0007550195,-0.03588578,0.00055157393,-0.019871175,-0.026782103,0.012618277,-0.031415157,0.029689673,-0.009541126,43.105522,27.126621,14.18366,-3.5782738,0.9
0.02126854,0.16796473,0.0031182766,0.029426381,-0.023099594,0.02878055,0.06283113,-0.17765138,-0.13668677,41.886303,15.077358,13.115738,-1.3867295,0.9013888888888889
0.07429403,0.16965881,-0.14228088,-0.13190958,0.0069650263,-0.09582639,-0.013746813,0.061911598,0.12987967,47.334892,19.197487,7.9482636,-1.7660393,0.9027777777777778
-0.025057226,0.031193137,-0.0042731315,-0.056140825,-0.047245316,0.092624485,-0.040331542,-0.09125505,0.01386923,38.00199,26.999758,14.693342,-3.2021158,0.9041666666666667
-0.00019873679,0.035210453,0.059730288,-0.050438896,-0.09099477,0.07034722,0.021629661,0.0023127645,-0.039012402,48.250546,31.243406,9.460007,2.2906299,0.9055555555555556
-0.10437812,-0.035132587,-0.0052728727,0.07821715,-0.061976902,0.014841426,-0.08794369,-0.16005203,0.003446957,63.115894,31.787899,16.936758,2.7270691,0.9069444444444444
0.0018531904,-0.05300133,0.044338826,-0.07113987,-0.04606556,0.010658998,-0.065104105,-0.026561275,-0.010949919,59.51535,29.610565,15.763053,0.9869906,0.9083333333333333
-0.101355195,-0.015875265,0.020486318,0.023811288,-0.09661702,-0.1140621,-0.025032923,-0.106281064,-0.014134209,61.4049,30.22525,15.178123,1.0710658,0.9097222222222222
-0.056451827,0.07726015,0.011444993,-0.01737754,-0.024536408,0.0654511,0.009053066,-0.12261551,-0.016851265,56.728878,31.009857,17.244013,2.3753195,0.9111111111111111
-0.07619546,0.07838857,0.021930896,0.0072938576,-0.055870213,0.03328325,-0.08307825,-0.12367422,0.03393146,59.124947,30.682268,16.66028,2.170003,0.9125
-0.11858371,-0.094737604,-0.020221204,-0.054079607,-0.08571259,-0.020169687,-0.07192609,-0.090555735,0.01080893,64.0703,31.66358,16.475893,2.7828896,0.9138888888888889
-0.06003359,-0.026496276,0.026190601,-0.00013633817,-0.03750909,0.06277723,0.0059655756,-0.11567394,0.025977712,59.797333,30.958282,16.898348,2.2830107,0.9152777777777777
0.21628906,-0.17892888,-0.13754949,0.16789322,-0.30733472,0.005087953,0.13661836,-0.027203105,0.22450472,61.307182,14.858653,17.189215,0.79007125,0.9166666666666666
0.07920495,-0.094878316,-0.019124195,-0.029617965,0.003217347,-0.012188438,0.016795427,-0.055237748,-0.012023495,60.8638,29.390165,12.939949,-0.1351984,0.9180555555555555
-0.013134196,0.08574608,-0.014734797,-0.015636757,-0.040651016,0.028642505,-0.011890799,-0.06470864,0.0002157148,56.212807,26.59007,15.189396,-3.138911,0.9194444444444444
-0.041824102,0.07469286,-0.012936257,-0.030780897,-0.064158835,0.024970885,0.010318309,-0.06613117,0.010548137,55.62907,26.175385,15.295993,-3.9326146,0.9208333333333333
-0.044105157,0.05520987,0.0058723614,-0.046767533,-0.046476983,0.027275927,0.01160945,-0.039579563,-0.026052339,55.463966,26.145605,15.290283,-3.90212,0.9222222222222223
-0.025235578,0.066387825,0.022212617,-0.04619415,-0.042075492,0.040525578,-0.003517285,-0.070687644,-0.03498868,55.73404,26.003763,15.26817,-4.0676994,0.9236111111111112
-0.13335988,0.028662018,0.018715143,0.007881805,-0.028523348,0.0019162185,0.014016807,-0.095069416,0.015162218,60.986603,30.896961,16.701973,2.1289113,0.925
-0.103512526,-0.027249604,0.014622748,-0.0023964196,-0.0025268719,0.058644287,0.0019336045,-0.08402113,0.000673417,60.921013,30.974508,16.705164,2.2613223,0.9263888888888889
0.03687205,0.070542574,-0.04957255,-0.0047064126,-0.17163774,0.08167519,-0.010573685,0.057919584,-0.0017018802,7.1224566,30.850101,18.086615,0.80685484,0.9277777777777778
0.04292904,0.07150166,0.06933439,-0.21079321,-0.13790527,0.07385476,0.074719906,0.16414672,0.034159802,2.6614704,31.537369,16.912304,2.0183449,0.9291666666666667
0.15800156,0.1274484,0.14471614,-0.2751972,-0.1358557,-0.03674407,0.091776535,-0.13674718,-0.13977453,31.335047,20.201164,18.204542,1.7764508,0.9305555555555556
-0.01643689,-0.20322478,-0.1646505,0.006478831,-0.070489354,-0.12582646,-0.16754204,-0.32055423,0.23756085,35.842113,20.368338,13.675626,4.1923423,0.9319444444444445
-0.006148055,0.024317086,-0.11183525,-0.11961229,-0.06802399,0.025849625,-0.045450956,0.012097377,0.17615488,36.538715,30.169113,17.897455,2.5770586,0.9333333333333333
0.0049661025,0.03313683,-0.09932577,-0.12962818,-0.08873934,0.014101706,-0.045882307,0.032282345,0.19675498,36.979927,30.131975,17.951551,2.6012735,0.9347222222222222
0.07422759,-0.07556744,-0.114744656,-0.0734545,0.09827328,0.05950584,-0.092281096,0.052108277,0.10488336,39.53371,27.93837,15.462401,2.7326972,0.9361111111111111
-0.014828533,0.008501999,-0.04374937,0.014151916,-0.030980222,-0.008825999,0.021726713,-0.025703363,0.03945957,43.89323,26.774488,14.337201,-3.5524213,0.9375
0.018828124,-0.039471835,0.030164987,-0.09663831,-0.09183515,0.052314427,-0.0040908605,0.061941396,0.100872576,41.09339,26.334248,12.669188,-2.9558442,0.9388888888888889
0.09778733,0.044374473,0.07872122,-0.017730325,-0.032538988,-0.0059817024,0.0003028512,0.017461207,-0.015078677,60.217667,30.414833,-3.2175786,1.1023788,0.9402777777777778
0.030862413,-0.15673378,0.038230576,-0.0017507151,-0.032677867,0.081248626,-0.06431824,-0.032671772,0.082242966,39.24128,26.84548,8.392738,-2.2670085,0.9416666666666667
-0.0998936,-0.0040805265,-0.07895053,-0.14090125,-0.118889086,0.09083756,0.028664231,-0.076632716,0.02013912,54.01289,30.617249,9.5671835,1.5996596,0.9430555555555555
-0.123404756,-0.054323733,-0.01939769,-0.015544102,-0.036282174,0.026013114,-0.027607918,-0.13073167,0.008771677,61.303165,31.290033,16.78206,2.711056,0.9444444444444444
0.40728843,-0.11405118,-0.1589621,0.30518115,-0.15964308,0.04034257,0.19706099,0.09251731,0.08583922,55.25156,12.522699,19.161835,-0.24492545,0.9458333333333333
-0.14287305,-0.0001655221,-0.016628899,0.007894687,-0.033012472,0.042647086,-0.038187608,-0.14096928,0.0127785355,60.532288,31.805561,17.046467,3.0377522,0.9472222222222222
-0.06348683,0.09383176,0.014797442,-0.0069121793,-0.06466959,0.058634903,-0.038849376,-0.124702044,0.022763442,55.91391,31.04958,17.034605,2.7612875,0.9486111111111111
-0.08914101,-0.03450799,0.030066311,0.01681745,-0.069049515,0.08269596,-0.028987393,-0.116771944,0.002559211,60.384518,31.207577,16.954947,2.326305,0.95
-0.09937118,-0.098448515,0.03217563,0.027426012,-0.0566744,-0.01553477,-0.090628974,-0.11705323,0.012009405,64.73069,32.04902,16.63334,2.6017315,0.9513888888888888
-0.061061755,0.0303621,-0.0075007677,0.018522844,0.011320345,0.033804946,-0.017297313,-0.09467139,-0.0002887901,60.038563,31.155224,16.667831,1.9686135,0.9527777777777777
-0.09510736,-0.09770639,0.0018872172,0.0041880086,-0.045308568,0.004273571,-0.0966225,-0.111806534,0.008585498,65.269585,32.300564,16.717085,2.698808,0.9541666666666667
0.04972695,-0.055123642,0.025229909,-0.020791516,-0.0661711,-0.012349378,-0.0009624213,-0.15227714,-0.03435542,61.97426,29.522402,12.305933,-0.047857076,0.9555555555555556
-0.035763964,0.04089205,0.024299376,-0.0066193864,-0.05890637,0.054400947,0.030213565,-0.068631895,0.0015018918,55.440033,25.649836,14.652321,-3.4398446,0.9569444444444445
-0.040020317,0.052016653,0.013782017,-0.034905925,-0.051218845,0.028896455,-0.0009863675,-0.04336965,-0.026285851,55.466328,26.108725,14.950474,-4.0142145,0.9583333333333334
-0.022722527,-0.060137123,-0.036873735,0.1134816,0.08120549,0.087925725,-0.063716665,-0.088888936,-0.042309538,56.561016,14.8696785,10.041628,-2.6927788,0.9597222222222223
0.035262473,0.113371424,0.04729706,-0.26194274,-0.14130348,-0.05715238,0.05589652,0.010001749,0.030505054,52.208492,18.365131,11.330931,-2.1873655,0.9611111111111111
-0.13866258,0.08614731,0.049218018,0.0772596,-0.035265826,-0.018695455,-0.052453414,-0.054120637,-0.010310547,60.65287,30.809744,16.456995,1.8999652,0.9625
-0.06927219,0.02248466,-0.021069124,-0.0052072257,0.03366167,-0.01714832,0.18107499,-0.11053883,0.018644325,52.20125,32.023106,16.874811,2.5331125,0.9638888888888889
0.012836926,0.010461941,0.009493187,-0.14660786,-0.14405468,0.031432863,0.07478368,0.09660317,0.038669802,1.8811295,31.036058,17.977085,1.3036022,0.9652777777777778
0.1573399,0.074436076,0.09012334,-0.1840706,-0.23143485,0.0830913,0.14369316,0.109268464,0.050009236,9.614918,31.160086,17.348358,2.2134378,0.9666666666666667
0.08509436,0.041721404,-0.042745598,-0.15735461,-0.084105484,0.041760586,-0.012497902,0.09000056,0.117845446,28.477768,30.174427,17.859905,2.884127,0.9680555555555556
0.0026770458,0.0007120073,-0.11735072,-0.10112175,-0.06478702,0.026911676,-0.017931268,0.009689081,0.17675401,35.461937,30.027874,17.695442,2.6880562,0.9694444444444444
-0.001433365,0.04094214,-0.1022047,-0.103155166,-0.09366598,0.07647298,-0.11426592,-0.08979013,0.14035939,39.640247,29.040167,15.766807,1.7178661,0.9708333333333333
-0.017019138,0.08066718,0.021936193,-0.14677332,-0.13956165,-0.0007962547,-0.08974931,-0.022705771,0.08210447,40.09386,29.270689,15.94142,0.59084487,0.9722222222222222
0.07626181,0.01230377,-0.07511597,-0.1759931,0.038693927,0.13381927,-0.105260074,0.09195751,0.100982904,42.102833,28.477474,15.196222,2.5456195,0.9736111111111111
0.044875592,0.050556935,0.024077743,0.13598302,-0.19175082,-0.19758268,0.028995812,0.02753225,-0.010204025,43.531994,6.7292256,6.499601,-1.6138581,0.975
-0.026817068,0.064812645,-0.017877966,0.05641222,-0.088269375,0.07449791,-0.072782055,-0.04899373,-0.0476547,40.741085,27.426394,14.054327,-2.3889365,0.9763888888888889
0.013349503,-0.020649478,0.07968011,-0.07506573,0.006629899,0.04579131,0.030939609,0.022027276,0.0040687826,45.66935,26.199995,14.624175,-2.9718175,0.9777777777777777
0.0363317,0.041995533,-0.014674105,0.006766796,-0.08468925,0.09084775,-0.0045900047,-0.08494801,0.01986349,34.73581,26.523264,15.5427065,-3.088248,0.9791666666666666
-0.15257704,0.029793598,-0.099532746,-0.13957094,-0.09974443,0.011146843,-0.11533983,-0.04479851,0.02956517,58.870205,30.328297,9.730556,0.9518285,0.9805555555555555
-0.09687781,0.034528196,0.008361399,0.038363203,-0.0041041523,0.06032881,-0.020372674,-0.12586433,0.022290453,59.82462,30.972792,17.190624,2.2950795,0.9819444444444444
-0.030130044,0.047950573,-0.011488862,-0.018188104,-0.014545903,0.053052172,0.0018049031,-0.08143019,0.05685509,57.45624,30.816061,17.2041,2.3845286,0.9833333333333333
-0.06379762,-0.014142901,-0.05606977,0.05329262,0.0010546073,0.03975954,-0.06490762,-0.2207821,-0.0022749845,60.14927,31.131859,16.70853,2.435061,0.9847222222222223
0.008311838,0.040681332,0.0116184205,-0.038498282,-0.07324832,0.015869342,-0.047709607,-0.08786031,0.057382323,55.97661,30.714771,16.747705,2.692374,0.9861111111111112
-0.09855354,-0.01716724,-0.015060984,0.017077856,0.0389185,0.06939313,0.028509751,-0.03671442,-0.022669049,61.07025,31.748716,16.770184,2.421703,0.9875
-0.20225477,-0.15738493,0.0011808574,-0.19602312,-0.12793621,-0.16026585,-0.34789303,-0.02160529,0.08170168,60.787735,18.156864,17.209784,2.3241348,0.9888888888888889
0.055074804,-0.0779022,0.016493455,0.044241577,0.15211214,0.26461214,-0.08366322,-0.21253854,-0.07867324,62.07728,26.28148,15.010966,2.2099535,0.9902777777777778
-0.11314951,-0.12691286,0.003393434,-0.02134727,-0.06881557,-0.009761762,-0.08381638,-0.10027794,0.0074249543,65.47054,32.385925,16.603628,2.7294106,0.9916666666666667
-0.0013319924,-0.09139231,-0.0326455,-0.047832116,-0.09569738,-0.015335511,-0.04864113,-0.09042779,-0.008971157,61.43359,29.575611,12.675124,0.26050642,0.9930555555555556
-0.024706021,0.05288741,0.00570067,-0.0488268,-0.057909764,0.02367716,-0.007830754,-0.072678484,-0.020704295,55.26429,26.060627,15.2160015,-3.7730312,0.9944444444444445
-0.050892085,0.044185847,0.018870585,-0.045450553,-0.05305312,0.033271838,0.010393456,-0.016757168,-0.014544168,55.419273,26.038746,15.1281595,-3.8983574,0.9958333333333333
-0.01260291,0.043097407,0.003922127,-0.048564553,-0.057225145,0.028129939,-0.00973101,-0.04137689,0.009641983,55.419453,26.060827,15.167543,-4.018424,0.9972222222222222
-0.034471616,0.06031379,-0.006672673,-0.031348497,-0.05821114,0.06040025,0.0014017522,-0.08988511,0.0074545667,55.58523,25.86425,15.716963,-3.8446681,0.9986111111111111
